"logFC","logCPM","F","PValue","FDR","gene","defining_C3_gene","FDR_nondefining"
-4.01707972546202,2.36180940964869,552.530643729163,2.82537190674897e-12,1.60964399409261e-08,"CD1C",FALSE,2.22582798813684e-08
1.39540258751193,7.87167941150429,522.727259870773,4.06065588822556e-12,1.60964399409261e-08,"CFD",TRUE,
2.79116777212056,5.11306356300354,450.384524652911,6.01092369409784e-11,1.58848676822692e-07,"FOLR2",TRUE,
-1.13886165587601,8.46873946810053,324.721363249972,8.94259723931694e-11,1.77242277283262e-07,"EZR",FALSE,2.71295661282186e-07
2.06692698267564,4.50568894033116,309.571220695953,1.21643784378475e-10,1.9287838451051e-07,"C2",FALSE,2.71295661282186e-07
1.02219913034427,5.53918893423906,297.982307481254,1.55460578048073e-10,2.05415243794187e-07,"GAS6",FALSE,2.71295661282186e-07
0.914250005714483,8.43081478418374,281.618429896897,2.23367910212075e-10,2.18414013977676e-07,"CD68",FALSE,2.71295661282186e-07
1.38522462765905,5.27601282123025,280.289395581492,2.30243148830586e-10,2.18414013977676e-07,"FUCA1",FALSE,2.71295661282186e-07
-3.57476881003506,3.06773665366805,300.713014057358,2.61929168507057e-10,2.18414013977676e-07,"SLC38A1",FALSE,2.71295661282186e-07
-4.08588382101387,1.47491389680175,272.544834497315,2.75496990385566e-10,2.18414013977676e-07,"TACSTD2",FALSE,2.71295661282186e-07
1.62630074016204,9.32465945270717,352.609309847705,3.46296500082114e-10,2.49585332059182e-07,"CTSD",FALSE,3.03124869738544e-07
1.15474612125434,6.23052409653107,249.919817585141,4.79222350375265e-10,3.09646884893741e-07,"PLD3",FALSE,3.63638382596867e-07
-0.787714041652977,9.29185619148812,247.663017867814,5.07745901061886e-10,3.09646884893741e-07,"CREM",FALSE,3.63638382596867e-07
-3.90130043261394,5.03860458418561,489.085437780313,6.4005246260513e-10,3.62452565966676e-07,"AKR1C3",FALSE,4.20194441700268e-07
-1.67144716137229,5.76069840641146,299.524092948441,8.83043506091952e-10,4.66717927753133e-07,"RUNX3",FALSE,5.35124364691723e-07
1.04639800961658,6.53705319055495,222.528615627632,1.00234862645807e-09,4.96663744409972e-07,"GYPC",FALSE,5.64035891374046e-07
-2.51465423134185,2.99348651789413,216.853586522552,1.18053392601479e-09,5.50545468555605e-07,"GPR157",FALSE,6.2001641794297e-07
1.4978590542866,7.33084878642848,281.081845789543,1.29873286722997e-09,5.72019676188844e-07,"FCGR1A",TRUE,
1.11820683247646,6.214811497306,212.296551634583,1.59398385363543e-09,6.65110736401143e-07,"CTSA",FALSE,7.84837799933746e-07
0.620472621508697,9.1256548555026,199.108741933787,2.02390238544731e-09,7.7805542316741e-07,"FCGRT",FALSE,9.27778096424751e-07
1.1530150393744,7.44761001318521,220.696470169275,2.16481686334336e-09,7.7805542316741e-07,"LILRB4",TRUE,
-3.43329849564469,4.46539381296931,346.617030417701,2.21105627102975e-09,7.7805542316741e-07,"SPIB",FALSE,9.27778096424751e-07
0.890891293071189,4.97204355642065,194.409851191604,2.35221016155401e-09,7.7805542316741e-07,"DSC2",FALSE,9.27778096424751e-07
1.16760888819232,4.45592822235694,194.368434712612,2.35536455045634e-09,7.7805542316741e-07,"TSPAN4",FALSE,9.27778096424751e-07
-1.14538215580274,7.26420600425601,213.114939145477,3.32266016735672e-09,1.05368199227216e-06,"STK17B",FALSE,1.24647222849696e-06
1.40026572287119,4.04230857912519,180.46623224569,3.75248452354822e-09,1.14421912702655e-06,"ACP2",FALSE,1.34193803623745e-06
0.871849478172084,5.77040056305852,179.124848838361,3.93187986611651e-09,1.15451642883599e-06,"ADORA3",FALSE,1.34193803623745e-06
-1.5570076010011,3.77073780196615,177.887520677147,4.10614821290351e-09,1.16262653685354e-06,"SULF2",FALSE,1.34193803623745e-06
-1.98502063746866,2.31078482525528,176.854279732722,4.25849846483071e-09,1.16418537341993e-06,"CACNA2D3",FALSE,1.34193803623745e-06
0.925130019444474,7.83799146022917,177.490684612976,4.43960163227069e-09,1.17323872468807e-06,"CPM",FALSE,1.34519929457802e-06
-1.19421197787335,5.11966236868595,177.863473983214,4.78770989529592e-09,1.22441819515826e-06,"RARA",FALSE,1.39694735389412e-06
-1.47803625128307,3.5326279446632,171.913914312081,5.08301731289968e-09,1.2593175392709e-06,"DNAH17",FALSE,1.43014322825084e-06
0.770122674036509,13.6878591877462,169.72360264037,5.50631760292569e-09,1.3228510895756e-06,"FTL",FALSE,1.49581965778788e-06
0.830403564222038,10.2216092593039,159.993436201938,7.9508751684596e-09,1.85395700986905e-06,"PSAP",FALSE,2.08789981923749e-06
-1.06540824946385,5.76702785226919,168.242601188266,9.72177581319149e-09,2.09786637031239e-06,"PDE4A",FALSE,2.32287970069021e-06
-0.5178729458435,8.46819259032416,154.614254542349,9.82954142671372e-09,2.09786637031239e-06,"OGFRL1",FALSE,2.32287970069021e-06
-0.820723841362064,5.07216910030641,154.064243501476,1.00489078017316e-08,2.09786637031239e-06,"SPN",FALSE,2.32287970069021e-06
-1.0389836230009,5.07393880586013,153.80041169014,1.0156128204347e-08,2.09786637031239e-06,"PLP2",FALSE,2.32287970069021e-06
-0.892794847383771,5.12989511273554,153.403357114305,1.03199783605176e-08,2.09786637031239e-06,"DIAPH1",FALSE,2.32287970069021e-06
0.517729889375351,9.88637638222046,152.16366149015,1.08514509238357e-08,2.15075757310423e-06,"HLA-E",FALSE,2.37465917716604e-06
0.725416185269136,6.10687341328653,150.193478940082,1.17621871456404e-08,2.27440535830822e-06,"ABI3",FALSE,2.50439217117176e-06
0.672400041056696,6.87276061888268,148.673492030256,1.25251146072782e-08,2.36426449063099e-06,"ISCU",FALSE,2.59665402305625e-06
1.38315765286652,4.48653127125722,147.74720609952,1.30179066279498e-08,2.38936073129153e-06,"ABCC3",TRUE,
1.05183178106675,7.73678969413041,172.790427931788,1.32608315056543e-08,2.38936073129153e-06,"MS4A4A",FALSE,2.67868796414216e-06
-0.801912114716694,7.20304458948904,145.764515199624,1.41495472472162e-08,2.49283579057623e-06,"JOSD1",FALSE,2.78675333033924e-06
-4.35536424525295,0.481124194503276,145.059994788973,1.45785915599287e-08,2.51258856276336e-06,"CLNK",FALSE,2.80122303192971e-06
-0.79796505595864,6.54114681357594,143.149299169956,1.58195257417001e-08,2.66845106553614e-06,"PAK1",FALSE,2.96729104269318e-06
-0.927535353240603,6.42032007224201,151.831069162367,1.74527697509482e-08,2.88261580386494e-06,"MALT1",FALSE,3.19750976972023e-06
0.929135165696346,5.00887333760179,138.608652624379,1.92878653408204e-08,3.12069788616376e-06,"IDH1",FALSE,3.45340461715871e-06
0.931690874703036,4.5968970393456,137.783364126887,2.00082605126918e-08,3.17250978689241e-06,"RENBP",FALSE,3.50277947375524e-06
-3.20199772896261,0.221563139551341,136.210546024868,2.14685657740945e-08,3.30014379211353e-06,"SDK2",FALSE,3.61395614327571e-06
0.556041923639168,6.76472569870397,135.519633646157,2.2148526617778e-08,3.30014379211353e-06,"BCAP31",FALSE,3.61395614327571e-06
1.00039186782598,4.02295824609097,135.228237172317,2.24427028223255e-08,3.30014379211353e-06,"GLMP",FALSE,3.61395614327571e-06
-1.02153901531607,7.22402801123897,158.127513095421,2.24782750724181e-08,3.30014379211353e-06,"PPA1",FALSE,3.61395614327571e-06
-0.672801154799231,6.58204928931497,133.441589938092,2.434775229566e-08,3.50961782181805e-06,"SLC7A5",FALSE,3.83623185170419e-06
0.858443525083109,6.02596695682881,132.847859369901,2.5021507838601e-08,3.54233060972194e-06,"FCGR1B",FALSE,3.86508703436272e-06
-0.709666723397833,6.70205037253884,132.030416015276,2.59844988174251e-08,3.61412467762362e-06,"RASSF5",FALSE,3.93665157083991e-06
-1.05385839961592,6.38727957866126,156.460472662006,2.81782086672657e-08,3.85166962610487e-06,"ETV3",FALSE,4.18845146944753e-06
0.752028417079919,6.57530972597117,129.826053654075,2.88010893953727e-08,3.8601838306171e-06,"CD300A",TRUE,
-1.23240076891585,3.31282885088148,128.781359668444,3.02575099548518e-08,3.8601838306171e-06,"ANTXR2",FALSE,4.23961105588209e-06
-0.743129568490466,8.80498857953534,128.757277891303,3.02920673953653e-08,3.8601838306171e-06,"LRRFIP1",FALSE,4.23961105588209e-06
0.563440451610552,7.5155154521182,128.754594527306,3.02959208412929e-08,3.8601838306171e-06,"TIMP2",FALSE,4.23961105588209e-06
-2.82818238369797,2.85240879255063,153.5919313169,3.06750228719573e-08,3.8601838306171e-06,"IL18R1",FALSE,4.23961105588209e-06
1.6301467979368,3.86317189665378,125.758845719997,3.49721960348355e-08,4.33218078381524e-06,"SDC3",FALSE,4.7501889717661e-06
-2.81391781885284,0.675633291791039,125.021330940577,3.6247437108823e-08,4.36041916261271e-06,"ADAM19",FALSE,4.75487773870323e-06
0.536735266718431,6.55213282042653,124.991484413677,3.63001595273006e-08,4.36041916261271e-06,"LY96",FALSE,4.75487773870323e-06
0.887658703607985,5.02303350618877,124.427947201466,3.73123566681641e-08,4.37490828998678e-06,"DNPH1",FALSE,4.75487773870323e-06
0.774655259168292,5.12407644909474,123.807122014068,3.84652130702162e-08,4.37490828998678e-06,"SERPING1",FALSE,4.75487773870323e-06
-1.7330957172366,3.43070752838712,123.754552238167,3.85647000035724e-08,4.37490828998678e-06,"ACAP1",FALSE,4.75487773870323e-06
0.82985333827564,6.72997811874998,126.875790880705,3.86281004413565e-08,4.37490828998678e-06,"GAA",FALSE,4.75487773870323e-06
-1.00676662914168,6.13522659346693,142.234220978689,4.06163177069091e-08,4.52567863861981e-06,"CYTIP",FALSE,4.90596683538852e-06
-2.334544958776,1.47016724305112,122.464645856124,4.11010168996754e-08,4.52567863861981e-06,"BANK1",FALSE,4.90596683538852e-06
1.62251777798918,3.66498657771356,122.073873260473,4.19068589042891e-08,4.55119969031786e-06,"ANOS1",FALSE,4.92749603653715e-06
0.670327882336236,7.01691472317448,121.177080271671,4.38258342768912e-08,4.66150628227157e-06,"SERPINF1",FALSE,5.01811621670619e-06
0.504710291398145,7.04175158902052,120.745928569341,4.47842545451956e-08,4.66150628227157e-06,"DPP7",FALSE,5.01811621670619e-06
1.09354374335348,4.41661759471762,120.566789248693,4.51895376949739e-08,4.66150628227157e-06,"TBC1D16",FALSE,5.01811621670619e-06
0.628484645045658,9.69676187545342,120.453230862735,4.54486343324142e-08,4.66150628227157e-06,"CD63",FALSE,5.01811621670619e-06
0.658976854038477,9.7666677220848,120.27339670521,4.58624482867283e-08,4.66150628227157e-06,"CTSB",FALSE,5.01811621670619e-06
0.858081259257964,4.42907155862953,119.531679159228,4.76156070507269e-08,4.77843712276156e-06,"MGLL",FALSE,5.13857194994009e-06
0.72341229035594,8.3758057946034,117.444940660222,5.29762945649771e-08,5.19280663007404e-06,"ASAH1",FALSE,5.57286138777259e-06
-0.714073827092384,6.47807063460047,117.416261282688,5.30546590610491e-08,5.19280663007404e-06,"SIPA1L1",FALSE,5.57286138777259e-06
0.875298149880558,6.22628278119919,124.773386959524,5.41993269536817e-08,5.2401495620584e-06,"CD59",FALSE,5.61818812817243e-06
-1.9589346608922,3.40191302870956,129.939383945571,5.49349537498979e-08,5.24728088348422e-06,"IRF4",FALSE,5.62048786547657e-06
-0.712772167677191,4.91728339322544,113.768325173106,6.42031899824224e-08,6.01496999127941e-06,"MIR181A1HG",FALSE,6.43098704042144e-06
-0.708135127279443,7.18656752904998,113.684469712277,6.44894613091259e-08,6.01496999127941e-06,"PSTPIP2",FALSE,6.43098704042144e-06
-0.470683716408583,8.5684130419571,112.368129991212,6.91812868617078e-08,6.37754932836767e-06,"RILPL2",FALSE,6.81262722370667e-06
-4.05226553922276,1.35243010789635,131.139800446194,7.44545896235028e-08,6.78478145442679e-06,"DNASE1L3",FALSE,7.24139823523402e-06
1.19273565756831,7.58629818456054,155.326001447035,7.59617053083485e-08,6.84345908732486e-06,"HMOX1",TRUE,
0.625402531148413,6.05074389780109,110.159978797122,7.79618871199755e-08,6.94473978749625e-06,"PTAFR",FALSE,7.4900456918435e-06
0.5043458865684,5.78311621011686,109.549486548061,8.06110586945197e-08,7.10093859255725e-06,"MSRB2",FALSE,7.65125205295694e-06
-0.599797811912642,5.69418377195952,109.269754795223,8.18593992418316e-08,7.12703329064369e-06,"MZT2A",FALSE,7.65190771075739e-06
0.485896569861676,7.44748605338349,108.763075318634,8.4177544500611e-08,7.12703329064369e-06,"ATP6AP2",FALSE,7.65190771075739e-06
-0.540786867287028,8.91762241287649,108.761540564153,8.41846799957346e-08,7.12703329064369e-06,"AKAP13",FALSE,7.65190771075739e-06
-0.640825838854791,4.39401142782896,108.693189354419,8.45031696922941e-08,7.12703329064369e-06,"LINC01970",FALSE,7.65190771075739e-06
-1.60046283700691,4.56733531689896,138.003423113432,9.31309907747151e-08,7.7006422819211e-06,"HES4",FALSE,8.3373402877637e-06
0.910462814695329,4.94598878100831,106.924475378219,9.32469297508105e-08,7.7006422819211e-06,"CCL5",TRUE,
-1.49579821913395,3.51401303375334,106.033749979423,9.80415122677145e-08,8.01312483771588e-06,"SEL1L3",FALSE,8.67832622073096e-06
0.939426557904612,5.53219248338249,111.400258822116,9.9283638553748e-08,8.0318437393277e-06,"HOMER3",FALSE,8.69062782807141e-06
0.666933759194148,4.7848591466986,105.302187415069,1.0219210414375e-07,8.16441255048873e-06,"TRIM14",FALSE,8.81839299246894e-06
0.595661553013007,6.69013897418807,105.166835044872,1.02981994834621e-07,8.16441255048873e-06,"LAMP2",FALSE,8.81839299246894e-06
1.10695137106389,4.35628407638896,104.84121938793,1.04911145841387e-07,8.23500558644073e-06,"EPHX1",FALSE,8.88698932191876e-06
-0.521414838179256,6.79459573522917,104.411748273099,1.07519475101822e-07,8.34960124413166e-06,"STK38L",FALSE,8.99563218430444e-06
-0.963655308377921,5.76064730515922,119.782228402586,1.0847741273279e-07,8.34960124413166e-06,"GZF1",FALSE,8.99563218430444e-06
-0.546837774664214,5.64225617468192,103.876205497214,1.10877119455793e-07,8.45224810620697e-06,"EDEM1",FALSE,9.098853615341e-06
-1.08797304142103,7.69866916254319,139.740612815223,1.13728561546053e-07,8.55809650183926e-06,"INSIG1",FALSE,9.19833672645378e-06
-0.667818825589173,5.7461276044842,103.330269813766,1.14424600049819e-07,8.55809650183926e-06,"AGO2",FALSE,9.19833672645378e-06
0.463166119021537,6.46568418925646,103.009885961146,1.16567144251807e-07,8.63686280026471e-06,"UNC93B1",FALSE,9.27591881228014e-06
-2.9374347799496,3.99490767978089,174.38671244795,1.20607467622217e-07,8.852612896881e-06,"AFF3",FALSE,9.49355636343117e-06
-0.622550171070079,7.89322125841504,102.267385309022,1.2171226106963e-07,8.852612896881e-06,"CHD1",FALSE,9.49355636343117e-06
0.690477253179971,8.15839503630631,102.337343131142,1.27145400150326e-07,9.08039425973733e-06,"CPVL",TRUE,
-0.895615169259787,4.91555528893378,101.478108755838,1.27469995610429e-07,9.08039425973733e-06,"PHLDA2",FALSE,9.81155490379384e-06
-0.923727046601056,7.02271102528388,119.929605777144,1.28280039996289e-07,9.08039425973733e-06,"TES",FALSE,9.81155490379384e-06
-0.523211592507654,8.01765148747496,101.200042518349,1.29572607788999e-07,9.0907224296565e-06,"JMJD1C",FALSE,9.81512504001668e-06
-1.20213527853918,5.36261839642002,124.219393727441,1.35899243146735e-07,9.45095789181855e-06,"CLEC9A",FALSE,1.01963260715236e-05
0.472962794768743,6.19824728169252,100.197550320049,1.3749105537108e-07,9.47851379984281e-06,"MBD4",FALSE,1.02184390020129e-05
0.569344519370469,5.17145416162723,99.7744235682961,1.40999175781128e-07,9.52990555531668e-06,"GDE1",FALSE,1.02446047608125e-05
-0.433716951752236,6.90668984773017,99.6541096251473,1.42015404580392e-07,9.52990555531668e-06,"TOB2",FALSE,1.02446047608125e-05
0.819391290509996,4.46361253484987,99.5765373826788,1.42675080781573e-07,9.52990555531668e-06,"SLC35F6",FALSE,1.02446047608125e-05
-0.822487554488742,4.73078819719984,99.5332477572301,1.43044747866131e-07,9.52990555531668e-06,"NETO2",FALSE,1.02446047608125e-05
0.716879217351137,4.6528380152717,99.2532128542124,1.45462848222942e-07,9.61024550592905e-06,"FAH",FALSE,1.03239307954985e-05
-0.691883723235507,5.46517609782487,98.5468803728155,1.51773641240339e-07,9.94430932027613e-06,"HGSNAT",FALSE,1.06756495151017e-05
-0.808976666501941,7.74081616150918,109.88060499925,1.5343495653854e-07,9.9707568478487e-06,"TUBA1A",FALSE,1.06969963505364e-05
0.642199514730223,7.08931098710939,97.7712361107245,1.59069313377099e-07,1.02528578573467e-05,"ADAP2",FALSE,1.099252676127e-05
0.494991955820164,6.16523733462624,97.3508731712017,1.63191289112501e-07,1.04337140329347e-05,"PEPD",FALSE,1.11793128315503e-05
0.613535833367103,6.61336042016914,97.114112658448,1.6556690410504e-07,1.05009153259581e-05,"STOM",FALSE,1.12442764701681e-05
-1.09237301326522,3.64788344080493,96.9514848870134,1.67221720028955e-07,1.05216967967425e-05,"DNMBP",FALSE,1.12595958152829e-05
1.22647556884534,8.5060682398531,142.435195881383,1.82258551836933e-07,1.13573588153149e-05,"FCGR3A",TRUE,
0.5418029499949,6.44385738125494,95.4556659045986,1.8336805352678e-07,1.13573588153149e-05,"ABHD12",FALSE,1.22421485227455e-05
1.6158323281342,3.3444869327746,95.2255793871517,1.86007517553131e-07,1.14315317764436e-05,"KLHDC8B",FALSE,1.23140102796938e-05
-0.543955077492109,7.11347825925555,94.8940910459574,1.89887390792564e-07,1.15205417756479e-05,"PTPN1",FALSE,1.2393990628696e-05
0.580939762466863,7.67283666089915,94.8540654881033,1.90362130753011e-07,1.15205417756479e-05,"AKR1B1",FALSE,1.2393990628696e-05
-0.689671925705203,6.89904373726502,95.4102743200197,1.92501770342171e-07,1.15617729944904e-05,"BIRC3",FALSE,1.24305651373412e-05
-1.5263013226254,2.60120197432344,94.3276476243064,1.96734645951907e-07,1.17224569352168e-05,"PFKP",FALSE,1.25804082990021e-05
-0.828300100068894,4.39993388385486,94.1285557394923,1.99208397611182e-07,1.17224569352168e-05,"PHLDB1",FALSE,1.25804082990021e-05
-3.60588563246267,0.885555114612078,104.149272446709,1.99612977580003e-07,1.17224569352168e-05,"KRT18",FALSE,1.25804082990021e-05
-0.911757533515374,4.38831974684742,93.5274959519581,2.06896416665332e-07,1.20608440538437e-05,"DENND1B",FALSE,1.29359521467419e-05
0.790335518739085,6.20643887787989,99.2896184878801,2.09223833760363e-07,1.21074930952713e-05,"GADD45G",FALSE,1.29784674201901e-05
0.528052257595881,6.61742011780173,92.5871488904868,2.19618886460939e-07,1.25858635268241e-05,"ITGAV",FALSE,1.34759826501894e-05
-0.945823116497948,4.45180175716748,92.5126023535624,2.20665367082309e-07,1.25858635268241e-05,"ADD3",FALSE,1.34759826501894e-05
-0.969196522662913,4.74950180556938,93.934863455141,2.24647728526551e-07,1.26982781000106e-05,"PDE7A",FALSE,1.35814139439455e-05
1.076941451225,4.11506114934846,92.1498837451597,2.25839708892722e-07,1.26982781000106e-05,"SLC7A8",FALSE,1.35814139439455e-05
-0.636317748116819,5.21539562179058,91.851508848863,2.30200897820641e-07,1.2852343083958e-05,"ARHGAP5",FALSE,1.37388081290228e-05
-0.675216193918025,5.09633955538101,90.8236203165976,2.45983841719417e-07,1.36374817982625e-05,"LATS2",FALSE,1.45288813126131e-05
-0.661076059483858,5.03171182594341,90.3628870882378,2.53459622868951e-07,1.36463535131553e-05,"OXSR1",FALSE,1.45288813126131e-05
-0.483411361607466,9.20531370841969,90.3333439101956,2.53947827948072e-07,1.36463535131553e-05,"NFE2L2",FALSE,1.45288813126131e-05
1.1483254586466,4.14238604759732,90.2527642122675,2.55284923332276e-07,1.36463535131553e-05,"CMKLR1",FALSE,1.45288813126131e-05
-0.48066214256022,7.12720812684496,90.2491483394098,2.55345112613828e-07,1.36463535131553e-05,"CLK1",FALSE,1.45288813126131e-05
-0.397823799198912,8.67446783939756,90.1941433778838,2.56262731634428e-07,1.36463535131553e-05,"PHACTR1",FALSE,1.45288813126131e-05
0.36399598610112,10.9348723049965,90.0906204936758,2.58000050597674e-07,1.36463535131553e-05,"TYROBP",FALSE,1.45288813126131e-05
0.5812202227668,7.51515352662945,90.0791805983021,2.58192864149002e-07,1.36463535131553e-05,"DHRS7",FALSE,1.45288813126131e-05
-0.638617165968694,6.04911167345187,89.8567570053948,2.61974820601875e-07,1.37545455478918e-05,"REV3L",FALSE,1.46371463595856e-05
0.454277233691632,9.89802279983272,89.6964731497551,2.64739688304329e-07,1.38082647952416e-05,"FCER1G",FALSE,1.46874596088838e-05
-1.54720212030238,3.36118131917893,91.7504959708459,2.68932767088664e-07,1.39160009969385e-05,"IL1R1",FALSE,1.47885302807716e-05
-3.02965650679607,2.55429667518563,115.634907474561,2.70315861948604e-07,1.39160009969385e-05,"P2RY14",FALSE,1.47885302807716e-05
2.97679542884679,3.58236628739912,111.458673046597,2.86357776750802e-07,1.46467384134217e-05,"IL2RA",TRUE,
-3.86188064742716,2.76776367906037,134.444080751452,2.9616531216349e-07,1.49237863663029e-05,"CD1E",FALSE,1.59393684838805e-05
0.435726125437818,9.28025207900336,87.9793539937114,2.96564733040156e-07,1.49237863663029e-05,"ALOX5AP",FALSE,1.59393684838805e-05
-0.581272396162463,5.97491888595079,87.9360924150795,2.9742157490866e-07,1.49237863663029e-05,"MAP2K1",FALSE,1.59393684838805e-05
0.645545580772009,10.253198436806,89.4127200976391,2.99511741760622e-07,1.49341452118127e-05,"CD81",FALSE,1.59429290647985e-05
-1.96410507760334,3.41218929433065,101.597854849632,3.23895718344396e-07,1.60490328439648e-05,"BCL11A",FALSE,1.71251709336722e-05
-0.683217515663589,5.3027573330969,86.219655418132,3.33830685523071e-07,1.64385694088628e-05,"BCL2L11",FALSE,1.75327876036717e-05
0.78753143737554,6.16651396554377,92.1781111187719,3.40397414383542e-07,1.66584611187205e-05,"DNASE2",FALSE,1.77592770232685e-05
0.488413733484398,6.62335264414923,85.7569891101308,3.44504417276606e-07,1.67560185286437e-05,"ATOX1",FALSE,1.78553013112178e-05
1.18698438928545,3.47639653525695,85.4526063698312,3.51740510567507e-07,1.70036510230439e-05,"EPHB2",FALSE,1.81111878578485e-05
0.634530455065082,4.38029351361023,85.0156250707437,3.62436527168529e-07,1.74145259841945e-05,"MRPL17",FALSE,1.85407465002186e-05
-0.499256441976696,5.35531171683606,84.6950656531208,3.70520880734947e-07,1.76957201353413e-05,"SDE2",FALSE,1.88320225705156e-05
1.30870281528512,7.08622586639702,129.600467368626,3.76622365165445e-07,1.78794138385128e-05,"LIPA",FALSE,1.9019429440855e-05
1.2299749638818,7.45912728803815,123.4535815308,3.92068580741644e-07,1.84367731493499e-05,"TMEM176B",FALSE,1.95959744577205e-05
-0.848533207874067,6.52807523789288,98.3141045742953,3.93013958405667e-07,1.84367731493499e-05,"CYTOR",FALSE,1.95959744577205e-05
-0.597239302156239,7.42268978538663,83.5845893196572,4.00173851633277e-07,1.86622252691095e-05,"STK4",FALSE,1.98274817809243e-05
-1.82806994274795,1.72095829834724,83.3521035535297,4.06722110588411e-07,1.88566835833036e-05,"CTLA4",FALSE,2.00259799200969e-05
0.907128117427131,5.72475462152466,93.1363640228885,4.19147295918989e-07,1.93197660584055e-05,"PIK3IP1",FALSE,2.05095801071416e-05
0.722138980512976,9.42470253898251,90.3733244095173,4.29895307290272e-07,1.97006358161692e-05,"C3",FALSE,2.09056495730417e-05
-0.671377310257405,6.20380218157779,82.9826591407635,4.39391727362682e-07,1.99957040953701e-05,"INSR",FALSE,2.11942357031047e-05
0.654596244817161,6.18031947545849,82.1233525474845,4.43446332229346e-07,1.99957040953701e-05,"SCARB2",FALSE,2.11942357031047e-05
-0.812300654430423,7.33343303068953,95.5240196951266,4.43900595457257e-07,1.99957040953701e-05,"LCP1",FALSE,2.11942357031047e-05
-1.48309506450852,2.61844469555676,81.842499419789,4.52366944488788e-07,2.02619499203792e-05,"SGMS2",FALSE,2.14683541486908e-05
-0.532619483183091,8.87940277267033,81.6185072061065,4.59629570640744e-07,2.04715912137068e-05,"NR4A3",FALSE,2.16824057335795e-05
-0.732585091288741,4.83073437639702,81.3226682387256,4.69428110330734e-07,2.07912070318551e-05,"RAC2",FALSE,2.20128253165805e-05
-1.1791372148015,7.5141751156277,121.244933225907,4.78127831977612e-07,2.09438325073625e-05,"C15orf48",FALSE,2.22467029522642e-05
0.687461074175975,6.91565987171492,84.745057468394,4.80063404656627e-07,2.09438325073625e-05,"LAMP1",FALSE,2.22467029522642e-05
0.951938026176133,7.58687267245904,104.296831179454,4.80799383998483e-07,2.09438325073625e-05,"SLC11A1",TRUE,
0.921013290929522,5.18561486415414,85.7453862764951,4.91080966411445e-07,2.12748082060652e-05,"ABCG1",TRUE,
-0.519053170262155,7.11140866551997,80.4376980710898,5.00204391325354e-07,2.14233910834871e-05,"OSBPL8",FALSE,2.28879761362103e-05
1.10751204741974,3.74577229928085,80.4113160228208,5.01156862573156e-07,2.14233910834871e-05,"SLC38A6",FALSE,2.28879761362103e-05
-0.742065756814077,7.20741580525538,89.0025163368744,5.02617399284638e-07,2.14233910834871e-05,"FOSL2",FALSE,2.28879761362103e-05
0.61208041306351,6.79037839527348,79.7337736387895,5.26347548126077e-07,2.23148842863291e-05,"CADM1",FALSE,2.38308389892945e-05
0.427286722620595,5.63991911639086,79.6509059223293,5.29527300712414e-07,2.23302789364256e-05,"TMEM35B",FALSE,2.3837806142928e-05
0.41810604857961,6.6521404283623,79.1531539995641,5.490980291398e-07,2.30117507066686e-05,"TMED9",FALSE,2.45460904444775e-05
-1.03975650167203,3.06393681314909,79.0936570750033,5.51492511890394e-07,2.30117507066686e-05,"RGS13",FALSE,2.45460904444775e-05
-0.593465654214316,5.90324031017887,79.0011156945956,5.55240781529007e-07,2.30468529631517e-05,"FAM49A",FALSE,2.45740835780085e-05
0.557512383177778,8.06930333100432,78.6128221707736,5.71290715198809e-07,2.35895457817508e-05,"C3AR1",FALSE,2.51431746052303e-05
-1.03508072966219,3.94874369481594,78.4545838226932,5.77983923811166e-07,2.37422619066058e-05,"IL2RG",FALSE,2.52964297321354e-05
0.921732511264897,4.67100437781916,78.3031100146876,5.84475585859114e-07,2.38851672406755e-05,"NRP1",FALSE,2.54392191458458e-05
0.706949276325529,5.86108610654211,78.907443074682,6.52748993894013e-07,2.6538430890214e-05,"GNPDA1",FALSE,2.82547064499837e-05
0.878576402734167,5.05174092929375,78.5712941136847,6.71428674289065e-07,2.71586047436924e-05,"HGF",FALSE,2.89044540767719e-05
0.425577996645569,5.25625501740769,76.0162430923608,6.93427028613184e-07,2.77770350487097e-05,"CREB3L2",FALSE,2.95310136257454e-05
-2.62952061128592,2.92505598262305,101.906838175896,6.95470846840451e-07,2.77770350487097e-05,"CLEC10A",FALSE,2.95310136257454e-05
-2.00436677864519,3.43504424377447,94.7492121456528,6.97228806091476e-07,2.77770350487097e-05,"CST7",FALSE,2.95310136257454e-05
0.900414537292438,5.68616937808327,86.847882812311,7.02045951777976e-07,2.7829101528479e-05,"LINC01094",FALSE,2.95760321289139e-05
-0.464079926374392,5.99752903762623,75.2367278060993,7.35774901164899e-07,2.87768866002639e-05,"PPP4R3A",FALSE,3.05315443750002e-05
0.687015175672528,9.28453065013904,81.9219030733287,7.38825223878293e-07,2.87768866002639e-05,"MARCKS",FALSE,3.05315443750002e-05
-2.54897490299223,0.199837888730246,75.1373291554562,7.41385653054597e-07,2.87768866002639e-05,"PPP1R16B",FALSE,3.05315443750002e-05
-3.88183855423855,3.63256602016267,143.091295589673,7.42624900476413e-07,2.87768866002639e-05,"FLT3",FALSE,3.05315443750002e-05
-0.706903710805606,5.86096072385535,78.4155563590254,7.44104661081497e-07,2.87768866002639e-05,"HOMER1",FALSE,3.05315443750002e-05
0.398313354275403,5.69282949130283,74.9730727776154,7.50765584818853e-07,2.88935415361353e-05,"PPCS",FALSE,3.06452397782535e-05
-0.785884817543104,3.92532519781158,74.8330529363091,7.58869317018483e-07,2.90643282382731e-05,"MCOLN2",FALSE,3.08163529869671e-05
0.484602275331191,9.88717962257191,74.4654248136061,7.80629073746703e-07,2.96619579713748e-05,"MS4A7",FALSE,3.14298540974539e-05
-1.64458167831058,2.3905351629462,74.443384462426,7.8195625832711e-07,2.96619579713748e-05,"RETREG1",FALSE,3.14298540974539e-05
-0.644625974141186,7.79734347372573,78.6182704677158,7.94427159126459e-07,2.99915167502598e-05,"TPM4",FALSE,3.17690211147119e-05
-1.01185605277481,5.50981785952817,92.6516075976323,8.25090988366643e-07,3.10015230131315e-05,"LPGAT1",FALSE,3.28286202341031e-05
0.464052320382053,8.85657029302514,73.6599358748123,8.30861670585714e-07,3.10710911528469e-05,"CTSZ",FALSE,3.2892101712936e-05
-0.626077518080047,5.86869692768852,73.5075612091273,8.40776896553538e-07,3.12772647144973e-05,"TRPS1",FALSE,3.30901561591972e-05
-0.442489810616621,9.19227394638018,73.4544441897313,8.44265218075481e-07,3.12772647144973e-05,"RPL4",FALSE,3.30901561591972e-05
0.548504167403512,4.94535492522148,73.1071703848563,8.67485883422986e-07,3.19880375989648e-05,"SMIM30",FALSE,3.38319494534965e-05
-0.774093237311107,4.4099510401412,72.9642067145591,8.77257974449696e-07,3.2082289517294e-05,"SLCO3A1",FALSE,3.39115198980417e-05
2.1496281399577,2.03919329767038,72.9514609600637,8.78135321046014e-07,3.2082289517294e-05,"SELENBP1",FALSE,3.39115198980417e-05
0.430171309299869,6.29732481682303,72.8348856084774,8.86206695925204e-07,3.22286545197019e-05,"TLR4",FALSE,3.40562748804817e-05
-0.712316905048173,7.03822066582537,80.0191606173391,8.90734699556553e-07,3.22454095802938e-05,"CHPT1",FALSE,3.40641163257598e-05
-0.91889346857842,3.59460403846649,72.5783674804486,9.04269528412249e-07,3.25865855511469e-05,"RFTN1",FALSE,3.44146635016024e-05
-1.84516240546327,1.38249909330222,72.3865208667379,9.18055365233594e-07,3.28345751355643e-05,"CCSER1",FALSE,3.46472926521483e-05
0.84265525927765,6.06514454178177,83.6152294673991,9.21037926870426e-07,3.28345751355643e-05,"AP2A2",FALSE,3.46472926521483e-05
1.23621779942901,3.35519211096866,72.3106217339837,9.23575965594204e-07,3.28345751355643e-05,"FAM89A",FALSE,3.46472926521483e-05
0.674515682103262,4.29071748571342,71.9940811249357,9.47015164531284e-07,3.34114472709447e-05,"NMRK1",FALSE,3.52270648522817e-05
-0.561118334502726,5.89754742106144,71.9530156680878,9.50105809544072e-07,3.34114472709447e-05,"RIPK2",FALSE,3.52270648522817e-05
-0.916622707475244,4.35344872526617,72.2999453868954,9.52445393949735e-07,3.34114472709447e-05,"PALM2-AKAP2",FALSE,3.52270648522817e-05
-0.458815174748938,6.52669596480933,71.7695053452174,9.64059520317885e-07,3.36698849210581e-05,"BID",FALSE,3.54900042105808e-05
-0.420599879984985,6.60521481409107,71.4746542546941,9.86975716602385e-07,3.43190503562443e-05,"STK17A",FALSE,3.61646264902027e-05
-0.383648892796349,10.1392867147017,70.670464436708,1.05273068861792e-06,3.64456283814973e-05,"JUND",FALSE,3.83954276154259e-05
0.88569247651266,7.00245286453028,88.3709364973423,1.07539984476552e-06,3.67370056311806e-05,"CREG1",FALSE,3.8662446320549e-05
-0.951778686693606,5.83575114760464,88.8343018092244,1.07645479299746e-06,3.67370056311806e-05,"CLEC5A",FALSE,3.8662446320549e-05
-0.462833022434544,8.18664933449122,70.3812807947515,1.07759690666075e-06,3.67370056311806e-05,"SERPINB9",FALSE,3.8662446320549e-05
-0.670448806253332,5.44319539611594,70.3573763974046,1.07968243088611e-06,3.67370056311806e-05,"RNF139",FALSE,3.8662446320549e-05
0.362023336595643,10.351487638723,70.2810755329866,1.08637036277249e-06,3.68065992994031e-05,"HLA-A",FALSE,3.872590822589e-05
0.434284892203565,6.68866220894283,70.1329570320422,1.09948970292136e-06,3.70925717649384e-05,"AKR1A1",FALSE,3.90170264847498e-05
-1.65578710439458,2.3263405184162,69.8809504870113,1.12223162905324e-06,3.7582639436889e-05,"TESC",FALSE,3.95129941435325e-05
-1.05933300459199,4.56307636007186,78.1484336801766,1.12349716782829e-06,3.7582639436889e-05,"PRKAR2B",FALSE,3.95129941435325e-05
-1.72501506019587,2.18073468392931,69.6357549538489,1.14487946760125e-06,3.81369933577423e-05,"EGLN3",FALSE,4.00860464256116e-05
-2.1642734795129,3.94644347171189,104.811019121097,1.15505602204702e-06,3.83149964133422e-05,"FYN",FALSE,4.02634130163116e-05
0.767279414446015,7.82823916451267,81.3966297720163,1.17325407079285e-06,3.86164758359407e-05,"CTSC",FALSE,4.05608612319899e-05
-2.82486894835928,0.596340802277922,69.486347194336,1.17388631135995e-06,3.86164758359407e-05,"CXCR3",FALSE,4.05608612319899e-05
-1.41811488017197,1.4611377438303,69.0694304179678,1.19922661886022e-06,3.92870604724125e-05,"TNFRSF18",FALSE,4.12554904077765e-05
-2.10526195259463,6.56366522150997,142.564667956184,1.20789396693575e-06,3.93328030618194e-05,"CRIP1",FALSE,4.12843146189773e-05
-0.347254431627668,7.42350156417236,68.9551948421183,1.21054540200352e-06,3.93328030618194e-05,"STX11",FALSE,4.12843146189773e-05
-0.686081302076121,9.09899148637873,76.7135709191319,1.21676492851655e-06,3.9373519809303e-05,"ATP1B3",FALSE,4.13175608054027e-05
-0.8946717212866,5.51480747776346,80.8541514652333,1.2367034109553e-06,3.98560351302994e-05,"APAF1",FALSE,4.18143754141884e-05
1.69298356191883,2.62983449959676,68.2185756149545,1.28655234577535e-06,4.12946841996233e-05,"ME1",FALSE,4.33139289744367e-05
-0.536156038591099,5.43201070191898,67.9458128478964,1.31607844874588e-06,4.20720562163603e-05,"SMARCC1",FALSE,4.41194298690215e-05
0.783245207436428,3.65975692149077,67.7726653619979,1.33522552553918e-06,4.25127227569263e-05,"SNX24",FALSE,4.45716385177868e-05
-0.660178037311345,6.62953333860101,72.2498612697782,1.37078303728546e-06,4.34702716783965e-05,"NAF1",FALSE,4.55655222267293e-05
0.388428265072425,7.59199080717275,67.3586713376115,1.38231863581578e-06,4.3661442807759e-05,"ARL5A",FALSE,4.57559084578014e-05
0.384721018882643,7.10732307475465,67.2370976094024,1.39650878315529e-06,4.39346096541872e-05,"LAIR1",FALSE,4.60322016472694e-05
1.02761004910418,6.425537537611,91.2185326916092,1.42041207423877e-06,4.43825778966798e-05,"TMIGD3",FALSE,4.64718191569482e-05
-0.460207009769156,6.92099870745164,66.9926472147036,1.42555114878282e-06,4.43825778966798e-05,"ZC3HAV1",FALSE,4.64718191569482e-05
2.51818961037438,1.06472188765422,66.9760956693396,1.42754255343761e-06,4.43825778966798e-05,"LILRB5",FALSE,4.64718191569482e-05
-0.554711363836577,6.65580752462937,66.8813486756339,1.43900381456939e-06,4.45641493824458e-05,"CDK2AP1",FALSE,4.66521483587558e-05
0.368157298902333,6.68710738889478,66.7606555352428,1.45375725229305e-06,4.47085425628285e-05,"P4HB",FALSE,4.67839050247999e-05
-0.763605940553579,4.48462788256656,66.7510002322171,1.4549450026753e-06,4.47085425628285e-05,"SELL",FALSE,4.67839050247999e-05
1.40668036373669,4.81434742315873,88.5888608621459,1.46840853393918e-06,4.49480419191886e-05,"IFITM10",TRUE,
0.548728900101703,6.88528088173698,66.3826902224426,1.50109696632337e-06,4.5771910573122e-05,"BLVRB",FALSE,4.80717150434778e-05
-0.388165343534681,11.5532251508366,66.2522065616748,1.51784966582724e-06,4.61054105389974e-05,"PTMA",FALSE,4.84114156574371e-05
0.632920719550622,5.52872495851202,66.1576121772863,1.53012901603011e-06,4.6301003202621e-05,"TCF12",FALSE,4.86062757592145e-05
-1.02431034087918,3.37657654029836,65.9108036957397,1.56270881046144e-06,4.71070549404498e-05,"AP000919.2",FALSE,4.94418474249607e-05
-0.623259801157382,5.62110118835971,65.7550016119459,1.5836859250833e-06,4.75585682350773e-05,"ASAP1",FALSE,4.99051108712249e-05
-0.439842711078067,7.64074633347073,65.4514835652301,1.62548813470817e-06,4.86296978564769e-05,"MAP3K8",FALSE,5.10183088654621e-05
1.76359085747468,3.2205040418012,68.9487646259917,1.6562605312829e-06,4.93608990998974e-05,"OTOA",FALSE,5.1753112517187e-05
-1.91764969992187,1.64466251608735,65.1549855407709,1.6675529497237e-06,4.93608990998974e-05,"IGF2BP2",FALSE,5.1753112517187e-05
-0.592568871701387,6.22321116666627,66.431092243684,1.66860758813982e-06,4.93608990998974e-05,"VPS37B",FALSE,5.1753112517187e-05
0.435223135179987,6.61109882132431,64.9352635513904,1.69953356023184e-06,5.00154727824641e-05,"PILRA",FALSE,5.24074321771666e-05
-0.603787215195863,5.20999441683998,64.8747209928662,1.70846908259049e-06,5.00154727824641e-05,"TENT4B",FALSE,5.24074321771666e-05
-0.344981237601542,7.61657089050124,64.8666720829297,1.70966109031884e-06,5.00154727824641e-05,"PPIF",FALSE,5.24074321771666e-05
0.4542531543396,8.68008850920162,64.7825335395357,1.72217904492293e-06,5.00833582087346e-05,"PRDX1",FALSE,5.24576292809885e-05
-0.465333728400269,8.67200104346599,64.7662345241578,1.72461614417061e-06,5.00833582087346e-05,"SELENOK",FALSE,5.24576292809885e-05
-0.487270428187782,5.75725683407418,64.6729770689247,1.738636887886e-06,5.02507828734178e-05,"RCOR1",FALSE,5.26123079729617e-05
2.2931300507551,5.40789222662628,122.340071826318,1.74305818493818e-06,5.02507828734178e-05,"RNASE1",FALSE,5.26123079729617e-05
0.335898037874944,8.84804893857761,64.5287066225668,1.76058615582004e-06,5.0572199432396e-05,"ATP6V0B",FALSE,5.29385409753828e-05
0.396754528781568,5.78972369364906,64.2613322068342,1.8021123061223e-06,5.15781457145762e-05,"SIRPA",FALSE,5.3981143527116e-05
0.689639142717419,5.56794023145712,65.8186463448806,1.81303888219526e-06,5.16377572274034e-05,"MKNK1",FALSE,5.40127265703814e-05
0.393631432959304,6.00210926823183,64.1331028848025,1.82242654600587e-06,5.16377572274034e-05,"DBNDD2",FALSE,5.40127265703814e-05
0.412214831328948,6.42117121078897,64.1248991956199,1.82373511903039e-06,5.16377572274034e-05,"TNFSF12",FALSE,5.40127265703814e-05
-0.60649367749108,6.06440424714205,65.2146195034543,1.89066611979964e-06,5.33423523052368e-05,"BRAF",FALSE,5.57852722538635e-05
0.47790468708125,5.42288403294789,63.6091552876431,1.90821302354108e-06,5.36464994703323e-05,"SEPHS2",FALSE,5.60929186546891e-05
-1.79923955050166,2.64450041431943,68.9666945780609,1.93387542321349e-06,5.41758457782209e-05,"SLC41A2",FALSE,5.6635950126676e-05
0.7156890771179,4.85578663309164,63.2665472852135,1.9668192352274e-06,5.47811991348597e-05,"NEK6",FALSE,5.72478839693594e-05
-0.776573119304449,7.88522082561738,77.3011173606621,1.96930395477233e-06,5.47811991348597e-05,"METRNL",FALSE,5.72478839693594e-05
0.463558297063696,6.52784862542828,63.1939173202113,1.97950756244956e-06,5.4872503339511e-05,"TECR",FALSE,5.7332943297712e-05
0.358326911308263,5.84721869764715,63.1478463794945,1.98760485455343e-06,5.49049870623679e-05,"PSMB5",FALSE,5.73565972313989e-05
0.404643468808241,6.2119521455038,62.7238566239015,2.06393936864995e-06,5.68156642870028e-05,"NDUFAF3",FALSE,5.93420231614026e-05
-0.458138397793577,7.30986497663239,62.5953669246825,2.0877341557542e-06,5.72718214076791e-05,"TET2",FALSE,5.98078897419329e-05
-0.617051321213181,3.83016049397165,62.5140722672896,2.10295186286331e-06,5.74903529957943e-05,"SACS",FALSE,6.00255607812942e-05
-0.625175843155896,4.97810185493808,62.3867240768471,2.12704753156769e-06,5.79492537122635e-05,"RASSF3",FALSE,6.04941532624198e-05
-0.824143306349144,6.98880751302375,77.4973845940872,2.13788055388735e-06,5.80449213397908e-05,"SOX4",FALSE,6.05835359839012e-05
-1.08803150413063,3.20736083538475,62.1700279317868,2.16878224137999e-06,5.86829542991829e-05,"SYNJ2",FALSE,6.12389480200416e-05
0.74453459158533,5.71268138368041,67.6949566584794,2.19323103031685e-06,5.91426381236463e-05,"MITF",FALSE,6.17081216315577e-05
0.722051736342876,4.69087425166325,61.865631295789,2.22900802048353e-06,5.9903646055571e-05,"FAM110B",FALSE,6.24864340851811e-05
0.897004873524853,3.89642981196979,61.8271517761737,2.23675735110702e-06,5.99088252688393e-05,"CHCHD6",FALSE,6.24864340851811e-05
-0.421408861868743,6.87758601362022,61.6102332025708,2.28102611085279e-06,6.08888047368382e-05,"UTRN",FALSE,6.3497963608828e-05
-0.603044153686866,4.61146659428226,61.2788414547934,2.35061621952517e-06,6.23563858466301e-05,"DBF4",FALSE,6.49962787067549e-05
0.405613468169926,6.24078458763796,61.2714753852761,2.35219054983832e-06,6.23563858466301e-05,"VEGFB",FALSE,6.49962787067549e-05
-0.500682139243709,7.09848800997332,61.2368794795365,2.35960087714292e-06,6.23563858466301e-05,"PPP1CB",FALSE,6.49962787067549e-05
-0.553070018736268,4.91099260426971,61.1436366094453,2.37970722334353e-06,6.26509611317365e-05,"CCNT1",FALSE,6.52821618885673e-05
0.753712387638305,6.8621716434835,71.350529454248,2.38655275754092e-06,6.26509611317365e-05,"TNFSF13",FALSE,6.52821618885673e-05
-0.467503386960795,5.04571663405155,60.6267210528538,2.49481028553146e-06,6.50900305723128e-05,"HK2",FALSE,6.78019830622146e-05
-0.355786282908591,8.75451354512148,60.6220285077342,2.49588411881724e-06,6.50900305723128e-05,"YWHAZ",FALSE,6.78019830622146e-05
0.502564458748067,8.26847222274469,60.5320344379853,2.51658137612899e-06,6.54146136063954e-05,"CAPG",FALSE,6.81293061207703e-05
-0.637578920902645,8.04636499136561,66.8410295297824,2.53081491879536e-06,6.55433470257204e-05,"SYAP1",FALSE,6.8220895154443e-05
0.524083839514056,5.63172748668907,60.412893134336,2.54428634141585e-06,6.55433470257204e-05,"MCOLN1",FALSE,6.8220895154443e-05
0.484956336510518,5.45091043472509,60.3727440546426,2.55370143748625e-06,6.55433470257204e-05,"MAGED2",FALSE,6.8220895154443e-05
-0.32766237574701,8.24477663623219,60.3689075419438,2.55460320773809e-06,6.55433470257204e-05,"ROCK1",FALSE,6.8220895154443e-05
-0.895552467966439,7.73909822405971,81.0377392738966,2.62465312442938e-06,6.7123387001536e-05,"CHMP1B",FALSE,6.98547882238334e-05
0.402954964205892,8.14432303013303,59.8534527829943,2.67915897944447e-06,6.82970173280893e-05,"BST2",FALSE,7.10653684850625e-05
0.639064164412781,4.64168845791081,59.7537915983801,2.70403921491114e-06,6.87103297942804e-05,"FHIT",FALSE,7.14846340103018e-05
-0.477465253645431,6.89295681593831,59.6921381875342,2.71956386588511e-06,6.87862626660305e-05,"TMPO",FALSE,7.15422248851574e-05
-0.419987965103893,10.9582878066298,59.6730930487691,2.72438023172724e-06,6.87862626660305e-05,"RPS29",FALSE,7.15422248851574e-05
-0.544807661607337,5.66065430013706,59.5296232391025,2.76097950627229e-06,6.94890334150054e-05,"FLT1",FALSE,7.22624470113392e-05
0.45980910526948,7.37152122155496,59.4613600789421,2.77859177339356e-06,6.97109986691904e-05,"SNX6",FALSE,7.24826026185248e-05
0.525737392195785,4.52602161664631,59.2434555380332,2.83568272885239e-06,7.07423695005255e-05,"GALNT10",FALSE,7.35335399525808e-05
0.564808917284951,4.52652409078051,59.2364248260588,2.83754711165075e-06,7.07423695005255e-05,"TMEM251",FALSE,7.35335399525808e-05
-0.415680372820318,11.2328663015577,59.1084317306719,2.87173554326233e-06,7.13702802099805e-05,"RPL18A",FALSE,7.41755167535104e-05
-0.878064313289498,5.35484305119819,69.6537098999815,2.91108838094647e-06,7.21222146379487e-05,"WARS",FALSE,7.49462557682884e-05
-1.35590649113534,3.29672829061071,58.8622419316813,2.93883616429386e-06,7.25828445810647e-05,"STAT4",FALSE,7.541417362315e-05
-1.67506373093973,4.0349767769214,80.0430473852159,3.01697884590572e-06,7.42813922060267e-05,"VDR",FALSE,7.71680498313159e-05
0.35528966533765,5.5125156701675,58.536908904142,3.03029167179454e-06,7.43781807244184e-05,"ATP6V0A1",FALSE,7.72577274770142e-05
0.480494064550691,4.85263985374746,58.4408420140427,3.05792019656348e-06,7.48246645628248e-05,"CYB5R1",FALSE,7.77106300275066e-05
0.667518842930254,6.54249117741761,64.3815038285827,3.08571481937896e-06,7.52667584363406e-05,"GIMAP4",FALSE,7.81481233689124e-05
2.37099919661961,3.04559508716854,68.4523489490212,3.09497518292722e-06,7.52667584363406e-05,"RAB42",FALSE,7.81481233689124e-05
-0.394008371211008,5.26957206014568,58.2248797263626,3.12109435033246e-06,7.56698348912407e-05,"NIN",FALSE,7.85558507729044e-05
0.413973952634632,7.61805864721513,58.1410176813839,3.14602955933515e-06,7.59408385779577e-05,"ARHGAP18",FALSE,7.8815759998055e-05
1.01371840599252,4.81700709635374,64.9468426249158,3.15142985521545e-06,7.59408385779577e-05,"OLFML2B",FALSE,7.8815759998055e-05
0.394245036368981,7.04355295932115,57.9019659365656,3.21837493461955e-06,7.73190196414054e-05,"SCAMP2",FALSE,8.02353092877621e-05
-0.411814936244835,11.7575687624853,57.7808459863847,3.25575910299655e-06,7.78548593470525e-05,"RPS18",FALSE,8.07698029128423e-05
0.797346733041244,4.49431360372277,57.7661802576272,3.26031953875144e-06,7.78548593470525e-05,"NAGLU",FALSE,8.07698029128423e-05
-0.410296861109465,10.6769054020884,57.600369292991,3.31239417225136e-06,7.8860843836663e-05,"RPS7",FALSE,8.18026372695806e-05
-0.32188224209024,6.54392340749635,57.5585890834109,3.32566610647638e-06,7.8939763150134e-05,"IPO7",FALSE,8.18737424588155e-05
1.33981242328774,6.11447735478558,91.0195823659725,3.35395850182685e-06,7.93736806044277e-05,"LGMN",FALSE,8.2313037624274e-05
3.67468457952239,1.86232343986269,62.2958367819229,3.40545099009432e-06,8.00317049759472e-05,"CCL18",FALSE,8.2963314455319e-05
0.508305719027799,6.96701188107582,57.3064530255355,3.40706994798671e-06,8.00317049759472e-05,"BMP2K",FALSE,8.2963314455319e-05
0.440073985219642,6.63482412636695,57.2912596422893,3.41204796693619e-06,8.00317049759472e-05,"MYDGF",FALSE,8.2963314455319e-05
-0.66123980586506,3.9412920165127,57.1027455614001,3.47451427442404e-06,8.12564872201586e-05,"SLC9A7",FALSE,8.42222260120386e-05
0.40230289659393,6.79483306362217,57.0635119964551,3.48767949620696e-06,8.13244795468493e-05,"RPN2",FALSE,8.42820216905472e-05
-0.606921842515013,7.11850863774887,61.4026550041636,3.50381426226283e-06,8.14611128188263e-05,"GABARAPL1",FALSE,8.44129931440569e-05
0.453932387837493,5.25091133123489,56.9729376713299,3.51829228192097e-06,8.15585415528347e-05,"RDH11",FALSE,8.45033737712604e-05
-0.365059764505542,6.83304115254213,56.8051189627529,3.5758328030067e-06,8.2391952914785e-05,"BLOC1S6",FALSE,8.55492274659337e-05
-0.497641301501502,7.5327856422872,56.738000635328,3.59914824903717e-06,8.2391952914785e-05,"ATP2B1",FALSE,8.55492274659337e-05
0.453124028577701,5.67085510369803,56.6853363766138,3.61756509885566e-06,8.2391952914785e-05,"GPN3",FALSE,8.55492274659337e-05
-0.396307131990931,8.62594491631931,56.6833234438294,3.61827117455962e-06,8.2391952914785e-05,"MAT2A",FALSE,8.55492274659337e-05
1.19566588442694,2.91554714999663,56.6764379910973,3.6206875806409e-06,8.2391952914785e-05,"NR1H3",FALSE,8.55492274659337e-05
9.06195330438828,3.15712396361614,97.3638952604946,3.62086960397682e-06,8.2391952914785e-05,"IGLC2",TRUE,
-0.362759744831386,6.13711632830765,56.6584990083009,3.62699187276236e-06,8.2391952914785e-05,"SNHG16",FALSE,8.55492274659337e-05
-2.72855728854987,2.45355743506241,74.8297466882409,3.66001963860028e-06,8.28219717811157e-05,"CAVIN2",FALSE,8.59628218429716e-05
-2.91497198578623,0.832511375855889,60.878680659138,3.67697072093941e-06,8.28219717811157e-05,"GPR171",FALSE,8.59628218429716e-05
0.805608638005154,6.29088830138474,69.4616734095534,3.67726211742592e-06,8.28219717811157e-05,"SPATS2L",FALSE,8.59628218429716e-05
0.591734049609276,7.60956020411195,60.157697240096,3.8078937328841e-06,8.5521194091516e-05,"CD84",FALSE,8.87532154664524e-05
-0.394155281928188,6.69995689940998,56.0443914891129,3.85061609716111e-06,8.62363966618454e-05,"GK",FALSE,8.94842289481865e-05
-0.489097635482294,6.2573501152908,55.945230309896,3.88819270128804e-06,8.68326527769341e-05,"RPS6KA3",FALSE,9.00917120610212e-05
-1.05153914359025,6.96989094268374,81.8863023216211,3.9674436009512e-06,8.83536316526435e-05,"INHBA",FALSE,9.16584184407435e-05
0.655624753253489,4.59896323261014,55.7055417838858,3.98077576676939e-06,8.84022136665201e-05,"TBC1D14",FALSE,9.16975189783895e-05
-0.683119155569049,4.29195523177202,55.656675353088,3.99996075718053e-06,8.85801365444895e-05,"FAM43A",FALSE,9.18708187902864e-05
0.607778267999783,3.81258204047793,55.6127006281651,4.0173161906641e-06,8.87166650684819e-05,"SPIRE1",FALSE,9.20012120641041e-05
0.641127616161361,4.20980541937225,55.5829065781928,4.02912416813849e-06,8.87302677916721e-05,"RMDN3",FALSE,9.20041744828841e-05
-1.05455566860956,5.39400659099181,74.7104330155549,4.07860138620965e-06,8.9571057589668e-05,"FBXO34",FALSE,9.2864802660577e-05
-0.521349100539481,6.11313100521756,55.3683504851144,4.11534538680079e-06,9.01283376424217e-05,"SNHG15",FALSE,9.3431386043852e-05
-0.530095746086035,5.36968871790143,55.3288781556424,4.13143774128956e-06,9.02315107794591e-05,"HIVEP2",FALSE,9.35272026605723e-05
-0.429385745663055,5.43949854467471,55.243963805577,4.16630208890582e-06,9.07429751671576e-05,"GRK3",FALSE,9.40462116229228e-05
0.503788996737523,6.48956482744251,55.0602909137829,4.24287865230546e-06,9.1842989152722e-05,"PCED1B-AS1",FALSE,9.51528379549711e-05
0.34178715454886,7.77238944477661,55.0505463795457,4.24698631901726e-06,9.1842989152722e-05,"TMBIM4",FALSE,9.51528379549711e-05
-0.347692761253647,7.76912237959084,55.0397062826222,4.25156117798297e-06,9.1842989152722e-05,"GLS",FALSE,9.51528379549711e-05
-1.15692315900702,2.47528616449098,54.7610237236092,4.37114228037454e-06,9.36583718070551e-05,"SPDYA",FALSE,9.69455113069684e-05
-0.336973359403848,10.6929376266164,54.7534231216993,4.37445742335789e-06,9.36583718070551e-05,"RPS11",FALSE,9.69455113069684e-05
0.541333008977112,5.593235111145,54.7172481148831,4.39027549922066e-06,9.36583718070551e-05,"PRDX4",FALSE,9.69455113069684e-05
-1.76696321483073,3.16367757084247,64.8946882757885,4.40541057595742e-06,9.36583718070551e-05,"NOTCH4",FALSE,9.69455113069684e-05
0.556325235377652,4.87185765165821,54.6767474283281,4.40806313805062e-06,9.36583718070551e-05,"TSPAN31",FALSE,9.69455113069684e-05
0.325786196437399,7.05057729502391,54.6525044869949,4.41875012406465e-06,9.36583718070551e-05,"LRPAP1",FALSE,9.69455113069684e-05
-0.509002747794337,7.96765486978862,55.3960093251172,4.42696855591428e-06,9.36583718070551e-05,"TNFRSF1B",FALSE,9.69455113069684e-05
0.99400094733349,6.31728837081098,75.5935072758512,4.43010714274037e-06,9.36583718070551e-05,"SELPLG",FALSE,9.69455113069684e-05
1.87966918532024,3.17203103838831,58.6642268133074,4.45472137313965e-06,9.39282740591785e-05,"LINC00578",FALSE,9.72141135113411e-05
0.87420177831041,3.9023422787653,54.4278203029796,4.51922787748892e-06,9.49029943181411e-05,"VAT1",FALSE,9.81906367892494e-05
0.908086836364179,6.22713916324564,70.0968629762057,4.53200406540861e-06,9.49029943181411e-05,"TMEM176A",FALSE,9.81906367892494e-05
-0.794231441446147,6.10523873579396,66.3541267355583,4.5368611057739e-06,9.49029943181411e-05,"RALGAPA1",FALSE,9.81906367892494e-05
-1.48449497664533,0.986942163467864,54.0665452134271,4.68634874070826e-06,9.76559293733301e-05,"PENK",FALSE,0.000101017087469183
-0.406382529595561,11.509762790366,54.052259932763,4.69310155035807e-06,9.76559293733301e-05,"RPL32",FALSE,0.000101017087469183
-0.767343138965495,4.43989306401884,53.978240413675,4.72827108584971e-06,9.81301915408808e-05,"PTPN22",FALSE,0.000101496783690256
-0.666276580375897,5.46098841583948,56.6239136901572,4.7537377102083e-06,9.84011294165311e-05,"NIBAN1",FALSE,0.000101766156741905
-1.13364897367479,2.46434096632182,53.872130355744,4.77921802942288e-06,9.86709388991265e-05,"ST3GAL4",FALSE,0.000102034362156622
0.859155847128946,3.86053681500982,53.746904958744,4.84015690375406e-06,9.96695167089927e-05,"TNFRSF11A",FALSE,0.000103056097534526
-0.601667619362767,4.43330547404954,53.3468168665349,5.04092545707706e-06,0.000103534862755717,"ESYT2",FALSE,0.000107041538412003
2.21235417976873,5.0439438612202,94.3453969392708,5.09021201989785e-06,0.000104277004893411,"TMEM119",TRUE,
4.23846869441117,0.0838535936895101,53.1957872468709,5.11919128665924e-06,0.00010460038278514,"GABRB2",FALSE,0.000108411260635219
0.366973855154382,7.10247645047496,53.1164895489765,5.16084348698002e-06,0.000105180378315624,"DAD1",FALSE,0.000109000335094983
-0.478234343490583,8.03238226429283,53.0010210567809,5.22219373409972e-06,0.000106157825446007,"IFITM2",FALSE,0.000110001182452507
-0.330447553484519,6.79258754717278,52.9302066297361,5.26023333958491e-06,0.000106657621269128,"ARID5A",FALSE,0.000110506981998
-0.844239991569291,4.29742890607394,54.5712677138036,5.28677760782644e-06,0.000106922379782775,"CAPN2",FALSE,0.000110769239346959
0.506192942272644,5.2674045618593,52.7121273002524,5.37939656898821e-06,0.000108518717554551,"COLGALT1",FALSE,0.000112410838648512
0.724043112230273,6.6270433864259,62.1446957001368,5.4725046052101e-06,0.00010992190335371,"AP1B1",FALSE,0.000113839888174011
-0.379224796527066,9.44884172163215,52.538161447348,5.47668413530721e-06,0.00010992190335371,"REL",FALSE,0.000113839888174011
0.645161430893252,5.52916674084136,54.0878737910485,5.72687748654449e-06,0.000114653244225568,"ENG",FALSE,0.000118727212734204
-0.361769854589177,5.60698477974973,52.0575009734714,5.756178873345e-06,0.000114949587173499,"SIK3",FALSE,0.00011902146237326
0.581658923335238,4.74777148624149,51.9800617724242,5.80272599342519e-06,0.000115587969034862,"TMEM51",FALSE,0.000119669830827758
-0.377972705680793,6.13415470586421,51.8992403523125,5.85176831779515e-06,0.000116193026904611,"SAFB",FALSE,0.000120258572296043
-1.10080223163652,4.86733689056247,66.9043734348813,5.86735217746338e-06,0.000116193026904611,"SERINC5",FALSE,0.000120258572296043
-1.09337742308138,2.29321422851547,51.8578488214229,5.87706909545271e-06,0.000116193026904611,"AC009093.2",FALSE,0.000120258572296043
0.809365442623632,3.59489795679007,51.7860890465984,5.92123129211606e-06,0.000116774929561931,"KIAA1211L",FALSE,0.000120848342277954
-0.804704929857735,7.99697328756852,67.206541905034,5.98697092611117e-06,0.000117778425563795,"GRASP",FALSE,0.000121874307379596
1.394828089607,5.1853588275671,74.6569036722241,6.04100925122601e-06,0.000118547330058712,"RNASE2",FALSE,0.000122657399178244
0.362299796421516,6.06455160405565,51.4814655125425,6.11300011620961e-06,0.000119663864003234,"ARL2",FALSE,0.000123800038343186
0.981996281188588,6.78336040662793,71.7427493922011,6.15240870737207e-06,0.000120138660670064,"LHFPL2",FALSE,0.000124278655888916
-0.354770130749365,7.22755759827815,51.3539596213734,6.19538191876861e-06,0.000120680559832918,"CDC37",FALSE,0.000124826646434934
-0.463781859954116,5.47586410582356,51.3083694027058,6.22514715495301e-06,0.000120883661223146,"UAP1",FALSE,0.000125011710545809
0.53422171315984,7.09141757428144,52.6964747402487,6.23630391527076e-06,0.000120883661223146,"HEXA",FALSE,0.000125011710545809
-1.42887465473186,3.69174981843623,61.5712968059464,6.3600089605275e-06,0.000122980856192834,"TCTN3",FALSE,0.000127167894901106
-0.524783607156589,5.9756570206584,51.3323250834206,6.39870240157363e-06,0.000123428011288749,"KCTD20",FALSE,0.000127617664606575
0.443817552963179,5.44334907675294,50.9604544467518,6.45779150716202e-06,0.000124261516459112,"TBC1D12",FALSE,0.000128429320673634
-0.423382937262665,11.6617061127561,50.9319419262691,6.47729650970178e-06,0.000124261516459112,"RPS14",FALSE,0.000128429320673634
-0.384399367767599,10.8672425309991,50.8929093979928,6.50410804829885e-06,0.000124261516459112,"RPLP2",FALSE,0.000128429320673634
-2.47279474403653,4.82033356266043,95.1239209982429,6.50460763503173e-06,0.000124261516459112,"ICAM3",FALSE,0.000128429320673634
-1.93880835835195,6.42748373875754,96.8391829355844,6.52448969837599e-06,0.000124341717136358,"DUSP4",FALSE,0.000128499824609515
-0.349518163259799,12.1185735148592,50.6765654389873,6.65504963915481e-06,0.000126307883840121,"RPL13",FALSE,0.000130506764461325
0.320817396350351,7.76587521314067,50.6702406335149,6.65952263435552e-06,0.000126307883840121,"TBXAS1",FALSE,0.000130506764461325
1.30932261410747,8.25952169948435,85.1190129436814,6.77749765463304e-06,0.000128020774213788,"TREM2",FALSE,0.000132216413507018
0.547181975195556,5.50794502209544,50.488664462313,6.78942236320048e-06,0.000128020774213788,"OSBPL1A",FALSE,0.000132216413507018
0.407750541826765,8.61297820603242,50.4565810367423,6.81267655679841e-06,0.000128020774213788,"GRN",FALSE,0.000132216413507018
-0.705469496359433,5.45822530654634,55.4573473713401,6.81442567081466e-06,0.000128020774213788,"FADS3",FALSE,0.000132216413507018
-0.521606168437184,6.19597866529873,51.1159704640391,6.83067787475964e-06,0.000128022728584148,"GLO1",FALSE,0.000132216413507018
-0.530961775318237,6.32526846543117,52.0971639184864,6.91540805191777e-06,0.000129002721368741,"NEDD9",FALSE,0.000133203865828751
-0.292077624845313,6.6650474147723,50.3161989235959,6.91550915511033e-06,0.000129002721368741,"UBE2K",FALSE,0.000133203865828751
0.5486640764786,5.33029422641098,50.2915568282933,6.93374354728806e-06,0.000129039246110093,"COMMD4",FALSE,0.000133229345525696
0.869226658381033,4.52034463867863,52.6439043853455,6.98623408333265e-06,0.000129711624854008,"FARP1",FALSE,0.00013391131899877
0.528228655170633,5.20091272225752,50.1694469266317,7.02492093151535e-06,0.000129775758769,"ZNF330",FALSE,0.000133917190021341
-0.341785832009301,6.55664574314526,50.1493483363185,7.04005998111255e-06,0.000129775758769,"RYBP",FALSE,0.000133917190021341
-0.374880189872047,5.29630177161942,50.1115174694416,7.06865756462061e-06,0.000129775758769,"NDRG1",FALSE,0.000133917190021341
0.527244763200308,6.05853052482834,50.2040891553727,7.07013959251323e-06,0.000129775758769,"SLC39A1",FALSE,0.000133917190021341
-0.278241804579019,8.94368586593226,50.1077210278733,7.07153478660545e-06,0.000129775758769,"EEF2",FALSE,0.000133917190021341
0.567934259204701,8.44435643533978,54.1470738884116,7.09808530968727e-06,0.000129962171674828,"MSR1",FALSE,0.000134097640454955
-0.475564767128571,6.05580484649059,50.0502910317781,7.11522414861104e-06,0.000129975799654812,"BCAS2",FALSE,0.000134099846513775
-0.947847984225991,5.83668299866912,66.8014270202953,7.20507899285062e-06,0.000131264577389915,"PRMT9",FALSE,0.000135405741115125
0.600108720114974,6.16820592364447,53.4666202272479,7.21888947300744e-06,0.000131264577389915,"MPP1",FALSE,0.000135405741115125
0.305934366216447,7.67993042319742,49.8711715384111,7.25349467366212e-06,0.000131592004056735,"PEBP1",FALSE,0.000135731665176034
0.378832709156802,5.85314218558425,49.810964311258,7.30066339653314e-06,0.000132145341113504,"PRDX3",FALSE,0.000136290583502105
-0.468779964122227,5.29841178116084,49.5598338181924,7.5012509246633e-06,0.000135466782074557,"ELOVL5",FALSE,0.000139704148426708
-1.10839194555409,2.13754738449373,49.5033382759945,7.54724489707904e-06,0.000135987630781915,"AC114760.2",FALSE,0.0001402292341962
-0.458363554855803,5.04584329280682,49.468942944436,7.57540551727404e-06,0.000136185521408047,"PIK3CG",FALSE,0.000140421281564906
-0.772819847866181,6.16734479889491,61.5741010701921,7.67851459676132e-06,0.000137726841002542,"BCL3",FALSE,0.000141998445993628
1.32439738011809,2.62708540397007,49.3040645454147,7.71208618976441e-06,0.000138016747883639,"TSPAN13",FALSE,0.000142285281037387
-0.318275545119282,9.14342607125879,49.2533264106828,7.75471610485985e-06,0.000138176441404569,"RPS17",FALSE,0.000142425927871946
-0.497890145048416,6.0047525116955,49.2519606382745,7.7558673593634e-06,0.000138176441404569,"FGR",FALSE,0.000142425927871946
-0.439950247212275,5.122369578527,49.1779655995117,7.81853500336327e-06,0.000138722272195378,"TMUB1",FALSE,0.000142906003596747
0.347791989742163,8.48510040348217,49.1628668168008,7.83139383461093e-06,0.000138722272195378,"ATP6V0E1",FALSE,0.000142906003596747
-2.08481085297501,0.276421986057074,49.1466003860328,7.84527431136042e-06,0.000138722272195378,"CMTM8",FALSE,0.000142906003596747
-1.73410154073953,5.31341674518547,86.2857876196166,7.88223853674157e-06,0.000138722272195378,"NRARP",FALSE,0.000142906003596747
0.480298887289078,7.13646112351242,49.1004573496501,7.88480331688979e-06,0.000138722272195378,"DOCK4",FALSE,0.000142906003596747
2.49654032415431,5.86546958737575,94.9413702003334,7.89725126398444e-06,0.000138722272195378,"NUPR1",FALSE,0.000142906003596747
0.884608076752771,3.94223249365387,49.0723555465506,7.90898928258211e-06,0.000138722272195378,"CDKN2A",FALSE,0.000142906003596747
-1.78632651895672,1.9198118514835,51.4155301021508,8.1137535980594e-06,0.000141596493377463,"FRY",FALSE,0.000146115150393672
-1.14320273713989,4.86014193336311,64.7800426785623,8.1551003313998e-06,0.000141596493377463,"PRKCB",FALSE,0.000146115150393672
0.741671793048138,4.69710883245636,49.4277890738186,8.15666591139043e-06,0.000141596493377463,"NCEH1",FALSE,0.000146115150393672
1.92853346042197,5.65830853885799,87.904716342929,8.15793248271813e-06,0.000141596493377463,"MERTK",TRUE,
-0.439614742813647,5.63243838289169,48.7821816461442,8.16378240037796e-06,0.000141596493377463,"RABGEF1",FALSE,0.000146115150393672
-0.386685095755709,11.3754595150361,48.7491632143089,8.19336860658029e-06,0.000141596493377463,"RPL37",FALSE,0.000146115150393672
0.406018114163654,6.32800018948829,48.7441408196241,8.19787972505748e-06,0.000141596493377463,"PLAAT3",FALSE,0.000146115150393672
-0.368267489505442,8.76125626688488,48.6648429429538,8.26948506192564e-06,0.000142522777328144,"LITAF",FALSE,0.000147058698234425
0.628073717082827,7.36159519222624,54.6938253335504,8.34742726584662e-06,0.000143554020311566,"LTC4S",FALSE,0.000148110432433197
0.346495866512124,7.07060489000038,48.5151727122088,8.4066051207556e-06,0.000144258799561365,"MGAT4A",FALSE,0.000148825247508568
-1.71730949248779,0.886202517920551,48.458830518732,8.45889894160404e-06,0.000144842658334853,"PDE2A",FALSE,0.000149415259780172
-0.852250343790187,4.06316605459085,49.0219450054435,8.52093183071416e-06,0.000145590404210995,"MAP3K20",FALSE,0.000150174275083593
-0.298550742045074,11.080888371551,48.3292866279975,8.58055982165102e-06,0.000145988956943676,"RPS6",FALSE,0.000150560800912518
-0.663940929946201,4.24345180247545,48.3287304025828,8.58108652065503e-06,0.000145988956943676,"STK38",FALSE,0.000150560800912518
0.699075674487815,4.30577006553175,48.2879422808728,8.61981098531851e-06,0.000146333750517356,"CTSF",FALSE,0.000150904157649643
-0.487675179667529,5.5432632905383,48.251692783859,8.6543951966326e-06,0.000146606934014751,"PTRHD1",FALSE,0.000151173670419228
-0.356500946292977,11.7038583281787,48.1463202735731,8.75583658547322e-06,0.000148003772240172,"RPS8",FALSE,0.000152565283917402
-0.777974049551045,5.13872390392982,53.9774432089106,8.80355010907226e-06,0.000148003772240172,"NDEL1",FALSE,0.000152565283917402
0.334877718429379,6.1199874527567,48.0919669088522,8.80869638473672e-06,0.000148003772240172,"CORO1B",FALSE,0.000152565283917402
1.04354137958747,2.54138769116151,48.0890676192666,8.81152629885986e-06,0.000148003772240172,"EEPD1",FALSE,0.000152565283917402
-0.385885579473158,11.9016870641174,47.970410063042,8.92824660300454e-06,0.000149647228474884,"RPS27",FALSE,0.000154247207759802
0.579817766932493,5.51204589056269,48.2635635590879,8.95121888973845e-06,0.000149715745480689,"CREBL2",FALSE,0.000154305694558774
0.677657611368873,5.68678111754893,52.6315245832717,9.09517352946843e-06,0.000151803233140265,"HNMT",FALSE,0.000156444928089852
0.474659419196363,5.54199117107164,47.3431985809736,9.57555795333611e-06,0.000159485343390859,"TLR5",FALSE,0.00016434911885922
0.631611392431803,3.86606299793927,47.208577914021,9.72143350784056e-06,0.000161575523794885,"SLC27A1",FALSE,0.000166490115597322
0.804553304454739,8.11060920937129,62.2616241003058,9.77578252345364e-06,0.000162138920179792,"CTSL",FALSE,0.000167055207258686
-1.04048761543815,5.59652684150138,65.5152134928763,9.81688400846084e-06,0.000162161381721513,"RAB11FIP1",FALSE,0.000167055207258686
-0.328536291507102,10.964880296224,47.1206925205924,9.81804531109061e-06,0.000162161381721513,"RPS16",FALSE,0.000167055207258686
1.10221563561832,6.83929659669979,71.1737584898059,9.87254529296507e-06,0.000162722534475316,"OLFML3",FALSE,0.000167620499607713
1.11286451078495,5.14785368700768,62.2137330857715,9.96180721884398e-06,0.000163712497912091,"MMP2",FALSE,0.000168601972446587
0.376343262351104,5.52355387699077,46.9801473740435,9.97484972098746e-06,0.000163712497912091,"GNPTG",FALSE,0.000168601972446587
-2.56706117886862,2.98712169029772,68.137889911615,9.99455713792282e-06,0.000163712497912091,"CCL22",FALSE,0.000168601972446587
-0.369687459889332,6.13475571282793,46.9156382777947,1.00477847099162e-05,0.000163863509643385,"CYLD",FALSE,0.000168694703728316
-0.486613180081615,5.68206579143971,46.8992746501611,1.00663830745057e-05,0.000163863509643385,"STK24",FALSE,0.000168694703728316
-2.1721711603197,4.69900894746984,81.4437180724178,1.00877505132552e-05,0.000163863509643385,"HAS1",FALSE,0.000168694703728316
0.353899312541401,6.53215623134753,46.8685816868061,1.01013745684819e-05,0.000163863509643385,"MGST2",FALSE,0.000168694703728316
0.407406789921284,5.84000128406352,46.8635527629739,1.0107121117005e-05,0.000163863509643385,"NAA20",FALSE,0.000168694703728316
-0.366709032408098,11.2966543763897,46.7739748812584,1.02101142944627e-05,0.000165195481890817,"RPS15A",FALSE,0.00017005344695936
-0.646884941307357,5.53800856190815,50.3831623194399,1.02543851022926e-05,0.000165573859655756,"GNA15",FALSE,0.000170430476446965
0.380406682458516,5.64434805609824,46.6832435647548,1.03156659620117e-05,0.000166224796233392,"TMBIM1",FALSE,0.000171088034628902
-0.513677237104329,6.89324442689996,48.4372404619983,1.04300502601132e-05,0.000167727055704214,"ZFYVE16",FALSE,0.000172621714178932
-0.673651404689778,5.56781302891908,51.5215596563857,1.0459247855452e-05,0.000167856107283449,"PDCL3",FALSE,0.000172742043197591
-1.90091721625536,1.22266532341706,46.5193576898212,1.05095183930132e-05,0.00016812242150577,"LAMP3",FALSE,0.000172991249155957
0.350265568453766,5.59526696108993,46.5120541435444,1.05182544231662e-05,0.00016812242150577,"NDUFA8",FALSE,0.000172991249155957
0.446884281431649,5.31350381053134,46.454658027462,1.05871993982166e-05,0.000168883937281813,"PTPRJ",FALSE,0.00017376241012323
0.601331276297849,4.73221432141854,46.4267054228255,1.06209645351402e-05,0.000168934454625172,"SHMT1",FALSE,0.000173789717188884
-1.5209763254873,2.7873842276561,49.3735001289978,1.06329834583704e-05,0.000168934454625172,"CD38",FALSE,0.000173789717188884
0.79910788540293,5.09796872941137,51.4180217071278,1.06823437918512e-05,0.000169379243163593,"TBC1D4",FALSE,0.000174234998741623
0.336551659840898,7.83088238662452,46.3538373539028,1.07095687408031e-05,0.000169471977998177,"VSIR",FALSE,0.000174318145743898
-0.373125674692638,7.18999392843553,46.3221985154619,1.07483045705818e-05,0.000169746132740184,"ATP13A3",FALSE,0.000174587924550604
-0.709465775243549,5.6063429506941,52.6456377829838,1.07714335548377e-05,0.000169773211178436,"PTPN7",FALSE,0.000174603608117307
-0.385886414131794,10.6599277798248,46.2212382986095,1.08729931399143e-05,0.000171033907962778,"RPS21",FALSE,0.000175887967055944
-2.40801702715749,0.651014028097456,46.8293183323996,1.10636046576701e-05,0.000173687639061404,"CHST1",FALSE,0.000178604666994109
1.04482386963184,2.96830112808608,45.910621860781,1.12671728179654e-05,0.000176533885574763,"CDC14B",FALSE,0.000181518992760596
-0.28853934578436,8.04983604756147,45.862781548719,1.13293325143712e-05,0.000177157688705986,"BZW1",FALSE,0.000182147921526972
1.380583858103,1.74252469166764,45.8254183341323,1.13781535119525e-05,0.000177570868194408,"TRIM47",FALSE,0.000182560271623547
0.633099518727724,6.38504313186932,51.6155506972731,1.14742972118546e-05,0.000178600716949473,"FMNL2",FALSE,0.000183594129248749
-0.360297203461836,6.55200577802893,45.7411167048856,1.14891984919565e-05,0.000178600716949473,"BBX",FALSE,0.000183594129248749
0.436096965199395,5.13307174261964,45.6935194468676,1.15524455167157e-05,0.000179232461950141,"ALDH9A1",FALSE,0.000184231104819203
-0.347171895397881,10.3871639273728,45.6672974166153,1.15874602501087e-05,0.000179424579810277,"RPL10A",FALSE,0.000184416185556275
0.601747368757886,4.17062257483295,45.6130496177991,1.16602864293877e-05,0.000180200293980869,"TMEM223",FALSE,0.000185201081634509
0.582191463629574,4.53255597068735,45.5710044878543,1.17170930688887e-05,0.0001804769512276,"GALC",FALSE,0.00018544846242279
0.287897606647574,6.18542932002594,45.5499629088037,1.17456415363942e-05,0.0001804769512276,"BEX4",FALSE,0.00018544846242279
-0.3355922447316,6.98995826341212,45.5493445672517,1.17464816893847e-05,0.0001804769512276,"VASP",FALSE,0.00018544846242279
-0.292107273284013,7.09536790498716,45.5105340611824,1.1799352866349e-05,0.000180938625772562,"DOCK8",FALSE,0.000185910603762194
-0.596203768987576,7.82935618253516,51.2666956312618,1.18636193489654e-05,0.000181523150632365,"AHNAK",FALSE,0.000186486756951467
1.21894265717854,4.53102283345325,56.9536094225321,1.18832637712156e-05,0.000181523150632365,"GPR82",FALSE,0.000186486756951467
-0.355402392253839,7.96274079166432,45.3103868003607,1.20763949226164e-05,0.00018411857489712,"ANKRD11",FALSE,0.000189140833400341
1.22251302443543,4.17877986774067,52.5843877378335,1.23493801305472e-05,0.000187919166362722,"AL078590.2",FALSE,0.000193032572754862
1.39065091266297,1.98132324791334,45.0783728559534,1.24069570372672e-05,0.000187975719276444,"BATF",TRUE,
-1.00463797176571,2.11670844455439,45.0760612297493,1.24103024900263e-05,0.000187975719276444,"MICAL2",FALSE,0.000193421806152166
-0.389967414674601,11.612894914994,45.0627409612542,1.24296001951116e-05,0.000187975719276444,"RPS24",FALSE,0.000193421806152166
-0.40895159362415,5.40439730185548,45.0501052717795,1.24479380196939e-05,0.000187975719276444,"ZBTB43",FALSE,0.000193421806152166
-0.686959984071215,5.84054147720115,51.477741095186,1.2622839823069e-05,0.000190229255417986,"CIITA",FALSE,0.000195701155291884
0.508013478251447,5.21936259488653,44.9134625494912,1.2648244301542e-05,0.000190229255417986,"FKBP15",FALSE,0.000195701155291884
0.351587037925661,5.57020617302814,44.8993427264415,1.26691532367175e-05,0.000190229255417986,"UQCC2",FALSE,0.000195701155291884
-3.39535438241689,-0.712771264433454,53.2674626997897,1.27540135574036e-05,0.000191141435695833,"ILDR2",FALSE,0.000196626455587526
-0.6747297212827,3.44886543697648,44.7567005863205,1.28826251529792e-05,0.00019270462681664,"AC009404.1",FALSE,0.000198221329990567
-0.393340230888916,7.23877136449643,44.7136707056069,1.29478318612706e-05,0.00019317098238121,"PTP4A2",FALSE,0.000198674778152683
-0.412252153534626,5.21689207746227,44.704003771548,1.29625331264888e-05,0.00019317098238121,"CNOT6L",FALSE,0.000198674778152683
0.240797702792578,12.7736075490174,44.674621558524,1.3007334949971e-05,0.000193474955878744,"B2M",FALSE,0.000198974339292955
-0.434155224163967,6.84583189629988,44.6424422182064,1.30566062715235e-05,0.000193844147042394,"PTEN",FALSE,0.000199340977145469
-0.496343107937039,6.60341522675122,45.9989072537268,1.31134565624379e-05,0.000194324268461696,"SMCHD1",FALSE,0.000199821684330533
0.312005748023605,8.28778857266386,44.5698372245375,1.31685658132856e-05,0.000194776846581582,"APLP2",FALSE,0.000200274056905528
-0.336444510284935,11.3152333911118,44.2293774018089,1.37085183702802e-05,0.000202385723723615,"RPS3A",FALSE,0.000208084215262172
0.578133949062433,4.86056770903878,44.0980406107046,1.39235859769873e-05,0.000205178791125567,"TLR7",FALSE,0.000210942327551357
-0.997604083267909,3.57597551857126,44.9356741722283,1.39873863534991e-05,0.000205736547329389,"TBL1X",FALSE,0.000211502168316441
-0.588242091010944,4.00361739316968,44.0290272711819,1.40381511467949e-05,0.000206100856095908,"PRKCE",FALSE,0.000211863131675192
-0.318669480349804,6.72684741486862,44.005450324794,1.40775380862416e-05,0.000206297083082667,"BCL2",FALSE,0.000212051328954897
0.439036987405653,5.18599100947825,43.9019183200157,1.42520068287371e-05,0.00020846846888972,"GPAA1",FALSE,0.000214269675184716
0.322196602527707,7.07622224157596,43.8648748202272,1.43150344264598e-05,0.000208785868197121,"GRINA",FALSE,0.000214568808893484
0.494457802518907,4.19079782039184,43.8582286509927,1.43263764252313e-05,0.000208785868197121,"NUDT9",FALSE,0.000214568808893484
1.13382811368857,3.81073816770938,45.7712308216459,1.43716125019416e-05,0.000209060814523657,"SIGLEC1",TRUE,
0.337051621257507,7.29066537438498,43.7508104809915,1.45111316416457e-05,0.000210504741956784,"RNF13",FALSE,0.000216704346541492
-1.49202984923934,2.95610111297669,48.1004143472314,1.45239775290566e-05,0.000210504741956784,"SLCO4A1",FALSE,0.000216704346541492
-0.324461984689543,10.286764323974,43.658010316825,1.46729532880523e-05,0.000212275864357078,"RPS5",FALSE,0.00021851328166971
0.31023548061326,8.24583876761131,43.5737124531706,1.48217500413756e-05,0.000214037949595676,"FYB1",FALSE,0.000220312729860296
0.384023666200497,5.08179631416704,43.4380791007804,1.50648184224128e-05,0.000217059492763544,"TRPM2",FALSE,0.000223210037532989
0.6846962200169,4.71523149004742,43.6317911968508,1.51130587086392e-05,0.000217059492763544,"QPRT",FALSE,0.000223210037532989
-0.538936251263888,5.31232694018573,43.4046156781778,1.5125491233751e-05,0.000217059492763544,"UBE2Q2",FALSE,0.000223210037532989
-1.0503463217254,3.14086039611505,43.3902071327021,1.51517020090683e-05,0.000217059492763544,"ZBTB46",FALSE,0.000223210037532989
0.788890887117278,2.70137938904846,43.3676914063377,1.5192765331272e-05,0.000217059492763544,"SOWAHC",FALSE,0.000223210037532989
0.480599909153493,5.44157461047942,43.3550043902512,1.52159597998448e-05,0.000217059492763544,"PLXND1",FALSE,0.000223210037532989
1.02633143739219,5.88248730164848,60.3626038269461,1.52869546596803e-05,0.000217059492763544,"LGALS3BP",FALSE,0.000223210037532989
-0.308739362640968,8.52580804009477,43.3161726424919,1.52872056939928e-05,0.000217059492763544,"CCNI",FALSE,0.000223210037532989
-0.281920486664378,5.87889544304533,43.3144148359674,1.52904398655934e-05,0.000217059492763544,"CUL3",FALSE,0.000223210037532989
0.487735386191527,4.78042090654995,43.2882414378976,1.53386892668226e-05,0.000217059492763544,"ATG7",FALSE,0.000223210037532989
0.516369201615063,8.25139884072542,46.0736202580032,1.54040463958437e-05,0.000217059492763544,"CYBB",FALSE,0.000223210037532989
-0.418106505856189,5.84452883684367,43.2471268073391,1.54148361334503e-05,0.000217059492763544,"PRCP",FALSE,0.000223210037532989
0.40890432227371,4.65434478845064,43.2453326026402,1.54181690000916e-05,0.000217059492763544,"MOCS2",FALSE,0.000223210037532989
-0.462688524141831,9.83810775569043,44.109408687193,1.54337324832716e-05,0.000217059492763544,"HERPUD1",FALSE,0.000223210037532989
-0.367197579234757,10.8309167489778,43.2326941943611,1.54416692631986e-05,0.000217059492763544,"RPL35A",FALSE,0.000223210037532989
0.324582028761176,6.06632389222771,43.2112607296781,1.54816175745615e-05,0.000217235865718803,"NUCB1",FALSE,0.000223377625004388
-0.835868562284539,3.38724019715076,43.0428547599159,1.57996670112971e-05,0.000221306996582268,"MOB3B",FALSE,0.000227549866023764
0.502481376549473,5.3037824836685,43.0068540179017,1.58686287133349e-05,0.000221880931991744,"NCK2",FALSE,0.000228126016430022
-1.71187221170032,5.58310117372439,75.4485018209171,1.59467384900755e-05,0.000222580533009364,"GPAT3",FALSE,0.000228831340300209
0.42129419751521,8.41723417304801,42.9262103799018,1.60243667770263e-05,0.000223270966271115,"CSF1R",FALSE,0.000229461779234564
1.22998466895667,5.7612134642814,64.6111229524042,1.60860018554369e-05,0.000223274493319121,"SLC40A1",FALSE,0.000229461779234564
0.943558881516446,6.54439390972743,59.6255689208921,1.61242076907616e-05,0.000223274493319121,"CEBPA",FALSE,0.000229461779234564
-0.350112840965828,11.4624410302538,42.8661276488039,1.61415410368747e-05,0.000223274493319121,"RPL30",FALSE,0.000229461779234564
-1.88411808560786,1.15224142940855,42.86106261442,1.61514639011618e-05,0.000223274493319121,"CALCRL",FALSE,0.000229461779234564
-0.425932962907307,8.28047824349938,42.8539378715325,1.61654337998456e-05,0.000223274493319121,"COMMD6",FALSE,0.000229461779234564
0.572034635706926,4.70327440194423,42.7254614286189,1.64197453806144e-05,0.000226392593700019,"TPCN1",FALSE,0.000232652435446907
-0.409980882597627,4.72766102102594,42.6966171718724,1.64774715497732e-05,0.000226794087580906,"SPOPL",FALSE,0.000233051204432878
-0.461291439164711,6.51345673562598,42.8896715101297,1.66170193211087e-05,0.000228105612919979,"MKNK2",FALSE,0.000234357493053531
-0.329337744636742,7.2880149002915,42.6174855247139,1.66370405112889e-05,0.000228105612919979,"DNTTIP2",FALSE,0.000234357493053531
-0.351870446206131,6.27777344636227,42.6066268443078,1.66590754138078e-05,0.000228105612919979,"CAMK1D",FALSE,0.000234357493053531
0.524953185744989,4.66833112630752,42.4860909380357,1.69059399034893e-05,0.00023108670957735,"ANAPC13",FALSE,0.000237406407414774
0.738858278558167,3.82669582477263,42.4588662184477,1.69622785769598e-05,0.000231457735900409,"SAMD4A",FALSE,0.000237773719980942
-0.550064219318033,4.82752399799849,42.4344104807614,1.70130713081165e-05,0.000231751940430838,"PDZD8",FALSE,0.000238062123917126
0.663815003982561,6.11507287373834,48.6105834485052,1.71623298533284e-05,0.000233013645545711,"SCPEP1",FALSE,0.000239303057048476
0.984279680782449,3.93746242457697,44.1842053303215,1.71912784599096e-05,0.000233013645545711,"SCARB1",FALSE,0.000239303057048476
-0.454789405920629,6.7803934879086,42.5496708047337,1.7215057654829e-05,0.000233013645545711,"HNRNPUL1",FALSE,0.000239303057048476
-0.587147447678625,8.32345900273479,48.0877399599811,1.72232588660175e-05,0.000233013645545711,"PDE4B",FALSE,0.000239303057048476
-0.306592525241973,5.80554602702883,42.2001994479672,1.75084733917047e-05,0.000236468785433449,"TAF15",FALSE,0.000242837593978608
-0.799937278574966,3.8627335705498,42.0867182227239,1.7754462798927e-05,0.000239383301139274,"SATB1-AS1",FALSE,0.000245816622020996
-0.584108982386876,5.2848771479816,43.2177662126291,1.81923044373756e-05,0.00024487027093296,"RNF168",FALSE,0.000251436797118675
0.334005326345659,5.38632653926981,41.8193483261006,1.83499109312611e-05,0.000246573040445828,"ERLEC1",FALSE,0.000253170925247767
-0.356255404756919,5.55271393691075,41.7770465585949,1.84462089115649e-05,0.0002474476214059,"HPS5",FALSE,0.000254054604554735
-3.36333833122148,3.14657843438524,66.4454368876905,1.85635487040566e-05,0.000248402082199969,"TRH",FALSE,0.000254983103580534
0.465647844884044,5.73752322927542,41.718683867081,1.858002456415e-05,0.000248402082199969,"ANKH",FALSE,0.000254983103580534
0.882303909572464,4.17660875453996,43.3943703061379,1.86166814925606e-05,0.000248407432255213,"SEPTIN10",FALSE,0.000254983103580534
0.310858274910292,6.51949161438455,41.6913454718748,1.8643090589285e-05,0.000248407432255213,"CD4",FALSE,0.000254983103580534
0.443094674342391,5.48493917200399,41.6134601804013,1.88241157981443e-05,0.00025039864101961,"PNKD",FALSE,0.000257012797673796
-0.463838453824132,5.19733234201912,41.5736644661401,1.89173910885418e-05,0.000250812098876087,"TMX4",FALSE,0.000257408828318772
-0.457933848865465,6.15260408186199,41.6425218510896,1.89184706266272e-05,0.000250812098876087,"SP3",FALSE,0.000257408828318772
-0.297802128401409,7.46318810991213,41.5483832313199,1.89769226882483e-05,0.000251167016815413,"AP1S2",FALSE,0.000257758960237966
-0.329350987167974,8.82931981956588,41.5240837839901,1.90343455688846e-05,0.0002513989822983,"COTL1",FALSE,0.000257968891568391
1.07245351197294,3.75254680489406,43.0784219898343,1.90578693694851e-05,0.0002513989822983,"CYP27A1",FALSE,0.000257968891568391
-0.304573338918069,10.8039217436415,41.4363303039536,1.92433894413343e-05,0.000253424570582888,"RPL6",FALSE,0.000260033313925955
-0.351457422126568,11.8141412763561,41.411365626133,1.93033412071491e-05,0.000253792519221026,"RPL28",FALSE,0.00026039678429781
-0.422037006564916,6.4417277511026,41.3929418197596,1.9347723093805e-05,0.000253954881933255,"TOB1",FALSE,0.000260549337663241
0.55943107024968,4.48655552380749,41.3511160384589,1.94489153520992e-05,0.000254585592680955,"MAPK3",FALSE,0.000261154505468074
-0.319746558797257,9.78481595669449,41.3394924833671,1.94771450921072e-05,0.000254585592680955,"EEF1G",FALSE,0.000261154505468074
0.578873656923432,3.77768086408671,41.3333382135692,1.94921108422477e-05,0.000254585592680955,"ARHGEF10L",FALSE,0.000261154505468074
0.48055897342154,7.06245459648753,42.6179571799393,1.95285787190909e-05,0.00025464238829762,"NFIC",FALSE,0.000261198884803053
-0.713653433709982,4.31567421891245,41.4395550233862,1.95626990283023e-05,0.000254668436611462,"NET1",FALSE,0.000261211767703331
-0.469842065046979,4.72243793399534,41.2772697904223,1.96290670427821e-05,0.000255113513959305,"RBBP8",FALSE,0.000261654467280943
0.827121006516572,3.00232371468003,41.2619422000942,1.96666995817034e-05,0.000255184278696799,"HELLPAR",FALSE,0.000261713275852465
0.318669700211653,7.94151105015191,41.2455007675572,1.97071591232242e-05,0.000255291433870786,"CAPZB",FALSE,0.000261809442787116
-0.330198643471017,7.64533959183769,41.2006796557053,1.98179433105808e-05,0.000256307756225586,"IL13RA1",FALSE,0.000262837975422147
-1.19808381009723,2.49571684042684,41.1245287481779,2.00078117624493e-05,0.000257681186525835,"LRG1",FALSE,0.000264205240520955
-0.627363021364299,4.88970724218111,41.9588170104503,2.00155770225634e-05,0.000257681186525835,"OGDH",FALSE,0.000264205240520955
0.306917619581201,7.43264875166821,41.1190126674385,2.00216461780921e-05,0.000257681186525835,"LGALS9",FALSE,0.000264205240520955
-0.452778794782007,7.69777600244747,41.9014062797837,2.00764151762219e-05,0.000257881180270942,"MNDA",FALSE,0.000264383067345641
-0.395076307584754,6.05366852838549,41.086964548683,2.01022413480629e-05,0.000257881180270942,"PIP4K2A",FALSE,0.000264383067345641
0.71983190255775,8.18535310685573,52.075572858979,2.03644480049595e-05,0.000260822849407624,"SLC1A3",FALSE,0.000267385202305119
-0.823504392507605,3.51897921394727,40.9410544622506,2.04739276892518e-05,0.000261802094710303,"TRAF4",FALSE,0.000268375378262771
1.55803589532127,2.37404879857039,40.815250239781,2.08007534203767e-05,0.000265552935775759,"FABP3",FALSE,0.000272206537285261
-0.330865135377279,10.9922013924816,40.777177041392,2.09008434256759e-05,0.000266120429142326,"RPL18",FALSE,0.00027276061321512
0.38979576103157,5.64548574182012,40.7728174940545,2.09123394747312e-05,0.000266120429142326,"CORO1C",FALSE,0.00027276061321512
0.295228152029544,7.6279963054064,40.7342950454497,2.10142391731489e-05,0.000266988602828084,"CLTA",FALSE,0.000273636654886061
-0.312846953117132,8.0091115863568,40.647937707256,2.12447539796956e-05,0.000269485455281643,"MSN",FALSE,0.000276181801736043
0.34726206076591,5.98380695569281,40.5971511877857,2.13816768619227e-05,0.000270789032206587,"AIG1",FALSE,0.000277503872023439
0.562423051206097,5.92293057039645,43.2740133434721,2.1436202619094e-05,0.00027104659388226,"TCEAL3",FALSE,0.000277753954330958
0.327411517158249,5.72462158432457,40.4211195340646,2.1864184917575e-05,0.000275694292984637,"MCRIP1",FALSE,0.000282474631190488
-1.30556024092563,2.65194178744634,41.6688276528177,2.18818237542588e-05,0.000275694292984637,"LDLRAD3",FALSE,0.000282474631190488
-0.921120783909607,3.47590001163747,40.4053209319726,2.19080984586682e-05,0.000275694292984637,"TUBB6",FALSE,0.000282474631190488
0.469424700661063,4.49332081232861,40.3743047960962,2.19946058301924e-05,0.000276344271032909,"TMEM106B",FALSE,0.000283126641716104
-0.283216467171867,9.66444331207861,40.3204129649521,2.21458521564498e-05,0.000277804297304327,"RPL7",FALSE,0.000284608520862173
-0.33507090173543,11.5521542870717,40.2855680568756,2.22442804579024e-05,0.00027859819189613,"RPL11",FALSE,0.000285407885093412
-0.322336355103376,9.78055659732318,40.2632773839475,2.23075100268457e-05,0.000278949431376708,"RPL27",FALSE,0.00028575376258779
0.440816075948216,4.50487895488726,40.2322293504206,2.2395925485886e-05,0.000279614011420636,"GALM",FALSE,0.00028642061847047
0.966419307627689,3.68963481432936,40.3612115266583,2.25839841597166e-05,0.000281518594997223,"AK1",FALSE,0.000288357580567662
-0.949567610331145,4.52312615813552,47.1446070035745,2.30813763471675e-05,0.000287100233056314,"CREB5",FALSE,0.00029404642912612
-0.282120800873422,10.6765715039126,39.9884960864293,2.31041812171958e-05,0.000287100233056314,"RPL5",FALSE,0.00029404642912612
-1.20693993646905,1.35331240437116,39.8985005412814,2.33721834575117e-05,0.000289976010095701,"BCR",FALSE,0.00029697751819077
-0.688834621592734,4.27439625190014,39.7559550516889,2.38040284026847e-05,0.000294872401838257,"EIF2AK3",FALSE,0.000301977674325845
-0.544098587216447,4.28363111617874,39.7301552616598,2.38831666846549e-05,0.000294988102895583,"SC5D",FALSE,0.000302038765055448
1.322108975919,4.79706894974352,54.4795660258732,2.39263488296715e-05,0.000294988102895583,"CXCL12",FALSE,0.000302038765055448
-0.46514262450867,7.38998340772639,40.9977978083222,2.39307245467325e-05,0.000294988102895583,"RANBP2",FALSE,0.000302038765055448
0.408285434683187,5.22321347348387,39.7044869606131,2.39622021020126e-05,0.000294988102895583,"APH1B",FALSE,0.000302038765055448
0.337041038746328,7.19765826041217,39.6779565373313,2.40442084240707e-05,0.000295538735482222,"SERPINB6",FALSE,0.000302588297068418
0.398224057646825,6.26513318708493,39.6652822822455,2.40834988361483e-05,0.000295563434633102,"LPIN2",FALSE,0.000302599368151797
-0.594310957899872,5.26975285550864,41.2734285854087,2.42075228037238e-05,0.000296626338157531,"AC008105.3",FALSE,0.000303673351349898
-1.02061914799994,5.93538481525639,57.4933287363518,2.43612241638275e-05,0.000298049051189544,"RALA",FALSE,0.000305115618382565
-0.798409784817664,5.7947211530153,50.7275487652784,2.46292163313386e-05,0.000300863523998231,"JARID2",FALSE,0.000307982486124262
-0.343631581062385,11.8939662284247,39.415627165067,2.48726937392144e-05,0.000303068371681646,"RPS12",FALSE,0.000310210762268309
-0.336358780210776,5.83136400143335,39.4114453094549,2.48861642236064e-05,0.000303068371681646,"ALG13",FALSE,0.000310210762268309
-0.260753711202649,6.69025095975814,39.3907239779651,2.49530351668113e-05,0.00030341666074,"NR3C1",FALSE,0.000310552940038135
1.03223484954946,4.08381499374007,42.9082042644176,2.51833976003657e-05,0.000305450562396871,"TCN2",FALSE,0.000312605983971473
0.353350429825765,8.06576825475114,39.3155544563487,2.51973597133645e-05,0.000305450562396871,"APBB1IP",FALSE,0.000312605983971473
1.10278894407845,3.10748078756726,39.2710797721382,2.53432117272602e-05,0.000306707944309568,"KIFC3",FALSE,0.000313864189308492
-0.356050447002,5.92274584697179,39.2603764172326,2.53784575513467e-05,0.000306707944309568,"SUPT6H",FALSE,0.000313864189308492
0.479780465254772,5.10821326124935,39.2231530570633,2.55014727033965e-05,0.000307354717301009,"LYPLAL1",FALSE,0.000314469205988107
-0.869440197043155,2.2939793606703,39.2036748605043,2.55661172089332e-05,0.000307354717301009,"IFITM1",FALSE,0.000314469205988107
0.373554748695655,5.59811365900529,39.2019641569557,2.55718037139252e-05,0.000307354717301009,"RTCB",FALSE,0.000314469205988107
0.466851243785239,4.97703440000807,39.1973804084112,2.55870476057853e-05,0.000307354717301009,"CRYL1",FALSE,0.000314469205988107
-0.395033668515725,7.85268366181421,39.1437120181754,2.57663091573579e-05,0.000309039786686132,"TAGLN2",FALSE,0.000316179102089821
0.307117302712646,7.7070690414927,39.113383343626,2.58682507662882e-05,0.000309793794675427,"MFSD1",FALSE,0.000316936360088364
0.578517540285528,6.43040064914056,43.2926007554247,2.59552264176771e-05,0.000310366568686793,"UCP2",FALSE,0.00031750818900382
0.270797937275708,11.0203599261584,38.9529270830067,2.64153625640823e-05,0.000315393063867537,"ITM2B",FALSE,0.000322636009736187
0.440343592310147,8.31399614434003,39.6307659232707,2.64963205972506e-05,0.000315883954428575,"HSPB1",FALSE,0.000323123860162755
-0.453827179560948,5.10309362631158,38.855862583512,2.67527842063296e-05,0.000318409595193047,"FAM102B",FALSE,0.000325664370774138
0.493352590946267,4.42895866912166,38.8452592686791,2.67899435825042e-05,0.000318409595193047,"GIPC1",FALSE,0.000325664370774138
0.952784281269868,3.7919838388994,39.4578571991007,2.68286591307966e-05,0.000318409595193047,"GIMAP5",FALSE,0.000325664370774138
1.48795938878367,5.31689283523628,60.58869482695,2.69120472834904e-05,0.000318519445033419,"NPL",FALSE,0.000325748256183938
0.335376853767921,6.22639574031939,38.8087719735225,2.69182679329454e-05,0.000318519445033419,"ME2",FALSE,0.000325748256183938
0.580729752950377,4.32187078479066,38.7951960058597,2.69661944370615e-05,0.000318611012663225,"TPST2",FALSE,0.00032582772971652
0.255313324718088,9.45517579737475,38.7556364038746,2.71064102548141e-05,0.000319791101934771,"HLA-DMA",FALSE,0.0003270203675152
-1.3344845009954,5.75687671702724,63.0436313766609,2.74186851402745e-05,0.000322994555411732,"SATB1",FALSE,0.000330281959533765
1.07558002701282,2.97193976101349,38.6356576928429,2.75368214537888e-05,0.000323904926536555,"PRR5",FALSE,0.000331198594523585
-1.59059527905474,1.50188116490434,38.618456353711,2.75991715629073e-05,0.000324157380964043,"CYFIP2",FALSE,0.000331442490202109
0.28733757059018,6.21980290857774,38.4106574643497,2.83653606756058e-05,0.000332663579047637,"HLA-DOA",FALSE,0.000340125283717538
-0.555906531245402,5.54189363837777,40.1735623826275,2.8565561202871e-05,0.000334516645814419,"SMIM14",FALSE,0.000342005305708538
-1.82677472173023,4.07443640390624,57.695671233129,2.86124987314808e-05,0.000334572109060737,"TUBA4A",FALSE,0.000342047443105624
-0.365632133011171,11.5520894544687,38.2970117596151,2.87947278560413e-05,0.00033620707281693,"RPL34",FALSE,0.000343704342499839
-0.944228293689812,3.44908545314299,38.4840833746363,2.89225610030935e-05,0.000337203034753713,"SLC7A1",FALSE,0.000344707920699501
1.24768482510664,8.84426991041299,62.7309085632557,2.89946301662843e-05,0.000337367547306613,"APOC2",FALSE,0.00034484702608141
-0.58653748617238,5.7759577470874,41.9802383926695,2.9021779422693e-05,0.000337367547306613,"MARCKSL1",FALSE,0.00034484702608141
-0.328056342062131,10.4951537963003,38.0252189373095,2.98522627106426e-05,0.000346513526749597,"RPL36A",FALSE,0.000354180912100064
-0.556711713401715,6.51332275796047,42.0801371248645,3.00011015854995e-05,0.000347732066330175,"SEPTIN6",FALSE,0.000355411546301601
-1.00121940027583,2.57422072681634,37.9162105995819,3.02889128235714e-05,0.000350555475715729,"CDC42EP2",FALSE,0.000358282365201345
-0.328808828657836,7.07595906883725,37.8183789555605,3.06870582017968e-05,0.000354592460029691,"EIF3L",FALSE,0.000362363254959502
0.320442974760858,6.99973129147162,37.7987725798238,3.07675725524946e-05,0.000354592460029691,"RB1",FALSE,0.000362363254959502
0.265955173900368,6.83274648473693,37.7977207854103,3.07718986504071e-05,0.000354592460029691,"TMED10",FALSE,0.000362363254959502
-0.553694291221061,3.91114464720573,37.6766026789172,3.12747775202708e-05,0.000359864203455308,"PPM1F",FALSE,0.000367735369111483
0.289954262918634,6.44799877315546,37.6393466440235,3.14313600474391e-05,0.000360892583411926,"PARP1",FALSE,0.000368755975380796
1.86754117378144,4.25593261782257,55.706681746119,3.14551936349194e-05,0.000360892583411926,"GAL3ST4",FALSE,0.000368755975380796
-1.74734949937653,5.07575625849255,62.5746546342486,3.16118655543185e-05,0.000362165997275487,"CRYBG1",FALSE,0.000370042016102408
-0.274489554910296,7.859111017601,37.5579414717655,3.17766443831749e-05,0.000363528480043017,"GAS5",FALSE,0.000371418997701264
-0.664689747123204,4.15444414987035,37.4196175820455,3.23734084610622e-05,0.000369821876483143,"AL592295.5",FALSE,0.000377833647194442
-0.296643817883485,10.1470835595075,37.3693672307019,3.25933860338927e-05,0.000371799085577988,"RPL22",FALSE,0.000379838306471903
-1.11496719391692,1.9673236898984,37.3420310907644,3.27137754925022e-05,0.000372552079634268,"STK39",FALSE,0.000380576888623916
-0.32573746887265,10.3710228689955,37.3330635296253,3.27533803613881e-05,0.000372552079634268,"RPL23A",FALSE,0.000380576888623916
-0.325109913217407,12.4289955232375,37.2906597540072,3.29414035394596e-05,0.000374153935903776,"RPL41",FALSE,0.000382197904394495
-0.380270119478783,6.59434767608284,37.2365109348673,3.31833134992748e-05,0.000376362388300787,"FNBP1",FALSE,0.000384438446687186
0.533258756763304,5.28764678791,37.2177743976665,3.34579909693599e-05,0.000378453760845936,"PTGS1",FALSE,0.000386543881792611
-0.320037841477137,6.52279076425748,37.1744298417779,3.34631794088044e-05,0.000378453760845936,"PURB",FALSE,0.000386543881792611
-0.417522062706317,6.58901431731095,37.1382483606094,3.3627540104529e-05,0.000379770851778784,"MYH9",FALSE,0.000387873734909926
-0.317107736958166,7.44773979785947,37.1033444814424,3.37869777030434e-05,0.000380988471322509,"MZT2B",FALSE,0.000389086584490971
1.41888938206915,11.0160225041448,63.1286700082824,3.38314686946325e-05,0.000380988471322509,"C1QA",FALSE,0.000389086584490971
-0.616517701962087,3.93279400785341,37.0022510912211,3.42536920911257e-05,0.000385196128933964,"SMAD3",FALSE,0.000393368201594589
-0.964566008648703,3.58381234351155,38.4635579911414,3.43111342915687e-05,0.000385295570344981,"STRBP",FALSE,0.000393454317247421
0.419202015748735,4.95683259127376,36.9484217266465,3.45052279070904e-05,0.000386927081820952,"CHID1",FALSE,0.000395104920715201
-0.312424855494472,10.1044099129044,36.9322033560694,3.45814297733121e-05,0.000387233863337314,"RPLP0",FALSE,0.000395402763068436
-0.537588994140622,4.57603380917826,36.9171545524667,3.46523096356046e-05,0.000387480269098834,"BANP",FALSE,0.00039563897870912
-1.25157180805224,1.55954606514133,36.8815761526923,3.48205495190415e-05,0.000388813121953466,"PDGFRB",FALSE,0.000396984499437061
-0.694069995392308,5.10505110919077,40.8484769683094,3.53278007555099e-05,0.000393922369043154,"CERS6",FALSE,0.000402185569872698
-1.6002359516305,4.62314718778698,56.7824165082366,3.61847623766264e-05,0.000402787780997015,"CNN2",FALSE,0.000411189512633098
-0.329643539412369,8.93617482601442,36.584060421893,3.62648011312025e-05,0.000402787780997015,"SKIL",FALSE,0.000411189512633098
-0.477103686330946,6.09436261516651,37.9462268803279,3.62752870373195e-05,0.000402787780997015,"HIPK2",FALSE,0.000411189512633098
-0.267717558761502,7.22324218824468,36.5683335767656,3.63430423398678e-05,0.000402975719818842,"GPBP1",FALSE,0.000411365643036607
0.476159843730223,6.33028456223478,37.9889595592771,3.64637170838605e-05,0.00040374909083917,"LRP1",FALSE,0.000412139401989459
-0.323587710887311,10.9466903702494,36.5323262431314,3.65229115698586e-05,0.000403840506172718,"RPL29",FALSE,0.000412217044910237
0.37777681786592,5.01198135737541,36.5083146696506,3.66434269485299e-05,0.000404608758841149,"LILRB1",FALSE,0.000412985575823345
-0.669340938778886,9.82333380301382,45.6920615421168,3.67683429714344e-05,0.000405109450481223,"CXCR4",FALSE,0.000413465414954558
-0.464579989190132,4.05554999665587,36.4790416205924,3.67909692667104e-05,0.000405109450481223,"USP37",FALSE,0.000413465414954558
-0.344796233451738,8.44524670016334,36.462084702576,3.6876748250505e-05,0.000405332625562824,"DDX21",FALSE,0.000413646672446368
-0.528865274072316,4.79742506284616,36.4491420358793,3.69423754091017e-05,0.000405332625562824,"MBOAT7",FALSE,0.000413646672446368
0.658147579832811,5.40239343219576,40.163049394292,3.69646175935825e-05,0.000405332625562824,"PRXL2A",FALSE,0.000413646672446368
0.471075441301568,5.06053907278685,36.2991941955485,3.77125801744626e-05,0.000412963170750193,"HERC5",FALSE,0.000421418023566548
-1.88576595248227,3.57211165703564,47.8032967528954,3.82691040759469e-05,0.000417927227516763,"CCL17",FALSE,0.000426447830156527
0.576298588082195,3.86629280040979,36.1926001919534,3.82713379385935e-05,0.000417927227516763,"SORBS3",FALSE,0.000426447830156527
0.356777611319067,5.58411155103022,36.175976255298,3.83593350963016e-05,0.000417953945996151,"SMIM7",FALSE,0.000426447830156527
0.757710433602309,4.42660215812589,37.4600507522791,3.83792220844094e-05,0.000417953945996151,"GIMAP7",FALSE,0.000426447830156527
0.485184397647596,4.2107269227654,36.1555645392366,3.84677010247552e-05,0.000418342844614896,"UNC5B",FALSE,0.000426828941792988
0.393958147203064,5.82856044823025,36.1105900294939,3.87077162061898e-05,0.000420376402852977,"GOLIM4",FALSE,0.000428888028512466
-0.29420568961191,9.51047773516751,36.0815399508186,3.88636633331175e-05,0.000421492644192825,"RPL31",FALSE,0.000430011151317836
-0.340811580313647,11.423322233561,36.0541761520144,3.9011219538901e-05,0.000422514956973234,"RPL39",FALSE,0.00043103841167947
0.370285990708435,7.40437944795201,36.0283995157473,3.91508069344752e-05,0.000423448291100299,"JPT1",FALSE,0.000431974869789629
0.275434091681612,7.41931627857916,35.9968486431557,3.93224461257659e-05,0.00042472527641018,"SOD1",FALSE,0.000433261860949348
-0.901005509149204,3.39235970004074,35.9758287401772,3.94372765051077e-05,0.000425041070841501,"LMNB1",FALSE,0.00043355269554332
-0.659474987868809,3.71243751163537,35.9718768111258,3.94589086956792e-05,0.000425041070841501,"FAM117B",FALSE,0.00043355269554332
-0.472161955689695,5.34413419555033,35.9535066725392,3.95596430962802e-05,0.000425547965355915,"DOCK5",FALSE,0.000434054134139966
0.362968920198449,5.91838581746291,35.9198932768346,3.97447322643158e-05,0.000426959671262189,"ACAA2",FALSE,0.000435478443363393
-0.295447987581768,7.68536782186104,35.8840738238272,3.99430662586685e-05,0.000428509647224254,"NABP1",FALSE,0.000437043716646931
-0.281829327107531,10.0373657154496,35.8484453868393,4.01414729173968e-05,0.000430020500896092,"RPL38",FALSE,0.00043855342402782
-0.327082498017872,11.0156168254187,35.8393364546201,4.01923803183658e-05,0.000430020500896092,"RPS3",FALSE,0.00043855342402782
1.24285863552039,3.35556120013155,38.0470678884389,4.08558028098257e-05,0.000436529386356197,"PLA2G7",FALSE,0.000445175677089636
-0.305953503805236,6.26574795777675,35.6868989801055,4.10554326389004e-05,0.000437439352968174,"CUX1",FALSE,0.000446025211682686
-0.336861857647691,11.6114887408813,35.6689020751497,4.11587255279426e-05,0.000437439352968174,"RPS23",FALSE,0.000446025211682686
0.752132009316364,6.12725400698067,45.205590320186,4.12097122104059e-05,0.000437439352968174,"FCHO2",FALSE,0.000446025211682686
0.482296070963635,4.74887450611654,35.6598226144234,4.12109503613106e-05,0.000437439352968174,"COPRS",FALSE,0.000446025211682686
1.36365016527752,6.21476731129719,58.1774214756071,4.12168512446047e-05,0.000437439352968174,"STAB1",FALSE,0.000446025211682686
0.9898797130321,5.2184383675661,46.3151886310967,4.13069508164119e-05,0.000437809500096943,"IGF1",FALSE,0.000446387048740319
-1.18821801770392,2.6753954480986,35.6240483648577,4.14174662392454e-05,0.000438394756134496,"ACKR3",FALSE,0.000446968217853117
0.370276278477801,5.3037854352366,35.614176911007,4.14746611097942e-05,0.000438414817704598,"DCTN4",FALSE,0.000446973160359725
-1.96861916882484,1.6100811266963,40.2254300001889,4.18451318967159e-05,0.000441741951634039,"PLCB1",FALSE,0.000450349657216295
0.458250907389445,4.52147206075394,35.5381040217864,4.19184859727647e-05,0.000441927868074572,"SLC37A2",FALSE,0.000450523645966494
0.352861068134867,6.77194245244801,35.5015529036306,4.21336744559219e-05,0.000443606601708564,"TGFBR2",FALSE,0.000452219465073233
0.657903462811296,4.49702986425809,35.6374066300549,4.22719252487681e-05,0.000444471914286782,"WLS",FALSE,0.000453086023278633
0.300734886076182,6.83099085608741,35.3819714079651,4.28466222233035e-05,0.000449917908591193,"OS9",FALSE,0.000458621861243458
0.261141802408727,6.02922392049869,35.312151505737,4.32693042372516e-05,0.000453660416963457,"VAMP3",FALSE,0.000462405232967721
-1.78096340230688,3.28556022832755,46.0261281043416,4.33174742231757e-05,0.000453660416963457,"CFP",FALSE,0.000462405232967721
0.772655029461109,7.13545348250584,46.0036835820797,4.34075177555617e-05,0.000454003694942075,"CYFIP1",FALSE,0.00046273941120205
-1.51919277239232,0.236948186892444,35.2744967013822,4.3499252505176e-05,0.000454363733677253,"BMP6",FALSE,0.000463090690859157
-1.31703463849707,4.11953809997113,45.7421960249789,4.4473236931978e-05,0.00046392608210095,"MYO1G",FALSE,0.000472820729487345
-0.368521951686049,5.24694623786648,35.0990985731165,4.45890624301054e-05,0.000464523110309955,"CHRAC1",FALSE,0.000473413253132575
0.6746253935585,4.17780143632665,35.0474368443912,4.49160201951913e-05,0.000467315233736846,"TP53I11",FALSE,0.000476242809014424
-0.303349489560237,5.46905197005232,34.9120658119868,4.57859239908538e-05,0.000475741553603524,"ATF7IP2",FALSE,0.000484813856451541
-1.03045337067881,6.40148116537861,52.4261363603794,4.61972545490355e-05,0.000479387217362243,"GAPT",FALSE,0.000488512713204432
-0.475270404557805,4.91092500513001,34.8329636319924,4.63032071320689e-05,0.000479858596265415,"LPIN1",FALSE,0.000488976763788792
0.321429144481091,9.96190116174239,34.7975588666257,4.65369100533707e-05,0.000481650943737758,"AIF1",FALSE,0.000490786850603017
-0.53958436742562,5.40250247402624,36.1822071852437,4.66323733414629e-05,0.000482009720796764,"ZNF791",FALSE,0.000491136145967974
0.616864551417941,3.96523127512589,34.757900986911,4.68003003114699e-05,0.000483115600090278,"MMP14",FALSE,0.000492246683382857
-0.243797257231814,12.5534724584234,34.7411507525788,4.69120629056594e-05,0.000483639577003989,"TPT1",FALSE,0.000492764308761046
-1.11845364390635,5.78780744166743,51.8509716457064,4.71393581139213e-05,0.000485351728736582,"PLAC8",FALSE,0.000494492494302893
0.769138202986997,5.93335774800206,43.7745555463137,4.74010835949788e-05,0.000487413476966267,"MMD",FALSE,0.000496576777342079
0.342535962425903,5.54690169501754,34.641358123636,4.75843084357953e-05,0.000488663727045317,"SUCLG2",FALSE,0.000497834238854177
0.405715511160629,5.31877486509332,34.6112888503793,4.77890359392815e-05,0.000489853964750432,"RGS12",FALSE,0.000499014277429185
0.381447923826822,4.82366790831468,34.6061997859132,4.78237851560084e-05,0.000489853964750432,"SLC46A3",FALSE,0.000499014277429185
-0.371427481593226,5.62819969183141,34.5745579461292,4.8040495797302e-05,0.000491195240436134,"ACOT9",FALSE,0.000500348182657282
0.352433370143968,7.14335503264861,34.5690046294351,4.80786461375428e-05,0.000491195240436134,"MGST3",FALSE,0.000500348182657282
-0.730330541462105,6.25374713995409,44.2189389661164,4.81836715597453e-05,0.000491634682272408,"FLNA",FALSE,0.00050077963660643
-0.408777364732463,4.48178854858605,34.5411008028867,4.82708690476616e-05,0.00049189132366306,"CENPW",FALSE,0.000501024909561895
-0.742018714986542,3.16679402689456,34.5275805298159,4.83643249355471e-05,0.000492210998830574,"HDGFL3",FALSE,0.000501334410318737
0.441047640913852,4.8455544458306,34.4016027175397,4.92451980495934e-05,0.000500533243765611,"AL392172.1",FALSE,0.00050979457323876
-0.297135878634019,11.776174616614,34.3544954221096,4.95793169139194e-05,0.000503284026240145,"RPS2",FALSE,0.000512579866991939
0.710987611284136,4.78578283412759,36.9626012999217,5.00083229833346e-05,0.000506989750143065,"ARHGAP12",FALSE,0.000516337573345622
-0.664319602490496,4.07836574017135,34.2727694964674,5.01651830971443e-05,0.000507930487348864,"BCAR3",FALSE,0.000517279204763486
0.942290747313495,4.99037280427041,42.5071382675694,5.03998736299697e-05,0.000509655864972449,"PPARG",FALSE,0.00051901987510706
-0.321500810612172,6.06034950541019,34.2180999780655,5.05615372789394e-05,0.000510639321716473,"TSPYL2",FALSE,0.000520004948672956
0.346594492984556,5.49072401995086,34.1608642558038,5.0980362203661e-05,0.000514214136832856,"MIEN1",FALSE,0.000523628805007095
1.67249585615951,11.345357424076,61.0232284372588,5.12431940085473e-05,0.000516208439770982,"C1QB",TRUE,
0.336665756544275,5.83289315373978,34.105446768912,5.13896897055146e-05,0.000516881567425612,"NCF4",FALSE,0.000526962542863268
0.31316657741215,5.79083048562825,34.0939180620401,5.14753180296831e-05,0.000516881567425612,"SUMF2",FALSE,0.000526962542863268
-0.378112501959596,5.01189536293697,34.0898455774949,5.15056052303524e-05,0.000516881567425612,"EIF4EBP2",FALSE,0.000526962542863268
2.21564496876381,6.93365714563465,63.3114573313143,5.25889558561608e-05,0.000526583626895291,"GPNMB",FALSE,0.000536818615539113
0.580941338669818,6.87331817473237,39.2249000431789,5.26052260975115e-05,0.000526583626895291,"FEZ2",FALSE,0.000536818615539113
0.276162552245161,7.96193460430496,33.9293922689436,5.27153815161546e-05,0.000527020863379664,"UQCR10",FALSE,0.000537246798944716
0.354811647779451,5.34126268632993,33.8845337603479,5.30594286199605e-05,0.000529510252184397,"CHCHD1",FALSE,0.000539749357855115
-0.705956902002053,3.19049216265769,33.8795303147747,5.3097962977623e-05,0.000529510252184397,"CCDC146",FALSE,0.000539749357855115
0.286445466049007,6.35826127681176,33.8639218194561,5.32183798585061e-05,0.00053004436622894,"BSG",FALSE,0.000540276284182102
1.92611826135609,6.97515333076219,60.3334377154494,5.3835843114824e-05,0.000535521410557497,"PLTP",FALSE,0.000545841405480803
-1.82075434715439,1.42126440094798,35.9704355208642,5.42772449753181e-05,0.000539235586672082,"ATP2A3",FALSE,0.000549609429197372
0.285427400945454,6.35145349279976,33.6799792700979,5.46613955629814e-05,0.00054237239552355,"LMAN2",FALSE,0.000552788798774284
-0.372997680919942,5.10903608010028,33.6453372902709,5.49381695211511e-05,0.000544437259954607,"BZW2",FALSE,0.000554875512163626
0.26103303210816,6.59311548114202,33.6204870327832,5.51377053033064e-05,0.000545732493938344,"TGFBI",FALSE,0.000556177775133736
0.496882888796146,4.48599904162015,33.5822350267579,5.54464826269779e-05,0.000547663722787513,"WIPI1",FALSE,0.000558110370557299
-0.266505586485018,7.77273201643355,33.579210115528,5.5470985040158e-05,0.000547663722787513,"PCBP2",FALSE,0.000558110370557299
0.729466445229989,4.14109515865483,33.7085381286144,5.58671318992919e-05,0.000550888832957197,"HECTD2",FALSE,0.000561379164671711
-0.250501678874548,8.88092737492165,33.4976959768017,5.61359815096169e-05,0.000552723153711273,"PTPRC",FALSE,0.00056319500584429
0.269994938673921,7.25148700092984,33.482338825179,5.62622902625194e-05,0.000552723153711273,"TMEM59",FALSE,0.00056319500584429
0.471965868824576,5.16639363383467,33.4823365607692,5.6262308910822e-05,0.000552723153711273,"FAM20C",FALSE,0.00056319500584429
-1.16049385532572,3.14448708125102,35.6322638576661,5.64545517580487e-05,0.000553925354378478,"VAV3",FALSE,0.000564402231916126
0.515213621285423,5.5579347167902,34.6213590351512,5.68208253868586e-05,0.00055660491180469,"GM2A",FALSE,0.000567026390075326
0.318404176259165,5.5993669148105,33.4070246896848,5.68864839633061e-05,0.00055660491180469,"TK2",FALSE,0.000567026390075326
-0.884406160594118,4.46087727584025,38.8312897789693,5.6960272433488e-05,0.00055660491180469,"QPCT",FALSE,0.000567026390075326
-0.414521098503468,6.86265896935981,33.7334324797617,5.70538593347959e-05,0.00055660491180469,"SH3BP5",FALSE,0.000567026390075326
-0.307505862243281,6.86464775832803,33.3809223184697,5.71046735003159e-05,0.00055660491180469,"IRF2BP2",FALSE,0.000567026390075326
0.431189799108467,6.89374368644496,34.2467475414624,5.71488897841849e-05,0.00055660491180469,"GNB4",FALSE,0.000567026390075326
0.219708314332876,8.77022723441449,33.3560484954932,5.7313490011852e-05,0.000556909900125501,"TMBIM6",FALSE,0.000567302064947907
-0.620330719010529,4.51552631095547,33.8082745915074,5.73206960774986e-05,0.000556909900125501,"DGKD",FALSE,0.000567302064947907
-0.25609245134431,12.2989821173844,33.2720349359392,5.80253095662308e-05,0.000563065672265701,"EEF1A1",FALSE,0.00057355506745642
-0.321077855211565,7.46322753209657,33.1740761987063,5.88681619683096e-05,0.000570546195702639,"JAK1",FALSE,0.000581157117777372
-2.6155240045007,3.76562337771719,53.1247230501035,5.91867811867909e-05,0.00057245528531872,"LGALS2",FALSE,0.00058306607040671
-1.02475873534709,1.45377354958598,33.1348569945113,5.92095527196456e-05,0.00057245528531872,"SEMA3C",FALSE,0.00058306607040671
-0.353985234574775,5.68911204778095,33.0800690081925,5.96902857052162e-05,0.000576400225421381,"SBNO1",FALSE,0.000587066255662538
0.267943487248171,6.06194261164353,33.0568321713477,5.98955307077653e-05,0.000577678549210661,"ATP6V1E1",FALSE,0.000588350362737874
0.658140103466902,4.69901517760635,34.2738199584786,5.99714033105239e-05,0.000577707515730052,"COQ2",FALSE,0.000588362036463645
-0.265261835600406,10.8035988855981,33.0155111686723,6.02625176860383e-05,0.000579275533547016,"RPL9",FALSE,0.000589923353498066
-0.274572954728463,10.0064519105872,33.0135149540429,6.02803122068981e-05,0.000579275533547016,"EEF1B2",FALSE,0.000589923353498066
-0.437900122533843,4.7502728264654,32.9868702451254,6.05184064921199e-05,0.000580859475386836,"LY75",FALSE,0.000591518618293947
-1.25838832405424,1.71450593991089,32.9013338092508,6.12900954970955e-05,0.000587554869529593,"HAPLN3",FALSE,0.000598318924815512
-0.319305413386233,5.08105571389813,32.8588031326796,6.16780076311302e-05,0.000590559474033333,"SLC12A6",FALSE,0.000601360574403519
-0.524385385623914,4.95518439779255,32.8153370380016,6.20773731825598e-05,0.000593005218966816,"AKNA",FALSE,0.000603815036792098
1.40474963592758,2.38417604212178,33.1515170537153,6.20830388171617e-05,0.000593005218966816,"EYA2",FALSE,0.000603815036792098
-0.334028596878731,9.99017364228717,32.6938008714735,6.32099308543406e-05,0.000603042517224082,"RPS10",FALSE,0.000614017059519723
-0.507829105333275,4.15683637340586,32.6629312953897,6.35013691389322e-05,0.000605094777083479,"RASGRP2",FALSE,0.000616088406498162
-0.296840971331593,11.2207577866677,32.6282262154688,6.38308661496452e-05,0.000607504329933238,"RPS15",FALSE,0.000618523448372577
-0.434133881985942,5.42455310485182,32.6132089137975,6.3974052911518e-05,0.0006081370401469,"ELMSAN1",FALSE,0.000619149372035551
-0.384416763116326,4.97777890318716,32.6045710758782,6.4056580261387e-05,0.000608192297379972,"MAML3",FALSE,0.000619187410183076
0.36813289404185,4.88288399035907,32.5628840672572,6.44565910635934e-05,0.000611021796241008,"CLN5",FALSE,0.000622031587211531
-0.852809188991411,9.06383485278372,45.9126788534175,6.4508734038058e-05,0.000611021796241008,"S100A6",FALSE,0.000622031587211531
-0.361370735239359,8.02451702495022,32.5200600583789,6.48705078646142e-05,0.000613715258175013,"SUB1",FALSE,0.000624755331243802
0.288088618820501,5.93108240446944,32.4099061547613,6.59493304189781e-05,0.000623177939882787,"MRPS18C",FALSE,0.000634369749744456
-0.359790148234874,5.97015911370658,32.3987687848885,6.60595518957347e-05,0.000623476342177839,"LPXN",FALSE,0.0006346550607739
-0.268877238081827,5.44590813032495,32.3871407735657,6.61748552636816e-05,0.000623821941177727,"DAZAP1",FALSE,0.000634988440642246
-0.950345195205484,1.06905619019395,32.2815344832498,6.72327172406917e-05,0.000633041546655824,"TRIB2",FALSE,0.000644354436036702
-0.3032667419123,10.8268459167436,32.2520270845912,6.7531762884183e-05,0.000634083237294988,"RPL8",FALSE,0.000645358995074058
2.18931883667889,1.78658943159451,34.5561883742223,6.75326113998782e-05,0.000634083237294988,"FABP4",FALSE,0.000645358995074058
-0.223327695475779,8.14509966625988,32.2469578388736,6.75832915633533e-05,0.000634083237294988,"DDX17",FALSE,0.000645358995074058
-0.497520502241208,5.62433965912462,33.665915931786,6.76759764577874e-05,0.000634202294748627,"ACTN4",FALSE,0.000645461673770519
-0.302603223489946,9.88989755834558,32.2187395165249,6.78709578655462e-05,0.000635278576101594,"RPSA",FALSE,0.000646538580489447
-0.394267013981198,5.12459656533867,32.1947252753701,6.81168765388754e-05,0.000636828534434203,"MTMR6",FALSE,0.000648097528228576
-0.581402446413023,3.60581351902775,32.1604843914961,6.84692968188616e-05,0.000638868870544061,"PHLPP1",FALSE,0.000650137018987787
-0.466424636898524,4.72447788952729,32.1578706955239,6.84962840517724e-05,0.000638868870544061,"BRI3BP",FALSE,0.000650137018987787
-0.775263237277021,3.7894186282539,32.3116033213699,6.86248973288093e-05,0.000639224855275906,"JAG1",FALSE,0.000650462489509518
-0.555528254888547,8.14098303739301,37.3079823191518,6.86957084630514e-05,0.000639224855275906,"NLRP3",FALSE,0.000650462489509518
0.449391540557274,4.56162589932273,32.124352095887,6.88434613235526e-05,0.000639848723766853,"MTURN",FALSE,0.000651078977559361
0.420575632958738,4.61670237318017,32.0833326501982,6.9271089066602e-05,0.000642135599552072,"SCOC",FALSE,0.000653351014513421
-0.615881999806755,3.141440065614,32.0805775852879,6.92999199823538e-05,0.000642135599552072,"REC8",FALSE,0.000653351014513421
0.863412158071951,7.90630650442413,45.1385568585021,6.93325016670754e-05,0.000642135599552072,"VSIG4",FALSE,0.000653351014513421
-1.21441446949073,6.8237928290661,50.688678564959,6.9921172980242e-05,0.000646832041292134,"ISG20",FALSE,0.000658111111993246
-0.267908593093556,10.5020126492198,31.9532943250279,7.06470793197901e-05,0.000652276467307725,"PABPC1",FALSE,0.000663595650581197
-0.276967857725032,5.98071999293979,31.9507555976207,7.06742539628324e-05,0.000652276467307725,"DHX15",FALSE,0.000663595650581197
-0.288328640749418,5.90134779385047,31.9381899883149,7.0808933983689e-05,0.000652312981729217,"CDC42SE2",FALSE,0.000663595650581197
-0.338446868032797,7.22995544767328,31.9278690084044,7.09197766716694e-05,0.000652312981729217,"ARL4A",FALSE,0.000663595650581197
-0.27151295958504,12.3224588649344,31.9273785237129,7.09250492243422e-05,0.000652312981729217,"RPLP1",FALSE,0.000663595650581197
-0.314780606594988,7.65493189180243,31.9121749299037,7.10887068632905e-05,0.000652576414636396,"GNA13",FALSE,0.000663827140241554
0.44940433809501,5.40417276064414,31.9094284278944,7.11183176394861e-05,0.000652576414636396,"RALGDS",FALSE,0.000663827140241554
0.244444439208238,6.51664805784634,31.8874050126237,7.13562718542517e-05,0.000654002917064171,"ATRAID",FALSE,0.000665260011441178
0.323530564900106,5.39107595649851,31.8763728655229,7.14758141207733e-05,0.00065434209509179,"LTBR",FALSE,0.000665583359845772
0.849288793636227,3.79515217216618,32.2849087037914,7.16104002270388e-05,0.000654374320071028,"TSPAN15",FALSE,0.000665583359845772
0.28462221006849,5.58550782867623,31.8608494451024,7.16444134487452e-05,0.000654374320071028,"TMEM208",FALSE,0.000665583359845772
0.218049034340289,9.11013664712533,31.8462575412148,7.18033129783877e-05,0.000655070961211343,"ATP6V0C",FALSE,0.000666273851170481
0.548299889956636,4.09914582556922,31.8185462385907,7.21061947461384e-05,0.000657078059709639,"GAMT",FALSE,0.000668297179070681
0.59705768640086,4.21729470594833,31.7799059969514,7.25309861826443e-05,0.000660190193405286,"FAM114A1",FALSE,0.000671444311570942
1.22448150150452,6.19812684179112,48.9337169494387,7.31007335409463e-05,0.0006646130911842,"CCL8",FALSE,0.000675924388304665
-0.393563500333261,4.74995000891609,31.7206849674162,7.31876336883064e-05,0.000664640962062879,"GLIPR2",FALSE,0.000675934558260819
-0.381803787275097,7.74413190610286,31.7697599475461,7.41198014910327e-05,0.000672336139840855,"MYADM",FALSE,0.00068374215005428
0.451814882866017,5.06975841528259,31.5780216901532,7.47977783993859e-05,0.000677710613886093,"EBI3",FALSE,0.000689189354655395
0.287494197793032,5.45993381935638,31.5404332035145,7.5228774082709e-05,0.000680837580967713,"PLIN3",FALSE,0.000692350796990165
-0.920945066698408,3.70076754851629,33.2303035962815,7.54712793662874e-05,0.000682253480975971,"SEMA6B",FALSE,0.000693772157348439
1.84824630727439,1.45189836366997,31.4187833603506,7.66433479486379e-05,0.000692043569080798,"ADAMDEC1",FALSE,0.000703690168665117
-0.309526887762263,4.97619352494907,31.4115136219301,7.67288467737161e-05,0.000692043569080798,"PDS5B",FALSE,0.000703690168665117
0.270940174300068,8.68809913072785,31.2946279006155,7.81187121344016e-05,0.00070272255247244,"TSPO",FALSE,0.00071439885352998
0.215459416413017,9.87506843511237,31.2855873638544,7.82274129817775e-05,0.00070272255247244,"LAPTM5",FALSE,0.00071439885352998
-0.307898043760014,5.53303640580418,31.2771920345401,7.8328511924725e-05,0.00070272255247244,"HACD4",FALSE,0.00071439885352998
-0.697706804433016,4.71748520577147,34.1733396554695,7.83508503123284e-05,0.00070272255247244,"AGPAT1",FALSE,0.00071439885352998
-0.284766564059051,5.27742436641505,31.2677477654874,7.84424222448782e-05,0.00070272255247244,"TNFRSF10B",FALSE,0.00071439885352998
-0.878780988885366,4.4060502831497,36.1855268514784,7.86068866707524e-05,0.00070272255247244,"TRAF1",FALSE,0.00071439885352998
0.875951936834321,4.97972542711074,37.7300274388862,7.86076204171072e-05,0.00070272255247244,"GIMAP1",FALSE,0.00071439885352998
-0.926081668975236,9.14328907726155,45.7372135678621,7.8621960651243e-05,0.00070272255247244,"RGS2",FALSE,0.00071439885352998
-0.438635430358511,5.14656455511992,31.2246458850229,7.89647137999763e-05,0.000704612339472193,"HOTAIRM1",FALSE,0.000716282868197518
-0.995577745528128,4.21764060504457,37.6271309924585,7.90111465427321e-05,0.000704612339472193,"MIR4435-2HG",FALSE,0.000716282868197518
-0.548552852453942,4.93547009790031,31.698957412149,7.94420723515698e-05,0.000706888035138957,"CCR7",FALSE,0.000718559134865166
-0.363886903482612,5.60503228900462,31.1853270445645,7.94446568250266e-05,0.000706888035138957,"ADSS",FALSE,0.000718559134865166
-0.851345957150453,3.97240449387506,33.4402330352604,7.97109918615564e-05,0.000707799914542981,"PDLIM7",FALSE,0.000719449070848007
-0.317514271446442,11.5964590474427,31.1624298151387,7.97256967314433e-05,0.000707799914542981,"RPL26",FALSE,0.000719449070848007
-0.251860315856132,11.0347384834264,31.1142030928591,8.03213807977069e-05,0.000712290723673624,"RPL3",FALSE,0.000723995237899697
1.35329469795128,7.52738502263645,49.9817011251385,8.06580699059493e-05,0.000714477294094264,"DAB2",FALSE,0.000726199171107507
-0.279290028859404,11.2141303814222,31.0676586769361,8.09011470586652e-05,0.000715830685135154,"RPS9",FALSE,0.00072755620608238
-0.40495351135135,5.24560974049048,31.0003395892565,8.17482271241492e-05,0.000722519447759482,"PCBP1-AS1",FALSE,0.000734335841829017
-0.273509281800866,6.47824347096634,30.9797851471332,8.20088955602174e-05,0.000724016173720939,"KMT2C",FALSE,0.000735838359024365
0.379548845278645,6.49189942437223,30.9666651757001,8.21757812203049e-05,0.000724682528937238,"FRMD4B",FALSE,0.000736496933394269
-0.399707573470274,5.4202252434802,30.9323553234671,8.26140520057732e-05,0.000727738004779744,"TFDP2",FALSE,0.000739583524660774
-0.278525645477083,10.4079458973306,30.9242588367904,8.27178676387795e-05,0.000727843789833789,"RPL14",FALSE,0.000739672373732469
-0.405616557829027,6.68830335278501,31.4209452615832,8.28388861728026e-05,0.000728100542769378,"FMNL1",FALSE,0.000739914677176121
-1.18079458063979,1.22520173967212,30.8679313686838,8.34442852002402e-05,0.00073260940539037,"C1orf21",FALSE,0.000744478005444499
-0.224917210281651,6.85515290854653,30.8473277015905,8.37118285599457e-05,0.000734145328344302,"NIPBL",FALSE,0.000746020119225398
-0.248160110525163,10.2707825387118,30.8259999422143,8.39898147402715e-05,0.000735769338409804,"RPL27A",FALSE,0.00074765170680662
0.315263712915378,6.74208840530473,30.808231671332,8.42222178677847e-05,0.000736990886595802,"SNX2",FALSE,0.000748874302892108
0.314364887866192,6.72359423300327,30.6821805464739,8.58923364610971e-05,0.000750776674160504,"RNF145",FALSE,0.000762863389673644
-0.479905219697468,6.63648111087547,33.2085060711431,8.62443310634528e-05,0.000753023190166359,"SMARCA2",FALSE,0.000765127072204821
-0.304940234807898,10.5973027307124,30.6384797201571,8.64802255142212e-05,0.000754252175882009,"RPL36",FALSE,0.000766356824073155
-0.737681956229829,9.14305228628286,40.3941361531604,8.67507137107089e-05,0.000754604350074858,"S100A4",FALSE,0.000766657914467234
-0.352446989363614,6.41760368191354,30.6180460815272,8.67566986104783e-05,0.000754604350074858,"HMGA1",FALSE,0.000766657914467234
-0.826175728984694,5.34661332445894,38.467618242715,8.68061512699635e-05,0.000754604350074858,"AVPI1",FALSE,0.000766657914467234
0.724624509940682,2.69670986704955,30.5520323237268,8.76568597941137e-05,0.000761164933677693,"DTNB",FALSE,0.000773304301744712
0.279163676168265,6.49352376449077,30.5446472837365,8.77582287542028e-05,0.000761211419653522,"SELENOT",FALSE,0.000773332579558847
0.501646888057441,4.50762618335691,30.5188791361028,8.81129870202032e-05,0.000763453290815487,"DMXL2",FALSE,0.000775591186307442
0.604163529933587,4.83938174058224,31.5104085129174,8.8433943410293e-05,0.000765240661920658,"ATOH8",FALSE,0.000777369086837029
-0.282245090019477,12.4338709775536,30.4900155924061,8.85123217685726e-05,0.000765240661920658,"RPL10",FALSE,0.000777369086837029
-0.307003081556417,6.77429216890631,30.4330662129969,8.93063558560952e-05,0.000768803271927365,"H2AFV",FALSE,0.000780874981515954
-0.38164590965066,5.52583702951525,30.4299933592181,8.93494325985057e-05,0.000768803271927365,"CSNK1G2",FALSE,0.000780874981515954
0.26731739877342,8.01334106670401,30.4266772139733,8.93959467454661e-05,0.000768803271927365,"SPI1",FALSE,0.000780874981515954
-0.522579443521386,5.3236836267176,31.7587501486606,8.94765632060488e-05,0.000768803271927365,"RGS18",FALSE,0.000780874981515954
-0.263637939711652,10.4851039687376,30.4201158051586,8.94880629511763e-05,0.000768803271927365,"RPL24",FALSE,0.000780874981515954
0.463137563680438,5.17354941138667,30.4188224331991,8.95062336010289e-05,0.000768803271927365,"MPZL1",FALSE,0.000780874981515954
-0.452118191950512,5.06173179237614,30.411202599103,8.96133712781923e-05,0.000768890484300334,"TOP2B",FALSE,0.000780944843948672
-0.271827454977689,11.4565002559758,30.285683407609,9.13996312216973e-05,0.000783368947379044,"RPL19",FALSE,0.000795631264933184
-1.32672650402812,1.42156272091441,30.2597798152153,9.17733454470201e-05,0.000785722551516172,"CLCF1",FALSE,0.000798002666039321
-0.809257352721578,8.04437121395792,41.8390252131724,9.23664150861533e-05,0.000789142610299859,"PTPRE",FALSE,0.000801438048312906
0.365176324826749,5.01840744027093,30.2185442360372,9.23718898030107e-05,0.000789142610299859,"TNS3",FALSE,0.000801438048312906
-0.238872844675634,7.95931176604552,30.1643788188211,9.31649527636784e-05,0.00079506108235785,"B4GALT1",FALSE,0.000807429590618546
-0.977663239249109,3.67124351838153,32.4696256710183,9.32958069553877e-05,0.000795321674776682,"PKP2",FALSE,0.000807675128785214
-0.328602119506242,5.85184267569899,30.1449261264162,9.34516796119152e-05,0.000795794753988468,"VOPP1",FALSE,0.000808136478575925
-0.243625247901413,11.1467492954143,30.1353753645103,9.35928265864027e-05,0.000796064523126975,"RPL13A",FALSE,0.000808353429846116
1.6331162548507,1.2912932741448,30.1239487382853,9.37620186840836e-05,0.000796064523126975,"RARRES1",FALSE,0.000808353429846116
0.577835605979013,5.23170595905919,31.9924972298009,9.37845944248984e-05,0.000796064523126975,"ADAM9",FALSE,0.000808353429846116
0.492163533299234,4.32183581125103,30.0917801006268,9.42402276705277e-05,0.000799076497296196,"TRIP6",FALSE,0.000811392911025593
-1.23530911444942,7.22658008634114,47.5023147467721,9.45514621382615e-05,0.000800858965632626,"SLC2A3",FALSE,0.000813183863237145
-0.42231907438925,5.60489921652041,30.0264124145752,9.5220636420215e-05,0.000805666174535181,"AC090617.10",FALSE,0.00081804599096887
-0.78681416230892,2.64147013509889,29.9617230250547,9.62024450048999e-05,0.000813105526651222,"XYLT1",FALSE,0.000825580459421135
0.659785415258732,3.71005938231876,29.9370760527058,9.657958009529e-05,0.000815423760378551,"DISP1",FALSE,0.000827915051132421
-0.83916250040182,1.62265335826322,29.8836317129306,9.74032172323233e-05,0.000821502878955169,"ADCY4",FALSE,0.000834067984082873
-0.462399755582844,10.4120810489614,32.4571919704082,9.8926175854047e-05,0.000833460916228358,"BTG1",FALSE,0.000846189373917679
-0.234702549818001,6.93666594221144,29.7452432863136,9.95737734836555e-05,0.000838026407832719,"RAB21",FALSE,0.000850804975601126
0.263041730520981,6.29206924019696,29.685133531161,0.000100533870139975,0.000845209461791856,"EVL",FALSE,0.000858077821194714
-0.379559294091179,6.90264046475877,29.7838916181924,0.000100857291196769,0.000847030301491508,"ATP1B1",FALSE,0.00085990664507375
-0.539776880073127,6.21753048103228,33.6661012332846,0.000101266194209911,0.000849564431424527,"MBD2",FALSE,0.000862459543768305
-0.575528055996613,3.74267744479692,29.5812083952945,0.000102219049333159,0.000856651821472819,"INPP1",FALSE,0.000869634633527677
0.505593016258296,4.51381005647139,29.5399384388463,0.000102897256231212,0.000859242951398563,"BCL2L1",FALSE,0.000872165993475802
0.368852964164522,4.4772413027483,29.5355685030947,0.00010296937198708,0.000859242951398563,"G6PC3",FALSE,0.000872165993475802
0.354385806154351,5.23325304256829,29.5308727897305,0.000103046928795789,0.000859242951398563,"CISD3",FALSE,0.000872165993475802
0.268096905658129,8.22526638031125,29.5298197192205,0.000103064331075728,0.000859242951398563,"HLA-DMB",FALSE,0.000872165993475802
0.253050706800595,6.28133200077789,29.5294684238172,0.000103070137081235,0.000859242951398563,"MRPL57",FALSE,0.000872165993475802
0.664924165107274,3.46114547679875,29.5222810515196,0.000103189008451515,0.000859330314079422,"CD22",FALSE,0.00087223498774789
0.485831370109329,5.6270527141536,30.604940540174,0.000103302542418391,0.000859373091598112,"DAAM1",FALSE,0.000872258766529562
-0.626038922522696,3.31488954230414,29.4442361768697,0.000104489996715627,0.000867657146870837,"TJP2",FALSE,0.000880627501512445
-1.11666347542285,0.29157859576357,29.4426146319589,0.000104517226950258,0.000867657146870837,"KRT8",FALSE,0.000880627501512445
-0.297951808622973,9.2242243208879,29.4353713978666,0.000104638960690504,0.000867759079868528,"BASP1",FALSE,0.000880711252478406
-0.396112262621526,5.57141394641209,29.4208526343464,0.000104883462629284,0.000868877838793069,"PAFAH1B2",FALSE,0.000881827020910888
-0.688537312811595,5.79805175737616,36.2661962780666,0.000105200341100986,0.000870593219466198,"SLC25A19",FALSE,0.000883548280590158
-0.331936925779236,4.86387964733472,29.3693983386208,0.000105755283772912,0.000873805287997016,"BTAF1",FALSE,0.00088676875610372
0.274809121448083,5.90453226486132,29.366249023726,0.000105808914792777,0.000873805287997016,"VKORC1",FALSE,0.00088676875610372
1.10851414175459,3.59991560478497,32.1555228688579,0.000105966619462416,0.000874197043806491,"SPATA7",FALSE,0.000887146682385672
0.73502328946244,2.64838249688595,29.3417238359685,0.00010622763729738,0.000875439405918531,"FLVCR2",FALSE,0.000888387820200379
-0.293468756634059,8.985149019746,29.2847017151276,0.000107208577908996,0.000882606028725357,"C1orf162",FALSE,0.000895640696465609
-1.09640751076533,3.85912008357457,34.7611092567261,0.000107414368622767,0.000883382898798022,"GFOD1",FALSE,0.000896409317807367
0.27822258778276,7.5473587516775,29.2564404141574,0.00010769861304678,0.000884802698688984,"TUBB",FALSE,0.000897830342415376
-4.19726353124654,0.211148320345118,39.6398165389081,0.000108407540882742,0.000889704952503496,"KCNK17",FALSE,0.00090278499690723
1.25745080382182,5.51485042246534,43.671588910773,0.000108877898326834,0.000892641135403451,"SCN1B",FALSE,0.000905744543842445
-1.68924416012245,0.36355760086597,29.1661677599285,0.000109281245606606,0.000895022433026002,"BACH2",FALSE,0.000908140984059957
-0.302259340887131,6.70206532173073,29.1052002291075,0.00011036525476996,0.00090267953830503,"G3BP2",FALSE,0.000915870481794574
0.992811862941045,7.4416421158204,43.1347179938579,0.000110443889020671,0.00090267953830503,"HTRA1",FALSE,0.000915870481794574
0.556525875443287,5.55627560702381,31.6043433576796,0.000110961846626172,0.000905978908395769,"PYGL",FALSE,0.000919198136404819
0.785991610808056,3.2560246638686,29.0606731322692,0.000111164773471342,0.000906521736779228,"PROS1",FALSE,0.000919709127928295
-0.330811348985763,7.4577074550555,29.0555594622462,0.000111257019410468,0.000906521736779228,"MAP3K2",FALSE,0.000919709127928295
-0.32063104745254,7.03018067216777,29.0343519438577,0.000111640525161755,0.000908712611378228,"ARF6",FALSE,0.000921912009669084
0.569570550688979,4.10279535377797,29.026666737088,0.000111779875855456,0.000908913698238003,"NPC1",FALSE,0.000922096190564691
-0.270273933047662,7.7677090077642,28.8973919660798,0.000114154198703294,0.000927268941925934,"SERPINB1",FALSE,0.000940697465883417
-0.415936418428005,5.05939623521144,28.8786109374923,0.000114503946633495,0.000929157921095545,"EHD1",FALSE,0.000942593617114601
0.357357244449245,5.25995754915721,28.8464421176065,0.000115105876791008,0.000933087312064532,"OSTM1",FALSE,0.000946559600584093
-0.24450850861302,8.57499985716072,28.8231408029762,0.000115544156432984,0.000934792275721273,"SLC25A3",FALSE,0.000948248780321007
0.459648337507466,4.41162859458237,28.8227235579597,0.000115552021973619,0.000934792275721273,"RNASE4",FALSE,0.000948248780321007
0.232919852208426,10.3297857399585,28.7920234236687,0.000116132448662642,0.000938530125379643,"CYBA",FALSE,0.000952020219109571
-0.212602315204748,8.54343392206367,28.7838960283615,0.000116286669109879,0.000938819463037799,"HNRNPA1",FALSE,0.000952293533521439
-0.726264416008663,5.03481931074585,33.7092364261333,0.000116629589952415,0.000940630100857322,"BATF3",FALSE,0.00095410997886306
0.381952283795095,5.67187007675297,28.7392649410076,0.000117137774083421,0.000943768570054232,"RRAGA",FALSE,0.000957273220154764
-0.784611549779915,4.01819201201175,30.6628695816208,0.000117854240272997,0.000948577072979007,"SEPTIN9",FALSE,0.000962130264114686
0.543331097152319,4.0941366197605,28.6450095833111,0.00011895887088316,0.00095649688474817,"ZNF189",FALSE,0.000970142841426022
-0.250705517624344,6.29331189649563,28.6134243308584,0.000119576399631103,0.000960275800940578,"MECP2",FALSE,0.000973934851511245
-0.430067631746306,4.04415193243842,28.6085971505977,0.000119671101328114,0.000960275800940578,"NLRP1",FALSE,0.000973934851511245
-0.229995617867515,6.86781392778439,28.5846098675982,0.000120142976316695,0.000961855954177111,"YTHDC1",FALSE,0.000975476468461287
-1.02015956901146,2.56675465629389,28.5822019943096,0.000120190461875825,0.000961855954177111,"SPON2",FALSE,0.000975476468461287
-0.364008134958832,6.32443617226208,28.580096888381,0.000120231994272139,0.000961855954177111,"ANKRD44",FALSE,0.000975476468461287
0.275026396521016,7.0398899821298,28.5576233658859,0.000120676413535552,0.000963503475097608,"SELENOW",FALSE,0.000977106784049925
-0.29158428854812,10.5131348450546,28.5573920427192,0.000120680997826933,0.000963503475097608,"UBA52",FALSE,0.000977106784049925
0.533123372441715,5.0223592462566,29.2016169620593,0.000121246347628611,0.000966983524678929,"TTYH3",FALSE,0.000980595452195853
0.438633829017101,4.33106470440228,28.5231995823105,0.000121360823291566,0.000966983524678929,"PDZD11",FALSE,0.000980595452195853
0.396508944622657,4.66788030998175,28.5163292270139,0.000121497953115078,0.00096710418905255,"DENND4C",FALSE,0.000980697617459617
-0.471732189884799,4.81127858998334,28.4841279711374,0.00012214306009857,0.000971263972378598,"TMEM41B",FALSE,0.000984895626874651
0.510160182614286,6.6416687495265,31.6825507807132,0.000122578973806473,0.000973753611560838,"ARHGAP24",FALSE,0.000987399954649686
-0.222526735923075,6.17791726476489,28.4324328900678,0.000123186961245953,0.000977603832590504,"SMU1",FALSE,0.000991283841364266
-0.32380348940536,6.36980094382757,28.4127995310003,0.000123586113988729,0.000979790711702646,"LIMD2",FALSE,0.000993481026533887
0.393476171939708,5.62836042774624,28.3558968997787,0.000124751399269344,0.000988041052355003,"PWWP3A",FALSE,0.00100182622165534
0.288931651848968,5.77691394383679,28.3421016000995,0.000125035808869156,0.000989305282150366,"CTBS",FALSE,0.00100308768052058
-1.27075859821687,1.37446737969215,28.3103794832322,0.000125692640854501,0.000993510724520918,"SVIL",FALSE,0.00100733125600382
1.24692032921261,7.2334537395065,44.1942555996386,0.000126209314192227,0.00099615961777881,"HAMP",FALSE,0.00100997610425374
-0.469030355465677,6.99909584565853,30.7832549783474,0.000126279063555462,0.00099615961777881,"TIPARP",FALSE,0.00100997610425374
0.2750251800942,8.43421476050047,28.2747040705356,0.000126436078706552,0.000996406791238113,"BRI3",FALSE,0.00101020631648095
-0.61839521811481,4.39015172277139,29.0821124126958,0.000126972177186855,0.000999637955052022,"CPD",FALSE,0.00101346181547927
-1.59715183687257,1.14574933388913,28.4933692399737,0.000127808251719724,0.00100522204328767,"TRABD2A",FALSE,0.00101910263871254
0.617875597987243,3.95006749562607,28.1935959221589,0.000128145198502419,0.00100664673322049,"CCDC170",FALSE,0.00102050609449109
0.222505781664227,6.49321465891944,28.1889763558417,0.000128243340130259,0.00100664673322049,"CHMP3",FALSE,0.00102050609449109
-0.262626648525226,5.86821205067047,28.1636151534793,0.000128783676727064,0.00100935711768791,"HDGF",FALSE,0.0010231925792602
-0.326633513584234,5.84222365890132,28.1607063461438,0.000128845818066814,0.00100935711768791,"PLEKHA2",FALSE,0.0010231925792602
-0.468605097647779,4.72250786984675,28.1548711584447,0.000128970580249477,0.00100935711768791,"AC016831.7",FALSE,0.0010231925792602
-0.414377918205663,5.14235346656783,28.1199097923399,0.000129721008290646,0.00101422894844994,"GLTP",FALSE,0.00102811076792123
-0.344933371870485,4.61998686113528,28.0898214644788,0.000130370864948952,0.00101830563282294,"METTL21A",FALSE,0.00103222278800788
0.315011602376478,5.38789944777739,28.0809806706287,0.000130562522750322,0.0010187988979966,"SIL1",FALSE,0.00103270236368176
-0.288480724631489,8.32236531912029,28.0258995679249,0.000131763945461577,0.00102716279215279,"LDHA",FALSE,0.00104115984187192
0.234974550569865,6.61512170439481,27.9602527664651,0.000133212482012052,0.00103743473221174,"NAGK",FALSE,0.00105155103536167
-0.630835693451445,5.82225948075718,33.3628708721868,0.000135248826928763,0.00105199616590578,"TTC19",FALSE,0.00106626870722828
-0.826821363559915,4.62901296885646,33.1700146416506,0.000135347639912196,0.00105199616590578,"KCNK6",FALSE,0.00106626870722828
0.32437036939741,5.52905202648675,27.8273468787566,0.000136201618469719,0.00105757633191555,"GGA1",FALSE,0.0010718617141406
-0.288219671798936,5.59544955658408,27.8158060998686,0.000136464800891816,0.00105757633191555,"ZC3H18",FALSE,0.0010718617141406
-0.284787274100511,6.30376021174909,27.8157638554633,0.000136465765331686,0.00105757633191555,"TLE5",FALSE,0.0010718617141406
0.322256903483584,5.10709052938894,27.7866003532068,0.000137133444333198,0.00106171283854843,"CBR1",FALSE,0.00107603314188937
-0.279039281436326,6.83483391760693,27.7127715063766,0.000138840582124378,0.00107388110739714,"TMEM123",FALSE,0.00108834438405557
-0.648159535594079,2.37585181085298,27.6561674416067,0.000140166009787324,0.00108307614580303,"MAP2K6",FALSE,0.00109764197326495
-0.386817322670981,4.22245581774103,27.5847973514326,0.000141858006423359,0.00109508303303251,"RPS6KA5",FALSE,0.00110978885263478
2.07528541074311,12.675993151247,48.9841001842544,0.000142667345389729,0.00110025944965931,"APOE",TRUE,
0.41393690256301,4.81380421504912,27.539023208263,0.000142955564530304,0.00110141080232872,"MTX1",FALSE,0.00111726581088267
-0.258025639735843,11.1147054737412,27.5083419357735,0.000143696702364877,0.00110604607412499,"RPS13",FALSE,0.00112194511519375
0.39902416360834,5.57203249555568,27.4845722990924,0.000144273923838592,0.00110941189931363,"FUCA2",FALSE,0.00112533660594102
-0.954323196108461,1.92772468244281,27.4344279117042,0.00014550040570919,0.00111775893068067,"SLC9B2",FALSE,0.0011337806094728
0.243746606246743,6.17654899963203,27.4206625312836,0.000145839189814838,0.00111927695726237,"DRAM2",FALSE,0.00113529756656254
-0.363460966340283,7.24631173916042,27.5177589896295,0.000146595508026109,0.00112399341163539,"YPEL5",FALSE,0.00114005864978252
0.372338282211631,7.23307518231895,27.7044202461432,0.000146890836305394,0.00112516961374798,"LCP2",FALSE,0.00114122880514191
0.222881876667725,10.8683812178722,27.3199528743645,0.000148345596171623,0.00113521610661065,"S100A11",FALSE,0.00115139567156655
0.322293485880035,6.05001527526377,27.3020564976312,0.000148796161487648,0.00113756602533662,"ANKRD10",FALSE,0.00115375606318868
0.460365029384769,3.91964429824377,27.2690303324565,0.000149631781819068,0.00114285237597454,"TMEM9",FALSE,0.0011590945694893
-0.261291476353759,6.44043906617738,27.2090725415206,0.000151162664259424,0.00115343368840107,"PHF20",FALSE,0.00116980301476989
0.393217698278965,4.62289673032374,27.1499875429869,0.000152688925314283,0.00116395942297273,"MRPL16",FALSE,0.0011804547140588
1.04703205763875,3.58655752829965,29.1604250372749,0.000154369602854985,0.00117479461210317,"GPRC5C",FALSE,0.00119137283597599
1.00297022255202,5.32391117235012,36.1622845686923,0.000154521517852966,0.00117479461210317,"RBP7",FALSE,0.00119137283597599
-2.51397588698725,-0.987836153346112,27.0786706474234,0.000154554841123059,0.00117479461210317,"PARM1",FALSE,0.00119137283597599
-0.335220505011231,4.62105953223096,26.9532664999796,0.000157899912250284,0.00119907136429143,"FAM126A",FALSE,0.001215968239206
-0.290707180595247,5.578162256925,26.9267179462733,0.000158618722389876,0.00120337725464778,"SLC25A33",FALSE,0.00122031083494867
-1.24592557905828,4.77019872983361,38.5872581381514,0.000158943672371794,0.00120362739435817,"SNAI1",FALSE,0.00122049284482517
-0.273506157450611,8.80952024140495,26.911981676186,0.000159019336741785,0.00120362739435817,"SERP1",FALSE,0.00122049284482517
-0.253748433630456,6.31032640663122,26.9087571361937,0.000159107153038265,0.00120362739435817,"KDM5A",FALSE,0.00122049284482517
-0.271000068273933,8.15085276295582,26.8974572887965,0.000159415331074694,0.00120480909891341,"LST1",FALSE,0.00122166729397513
1.14665464541554,7.18246353957336,40.841495626752,0.000159867217597023,0.001207073620104,"SLCO2B1",FALSE,0.00122393968924135
-0.876256144205374,8.07970191746399,38.4884949085256,0.000160503875061367,0.00121072761321268,"CD55",FALSE,0.00122762090071209
0.400558640405581,5.2996997187183,26.8288896512551,0.000161300162292801,0.00121557764891381,"SMIM3",FALSE,0.00123251472215585
0.225847744462262,6.91354576854794,26.8125807123912,0.000161752241359919,0.0012178269415968,"IFNGR2",FALSE,0.00123477147038124
-0.219337894566043,7.20942746725927,26.7815729121218,0.000162615797518345,0.00122316702345867,"GDI2",FALSE,0.00124016190982529
0.207209276792964,9.07093433623948,26.775838963954,0.000162776066734174,0.00122321199722136,"SRP14",FALSE,0.00124018361095921
0.458072173271475,6.11930203478197,28.5087893319285,0.000163109332548467,0.00122455567087523,"ST6GAL1",FALSE,0.00124152205006456
-0.32794194912788,5.83816594883963,26.7518074349928,0.000163449751441853,0.00122595045357711,"IRF7",FALSE,0.00124291229909162
0.345149612515795,5.01250864097129,26.735899740384,0.000163897463240164,0.00122814658654822,"ZNF22",FALSE,0.00124511496181872
0.272938961682833,5.07745586598461,26.695977549554,0.000165027278299753,0.00123544500695037,"ARFIP1",FALSE,0.00125249026825189
-0.23933388328177,6.22471437581115,26.6674482559843,0.000165840163300341,0.00124035925909915,"LUZP1",FALSE,0.00125744832192501
-1.68342810863306,-0.296218510231868,26.6223614586119,0.000167134238110972,0.00124885979240696,"GLI3",FALSE,0.00126604185369061
-0.23183306652479,11.0983423972998,26.588340305092,0.000168118406037682,0.00125503081268055,"RPL37A",FALSE,0.00127227358574914
-1.71230117205442,-0.0980612959008945,26.5717815260528,0.000168599833064113,0.00125744071169547,"NCALD",FALSE,0.00127469240391467
-0.273349075668921,8.56784865285268,26.5588363754979,0.000168977303584104,0.00125907148760787,"NAP1L1",FALSE,0.00127632137836584
1.27957240336999,3.12782465975522,29.0689191903711,0.000169233287580363,0.00125979483937757,"KCNAB1",FALSE,0.00127703049766101
-1.61185869063246,3.3360316862333,33.0549788543661,0.000170153447133594,0.00126545640607423,"MMP7",FALSE,0.00128274531724254
0.404448701688318,4.80212629424741,26.4938278609891,0.000170887673964234,0.00126972584741185,"MRPS23",FALSE,0.00128704884846103
0.215606098123559,6.47082325723477,26.4561356964432,0.000172006696261224,0.0012768437153174,"NDUFC1",FALSE,0.00129423949679649
-0.461124643808801,3.68064646720125,26.4412223986494,0.000172451776482072,0.00127889073703137,"RRP12",FALSE,0.0012962658098502
0.478604737542114,5.00469812963557,26.4360958552632,0.000172605081814275,0.00127889073703137,"NCK1-DT",FALSE,0.0012962658098502
-0.345930213591657,5.23909671128447,26.4110820006035,0.000173355355866467,0.00128304443037675,"JAK2",FALSE,0.00130042736581285
0.687595197269092,3.0066082295286,26.406627541419,0.000173489357891509,0.00128304443037675,"MAGEH1",FALSE,0.00130042736581285
-0.407669623963707,4.50673674106767,26.3996820144191,0.000173698535874943,0.00128339421474049,"SESTD1",FALSE,0.00130075766694182
-0.342153494227802,5.82325473455638,26.3257424369129,0.0001759434613756,0.0012987707279197,"AC016831.5",FALSE,0.0013163177480693
0.429468984828805,4.52373705467762,26.308486914484,0.000176472162794592,0.00130146168059119,"PDCL",FALSE,0.00131902058680816
-0.429359356034485,5.22182695830158,26.2618312448787,0.000177910853902222,0.00131085246258068,"GBP4",FALSE,0.00132851346639024
-0.23307507568028,9.11712548689282,26.238138384693,0.000178646622363136,0.00131505145969818,"BTF3",FALSE,0.00133274440433408
0.592870732707115,3.75767840805697,26.2089443269002,0.000179558049851793,0.00132053452618276,"RGL1",FALSE,0.00133827655320003
-0.519085902939627,4.4634892061105,26.1870195209936,0.000180246054497069,0.00132436582025279,"WDFY4",FALSE,0.00134213460995076
0.271110816489982,9.27279015040729,26.1763998393575,0.00018058039285081,0.00132559384677891,"GLUL",FALSE,0.00134335442387033
0.90840108830314,3.7031553296214,27.6730346716791,0.000180769360758028,0.00132575346169255,"PTGR1",FALSE,0.00134349153212429
-0.47020455281545,5.40519432361017,27.0897110095465,0.000181180227684911,0.00132753867383177,"HDAC9",FALSE,0.00134527599783386
0.92473227107273,2.00181222717371,26.146826150371,0.000181515227218113,0.00132876520903527,"C4orf19",FALSE,0.00134649431264058
0.262955467974196,9.91137816666821,26.1289540612989,0.000182082870532656,0.00133169095717979,"NPC2",FALSE,0.00134943448170862
1.8852659059023,0.545757347649505,26.1087829798376,0.000182725989594225,0.00133516280691522,"S100A1",FALSE,0.00135292795678882
-0.420184141377877,7.97518437225322,27.8742128068772,0.000183841421100516,0.00134207623064907,"DDIT4",FALSE,0.00135990865298579
-0.413146129310075,4.4799298562429,26.0441133147146,0.000184805567759861,0.00134787354296245,"FADS1",FALSE,0.0013657582202741
0.470580882392368,5.43158965412671,26.8567150037893,0.000185168230588682,0.00134927732730429,"RIN2",FALSE,0.00136715587683002
0.594682090658729,5.82980499426763,30.1688423068918,0.000185962230177694,0.00135308979288306,"MTSS1",FALSE,0.00137096935011958
-0.366164297666484,5.6108867091724,26.0063419475325,0.000186032779293962,0.00135308979288306,"DNAJC4",FALSE,0.00137096935011958
-0.211663155873959,6.30524986817219,25.9883428627392,0.000186620877912946,0.00135612311649298,"SAFB2",FALSE,0.0013740180151385
0.591969476084962,4.94913496060686,27.745865344719,0.000186969214256123,0.00135741019287779,"SLC9A9",FALSE,0.00137529735752543
-0.300683066663633,6.56485604825391,25.9639259231477,0.000187422096716022,0.00135785104211361,"KPNA2",FALSE,0.00137567011485578
0.450475405470687,4.32129436286766,25.9634601463288,0.000187437419189248,0.00135785104211361,"SLAMF8",FALSE,0.00137567011485578
-0.233535495681527,6.9164626249069,25.9602289222223,0.000187543755185974,0.00135785104211361,"PAFAH1B1",FALSE,0.00137567011485578
0.411781455477268,6.23131027611823,26.6611033981756,0.00018788653467768,0.00135909164865387,"ANKRD22",FALSE,0.00137690243738676
0.263021304462602,5.72881312358173,25.8660454084846,0.000190673960229976,0.001377997408116,"RRAGC",FALSE,0.00139603109543843
-0.428334168519644,5.62378584272369,26.5630690320055,0.000191008702037802,0.0013791593713622,"OIP5-AS1",FALSE,0.00139718343050492
1.44130917819209,2.69926283317539,27.827809134621,0.000194340451694312,0.00140193912741811,"TRHDE",FALSE,0.00142023569429294
0.297401959515846,5.09572388617307,25.7458925927344,0.000194754965801257,0.00140365215352033,"B3GAT3",FALSE,0.00142194589488628
-1.13366300120683,7.57088389521749,39.0897064264582,0.000195718311081581,0.00140931405109425,"VEGFA",FALSE,0.00142765634694508
0.758249653237912,5.45015822950779,31.6697615668085,0.00019592783194062,0.00140954251508642,"CCR1",FALSE,0.00142786259022036
-0.3108818759387,5.54135048231111,25.7021169470784,0.000196266737551653,0.0014107005397185,"MPRIP",FALSE,0.00142900152189121
0.284456520504256,6.28097595944131,25.6954100733472,0.000196499547872028,0.00141074123448885,"GNG10",FALSE,0.00142900152189121
0.790948339314381,4.12893530381491,27.6210236003818,0.000196628287602192,0.00141074123448885,"AC006230.1",FALSE,0.00142900152189121
-0.309553393374161,5.59406994547334,25.6859328769125,0.000196829064439606,0.00141090490314394,"PRKAR2A",FALSE,0.00142914227617992
-0.827667954038476,2.36680367294881,25.6338851311948,0.000198650114845055,0.00142267218653261,"DGKE",FALSE,0.00144103646846164
-0.244396620767573,5.68464608765946,25.6051002050941,0.000199665570959157,0.00142865401314458,"CCNY",FALSE,0.00144707025576471
0.371016958664234,5.67773577317353,25.5792465746048,0.000200582715761544,0.00143392224576873,"DHRS3",FALSE,0.00145238109813368
0.410766230021135,5.16224142662592,25.5639750377494,0.00020112674438468,0.00143651606259616,"SDSL",FALSE,0.00145498300483242
0.389175075206601,7.81605604548711,26.5261079845881,0.000202440796419257,0.00144344498170399,"RASSF4",FALSE,0.00146195029292515
-1.00857986362124,1.92038069921553,25.5267213127574,0.000202461001470086,0.00144344498170399,"NRGN",FALSE,0.00146195029292515
-0.232792869157734,6.89002439373031,25.5009164713309,0.00020339118706632,0.0014487738823556,"ARID4B",FALSE,0.00146732213526417
0.235830627500032,8.24640652935463,25.493210498779,0.000203669917181708,0.00144945700486228,"SLC3A2",FALSE,0.00146798866199222
0.308135949808444,6.30921175714512,25.4671293818869,0.000204616556743467,0.00145488794785848,"TFEC",FALSE,0.00147346365084555
-0.287985207876483,6.63299054736832,25.4558900074466,0.000205026061966804,0.00145649338644518,"MED13L",FALSE,0.00147506421568446
-0.994489818553299,2.24969235257689,25.4379742530346,0.000205680772653783,0.00145888392721647,"IL11",FALSE,0.00147743454914737
0.253904962665777,5.93603795185956,25.43661333127,0.000205730604266904,0.00145888392721647,"TXNDC12",FALSE,0.00147743454914737
-1.65196208800306,0.180226961440974,25.4260656109886,0.000206117292076653,0.00146031983162083,"ZNF366",FALSE,0.00147886341254998
-0.516209899064562,5.24991862244465,26.7516266330879,0.000208021176842426,0.0014724927589346,"GPR132",FALSE,0.00149116545146918
0.253075895452855,8.21187642774021,25.3674897608617,0.000208280017503342,0.00147300979372568,"ATP6V1F",FALSE,0.00149166361626484
0.277769226383439,7.5850093984992,25.3543457728597,0.000208768899264244,0.00147515136663719,"ATP6V1B2",FALSE,0.00149380689228312
1.34341372869154,6.25933699289345,38.3679431605234,0.000209050032954369,0.00147582249444545,"KCNMA1",FALSE,0.00149446112487706
0.2512022253764,7.33343380398303,25.3185478775076,0.000210107091057645,0.00148196531842083,"RAB5C",FALSE,0.00150065608644799
0.389464214307841,4.84128781377578,25.2716221408376,0.000211876247545469,0.00149249964217987,"HACD3",FALSE,0.00151127216394505
-1.46824507358818,3.63288024932294,32.0014389707194,0.000211977118705163,0.00149249964217987,"PPP1R14A",FALSE,0.00151127216394505
-2.08473846895776,2.15515242895368,30.7909075008724,0.000212187535197748,0.00149265552710537,"CLIC3",FALSE,0.00151140452286425
-0.283048550081801,5.88247119653261,25.2518070605702,0.000212628445793996,0.00149443113320461,"ITPR1",FALSE,0.00151317696112475
1.16747339339063,8.63288480501989,38.100318351355,0.000214277631674236,0.001504688276274,"A2M",FALSE,0.00152353716816754
-0.248155546181614,10.4737604695663,25.1920747504502,0.000214914609730986,0.00150782568667899,"RPL35",FALSE,0.00152668827363454
-0.7399727437649,4.64646679894018,28.4327500699125,0.000216706160856343,0.00151905078980467,"IGFBP7",FALSE,0.00153802804975339
-0.480066260262717,3.56043817292487,25.1325469220959,0.000217221148736215,0.0015213156070501,"STARD4",FALSE,0.00154029541831134
-0.29533169671107,5.33620124853899,25.0839938728082,0.000219123565448885,0.00153328475452671,"STT3B",FALSE,0.00155238799335101
-1.1673987069584,2.39005024522507,26.2068659425274,0.000219828087308164,0.00153685809186871,"PPP1R16A",FALSE,0.00155597993873649
-0.288993011132179,4.98549157477553,25.056204917142,0.000220221027809781,0.00153824872993476,"DENND5A",FALSE,0.00155736199020239
-0.353218075546864,6.0411608240396,25.0472742560355,0.000220575066975359,0.00153936543220127,"TRABD",FALSE,0.0015584667063963
0.555414239168186,7.19129219644736,29.7657137980665,0.000221677219817355,0.00154569656878803,"CPEB4",FALSE,0.00156485048182896
-0.437393210562757,4.40569457676618,25.0020200644867,0.000222379188902266,0.00154845160635632,"ATAD2B",FALSE,0.001567587863536
1.93496281282715,6.64595474010913,42.3024057947589,0.000222462964132171,0.00154845160635632,"SELENOP",FALSE,0.001567587863536
-0.259137537853069,5.79126220543176,24.9919497337241,0.000222782964321576,0.00154931872029952,"DNAJC21",FALSE,0.00156843985069292
2.13035312452402,10.6803750791713,42.7104122372564,0.000224852231502873,0.00156233873037228,"APOC1",TRUE,
0.363293432378687,6.16492459187419,24.9779590008932,0.000226176317401683,0.00157001468459986,"CALM3",FALSE,0.00159070342799519
-0.288591256266907,4.93089757437788,24.9031884444904,0.000226378642732947,0.00157001468459986,"CD7",FALSE,0.00159070342799519
-1.30990875970582,4.33120224912115,34.6822061205644,0.000226551059432674,0.00157001468459986,"PTX3",FALSE,0.00159070342799519
-0.259047575406102,11.1194243287195,24.8737717758021,0.000227585007414389,0.0015758025666212,"RPS4X",FALSE,0.00159654023901207
1.55552659701954,10.3003044268532,40.9537448345699,0.000229587100856274,0.00158819706810757,"C1QC",FALSE,0.00160904288916095
-0.280639372479324,5.83173403544277,24.8208080739491,0.000229775736266319,0.00158819706810757,"KAT6A",FALSE,0.00160904288916095
-0.263685812819672,8.3024186803133,24.7639637336141,0.000232154041593346,0.00160323801546345,"TMA7",FALSE,0.00162425358763089
-0.424235320620424,4.37113514396223,24.6949595111998,0.000235079287198723,0.0016220266222032,"AC015871.7",FALSE,0.0016432605364255
-3.51225005304043,4.86689056407092,42.1231127417016,0.000235322328440075,0.00162229166945471,"FCER1A",FALSE,0.00164350115554159
-0.445814357105909,4.68531499782348,24.6621286881944,0.000236485945939531,0.00162889711503788,"SINHCAF",FALSE,0.00165016499744165
0.234897885709806,7.01930645807724,24.6194038109631,0.000238331059624428,0.00164018111172089,"TPP1",FALSE,0.00166156821922234
0.338806877619459,4.6527831299389,24.6017694157445,0.000239097446295438,0.00164402823437141,"PDIA4",FALSE,0.00166543738454064
-1.69507597017768,1.37643179667016,26.4099680916487,0.000240983059941666,0.00165555779828209,"PDLIM1",FALSE,0.00167708882174951
0.396441638772634,5.30975391266123,24.506126888109,0.000243303810322641,0.00167005420626658,"ZMAT3",FALSE,0.0016917452936644
0.338644581481125,5.04907922379568,24.4783438966508,0.000244541635409992,0.00167586916321099,"MRPS31",FALSE,0.00169757879714979
-0.896817282394191,4.20915572722858,29.0359688724118,0.000244573741402008,0.00167586916321099,"DOK2",FALSE,0.00169757879714979
0.768591400877066,3.22561061539705,24.4477136918443,0.000245914725866281,0.00168360271732977,"SLC48A1",FALSE,0.00170538398800578
-0.531436895736466,6.84864712691142,28.6457332566074,0.000246310120167501,0.00168485473053317,"AC004687.1",FALSE,0.00170662368221598
0.791640027840648,4.12626420928952,26.4218108556837,0.000246610633459149,0.00168545612246908,"ABCC5",FALSE,0.00170720436765481
1.05913960117135,9.14443557405889,36.3550934356718,0.000247006730531111,0.00168670918143898,"CD14",FALSE,0.00170844514760676
0.297032031016461,7.4580376291396,24.4151317150621,0.000247385064321559,0.00168734128153444,"SLA",FALSE,0.00170902862598671
0.241223388592973,6.01249888031029,24.4120432412922,0.000247524963474339,0.00168734128153444,"PSMD1",FALSE,0.00170902862598671
-0.40383582832684,4.51342448022371,24.3933250580597,0.000248374796136013,0.00169167988296075,"PHF19",FALSE,0.00171339460942164
0.258493267959423,6.33444805360785,24.3852327821066,0.000248743237066901,0.0016927350931042,"LEPROT",FALSE,0.0017144350145346
-0.358604907492134,5.72972685813478,24.3680294286946,0.000249528597980344,0.00169662326311163,"EIF2AK4",FALSE,0.00171834466336464
-0.253565059722717,7.04051899574903,24.3506001503197,0.00025032718591636,0.00170059462720214,"FOXP1",FALSE,0.00172233848964985
0.286298821910145,5.68520462604212,24.3456660593054,0.00025055379406668,0.00170067678027452,"MRPL34",FALSE,0.00172239335921231
0.563791662954573,3.2874916795313,24.2954052364589,0.000252875633198839,0.00171404071514085,"HIBADH",FALSE,0.00173587097927945
-0.252332777565869,11.2726939474146,24.2936955100036,0.000252955050039706,0.00171404071514085,"RPL12",FALSE,0.00173587097927945
-0.277682987999212,5.50895394912562,24.2349630154192,0.000255700695259586,0.00173116576602732,"MAP3K13",FALSE,0.00175318544582682
0.425828645796708,6.9316650025671,25.946491012988,0.000256039581998128,0.00173198106320918,"AAK1",FALSE,0.00175398245824457
-0.329436280114647,5.73924639403224,24.2022701288254,0.000257243893722634,0.00173864415126432,"ORAI2",FALSE,0.00176070147241261
-0.749299567488478,2.65325285024175,24.1806998847092,0.00025826794374532,0.00174217148660179,"TTC39C",FALSE,0.00176418753600689
-0.221165555484408,6.3243334305331,24.1802641972282,0.000258288676375887,0.00174217148660179,"PHF20L1",FALSE,0.00176418753600689
0.3139387439228,4.85391774553442,24.1773997058226,0.000258425033834977,0.00174217148660179,"CERS2",FALSE,0.00176418753600689
-0.346461934209913,4.62607932783598,24.155425366869,0.000259473832673806,0.00174775577352416,"ZBTB21",FALSE,0.00176981372623744
-0.802393480262061,2.16960793390475,24.1415987234682,0.000260136267673194,0.00175004830208763,"INPP5A",FALSE,0.00177207792971825
-1.79143746677596,4.32784144925173,36.0479448550884,0.000260255669546079,0.00175004830208763,"SH3BP4",FALSE,0.00177207792971825
-0.955092233414133,2.3906498557254,24.105407486609,0.000261879431258789,0.00175947468730482,"LHFPL6",FALSE,0.00178159426550669
-0.728711053330788,4.74947005018014,27.8976257211623,0.000263079055998995,0.00176603789666387,"IL27RA",FALSE,0.00178821121929256
-0.433664107192394,9.6853572369811,26.282868428406,0.000265730395258771,0.00178207514908875,"GPR183",FALSE,0.00180436304331856
-0.283305455344181,6.08248067760668,24.0224066546477,0.000265928236318286,0.00178207514908875,"KLF13",FALSE,0.00180436304331856
-0.995609582504531,1.61576220374214,24.0180567935394,0.000266142403698421,0.00178207514908875,"CHST2",FALSE,0.00180436304331856
0.310181482841295,4.98148777323021,24.0023506398085,0.000266917358305605,0.00178575596341505,"MRPL28",FALSE,0.00180806100492825
-0.310999254106356,6.49801711488485,23.9901126817712,0.000267522990698419,0.00178829871016616,"SPTY2D1",FALSE,0.0018106066329228
-1.35115375960925,-0.518707112345321,23.9769131923397,0.00026817798192485,0.00179116684136496,"PAWR",FALSE,0.00181348166661285
0.28985150100067,6.13443352308956,23.9624883956445,0.000268895888681973,0.00179445000460495,"TMEM179B",FALSE,0.00181677685337614
0.261220670767586,5.81734661782612,23.893781303501,0.000272345888091344,0.001815304408143,"CPQ",FALSE,0.00183783245177781
-0.448881456096618,5.78338133599316,25.3987232078749,0.000272478840273735,0.001815304408143,"CCDC6",FALSE,0.00183783245177781
-0.214954605016756,7.51596900349425,23.8661071376834,0.000273749875589624,0.00182224098545302,"DYNC1H1",FALSE,0.00184482593660826
0.382915140646298,4.5607072549676,23.8613639841426,0.000273991344756906,0.00182231827284627,"MTAP",FALSE,0.0018448750546965
0.341502950564114,5.85094461310459,23.8558151479915,0.000274274141786382,0.00182267007215628,"NAIP",FALSE,0.00184520212552785
-0.205218345781732,6.13996147728433,23.847919461292,0.000274677125937818,0.00182344055197773,"MAPKAPK2",FALSE,0.00184592408819554
0.20715357469646,7.00176094668428,23.8445347920645,0.000274850083200478,0.00182344055197773,"EVI2A",FALSE,0.00184592408819554
-0.203562572687203,6.21119316442136,23.8246703982925,0.00027586768915116,0.0018286614043398,"EP300",FALSE,0.00185118028546238
-0.217307496897685,8.14797408070517,23.8170270922769,0.000276260393028626,0.00182898507801799,"DEK",FALSE,0.00185142113656578
-2.69095927977024,-0.988551083199012,23.8138129633193,0.000276425723357107,0.00182898507801799,"STXBP6",FALSE,0.00185142113656578
1.27642951269778,2.65527248752641,24.9273419578198,0.000276608616112963,0.00182898507801799,"FAM20A",FALSE,0.00185142113656578
0.270593830259158,7.44492387252093,23.768654886375,0.000278760680445426,0.00184167889547611,"LY86",FALSE,0.00186424163034725
-0.276572987584655,5.443246851212,23.7570250864859,0.000279365686970542,0.001844139189261,"VPS51",FALSE,0.00186670303812886
-0.214292237342768,7.46884693133194,23.7254062664459,0.000281018223173762,0.00185350455351213,"BAZ1A",FALSE,0.00187615386623974
0.284211967051707,6.44570005825439,23.7171633579852,0.000281450881211634,0.00185461664866195,"SOAT1",FALSE,0.00187722141293887
0.328625086321415,4.4500430588303,23.7132853405429,0.000281654697904766,0.00185461664866195,"KCNQ1",FALSE,0.00187722141293887
-0.607108472934659,5.38698335486228,27.4448147146618,0.000282920154958727,0.0018588151014009,"EMILIN2",FALSE,0.00188138400245516
0.542301790297115,4.21744706945377,23.6882890009089,0.000282972514856121,0.0018588151014009,"PDGFC",FALSE,0.00188138400245516
0.22722649698645,6.12195155044706,23.6878506221877,0.000282995689630536,0.0018588151014009,"SPPL2A",FALSE,0.00188138400245516
0.366211973264479,5.30281447877126,23.6532967953185,0.000284829263477756,0.00186930993447984,"SNX29",FALSE,0.00189197718185309
0.235234207645361,6.23332192153323,23.6426329695854,0.000285397891614111,0.00187135376114723,"LMAN1",FALSE,0.00189398772089426
-0.446423282218064,7.77140146180554,26.2364623886667,0.000285612771315357,0.00187135376114723,"CD44",FALSE,0.00189398772089426
-0.857762618536357,1.88382046424057,23.6127341403994,0.000286999173649971,0.00187888476358131,"NREP",FALSE,0.00190158073171949
0.689651240695087,3.00743991621698,23.6078388500874,0.000287262333655171,0.00187905592509752,"TMEM140",FALSE,0.00190172492818104
-0.24811435222483,11.4606481585804,23.5691774619346,0.000289350476393476,0.00189115463878605,"RPS28",FALSE,0.00191394043075382
0.253861187047223,5.91205243932061,23.5640974785873,0.000289626148900236,0.00189139712395475,"IMP3",FALSE,0.00191415671227857
-1.68427264003244,1.38716876458614,25.7234056279507,0.000289945762627335,0.00189192593095433,"SULT1B1",FALSE,0.00191466279796995
-0.34731611392841,4.16508930783587,23.4999039484235,0.000293135891723929,0.00191116887301588,"MYO9A",FALSE,0.00193410766750512
-0.449988598042343,4.16475423424515,23.4406974552239,0.00029641645395129,0.00193096930725212,"PHF10",FALSE,0.00195411617090231
-1.78171052908568,10.263695650655,38.7483344602947,0.000297002097056267,0.00193319591581452,"AREG",FALSE,0.00195633990017498
-0.249686002398802,7.87779056126802,23.4246192903316,0.000297314612652715,0.00193364253413513,"MIDN",FALSE,0.00195676233790985
0.542685990141778,4.97686958811441,24.6988361812157,0.0002989558307368,0.0019427228082634,"ITGA6",FALSE,0.00196592156472831
-0.486499556964506,4.40492833549111,23.3883077158471,0.000299354606937679,0.00194372098591476,"ACTN1",FALSE,0.00196690207961221
-0.962077435813639,6.32505295410734,33.8411769672066,0.000300430435857701,0.00194911006176748,"CCND2",FALSE,0.00197232581140581
0.606002109297475,4.46029815448841,24.1872189588089,0.000300846926091494,0.00195021621427094,"SLC29A1",FALSE,0.00197341555682664
-0.544899512404879,4.38105012981227,23.5248473238011,0.000302474997807354,0.00195837934095622,"IMPA2",FALSE,0.00198161652596404
-0.265539863445778,5.57178280026573,23.3311193913639,0.000302600238732513,0.00195837934095622,"TARS",FALSE,0.00198161652596404
0.374625019563339,5.46623035383814,23.3152669619304,0.000303507079224599,0.00196264610448011,"NCK1",FALSE,0.00198590429412906
0.218248313598871,6.40431988672954,23.2918620517478,0.000304851688270582,0.00196973446178417,"IFI27L2",FALSE,0.00199304697111672
0.261983055118733,6.17262412865463,23.2739697206749,0.000305884228294574,0.00197479654879428,"TMEM9B",FALSE,0.00199813926244167
-0.388644112610423,4.37194083523326,23.2608971624946,0.000306641172981426,0.00197807259511534,"SSBP2",FALSE,0.00200142432539161
0.298170859216534,4.79520765284999,23.2157440595428,0.000309272332189005,0.00199342361755645,"FUT11",FALSE,0.00201692668293459
-0.594348246212034,2.85887496123717,23.1892231498325,0.000310829875368828,0.00200183529806992,"LINC01010",FALSE,0.00202540757498398
-0.964601199322311,3.67293337237697,26.1741708130577,0.000311971320855444,0.00200755570758276,"CD109",FALSE,0.00203116534355305
0.335329996693953,4.84996350174798,23.1461236223678,0.000313380372877919,0.00201498750703661,"TMEM141",FALSE,0.00203865448185982
-0.426329899657752,4.07385568934081,23.0974536525998,0.000316289538015162,0.00203204494115413,"SIK2",FALSE,0.00205588199709855
-0.270626847404484,7.2050834962971,23.0588669055458,0.000318618113100597,0.00204534769284335,"TGIF1",FALSE,0.00206931038335244
-0.56759902392073,6.87279494071448,27.7394865532901,0.000321881897257525,0.00206462757399487,"UPP1",FALSE,0.00208878549142898
-0.230431699726246,6.42600488438338,22.9834895597556,0.000323224065968773,0.00207156054567537,"MAP2K2",FALSE,0.00209576888205925
-0.222699809836326,7.89276504837051,22.9701194092809,0.000324049036364051,0.00207517024256397,"CMTM6",FALSE,0.0020993900563125
-0.279658626267416,6.27033891684646,22.9617121995275,0.000324569023232349,0.00207530275152702,"PTBP3",FALSE,0.00209946284778286
0.370085482015683,4.4902245821072,22.961320620049,0.000324593265879605,0.00207530275152702,"MALSU1",FALSE,0.00209946284778286
0.315738328941186,4.94801149138708,22.9186822043362,0.000327245526810601,0.00209026006590251,"MPV17",FALSE,0.00211453278777248
0.485492467425985,3.65295273361884,22.9152514389942,0.000327460015369691,0.00209026006590251,"SLC16A1-AS1",FALSE,0.00211453278777248
-0.956072084428184,4.59005855218118,28.5585663499353,0.000328577194645519,0.00209570394139153,"CLDN1",FALSE,0.00212000912319197
0.923490292580042,4.04607282976137,25.327274393184,0.000332017164480097,0.00211551673956969,"AP005530.1",FALSE,0.0021399897615478
-0.23932995853674,6.47447855084109,22.8398175424523,0.000332217247825966,0.00211551673956969,"SPEN",FALSE,0.0021399897615478
-0.33650111154678,7.32336969896804,23.0723221929895,0.000332808395946693,0.00211758022717928,"IQGAP1",FALSE,0.00214204619548043
-0.250296091876796,11.8234827196788,22.7907341698162,0.000335355433937174,0.00213069818547063,"RPS19",FALSE,0.00215522267040662
-0.242998367624706,6.03903585680329,22.7867789821072,0.000335609795139797,0.00213069818547063,"CDK13",FALSE,0.00215522267040662
0.52339523821183,3.58085088166307,22.7857447931724,0.000335676341278106,0.00213069818547063,"KCNJ2",FALSE,0.00215522267040662
-0.588295948571574,3.13158108285025,22.7794288268162,0.000336083079751012,0.00213157332501282,"INPP5F",FALSE,0.00215607695625283
-0.373553916725831,4.80128637140631,22.7519079519064,0.000337862019932015,0.00214114316068826,"RAP1GDS1",FALSE,0.00216572578765208
-1.04426483249545,4.42068889069116,29.3617800447799,0.000340457774049692,0.00215418751842378,"TMEM273",FALSE,0.00217885765302513
-0.282460413854613,5.52212474493585,22.7119566403671,0.000340463794221115,0.00215418751842378,"JAZF1",FALSE,0.00217885765302513
-1.33581367277622,3.4814559875029,27.8689770625741,0.000340890975654444,0.00215517037877866,"PDE4D",FALSE,0.00217982070308905
-1.14800510553466,2.51163430290367,24.199936460662,0.000343526334601086,0.00217010102049196,"SEMA7A",FALSE,0.00219489088725658
0.463923124923493,3.62841910529012,22.6598752484027,0.00034389024872105,0.00217067029606726,"ATP6V0E2",FALSE,0.00219543547765351
0.447458896263879,3.69142242999077,22.6415349120022,0.000345106310076802,0.00217661322696013,"TP53INP1",FALSE,0.00220141498848992
-0.240927904517582,10.3150594338445,22.6078200016203,0.000347354731885153,0.00218828528852225,"RACK1",FALSE,0.00221303276916316
-0.358645136437778,5.0475283080021,22.598721111682,0.000347964418015187,0.00218828528852225,"SIGIRR",FALSE,0.00221303276916316
-0.308343199301862,4.62028031604874,22.5980793785327,0.000348007464914434,0.00218828528852225,"RCAN3",FALSE,0.00221303276916316
-0.214775017346233,7.31422910944684,22.5968938957563,0.000348087002196138,0.00218828528852225,"GNAI3",FALSE,0.00221303276916316
0.440814527373433,4.96904951675319,22.5913742891749,0.000348457603496044,0.00218828528852225,"ACAT1",FALSE,0.00221303276916316
0.386736333270839,5.21313164000348,22.5890610248718,0.000348613057442432,0.00218828528852225,"MTLN",FALSE,0.00221303276916316
0.965988669390177,3.13408207442736,23.215107861095,0.000350175485709865,0.00219635383758529,"RAB3IL1",FALSE,0.00222116141418866
0.312224854558854,4.63420196450469,22.5251647949609,0.000352938696387816,0.00221193516597834,"AAMDC",FALSE,0.00223688740960838
-0.235625560959128,10.6402004252802,22.5046197704068,0.000354342662259214,0.00221897995765486,"RPS25",FALSE,0.00224398030006277
-0.651020591377163,3.48651571691303,22.4934330423716,0.000355109823476474,0.00222150477432768,"PELI2",FALSE,0.00224647089943223
-0.595222737097766,3.09225518466908,22.4905730401273,0.000355306263098827,0.00222150477432768,"CA5B",FALSE,0.00224647089943223
1.13414733413117,5.26334945011472,31.505277986637,0.000356353689295301,0.00222629791074322,"ALDH1A1",FALSE,0.0022512865792048
0.230911081383746,7.04728620594729,22.442670326556,0.000358615143983295,0.00223866209566895,"LAMTOR1",FALSE,0.00226375809639455
-0.280084034868311,6.42120013560197,22.415694006143,0.000360494150363733,0.00224862126206426,"SUPT4H1",FALSE,0.00227379737114931
0.228263831744125,5.82691332119853,22.3746493815437,0.000363374865416123,0.0022627420503658,"MRPS28",FALSE,0.0022879498273565
-0.333157871350996,6.06810830349475,22.3719383804923,0.000363566068506615,0.0022627420503658,"RAPGEF1",FALSE,0.0022879498273565
-0.26245143718896,6.25006570529808,22.3711027345571,0.000363625028802644,0.0022627420503658,"USP34",FALSE,0.0022879498273565
0.571619464919297,3.85845687261999,22.3672131313377,0.000363899610774015,0.0022627420503658,"LOXL3",FALSE,0.0022879498273565
0.301725138198738,5.42103408197909,22.3612719448288,0.000364319482992595,0.00226357747740227,"CALU",FALSE,0.00228876306779558
0.269683072863003,5.04593969610556,22.3415006466651,0.000365720772892915,0.00227050453210261,"EAPP",FALSE,0.00229573565645449
0.22415737303009,6.62886488982867,22.3285001634107,0.0003666455648043,0.00227289049411614,"NSRP1",FALSE,0.00229808513784717
-0.579485160965538,4.36940540460163,23.14056032359,0.000366678474012934,0.00227289049411614,"CBX6",FALSE,0.00229808513784717
-0.362667450778605,5.91735250883808,22.5931866283336,0.000368209488949867,0.00228059752218324,"AC025164.1",FALSE,0.00230584606832039
-0.352853045316123,4.99127866487054,22.2812368663033,0.000370030420088304,0.00229008678412184,"FBXW7",FALSE,0.00231540877637463
-0.217960057025276,6.18404576617646,22.2606768544671,0.000371514091197002,0.00229685041414501,"PPP4R2",FALSE,0.0023221839380415
-0.286775804235972,5.78195858036823,22.2580698479462,0.000371702709554497,0.00229685041414501,"CTNNBL1",FALSE,0.0023221839380415
-0.278603113728534,4.7150123692341,22.243862679489,0.00037273254655006,0.00230142027184492,"IPMK",FALSE,0.00232677258456527
0.396218109538743,10.189514483925,23.8494297332433,0.000373866296318751,0.00230662412234635,"GADD45B",FALSE,0.00233200212383145
-0.28225562380877,6.21006567570769,22.2128327020738,0.000374993270057839,0.0023117781065463,"FYTTD1",FALSE,0.00233718115626239
0.331932279844014,6.55602215616303,22.2071355794398,0.000375410054281177,0.00231235788349625,"TGFBR1",FALSE,0.00233770412415972
-0.888639172606751,5.87492338169377,30.8231246347613,0.000375670655139148,0.00231235788349625,"CD48",FALSE,0.00233770412415972
0.27118841802898,5.20955509611688,22.1918493146847,0.00037653099023183,0.00231585546203099,"COA3",FALSE,0.00234120847754251
0.230479475114088,6.85383020818181,22.1651741622894,0.000378496315977308,0.00232613859927759,"NDUFA3",FALSE,0.00235157253727857
-0.294251127126931,5.99626591178151,22.1420835507043,0.000380207091853985,0.00233484262139303,"TAF7",FALSE,0.00236034000758526
-0.248782023648394,10.8354351569016,22.1349090462805,0.000380740461039034,0.00233630833987419,"RPL7A",FALSE,0.00236179004099646
0.238336028639857,6.4031610420383,22.1246413748126,0.000381505283452481,0.00233754192047503,"SLC31A2",FALSE,0.00236297380957469
-0.487063303524373,6.52345699451923,25.2724521838411,0.000381531186313659,0.00233754192047503,"TWISTNB",FALSE,0.00236297380957469
0.269540999237128,6.62646574307214,22.1002341781329,0.000383330450500639,0.00234598604932585,"LINC00963",FALSE,0.0023714149394824
-0.207830774017084,7.24701625137786,22.0971546841499,0.000383561448471279,0.00234598604932585,"SF1",FALSE,0.0023714149394824
-0.31130549371704,5.77640025243462,22.0940145177521,0.000383797162711355,0.00234598604932585,"ARHGAP30",FALSE,0.0023714149394824
-0.460531484661274,4.62156803615108,22.0661403606655,0.00038589684593798,0.00235700323158421,"PPP1R3B",FALSE,0.0023825198685732
-0.381801218509852,5.58274517941061,22.3336343595139,0.000386742036693415,0.00236034708768698,"CSGALNACT2",FALSE,0.00238586825769046
-0.378629234335478,4.77744912683914,22.0465022795401,0.000387384074293001,0.0023624468776884,"HIVEP1",FALSE,0.0023879591058531
0.268268900423035,5.83861871799983,22.026886411405,0.000388876215438605,0.00236972377862972,"PBDC1",FALSE,0.00239528289697055
-2.20793627317059,-0.595269337647617,21.9933612193362,0.000391441765968476,0.0023835255918572,"CYYR1",FALSE,0.0024092017439841
-0.906754765572471,2.56515601525379,21.9665180672793,0.000393510027724198,0.00239428050636795,"AP1S3",FALSE,0.00242004059204624
-0.878717473493992,1.07458232574766,21.9164106336059,0.000397404574815297,0.00241612229228196,"PCOLCE",FALSE,0.00244208521091646
-0.315408925092406,6.72927520841621,21.8981298417123,0.000398836470589609,0.00242296976155894,"CCNH",FALSE,0.00244897405713557
-0.280850598277409,5.40230320523654,21.8908762773621,0.000399406273219165,0.00242352317288907,"CDK2AP2",FALSE,0.00244946913581359
-0.219202244764553,8.77884641196045,21.8891890320669,0.00039953894891095,0.00242352317288907,"RBM39",FALSE,0.00244946913581359
0.271545614842788,5.14283332971639,21.8757708365734,0.000400595891255307,0.00242792043625778,"ARPC1A",FALSE,0.00245384928719999
0.220712171639239,6.1255813661519,21.8722169386248,0.000400876368700988,0.00242792043625778,"ECHS1",FALSE,0.00245384928719999
-0.31578915215115,5.11680142667342,21.8341754288832,0.000403892859436582,0.00244432258749101,"SLC36A4",FALSE,0.0024703943685104
-0.294076822882046,8.04006503973466,21.8301861585221,0.000404210699555751,0.00244438018770251,"HMGN1",FALSE,0.00247042039650908
-0.20538585491925,7.16879073472506,21.8151274035778,0.00040541308638171,0.00244978273539192,"SMARCA5",FALSE,0.00247584829032179
-0.253929779940373,8.42772187626704,21.8104869101998,0.00040578444300063,0.00245015922628255,"SET",FALSE,0.00247619662429044
-2.44325009864162,-0.834188123755254,21.8504188010787,0.000409574165836358,0.00247115980726838,"TSPAN2",FALSE,0.00249738798642324
-0.275747809733536,6.56691821440881,21.7098830311697,0.00041393243865622,0.00249555617769317,"DDX27",FALSE,0.00252201063552491
0.548418725387566,4.15023084365015,21.7033473165333,0.000414468258593954,0.00249688780709185,"NISCH",FALSE,0.00252332375672579
0.932606726233371,1.45706379449263,21.6691984693646,0.000417280923794952,0.00251192343496308,"PRUNE2",FALSE,0.00253848580514026
0.328315431573516,5.20308242031141,21.6433803300147,0.000419422032338426,0.00252289671652431,"TPD52L2",FALSE,0.00254954226139052
-0.270707455374035,5.87716198244631,21.5916425238108,0.000423750877020525,0.0025470029969816,"ATG101",FALSE,0.00257387001477849
-0.233476772162427,6.57181517166022,21.5686233028799,0.000425693398486551,0.00255674035091013,"RAB8A",FALSE,0.00258367688233979
0.347995207494829,4.84672422148226,21.558565162255,0.000426545393186682,0.00255693936271479,"TMEM18",FALSE,0.00258374568781228
-0.203470941688648,10.4553890175391,21.5580060874648,0.000426592808322885,0.00255693936271479,"NACA",FALSE,0.00258374568781228
-0.240297029300519,6.46497836356332,21.5535572739551,0.00042697032869705,0.00255693936271479,"PAG1",FALSE,0.00258374568781228
0.254221484993932,6.18614682828871,21.5530121452443,0.0004270166140558,0.00255693936271479,"NENF",FALSE,0.00258374568781228
-0.205299384408391,8.97887840974497,21.5476347140328,0.000427473506622982,0.00255774336642038,"HNRNPU",FALSE,0.0025845251613015
0.430794986647665,5.69483206092268,22.5491833843079,0.000430353779495528,0.00257161564395077,"DENND3",FALSE,0.00259847657008089
-0.270975698461415,6.743473689304,21.5128723311856,0.000430440711342417,0.00257161564395077,"EIF3M",FALSE,0.00259847657008089
-0.272351532045982,4.82079872831082,21.4956713464479,0.000431917702724196,0.00257849664698601,"RASA2",FALSE,0.00260539637217551
0.271114726715884,5.83511975267823,21.481341035824,0.000433152658327232,0.00258392345765109,"SYPL1",FALSE,0.00261084670413308
-0.229727262294563,7.49117730453666,21.4762047534527,0.000433596282114957,0.00258462505609578,"ANP32B",FALSE,0.00261152256154559
-0.49684356052942,4.94120028565181,22.4276107782828,0.000439994751677269,0.00262079518504687,"C1orf35",FALSE,0.00264803564072844
-0.407901908078552,5.07994300913207,21.3759425822535,0.000442361705626834,0.00263291561727443,"ARID3A",FALSE,0.00266024848620473
-0.219898078473215,8.15529304877255,21.3650556969649,0.000443325720615113,0.00263667390325327,"ZFAND5",FALSE,0.00266401222502354
0.229920945511513,6.7282881353576,21.3499713105075,0.000444665419777923,0.00264265925637134,"CHMP2A",FALSE,0.00267002604955067
-1.19511242183124,1.24207057309287,21.3403705313072,0.000445520528784966,0.00264575786682188,"KLF12",FALSE,0.0026731231727098
0.370634752987518,5.29873900050169,21.313707777473,0.000447905244101158,0.00265792872397753,"TNFSF10",FALSE,0.00268538623518183
0.547121263831598,3.43829204742885,21.2987876381542,0.0004492461161955,0.0026629678089455,"ENOSF1",FALSE,0.00269041004428262
0.257244454028745,5.85979285104897,21.2967876990557,0.0004494262018629,0.0026629678089455,"CWC15",FALSE,0.00269041004428262
0.268910848051903,5.67950213129851,21.2632394951325,0.000452459502799743,0.00267893871411229,"SLC25A11",FALSE,0.00270651174112101
0.809114827600315,1.95696951396217,21.2524572241435,0.000453439398271393,0.00268273697723552,"CD163L1",FALSE,0.00271031531076027
0.21665051146378,5.41964839791974,21.2316425633339,0.000455337963704027,0.00269196075782664,"HSD17B4",FALSE,0.00271960005918144
0.257398318288951,6.83946538889827,21.206500711016,0.000457643449327118,0.00270357471405767,"MAN2B1",FALSE,0.00273129931348412
0.534627821813437,3.11198114141504,21.1994049669953,0.000458296554206143,0.00270541703778578,"PPM1L",FALSE,0.00273312661168508
0.548794454477777,3.36771071130307,21.1806556363647,0.000460027449575463,0.00271287382633845,"ASRGL1",FALSE,0.00274059190549773
0.288781886780395,5.21659703099092,21.1783144716028,0.000460244109034462,0.00271287382633845,"SMIM4",FALSE,0.00274059190549773
-0.695749880632303,2.38240111647559,21.1622362222724,0.000461735225713537,0.00271964106200366,"CST6",FALSE,0.00274739434151907
-0.421530729514425,4.31811547050492,21.1461090912496,0.000463236469693736,0.00272644883080192,"B4GALT5",FALSE,0.00275416980845113
-0.222451753482218,11.0147993646378,21.1389738759681,0.000463902467189513,0.00272644883080192,"RPL17",FALSE,0.00275416980845113
-0.367105680614469,4.91324850498298,21.138756880236,0.000463922738742657,0.00272644883080192,"ITPK1",FALSE,0.00275416980845113
0.30635235140961,6.56989963886063,21.1217702197309,0.000465512789427659,0.00273186338434613,"PHC2",FALSE,0.00275957168611544
0.591786007108422,3.15713369044503,21.1215523069935,0.000465533228084211,0.00273186338434613,"HYAL2",FALSE,0.00275957168611544
0.278694728817552,10.0282418055437,21.0767578997325,0.000469756658970629,0.00275460857420055,"RNASET2",FALSE,0.00278251350328618
0.303898301361527,5.25147820489121,21.0673913451689,0.000470645353246008,0.0027577800151769,"MRPL43",FALSE,0.00278568301493016
0.42997122753771,4.28482901667455,21.0477816388303,0.000472512193073476,0.0027666740522057,"NTPCR",FALSE,0.00279463292570033
-1.01870652557181,2.18809573629276,21.1950122989226,0.000473817613631048,0.00277008192358503,"PRC1",FALSE,0.00279797307033544
-0.237361409428835,6.10976795206585,21.0315461084739,0.000474064269794299,0.00277008192358503,"DHX9",FALSE,0.00279797307033544
-0.221954124547902,7.04305153723402,21.0307301516593,0.000474142428141382,0.00277008192358503,"UXT",FALSE,0.00279797307033544
0.246643538759255,5.51085979951447,21.0191483724118,0.000475253418642612,0.00277314213564284,"MRPL40",FALSE,0.00280096227526138
-0.64163489691147,4.53696581532435,23.2554379160231,0.000475459605293408,0.00277314213564284,"NMB",FALSE,0.00280096227526138
-0.396604433938057,6.02498248139826,22.1341391973937,0.000475715603490698,0.00277314213564284,"FBL",FALSE,0.00280096227526138
6.76925190816257,-0.193722128074298,42.6429969782421,0.00047693942322548,0.00277823346607759,"HS3ST2",FALSE,0.00280607078130719
0.190968410254678,7.04190119195655,20.9966961683912,0.00047741571659218,0.00277896608013422,"CAPZA2",FALSE,0.0028067768770994
0.901307446938706,2.74570955559711,20.9823213651617,0.000478806058072988,0.00278501425414721,"TNFSF18",FALSE,0.00281285169686726
-0.327415410880919,5.63265072059744,20.9645482760219,0.000480531538659195,0.00279300149449421,"CYP51A1",FALSE,0.00282088484467745
0.326846905304134,5.35351989408254,20.9408607655777,0.000482842363157125,0.0028043767436701,"AL590617.2",FALSE,0.00283233964032154
-0.189487828438825,7.1836299457084,20.9331865836375,0.000483593758574898,0.00280668471301742,"BPTF",FALSE,0.00283463662950376
0.996472495215557,2.44512509734344,20.9212141446477,0.000484768697517727,0.00281144567221693,"WNT5B",FALSE,0.00283941100300718
0.235446301197609,6.36206047413441,20.8746367374586,0.000489371058027472,0.0028360626813171,"FUNDC2",FALSE,0.00286423862937624
0.561291572787791,6.70244457928925,24.9169801332738,0.000491731157067955,0.00284637350035153,"LPAR6",FALSE,0.0028745490761778
0.548065592369507,7.87651239854672,25.1252431141633,0.000492057179958551,0.00284637350035153,"FABP5",FALSE,0.0028745490761778
0.276683943076954,5.99298816639028,20.8459836628862,0.000492227304362002,0.00284637350035153,"CIR1",FALSE,0.0028745490761778
0.254317019679539,5.17957988394693,20.8394781813852,0.000492878467906161,0.00284806158422744,"MRPS10",FALSE,0.00287621968160351
-1.86046091222289,2.48326870793642,26.1536124033493,0.000496328964349879,0.00286591116486951,"LYPD3",FALSE,0.00289421138500988
-0.512845589517389,4.17199133679454,20.7611282373296,0.000500799346322792,0.00288961951793821,"AC008771.1",FALSE,0.00291811926799627
0.445987280633425,4.00952762201541,20.7489592083268,0.000502042702132726,0.002894686940006,"ZFPM1",FALSE,0.00292320207494576
-0.379140124682961,7.94790037277244,22.0722822307455,0.000503758249345312,0.00290140202392554,"NFKB1",FALSE,0.00292981070237716
-1.39598084563996,3.08183711544787,25.0133661363252,0.000504233119805026,0.00290140202392554,"ANPEP",FALSE,0.00292981070237716
0.379963181332261,4.23404677997756,20.7202058956998,0.000504994693841097,0.00290140202392554,"MGAT5",FALSE,0.00292981070237716
0.306867893961511,5.08680237544166,20.7201784210729,0.00050499752410343,0.00290140202392554,"AKAP7",FALSE,0.00292981070237716
0.317790458983578,5.73395692060552,20.7197934454384,0.000505037183781186,0.00290140202392554,"ESF1",FALSE,0.00292981070237716
-0.269674356703598,6.68507447395247,20.7111740021902,0.000505926087732396,0.0029032081048189,"MTHFD2",FALSE,0.00293153144844959
-0.923590760550905,5.15727843864698,27.6309469096057,0.000506380660196237,0.0029032081048189,"JMY",FALSE,0.00293153144844959
-0.244286940694909,5.60986904791807,20.706100470767,0.000506450152493005,0.0029032081048189,"ZNF277",FALSE,0.00293153144844959
0.817017615018412,6.73602999263148,28.298711724509,0.000507669219371712,0.00290580613552218,"ABCA1",FALSE,0.00293405216778741
-0.225637112904052,11.0793426420392,20.6917907613552,0.00050793163116932,0.00290580613552218,"FAU",FALSE,0.00293405216778741
-0.579647967945695,2.39383138767126,20.6911032031251,0.000508002939434124,0.00290580613552218,"TESK2",FALSE,0.00293405216778741
-0.547736950712079,2.61804448126713,20.6516077540424,0.000512118533679464,0.00292179984089917,"FOCAD",FALSE,0.00295003030865497
0.228447983665703,6.27179347332323,20.6500202544447,0.000512284759318813,0.00292179984089917,"ECH1",FALSE,0.00295003030865497
0.254701238361518,5.24856316247553,20.6491771266466,0.00051237306773995,0.00292179984089917,"LYRM2",FALSE,0.00295003030865497
0.686315314716918,3.30098128264311,20.6482734378443,0.000512467738740021,0.00292179984089917,"CPNE2",FALSE,0.00295003030865497
-1.03908018920995,1.76771018415925,20.6466131616345,0.000512641722841921,0.00292179984089917,"CTSW",FALSE,0.00295003030865497
-0.281878611105512,9.07609742539594,20.643023722398,0.000513018100983508,0.00292184447169343,"EMP3",FALSE,0.00295004131353874
0.315016151105391,5.68182080309928,20.6198841681611,0.0005154521037492,0.00293359962564512,"CFAP97",FALSE,0.00296187576465076
-0.252092188139171,6.14325984266573,20.6061722460268,0.000516900710869451,0.00293973374158753,"ARID1B",FALSE,0.00296803483981745
-0.577994145625597,8.56441084643755,25.331413397572,0.000518736980567787,0.00294662745249953,"ZNF331",FALSE,0.00297492657487481
-0.923560183131681,5.13369383487054,27.4695236362913,0.000518856196227213,0.00294662745249953,"C12orf45",FALSE,0.00297492657487481
-0.371964548678566,5.50564386485795,20.7760860915114,0.000519912076908043,0.00295051034053469,"HECA",FALSE,0.0029788126122775
0.276760436383052,5.29809142951771,20.5708133526175,0.000520657925512364,0.00295262949460803,"MRPL27",FALSE,0.0029809179776064
0.310960299984387,5.12372791617155,20.5599086583018,0.00052182299374008,0.0029571212969059,"MRPL38",FALSE,0.00298541869621231
-0.209568831696211,10.7897815582676,20.4870617965566,0.000529683540814767,0.00299952222255677,"H3F3A",FALSE,0.00302819080880895
-0.980025080192178,5.36544819391603,28.23563739975,0.00053156368152657,0.00300802060466998,"DUSP5",FALSE,0.00303673581078051
-0.665365259638525,3.05011863460223,20.4646777757386,0.000532126232396315,0.00300871056370069,"HIP1",FALSE,0.00303732881721045
0.386900757630385,4.53884936609594,20.4584625790226,0.000532806776210337,0.00300871056370069,"USP6NL",FALSE,0.00303732881721045
-0.498796090488973,3.23731410293317,20.4583042937968,0.000532824121018639,0.00300871056370069,"MASTL",FALSE,0.00303732881721045
-0.649778676278803,2.45836740971051,20.4386617613728,0.000534981597835781,0.0030187431371118,"NDST1",FALSE,0.00304742229049189
0.210805372039277,6.70854224106724,20.4263522960362,0.000536338763072041,0.00302424872947023,"NDFIP1",FALSE,0.00305294564702423
-0.375235316383612,5.00287735531951,20.4053356513722,0.00053866510761387,0.00303159243776024,"TAP1",FALSE,0.00306246344095118
0.808106826572669,9.06113187818365,28.125951890575,0.000538713277987332,0.00303159243776024,"MAFB",TRUE,
0.455629823889481,4.55471576632112,20.4042255084299,0.000538788312916773,0.00303159243776024,"PINK1",FALSE,0.00306246344095118
-0.564659294334504,3.04231709895294,20.3995715523857,0.000539305169354759,0.00303234849832945,"ZNF516",FALSE,0.00306319114937043
-0.226692101786629,7.96974224904712,20.3896095597804,0.000540413444286826,0.00303642649631889,"EIF3A",FALSE,0.00306727457787581
0.819738276186314,3.43101150197148,20.8972442470372,0.000541277896582209,0.00303912971962022,"GIMAP6",FALSE,0.00306996923633883
-0.197983994707744,8.08075703076281,20.3726144806273,0.000542310215651591,0.00304277097642308,"SRSF2",FALSE,0.00307361142367139
0.248941563191952,5.50910872356673,20.3635322768149,0.000543326998627548,0.00304631997533183,"TMEM205",FALSE,0.00307716038475041
-1.45742181310223,-0.594181112184435,20.3566294609506,0.000544101261258571,0.00304850515848619,"PLEKHA6",FALSE,0.00307933170703666
0.25923556535079,5.15866187719932,20.3507316454413,0.000544763804156395,0.00305006175095473,"SIRT2",FALSE,0.00308086808983782
0.472374506995721,3.97574940691511,20.3269338348052,0.000547446639219457,0.00306291951710082,"TMED1",FALSE,0.00309381967271943
-0.807967525650935,5.62029408250572,26.8862803951464,0.000548883279992576,0.00306879170929558,"HCG18",FALSE,0.0030997150392699
-0.221826115494125,5.54095455311911,20.30702438153,0.000549702823332111,0.0030712078811677,"UVRAG",FALSE,0.00310211951447734
0.596111464513272,7.07575892579368,24.8720597435501,0.000554844584382588,0.00309775201759518,"STMN1",FALSE,0.003128894513791
0.809057844978134,1.35255811916107,20.23605054394,0.000557833374896899,0.00311224700646208,"EDA",FALSE,0.00314349880360355
0.308196665945083,4.66595141902777,20.22757731805,0.000558813270536173,0.00311552152518339,"LMF2",FALSE,0.00314676979648604
-0.188663759308127,7.03148853899934,20.2131025707029,0.000560491810914119,0.00312261920435682,"TPR",FALSE,0.00315386584064741
-0.24038957913898,5.75711843014469,20.2098130450975,0.000560874085141791,0.00312261920435682,"STMP1",FALSE,0.00315386584064741
-0.349570267087325,6.20555804818335,20.6330579489208,0.000562647478339536,0.0031302941812462,"RNF144B",FALSE,0.00316158119426453
0.400008319099295,4.87478862440249,20.1821124955782,0.000564105097770226,0.00313620281565382,"TCEAL9",FALSE,0.0031675124449279
-0.38925956221669,4.21814139280927,20.1587973382136,0.000566841226788023,0.00314920619900172,"SNRK",FALSE,0.00318060910586613
-1.37687777819885,6.92748693927957,30.9100940971835,0.000569921169237026,0.00316410016086214,"MXD1",FALSE,0.00319561492615608
-0.466291665276804,4.46308640203294,20.1287152737895,0.000570394105843203,0.00316450977685438,"FDFT1",FALSE,0.00319599200983837
-0.971673180694845,1.61491285455485,20.0920324565952,0.000574761354721358,0.00318650910505659,"SLC2A1",FALSE,0.00321817338485775
0.240362483858609,5.9661454298941,20.0835467037596,0.000575777100728831,0.00318899767250566,"EPN1",FALSE,0.00322057646571908
0.29855257115666,4.67738262798846,20.0799246865364,0.000576211286587901,0.00318899767250566,"JAGN1",FALSE,0.00322057646571908
-0.319796477912055,5.58388232722917,20.0782100320638,0.000576416960734184,0.00318899767250566,"KDM2A",FALSE,0.00322057646571908
-0.303965521019616,4.3431502512044,20.0482648730578,0.000580022581963908,0.00320670783110869,"ATP9B",FALSE,0.00323842515996574
0.790573159692682,3.70517915199244,20.5433111001154,0.000580730976792968,0.00320838688781509,"LINC02712",FALSE,0.00324008401924575
0.505512666749114,4.52492523779919,20.3210039860325,0.000582137885979593,0.00321392002788734,"HAUS6",FALSE,0.00324563500760597
-0.249658071998708,5.20273562653734,20.0142698613112,0.000584147378492156,0.00322276994898108,"ATXN7",FALSE,0.00325453539445629
-0.484879769363366,5.93661592796118,22.6356658967383,0.000588077952496223,0.00324219889248265,"KYNU",FALSE,0.0032741188054878
0.243829633835135,6.82153347810451,19.974366686821,0.000589032240128334,0.00324520333546729,"SMS",FALSE,0.0032771158105445
-0.351552039588932,6.6541945108773,20.566210173297,0.000590187345460949,0.00324930921862112,"PKIB",FALSE,0.00328122505825078
1.41241964477062,0.114691345382166,20.889569814921,0.000593227096375728,0.00326377822350227,"AC008591.1",FALSE,0.00329579905870803
0.227727953549002,6.97329016288306,19.9243509632928,0.000595221685836804,0.00327248094681982,"USF2",FALSE,0.00330454999367325
-0.513670483430817,5.21752976098479,21.7055784440469,0.000601571339976894,0.00330509881035122,"ADGRE5",FALSE,0.00333745001150561
-0.318832460748045,5.76491595921422,19.866190960303,0.000602513458200574,0.00330798247687961,"SEMA4D",FALSE,0.00334032443610424
0.289778815488183,4.91942033460074,19.8363182031434,0.000606298723601426,0.00332490978527496,"ASPH",FALSE,0.00335734208110351
0.697970871014888,3.759548851108,20.3273851585143,0.000606435361945962,0.00332490978527496,"EPN2",FALSE,0.00335734208110351
0.470901519699995,5.12040664744644,20.6853971427372,0.00060851388090141,0.00333400003302445,"GNG7",FALSE,0.00336648339448125
0.373310368401494,4.24029417511583,19.8102543016187,0.000609623758466714,0.00333777427978184,"SGPP1",FALSE,0.00337025682049177
-0.273737417763795,5.4612839169973,19.788294417413,0.000612441553332207,0.00335088794673412,"DENND4A",FALSE,0.00338346041875955
0.307346474983678,6.02313486546916,19.7669854938137,0.000615190178242744,0.00336360533317826,"SLC7A7",FALSE,0.00339626364694908
0.21592814386654,5.30118232022688,19.7530136028126,0.000617000120654136,0.00337117640010062,"TNRC6A",FALSE,0.00340387041352471
-0.438166090514674,3.99367479771195,19.7485901729796,0.000617574417705498,0.00337199034681074,"SPTBN1",FALSE,0.00340465448753248
0.362521088374959,6.30524938857914,20.5220856264105,0.0006222392432791,0.00339512231295025,"TUBB2A",FALSE,0.0034279725584285
0.230925500698926,6.52283065992634,19.7080978997881,0.000622860288434171,0.00339617356719815,"TMCO1",FALSE,0.00342899605330845
0.29907594628536,6.07400202481284,19.6920587869403,0.000624968441244828,0.00340449238627936,"PLEKHO2",FALSE,0.00343731938139543
-0.249043759471602,6.72815052594608,19.6899607014025,0.000625244817661799,0.00340449238627936,"ZBTB1",FALSE,0.00343731938139543
0.278116988554536,6.3269025039896,19.6830944128325,0.000626150284772125,0.00340708267513617,"FERMT3",FALSE,0.00343989675274393
0.360881019947325,5.13092448882633,19.6562653341913,0.000629702791606717,0.00342406291622637,"ACOT13",FALSE,0.00345700250332942
0.220824920284219,7.78670650779651,19.6517753866331,0.000630299583346435,0.00342495894226905,"ALDH2",FALSE,0.00345786916267634
-0.859993791634845,3.06020471517441,20.2687926858764,0.000633449793882565,0.0034397191547267,"IL3RA",FALSE,0.00347273310800755
0.234837210112337,5.25378147392674,19.6106985090374,0.00063578977861799,0.0034500625358545,"ADH5",FALSE,0.00348313760497394
0.24742648946612,8.57918649042372,19.6003484891775,0.000637181807042529,0.00345525127649328,"ARL6IP1",FALSE,0.00348833792625507
-0.489036779286959,3.58557441141645,19.5742577991409,0.00064070649639964,0.00347198981781022,"AFDN",FALSE,0.00350519845738636
0.435341544400488,4.76511535304896,19.5500379188286,0.000643998576524617,0.00348654748339776,"TMEM144",FALSE,0.00351981861315939
0.23483716242964,7.19163640199539,19.5480293861274,0.000644272460037552,0.00348654748339776,"ARRB2",FALSE,0.00351981861315939
-0.310325885728954,4.90522554342633,19.536450130681,0.000645854027563958,0.00349272218999117,"TBC1D9",FALSE,0.00352601388021404
0.273729304332728,8.51484269733973,19.5300771962836,0.00064672639188978,0.00349505578384606,"IL18",FALSE,0.00352833138179203
-0.319495993687828,6.68160385623158,19.7536493027153,0.000648255558124958,0.00350093328665849,"NFAT5",FALSE,0.00353422649613039
0.213148458834898,7.08505281462944,19.5142302840932,0.000648901502700987,0.00350203615616979,"PRDX5",FALSE,0.00353530154791036
-0.864597137281848,2.14459568711289,19.4793788561065,0.000653714858462964,0.00352561319584652,"OXCT1",FALSE,0.00355906403246111
-0.18772262491704,9.35330875606713,19.4601793835233,0.000656384084874355,0.00353760232826913,"TPM3",FALSE,0.00357112832917139
-0.768294321895609,5.84764615435908,25.507006067828,0.000659530011330077,0.00355046294346499,"JAML",FALSE,0.00358403352866081
0.416429593627171,6.12779364766317,20.825196719292,0.00065966598331533,0.00355046294346499,"APMAP",FALSE,0.00358403352866081
0.223708916220132,5.67651992730766,19.4146698737048,0.000662761421490401,0.00356345275861133,"CEBPG",FALSE,0.00359703019784165
0.343494888448803,4.1656715300699,19.4127072262685,0.000663038053329043,0.00356345275861133,"CFAP410",FALSE,0.00359703019784165
0.406073497220568,4.61265920564744,19.4099430507442,0.000663427884928143,0.00356345275861133,"RCBTB2",FALSE,0.00359703019784165
0.371811130461078,9.00524929060131,20.5878572935024,0.000667615825300884,0.00358351947392377,"CD163",FALSE,0.00361724722951882
-0.365700900676556,5.84792785723495,19.9363418938379,0.000671151106274752,0.00360005816681071,"CMIP",FALSE,0.00363390269088144
-0.209858166581751,7.6890836353545,19.3496006135752,0.000672004164697893,0.00360219676654827,"ETF1",FALSE,0.00363602253399038
0.23139121968157,7.25875349908084,19.3380758919728,0.000673656632802423,0.00360746471989212,"NOP10",FALSE,0.00364126227791916
0.201676267634731,7.08419721982252,19.3364023720033,0.000673896979081764,0.00360746471989212,"DST",FALSE,0.00364126227791916
-0.244528033355671,5.24011320072014,19.3176449506533,0.000676597640886087,0.00361804095385292,"CHD3",FALSE,0.00365182114091235
0.652992331936867,3.32462726980453,19.3158366320827,0.000676858658173017,0.00361804095385292,"KBTBD7",FALSE,0.00365182114091235
-0.252757939114175,7.36354435741551,19.3131838819147,0.000677241772895779,0.00361804095385292,"PLSCR1",FALSE,0.00365182114091235
-1.13518748265224,1.2197894987206,19.3019349557907,0.00067886914162868,0.00362429262951662,"MLLT3",FALSE,0.00365809240612226
-0.553091852829054,3.12331830042138,19.2957815968179,0.000679761247623133,0.00362661317036083,"PGM1",FALSE,0.00366039583648328
0.226753065079542,6.56277945521048,19.2723332803906,0.000683173161582216,0.00364236504709066,"MXD4",FALSE,0.00367625557851414
0.213671245081087,5.68564694808342,19.2465503506618,0.000686947587025582,0.00366002719753953,"NSL1",FALSE,0.00369404306524747
-0.185901591352255,10.2705231180369,19.2430277099743,0.000687465138904019,0.00366032479599131,"RPS20",FALSE,0.00369430447768476
0.333974996602552,5.41763915905866,19.2373703577409,0.000688297266731669,0.00366229579238166,"MPDU1",FALSE,0.00369625485161015
-0.242906067900994,8.80373250983845,19.2306099129809,0.000689293169084625,0.00366513497283897,"CDKN1A",FALSE,0.00369908146188602
0.38190686587037,4.23480791006129,19.211650221123,0.000692095053560125,0.00367756674572699,"UACA",FALSE,0.00371158940227819
-0.472786426295563,5.26568219249931,20.5634391093439,0.000693307863197042,0.00368154369686949,"NGLY1",FALSE,0.00371556418113353
-0.181517560532373,6.62482854093639,19.1795384828773,0.000696870563176784,0.00369798515720585,"RBIS",FALSE,0.00373211848858375
0.236653400433323,5.92369844143819,19.1740092083923,0.000697696678875553,0.00369989248837819,"SNX17",FALSE,0.00373400437240598
1.18760188358293,1.82946839732336,19.1594400592016,0.000699878831905047,0.00370898354234172,"EGFL7",FALSE,0.00374314014782618
-0.570955529608683,4.10878840377487,19.7281196595316,0.000701474033882955,0.00371495400175288,"ZDHHC20",FALSE,0.00374912648502708
0.462489216503005,4.48149561883196,19.1358295760734,0.000703431913841586,0.00372283592318831,"CYB5A",FALSE,0.00375704177440272
0.344918498351047,4.48126120519059,19.1316058591211,0.000704069720443373,0.00372372564621418,"GAB3",FALSE,0.00375790058106564
-0.21367344533134,7.30259582875258,19.1145426753985,0.000706653158525557,0.00373489749386041,"CTNNB1",FALSE,0.00376913580424126
0.466045881164409,3.87704313247913,19.096657888806,0.000709372726514419,0.00374677346822539,"RAB12",FALSE,0.00378108142048755
0.241995117502701,5.58414393568941,19.0377701232255,0.000718412859764763,0.00379041425469929,"MRPS7",FALSE,0.00382504260457948
-1.34385699111069,3.64729402139657,23.9644684873569,0.000718591400708001,0.00379041425469929,"RETN",FALSE,0.00382504260457948
0.302108229601093,4.79316572224957,19.0301290825859,0.000719595576736689,0.00379318732205351,"RAP2A",FALSE,0.00382780145410644
0.402672632772888,3.72455859097283,19.0110207272073,0.000722563097043269,0.0038062991583781,"DPH6",FALSE,0.00384099330533527
0.609852670724092,3.9075643140139,19.2259288021789,0.0007240206919794,0.0038114449176711,"STARD13",FALSE,0.00384614633271322
-0.367096088878285,4.84084916185096,18.9217069288722,0.000736621910614308,0.00387520803407448,"MAN1A2",FALSE,0.00391044973842286
0.323550103969713,5.24107673343967,18.8951782262688,0.000740858330432069,0.00389491037378345,"GPATCH11",FALSE,0.00393029086002952
-0.351289178881484,5.95667796503688,19.3528499279977,0.000744367539768646,0.00391076597434449,"CPNE3",FALSE,0.00394624998539529
0.187789250008255,7.25090268200201,18.8552747803939,0.000747283596050438,0.00392090783017097,"RAB2A",FALSE,0.00395640280839699
0.272376245708805,5.13952156344562,18.8552534372747,0.000747287049872394,0.00392090783017097,"TLR1",FALSE,0.00395640280839699
-0.196765853754087,8.32800080869743,18.8510391199999,0.000747969386852703,0.00392189239349751,"SRSF3",FALSE,0.00395735582916427
-0.269652971705512,6.32140278611666,18.8191179256497,0.000753161110289254,0.00394650448273179,"ISG20L2",FALSE,0.00398214981668372
0.275063041958776,4.83860104341627,18.8085235015936,0.000754893380112468,0.00395296876983596,"SLC17A5",FALSE,0.00398863182329042
0.364755643039171,4.69994951202154,18.8015276664013,0.000756039770713895,0.00395522653706599,"H1F0",FALSE,0.00399082874327191
0.335182423621042,4.99162947701674,18.7998052315757,0.000756322329741681,0.00395522653706599,"SLC38A10",FALSE,0.00399082874327191
0.188223997126699,6.64671928006981,18.7913689140468,0.000757708035755099,0.00395986111237075,"NDUFB9",FALSE,0.00399546446163231
0.873002723452328,3.99759312044011,21.2563900562824,0.000759915793916418,0.0039687828815345,"HPSE",FALSE,0.00400442583576826
-0.284906374337786,6.01895885553117,18.7623571293039,0.000762495749556305,0.0039781166415771,"CNOT2",FALSE,0.00401376217045287
0.526165446206782,4.73409828894716,19.7155567005272,0.000762706520584913,0.0039781166415771,"APPL2",FALSE,0.00401376217045287
-1.2078335151499,1.04245711177468,18.7482004054092,0.000764844639160596,0.00398664582463195,"MBOAT2",FALSE,0.0040223271477351
0.465569554184268,4.98454044039477,19.3293130768808,0.000766278948617762,0.0039914977034439,"PAX8-AS1",FALSE,0.0040271818260245
0.329016625611075,4.04723819827818,18.734043592731,0.000767201888737605,0.00399289939631503,"AP1S1",FALSE,0.00402851493226805
0.24285127857805,6.75275420324907,18.7319252539662,0.000767555332994967,0.00399289939631503,"RBM47",FALSE,0.00402851493226805
-0.669775886273053,2.47490577901851,18.7167659188721,0.000770090149162159,0.00400244955573569,"SHCBP1",FALSE,0.00403806918098976
-0.407683608935811,3.63523890532859,18.7149116842724,0.000770400860501093,0.00400244955573569,"COL8A2",FALSE,0.00403806918098976
-0.768806753816918,1.37547442168095,18.7084941977351,0.000771477345375656,0.00400289603865899,"SH2D3C",FALSE,0.00403843874845577
0.254655984720624,5.27435462690318,18.7083794280478,0.000771496612899966,0.00400289603865899,"PIGT",FALSE,0.00403843874845577
0.937639279399957,4.92928223646603,24.0450289557384,0.000773066250568296,0.00400841676553659,"CD276",FALSE,0.00404396807568196
0.217421912216711,6.51422101138449,18.6891214439888,0.000774737511625038,0.00401445685762307,"TCEAL4",FALSE,0.00405002131160056
0.308231206167114,6.56193421520435,18.7386938859064,0.000775632890726704,0.00401647129828956,"CCND1",FALSE,0.0040520132050033
0.189711319338022,9.73387592243061,18.676009775386,0.000776953036500445,0.00401823540206322,"RAC1",FALSE,0.0040537122577199
1.32465951018731,1.36788581104153,18.6758076697429,0.000776987244117421,0.00401823540206322,"GREM1",FALSE,0.0040537122577199
-0.322324235600907,5.06415816201975,18.6488683553604,0.000781562466981766,0.00403926156338425,"TAX1BP3",FALSE,0.0040748835968778
0.187337904487087,7.73934038204223,18.629670660281,0.000784841851767444,0.00405356755753244,"CANX",FALSE,0.0040892752038518
-0.41523750298298,4.12803033347586,18.6157698539904,0.000787226315291264,0.00406323582527939,"POLB",FALSE,0.00409898804485431
0.361502778259023,5.75836679465896,18.9125501848687,0.000796724972610823,0.00410958723673299,"SESN1",FALSE,0.00414570629737653
1.24054918904564,4.61544318109115,24.9396458075284,0.000799637237898313,0.00411934704826775,"PDPN",FALSE,0.00415546984995432
-1.28670025889799,0.88434803150476,18.5663181060572,0.000799656295066102,0.00411934704826775,"HOMER2",FALSE,0.00415546984995432
0.20789631579363,5.95732511741194,18.5357669464889,0.000801112996252838,0.00412417132096916,"DDRGK1",FALSE,0.0041602954413183
-0.277199640750981,5.40085573704542,18.5041945533395,0.000806670807289956,0.00415008835833535,"EIF4E2",FALSE,0.00418639830028345
-0.456223035193727,3.04196803107808,18.5007584576189,0.000807278354338565,0.00415052061815573,"TMEM131L",FALSE,0.00418679320308046
0.258428402702219,4.87144087020574,18.478074699301,0.000811302404097133,0.00416850645475183,"YIPF6",FALSE,0.00420489496018238
0.911930003845482,1.43823356282839,18.4708364444529,0.000812591318214435,0.00417242485155702,"BBS5",FALSE,0.00420880631485425
1.49112816181584,1.04169636796765,18.4630315735442,0.000813983775430363,0.00417686949618895,"RBP4",FALSE,0.00421324847755611
-1.19954327070812,0.384037835894736,18.4402536148068,0.000818063318123474,0.00419508795995013,"MAMLD1",FALSE,0.00423158425487638
-0.205359026138544,5.55841468560687,18.4336397153278,0.000819252282898687,0.00419846935928946,"MAPK1",FALSE,0.00423495373010227
0.333256790342036,4.43875234179535,18.417623981892,0.000822139654998738,0.00421054469304263,"C20orf194",FALSE,0.00424709259152791
-0.298305062764092,4.43331163170595,18.3899047179424,0.000827164750588835,0.00423169577783514,"UBR4",FALSE,0.00426834420504639
-0.762065934874365,3.31053830928372,18.7104215191535,0.00082733709077251,0.00423169577783514,"SMARCD3",FALSE,0.00426834420504639
-0.253039568447924,7.38040673477897,18.3812948362144,0.000828732796849081,0.00423610162051549,"EIF4B",FALSE,0.00427274671045619
-0.216924422492936,7.46189059181773,18.3752502559972,0.000829835693650562,0.00423828874046353,"NASP",FALSE,0.00427482852990068
0.352745343477885,4.49080162448148,18.3726870420845,0.000830303889665272,0.00423828874046353,"NBR1",FALSE,0.00427482852990068
0.344054622468102,4.45851471406965,18.3701671575023,0.000830764468047467,0.00423828874046353,"HDDC2",FALSE,0.00427482852990068
0.786054240401429,2.27073184590268,18.359228627141,0.000832767203564143,0.00424577388415211,"MIR34AHG",FALSE,0.00428233683399368
-0.486633282254797,4.0548595851713,18.3338996015387,0.000837426099619636,0.00426678285204658,"UBASH3B",FALSE,0.00430348520078506
-0.875174676763278,1.3935900457419,18.3198215204796,0.000840028541864267,0.00427729369293507,"NT5DC3",FALSE,0.00431404488448937
0.308542251932161,4.61661246072879,18.3140617304699,0.000841095970559992,0.00427998000937074,"RRP36",FALSE,0.0043167127401118
-0.231993810868501,7.47103800166767,18.2869759731536,0.000846136632989416,0.00430286800919826,"SAMHD1",FALSE,0.00433975546529337
-0.256632394767366,6.5948039047994,18.2455364140073,0.000853916098747889,0.00433964540440594,"PDCD4",FALSE,0.00437680613268436
0.245126709729607,7.39925691662259,18.2160663272897,0.000859498718603997,0.00436521834791319,"ELOC",FALSE,0.00440255585511202
-0.859483971104326,3.94857173286982,21.1133083484348,0.000860779080994871,0.00436892224976142,"TNFSF14",FALSE,0.00440624925281195
-0.645790135485045,2.56813639181385,18.2031500037011,0.000861958757342347,0.00437074884642329,"SHB",FALSE,0.00440800721422719
-0.364498919540041,4.46452915904222,18.2016678137753,0.0008622415736385,0.00437074884642329,"PACS1",FALSE,0.00440800721422719
0.298271535875929,6.2261435898251,18.1874716001603,0.000864955776261528,0.00438170568319578,"WASHC4",FALSE,0.00441901530829333
-0.214674214348023,6.82238401553113,18.1784438143431,0.00086668694074544,0.00438767181751587,"RSL24D1",FALSE,0.00442499009668994
0.239334057414938,5.36884308935132,18.1673640537243,0.000868817053865536,0.00439358085631304,"COMMD1",FALSE,0.00443086515027656
0.2294068967392,5.39977084163687,18.16660860559,0.000868962510431238,0.00439358085631304,"ABR",FALSE,0.00443086515027656
-0.212896666743842,7.75024114443383,18.1611194996635,0.000870020245232784,0.00439605069842362,"EIF3F",FALSE,0.00443327187915419
0.338580830176189,3.86049323590437,18.1583214655121,0.000870559989470873,0.00439605069842362,"ANKFY1",FALSE,0.00443327187915419
-0.194016560334755,9.66859996476867,18.1401110640001,0.000874082246183746,0.00441102740149251,"MCL1",FALSE,0.00444833329162503
0.598448586620311,5.67119205354158,21.4702176332704,0.000877738102643037,0.00442665882808778,"RHOBTB3",FALSE,0.00446405472732204
-0.675983143501123,2.94303213613349,18.1013188814007,0.000881640356816571,0.00444128408357163,"LTB",FALSE,0.00447871903549855
0.374912911702811,6.10040936425514,19.0157357727704,0.000881758469669745,0.00444128408357163,"NFIA",FALSE,0.00447871903549855
-0.901727140739918,1.60875801447368,18.0926768174243,0.000883334388301596,0.00444639684473337,"PTPN13",FALSE,0.00448383267463916
-0.244590177036205,7.10438623539342,18.088035405239,0.000884245754436422,0.00444816011495682,"HMGB2",FALSE,0.00448556861136519
-1.88514756295602,3.32696756695494,24.4791599600179,0.000885544622420553,0.0044518692241916,"MCEMP1",FALSE,0.00448926675381539
0.9766190656177,3.95609056117292,21.232619249471,0.000887198831525082,0.00445735889501321,"ITGB5",FALSE,0.00449476038247884
-0.193892970666983,6.33253537741435,18.067591966965,0.000888272858817161,0.00445992857802562,"ACSL4",FALSE,0.00449730949984678
0.196933483822251,9.7292294883867,18.0130620414713,0.000899118425235938,0.00451152587042438,"TUBA1B",FALSE,0.00454929669493174
-1.24460319769836,2.71040212380653,20.1500056435399,0.00090991291619866,0.00456280177079252,"TGM2",FALSE,0.00460095889204945
-1.31074881153995,8.12386485079989,26.9016775600826,0.000912731885668823,0.00457187602538684,"TIMP1",FALSE,0.00461002304847959
-0.295549615226545,4.93595188227452,17.9449728996586,0.000912875851184077,0.00457187602538684,"EPB41",FALSE,0.00461002304847959
0.576848114355018,4.2717428392189,18.6955651638093,0.000914774788285789,0.00457849401611725,"SCD",FALSE,0.00461665328771008
0.364439852917754,4.57238068383476,17.9163774979464,0.000918725820994244,0.00459536801819708,"PTPMT1",FALSE,0.00463362485133973
0.248134575753965,5.79938144202054,17.9008328952976,0.000921924024198873,0.00460673522397892,"IRF9",FALSE,0.00464500049437754
0.274244745769931,5.30030604547846,17.8996857756521,0.000922160544961471,0.00460673522397892,"TFG",FALSE,0.00464500049437754
0.401422105895001,3.92961961796938,17.8879669788015,0.00092458081720494,0.00461591732921963,"AKAP10",FALSE,0.00465421576865209
0.291014243317009,5.85100337603197,17.8712829878541,0.000928039194552019,0.00463026729666986,"EML4",FALSE,0.00466864161857012
-0.273689101797519,4.36991970019595,17.8605766881721,0.000930266330214667,0.00463846004147288,"RC3H2",FALSE,0.0046768590615387
0.419419709348297,5.6371002804965,18.9341887655379,0.000931085893625383,0.00463962851330109,"GATM",FALSE,0.00467799404973263
0.575534878796386,5.49258580213614,20.6892178972973,0.000938298976114074,0.00467263459964345,"SLC11A2",FALSE,0.00471122965827066
0.743169855643007,3.66680794354753,18.499960957102,0.000938946599597842,0.00467292444545618,"FP700111.1",FALSE,0.00471147854244064
1.02895162584919,6.91382849498174,24.5349040128397,0.00093955289300604,0.00467300836621825,"IFI27",FALSE,0.00471151985429764
-0.700981181619576,8.51323984275169,23.578362843101,0.000941323902919556,0.00467888144347727,"S100A10",FALSE,0.00471739803257014
0.329854060300095,5.44144655152946,17.7976611902954,0.000943479282592668,0.00468665648646283,"LINC01480",FALSE,0.00472519376240626
0.330895702490857,4.18453906505489,17.7775609141687,0.00094774608301655,0.00470252300619873,"SRBD1",FALSE,0.00474106068770992
-0.334340798973693,4.52771799815532,17.7756001968879,0.000948163485486222,0.00470252300619873,"FOSL1",FALSE,0.00474106068770992
-0.371448996361885,4.26027124329348,17.7742414579863,0.000948452861618537,0.00470252300619873,"KDM7A-DT",FALSE,0.00474106068770992
0.198880798517104,6.01642497644927,17.7613467498709,0.000951204175100475,0.00471321668762286,"TSPAN14",FALSE,0.00475179866293059
-0.230139071802904,7.29277155869664,17.7417483848797,0.00095540347513196,0.00473106730221498,"YY1",FALSE,0.0047697519499934
-1.7311654336739,2.97519169747252,22.7557940061947,0.000957025669254444,0.00473614201363872,"AC009630.4",FALSE,0.00477482471335435
-0.196067656659429,5.66205152384493,17.7186934065369,0.000960370809764605,0.00474973161560436,"SPOP",FALSE,0.00478848179704149
-0.300998540315638,5.89109232797689,17.7134259020361,0.000961509900949722,0.00475240055781135,"GGCX",FALSE,0.00479112903205687
-1.19216416427237,0.624593861901347,17.7038110201108,0.000963593126760994,0.00475972978751474,"MATK",FALSE,0.00479847449596909
0.550728969305197,3.26892608999051,17.652431610045,0.000974813951141985,0.00481215753714424,"PLOD1",FALSE,0.00485128509608121
-0.443299800090556,5.23550602371912,18.641662984128,0.000977044924244203,0.00482016935868577,"MPEG1",FALSE,0.00485931812701757
-0.850542807472833,3.04769061566513,18.382484879508,0.000979450525301581,0.00482903219190979,"INHBA-AS1",FALSE,0.00486820898317089
-0.253242282356399,6.53080717242768,17.6276387212139,0.000980282357749991,0.00483012960363078,"SH2B3",FALSE,0.00486927138357782
0.243163246157468,4.94269843522141,17.5752912600921,0.000991944908812423,0.00488455853233844,"CZIB",FALSE,0.00492409703315959
-0.528736670961845,3.7011739702006,17.5495612648739,0.000997735928283139,0.00491002510206625,"SLC39A8",FALSE,0.00494972521600414
-0.246563241414105,5.67487733152753,17.5412151076643,0.000999622755507084,0.00491625881244427,"ARF3",FALSE,0.00495596480043097
0.384944444387851,4.47605654438968,17.5172229479386,0.00100506965409758,0.0049399827759985,"SGMS1",FALSE,0.0049798356823778
0.236978485331692,6.16716764345054,17.492717577351,0.0010106684306793,0.00496442336953253,"LRMDA",FALSE,0.00500442859641202
-0.242779494605084,5.83945329156674,17.4827221177209,0.00101296242863057,0.00497261060940135,"ANP32E",FALSE,0.0050126369426832
0.519679341804575,4.35844444373555,17.8926526181993,0.0010153538182311,0.00498126551419318,"AL442128.2",FALSE,0.00502131662273987
0.573016262772366,2.9888680775679,17.4594678077659,0.00101832265969178,0.00499274090663973,"AL136040.1",FALSE,0.00503283934319439
0.316580680969364,5.39970204158703,17.4343662986685,0.00102414542724065,0.00501818599948324,"RAB13",FALSE,0.0050584436838883
-0.221366551202989,5.76155549762228,17.4258535571937,0.00102612883000197,0.00502479886612455,"CREBBP",FALSE,0.00506506448794207
-0.440228647693396,4.61885413291791,17.6532585057832,0.00102690655984995,0.00502550321388295,"MCTP1",FALSE,0.00506572941671752
0.467257512707394,4.09258526153975,17.4094362891615,0.00102996644913728,0.00503736829658259,"LPAR1",FALSE,0.00507764435938893
0.236115475260624,6.43841446035648,17.3674377054028,0.0010398593971196,0.00508261732451555,"HM13",FALSE,0.00512320971263805
0.177744533032258,6.93961664167471,17.3637928044489,0.00104072312523053,0.00508370482860607,"ATP5IF1",FALSE,0.00512426048785382
1.10362435940019,5.51373302713696,23.8108248604839,0.00104896996811345,0.00512083368670161,"SIGLEC8",FALSE,0.00516163985558885
-0.20196144969595,7.50443830149391,17.3171261392928,0.00105185510723257,0.00513175833239373,"ACTR3",FALSE,0.00517260582695267
-1.08431349585584,3.32451167983138,19.9898270279084,0.00106179031947584,0.00517704406691543,"PID1",FALSE,0.00521820594936413
-0.270573692441957,5.99591643173902,17.2688767918233,0.00106350927601162,0.00518223819312853,"CLTB",FALSE,0.00522339530948849
0.290000457614762,5.50311406392077,17.2511072261876,0.00106783881624722,0.00519967000678067,"COMMD3",FALSE,0.00524073533393914
0.246546675443788,5.38202167092154,17.2437242623868,0.00106964364443508,0.00519967000678067,"PIK3R5",FALSE,0.00524073533393914
0.77598894363733,6.88953720809223,22.9365643025439,0.00106965043080906,0.00519967000678067,"MAF",FALSE,0.00524073533393914
0.658987151067983,2.55702250877416,17.242281776203,0.00106999668313487,0.00519967000678067,"OSGIN1",FALSE,0.00524073533393914
-0.233360597363119,5.87463627237412,17.2407734675942,0.00107036597515969,0.00519967000678067,"EMD",FALSE,0.00524073533393914
-0.304216946235731,7.38968696727578,17.5318887116111,0.00107333622598117,0.00521090606220376,"LINC-PINT",FALSE,0.00525201415421098
0.269103062419977,6.38222688681796,17.2249107620176,0.00107425869179279,0.00521219272248055,"ACADVL",FALSE,0.00525326503658819
-1.13908490491631,1.6942685415986,17.827138092549,0.00107519952515363,0.00521356687181526,"TRERF1",FALSE,0.00525460413099273
0.442487204099039,3.9322200300249,17.2154819944583,0.00107658025284238,0.00521707105411638,"C2orf74",FALSE,0.00525809003837091
0.217325161915048,8.24473716016478,17.2065213857079,0.00107879190741786,0.00522259642949538,"NDUFA4",FALSE,0.0052635672157797
-0.19822217037186,8.52359393498242,17.2055258011186,0.00107903796058444,0.00522259642949538,"SARAF",FALSE,0.0052635672157797
-1.85715609055965,4.65725183155749,25.0040294472745,0.00108643576655108,0.00525519387261562,"IDO1",FALSE,0.00529637436193654
-0.185151671856343,7.88611855961532,17.158554484775,0.00109072056467957,0.00527188099630007,"HNRNPM",FALSE,0.00531310008558221
-0.282242943339361,4.95089705512458,17.1565772487714,0.00109121552912821,0.00527188099630007,"UBAP2",FALSE,0.00531310008558221
-0.920135300512726,0.870405311419184,17.1394122650611,0.0010955233690181,0.00528946971350519,"DBN1",FALSE,0.0053307801736409
0.284397794042021,5.04456308690945,17.107269980982,0.00110364287736277,0.00532542953848573,"TFPT",FALSE,0.00536697443695304
0.187511112131226,7.28394952335014,17.0883066681928,0.00110846577522411,0.00533799181831978,"CNBP",FALSE,0.00537940300005463
0.167042810988823,6.79741517062657,17.0870770519419,0.00110877933912008,0.00533799181831978,"HSBP1",FALSE,0.00537940300005463
0.390425070078145,3.51276341569452,17.086987159231,0.00110880226663327,0.00533799181831978,"BTD",FALSE,0.00537940300005463
0.292759031086143,5.20529558576153,17.0841767707871,0.00110951934386265,0.00533799181831978,"MRPS18B",FALSE,0.00537940300005463
0.208908375570246,5.15414497261218,17.0838105315881,0.00110961283004427,0.00533799181831978,"METTL5",FALSE,0.00537940300005463
0.168270791917482,7.41969904454691,17.0767873758506,0.0011114073188697,0.00534338218556638,"TGOLN2",FALSE,0.00538478896559377
-0.293524957533729,5.70702610790165,17.0643294317067,0.00111459869359826,0.00535547784414971,"ARL5B",FALSE,0.00539693208860917
0.22686403424639,5.54075657471506,17.0121141291117,0.00112809028710436,0.00541701986442358,"C1D",FALSE,0.00545890373575437
0.192897400483073,6.85547350640113,17.0061355452825,0.00112964704159893,0.00542121171053044,"CHD9",FALSE,0.00546308127299959
-0.388137905085979,5.36728366207769,17.5537792868497,0.0011404269827647,0.0054669803287161,"TMCC3",FALSE,0.00550910932010106
0.53382684484308,3.2049248190274,16.9644779311063,0.00114056325223214,0.0054669803287161,"SH3PXD2A",FALSE,0.00550910932010106
-0.217118466944594,8.07623129805291,16.9553880757697,0.00114296135461354,0.00547516472469856,"UQCRH",FALSE,0.00551730977429255
0.253196808922141,5.56734879537802,16.9465385074211,0.00114530165297748,0.00548306250290184,"NDUFS3",FALSE,0.00552522132403955
0.196406426461098,9.52897456223348,16.9416723064408,0.00114659089141999,0.00548480222870549,"UBB",FALSE,0.00552678685520413
-0.442463262393425,3.58784501120097,16.9381857302941,0.00114751564509198,0.00548480222870549,"CRTC3",FALSE,0.00552678685520413
-0.288683989829575,5.83247951843765,16.9351043031106,0.00114833365625275,0.00548480222870549,"IGFLR1",FALSE,0.00552678685520413
-1.76806930210912,0.015572189425234,17.0354932368631,0.00114843235363914,0.00548480222870549,"DEFB1",FALSE,0.00552678685520413
-0.364589226676639,4.55733333271319,16.9283419941903,0.00115013117159029,0.00548838288318379,"DAPP1",FALSE,0.00553030141529146
1.27875998598864,6.49384678673496,24.7187648983018,0.00115056664377541,0.00548838288318379,"SLC2A5",FALSE,0.00553030141529146
0.744586006738807,4.23012663849795,19.0401051442297,0.00115193779812964,0.00549161928056029,"POU3F1",FALSE,0.00553351583760078
0.495347023281013,4.43919060613906,17.2627992455185,0.00115289502567953,0.00549287966561739,"MRNIP",FALSE,0.00553473919092222
-0.249714543442638,5.75495712280765,16.913320939547,0.00115413559974818,0.00549548770859075,"PPHLN1",FALSE,0.00553732049623398
-0.187092835735128,6.75672554409081,16.8865390844817,0.00116131527952388,0.00552635506366466,"TNPO1",FALSE,0.00556837600248882
-0.162350928310726,7.72277124543018,16.8820105523441,0.00116253437392048,0.00552714018888674,"MTPN",FALSE,0.00556902696650129
-0.19315480333789,6.31765472784164,16.8789769528202,0.00116335185363503,0.00552714018888674,"SMG1",FALSE,0.00556902696650129
-0.594173032710785,11.3217483142305,21.3961407605005,0.00116357176781685,0.00552714018888674,"VIM",FALSE,0.00556902696650129
-0.182157012239685,5.99492859161434,16.8564328623474,0.00116944774258451,0.00555172557078445,"TOPORS",FALSE,0.00559375186161554
-2.44592550327963,-0.75834722841806,17.5381373547669,0.00117390938851748,0.0055695712939357,"AKR1C2",FALSE,0.00561168577836206
-0.270472388584651,6.08426522418757,16.8292125007005,0.00117685725260744,0.00558021788198073,"C20orf27",FALSE,0.00562236594059516
0.380215741877837,4.40543835364044,16.8242956244423,0.00117820141618489,0.00558325213838243,"TMEM263",FALSE,0.00562537621618459
0.422414344844512,4.23250439211143,16.8093703084482,0.00118229252224497,0.00559615312947872,"ARHGAP35",FALSE,0.00563828069781529
0.258891568135572,7.47798851505996,16.8092135343283,0.00118233558172009,0.00559615312947872,"BHLHE41",FALSE,0.00563828069781529
0.266832495298092,4.68098237211662,16.7904741979339,0.00118749557110776,0.00561537042429898,"FAM135A",FALSE,0.00565754872112358
0.612282974793293,2.08977554075729,16.7893268755092,0.00118781233621965,0.00561537042429898,"INTU",FALSE,0.00565754872112358
-0.27239554230625,4.59104995751774,16.774779020025,0.00119183732983897,0.00563104073358958,"DDX10",FALSE,0.00567328971871382
-0.240370181932496,5.94195727338767,16.7611969156967,0.00119560933348707,0.00564490362026667,"ARFGAP3",FALSE,0.00568716252628319
0.278588203665493,4.58306209920816,16.7590906331726,0.00119619551993542,0.00564490362026667,"MAPKAPK5-AS1",FALSE,0.00568716252628319
0.187531098114004,8.65323111066349,16.7530305605711,0.00119788391117752,0.00564950841630898,"FCGR2A",FALSE,0.00569175479629464
0.32791679159994,4.44210717687822,16.7498571734369,0.00119876914222923,0.00565032209250497,"QDPR",FALSE,0.00569252760848818
0.25882608896554,5.87554762655195,16.7249253428481,0.00120575030701514,0.00567846096525514,"MARCH2",FALSE,0.0057207824723784
-0.179176980549382,12.0131743834315,16.7234261905194,0.00120617157738265,0.00567846096525514,"SAT1",FALSE,0.0057207824723784
0.616869519216445,3.31280885256626,16.7175319007497,0.00120782955340148,0.00568289180971332,"SH3RF3",FALSE,0.00572519929103301
0.189843035195635,7.13257031912775,16.7066106812662,0.00121090848317786,0.00569399908341285,"RAB14",FALSE,0.00573634217106144
0.241273770598945,5.69689017957527,16.6998962184862,0.00121280593071198,0.00569954085280652,"FNTA",FALSE,0.00574187807821454
0.858247247348464,1.66986579212704,16.6899636852634,0.00121561906936725,0.00570746731863062,"VWA5A",FALSE,0.00574976931554114
0.37168925967531,4.67902349172955,16.68885892556,0.00121593242951149,0.00570746731863062,"NTAN1",FALSE,0.00574976931554114
0.417067954321745,4.27722287892927,16.6520434696163,0.00122642845778825,0.00575332829192027,"TDP2",FALSE,0.00579592284970356
-0.335279220955725,10.1299566445507,17.5659340986047,0.00122784495281959,0.00575656699346758,"PLAUR",FALSE,0.00579913821241769
-0.323204433074838,4.01207901680272,16.6324086047764,0.00123206904416981,0.00577295708166565,"DCUN1D3",FALSE,0.00581560211502084
0.244025648805796,6.12234738434301,16.6293148141654,0.00123296053633245,0.00577372187362294,"LYL1",FALSE,0.00581632521271078
0.251738436578021,7.00818098726675,16.6255813886725,0.00123403733366235,0.0057753529995721,"PRNP",FALSE,0.0058179210739629
0.178664073292806,6.80425189285135,16.6169576047719,0.00123652876148944,0.00578359883250046,"FIS1",FALSE,0.00582618037261591
-0.349900393273108,4.74154931918899,16.6115586503368,0.00123809148330955,0.0057874936790555,"PXK",FALSE,0.00583005660819645
0.341354861291137,4.02832495320487,16.5743321561112,0.0012489288814324,0.00583272759933304,"GPD2",FALSE,0.00587552805027129
0.766789643684323,4.60990614409214,19.3758107532808,0.00124923958926179,0.00583272759933304,"HS3ST1",FALSE,0.00587552805027129
0.64523567921437,2.37625209511848,16.5401312999817,0.00125898200908016,0.00587475536667894,"THRB",FALSE,0.00591781638874315
0.849139088696435,4.65659198109066,20.1131401469639,0.00126292491698056,0.00588968749518935,"LINC01268",FALSE,0.00593281007511799
-0.720801280670356,3.78685079321103,17.4534865377739,0.00126726054960287,0.0059064324733989,"ACY3",FALSE,0.00594962968401156
0.680916872261813,2.70959516902807,16.4956646827564,0.00127219260394236,0.00592593593657759,"TRMT5",FALSE,0.00596922771522212
0.445271184716133,3.75396085941745,16.4865695906428,0.0012749143264532,0.00593512670588432,"CD82",FALSE,0.0059784375379752
0.514503933828028,4.31175968574868,16.8036444981138,0.001278634252107,0.00594895091003771,"AL121933.2",FALSE,0.00599231447834558
0.71560859932489,2.28737115765447,16.4675929997285,0.0012806147639989,0.00595467087916909,"PLD1",FALSE,0.00599802800878915
0.686998265741717,4.89972513727001,19.1818790151628,0.00128246316768071,0.00595977021885852,"HPGDS",FALSE,0.00600311636065871
0.285213951620895,4.67535770370468,16.4427905059669,0.00128810965109862,0.00598084684898829,"FEM1B",FALSE,0.00602420176555245
-0.326738307312329,5.23844031827898,16.4414177397181,0.00128852595318135,0.00598084684898829,"NUP98",FALSE,0.00602420176555245
0.218900333552957,7.10535486477585,16.4389926366518,0.00128926176399104,0.00598084684898829,"NDUFC2",FALSE,0.00602420176555245
-0.486427865958331,2.82921271819317,16.4287368547166,0.00129237887892226,0.00599180102461735,"MFSD6",FALSE,0.00603518720103709
0.229518771300535,5.29153190449298,16.3933943282063,0.00130318759748023,0.00603838180761147,"RPF2",FALSE,0.00608205680861921
-0.30305871315302,5.01616075367257,16.3855661950818,0.00130559574268396,0.00604600645327014,"STIM2",FALSE,0.00608968813550283
-0.183249554064755,6.8348113465096,16.3798275717889,0.00130736435973913,0.00605066237245289,"MBP",FALSE,0.00609432924616855
-0.584046466704492,6.97077344226556,20.2920513383377,0.00131362040348892,0.00607606917086357,"VMO1",FALSE,0.00611987080939427
0.393575011716676,5.38955341633423,16.9022886388273,0.00131628224103889,0.00608483125770047,"OAS1",FALSE,0.00612864745561724
0.23573766802176,5.15029006787318,16.3446289706063,0.00131827307353239,0.00609048305767179,"NKAP",FALSE,0.00613429136047736
0.928512759903757,3.56450090556217,17.7839729610321,0.0013236250721679,0.00611164797445957,"MDK",FALSE,0.00615555981023535
-1.29074718527988,0.287120711568953,16.3132041020124,0.00132810104556026,0.0061287456863805,"NEGR1",FALSE,0.00617273158520572
-0.177585424489575,6.88413308000481,16.3089996968828,0.00132942235332284,0.00613127423917596,"KHDRBS1",FALSE,0.00617522953978616
-0.166228992439263,6.35304168817063,16.2998758909159,0.00133229488886127,0.00613878935282426,"PTBP1",FALSE,0.00618270109129892
0.651673931642365,2.3630232236374,16.2989066536667,0.00133260046369962,0.00613878935282426,"FFAR3",FALSE,0.00618270109129892
-0.472713840591935,2.64858431978226,16.2923966836885,0.0013346549816227,0.00614468333002599,"CEP128",FALSE,0.00618858854927818
-0.246914515275317,7.05366292928004,16.2823952209249,0.00133781852376923,0.00615567339317611,"GSPT1",FALSE,0.00619960842956116
0.273215666709906,4.92326013972097,16.2791406769624,0.00133884982694285,0.00615684537587176,"CBX1",FALSE,0.00620074011561186
0.383661530410127,3.82013444769232,16.2681808173985,0.00134232954994151,0.00616797600486335,"PLA2G12A",FALSE,0.0062118527724163
0.305034462538965,4.53605257993971,16.2666190374168,0.00134282625938372,0.00616797600486335,"PTRH2",FALSE,0.0062118527724163
-0.488852057604437,5.74993956324668,18.5775896814936,0.00134398358927973,0.00616862562525258,"IL10",FALSE,0.00621236143583238
0.205430138913809,6.10259552478832,16.2602229786669,0.00134486267955828,0.00616862562525258,"TMED4",FALSE,0.00621236143583238
-0.197250855375025,6.13419976084298,16.2588448287768,0.00134530193063342,0.00616862562525258,"RBBP4",FALSE,0.00621236143583238
0.601506250794493,2.32090622459482,16.2534384776903,0.00134702666993691,0.00617296383772242,"BEX5",FALSE,0.00621668196002516
0.498268089424027,4.34686626802002,16.5736027953416,0.00134922840923351,0.00617676209039858,"ICA1",FALSE,0.00622041033046786
0.247941160141301,4.8547343799835,16.2459692278596,0.00134941371601543,0.00617676209039858,"C6orf89",FALSE,0.00622041033046786
0.358254788379375,3.65162655646518,16.2290538495108,0.00135483764953747,0.00619801089759552,"SLC2A13",FALSE,0.00624176082050068
-1.03162340986284,5.56349203742088,21.9529641699456,0.00136320875913421,0.0062327099437232,"HIC1",FALSE,0.00627665611014572
-0.22318849799017,5.39503329303816,16.185210919891,0.00136901341990593,0.00625564172508026,"TBC1D7",FALSE,0.00629970077220733
0.225063162789269,5.3515122691876,16.17575717335,0.00137209249254795,0.00626609981619826,"GET3",FALSE,0.00631018368726957
1.14668016519163,4.59725705577195,21.1158566266161,0.00137386889520759,0.00626803735172678,"CYTL1",FALSE,0.00631203732797057
0.329112145056272,5.54644834542395,16.2221804664325,0.00137409799663233,0.00626803735172678,"GOPC",FALSE,0.00631203732797057
-0.374650980412544,9.13700576596458,17.656849061119,0.00137495937696254,0.00626835994281714,"NAMPT",FALSE,0.00631231350332802
-0.350687680641211,4.2530248824114,16.162095212879,0.00137655630305083,0.00627203354631438,"ATAD2",FALSE,0.00631596421399794
0.190511895293257,7.90554213769139,16.1586893151601,0.00137767172931193,0.00627351032164561,"CHCHD10",FALSE,0.00631740272614634
0.300050903266184,5.85717154490611,16.1551339081433,0.00137883723231928,0.00627521330529691,"IRF2",FALSE,0.00631906906120492
-0.385749713402608,4.11574462197032,16.1313255011868,0.00138667128222395,0.00630724608460785,"CAAP1",FALSE,0.00635127695427923
-0.186041290604897,11.3575871576771,16.1237222691704,0.00138918390223036,0.00631505159224902,"RPL21",FALSE,0.00635908819394002
0.231164532529443,4.9918836085259,16.0963491674921,0.00139827342106764,0.00634951390620393,"SMIM15",FALSE,0.00639359529437213
-0.329883636388783,5.2927638847283,16.095272467918,0.00139863235046205,0.00634951390620393,"LINC00513",FALSE,0.00639359529437213
0.311219825078135,5.18782203124435,16.091873941783,0.00139976598329679,0.00634951390620393,"GRAMD1B",FALSE,0.00639359529437213
-0.268457757082791,6.21667796088882,16.0912671346996,0.00139996850505102,0.00634951390620393,"RIN3",FALSE,0.00639359529437213
-0.289200284881092,5.80296484521256,16.0533071849908,0.00141270510649982,0.00640361697217298,"IKBIP",FALSE,0.00644802481402407
-0.260750299592024,7.58804422120272,16.0359916141713,0.00141855932558021,0.00642555064624095,"SNX3",FALSE,0.00647001211660091
-0.382512458783853,7.61372381389867,17.6012687659995,0.00141916488163066,0.00642555064624095,"PLEKHO1",FALSE,0.00647001211660091
-0.325348348026873,7.07154809621752,16.5922411179835,0.00142105955911005,0.00643045672638385,"MX2",FALSE,0.00647490295353904
-0.297165308889915,6.38714065389995,16.2743054931618,0.0014238630143755,0.00643946718651967,"FAM177A1",FALSE,0.00648392648974
0.198552498026545,7.39649285729433,16.0108624709055,0.00142710509683334,0.00645044994737443,"MICOS10",FALSE,0.00649493584797983
-0.805861479743421,1.99459936816796,16.0061970443963,0.00142869821796753,0.00645397120914334,"MGAM",FALSE,0.0064984321946583
1.02346497580111,0.706146959647164,16.0011374092431,0.00143042827109171,0.00645810668178537,"IRAK1BP1",FALSE,0.00650254698191605
0.91648124881576,8.20967913427785,21.8703704423631,0.00143356205382398,0.00646857140735146,"GPR34",FALSE,0.00651303452135255
-0.323047555744099,5.31726061416862,15.9847992053446,0.00143603136097301,0.00647602766199888,"APP",FALSE,0.00652049283097716
0.764307983580149,3.29768383169735,16.3178795325843,0.00143872478348758,0.00648448555059096,"PLXDC1",FALSE,0.00652895958773912
0.1835218483336,6.26786013349549,15.9532634740756,0.0014469181275365,0.00651770847449398,"TMEM230",FALSE,0.00656236097221219
0.210375726566665,6.42433082824106,15.9490761377491,0.00144837083021437,0.0065205473832706,"RTN3",FALSE,0.00656516996572428
-0.21619443340608,6.17077448195115,15.9347397453085,0.00145335728163522,0.00653928293348698,"MED13",FALSE,0.00658398428103639
0.260688818438954,5.61534322918046,15.9147310950933,0.00146034979929017,0.00656701826929804,"GCLC",FALSE,0.00661185960851031
0.233326171811722,5.68705086950801,15.9084121239584,0.00146256618061616,0.00657325662127264,"EMC7",FALSE,0.00661809096547623
-0.183602241269876,7.91999628569236,15.8965778296726,0.00146672751407322,0.00658822421052267,"EIF3E",FALSE,0.0066331109964804
0.214229480881898,5.89124269266269,15.8867364593152,0.00147019847637857,0.00660007560630199,"VTI1B",FALSE,0.00664499345777991
1.28218865868869,7.91888862605155,23.11264173276,0.00147136295775587,0.00660156509852209,"PDK4",FALSE,0.00664644345252336
0.828985794902225,6.80860631036618,21.212359676005,0.00147371828959913,0.00660839287327032,"PDE4DIP",FALSE,0.00665326801459139
0.325571031033551,5.61054667006033,15.9713223374803,0.00147594264385455,0.00661462593582753,"PSME4",FALSE,0.00665949378481453
0.743197297163511,6.45596743929193,20.7463665234671,0.00147963797590489,0.0066274406062,"SOCS6",FALSE,0.00667234572076632
-0.476039169910532,5.61451515668576,17.8701847525411,0.00148202332502565,0.006634376578658,"NXT1",FALSE,0.00667927903578492
0.253355643085503,5.26447802309016,15.8444037999586,0.00148523730679657,0.00664501205885056,"DHX29",FALSE,0.00668993682272348
-0.237172078091677,5.22682008591734,15.8408651658024,0.00148650243899021,0.0066469212274757,"ARHGEF1",FALSE,0.00669180926535137
-0.375019192430072,4.96400097882965,15.9237525587327,0.00149234050194995,0.00666926465583947,"SERPINB9P1",FALSE,0.00671425384029795
-0.219743116831565,5.7604611790139,15.819438681392,0.00149418944909525,0.00667292885657432,"MAPK1IP1L",FALSE,0.00671784338805354
-0.253554973659046,6.43940249046498,15.8176206445252,0.00149484380036276,0.00667292885657432,"TRIM38",FALSE,0.00671784338805354
-0.740483193718816,1.94713617975118,15.8036647564098,0.00149987785713742,0.00668659459424003,"PKP4",FALSE,0.00673145217174383
0.764361689436357,1.64947433630862,15.802707337081,0.00150022392629255,0.00668659459424003,"RNLS",FALSE,0.00673145217174383
-0.19274238669355,7.15208515619382,15.8021224326381,0.00150043539141688,0.00668659459424003,"SNRPD2",FALSE,0.00673145217174383
0.493201940781825,5.55909639719189,17.7324082457318,0.00150177359227487,0.00668879833682873,"FSCN1",FALSE,0.00673362114965361
0.984037278615179,4.75330803526125,19.9613066488999,0.00150627881842337,0.00670208230728949,"CACNB4",FALSE,0.00674689501353462
-0.309857364454793,6.87631606096992,16.2265991005682,0.00150644685564958,0.00670208230728949,"DNAJC15",FALSE,0.00674689501353462
0.222343181372118,5.3357521790207,15.7203331040804,0.00153034695421208,0.00679519550289718,"TRAPPC4",FALSE,0.00684028083566032
0.542050723215435,3.60042594259245,15.7156444137447,0.00153208242642725,0.00679519550289718,"PCED1B",FALSE,0.00684028083566032
-0.368993961345001,3.9269310954705,15.7152920058565,0.00153221295845577,0.00679519550289718,"SESN2",FALSE,0.00684028083566032
-0.160730600578148,7.74964612477824,15.7132657457182,0.00153296373514851,0.00679519550289718,"SNRPB",FALSE,0.00684028083566032
0.198488112889809,8.48042088773037,15.713203702539,0.00153298673029288,0.00679519550289718,"HIF1A",FALSE,0.00684028083566032
0.330877280613348,4.56038742044715,15.7126867834455,0.00153317833216551,0.00679519550289718,"SLC43A3",FALSE,0.00684028083566032
-0.23862360036741,6.96790541721039,15.7121536361961,0.00153337597813863,0.00679519550289718,"EFHD2",FALSE,0.00684028083566032
0.883458519630564,4.79781522925454,19.631905699513,0.00153696004303507,0.00680727330792293,"GSDME",FALSE,0.00685238891852308
0.356903224145539,4.34419483971032,15.6963889977429,0.00153923348535666,0.00681353605354976,"MRPL1",FALSE,0.00685864332445689
0.391797532059384,6.25462343217807,17.0952854676335,0.00154440014586473,0.00683259171674975,"AC091271.1",FALSE,0.00687777521148802
0.220799368678911,6.35731080041581,15.6500399826892,0.00155660505890184,0.00688274674120123,"H2AFJ",FALSE,0.00692821166894278
0.498019510593356,10.3455175805275,18.6291291187902,0.0015727394924238,0.00695021109026526,"PLIN2",FALSE,0.00699607098888463
0.203891655416713,6.82653207790099,15.5726272883583,0.00158612636505437,0.00700546508197831,"SELENOS",FALSE,0.00705163854621803
0.553385579192642,3.42272925608844,15.5666806343841,0.00158842071927923,0.00701169235102771,"CACNA1A",FALSE,0.00705785585249961
-0.388795246111799,5.15885133595137,15.9425359288873,0.00159221718340489,0.00702282412754333,"TSPAN33",FALSE,0.00706895891482937
0.316587299630384,5.13997720327793,15.5555792324092,0.0015927141500155,0.00702282412754333,"SELENOM",FALSE,0.00706895891482937
-0.214808498586891,5.4804687947984,15.5518379611408,0.00159416409074613,0.00702531012308801,"VRK2",FALSE,0.00707141030793807
-0.472608346128277,3.29581819664606,15.5488802544268,0.00159531143701169,0.00702646059590483,"CDKN2D",FALSE,0.00707251744557012
0.276030212556893,4.6212372746157,15.5434743137836,0.00159741095988148,0.0070318012714827,"DTX3L",FALSE,0.00707784226206202
0.274375784021615,4.46827147675071,15.5397792644163,0.00159884785313783,0.00703422074343881,"BNC2",FALSE,0.00708022674930851
1.04654819111368,0.940792040952307,15.5175087493399,0.00160753984140154,0.0070685390253086,"DUSP15",FALSE,0.00711471846660749
-0.150065405745733,8.46251670794172,15.49996784961,0.001614424308565,0.00709487578619918,"HNRNPK",FALSE,0.00714117613861599
0.349934920401799,4.61821408460392,15.4688522455547,0.00162672048377557,0.00714495290602368,"MRTO4",FALSE,0.00719152860335801
-1.31325159825686,-0.611540890726993,15.4618315995442,0.00162950980755206,0.00715324128143563,"TOX",FALSE,0.00719981955350261
-0.394313568062314,7.51514178866323,17.2018510076359,0.00163716172025112,0.00718285452028272,"CALHM6",FALSE,0.00722957400904614
-0.463238360173757,4.37994142971446,15.7775921535021,0.00163911654546792,0.00718745352459605,"SLC6A6",FALSE,0.00723415134184665
-0.17972585775825,10.9188284573068,15.4256790321437,0.00164396102989513,0.00720471146766644,"RPL15",FALSE,0.00725146976120595
-0.629439050652878,2.20052521395283,15.4155535284567,0.00164803496424925,0.00721857524672269,"DUSP8",FALSE,0.00726537182336631
0.207732761464421,6.35118398466039,15.362679815788,0.00166949861062728,0.00730855051631867,"SNX5",FALSE,0.00735587810655578
0.449625784061933,3.5736393007956,15.3595031776408,0.00167079838123673,0.00731020395499163,"GLT8D1",FALSE,0.00735749002089603
-0.362455516859799,3.49638483369908,15.3551246570551,0.00167259183556627,0.00731139009948602,"P3H2",FALSE,0.00735857953319153
-0.167942352277281,6.75055794659467,15.3543388720445,0.00167291393043235,0.00731139009948602,"TNRC6B",FALSE,0.00735857953319153
0.226427751133007,6.3972567285545,15.3273264761298,0.00168403002261038,0.00735591736598077,"TMEM70",FALSE,0.00740334180698916
0.256902056119231,6.10218733461819,15.3199675843636,0.00168707310129485,0.00736515173296561,"TSNAX",FALSE,0.00741258331957658
0.264420491429763,4.66623263595711,15.314306535237,0.00168941840110864,0.00737133136157916,"ARL1",FALSE,0.00741875037008578
0.263088232933691,7.16403605067683,15.30871054968,0.0016917404453405,0.00737740277814054,"SLC4A7",FALSE,0.00742480848378411
0.494420775918726,4.87487066214392,16.3235824711957,0.0016989930466483,0.00740495704993279,"ITSN1",FALSE,0.00745248731709094
0.239302731016168,6.79201257150855,15.2817131894852,0.00170299483969269,0.00741260395903337,"SDCCAG8",FALSE,0.00746002600730369
-0.238638184823464,6.35476193349012,15.281130559056,0.00170323867187312,0.00741260395903337,"BDP1",FALSE,0.00746002600730369
-0.205703827439646,5.36503070678428,15.280380758621,0.00170355252438935,0.00741260395903337,"MEF2D",FALSE,0.00746002600730369
-0.185152367684736,5.4656955722283,15.2615436850225,0.00171145932130088,0.00744292347738531,"RLIM",FALSE,0.00749048696289354
0.25336233149112,4.86846221099477,15.2467669537606,0.00171769146005572,0.00746593086366323,"NFE2L1",FALSE,0.0075135887408767
0.733500571669027,2.36559868848954,15.2425871231362,0.00171945906856657,0.00746951862772371,"TCTN1",FALSE,0.00751714680475441
-0.278737201673343,4.97621216287488,15.231464153819,0.00172417309815801,0.00748589502858526,"TMEM131",FALSE,0.00753357496799156
0.511818357502841,6.23346991998315,17.9330039506639,0.00173442326264469,0.00752627675218779,"MAML2",FALSE,0.00757416101059581
0.358693916877936,5.01269384141629,15.1921719573797,0.0017409453809257,0.00754745692966621,"MARCH3",FALSE,0.00759537005184703
0.226720870601299,7.13861138972892,15.1915597025814,0.00174120821447521,0.00754745692966621,"TALDO1",FALSE,0.00759537005184703
-0.235310411989591,7.49690975569755,15.1813191267729,0.00174561116666916,0.00756240728379952,"RNF149",FALSE,0.00761036235252887
-0.15873739469965,12.0149623280276,15.1729345534514,0.0017492256985141,0.00757344718278669,"SRGN",FALSE,0.00762136635550386
0.664017871581602,3.22602995562472,15.1709788402262,0.00175007003517472,0.00757344718278669,"RBM43",FALSE,0.00762136635550386
-0.421562848608221,3.73556680123546,15.166361225923,0.0017520654571571,0.00757794595981534,"PLEKHA5",FALSE,0.00762584070247716
-0.159109529498318,6.26743651094956,15.1609203058825,0.0017544200278149,0.00758399235578871,"SRSF6",FALSE,0.00763187243463598
-0.167527797391305,8.27703141072441,15.1574252058738,0.00175593446718642,0.00758640242825826,"ACTR2",FALSE,0.00763424488548266
0.795769596554932,3.77407825759846,15.7283778530489,0.00175909239841104,0.00759590660926072,"CALB2",FALSE,0.00764375615812583
-0.575993477919801,3.10417205827561,15.1091811094582,0.0017769937534505,0.00766902911124419,"STXBP5",FALSE,0.00771728599210752
-0.263758647379902,4.78169243165764,15.0927825897241,0.0017842182465948,0.00769601863928378,"ANO6",FALSE,0.00774439192654207
-0.343504093952364,3.73864279852345,15.0873640326355,0.00178661288197675,0.00770215711164309,"KAT2B",FALSE,0.00775051557500705
-0.995156760998343,9.01987343565762,20.9922185033852,0.00179237077102405,0.00772278014819492,"RGCC",FALSE,0.00777121460326222
0.741813248052561,5.52656289655931,18.9946467278754,0.00179343428352803,0.00772316512754492,"CTTNBP2",FALSE,0.00777154856195479
-0.305843534543893,5.03146451589501,15.0641015961932,0.00179693554799088,0.0077340418156741,"SERTAD2",FALSE,0.00778243993791761
0.698281427584661,3.99171041734485,16.3078714402184,0.00180136519443995,0.00774890030467713,"MICU3",FALSE,0.0077973379130758
0.248630449162632,5.58830772722101,15.0502647816207,0.00180310826305104,0.00775219214179426,"COPZ1",FALSE,0.0078005968678287
0.850353331818533,2.47699650592121,15.0356750230594,0.00180964340133514,0.00777607202481571,"CABLES1",FALSE,0.00782457229183217
-0.347170001837465,4.52227537354888,14.9884380914581,0.00183099042186275,0.00786353849649398,"AL121944.1",FALSE,0.00791253019387534
0.508582802695403,6.67090151781166,17.6697920041722,0.0018359781165177,0.00788069004209656,"FRMD4A",FALSE,0.00792973443088074
-0.1863299521179,6.06163697833904,14.9556981592012,0.00184595666110393,0.00791923398767965,"CYTH1",FALSE,0.00796846387735715
-0.61954419196026,3.53602166651586,14.9462423093855,0.00185030541721705,0.00793359726754829,"SCN7A",FALSE,0.00798286203550709
0.235738830326959,5.85404830493833,14.9434615104997,0.00185158655956139,0.00793479905092037,"NT5C",FALSE,0.00798401692185256
-2.9355001942666,0.39739930183072,22.2839221810968,0.00186698002965976,0.00799644390877505,"CXCL13",FALSE,0.00804598942760374
-0.22749767285331,6.21201612213588,14.872045859512,0.00188484202008605,0.00806858938188024,"PER1",FALSE,0.00811852675464073
-0.879846233640996,3.33639003394704,16.420097148646,0.00189499841531028,0.00810768884866698,"CD226",FALSE,0.0081578128501718
-0.177589163467914,6.19321869035113,14.8460850680705,0.00189710146194542,0.00811230873263394,"FBXO11",FALSE,0.00816240596242821
0.571871111226021,3.65093749832611,14.8415973616417,0.00189923000762811,0.00811703261481168,"GIMAP8",FALSE,0.00816710371184185
-0.153154607589436,6.69522693458146,14.8320660965917,0.00190375989647566,0.00813200886813525,"BRD4",FALSE,0.00818211700187411
0.278425656227952,5.30798484552461,14.8265678709489,0.001906378690711,0.00813881004844202,"GNPTAB",FALSE,0.00818890475759066
0.177129772948697,7.4028219175542,14.8113517856141,0.00191364779251175,0.00816544655491559,"SELENOH",FALSE,0.00821564975989513
0.383614231284259,3.72065566540966,14.7907740246872,0.0019235292623431,0.00820180071429385,"MCPH1",FALSE,0.00825211621596306
-0.257330563111418,4.44999228251739,14.7893052964696,0.00192423679724856,0.00820180071429385,"HDAC1",FALSE,0.00825211621596306
0.866679897054829,4.81657969465904,18.4858797220977,0.00192559258095175,0.00820316925404914,"LNCAROD",FALSE,0.00825343762390526
0.198752703094731,7.17074406634161,14.7831643549829,0.00192719834816069,0.0082056007004393,"SPCS1",FALSE,0.0082558284865742
-0.34970316742776,3.7804056313165,14.7608294250299,0.00193801413303853,0.00824722278407378,"KDM4C",FALSE,0.00829764964134648
-0.651845703431322,7.48766935776408,18.9360227541876,0.00194558076718285,0.0082703548916271,"ARL4C",FALSE,0.00832075597020092
0.623172547083877,2.97825281613467,14.7442391329814,0.00194609342654579,0.0082703548916271,"AC244453.2",FALSE,0.00832075597020092
-0.213177044240922,7.00343970964651,14.7432435630463,0.00194657949391728,0.0082703548916271,"SLC43A2",FALSE,0.00832075597020092
0.236921252943621,10.0140748666738,14.7330669471028,0.00195155607372359,0.00828705760711335,"HLA-DRB5",TRUE,
0.216712170050976,5.68786979690305,14.7180856956294,0.00195890897698184,0.00831382782093792,"PITHD1",FALSE,0.00836891806977383
-0.163194361603353,9.36317123425085,14.7099710973134,0.00196290503161769,0.0083263301715704,"NCL",FALSE,0.00838136045553271
0.386744833371656,5.46667408247292,15.4265863906437,0.00196471132756377,0.00832636205963313,"ZNF33A",FALSE,0.00838136045553271
-0.187886405008729,6.32756570676014,14.7056981377145,0.00196501304409354,0.00832636205963313,"CLINT1",FALSE,0.00838136045553271
0.449711710208407,3.92152379673867,14.6942100576848,0.00197069352146736,0.00834597128108614,"SLC18B1",FALSE,0.00840104088859301
0.268752601949629,4.69913060897535,14.6537979041354,0.00199082721153239,0.00842394964181685,"EXOC7",FALSE,0.00847941625108468
-0.203081250652371,9.09488140339731,14.6529916880252,0.00199123128516205,0.00842394964181685,"KDM6B",FALSE,0.00847941625108468
0.655186566830894,7.74170469811846,18.8111328891626,0.00199364958199796,0.00842968207257591,"KLF2",FALSE,0.00848512771851969
-0.289822569092452,6.23478421237354,14.8645138462789,0.00200247809583762,0.00846249805106643,"SCO2",FALSE,0.0085181006690112
-0.392809158257124,5.28524468040461,15.2825434155451,0.00200389088656714,0.00846395681870233,"TSTD1",FALSE,0.00851951020203773
1.19706272055549,2.05558477227435,15.1432605643802,0.00200636863834137,0.00846916358473967,"CHI3L1",FALSE,0.00852457495657909
-1.07067372304894,-0.0789322566293348,14.6196159747672,0.00200804252268983,0.00846916358473967,"BTBD11",FALSE,0.00852457495657909
0.172818051051271,6.23047585404715,14.6190512132508,0.00200832839799578,0.00846916358473967,"CHMP5",FALSE,0.00852457495657909
0.144810324017258,7.87724105887024,14.6101210350596,0.00201285499630006,0.00848373971858951,"SEC62",FALSE,0.00853918775490138
0.39120328263675,4.24658373146211,14.6070743877423,0.00201440199899942,0.00848574869716652,"TM9SF1",FALSE,0.00854115120996632
-0.911972465875975,2.87005528997422,15.5221652536989,0.00202095247024667,0.00850471188387694,"ANXA6",FALSE,0.00856012082510795
0.316938565893272,5.17484675547397,14.5940143650426,0.00202104909046722,0.00850471188387694,"LRRC25",FALSE,0.00856012082510795
0.288227788627293,5.40488782647085,14.5870450100824,0.00202460660895107,0.00851516243807114,"ANTKMT",FALSE,0.00857058079812818
-0.330016707798386,4.53965169213556,14.5601508660851,0.00203840272549481,0.00856864093728679,"ARHGAP9",FALSE,0.00862434837349524
-0.371897364525707,3.72223214780802,14.5567161457709,0.00204017246820138,0.00857153541489165,"BRCA2",FALSE,0.00862720273993047
0.228529071180998,4.81322680474671,14.522782270009,0.00205775261634189,0.00864081713048651,"DNAJC5",FALSE,0.00869687505983982
0.276971916834411,5.68002295372896,14.5205855617765,0.00205889668202094,0.00864104441242033,"AC245297.3",FALSE,0.00869704453670829
0.183245749900953,5.76801645618661,14.5098738058702,0.00206448599639809,0.008655647502504,"SLC25A36",FALSE,0.00871162369654136
0.271567577800323,4.53469047792649,14.5097327485622,0.00206455971584701,0.008655647502504,"BAD",FALSE,0.00871162369654136
0.338976922210931,4.51661754968704,14.4935325799966,0.00207304651509357,0.00868663465732655,"ALPK1",FALSE,0.00874275184470405
0.249809435597577,4.87129120148165,14.4846589786617,0.00207771221159896,0.00870158606104415,"MRPS26",FALSE,0.00875774039752628
0.238757192484244,6.12519478579308,14.4756126957235,0.00208248119014814,0.00871477199278681,"P4HA1",FALSE,0.00877077393963948
0.392595597858806,3.63486555561234,14.4739929081469,0.00208333643612158,0.00871477199278681,"GMNN",FALSE,0.00877077393963948
-0.227008229618707,10.2058766030728,14.4715306736528,0.00208463727010508,0.00871477199278681,"FOSB",FALSE,0.00877077393963948
-0.258018047752284,6.31250099868241,14.4703570784449,0.0020852576274365,0.00871477199278681,"VASH1",FALSE,0.00877077393963948
-0.330316563091231,5.82651419756399,14.9681797323446,0.00208852184009942,0.00872381514663234,"BCAT1",FALSE,0.00877981593185871
0.329601030381963,7.61651343816231,15.2505692372029,0.00209395005625138,0.00874188312056924,"AL627171.2",FALSE,0.00879794055634582
-0.252643814663208,4.47906278951557,14.4281806976065,0.00210769402741078,0.00879463065753297,"CLASP2",FALSE,0.00885096670999046
-0.236162484090643,6.34690453302991,14.4129263359642,0.00211587738520047,0.00882413251439732,"RHOC",FALSE,0.008880597784022
-0.574418436071292,4.86204795298214,16.3789331411144,0.00211737258224202,0.00882572546373016,"CDKN1B",FALSE,0.00888214121560312
-0.231128857952845,5.69239994300911,14.3936079921539,0.00212629361990056,0.00885566493955835,"PQBP1",FALSE,0.00891215243453533
0.221638226750118,6.0219152784401,14.3926912999254,0.00212678935985357,0.00885566493955835,"NIPSNAP2",FALSE,0.00891215243453533
0.184326171383971,6.38641732758874,14.3676755827709,0.00214036932407684,0.00890753175920273,"SAT2",FALSE,0.00896429002396457
-0.162121153421551,8.94197252932928,14.3567824776373,0.00214631400359193,0.00892758521536036,"ANXA5",FALSE,0.00898441111599216
-0.827826438410491,3.7197895483884,16.1438657751696,0.0021534401003959,0.00895252916410002,"AKAP12",FALSE,0.00900945359050395
0.213486558497244,5.55985518673866,14.3356805641092,0.00215788425331518,0.00896630312383792,"BCAP29",FALSE,0.00902325485542303
-0.277827520755816,5.73342444967115,14.3242362821704,0.00216418930994424,0.00898779091107279,"TMEM109",FALSE,0.00904481877121525
0.470373862389251,3.95669880106919,14.3101846290875,0.00217195997943873,0.00901533964240325,"PGM5",FALSE,0.00907248182291531
0.183668522905304,5.67442334594824,14.2867196901813,0.0021850082143817,0.009064754120156,"PIN1",FALSE,0.00912214876147273
-0.246237421117874,6.00233115333043,14.2776300308167,0.00219008704523167,0.00908107222520748,"MED29",FALSE,0.00913850939742326
-0.190539055818669,7.32809235536326,14.2666267068456,0.00219625338492779,0.0091018802068518,"ENY2",FALSE,0.00915938812411916
-1.11224283396469,0.806791885589199,14.2595164560563,0.00220024868406722,0.00911132267038479,"HOPX",FALSE,0.00916876858642197
0.196625846660491,6.42000637021314,14.2584825580533,0.00220083033725869,0.00911132267038479,"ETFB",FALSE,0.00916876858642197
-0.221496106196534,5.52154772724724,14.246495539507,0.00220758700878403,0.00913452495075147,"FLII",FALSE,0.00919205626596227
0.981639104544574,4.53837206750758,17.9150782209824,0.00220929116905925,0.00913680771429406,"CXADR",FALSE,0.00919429256727351
-0.225183409778296,5.15565980640619,14.2406805728848,0.00221087333406758,0.00913858383341385,"KIF16B",FALSE,0.00919601907380379
0.259151696898458,6.46854964289303,14.2190025092107,0.0022231745745475,0.00918464201511858,"PDIA6",FALSE,0.00924230569830353
-0.274545933150678,4.857833449177,14.2146050736065,0.00222567953774993,0.00918715208014782,"HAUS8",FALSE,0.0092445272574331
-0.15750183882113,7.95142538189047,14.212735735259,0.0022267453783408,0.00918715208014782,"RBM8A",FALSE,0.0092445272574331
0.443810792621208,3.53818865143476,14.2100023892128,0.00222830491153177,0.00918715208014782,"SLC23A2",FALSE,0.0092445272574331
0.285512680347914,3.95217742336643,14.2082337538729,0.00222931469326465,0.00918715208014782,"PLGRKT",FALSE,0.0092445272574331
-0.435870587995683,3.36024698405878,14.207775767073,0.00222957626163022,0.00918715208014782,"LRBA",FALSE,0.0092445272574331
1.30011848412803,2.91769507622953,16.26182972282,0.00223335619863515,0.00919317373654865,"EDNRB",FALSE,0.00925046518253645
-0.160959490903397,6.32634961840964,14.2011632674252,0.0022333567881676,0.00919317373654865,"RNPS1",FALSE,0.00925046518253645
0.281363086456198,4.53882865445017,14.1916621843752,0.00223880175701457,0.00921080453015646,"MVB12A",FALSE,0.00926814516119851
0.387558601651458,6.49802315296589,15.5687130231786,0.0022424072840941,0.00922085318895128,"FCGR2B",TRUE,
0.191569342163806,8.0437426922179,14.179127843383,0.00224600852610041,0.00923087381800107,"QKI",FALSE,0.00929309620200579
0.348051715445629,3.98455300681419,14.1724008869252,0.00224988731706148,0.00924202417081007,"DNMT3A",FALSE,0.00930425841669835
-0.309691605322398,5.13751693636388,14.1678807136752,0.00225249801373573,0.00924588062308511,"NARF",FALSE,0.00930795125941971
0.33338769963799,4.31698644437781,14.1654485893273,0.00225390417284858,0.00924588062308511,"UFSP2",FALSE,0.00930795125941971
-0.302320895746303,7.27216399560629,14.6823619211197,0.00225432482901407,0.00924588062308511,"RHOQ",FALSE,0.00930795125941971
-0.482974560964003,5.33771435340629,15.9057556968815,0.00225608316454395,0.00924830782239111,"CHML",FALSE,0.00931033167641551
0.253538350355097,4.82412201964083,14.1412377014717,0.00226795738229027,0.0092921788768978,"TMX2",FALSE,0.00935443364276582
-0.191822045859906,11.4876933350626,14.1353483954556,0.00227139111627756,0.00930144048029364,"RPS27A",FALSE,0.00936369398955239
0.230977143316012,5.72250795032391,14.1207317088043,0.00227993928785428,0.00933162554161525,"MLX",FALSE,0.00939401763060461
-0.198888741411844,11.8057199450563,14.1168843916031,0.0022821954600934,0.00933604004521182,"TMSB10",FALSE,0.00939839824078193
0.267001511152518,6.3309273193087,14.1477004299439,0.00228404939407579,0.00933880536164666,"SFMBT2",FALSE,0.00940111866589816
-0.177188766069157,8.31364187046245,14.0934733793093,0.00229598003888741,0.00938274729293783,"SNHG5",FALSE,0.0094452902069739
1.20941658440336,0.472248769543451,14.0833723839706,0.0023019572614198,0.0094017410167447,"AC025569.1",FALSE,0.00946428329321578
-0.212858293362115,6.9348497481197,14.0816139750381,0.00230299962847101,0.0094017410167447,"TRIM22",FALSE,0.00946428329321578
0.606427693349864,6.29266241690769,17.4132826104403,0.0023051225317134,0.00940340988902046,"DLEU1",FALSE,0.00946583626514918
-0.161232795334907,10.3708462921595,14.0769270935903,0.00230578062869018,0.00940340988902046,"GAPDH",FALSE,0.00946583626514918
0.465778004974939,3.89642739219821,14.0730374893417,0.00230809150339217,0.00940799457012501,"IQCG",FALSE,0.00947038794985601
-0.218270598435834,5.33268809883035,14.0627497988204,0.00231421648707933,0.00942811321149275,"SIAH2",FALSE,0.00949057651494582
-0.189720392633393,10.7408113200815,14.0593755879956,0.00231622947856764,0.00943146754292978,"JUNB",FALSE,0.00949388961090317
0.315535428734414,4.96824428071863,14.0450089067023,0.0023248230431174,0.00946160014673243,"NAXE",FALSE,0.0095241580518351
0.308684802336487,5.50407656603174,14.0681325071662,0.0023356807491916,0.00950091173914366,"TCEAL8",FALSE,0.00956366577033857
-0.201792838402503,7.52629638934641,14.0243444553052,0.0023372483425625,0.0095020937974807,"APRT",FALSE,0.00956472823304437
-1.95200405117419,7.55458054501408,20.027210947471,0.00233836844082806,0.0095020937974807,"EREG",FALSE,0.00956472823304437
-0.572787197778359,2.22796775772997,14.0173042654582,0.00234149903467878,0.00950994075150275,"HMGB3",FALSE,0.00957256325646053
-0.940846361558264,1.17174645581145,14.0120072903173,0.00234470310422312,0.00951699185994502,"DHH",FALSE,0.00957947008576049
-0.565898906719152,2.53807773453178,14.0098315133934,0.00234602066979257,0.00951699185994502,"APOLD1",FALSE,0.00957947008576049
-1.0522455218627,0.350397740119279,14.008485133077,0.00234683641349552,0.00951699185994502,"TMEM232",FALSE,0.00957947008576049
-0.536161360140653,2.92527010890769,14.0030297138031,0.00235014509315886,0.00952553696245576,"NCS1",FALSE,0.00958800779073305
0.459787386630327,6.1023956020394,15.9949387880177,0.00235881133930337,0.00955577736228773,"SNAPC1",FALSE,0.00961838288355689
-0.189878037255964,5.60532925388308,13.9721699596511,0.00236896311429047,0.0095920018233375,"REEP3",FALSE,0.00965478086620812
-0.284405169054064,5.11782739836281,13.9689226465725,0.00237095340097303,0.00959516006274332,"IFT20",FALSE,0.00965789601492529
0.206383003999,6.18368002185516,13.9636429137549,0.00237419348772758,0.00960337039321646,"IFNAR1",FALSE,0.00966609627716686
-0.285631687275807,7.20053066599182,14.2781604942034,0.00238418750725838,0.009638877387835,"FAM107B",FALSE,0.00970177127178798
-0.257588091886869,5.40610588946509,13.9425589609078,0.00238718346613008,0.00964607060116172,"MAZ",FALSE,0.0097089475199653
0.188093018917319,5.63874074138014,13.9391351935343,0.00238930061383448,0.00964639384483428,"MMP24OS",FALSE,0.00970914526208174
0.176710211330287,6.2210959383227,13.9384946251429,0.00238969696156086,0.00964639384483428,"HADHB",FALSE,0.00970914526208174
1.45125839270115,0.232568998667173,13.915953964965,0.00240369233436767,0.00969795054802388,"TMEM150C",FALSE,0.00976097330420027
-0.517139947506215,2.59019641606344,13.9114646845661,0.0024064909976858,0.00970430347388253,"CRISPLD2",FALSE,0.00976730349292569
0.329869172027664,5.17366503791085,13.9401620248063,0.00240925314534619,0.009705629667865,"GPATCH4",FALSE,0.0097685104326828
0.985280874252138,2.08987895282471,14.1185862249251,0.00240926831311281,0.009705629667865,"CALCR",FALSE,0.0097685104326828
-0.231065197927763,5.14861309469011,13.8964608373398,0.00241587190006314,0.00972728919436291,"PPIP5K2",FALSE,0.00979024631105834
0.410052415500691,7.00235756450162,15.4452170272345,0.0024250789192285,0.0097594038942353,"IFI44L",FALSE,0.00982250474328129
-1.14043490470271,-0.416098884756674,13.8763059844605,0.00242853994737629,0.00976837377108027,"IQCJ-SCHIP1",FALSE,0.00983146850227666
0.276258899957063,4.89234196405912,13.8570651129627,0.00244070517100085,0.00980948661184889,"GSAP",FALSE,0.00987271832510505
-0.171820401473359,8.38087576542549,13.8562284447235,0.00244123575746441,0.00980948661184889,"PRRC2C",FALSE,0.00987271832510505
-0.144199003227344,8.1108272206736,13.8472248337417,0.0024469539809122,0.00982748285748325,"CSNK1A1",FALSE,0.00989076627071643
0.223452467330802,5.10097607344571,13.8177736601524,0.00246576689641171,0.00989682745538358,"CD2BP2",FALSE,0.00996042809338243
-0.168003927512925,10.3431856479132,13.8162934470724,0.00246671683297653,0.00989682745538358,"RPL23",FALSE,0.00996042809338243
0.188508600875011,8.5631013353727,13.8109995088994,0.00247011771454632,0.00990545940360305,"WASF2",FALSE,0.00996905089917824
-0.267470889366057,4.65136674712784,13.7820800132446,0.00248879179888486,0.00997529897955467,"RUNX2",FALSE,0.010039273830832
0.17516419599143,5.57901009317507,13.7735972578522,0.00249430023898988,0.00999232556579675,"NPTN",FALSE,0.0100563445664085
0.221244311233219,5.8581110711443,13.759519875055,0.00250347277070297,0.0100240061243097,"CCDC82",FALSE,0.0100881629092573
1.12249637139129,1.63488134872116,13.7558816717552,0.00250584968189962,0.0100284584947502,"CCL7",FALSE,0.010092578626792
0.242249716532024,5.65723816176807,13.7429805699263,0.00251429927008067,0.0100571970803227,"ODF3B",FALSE,0.0101214356922307
0.201893364188469,4.98406023697688,13.7253926642239,0.00252587156622162,0.01009839121382,"REXO2",FALSE,0.0101628274763503
0.163219810002599,7.82973970044252,13.6952084699749,0.0025458755613865,0.0101732366182823,"IFI16",FALSE,0.0102380845699861
-0.393675191082562,4.57596940183569,13.81667410113,0.00255014195398302,0.0101851513406435,"ZBTB10",FALSE,0.0102500093436113
0.480090852864685,5.62521434354304,15.4800852129571,0.0025533603912955,0.0101915040876241,"AC012368.1",FALSE,0.0102562708685622
0.582002354970248,2.65167398690861,13.6825733308264,0.00255430355980186,0.0101915040876241,"LINC01088",FALSE,0.0102562708685622
0.424045039383011,3.33931896213051,13.6746373642551,0.00255961355684156,0.0102075534600804,"LINC00174",FALSE,0.010272356393682
0.342477288712379,3.42987011004221,13.6464737449931,0.00257856119687532,0.0102779452834729,"GET1",FALSE,0.010343128874228
-0.244131174843696,4.22142048114112,13.6358434669498,0.00258575502012807,0.0103014401002891,"FEM1C",FALSE,0.0103667063860402
-0.190059952393873,4.97742109953074,13.6157018934729,0.00259944910601519,0.0103507948329927,"FAR1",FALSE,0.0104163072518757
0.282540276279962,4.22312952116205,13.6085655368355,0.00260432114507167,0.010364988974964,"SUMF1",FALSE,0.0104305246471147
-0.205893267959974,5.98953507839874,13.5969264029067,0.00261228991513768,0.0103914874296094,"ETV6",FALSE,0.0104571239590725
0.317806518465921,5.09601658167579,13.5845625107719,0.00262078576891001,0.0104200549528177,"PWP1",FALSE,0.0104858051231453
-0.241567254789497,8.78610446730823,13.5529876380926,0.00264262772164841,0.0105016303645256,"ANXA1",FALSE,0.0105678280158103
0.276339845285898,6.43326248676067,13.7446373766419,0.00264874916371597,0.0105206830510722,"PRXL2C",FALSE,0.010586933491504
-0.282245397174416,4.45287760734174,13.5352646763596,0.0026549797337494,0.0105401498894167,"FOXK2",FALSE,0.0106064555489238
0.58271684012503,3.83989620241802,13.9275402653804,0.00267926798599052,0.0106312495460125,"PANX1",FALSE,0.0106980604123839
0.978184301475182,1.79495844104623,13.463152014807,0.00270593141545206,0.0107316779698369,"DOK5",FALSE,0.0107990515151628
-0.357234702698078,4.39657653776699,13.4566297002163,0.00271059526097915,0.0107447996145213,"CHST15",FALSE,0.0108121870713892
-0.302932457989878,4.85387534409923,13.4498538897256,0.00271545021129627,0.0107559078854053,"N4BP2",FALSE,0.0108231598140475
0.40424068775791,3.49276639305632,13.4485651271856,0.00271637476219727,0.0107559078854053,"THRA",FALSE,0.0108231598140475
0.585655907844693,4.68420038111304,14.9249012908298,0.00271746764561892,0.0107559078854053,"BLNK",FALSE,0.0108231598140475
0.243286200824736,4.7079379624223,13.4415441620954,0.00272141795574998,0.0107661684397135,"ITFG1",FALSE,0.0108334161977758
-0.141082959287286,7.26817401765085,13.4352401304028,0.00272595539305832,0.010778740327265,"KMT2E",FALSE,0.0108459982760169
-0.19186565787483,6.01866227908722,13.4249609995395,0.00273337273971373,0.010802681495738,"METTL9",FALSE,0.0108700204156814
0.235547494121951,5.96747547515191,13.4154780953809,0.00274023622395093,0.0108235270792468,"TTC1",FALSE,0.0108908590470598
-1.02498225466219,-0.0857159207851598,13.4139036471535,0.00274137769615634,0.0108235270792468,"PBX1",FALSE,0.0108908590470598
0.167102875339412,8.37236560361524,13.409046160561,0.00274490282954737,0.0108320505886767,"POMP",FALSE,0.0108993671830515
-0.282543043378091,4.35670615119906,13.3995755536891,0.00275179083016132,0.0108538297022482,"SDC4",FALSE,0.0109212131788468
0.334636447547014,4.83890871783372,13.3731625773758,0.00277110684721147,0.0109231886015895,"CLPTM1",FALSE,0.0109908650783755
0.446376146278068,2.87382622247808,13.3717679266784,0.00277213111331965,0.0109231886015895,"RCN3",FALSE,0.0109908650783755
-0.200080352851271,5.78842096281184,13.363143490927,0.00277847483978312,0.0109427464132144,"ZMYM2",FALSE,0.011010475245378
0.167128579983091,6.24165246141662,13.3581840009189,0.00278213040239475,0.0109517029941338,"NDUFAB1",FALSE,0.0110194184565439
-0.326541441184959,4.33044220089197,13.3479089566662,0.00278972167712295,0.0109761357102882,"CARHSP1",FALSE,0.011043933352952
0.223945845029971,6.6467548762126,13.3109930811279,0.00281719356886597,0.011078725502961,"RCSD1",FALSE,0.0111470873608871
-0.299765141588942,4.32358544388218,13.3081126412065,0.00281935023856319,0.0110817098122603,"SCLT1",FALSE,0.01115002067239
-0.782177854698892,0.98602229845655,13.3010676195958,0.00282463309741967,0.0110965639492939,"BMERB1",FALSE,0.0111648275724077
-0.232191217670825,4.95183527843231,13.29934219789,0.00282592868486684,0.0110965639492939,"MCM5",FALSE,0.0111648275724077
0.312207117989948,4.04916869356262,13.2928123144208,0.00283083807577652,0.0111099074784518,"MRAS",FALSE,0.0111781144974047
-0.311406721993048,3.87322102026621,13.2910967339791,0.00283212954262753,0.0111099074784518,"AC026979.2",FALSE,0.0111781144974047
-1.46491411397298,-0.497177686818014,13.2775108791478,0.00284238088034375,0.011144607131239,"NEURL1",FALSE,0.0112129577242604
-0.765839654391616,2.14180564308401,13.2654787532875,0.00285149565730377,0.0111748183742483,"MEIKIN",FALSE,0.0112432846787984
0.271154628436647,6.28051720284071,13.3816623954373,0.00285518296031896,0.0111837403702612,"AC100810.1",FALSE,0.0112521917765847
0.522206539299464,3.64097937390303,13.2478150872553,0.00286493779734123,0.0112164083246031,"JAM2",FALSE,0.0112849899837271
-1.21755969596364,5.27901242573547,17.9632353973048,0.00289245904118863,0.0113185662776621,"IL1R2",FALSE,0.011387702312086
-0.194349683642843,5.27131298642378,13.2086560086989,0.00289500004355381,0.0113229207426219,"ZNF131",FALSE,0.0113920131584001
0.241477043857994,6.21642808901103,13.2061953661678,0.0028969012092782,0.011324769618914,"ARHGAP21",FALSE,0.0113938031586089
0.715495949234683,4.28939473163348,14.9137503649398,0.00290091853022312,0.0113348852181414,"DLEU7",FALSE,0.0114039102700088
-0.218685233835839,5.91791511619757,13.1899711947946,0.00290947267129632,0.0113627090335159,"ZMIZ1",FALSE,0.0114318332690635
-0.178749276875052,8.30637915653881,13.1809017196343,0.00291652771568515,0.0113846537321279,"SPAG9",FALSE,0.0114538411486379
-0.153185279154441,6.00566333773395,13.1785237702723,0.00291838076649691,0.0113862808645608,"PPP3CA",FALSE,0.0114554079115409
0.28701225687156,4.25269991795248,13.1698658510688,0.00292513907889127,0.0114023073762558,"COPS7A",FALSE,0.0114713912178013
-0.649448982416576,1.80402524174688,13.1695769115308,0.00292536493482646,0.0114023073762558,"SETBP1",FALSE,0.0114713912178013
0.290982820862659,4.84041134235927,13.1675865910448,0.00292692126025072,0.0114027674453404,"UROD",FALSE,0.0114717839245051
0.175180676708369,6.73427594708076,13.1622128025755,0.00293112806094456,0.0114135477736584,"FKBP8",FALSE,0.0114825593556048
0.153889037234338,6.92225723731244,13.1523633941537,0.00293885669843155,0.0114380244993448,"DYNLRB1",FALSE,0.0115071138520098
-0.187863010556138,5.52646865560475,13.1308166510137,0.00295584627204422,0.0114883239472628,"CLIP1",FALSE,0.0115575059377658
0.34905731166133,4.85130463598997,13.140785430856,0.00295607763372621,0.0114883239472628,"IGF2R",FALSE,0.0115575059377658
-0.244702751780712,6.36225976537136,13.1304608695446,0.00295612775635925,0.0114883239472628,"PTPN2",FALSE,0.0115575059377658
-0.248285223310969,5.24505665588262,13.1279195731242,0.00295813926002366,0.0114905086004251,"PPARD",FALSE,0.0115596334774139
0.205296173789189,6.23844684351086,13.1237855082426,0.00296141486320615,0.0114925168162665,"CYC1",FALSE,0.011561513420004
0.188393027560511,5.62285193718826,13.1236081556623,0.00296155548128562,0.0114925168162665,"RFC1",FALSE,0.011561513420004
-0.170745865763115,7.01459201673817,13.1180798195187,0.0029659426220014,0.0115039105221268,"XRCC6",FALSE,0.0115729053868881
0.224888797116287,5.43323970162738,13.104706279156,0.00297658660838734,0.0115395494529559,"CD151",FALSE,0.0116086877727106
-0.174145881079386,5.74233946824727,13.0785951933728,0.00299749590754372,0.0116149303787911,"CNOT1",FALSE,0.0116844496584015
0.346337957667411,3.80201470053773,13.0735878192572,0.00300152509807742,0.0116212271749281,"PAQR3",FALSE,0.0116906429178101
-0.996280873564937,0.289213509012944,13.0729327908561,0.00300205263045569,0.0116212271749281,"GPC4",FALSE,0.0116906429178101
0.699779872705969,2.04946112075076,13.0332896443056,0.00303417998726093,0.0117398628301633,"CMBL",FALSE,0.0118099159780838
0.202181302247029,5.37658724355546,13.0266315886476,0.0030396146591911,0.0117551536673498,"PLEKHM2",FALSE,0.0118252268074605
-0.236364198969025,5.9627101157456,13.0022958720947,0.00305957476102734,0.0118265766481837,"PKN1",FALSE,0.0118970039325634
0.546993749908757,2.3459478243072,12.9826858182001,0.00307576916771561,0.0118833810729285,"LINC02328",FALSE,0.0119540747426066
-0.221451961280035,4.89253297155643,12.9713351721339,0.0030851880431676,0.0119139653220812,"SAMD4B",FALSE,0.0119847689369203
-0.502454640093189,6.86797578728451,15.4602423931605,0.00309360528980512,0.0119406537183909,"FN1",FALSE,0.0120115438507071
-0.283156790063224,5.85286633081938,13.0998301546329,0.00312441411671964,0.0120537007870332,"GNL3",FALSE,0.0121251893652795
0.404408575608203,3.68144994207017,12.9209676403448,0.0031273877871772,0.0120593046579479,"CYREN",FALSE,0.0121307538096416
-0.430352251319318,6.14955215643468,14.6574731747558,0.00313085089519751,0.012066789449259,"GPRIN3",FALSE,0.0121382103112037
0.421630283027997,3.18750754617521,12.9133225757987,0.00313385125390333,0.0120724843250464,"IPO11",FALSE,0.0121438662952535
0.175797060200715,7.9316614528464,12.897694070791,0.00314711237548705,0.012117681842089,"COX6C",FALSE,0.0121892582566799
-0.150337363149425,6.77637413809158,12.894601675821,0.00314974402026983,0.0121219274721841,"CSNK1D",FALSE,0.0121934562121306
-0.27812830670106,5.12897595871333,12.8920767466503,0.00315189463523071,0.0121243186162587,"MPST",FALSE,0.0121957887703082
-0.190199368650002,6.9924516030045,12.8878899021351,0.00315546453317638,0.0121321643157237,"IDS",FALSE,0.0122036080473066
0.250608547827609,4.47966817602082,12.885376422981,0.00315760988737277,0.0121334157355006,"MAN1B1",FALSE,0.0122047216930712
1.07070637924579,0.468795170730301,12.883923342912,0.00315885091802136,0.0121334157355006,"TNIK",FALSE,0.0122047216930712
0.571903591250083,1.9974536256583,12.8817778222756,0.00316068437176632,0.0121345790311687,"FXYD6",FALSE,0.0122058193533211
0.14372192508507,8.79675511226631,12.8758434773927,0.00316576197412162,0.0121481901891753,"RHOA",FALSE,0.0122194379383293
-0.156088839969484,7.59072657633604,12.8703564160665,0.00317046525943629,0.0121603524803149,"PAK2",FALSE,0.0122315990763169
0.215621899569346,5.95346623472285,12.8665454637243,0.00317373660601402,0.0121670134489744,"NDUFB3",FALSE,0.0122382266187853
-0.592400079995171,3.11444408269453,12.8101946175135,0.00322256690244957,0.0123482408905849,"SLAMF7",FALSE,0.0124204413197151
-0.15965272109617,5.84699906314826,12.8072042230774,0.00322518237346405,0.0123522926844556,"BIRC6",FALSE,0.0124244433927383
0.315060869628051,4.78840609079792,12.7904590898105,0.0032398734962449,0.0124025673965377,"TSR2",FALSE,0.0124749381248374
0.289648591127801,6.71159771605037,13.1898962330244,0.00324298556965207,0.012408489187356,"ADM",FALSE,0.0124808208684509
-0.37754791923331,7.66033422532131,14.2786912922251,0.00325413993746301,0.0124451622885705,"CKLF",FALSE,0.0125176339977215
0.405194613407133,7.20750363666609,14.3190943127285,0.00328655350675643,0.0125617305939393,"BIN1",FALSE,0.0126347324554858
0.168715881050268,5.82969729000522,12.7364484348469,0.0032877889735651,0.0125617305939393,"SDHB",FALSE,0.0126347324554858
0.299618822327658,4.0044459660464,12.716494140103,0.00330569828928202,0.0126240732357552,"RPP38",FALSE,0.0126973628098312
-0.196160639580511,6.737367542014,12.7103685355716,0.0033112187313525,0.0126390669726349,"UBE2R2",FALSE,0.0127123689890814
-0.653444132795496,4.36748037566514,14.3959721188324,0.00331537812377411,0.0126488535925318,"ZDBF2",FALSE,0.0127221377784182
0.156045422098056,6.37498373699888,12.6992488515151,0.0033212671357033,0.0126652264799691,"SELENOF",FALSE,0.0127385309128873
0.534527235210131,3.07035973644731,12.6831405425388,0.00333588615290883,0.0127148583751256,"CDC25B",FALSE,0.0127883752372826
0.517519770023652,7.73047116874723,15.3462735660957,0.00333974425280625,0.0127234466296242,"NRP2",FALSE,0.0127969383383305
0.161828963181181,6.81329780862856,12.6729979715722,0.00334512916304975,0.0127367162177956,"TMEM50A",FALSE,0.0128100603438564
0.253433631781444,5.24354645096079,12.6713174948487,0.00334666345342809,0.0127367162177956,"PCBD1",FALSE,0.0128100603438564
-0.184060127922107,5.87879618823496,12.6698028908315,0.00334804699771518,0.0127367162177956,"ERGIC1",FALSE,0.0128100603438564
1.01437862066899,6.19168850923907,16.969026178042,0.00336041595934862,0.012777639196986,"LINC01736",FALSE,0.0128511441396837
-0.178154613779727,6.0591618867301,12.6300711154965,0.0033845780694148,0.0128633436885525,"SNRPD3",FALSE,0.0129372663905142
-0.351104478392356,4.10240985292061,12.6254453980502,0.00338886102601868,0.0128734500307983,"AC007384.1",FALSE,0.0129473555591538
0.217514386357626,6.13690115035616,12.6223800170642,0.0033917027178953,0.0128780743043458,"IAH1",FALSE,0.0129519311738144
0.611615673190596,6.64249543181004,15.6924564894508,0.00340421960901485,0.0129194126664766,"IGSF21",FALSE,0.0129934312402224
0.238174085370024,5.13518401409944,12.6064422531453,0.0034065219372553,0.0129219645543349,"DHRS4L2",FALSE,0.0129959224318147
-0.470947336304796,2.62915614702672,12.5844136553655,0.0034271279497577,0.0129835185205087,"HYMAI",FALSE,0.0130575267271419
-0.227191264905023,6.11478037186853,12.5842829834283,0.00342725061231331,0.0129835185205087,"ZSWIM7",FALSE,0.0130575267271419
-0.189228421403475,7.10300463763468,12.5825126368811,0.00342891294794518,0.0129835185205087,"IRAK3",FALSE,0.0130575267271419
-0.403263539187391,3.83415025674703,12.5821009299395,0.00342929966977109,0.0129835185205087,"MVB12B",FALSE,0.0130575267271419
-0.430045235311928,3.30851518479103,12.5785846426556,0.00343260462090198,0.012989827892368,"AL627171.1",FALSE,0.0130637967166502
-0.390398193405681,5.01415088892421,13.0752963516617,0.00343851568328402,0.0130059887104369,"THAP2",FALSE,0.0130799741926178
-0.265137541726773,4.93570052205876,12.5681158413969,0.00344246605210453,0.0130147214406699,"ZNF652",FALSE,0.0130886812540924
0.265956111633157,4.78140892533565,12.549754762711,0.00345984109677002,0.0130735808802352,"DERA",FALSE,0.0131477240254054
-0.194482805406289,7.77132494435608,12.5481833998191,0.00346133277845783,0.0130735808802352,"SEPTIN7",FALSE,0.0131477240254054
0.376428702520677,5.53766167235446,13.1507665661606,0.00346428847060321,0.0130785138071154,"ST14",TRUE,
0.192879241479406,6.07703985735624,12.5416017510657,0.0034675887687995,0.0130847423888826,"SCIMP",FALSE,0.0131651394316156
0.404380881805346,6.40464375809724,14.0500636468496,0.00347812676112832,0.0131182630648075,"CXorf21",FALSE,0.0131987873912182
-0.614833558524821,1.99868907183061,12.5128699431996,0.00349505250767374,0.0131758327536079,"INPP4B",FALSE,0.0132566315144216
0.253922651892284,4.92707522518344,12.4996054487162,0.00350781639006983,0.0132115838653769,"CDK4",FALSE,0.0132924437688401
0.20082430667441,5.21364473621878,12.4995510734503,0.00350786882399322,0.0132115838653769,"PHKB",FALSE,0.0132924437688401
-0.144668082381832,8.95720761971836,12.4959521184384,0.00351134130275133,0.0132176915455684,"HCLS1",FALSE,0.0132984309657622
0.234733023661937,5.21801453854848,12.4944157030678,0.00351282493523117,0.0132176915455684,"TMED7",FALSE,0.0132984309657622
0.160930645810195,6.54020255364708,12.4888951891323,0.00351816177929527,0.0132314926879758,"LARP7",FALSE,0.0133122375107052
-0.415018607496327,5.45744525021954,13.6812286508606,0.00352096329399421,0.0132357501160674,"TP53BP2",FALSE,0.0133164420691725
-0.229717727097762,4.95478161098694,12.4762582169999,0.00353041364859089,0.0132649855004875,"ITGB1BP1",FALSE,0.0133457767387711
-0.589634392172117,1.95536602329466,12.4705680554903,0.00353594651181232,0.0132794807890327,"ZNF667-AS1",FALSE,0.0133602813525455
-0.229221489110935,4.6603337085943,12.4577676900647,0.00354842971579534,0.0133160784745032,"AC008875.3",FALSE,0.0133969435948557
0.249199528680288,4.29125950584774,12.4571323058124,0.0035490506832272,0.0133160784745032,"TMEM161B-AS1",FALSE,0.0133969435948557
-0.230594581117568,4.89925408102349,12.4530707537849,0.00355302304932049,0.0133246767904507,"ZRANB1",FALSE,0.0134055151257408
0.837567332862264,2.27940994388563,12.4477567034685,0.00355822817763487,0.0133378879396167,"ARMH4",FALSE,0.0134187274214493
-0.152114532762817,6.842230222323,12.4441875841117,0.00356172909118527,0.0133447014342707,"TM9SF3",FALSE,0.0134255032441902
0.283823462496641,4.1573914021113,12.4236061602053,0.00358199509037032,0.0134142924310137,"VPS25",FALSE,0.0134954363089132
-0.182672770812655,10.0663657744101,12.4197679911361,0.00358578917313526,0.0134221607953807,"PNRC1",FALSE,0.0135032729952006
0.22981421789302,5.17291331414449,12.4052356876085,0.00360019672682228,0.0134697308401354,"MRPS16",FALSE,0.0135510510338776
0.310765467520801,6.1752413510315,12.9429019807111,0.00361244078123208,0.0135091653366075,"ATP6V1C1",FALSE,0.0135906439706525
-1.14784216744249,-0.136043862443851,12.3842943564824,0.00362107620110464,0.0135350740793765,"DAPK2",FALSE,0.0136166292660154
-0.204748938722855,6.14838949060878,12.3766959245197,0.00362868678907179,0.0135571295305189,"CD47",FALSE,0.0136387378455666
0.151448895682849,6.07915944598663,12.3705908765066,0.0036348150084239,0.0135736285382877,"MTIF3",FALSE,0.0136552563835782
-0.185269684118807,5.37886665197895,12.368601988975,0.00363681402885326,0.0135746994447969,"BICD2",FALSE,0.0136562540130152
-0.194640402800581,5.73934083016402,12.3663416152094,0.00363908746248502,0.0135767931306265,"TOR1AIP2",FALSE,0.013658280623848
0.164207724502411,7.12431374148306,12.3632337993953,0.00364221591840211,0.013577146445775,"SPTLC2",FALSE,0.0136584769758807
0.150866990398839,7.0719214067377,12.3628452403033,0.00364260727676128,0.013577146445775,"NOL7",FALSE,0.0136584769758807
-0.598852041330529,3.23835085588124,12.4440229446277,0.00365255512970194,0.013607827569679,"ST18",FALSE,0.0136892622796346
-0.679619110153089,1.73133646707244,12.3511815262956,0.0036543776911376,0.013608222797247,"TMEM158",FALSE,0.0136895803379848
0.203514974873566,5.53157536091123,12.3468584018353,0.00365875153279999,0.013618113686403,"EPS15",FALSE,0.0136994508438205
0.597136607680067,3.0160030641837,12.334071923676,0.00367172349511812,0.0136599830451884,"AP001160.1",FALSE,0.0137414905912307
0.672807507442686,4.46325716790601,14.0129449560943,0.00367657616453238,0.0136716209345275,"MTUS1",FALSE,0.0137531182451026
-0.147375276064205,9.05256940775052,12.3145530812814,0.00369162819774724,0.0137211572206939,"EEF1D",FALSE,0.0138028699296881
-0.231100702193157,5.34298866527942,12.3009289542201,0.00370559562009258,0.0137666176551518,"CDC26",FALSE,0.0138485210128507
0.209509339242349,5.15633896919724,12.284538608504,0.00372248003367741,0.0138220212878388,"GLB1",FALSE,0.0139040936912753
0.339399797073435,4.65243825211524,12.2830715540032,0.00372399564465484,0.0138220212878388,"GPATCH2",FALSE,0.0139040936912753
-0.431816593962702,3.80029681829947,12.2665053115636,0.00374115982351772,0.0138792302671261,"GCNA",FALSE,0.0139615618615219
-0.192149862501581,5.15946881747972,12.2630374040767,0.00374476447236546,0.013886105115488,"TP53I13",FALSE,0.0139683970233405
0.277853889584296,4.34579605042177,12.2585691309211,0.00374941485577312,0.0138968494514115,"TMCC1",FALSE,0.0139791245782208
-0.473777110424091,3.2221001263845,12.2440145658927,0.00376460899048675,0.0139466448955976,"FLNB",FALSE,0.0140291341660618
0.227074747804601,6.27849260630473,12.2402783988953,0.00376852081474831,0.0139546160762843,"DEGS1",FALSE,0.014037071857488
-0.254009003138689,4.73984211201922,12.2351801846312,0.00377386631077874,0.0139653984755794,"ALYREF",FALSE,0.0140477568007847
-0.268040349156266,4.83113221399178,12.2341421976721,0.00377495571810881,0.0139653984755794,"SMC4",FALSE,0.0140477568007847
0.206674669406395,5.29489650736773,12.215393146219,0.0037946963326859,0.0140318808421333,"FGD2",FALSE,0.0141145503819167
-0.989147001624421,0.690736355914058,12.20330108105,0.00380749123669661,0.0140726296151658,"FHL1",FALSE,0.0141554582174119
0.168596699558439,8.31566821544661,12.201072826377,0.00380985444764998,0.0140748024515233,"MEF2A",FALSE,0.0141575628955597
0.189395730654906,6.63009682035467,12.1915720587391,0.00381994969552967,0.0141055245394314,"KDELR1",FALSE,0.0141883845833959
0.159737888991533,7.96424060902296,12.189492301836,0.00382216371251012,0.0141071293821137,"PPIB",FALSE,0.0141899178733057
0.195764416133016,5.77805901834556,12.1692342256715,0.00384380738562988,0.0141804117977076,"RPL26L1",FALSE,0.0142635490268451
0.278608478818163,4.14975429669268,12.1584110477728,0.00385542892738902,0.0142166700169024,"PLOD3",FALSE,0.0142999383662762
0.155241192832165,7.25179639901369,12.1520645595928,0.00386226246211124,0.014230141753734,"SPCS2",FALSE,0.014313244871001
-0.222952771299466,4.97341635242341,12.1501819459439,0.00386429224628698,0.014230141753734,"SRRT",FALSE,0.014313244871001
-0.223668850401575,6.54642117512452,12.150019820446,0.00386446710340431,0.014230141753734,"BHLHE40",FALSE,0.014313244871001
0.969164067149301,0.943923409482056,12.1408775618081,0.00387434212401833,0.0142598813181139,"AC008691.1",FALSE,0.014343076716643
-0.324130127282385,4.7441147911319,12.1134762177744,0.00390411502934299,0.0143627953376479,"VCL",FALSE,0.0144465092537173
-0.668695461180541,1.75231574111308,12.1114210432754,0.00390635872653982,0.0143643840371093,"GUCY1A1",FALSE,0.014448025374498
0.228072896055793,4.6335586580871,12.1052082429791,0.00391315050722809,0.0143826876315736,"STAMBP",FALSE,0.0144663536818127
0.517405919374204,4.85347728473532,13.3156624283449,0.00393481264514039,0.0144556045647234,"SPATA6",FALSE,0.0145396125789944
-0.191996944791475,5.69126302228703,12.0652760081314,0.00395713158649983,0.0145308657794213,"ARCN1",FALSE,0.0146152286162427
-0.213219901464637,5.4780665457802,12.0555861948171,0.00396788992381513,0.0145636256092622,"TIMM17A",FALSE,0.014648095979295
0.28279343665033,4.31593980569439,12.0508211540341,0.00397319282811677,0.0145763409261035,"TCEAL1",FALSE,0.0146608023887138
-0.39662157422128,3.3139957979696,12.0375637904118,0.00398798983408515,0.0146238591140736,"SLC24A4",FALSE,0.0147085130678478
-0.149703988063229,5.89678398645798,12.035566503307,0.00399022459711058,0.0146252892306485,"MIA3",FALSE,0.0147098686832181
-0.328414090836258,4.43721077266758,13.519562515848,0.00400683466361964,0.014676668043611,"ZFY",FALSE,0.0147613787165947
0.166129064358071,6.99375984072251,12.0197750052906,0.00400794479243413,0.014676668043611,"RAB1A",FALSE,0.0147613787165947
0.250304573680892,5.05645085601161,12.0051731905418,0.00402441105577609,0.0147266948911729,"PGRMC1",FALSE,0.0148114451810321
0.169937785732291,6.27899118858249,12.0029096793386,0.00402697058608433,0.0147266948911729,"ZRANB2",FALSE,0.0148114451810321
0.541330029186948,3.91784106111022,12.3034094930746,0.00402717892584042,0.0147266948911729,"MMP2-AS1",FALSE,0.0148114451810321
-0.250485168037015,4.86911370112576,12.0007951064388,0.00402936340172551,0.0147278898335084,"UBE2J1",FALSE,0.0148125641058299
0.156958695302969,5.79892363703863,11.9961711488595,0.00403460152886101,0.0147402400556729,"RSBN1L",FALSE,0.0148249024460667
-0.409112386584455,4.00184524307153,11.9847224957459,0.00404760476548329,0.0147763819049207,"SLC1A4",FALSE,0.0148610859335375
-0.178055518408229,7.48888884032597,11.9841803911411,0.00404822168232691,0.0147763819049207,"EIF3H",FALSE,0.0148610859335375
0.200937735820743,5.75309398413633,11.9744801178773,0.00405927903518773,0.0148099236957977,"NDUFV3",FALSE,0.0148947369535207
0.25788418252237,4.9603523001406,11.9699052820944,0.00406450601884347,0.014822172823087,"MRPL22",FALSE,0.0149069731920153
-0.222245138056063,4.75354568141755,11.9672018163091,0.00406759852694439,0.0148266304007426,"EZH2",FALSE,0.0149113732877003
0.251406847972651,4.77438817057095,11.9517713515363,0.00408530171127841,0.0148843161613121,"TPD52",FALSE,0.0149693055262564
0.245618650086452,4.86761503824028,11.9472603317243,0.0040904939773403,0.0148963878053991,"MRPS11",FALSE,0.0149813628793523
0.202773905218833,8.97446455400362,11.9438883464326,0.00409438018076824,0.014903694248453,"SDCBP",FALSE,0.0149886278178867
0.230395767592101,4.26020010208386,11.9348986793603,0.00410476163827197,0.0149346260983112,"AK3",FALSE,0.0150196526643319
1.02430222706807,0.946757664235853,11.9320284794905,0.00410808261734258,0.0149398527478403,"GZMK",TRUE,
-0.16340811431546,8.00524528407802,11.9117239439168,0.00413166506549364,0.0150187256484336,"SEC11A",FALSE,0.0151110758523486
0.239097124994532,5.38753307916965,11.8983079752285,0.00414733281266869,0.015068769266195,"NAGA",FALSE,0.015161340091974
0.576563702162149,2.95327505203548,11.8965493621762,0.00414939168862739,0.0150693437047357,"CACNA1D",FALSE,0.0151618310403556
-0.255383938613427,6.02429735587414,11.8929524969398,0.00415360636107699,0.0150775814480873,"AC058791.1",FALSE,0.0151699454512502
-0.2336679394983,4.72023389228387,11.8913688366536,0.00415546360545797,0.0150775814480873,"SOS1",FALSE,0.0151699454512502
0.305009964020215,4.94621964789149,11.8734514931694,0.0041765433182554,0.0151471342301596,"WDR45",FALSE,0.0152398370825456
-0.19992892021446,9.03998503314831,11.8631477383608,0.00418872168687603,0.0151843555251729,"SMAP2",FALSE,0.0152771988190784
0.290302945070516,4.89432430167916,11.8566777625718,0.00419638977759817,0.0152052002544782,"PLXNB2",FALSE,0.0152980836038493
0.188884884990052,5.82291495258693,11.8337614082881,0.00422368075210045,0.015297095021769,"RBMS1",FALSE,0.0153904518802254
0.14787385880599,8.0207786752155,11.8269477685163,0.00423183465105916,0.0153133686696162,"ARL6IP5",FALSE,0.0154066492126521
-0.254450548649377,5.52103155609819,11.8267787235486,0.00423203717900217,0.0153133686696162,"USP36",FALSE,0.0154066492126521
-0.436273445867382,5.80681436342306,13.3364742935337,0.0042421886556958,0.0153400535892742,"ITGA4",FALSE,0.0154333210687876
-0.188685374180461,6.46152857717725,11.8174078433016,0.00424328172569102,0.0153400535892742,"TRIM8",FALSE,0.0154333210687876
-0.542099148672711,2.56995730518503,11.8010905283661,0.00426294423003686,0.0154041120582189,"NIBAN2",FALSE,0.0154976809618045
0.166974352657647,7.26016257147315,11.7830858431327,0.00428476248904687,0.0154758984114641,"UQCRQ",FALSE,0.0155698149855679
0.180933764384143,6.44296104025168,11.7668404430097,0.00430455978692706,0.0155403233109097,"DSTN",FALSE,0.0156345421859896
0.949321119333292,1.75824108258085,11.7850826816765,0.00431257047807758,0.015559107890727,"LYNX1",FALSE,0.0156532633530771
0.335021448522104,4.49937523790625,11.7593789789789,0.00431368808574897,0.015559107890727,"DUSP14",FALSE,0.0156532633530771
-0.153894014102505,6.54144838532356,11.7564984169873,0.00431721813521866,0.0155647591523481,"AKIRIN1",FALSE,0.0156588602528787
-0.776640237227521,0.53880681936651,11.7308319245138,0.00434881974364555,0.0156715649671009,"CCNB2",FALSE,0.0157662227061388
-1.63428578562181,6.86873398127658,16.0206976884574,0.00435170116017577,0.0156728370762754,"THBS1",FALSE,0.0157673245585064
-0.422852513591425,3.41448667658756,11.72735070318,0.00435312654414208,0.0156728370762754,"REPS2",FALSE,0.0157673245585064
0.234742271155419,5.01218657448436,11.7229239418565,0.00435861025204754,0.0156854571394611,"TMEM126B",FALSE,0.0157799317856758
-0.254206533387871,4.40357832983898,11.721143780222,0.00436081770369734,0.0156862807417933,"NDE1",FALSE,0.0157806715065354
0.378494003377334,4.28658784258595,11.7192198157951,0.00436320492980994,0.0156877499698563,"ZDHHC14",FALSE,0.015782060806723
-0.31458332143367,5.92098179734677,12.2566105091765,0.00436523035723515,0.0156879176211062,"TXNRD1",FALSE,0.0157821407775578
-0.219706903658598,5.54017908414245,11.7139784510514,0.00436971601179475,0.0156969227646166,"FOXN2",FALSE,0.0157911113490454
0.566568240495453,2.63086689162978,11.6903438598479,0.00439921608509962,0.0157957360157019,"TMEM106C",FALSE,0.0158904283899197
-0.160098032052268,7.03373854012481,11.6823019759399,0.00440930625717295,0.0158247985544894,"ALKBH7",FALSE,0.0159195759367592
0.575147954453806,4.79728795128677,13.1610703373457,0.0044178259793691,0.0158381154842099,"ARHGAP6",FALSE,0.0159325273921118
-0.133251264328976,7.11999090937331,11.6742240369334,0.00441946864034212,0.0158381154842099,"WAC",FALSE,0.0159325273921118
-0.301520086926794,5.17109630606447,11.6968772465845,0.0044217590876168,0.0158381154842099,"AC073352.2",FALSE,0.0159325273921118
-0.346857921049235,3.93457634411383,11.6719927612272,0.00442228045369054,0.0158381154842099,"ID1",FALSE,0.0159325273921118
0.175088771987172,5.63338994071744,11.671417669173,0.00442300550984368,0.0158381154842099,"SDHD",FALSE,0.0159325273921118
-0.248852860028774,5.6137803551827,11.6535246846592,0.00444563324381051,0.0159119550144152,"SYTL3",FALSE,0.0160067178677967
-0.289902073110764,7.66945364728689,12.1489794626755,0.00445884280378425,0.0159388945444291,"ISG15",FALSE,0.0160334611813936
0.282514398016358,4.62281875800643,11.6429140404806,0.00445911489298546,0.0159388945444291,"SHFL",FALSE,0.0160334611813936
-0.224719150230009,5.39629053579186,11.6420415128163,0.00446022561107383,0.0159388945444291,"UBR5",FALSE,0.0160334611813936
0.201978360208099,5.61693898565074,11.6412749592985,0.00446120168946622,0.0159388945444291,"ARL8A",FALSE,0.0160334611813936
-0.155500933961095,7.16540047933011,11.6262820273172,0.00448034248675124,0.0160000699256594,"PIM3",FALSE,0.0160949102191638
-0.44233151476219,7.57269015717488,13.5133121473371,0.00448408682252159,0.0160062315753945,"LSP1",FALSE,0.0161010191375684
-0.131219813816807,11.2930812226394,11.6183713659211,0.00449047996483472,0.016021838506395,"EIF1",FALSE,0.0161166292314205
-1.00315356731463,1.57268977896679,11.8123913633097,0.00449287112593309,0.0160231589232557,"CD2",TRUE,
0.316989831948885,4.10779031799775,11.6133614319031,0.00449691390311776,0.0160303657481644,"RTL8A",FALSE,0.0161323714611847
-0.193528179832568,5.56778837993144,11.6014261010431,0.00451228471757834,0.0160779295464994,"PARP4",FALSE,0.0161801452003105
-0.261740687388581,5.13710985697169,11.5956557291358,0.00451973784211329,0.0160972513981465,"HERC1",FALSE,0.0161994971429338
0.362851184339514,5.25808180021213,12.0755422535826,0.00452196799908785,0.0160979624143549,"AGTRAP",FALSE,0.0162001200076462
0.536337074371755,3.51505909228474,11.6149661135846,0.00452603211584815,0.0161051986599839,"GAREM1",FALSE,0.0162073095493871
-0.171744734293733,7.87238794415959,11.5807153959605,0.00453910136157429,0.0161444574224141,"PCBP1",FALSE,0.0162467244554667
0.267949261245142,4.64692638641158,11.5787529999617,0.00454165186509992,0.0161462851957454,"TMEM192",FALSE,0.0162484711141041
0.126567585803517,13.1237483761314,11.5701184225052,0.0045528938494669,0.0161692595908816,"CD74",FALSE,0.016278695568316
0.813283877815253,1.32955100074175,11.5692121650831,0.00455407563839305,0.0161692595908816,"TRBC2",TRUE,
0.245713507657392,4.6677942749506,11.569091759864,0.00455423267740143,0.0161692595908816,"TWF1",FALSE,0.016278695568316
0.264104578882349,5.23629570184191,11.55475789974,0.00457297253961303,0.0162285256463975,"IVD",FALSE,0.0163382665156786
0.728217442894332,4.33916504253474,13.2700922051579,0.00462332848077166,0.01639988733582,"SLC25A4",FALSE,0.0165106898329643
-0.190920149059644,5.30994646792041,11.5100846340289,0.00463195276247799,0.0164231312615946,"OGT",FALSE,0.0165339935943822
-1.13261618744681,-0.247085763179603,11.8576384059433,0.00465640319826116,0.0165024428054602,"HPGD",FALSE,0.0166137429329264
0.478828317530645,3.39475794943369,11.4867874718015,0.00466306009905042,0.016518650788772,"RTTN",FALSE,0.0166299626348208
-0.15788035054458,7.27778991308894,11.4670129596855,0.00468965369480163,0.0166054374686857,"PRDX6",FALSE,0.0167172361120576
-0.185249685939864,7.28668541955868,11.4513358423468,0.00471086174734526,0.0166730856843541,"GPSM3",FALSE,0.0167852414498354
0.632813577210592,4.94377179143532,13.2560428063557,0.00471775094012821,0.0166900176052371,"PDGFA",FALSE,0.0168021889269123
0.192619750501653,6.25381799086188,11.4299212200958,0.00474001117124797,0.016754562122071,"SIPA1",FALSE,0.0168669700641356
-0.237478479685649,5.20887032119291,11.4297666297729,0.00474022235618129,0.016754562122071,"PCGF5",FALSE,0.0168669700641356
-0.182378678121193,5.69584968641693,11.4263812252413,0.00474484986950508,0.0167634446370037,"CTNND1",FALSE,0.0168758136667996
-0.227703754799173,6.2178221380732,11.4246200901683,0.00474725923469183,0.0167644860635353,"GRK2",FALSE,0.0168767636511292
0.501776660365647,7.24037732156008,13.580384238432,0.00475137297438956,0.0167715427163671,"PLAU",FALSE,0.0168837691891028
1.18708008885312,-0.0357248736311641,11.4180377865312,0.00475627686783046,0.0167813809560124,"C3orf70",FALSE,0.0168935749164871
0.33760618029436,3.71494019260889,11.4163413216018,0.00475860420586831,0.0167821237295925,"PPARGC1B",FALSE,0.0168942243955974
0.174532044475871,5.52482126548931,11.386051951329,0.00480038014928387,0.0169219270002323,"WBP2",FALSE,0.017034862529756
1.14655969273882,3.84183992728017,13.854032200834,0.00480883703477229,0.0169442044496332,"AC110995.1",FALSE,0.0170571896262657
-0.201766900079221,5.14143948574417,11.375272978988,0.00481534912180521,0.016959612544501,"TASOR",FALSE,0.0170726014318548
0.433098312142408,5.97592614848416,12.816265011443,0.00481835579826546,0.0169626664159185,"SPRED1",FALSE,0.0170755766885899
0.201166816058605,5.87590766294978,11.3661765303414,0.00482802359371376,0.0169891571464548,"MRPS34",FALSE,0.0171021447262936
-0.171320218501635,8.76023359395769,11.3639877502394,0.00483107907646324,0.0169923668669923,"ATP5MG",FALSE,0.0171052768379224
0.160391078852538,5.81013327284945,11.3581616444189,0.00483922309138137,0.0170134637110738,"DCTN2",FALSE,0.0171264148759669
0.327876528071126,4.49911976493677,11.3459464737783,0.00485634970133187,0.0170661083475882,"RASA1",FALSE,0.0171793098100999
0.768295187436943,4.12116477175298,12.7915234862726,0.00486690457853632,0.0170956222856163,"LINC02432",FALSE,0.0172089202287743
-0.192238760065407,6.08053471684822,11.3347977782958,0.00487204230448483,0.0171060900752683,"GALNT1",FALSE,0.0172193581313286
0.283077239631084,4.50487140349096,11.3329033425474,0.00487471469240281,0.0171078964503628,"ING2",FALSE,0.0172210772855378
-0.980922161721747,0.350586457166851,11.3138755952126,0.00490165053927818,0.0171948165820342,"CYGB",FALSE,0.017308472859002
-0.177155189956987,5.51601391004761,11.3025274515171,0.00491779709004447,0.0172431629161166,"FRYL",FALSE,0.017356939273833
0.38593439598053,6.81919646768224,12.6359449347117,0.00491978235573358,0.0172431629161166,"SNHG12",FALSE,0.017356939273833
-0.222178905619905,5.00912965002511,11.294615743688,0.00492909058848258,0.0172681529763544,"MSRA",FALSE,0.0173819944745147
-0.609145886491086,2.36834702000085,11.2752899761105,0.0049568034656721,0.017356598538976,"CLMN",FALSE,0.0174708228626044
0.726571417715163,3.29635958706329,11.7777124689569,0.00495871539994711,0.017356598538976,"NPHS1",FALSE,0.0174708228626044
0.222173646461525,4.80216373110526,11.2667293960858,0.00496913683872032,0.0173854002018423,"ALOX12-AS1",FALSE,0.0174997139094496
0.229451209555464,4.6802403530978,11.2615106191377,0.00497667305058113,0.0174040864336159,"ZNRF2",FALSE,0.0175184228295255
0.17081004668984,6.35195852413588,11.2458575941497,0.00499935640414009,0.0174757043968354,"SCP2",FALSE,0.0175904107868761
-0.13782440047034,6.39978888929845,11.2436653842975,0.00500254275976261,0.0174791357423526,"ILF2",FALSE,0.0175937642238437
-0.152248916321158,5.95497479917398,11.2401662869289,0.00500763353663263,0.0174892152768386,"KMT2A",FALSE,0.0176038094607728
0.262157356160131,5.19515721414463,11.2294627600219,0.00502324319116023,0.017536007053949,"ACBD5",FALSE,0.0176508072524354
-0.293042516931781,4.39944796081004,11.2230894785753,0.00503256452291516,0.0175608149373554,"GNG2",FALSE,0.017675676911068
0.487896698369566,2.68809997718993,11.2179705765339,0.00504006574877445,0.0175792526424478,"NT5DC2",FALSE,0.0176941345672215
-0.214860658667581,4.61786020468143,11.1994411502347,0.00506732717662949,0.0176665654601225,"ITGAE",FALSE,0.017781916925384
-0.603724354269483,2.21016423072051,11.197737119169,0.00506984279453965,0.017667566450598,"TNFRSF4",FALSE,0.0177828234796898
0.275375950566946,5.27195463092493,11.1912083930851,0.00507949437985596,0.0176934233055791,"ALAS1",FALSE,0.0178087479859837
0.202172482958728,5.4824287180517,11.1760700800413,0.00510195571226936,0.0177583205044673,"ITPA",FALSE,0.0178737645207437
-0.203262363596468,6.45111070109466,11.1741621633616,0.00510479471842356,0.0177583205044673,"SNRPF",FALSE,0.0178737645207437
0.3265350488926,4.31622974156512,11.1741282757722,0.00510484516015147,0.0177583205044673,"CD72",FALSE,0.0178737645207437
-0.142362230986155,7.87888679207459,11.1721138861542,0.00510784461918916,0.0177609614653209,"CD86",FALSE,0.0178763215948344
-0.164366369817899,6.93187217634286,11.1682275969573,0.00511363713539996,0.0177733078515786,"PPP1R12A",FALSE,0.0178886471370697
-1.8010990962415,-0.186419600373618,11.6954720091791,0.00511882281536287,0.0177835351797532,"AKR1C1",FALSE,0.0178988398310824
0.768137628391866,2.56657122689702,11.3200214061736,0.00513752192767688,0.0178406806143768,"LINC01146",FALSE,0.0179562545458023
0.194448878147867,6.03287215000259,11.1492870115071,0.00514197718810732,0.0178483341275459,"CHCHD7",FALSE,0.0179638564469665
0.270035010152894,4.49337751537496,11.1474247074405,0.00514477348734381,0.0178502250361758,"VGLL4",FALSE,0.0179656584810703
-0.156669077631758,8.73773522502357,11.1308275621008,0.00516977247251129,0.0179232296296236,"SLC25A6",FALSE,0.0180389323950829
-0.18895204064548,8.99588042196125,11.1304543040785,0.00517033629704203,0.0179232296296236,"CFLAR",FALSE,0.0180389323950829
-0.318117617138021,4.40477836395096,11.1216049260089,0.00518372459495759,0.0179617869706398,"PCNX1",FALSE,0.0180776371664789
0.31105854068527,4.32326042868591,11.1176850952265,0.00518966776597488,0.0179745242676491,"FAM98A",FALSE,0.0180903551594469
-0.316822148818931,3.92900643799277,11.1062748443131,0.00520701272958251,0.018021998005196,"FAM241A",FALSE,0.0181379316452395
-0.224969903494267,5.45189928186404,11.1056785800985,0.005207920967445,0.018021998005196,"TBC1D22A",FALSE,0.0181379316452395
-0.182824482043278,6.05783154346535,11.1017830424623,0.0052138592203666,0.0180346753486328,"AGO3",FALSE,0.0181505890137199
-1.73489161509418,-0.479615845865715,11.2825904367708,0.00523029766863756,0.0180836458425463,"BCL2L14",FALSE,0.0181997725413104
0.784473314263175,4.77441048556637,13.436338950773,0.00523344543555287,0.0180866414180746,"MLF1",FALSE,0.0182026857135918
-1.51741847002137,0.914557943847914,12.1801318153999,0.0052428858724546,0.0181113721990501,"GJB2",FALSE,0.0182274734789044
0.270976496692487,4.17535934435652,11.0737979406248,0.00525675020222472,0.0181513569700512,"KIAA0319L",FALSE,0.0182676127450932
-0.224874498800892,5.78163600798214,11.072261491217,0.00525911682742108,0.0181516230769675,"ZNF385A",FALSE,0.0182677788211743
0.195554078287463,5.10285004060071,11.0338028246507,0.00531875943665985,0.0183447318293734,"NECAP2",FALSE,0.0184616105832304
0.635305823910625,3.34813367338935,11.2881501720086,0.00531988779690829,0.0183447318293734,"LINC02798",FALSE,0.0184616105832304
-0.16450240702962,6.66582440610268,11.0304162833,0.00532404878706072,0.0183447318293734,"WNK1",FALSE,0.0184616105832304
0.263185147913448,4.23630163596819,11.0294185580247,0.00532560826961941,0.0183447318293734,"ETFRF1",FALSE,0.0184616105832304
0.284995815859368,4.79929379614893,11.0287610232386,0.00532663631069848,0.0183447318293734,"PRKCA",FALSE,0.0184616105832304
0.27604733526038,4.67999273167298,11.0267372306386,0.00532980190816355,0.018347663711646,"VPS37A",FALSE,0.0184644588533476
0.250911138323451,4.84515029326823,11.024242132215,0.00533370771711692,0.0183531400960516,"PLEKHJ1",FALSE,0.0184698678661306
0.252714363886478,5.26917043084885,11.018002391847,0.00534348988012703,0.0183788233273957,"TRAPPC2L",FALSE,0.0184956121597719
-0.581728370970027,2.56185698034008,11.0131028048498,0.00535118562285225,0.0183973111959986,"C11orf96",FALSE,0.0185141152116074
-0.303782621294006,3.99484158182128,11.0095059429492,0.00535684335626584,0.0184015259556238,"INPP4A",FALSE,0.0185181523560751
-0.310767347284062,4.31921229385844,11.0093722895378,0.00535705372169271,0.0184015259556238,"TMEM170B",FALSE,0.0185181523560751
-0.194650384585799,6.77804956245709,11.0071577087597,0.00536054078128525,0.0184055293694367,"SMDT1",FALSE,0.0185220790679672
-0.149257117773513,6.05651623478515,10.9813866078964,0.00540131362792519,0.0185374954295199,"FBXW11",FALSE,0.0186547780626018
-0.334413744344529,7.07723533368967,11.9402647213398,0.00540695053854611,0.018548811713368,"PRELID1",FALSE,0.0186660632527021
-0.144006342049432,7.2036493305732,10.9751659885403,0.00541120910293897,0.0185553917682094,"FOXN3",FALSE,0.0186725822658577
0.193056117566262,5.50556902818266,10.9691063625519,0.00542086867069341,0.0185804785219444,"TRMT1",FALSE,0.0186977247757105
0.170344416391205,7.57734463073992,10.9661856089109,0.00542553173643116,0.0185884250675999,"LAP3",FALSE,0.0187056188269605
0.189596437488337,6.95721862733697,10.9530105976359,0.00544662384058622,0.0186492103508075,"ITPR2",FALSE,0.0187665816626376
-0.194964970199194,7.24526178079394,10.9521666275381,0.00544797820036204,0.0186492103508075,"CIB1",FALSE,0.0187665816626376
0.474577416461191,4.97443492613885,11.9838521539359,0.00545361290243992,0.0186594265918105,"P2RY12",FALSE,0.0187760426239322
0.602907595490644,2.99183812840935,10.945660261633,0.00545843238590696,0.0186594265918105,"RIMKLB",FALSE,0.0187760426239322
-0.245084937050755,5.97143116460432,10.9791357677147,0.00545892212170159,0.0186594265918105,"SPTAN1",FALSE,0.0187760426239322
-0.192212306404572,5.69170410786155,10.943063672493,0.00546261097339766,0.0186594265918105,"USP12",FALSE,0.0187760426239322
-1.23921992080284,0.091219496495033,10.9421470693774,0.00546408691095315,0.0186594265918105,"COL9A3",FALSE,0.0187760426239322
0.207077743015803,4.90989769671743,10.940717876397,0.00546638915532232,0.0186594265918105,"ABHD16A",FALSE,0.0187760426239322
0.200115268832585,5.45167538434331,10.9394530065344,0.00546842763367824,0.0186594265918105,"ADIPOR1",FALSE,0.0187760426239322
0.203221533073905,5.65942679382954,10.9386070060442,0.00546979154886068,0.0186594265918105,"DYNC1LI2",FALSE,0.0187760426239322
-0.247495033771482,4.9916174213369,10.9272689943153,0.00548810867716609,0.0187138604699238,"TTC7A",FALSE,0.0188307143548408
-0.16567134486972,9.22954365098464,10.9181066148074,0.00550296287922773,0.018756444413808,"DDX3X",FALSE,0.0188734617163936
0.474082134042849,2.99089281749142,10.9102772977753,0.00551569280429088,0.0187917544273391,"RHOBTB1",FALSE,0.018908889430898
-0.480611811985603,4.01798189207364,11.2724601007317,0.0055316427923743,0.0188380000248898,"ZNF141",FALSE,0.0189553205386363
0.529501669032691,2.70396472136432,10.8895252639676,0.00554959952085167,0.0188910369262825,"TNS1",FALSE,0.0190085847935954
0.310830661444913,3.93913277257155,10.8719066025747,0.00557857623002542,0.0189815246144384,"FAM168A",FALSE,0.0190995321773752
0.215005662467394,5.45674013324758,10.8632923238885,0.00559280755751595,0.0190162935832406,"MED10",FALSE,0.0191343104823201
-0.177383806766828,8.31057407690636,10.8628182926684,0.0055935919066747,0.0190162935832406,"MYL12A",FALSE,0.0191343104823201
-0.443793360703554,3.86104915211128,10.9147942659764,0.00559651324517617,0.0190180698704486,"RNF24",FALSE,0.0191359945075946
-0.190857062136832,6.94990305499154,10.8595296902718,0.00559903685633247,0.0190184936576709,"LSM7",FALSE,0.0191363177241593
0.276033647969232,4.39963032215891,10.8380979640731,0.00563467219217939,0.0191313409591427,"BOLA3",FALSE,0.0192497604206371
0.171417135722231,5.82081806980283,10.83012877892,0.00564798981197512,0.0191683489851621,"SDHC",FALSE,0.0192868936882271
0.192562672375099,5.14865253668996,10.8091551810916,0.00568321423503462,0.0192796416154705,"PMVK",FALSE,0.0193987702528608
0.339111846331457,4.82151370757666,10.8906749142667,0.00568960313464489,0.0192886670280199,"ARHGAP25",FALSE,0.0194076429195294
0.410279317466569,2.76598636450485,10.8046932455617,0.00569074068851395,0.0192886670280199,"SAC3D1",FALSE,0.0194076429195294
0.46053505438969,6.11574935727079,12.4520193212781,0.00569721930735841,0.0193023737900587,"SPRY2",FALSE,0.019421330031748
-0.293839479275717,6.80971114041709,11.3473018856651,0.00570268769140526,0.0193126475939602,"SNX10",FALSE,0.0194315629900046
0.696617101761301,2.74539352160968,10.7875299644091,0.00571979977468119,0.0193623281868798,"PLVAP",FALSE,0.0194814451469686
-0.914915731731794,5.57771182061776,13.8062384779575,0.00572486052572861,0.0193711883260676,"CD52",TRUE,
-0.150796855655211,8.42961137817196,10.7690827772109,0.00575122448806714,0.0194520937463295,"MIF",FALSE,0.0195800114593747
0.237537813335523,5.48661160612374,10.7631516676924,0.00576137056803119,0.0194781005813865,"ATP6V1D",FALSE,0.0196060809222245
0.227786785099866,5.2307086421865,10.7578420599852,0.00577047106673622,0.0195005518401896,"RNPC3",FALSE,0.0196285712710483
0.221617677746484,4.74795947745286,10.7343160425354,0.00581099480141128,0.0196291294357003,"NOL8",FALSE,0.0197578839212422
-0.23092297088112,4.79440155324187,10.7119773278002,0.00584977884113588,0.019751723446561,"E2F3",FALSE,0.0198811724376482
-0.169467995391111,7.03155185423472,10.6944691271879,0.00588038595550827,0.0198466155194847,"CDC42SE1",FALSE,0.0199765763507952
0.5036617185011,5.14808684108797,11.9614110205055,0.00589329973225935,0.0198751309846881,"ARG2",FALSE,0.0200049484454959
0.401011711454614,2.78421993530814,10.6855053930617,0.00589612777476778,0.0198751309846881,"SH3RF1",FALSE,0.0200049484454959
-0.126088132434389,8.2310483812746,10.6853758049885,0.00589635571089637,0.0198751309846881,"HNRNPA3",FALSE,0.0200049484454959
0.252695233460572,4.57441686363606,10.6838555716317,0.00589903045488214,0.0198756963222718,"TRIM69",FALSE,0.0200054076296003
-0.135142171940293,6.92210712863666,10.6620341661502,0.00593757901905406,0.0199970800607734,"HP1BP3",FALSE,0.0201274731119225
0.887886266335749,0.699709031373505,10.6488694706277,0.00596097622385616,0.0200670025833076,"CAPS2",FALSE,0.0201972989593498
-0.140302816501039,7.04250957800513,10.6452496550133,0.00596742832226729,0.0200670025833076,"TCEA1",FALSE,0.0201972989593498
0.214296589548947,4.8927052731973,10.6439128408408,0.00596981315684183,0.0200670025833076,"CDC27",FALSE,0.0201972989593498
0.172847823234929,5.6198016336203,10.6432610649659,0.00597097630500751,0.0200670025833076,"JPX",FALSE,0.0201972989593498
-0.295940567741384,3.8374338282706,10.6432498317373,0.00597099635393827,0.0200670025833076,"SLC2A4RG",FALSE,0.0201972989593498
0.568237163583828,2.71998707746521,10.6346943073165,0.00598628882817612,0.0201098719617713,"EML1",FALSE,0.0202403362181852
-0.178023883195399,5.63631199513739,10.6297333650931,0.00599517699187075,0.0201311999964216,"ARF5",FALSE,0.020261692124392
-0.385782659890184,3.82926390983271,10.627202056813,0.00599971804593711,0.0201379189958465,"CERS4",FALSE,0.0202683442392335
-0.531855204278206,2.79801125788954,10.6173648795124,0.00601740338245319,0.0201887321269949,"HIST1H1D",FALSE,0.0203193758452491
-0.186794269798426,5.25000709388098,10.608328271926,0.00603370269847414,0.0202348540581654,"RFX1",FALSE,0.0203656854578317
0.218115923789036,5.47983743160679,10.6053981344981,0.00603899876193544,0.0202426507830802,"TEX264",FALSE,0.0203733112345605
0.155496465946992,6.71123188720524,10.6042175220564,0.00604113417668613,0.0202426507830802,"KRT10",FALSE,0.0203733112345605
-0.596179947905977,2.35888701258532,10.6006553728439,0.00604758246405236,0.0202556965673879,"GNAI1",FALSE,0.0203863306169467
-0.793086101611165,0.777399979598193,10.5883985277364,0.00606983110926735,0.0203216305043376,"XKR4",FALSE,0.0204525789045373
0.177799761448673,5.45789485017615,10.5831357660233,0.00607941317707106,0.0203451193194679,"GRHPR",FALSE,0.020476108169716
-0.120397116504794,11.1451792305634,10.5792494389798,0.00608650038061284,0.0203602426234171,"UBC",FALSE,0.0204912179480632
-1.37484722781346,2.95643844722208,12.809990374675,0.00610647748183393,0.0204080317102536,"RIPOR2",FALSE,0.0205389815617093
-0.476346247349972,1.62399832227322,10.5683177477158,0.00610648708265519,0.0204080317102536,"ARMCX5-GPRASP2",FALSE,0.0205389815617093
0.213668981999595,5.02203394599082,10.5672141804832,0.0061085089869364,0.0204080317102536,"EXOSC8",FALSE,0.0205389815617093
-0.475877610821445,2.34128183484336,10.5448005739222,0.0061497425078844,0.0205371350473915,"ATP8A1",FALSE,0.020668801824707
0.180668323112373,5.44873381490908,10.5407869200402,0.00615716028796723,0.0205531933118384,"TRMT10C",FALSE,0.0206847401990751
-0.249021290044603,4.32738681962328,10.5393945293126,0.00615973603795763,0.0205531933118384,"BCL2L13",FALSE,0.0206847401990751
-1.06794192189249,1.27640691147739,10.8909089955223,0.00619762005767818,0.0206709010590124,"CD6",FALSE,0.0208030893968422
0.210052439981587,4.66106411712557,10.5087521552531,0.00621673797521365,0.0207259456129074,"EI24",FALSE,0.0208583738367688
0.218928053321583,5.73860035686851,10.4861938163834,0.0062590925350543,0.0208583798309838,"NOSIP",FALSE,0.02099154150326
-0.18617645599283,5.24874014028026,10.4815634022436,0.00626782771188866,0.0208787134873333,"PPP2R5E",FALSE,0.0210118922188336
-0.376474799930177,4.16782800020691,10.4660436338562,0.00629720862433845,0.0209677740334965,"FURIN",FALSE,0.0211014077169453
0.839050703151887,1.56706399825549,10.4584218589724,0.00631169604404554,0.0210071898560844,"NQO1",FALSE,0.0211409614944689
-0.144326716858211,6.37304679436891,10.4483103280839,0.00633097563165098,0.0210625156557822,"SENP6",FALSE,0.0211965261479585
0.296692279881126,3.7041700462749,10.4372156723586,0.00635220831254708,0.0211242900595106,"LRRC8D",FALSE,0.0212585799006992
-0.340592706281632,3.60531588379407,10.4355674719679,0.00635536963388972,0.0211259414916049,"RRM1",FALSE,0.0212601282275088
-1.0510745476992,3.86151752113103,12.4981449586533,0.00642569437471403,0.0213507564973734,"IL23A",FALSE,0.0214862564872653
-0.163980573247,7.68653869898061,10.3969068054526,0.00643004813021047,0.0213562721308373,"GUK1",FALSE,0.0214916924776403
-0.146334803403627,5.8729489198124,10.3843069773009,0.00645460585420171,0.0214288589665457,"RBM5",FALSE,0.0215646246477528
0.177033066398862,6.23538084090233,10.362081310359,0.00649819034766355,0.0215645261935021,"NDUFS2",FALSE,0.0217010358452283
-0.239764368576212,5.73700754104853,10.3491458352962,0.00652371380489531,0.0216401686381632,"FAM210A",FALSE,0.0217770412521039
0.483860505010049,2.79849027687018,10.3453718731141,0.00653118223029814,0.0216547376353488,"CEP162",FALSE,0.0217914707833208
0.27005517728061,4.6958690679162,10.3441670057608,0.00653356867100835,0.0216547376353488,"RNF141",FALSE,0.0217914707833208
-0.137176909115943,6.8721911783337,10.3409358563488,0.00653997349255058,0.0216643949306606,"UBE2V1",FALSE,0.0218006114772707
0.173073358114221,5.80266699906639,10.3397124005143,0.00654240054007438,0.0216643949306606,"DICER1",FALSE,0.0218006114772707
-0.222415236266306,4.72003118393951,10.3366436079535,0.00654849289496683,0.0216643949306606,"F11R",FALSE,0.0218006114772707
-0.624358764962372,1.30844902511486,10.3358785075766,0.00655001284304229,0.0216643949306606,"TPPP3",FALSE,0.0218006114772707
0.178612713438015,5.85236564286714,10.335811670044,0.00655014564187606,0.0216643949306606,"MDH1",FALSE,0.0218006114772707
-0.657657904159675,1.10930760918089,10.3288511634287,0.00656399250533985,0.0217011395255773,"PAM",FALSE,0.0218374716879507
-0.146959894405595,8.84647011061777,10.3140543114215,0.00659354146776391,0.0217897443753365,"SFPQ",FALSE,0.0219265173841469
0.304294430322028,4.02021375753645,10.3123069514418,0.00659704107293896,0.0217922256776084,"ABHD3",FALSE,0.0219288985538452
-0.776154424694324,0.854805094595126,10.2925721432864,0.00663671571451073,0.021897982836329,"NRXN3",FALSE,0.0220347391060047
-0.532378515196465,3.11224514485727,10.2912900769307,0.00663930271991595,0.021897982836329,"SYNE2",FALSE,0.0220347391060047
0.156869461939146,6.89377405866708,10.291019674984,0.00663984849717346,0.021897982836329,"NDUFB7",FALSE,0.0220347391060047
-0.190902148291239,6.16828031968848,10.2899882146165,0.00664193086664683,0.021897982836329,"MRPL33",FALSE,0.0220347391060047
0.497636427549946,2.42363347331705,10.2895246950589,0.00664286689220121,0.021897982836329,"DIPK1A",FALSE,0.0220347391060047
-0.541485190475032,2.4237398087314,10.2872558783989,0.00664745071855164,0.0219039855763414,"HIST1H3D",FALSE,0.0220406636198442
-0.304184792135752,6.5775912178451,10.9503137870185,0.0066650605774817,0.0219528875190174,"KLF3",FALSE,0.0220896682701085
0.15406177125154,7.53984214510653,10.2752390142494,0.00667179033583589,0.0219531463905524,"LAPTM4A",FALSE,0.0220896682701085
0.259738229370401,3.95085033265872,10.2744598277432,0.00667337210621167,0.0219531463905524,"SRGAP3",FALSE,0.0220896682701085
-0.161542688659083,6.49862058404496,10.2744232516121,0.00667344636746106,0.0219531463905524,"ASH1L",FALSE,0.0220896682701085
0.141684788645607,6.73118838718375,10.2693997159242,0.00668365485936662,0.0219704462626185,"CLTC",FALSE,0.0221067292826013
0.199649928143283,5.28390415212703,10.2681764284856,0.00668614348203841,0.0219704462626185,"TADA3",FALSE,0.0221067292826013
0.643153523206717,1.01712447692494,10.2677461790105,0.006687019025189,0.0219704462626185,"ITGA9-AS1",FALSE,0.0221067292826013
-0.145037012673897,6.30542308082556,10.2649765240401,0.00669265836213476,0.0219798655737383,"NONO",FALSE,0.0221160916849403
0.567419340722362,1.79779510509209,10.2614862413316,0.00669977283340339,0.0219941196783528,"ZCWPW2",FALSE,0.0221303188182607
0.223449720783442,4.48443242546345,10.2451237620133,0.00673324265628548,0.0220948459350295,"RAB9A",FALSE,0.0222315530788839
0.268955400841893,5.11701895983418,10.2362659871041,0.00675144228629073,0.0221454010946268,"FBXL5",FALSE,0.0222823051241719
-0.156265429836909,5.82257906275484,10.2343022094718,0.00675548488187843,0.0221494971644054,"CDK12",FALSE,0.0222863106781567
0.188951761226072,7.96642145779524,10.2236150497069,0.00677753452058775,0.0222095586358375,"CSTB",FALSE,0.0223496931574677
0.997452912381256,0.951850806832979,10.2208077840726,0.00678334027132217,0.0222095586358375,"GZMA",TRUE,
0.882155320225664,0.836000917832443,10.2197915273925,0.00678544342917485,0.0222095586358375,"STEAP4",FALSE,0.0223553863537984
0.194375151415865,5.02525201440577,10.2195962216355,0.0067858477038507,0.0222095586358375,"COA6",FALSE,0.0223553863537984
0.154934979772277,8.20125324251976,10.2178768362289,0.00678940796434326,0.0222095586358375,"UQCR11",FALSE,0.0223553863537984
-0.221192873433529,6.71385265132448,10.217295707812,0.00679061177261229,0.0222095586358375,"BAG1",FALSE,0.0223553863537984
0.360624287745226,3.316045551008,10.2085350920093,0.00680878941619752,0.0222598278315934,"BNIP3",FALSE,0.0224058659234771
0.197500770367049,4.96012979034637,10.2027533874774,0.00682081693556239,0.0222899574052509,"CFAP298",FALSE,0.0224360734105889
-0.149997596542291,6.6534582847751,10.2002687817038,0.00682599315762647,0.0222951232596366,"POLR1D",FALSE,0.0224410338627384
0.405399685639193,5.03148552975017,10.8578115255073,0.00682802210827418,0.0222951232596366,"FAM13A",FALSE,0.0224410338627384
-0.211865509246122,6.91112552029503,10.1852426962851,0.0068573944884392,0.0223818128877505,"PSMB9",FALSE,0.0225281708840384
-0.346119540563138,5.59593239516139,10.8378868898605,0.00687314411253471,0.0224226238743602,"NDRG2",FALSE,0.0225690087072534
-0.368530532964371,5.20508451214799,10.7506746055013,0.00687555482323028,0.0224226238743602,"LILRB3",FALSE,0.0225690087072534
0.15876349581746,6.61619729720244,10.1728024804661,0.00688351867236861,0.0224327084270567,"COMT",FALSE,0.0225789193558357
0.160990663473479,5.63807155055809,10.1724283107814,0.00688430620623475,0.0224327084270567,"PPFIA1",FALSE,0.0225789193558357
1.52267745776753,1.64351892406453,11.1280125299292,0.00689807308269525,0.022468333360562,"HYDIN",FALSE,0.0226146565732306
-0.210904558329432,5.00863712005804,10.1587039545294,0.00691326487097848,0.0225085683355718,"MAP4K3",FALSE,0.0226550335497373
-0.361528108723619,6.41968033494553,11.251682248056,0.00693182808653441,0.0225597426395915,"ACSL3",FALSE,0.0227064206510262
-0.214040330029589,11.8797856086611,10.2112497039958,0.00696286541975727,0.0226514554976757,"HLA-DPB1",FALSE,0.0227986092173099
1.09074443276207,4.07524646788828,12.3627057338503,0.00697212563935416,0.0226722773046759,"NBL1",FALSE,0.0228194456945709
0.143868216013532,7.403302312587,10.1162819826136,0.00700367311281293,0.0227655270350065,"NEDD8",FALSE,0.0229131797270516
0.301907540624624,6.6487457235014,10.7185503214516,0.00703231632807516,0.0228492638725327,"SLC1A5",FALSE,0.0229973383281761
-0.866517808660741,0.387171725274883,10.1009046653102,0.00703678270696103,0.0228544093817235,"AKAP6",FALSE,0.0230023959192693
-0.214243868521618,4.76852231092017,10.0970665779123,0.00704507494556575,0.0228719714039497,"SSRP1",FALSE,0.0230199504028067
0.254845756861019,4.88147543162881,10.0900150102707,0.00706033950068758,0.0229121455429599,"HTATIP2",FALSE,0.0230602630955293
0.293192878367891,3.76367922463868,10.0875371657404,0.00706571240307714,0.022920199644679,"L3MBTL4",FALSE,0.0230682479533534
0.837805060455385,6.84571995561462,12.8744078944042,0.00708055838237519,0.0229589639490677,"SERPINE1",FALSE,0.0231071412329543
0.227592723361482,4.79775678105703,10.0793309477068,0.0070835404635944,0.0229592431706363,"SSH1",FALSE,0.0231073009408682
0.162494557677647,6.08134886575808,10.0771458517791,0.00708829638822197,0.0229652692136591,"PSMB2",FALSE,0.0231132445970251
0.339502168393034,3.74721348655346,10.0624086091931,0.00712046929639462,0.0230588577948129,"NAE1",FALSE,0.0232071930303749
-0.172918789731929,5.98483378299706,10.0612527351488,0.00712299984100615,0.0230588577948129,"IGBP1",FALSE,0.0232071930303749
0.238534426377582,8.02651759883822,10.2556577682955,0.00713360542462085,0.0230821695162797,"GBP2",FALSE,0.0232304116898218
-0.637329933296924,1.71188091798133,10.055311272385,0.00713602390065609,0.0230821695162797,"LATS2-AS1",FALSE,0.0232304116898218
-0.415843175752784,2.18367789428593,10.052419075676,0.00714237376906962,0.0230849024610914,"KATNAL1",FALSE,0.023232919535342
0.193981077883032,4.98240772233149,10.052274003919,0.00714269244917471,0.0230849024610914,"NUDT22",FALSE,0.023232919535342
-0.940857312437168,2.05657499912305,10.6254936728676,0.00716619708917015,0.0231501441162162,"ECE1",FALSE,0.0232983365750832
0.507049921577501,1.76771299262217,10.0404513135237,0.00716871894617945,0.0231501441162162,"AC002451.1",FALSE,0.0232983365750832
0.215427268277961,5.14657211164075,10.0382443016373,0.00717358963895612,0.0231564408215163,"SPTLC1",FALSE,0.0233045522374005
0.23975469228524,6.30569885815415,10.1473314941682,0.00719756308143424,0.0232243712289828,"CREBRF",FALSE,0.0233727955299006
-0.159169381007885,7.03212497333811,9.98721809641337,0.00728727752821637,0.0235042865108622,"HMGN3",FALSE,0.0236543767479557
-0.203468856730582,4.68161942208811,9.9857931550557,0.00729048220235668,0.0235050601465164,"NEK7",FALSE,0.023655032450645
-0.144166340282789,6.21313688435492,9.9824304993708,0.00729805125167734,0.0235198985054057,"SLC15A3",FALSE,0.0236698426351231
-0.160915261306615,5.29170719897438,9.98006574785455,0.00730337956244279,0.0235275063677556,"LNPEP",FALSE,0.02367737621108
-0.351365585189661,4.21333275485494,9.97580174061882,0.00731299872458539,0.0235489252187299,"ALPK3",FALSE,0.0236988087010628
0.598222202328117,4.24619651344632,10.9953869945034,0.00731900418744136,0.023558694761687,"CT70",FALSE,0.0237085176762595
0.794109236525176,1.11513104375893,9.9561713105702,0.00735747292057736,0.0236711026107685,"ECT2",FALSE,0.0238210252363248
0.253739255154062,4.81072581616083,9.95390378359093,0.00736263035245408,0.0236711026107685,"UROS",FALSE,0.0238210252363248
-0.369709359318415,3.6239696589243,9.95314174888603,0.00736436452203156,0.0236711026107685,"ERI1",FALSE,0.0238210252363248
0.246814890232536,6.12025627434648,10.0706316937266,0.00736634615395509,0.0236711026107685,"SDS",FALSE,0.0238210252363248
0.586251356099896,7.5903496731543,12.1675592182953,0.00736885484906367,0.0236711026107685,"NEU1",FALSE,0.0238210252363248
-0.207751475901608,6.59459470491349,9.92895103766002,0.00741966256237128,0.0238246596980476,"SSR1",FALSE,0.023975431364381
-0.33299675005303,3.90987741883758,9.90062041684154,0.00748503744975082,0.0240238867969237,"CDK17",FALSE,0.0241756704417634
0.526028451886093,5.15160300273108,11.2099976720206,0.00748776794591302,0.0240238867969237,"GPX3",FALSE,0.0241756704417634
-0.160663798200693,5.87813164239592,9.87769032270314,0.00753843977787302,0.0241766790287125,"WDR82",FALSE,0.0243293029783219
0.195228964458867,5.14277407069565,9.8742789160121,0.00754642237338638,0.0241883919506575,"HMGXB3",FALSE,0.0243408399460128
0.177233288537454,5.71930035868922,9.87352238768317,0.00754819395634795,0.0241883919506575,"ORMDL2",FALSE,0.0243408399460128
-0.45641295113973,3.35233343617878,9.86884217610849,0.00755916446459085,0.0242137599496066,"ABL1",FALSE,0.0243662429018194
-0.169901752574688,6.2775850769606,9.8600967832676,0.00757971344386364,0.0242697771336635,"ADGRE2",FALSE,0.0244224877344612
0.320618545715281,4.63230886193683,9.84626796083337,0.00761233930277741,0.0243644029036816,"HMG20A",FALSE,0.0245175834126249
-0.186145013358266,5.40047943756306,9.83568409502107,0.00763741952131072,0.0244348111238706,"MB21D2",FALSE,0.0245883085365287
-0.142830127404681,7.07658485657449,9.83018479842182,0.00765048884697835,0.024466750939429,"BOD1L1",FALSE,0.024620323176673
0.181329615751159,5.3567384389761,9.82202931349955,0.00766991851861171,0.0245189975869168,"ZNF428",FALSE,0.0246727717801646
-0.160938119495683,6.58836414347758,9.80787893571521,0.00770376644163318,0.0246035480230177,"BACH1",FALSE,0.0247574738480749
0.187297779973252,5.42263582450892,9.80772432156451,0.00770413723691677,0.0246035480230177,"MCFD2",FALSE,0.0247574738480749
0.38510057878576,2.8975173853608,9.80708223309529,0.00770567731346531,0.0246035480230177,"SMPD1",FALSE,0.0247574738480749
-0.143049331326244,6.48553085725804,9.80270351497557,0.00771618938271054,0.0246271938108411,"C1orf56",FALSE,0.0247811414419053
-0.168249393907022,8.00043440005775,9.8005754060439,0.00772130437976337,0.0246336020614744,"SRGAP1",FALSE,0.0247874636934702
-0.330968240731169,4.66098137173331,9.9077033566356,0.00773800417150873,0.0246769497472732,"PHACTR2",FALSE,0.0248309559524015
-0.213927661036696,7.17743301839953,9.78951125486224,0.00774796098988691,0.0246987674820359,"GTF3A",FALSE,0.0248527836638148
-0.749725720490668,1.12138169092284,9.78067502379214,0.00776932661801797,0.0247569217956778,"CADM2",FALSE,0.0249111742355497
-0.169593571714248,5.93498196789097,9.77440724683556,0.0077845232734824,0.0247895382934087,"CLNS1A",FALSE,0.024943488800017
0.270855541729355,4.5918654623927,9.77256793799144,0.00778898934646662,0.0247895382934087,"SLC25A44",FALSE,0.024943488800017
-0.177498273655495,6.04385284945964,9.77161681491792,0.00779129995872223,0.0247895382934087,"TAOK1",FALSE,0.024943488800017
-0.381434063511498,5.42983846030739,10.6097347486998,0.00779206980665673,0.0247895382934087,"CDC42EP3",FALSE,0.024943488800017
-0.317940525200883,3.79564038172088,9.76120597371996,0.00781664360977101,0.0248577418926051,"PIK3CB",FALSE,0.0250119895847994
1.06888601105109,4.65174472967857,12.0058665403311,0.00783043945956829,0.0248916295250431,"ACP5",FALSE,0.0250459610485095
-0.287433823326561,5.18827681591158,9.85661994853388,0.00786205873922777,0.0249821249236865,"PSIP1",FALSE,0.0251368907255018
-0.217789290090313,4.88729724727425,9.7369287727026,0.00787611530856825,0.0250127129393954,"OAT",FALSE,0.0251674146231218
0.169462066652451,6.79066719899749,9.73616493361104,0.00787799498103812,0.0250127129393954,"METTL7A",FALSE,0.0251674146231218
0.51892021388637,9.91879756165119,11.7059818720239,0.0079264296026725,0.0251564186909478,"PLCG2",FALSE,0.0253118818037511
-0.510829635817523,4.94743474698663,10.9171779195047,0.0079361867245348,0.0251773062633501,"KCNAB2",FALSE,0.0253327710761285
-0.184109826350968,6.94550878560396,9.70741476917281,0.00794912396508588,0.0252082619180803,"WAS",FALSE,0.0253637904402376
0.156913390542782,8.08500931266242,9.70374665660301,0.00795825250142859,0.0252177836191362,"NDUFB2",FALSE,0.0253731162298807
-0.263845930779458,4.15415104171485,9.7036520023089,0.00795848822087271,0.0252177836191362,"PCNT",FALSE,0.0253731162298807
-0.127980106671964,7.63037694028729,9.69582536359533,0.00797800710988217,0.0252695327076092,"CSDE1",FALSE,0.0254250566390177
-0.135804193821637,6.80700340177144,9.69326284127565,0.00798440986131664,0.0252797130113891,"DDX6",FALSE,0.0254351722149019
-0.929844150453106,2.47163607375702,10.139296647787,0.00800115393728515,0.0253226141376434,"CXCL11",FALSE,0.0254782096677172
-0.298327911154507,3.17809383337746,9.68177833617901,0.00801317852983684,0.0253505504327799,"MPHOSPH9",FALSE,0.0255061900840625
0.210470518477238,7.13138148730185,9.67880217636452,0.0080206534161645,0.0253640766985848,"PLD4",FALSE,0.0255196718952116
-1.38501040524922,0.0599039705119232,9.93654299916249,0.00805217978120304,0.0254536209351586,"KRT17",FALSE,0.0256096375923769
0.394252544085971,3.09825056100943,9.66443839461802,0.00805684325716281,0.0254582117747257,"FDXR",FALSE,0.0256141288054595
-0.267943170771794,4.37399370520063,9.65347900123536,0.0080845831345463,0.0255356872871247,"SQLE",FALSE,0.025691950759966
-0.339064595437306,5.28535680631091,10.1273593260857,0.00809368347337451,0.0255542503293163,"LYST",FALSE,0.0257104993561469
-0.302311369325706,3.96592692424616,9.63682446801388,0.0081269507237615,0.0256490705963301,"PPP2R5A",FALSE,0.0258057709801665
0.140339978453022,7.90474999711529,9.62318027645351,0.00816185235403399,0.0257489715331403,"CNPY3",FALSE,0.0259061534428202
0.393948313256689,3.09175636241289,9.60019950955195,0.00822103075303094,0.0259253507597571,"MLH3",FALSE,0.0260834797713966
0.804148952661171,7.45401032092954,12.2114675745082,0.00823102501299535,0.0259465472377842,"SCIN",FALSE,0.0261046759470118
0.3245568117582,4.7975003037159,9.6807009235881,0.00828221422485777,0.0260975335352434,"MRPL15",FALSE,0.0262564521784424
0.270631305929716,5.59669933447142,9.72255514102222,0.00829957994008124,0.026141863235981,"CHD7",FALSE,0.0263009214674014
-0.462914711691442,2.66023629996964,9.56269565504835,0.00831868071361266,0.026191620610612,"CLCN5",FALSE,0.0263508510904063
0.145707004052388,6.34469448606555,9.55887783261397,0.00832869657411033,0.0262057948847221,"ERP44",FALSE,0.0263648507163426
-0.212593195490084,5.09245035925577,9.55846002109413,0.00832979353046162,0.0262057948847221,"LSM6",FALSE,0.0263648507163426
0.38486771501407,3.87483480102708,9.55553396483088,0.00833748053719864,0.0262195738591475,"KCNE3",FALSE,0.0263785830008236
-0.155862493770204,7.74537028327599,9.54768267950242,0.00835814726794515,0.026270608958715,"ATF4",FALSE,0.0264296667682476
-0.176728091712641,6.17071398400906,9.54685237625289,0.00836033632730044,0.026270608958715,"VPS26A",FALSE,0.0264296667682476
0.230357301173366,4.39165166775454,9.53030461490192,0.00840410288160667,0.0263976733935728,"ATG4C",FALSE,0.0265573696354983
0.147922394191343,6.37030218363661,9.52655475920154,0.00841405765532783,0.0264184748876986,"TMED5",FALSE,0.026578166082066
0.241323541910883,4.97722212534288,9.52194081221218,0.00842632512392427,0.0264465184412002,"TM7SF3",FALSE,0.0266062482269641
0.755798810031054,3.66812954066382,10.5080992103015,0.00843368031420931,0.0264591284254259,"PROX1",FALSE,0.0266188034917231
-0.257397951829953,4.28931487107849,9.51053384192774,0.00845674294769178,0.0265209881682359,"PPM1D",FALSE,0.0266809054633223
-0.149215044006027,6.0067842113123,9.48877374383621,0.00851512256523987,0.0266917987859756,"YTHDF3",FALSE,0.0268524825073756
0.563372158909165,2.63458159550378,9.48772691340388,0.00851794285173035,0.0266917987859756,"ADAMTSL2",FALSE,0.0268524825073756
0.551931946154023,1.8678406463879,9.48436462109721,0.00852700860580759,0.0267096500303606,"SDK1",FALSE,0.0268703095186209
0.353891008952969,3.29597891943969,9.480613483382,0.00853713602395934,0.0267308113735978,"MICA",FALSE,0.0268914664521198
-0.479888172565621,3.8474759772331,9.78559626764098,0.0085451976793364,0.0267454904073348,"BX640514.2",FALSE,0.0269061020454885
0.241261332162292,4.16809952998853,9.47023101372946,0.00856523976020437,0.026797640417877,"DHRSX",FALSE,0.0269584334122613
0.24809492939717,4.68833420853607,9.46448772384423,0.00858083208004088,0.0268358330298083,"SLC39A7",FALSE,0.0269967232933555
-1.26313557025714,-0.626317472668072,9.45896598935175,0.00859585397668836,0.0268722122741267,"RNF144A",FALSE,0.0270331886739924
-0.197222337214446,5.91978803634098,9.44673775250173,0.00862922971662051,0.0269659176954542,"UPF2",FALSE,0.0271273231075564
-0.229721777098979,4.39896788626671,9.42850068888996,0.00867928580777454,0.0271116540126227,"TAPT1",FALSE,0.0272737988008168
-0.170642746187103,5.29717007939704,9.42530100134445,0.00868810284845599,0.0271285070431505,"AP1G1",FALSE,0.027290619712973
-0.18333187906184,7.81787523540851,9.42240580062608,0.00869608980813792,0.0271427559050856,"PSME1",FALSE,0.0273048208483502
0.414906883191616,2.35337173863126,9.41714642406821,0.00871062060939991,0.027166585760394,"LINC01374",FALSE,0.0273282620838972
-1.21406339522595,-0.391204860715338,9.41613985609681,0.00871340480503146,0.027166585760394,"FOXD1",FALSE,0.0273282620838972
-0.218682530361013,4.36207383122811,9.41509946960459,0.00871628362937697,0.027166585760394,"WDR41",FALSE,0.0273282620838972
0.129884984860733,7.56165082270017,9.41468487426758,0.00871743115217488,0.027166585760394,"PDIA3",FALSE,0.0273282620838972
-0.266739958639374,4.79058517450812,9.40926160094294,0.00873245792652923,0.0271940820894279,"AGPAT3",FALSE,0.0273556569649463
0.70863374525131,2.07771058060756,9.40902482925142,0.00873311465687229,0.0271940820894279,"C15orf41",FALSE,0.0273556569649463
-0.136567030119656,5.76470709050416,9.40357352236328,0.00874825073809961,0.0272305189837667,"ITGA5",FALSE,0.0273921777880559
-0.226686920033428,6.13192786123497,9.46313527693995,0.00875878731206076,0.0272526160949834,"TREM1",FALSE,0.0274142735178445
0.317134283235874,4.16887490182806,9.38175202181978,0.00880914597113868,0.0273985520828511,"BDH2",FALSE,0.027560942001839
0.677444128859634,5.04147371114884,11.0823940700801,0.00884216304611101,0.0274904582861051,"SPRY1",FALSE,0.0276532594193182
0.580633565942765,5.03282295921549,10.8033484541245,0.00884877988095011,0.0275002457452656,"KCNQ3",FALSE,0.0276629713897321
-0.375353947594694,4.84756447949653,9.8276661820603,0.00887028176516916,0.0275562671764346,"SOCS4",FALSE,0.02771919069655
-0.153376012321135,10.0354778215755,9.35742273523818,0.00887762045379508,0.0275650689088001,"CEBPD",FALSE,0.0277277774671533
-0.12404312238317,6.95536742379283,9.35655684013416,0.00888006886895502,0.0275650689088001,"SH3KBP1",FALSE,0.0277277774671533
-0.295356676522453,6.90689476672484,9.95993399603749,0.00888886218120013,0.0275815653121545,"PPDPF",FALSE,0.0277442378223037
0.166313861729342,5.80838768811639,9.34947648080377,0.00890011881590796,0.0275964240413129,"ATXN1",FALSE,0.0277589175163423
-0.160249554766065,6.38035845928445,9.34930236017953,0.00890061254712879,0.0275964240413129,"ARIH1",FALSE,0.0277589175163423
0.446376023991056,2.61747298668082,9.34621987310295,0.00890935842144908,0.0276127418159688,"ZNF804A",FALSE,0.027775198117996
0.22514182110295,5.07654071914235,9.33665517769903,0.00893655970272546,0.027686223260339,"CNIH4",FALSE,0.0278489783774016
0.271559462811657,5.60112344498489,9.50346646190695,0.00895907002032068,0.0277451199691806,"SEC22B",FALSE,0.027908087631509
0.298511531408158,4.67969021318799,9.3113606102516,0.00900896148116763,0.0278887335504479,"WDR91",FALSE,0.028052410493533
-0.152619016805237,5.74246329150432,9.30817277159519,0.00901813441040077,0.0279062332574775,"BTBD7",FALSE,0.0280698786586872
0.164775554374556,5.22808328069764,9.30144683753605,0.0090375237235422,0.0279553211393845,"TGS1",FALSE,0.0281191200213529
-0.142672713118773,7.17408156028039,9.29789244782605,0.00904778975302176,0.0279761611396086,"LINC01578",FALSE,0.0281399477592994
-0.238546556419206,7.77301527678656,9.52471132739286,0.00906512297940125,0.0280188284525119,"PTGS2",FALSE,0.0281827303992593
0.359542169408776,4.26941780005786,9.32988222247613,0.00908004126735387,0.0280540012344433,"RASA3",FALSE,0.0282179744000843
-0.289427678700271,4.24080555744723,9.26981768728838,0.00912935475141714,0.0281953737706409,"RUBCN",FALSE,0.0283600381434007
0.225413110506032,4.87847746918523,9.25676956015885,0.00916755360534809,0.0283023228127725,"NUDT14",FALSE,0.0284674762723422
-0.163327245181453,6.24709678201428,9.24626433729147,0.00919844291714117,0.0283866311588537,"DOCK10",FALSE,0.0285521407806297
-0.811060137276529,1.17288105242461,9.24437490473607,0.00920401137449282,0.028392763492988,"LINC02427",FALSE,0.0285581731422822
0.357638710201149,3.96156591046253,9.23462180566709,0.00923281763065284,0.0284705477152142,"STX2",FALSE,0.0286362745253083
-0.175332297606179,10.2801659538165,9.23082180838199,0.00924406943956652,0.0284941611651957,"HLA-DQA1",FALSE,0.0286598894312889
0.297175615636968,4.33636803800272,9.22493285097745,0.00926153814245095,0.0285369119290133,"TMEM255B",FALSE,0.0287027527483197
-0.680890867383939,0.5519222475852,9.20955508591681,0.00930733499970662,0.0286668810713574,"BMP8B",FALSE,0.028833340592878
0.387163272282605,4.31429612906909,9.32443008279021,0.0093533261909335,0.028788774674857,"HIVEP3",FALSE,0.028955531077405
0.140111326393835,6.57316601083236,9.19356197272699,0.00935524365326133,0.028788774674857,"RDX",FALSE,0.028955531077405
0.198071349271359,5.35558969221971,9.19270984986511,0.00935780428066428,0.028788774674857,"TMEM134",FALSE,0.028955531077405
-0.15280571197068,7.43049258321031,9.18058419205647,0.00939433019756461,0.0288899339822701,"HNRNPD",FALSE,0.0290571391034213
0.20892401930961,4.9993508431293,9.17824805932948,0.00940138629857317,0.0289004228674246,"MYO5A",FALSE,0.0290675515149762
0.231082072052938,4.55297175311403,9.17095552526764,0.00942345243812264,0.0289570274920296,"AGPAT5",FALSE,0.0291243461386937
0.403064613239576,4.50459708598848,9.49882592454975,0.00943703869408568,0.0289875407852426,"CPED1",FALSE,0.0291548983654929
-0.538771333774093,2.13557000722711,9.16276378596769,0.00944831120636607,0.0290109261208638,"USP13",FALSE,0.0291782813342814
-0.186911534410128,6.02640645075089,9.15296850633113,0.00947813614416465,0.0290912362953687,"ILF3",FALSE,0.0292589171409597
0.376166498320176,3.57327261941304,9.14457289300277,0.00950378638583929,0.0291463254263505,"PVT1",FALSE,0.029313910711024
0.614972689643596,3.00913405248272,9.15989674270563,0.00950586585426375,0.0291463254263505,"CU638689.4",FALSE,0.029313910711024
0.482599720309832,2.28820182382493,9.14348574832904,0.00950711371752554,0.0291463254263505,"DYNC2LI1",FALSE,0.029313910711024
0.137645717379355,7.38968245096361,9.13551277564505,0.0095315573080583,0.0292099676607214,"NDUFB8",FALSE,0.0293777810926774
-0.206754829007374,4.91837202771738,9.13408327802023,0.00953594758348319,0.0292121300007167,"ENC1",FALSE,0.0293798181707785
0.223750871471286,6.16264011402994,9.17096266246135,0.00954023470956095,0.0292139748078019,"GATAD1",FALSE,0.0293815359819864
-0.18356118467078,4.85177984249389,9.12247308224695,0.00957169196767753,0.0292989860694006,"SNHG25",FALSE,0.0294668969602828
0.158610686238273,5.25576549111068,9.11343442861298,0.00959962708423276,0.0293731545827084,"C8orf33",FALSE,0.0295413524099944
0.202905813244507,5.35420867395235,9.10446961556301,0.00962742756513937,0.0294468540649787,"SEC11C",FALSE,0.0296153355557079
-0.214884461025586,4.23787740735023,9.09892612106959,0.009644665098305,0.0294882008867574,"HMBOX1",FALSE,0.0296567805013454
-0.177399009511485,7.35065569230258,9.09005938781683,0.00967231084482474,0.0295613262828722,"CSRNP1",FALSE,0.0297301852655206
-1.09961914322015,-0.209696933522034,9.08129137523147,0.0096997393406871,0.0296337315965192,"ADAMTS5",FALSE,0.0298028652597243
0.179173111955243,6.15534815331252,9.07846762956392,0.00970859193572318,0.0296493516434566,"HLA-F",FALSE,0.0298184355827007
-0.136315944396868,7.32597655719132,9.06767661852913,0.0097425089067973,0.0297414750146665,"EIF3J",FALSE,0.0299109451160363
-0.13616359664466,6.19938741890316,9.06354608431661,0.00975552790052205,0.029764673057455,"FAM120A",FALSE,0.0299339970563976
0.177091228418914,5.33713399457114,9.06288396414633,0.00975761670993007,0.029764673057455,"HINT2",FALSE,0.0299339970563976
0.376492823369723,3.1657322336263,9.06006320010045,0.00976652127776683,0.0297715052768254,"KLHL20",FALSE,0.0299405902246056
0.777648290237049,3.43665179061984,9.90976459805236,0.00976736695572941,0.0297715052768254,"SMARCA1",FALSE,0.0299405902246056
-0.142515086019109,8.24116951534151,9.0572617393681,0.00977537425279537,0.0297823543355593,"CD37",FALSE,0.0299512233128267
-0.213144599644168,5.48125692247073,9.05629245137284,0.00977843949740929,0.0297823543355593,"NOLC1",FALSE,0.0299512233128267
0.207746467478681,5.86082244217835,9.05449710863293,0.00978411998014117,0.0297882116753299,"GALNT2",FALSE,0.0299569752054225
-0.158937755931623,6.04181636314682,9.0505782642483,0.00979653256402013,0.0298145528474286,"PAXX",FALSE,0.0299833269383646
-0.427250183773143,2.64487458752972,9.04491345413791,0.00981450768229122,0.0298577962030717,"LMBR1",FALSE,0.03002667631887
0.331013175899111,7.20219810867637,9.8983804424181,0.00982845893328706,0.0298887696291139,"ZFHX3",FALSE,0.0300576861321566
1.18616903455654,1.76936342715048,9.571337434271,0.00984136821764277,0.0299165518517914,"DKK2",FALSE,0.030085486541944
0.125274268798359,6.62572064547985,9.02681025642105,0.00987220867338041,0.029998800445596,"NARS",FALSE,0.0301680604844418
-0.519882586479041,1.91309812851934,9.01738993625353,0.00990239024601246,0.0300789846246693,"FKBP1B",FALSE,0.0302485577193044
0.303470284372481,3.65783982354786,8.9831557512303,0.0100129787057282,0.030403253611265,"RUFY2",FALSE,0.030574514047956
-0.151819205135076,5.01772719571222,8.97944748578089,0.0100250436111121,0.0304188565137468,"PSPC1",FALSE,0.0305899235143192
-0.54880983044169,5.1002764341652,10.3705663264827,0.0100257911289632,0.0304188565137468,"AC004817.3",FALSE,0.0305899235143192
-0.219587471275366,5.39270704534202,8.9709844751272,0.0100526414718664,0.030488654012608,"ARFGEF1",FALSE,0.0306599727121037
-0.336034372369247,3.63855045739916,8.96949954633372,0.0100574929188179,0.0304917031970893,"CAMK1",FALSE,0.0306628983028048
0.171626405694855,5.51655980337377,8.96620026006471,0.0100682818364137,0.0305127440363485,"PIN4",FALSE,0.0306839165598712
0.193878573383563,5.02668411194642,8.9645227098111,0.0100737727097915,0.0305177187784589,"SDF2",FALSE,0.0306887785799449
0.659631763808726,3.75092819064214,9.74853347363852,0.0100831803262429,0.0305345506594553,"CNRIP1",FALSE,0.0307055642095639
-0.663131464396442,1.38991081110091,8.95998737728451,0.0100886349587498,0.0305394035711983,"ACSM3",FALSE,0.0307103037886518
0.509559891968158,6.00794611530464,10.5485290622984,0.0100961234112867,0.0305504070246875,"P2RX4",FALSE,0.0307212283638922
0.229984561409596,5.29554231601036,8.94119652105803,0.0101504844974492,0.0307031824096824,"FUOM",FALSE,0.0308747169385734
-0.154631420348843,7.92337309354323,8.93138505834175,0.0101829536452389,0.030773879965368,"H2AFY",FALSE,0.0309452450725486
0.175375226432288,5.14246359870018,8.93021233256333,0.0101868426234984,0.030773879965368,"DMAC1",FALSE,0.0309452450725486
1.39535123907803,2.97578069046139,10.4395029064551,0.0101890678178594,0.030773879965368,"LYVE1",FALSE,0.0309452450725486
-0.155314749699992,8.68280092651481,8.92944631346532,0.0101893838179984,0.030773879965368,"EIF3K",FALSE,0.0309452450725486
-0.185586209462677,5.45590913833884,8.91972724032752,0.0102216899479698,0.0308596945573133,"NUTM2B-AS1",FALSE,0.0310313963044725
1.04102505918882,3.5916350379256,10.3547831669045,0.0102441664370064,0.0309157790302955,"ANGPTL4",TRUE,
-0.173668236394183,6.11811692037795,8.90960460563816,0.0102554641134277,0.0309380972188946,"CCAR1",FALSE,0.031121936165479
0.49114194825445,2.98463506781044,8.90470644994373,0.0102718533486031,0.0309757525095951,"MBNL1-AS1",FALSE,0.0311596691106259
-0.250893694641616,5.54018177177894,8.99375534421617,0.0102966658690148,0.0310387707260643,"CARD19",FALSE,0.0312229152101995
0.229390785109164,5.17173921058557,8.8956860990366,0.0103021151503725,0.0310433937332397,"SNX13",FALSE,0.0312274194515717
0.945223742136707,4.19557747578898,10.6582711846138,0.0103259855270009,0.0311035004779874,"NUAK1",FALSE,0.0312877361468126
0.355092107170884,3.83724567555081,8.88640285343704,0.0103333671427193,0.0311139136754572,"ALDH7A1",FALSE,0.0312980647252376
0.598429759067559,3.28294108529038,9.14621439841104,0.0103431905023942,0.0311302768646354,"TGFB2",FALSE,0.0313142323459561
0.143367109145583,5.60587504129252,8.88246569099375,0.0103466548358116,0.0311302768646354,"POLR2K",FALSE,0.0313142323459561
-0.334919699281953,3.59708671691579,8.87974868851638,0.0103558361390778,0.031146080770337,"EHBP1",FALSE,0.0313299835267491
-0.137137735110477,6.31887551754816,8.87637370506885,0.0103672540804667,0.0311685970231096,"TLE4",FALSE,0.0313524866203135
0.209071640645725,5.9817875778359,8.87463351277747,0.0103731470585486,0.0311744919940004,"NXF1",FALSE,0.0313582703481372
-0.60633230239194,1.30830930932603,8.87334171554577,0.0103775241111876,0.0311758284022341,"TUBB3",FALSE,0.0313594687180423
-0.211988800120697,4.71657633045721,8.86637197249629,0.0104011770545489,0.0312350498819937,"NBEAL1",FALSE,0.0314188929584877
0.359287070842764,4.44390250411505,8.98706314740414,0.0104436071510974,0.0313505935228701,"AC098818.2",FALSE,0.0315349701557474
-0.364018189026729,3.15990137000913,8.84890368154079,0.0104607342918812,0.0313786052364582,"TBC1D8",FALSE,0.0315628536653511
0.140106963530135,6.41670263619074,8.84886857197771,0.0104608543945458,0.0313786052364582,"RNF181",FALSE,0.0315628536653511
-0.198156784455864,5.23682871819085,8.84293115773793,0.0104811881481117,0.0314277078813275,"VPS13D",FALSE,0.031612098097559
-0.47968950889269,3.48297793053527,8.83074682092326,0.0105230596401497,0.031541329613273,"MT1M",FALSE,0.0317262395120933
-0.175015834797267,5.73246334343571,8.82179827277304,0.0105539351709102,0.0316219191364234,"MAP4",FALSE,0.0318071542756047
0.931951084430458,0.915383210711582,8.81445601164689,0.0105793471137589,0.0316860838375069,"CHSY3",FALSE,0.0318715474425211
0.160576756972552,5.40687983046269,8.81225830402716,0.0105869673155648,0.0316969323556639,"C5orf24",FALSE,0.0318823121223317
0.171561197471961,7.03447862413995,8.80917846838682,0.010597656891911,0.031716958791646,"SSB",FALSE,0.0319023083662494
0.403731150445221,6.47864136323491,9.94825943376974,0.0106203035971937,0.0317727422334158,"P2RY13",FALSE,0.0319582703356349
-0.76580539177918,0.346983593292535,8.79494472549476,0.010647222985398,0.0318412613459961,"ASAP2",FALSE,0.0320270418781847
-0.628545899538087,1.49310210395226,8.79352286861092,0.0106521890956033,0.0318441007352725,"NEDD4",FALSE,0.0320297502653292
-0.254256363517216,4.36825174544521,8.78900667164884,0.0106679806513086,0.0318792878264509,"DYM",FALSE,0.0320649948763864
0.203587836590352,5.28632783053674,8.78768611857373,0.0106726033018085,0.0318810847689291,"ATP6V1H",FALSE,0.0320666547717953
0.219835478589441,7.6354824512107,8.90315188149841,0.0107139057563194,0.0319924086011677,"HAVCR2",FALSE,0.0321784786688084
-0.183110238785545,5.0170727528519,8.77189056642953,0.0107280771398175,0.0320226639926482,"LYAR",FALSE,0.0322087620836443
0.318008464237821,4.21709716336296,8.76990168915675,0.0107350857864257,0.0320315243186987,"HPF1",FALSE,0.0322175260287472
0.810571738231084,1.20919116340053,8.76315651642732,0.0107588949038715,0.0320904886372812,"LINC01091",FALSE,0.0322766847116145
0.19323537145891,4.47985332769235,8.76048695848025,0.0107683348603398,0.032106565916801,"KLHDC2",FALSE,0.0322927072819783
-0.197262049792447,5.84387948250078,8.75348625836395,0.0107931361446229,0.0321684147949513,"SUPT5H",FALSE,0.0323547665705248
-0.155441177226923,8.28121910217137,8.74710751104869,0.0108157918687635,0.0322238248536478,"ENO1",FALSE,0.0324103493123312
-0.221255579389623,4.72007116163994,8.7348729501347,0.0108594008560381,0.0323415965389445,"CDK11B",FALSE,0.0325286539710526
-0.353788322926949,5.33701991969568,9.36675289380041,0.0108731008336526,0.0323702378555004,"NOTCH2",FALSE,0.0325573121883371
-0.170013027838727,4.92652432408005,8.71571058214703,0.0109281148066258,0.0325218071272256,"EHMT1",FALSE,0.0327096080724155
0.476660018584752,2.75133641498941,8.71323163905191,0.0109370408667625,0.0325361575953819,"KANK1",FALSE,0.0327238921186308
-0.187396136101392,5.96582818144388,8.69943915242082,0.0109868592249169,0.0326721005008031,"SMC1A",FALSE,0.0328604696180316
0.192017897303141,4.70372046658038,8.69233400712178,0.0110126258768564,0.0327364446763094,"PRPSAP1",FALSE,0.032925034784772
-0.195066970119347,5.13631445322911,8.68420677378429,0.0110421852843794,0.0328102886017121,"GSK3B",FALSE,0.0329990038173407
-0.233606597395583,5.51088145080313,8.68322996212142,0.0110457442328418,0.0328102886017121,"HEBP2",FALSE,0.0329990038173407
0.345911472934136,4.06631753769919,8.67818506851052,0.0110641462089875,0.0328526408782219,"CITED4",FALSE,0.0330414495202438
0.224933336613374,4.56877507418572,8.67000014443919,0.0110940777699489,0.0329291832872163,"ZMAT1",FALSE,0.0331182814216208
-0.194710027896035,5.73490317766817,8.65780654846655,0.0111388434542044,0.0330496822249,"PPP2R5C",FALSE,0.0332393214894783
0.434313472867158,5.13555502707836,9.4937286504939,0.0111617110590911,0.0330957361149834,"MT1X",FALSE,0.0332853378729156
0.195714827530412,4.83301198608589,8.65132772398916,0.0111627142244533,0.0330957361149834,"MRPL12",FALSE,0.0332853378729156
0.313597680358208,4.81954658002412,8.76145347803775,0.0111888564517606,0.0331608425979655,"SNX18",FALSE,0.0333506663363487
-0.141773566417995,5.49566823012764,8.64062175207773,0.0112022900809289,0.0331882495372213,"SMAD2",FALSE,0.0333780791443108
-0.23065302887155,5.34858677086135,8.63750122648738,0.0112138561488644,0.0332101051730283,"SLC66A2",FALSE,0.0333999087866743
0.454697698156614,3.95758300022843,8.88487067654682,0.0112233848734688,0.0332259130981557,"HIST2H2BF",FALSE,0.0334156560971986
-0.192453348245421,5.32263536480834,8.6203810951562,0.0112775586130276,0.0333738278029425,"MOB1B",FALSE,0.0335642639793848
-0.140015342214321,6.70385846208398,8.61650885022032,0.0112920251698277,0.0334041699799978,"POLR2A",FALSE,0.0335946277522291
-0.187745576099247,4.92692177119397,8.61254075043445,0.0113068722251606,0.0334345571177678,"TASOR2",FALSE,0.0336244314651019
0.223846933413014,4.97059858195069,8.61147408183978,0.0113108671456895,0.0334345571177678,"HCFC1R1",FALSE,0.0336244314651019
0.235029759373644,8.40722886275085,8.85883363944269,0.0113158069653726,0.0334345571177678,"TXNIP",FALSE,0.0336244314651019
-0.196998665902375,4.36203301656536,8.60829694030256,0.0113227760027122,0.0334345571177678,"TOPBP1",FALSE,0.0336244314651019
-0.158006156717553,5.36760805959826,8.60813492186569,0.0113233836858232,0.0334345571177678,"NSD1",FALSE,0.0336244314651019
-0.240738169824475,4.13510289811951,8.59663908140374,0.0113665981337802,0.0335496612079708,"PHTF2",FALSE,0.0337400377158706
0.659347348953667,2.63214146292263,8.67386054774669,0.0114170206523476,0.0336859470531492,"LAMB2",FALSE,0.0338769448961184
0.236466489103014,4.09876742960932,8.57874672520449,0.0114342400514009,0.033724202056364,"BSCL2",FALSE,0.0339152647307743
-0.624502840447771,1.73544904919123,8.57732375742467,0.0114396396329497,0.0337275801450449,"C1R",FALSE,0.033918509984335
0.566352457493922,3.63452546585442,8.92802788691761,0.0114458106638581,0.0337332293468651,"SDC2",FALSE,0.0339240392813672
0.260040083056773,6.01349048767905,8.83646542130448,0.0114598890423387,0.0337621703187147,"TENT5A",FALSE,0.0339529920554887
-0.777579148496202,4.04750927352414,9.78468534762734,0.011490403662772,0.0338394948879852,"HS3ST3B1",FALSE,0.0340306015245555
0.208325260337951,5.3932245711274,8.55485521382457,0.0115252928394953,0.0339296404127438,"AL450998.2",FALSE,0.0341211037164766
0.456270413047794,5.06787354356603,9.35116043215552,0.0115755387032629,0.0340562285889362,"GLDN",FALSE,0.0342481005817144
-0.195236852665274,5.24841835217427,8.54141532720534,0.0115768839615518,0.0340562285889362,"GLRX3",FALSE,0.0342481005817144
0.330300974921088,6.21914448471992,9.30491165767479,0.0116154398309179,0.0341569758826101,"EPS8",FALSE,0.034349262382872
0.318081086863744,3.61125856707049,8.52362535939831,0.011645587120104,0.0342329309188672,"MTX2",FALSE,0.0344254916818685
0.605287349500403,2.48580083285183,8.51636747414044,0.0116737524772894,0.0342960596838948,"AC114977.2",FALSE,0.0344886686758472
-0.419586232638419,2.68737625804166,8.51586262532044,0.0116757145669566,0.0342960596838948,"NIPAL2",FALSE,0.0344886686758472
0.206915588386828,5.16075380729291,8.51273337368811,0.0116878849301471,0.034308646828595,"XPA",FALSE,0.0345010199869275
-0.174059620142913,4.89821739074566,8.51253555722242,0.011688654778511,0.034308646828595,"EPM2AIP1",FALSE,0.0345010199869275
0.255751922822029,4.50623675918825,8.51120348478921,0.011693840381182,0.0343111645233202,"HADH",FALSE,0.0345033986977349
-0.130881082297874,8.17776170971053,8.50802051562838,0.0117062421469874,0.0343203741375151,"GRB2",FALSE,0.034512048487536
-0.255720523830114,5.01814058376451,8.50676399699282,0.0117111421163984,0.0343203741375151,"NAAA",FALSE,0.034512048487536
-0.169386573704141,5.95980437612185,8.50649064731708,0.0117122083973917,0.0343203741375151,"ALOX5",FALSE,0.034512048487536
0.181699110271803,5.46126726198514,8.50595576020384,0.0117142952088945,0.0343203741375151,"LAMTOR3",FALSE,0.034512048487536
-0.655367940399269,0.827192142398653,8.49671667307534,0.0117504089630878,0.0344102727668157,"KIF21A",FALSE,0.0346021433627934
0.47474550584486,2.67289137722834,8.49588650143471,0.0117536602740334,0.0344102727668157,"AP002784.1",FALSE,0.0346021433627934
-0.159589202727486,6.61752612610301,8.47591318919574,0.0118322007030616,0.0346274223602334,"CAPNS1",FALSE,0.0348203500704965
0.146889449381063,6.74115329677042,8.46399597952238,0.0118793530853231,0.0347525871809746,"SNW1",FALSE,0.0349460581053679
-0.131005515266687,8.53518188289391,8.45745110651216,0.0119053418992774,0.0348157693019075,"HNRNPC",FALSE,0.0350094376567777
-0.203733189633832,5.69039858422241,8.45235125061147,0.0119256385903964,0.0348574692967965,"IDH2",FALSE,0.0350510609700754
0.144651138936611,5.76931583150765,8.45165948191404,0.0119283948287347,0.0348574692967965,"PSMC6",FALSE,0.0350510609700754
-0.294568172051882,2.90520616422157,8.44492386620293,0.0119552705437696,0.0349231337033918,"PCSK5",FALSE,0.0351169356240928
0.158317155486218,6.52846001600948,8.4369356823462,0.0119872354637548,0.0350036105917672,"NRIP1",FALSE,0.0351977044291689
-0.196095682978727,4.63865343501068,8.43060655968699,0.012012632204256,0.0350648557125704,"BRD3",FALSE,0.0352591343163668
-1.24087104197663,-0.513277607788551,8.41833527351538,0.0120620514692057,0.035196151655452,"RNF152",FALSE,0.0353910024113232
0.159996900689508,5.71514112097073,8.4096802840227,0.0120970493197976,0.0352852858746708,"PHF11",FALSE,0.0354804745127943
-0.12221362897144,7.74030369655685,8.40262142809292,0.012125680419518,0.0353557904986902,"SNHG8",FALSE,0.0355512133773586
0.521600537305782,1.95873829115022,8.39607971746565,0.0121522843458329,0.0354203346668247,"CDKN2B-AS1",FALSE,0.0356159583617826
-0.229503756060708,4.89965678395797,8.39169483107684,0.0121701548777766,0.0354515470544788,"CRYBG3",FALSE,0.0356467199821462
0.269079214883893,4.87272777642748,8.39051021706268,0.0121749879962969,0.0354515470544788,"TBC1D2B",FALSE,0.0356467199821462
0.191229104431145,6.64907147652265,8.38924968144955,0.0121801333202567,0.0354515470544788,"SYNGR2",FALSE,0.0356467199821462
0.181961509953958,5.23388354410841,8.38906688246375,0.0121808796892533,0.0354515470544788,"DYNLT3",FALSE,0.0356467199821462
0.29207732575981,4.32113853728148,8.37906553311587,0.0122217964436875,0.0355575787910292,"NUCB2",FALSE,0.0357531794962385
0.115143100290425,8.01733685022525,8.36856560643768,0.0122649250886073,0.0356699655548345,"SH3BGRL",FALSE,0.0358660281544352
-0.129342826099181,8.12352302428759,8.36250295788446,0.0122899081517772,0.0357295166216684,"HNRNPAB",FALSE,0.0359257500629687
-0.385939819078285,4.025594248636,8.44215524519268,0.0123207532223295,0.035795141127456,"ITGB8",FALSE,0.0359914217949461
0.285452619641493,5.05283715209919,8.44124856561318,0.0123215111171579,0.035795141127456,"PIK3R3",FALSE,0.0359914217949461
0.386703629878854,3.37998021154713,8.34706582137055,0.0123537895135051,0.0358757667630286,"SYT17",FALSE,0.0360723327603383
0.427067745615322,4.34353648283703,8.71162097633285,0.0123894238548229,0.0359660755477978,"MCF2L",FALSE,0.0361629792991088
0.112852599316186,7.91334306812398,8.33373835555503,0.0124092516011688,0.0360104490095412,"NUCKS1",FALSE,0.0362074385607437
-0.282673512727704,4.20569380941347,8.32595614053799,0.0124417711464365,0.0360916068967979,"ARHGAP31",FALSE,0.0362888830402172
0.151260010208237,7.9115993634518,8.32172282657157,0.0124595025297877,0.0361298229905476,"ACSL1",FALSE,0.0363271506031339
-0.245431196091776,6.32577100787079,8.58632452306677,0.0124765510085456,0.0361537112558637,"HBP1",FALSE,0.0363508546398367
0.163986452184052,6.08187031255946,8.31758532908267,0.0124768609984918,0.0361537112558637,"MLF2",FALSE,0.0363508546398367
-0.777104974555536,4.52741719169657,9.9014797159196,0.0124865978870487,0.0361687059000812,"SMIM25",FALSE,0.0363657738093049
0.55111684533269,1.73914348967859,8.30999490439197,0.0125087790998185,0.0362145114924496,"ALS2",FALSE,0.0364115144488083
-0.190117309627139,5.08751526164402,8.30933766299978,0.0125115472979086,0.0362145114924496,"LRRC75A",FALSE,0.0364115144488083
-0.190551857702492,5.2268068993544,8.30545804266253,0.0125279021817474,0.0362486162397421,"KAT6B",FALSE,0.0364456474844187
0.240063291327166,4.12875786056266,8.30292969724095,0.0125385740339291,0.0362662586431924,"EIF2B3",FALSE,0.0364632285859335
0.561958416294929,10.1367772950346,9.96555970086303,0.0125727642874502,0.0363518874073323,"JUN",FALSE,0.0365491649655102
0.285882219382459,6.1914486573814,8.77400205385,0.0125789355349679,0.0363564713529805,"PXDC1",FALSE,0.0365536164310133
0.253768488566921,4.06017871493361,8.29008776639655,0.0125929419051844,0.0363836892945707,"ZFYVE21",FALSE,0.0365808246051042
-0.153876018399641,7.56875888095871,8.28361111163081,0.0126204656362308,0.0364499277100321,"ITGAX",FALSE,0.0366472643871089
-0.192255159154763,4.91290158039092,8.27991192405499,0.0126362174165517,0.0364739733764031,"SLC25A32",FALSE,0.0366711253178378
-0.199327597035212,5.47729201807604,8.27949538580779,0.0126379925409913,0.0364739733764031,"SNRNP200",FALSE,0.0366711253178378
-0.220669796298389,4.33136235076087,8.27737807114176,0.01264702020211,0.0364867453283582,"MED14",FALSE,0.0366838089662087
-0.437946039002261,3.29451848382972,8.26169235643726,0.0127141340862088,0.0366670262042428,"SPARCL1",FALSE,0.036864905532261
0.361556046005457,5.65062115428978,8.97715053586728,0.0127670652624853,0.0368062885094484,"ARHGAP22",FALSE,0.0370047609042895
-0.148088014097908,9.50839452511403,8.24668551279881,0.0127787315213219,0.0368265298077208,"PFDN5",FALSE,0.0370249528962758
-0.159075806528575,6.0439867002938,8.23246250025022,0.0128403077030373,0.0369905375979941,"LCOR",FALSE,0.0371896853251941
-0.182418913025379,5.82207301130376,8.21418768083116,0.0129199330721812,0.0372064037036879,"SIRT1",FALSE,0.0374065537459183
-0.369508899331278,4.691862975811,8.54647858361489,0.0129732337592112,0.0373463316060373,"GCH1",FALSE,0.0375470740466812
0.244957148649832,4.85646841485961,8.2005784183668,0.012979603527701,0.0373511059047599,"CGAS",FALSE,0.0375517137683542
0.167819581535344,6.23364749192451,8.19515896069706,0.0130034546443501,0.0374061641583483,"UGP2",FALSE,0.0376069073745193
0.750289318470518,2.3680127838745,8.32713745385124,0.0130411755538995,0.0375010663008035,"ITPKC",FALSE,0.0377021581701358
-0.157652778528106,7.34336189300714,8.17758225543318,0.0130811617357995,0.0376024112550464,"IRS2",FALSE,0.0378038856033118
0.167441672833167,5.66431555383955,8.1747219497687,0.0130938582934299,0.0376252658754304,"RNF114",FALSE,0.0378267017365753
-0.135255322819302,6.836859485347,8.15814316372253,0.0131677326843476,0.0378238350440245,"IFRD1",FALSE,0.0380261723193879
0.167222592673669,4.82317090789653,8.15409425529743,0.0131858480886227,0.0378621527151759,"UNC50",FALSE,0.0380645332510698
-0.725603319489356,0.718494126051912,8.14355177588566,0.0132331529350445,0.0379842275412863,"TMTC2",FALSE,0.0381870984696998
0.713183519766306,1.38776727923741,8.14146606157979,0.0132425350716927,0.0379974006689757,"SLIT2",FALSE,0.0382001798955677
0.208358811284815,4.93223256842721,8.13682617159281,0.0132634344022848,0.0380435991104609,"RMDN1",FALSE,0.0382464627456807
0.236184183347865,4.07494041205465,8.12872302450435,0.0133000253320509,0.0381347561781193,"RIPOR1",FALSE,0.0383379434928274
0.17295826783702,5.31234966301559,8.12729405284644,0.0133064902408162,0.0381394991428746,"ITGAM",FALSE,0.0383425494210499
-0.514901418073251,2.45612862658062,8.1247115390843,0.0133181832500703,0.0381592182170426,"ARHGEF26",FALSE,0.0383622112044071
-0.48321070605064,3.72463703890818,8.39427082255255,0.0133465195331777,0.03822659207335,"SYNE3",FALSE,0.0384297810242595
-0.222693524401067,5.64337131491523,8.09676078547061,0.0135047737665507,0.0386658889206261,"POLE4",FALSE,0.0388712487149748
-0.264926880502638,3.54346001488779,8.0778337801752,0.0135325279904406,0.0387313653098242,"MCM7",FALSE,0.0389369085130354
-0.15780315800891,5.39884643847995,8.06628881577132,0.0135859310379838,0.0388701772894751,"PPP4R3B",FALSE,0.0390762923392611
0.266825918007943,3.5577021370353,8.06362556752078,0.0135982851143725,0.0388914878740063,"ARHGEF11",FALSE,0.0390975511427105
-0.685144696517049,7.04291125868204,9.90050291128203,0.0136148722978387,0.0389248855309285,"THBD",FALSE,0.0391309609494246
0.218837946309382,4.63106057309083,8.04726324294487,0.013674473090925,0.0390811905785342,"PHYH",FALSE,0.0392879281583908
0.270931677650327,4.35875435054491,8.04081465694122,0.0137046361254771,0.0391519231066748,"SCYL1",FALSE,0.0393587039298774
-2.30177383544791,-0.226986044585908,10.1405043389501,0.0137090992109144,0.0391519231066748,"CCL19",FALSE,0.0393587039298774
-0.17843028621135,4.9771338486399,8.03697718269191,0.0137226225404273,0.0391712610869843,"TLK1",FALSE,0.0393778134342817
-0.148625905891275,6.36890759325406,8.03631005916248,0.0137257521820941,0.0391712610869843,"ZSWIM6",FALSE,0.0393778134342817
0.236366122352404,4.80943545563356,8.032609707486,0.0137431265442655,0.0392067316455332,"CNP",FALSE,0.039413305757453
-0.682921079159164,-0.043859487685596,8.01828263427079,0.0138106387902289,0.0393781239298421,"AP000331.1",FALSE,0.0395852694507003
-0.190452337560022,4.82928655849891,8.01775370964852,0.0138131385783162,0.0393781239298421,"NCOA1",FALSE,0.0395852694507003
0.507108025357554,6.09419670937449,9.38863076079351,0.0138236588484648,0.0393939494430729,"CX3CR1",FALSE,0.0396010125120747
0.221169073752912,4.24317803648924,8.01340847227156,0.013833694866787,0.0394023908434695,"SYNJ2BP",FALSE,0.0396091671711716
0.4351566988798,3.06649178962308,8.0128032060984,0.0138365610630952,0.0394023908434695,"SPAG16",FALSE,0.0396091671711716
-0.385561926777694,2.42602057403683,8.01015767824079,0.013849096897102,0.0394239282586084,"PKIG",FALSE,0.039630652145067
-0.17463449553513,7.17688841242466,8.00456973079616,0.0138756188793358,0.0394852499911608,"SHTN1",FALSE,0.0396921298225879
0.119142358004078,7.13225375535317,7.99924863644405,0.0139009292890356,0.0395430812355487,"AP2M1",FALSE,0.0397500983444728
0.213972948813567,5.28245584689488,7.99271303498185,0.0139320902455041,0.0396175076995539,"RIOK1",FALSE,0.0398247485319597
0.192786705575921,5.94676580106607,7.98211677079575,0.0139827849645014,0.0397474073856462,"MTRNR2L8",FALSE,0.0399551613893152
0.746609584019403,3.51440278232726,8.65791332771492,0.0139908620841877,0.0397561127610896,"SYNDIG1",FALSE,0.0399637460113237
0.219803587791896,4.61961638602249,7.97502308662509,0.0140168426575536,0.0398156677137531,"DTNBP1",FALSE,0.0400234456166029
-0.156167997669521,6.29773252719084,7.97386858905446,0.0140223946848773,0.0398171723000385,"CCDC85B",FALSE,0.0400247917853129
-0.158189345610502,4.91128638725922,7.96957030874374,0.014043087823717,0.0398616542307299,"ERCC5",FALSE,0.0400693393246081
0.498522135021148,6.23956260035701,9.28531699924365,0.0140991905460735,0.0400065793304476,"F13A1",FALSE,0.0402148526871713
0.205177739135176,5.73591701408876,7.95269564526893,0.0141246718327591,0.0400476216375364,"SNRPC",FALSE,0.0402556084160542
0.27107646021592,4.04696938173708,7.95257544001306,0.0141252549663944,0.0400476216375364,"AL118558.3",FALSE,0.0402556084160542
-0.557700339084547,3.9027159740225,8.38975678137473,0.0141288089959875,0.0400476216375364,"CDH19",FALSE,0.0402556084160542
0.177238598482534,5.41632278015509,7.95038074993446,0.0141359066660083,0.0400534196026138,"PSMC2",FALSE,0.0402612699619715
-0.174009601570598,4.98527158965073,7.94790081555338,0.0141479540279539,0.0400732331309819,"PTPN11",FALSE,0.0402810198164874
-0.18226174568359,6.54071260210205,7.94118548838642,0.0141806367312282,0.0401512654461554,"ATG3",FALSE,0.0403589570145681
-0.279439750349219,4.18707242230443,7.93925278607387,0.0141900592535457,0.0401512654461554,"GAB1",FALSE,0.0403589570145681
0.136614384932833,6.16465429013059,7.93912202953286,0.0141906969954752,0.0401512654461554,"BTF3L4",FALSE,0.0403589570145681
-0.229976825610201,3.70504859313607,7.92662016217426,0.0142518271085373,0.0403098413544358,"JADE1",FALSE,0.0405181862003091
-0.904381702392471,3.37520671168223,9.05202475228458,0.0143006248453908,0.0404334357254844,"CD300E",FALSE,0.0406422519956669
0.198649972697765,4.28762293607906,7.90881152520389,0.0143394360268358,0.0405287161571316,"PDK3",FALSE,0.0407378568407545
-0.216013035080741,7.96873534356298,8.07311484087733,0.014345005199141,0.0405300075619352,"SERPINA1",FALSE,0.0407389873680004
-0.14104240515104,6.01811026350608,7.90336307290775,0.0143663646801108,0.0405758956836189,"TMOD3",FALSE,0.040784944486455
0.326452908707585,4.54617156261275,8.01944384879628,0.0143782184125341,0.0405949129539067,"ARMCX1",FALSE,0.0408038921664061
0.266962853051118,7.05435024536976,8.3311962758224,0.0143974395555637,0.0406347101447166,"PTMS",FALSE,0.0408437266181962
0.257642101687558,4.8038718809721,7.88816526511533,0.0144417908018737,0.0407272918951044,"NOC3L",FALSE,0.040936113823908
-0.232159142145582,3.72581560072017,7.88643990487353,0.014450382816389,0.0407272918951044,"WDR7",FALSE,0.040936113823908
0.839809725800335,1.00439925644135,7.88642045601534,0.0144504797024832,0.0407272918951044,"MAMDC2",FALSE,0.040936113823908
-0.195444656977126,5.6270301377252,7.88635794070118,0.0144507911328114,0.0407272918951044,"DNMT1",FALSE,0.040936113823908
0.125744958708152,7.64343043395641,7.88322441765072,0.0144664113152215,0.0407568261929908,"ATP6V1G1",FALSE,0.0409656320421694
-0.13325335146987,6.14061754122549,7.87526610907353,0.0145061708739953,0.0408441943790438,"DCXR",FALSE,0.0410531124546108
-0.132208973947813,5.62025594870941,7.87495535914131,0.0145077259550186,0.0408441943790438,"AP3B1",FALSE,0.0410531124546108
0.309862069588997,5.74941196156017,8.37634371974279,0.0145170550238462,0.0408559503830503,"KLF7",FALSE,0.0410647610333431
-0.152549622884383,8.10773860529477,7.87186578956747,0.014523197607176,0.040858733367527,"YBX3",FALSE,0.0410673907930123
-0.404771099444592,3.06559985704117,7.86161300849989,0.0145746783998711,0.0409890210550472,"LMO7",FALSE,0.0411981759720791
-0.224764811129899,4.25740666455588,7.83800060802969,0.0146940505482427,0.0413100825342086,"RNF138",FALSE,0.0415207066782842
-0.150686656649742,7.6503809197247,7.83389742509614,0.0147149100943351,0.041354061406554,"MYCBP2",FALSE,0.0415647406680431
0.443632252552155,3.2528224487241,7.82931168011389,0.0147382636975227,0.0414050158022536,"FRRS1",FALSE,0.0416157854512844
-0.598734500436567,2.64146356610873,7.92801003025257,0.0147655652870705,0.0414670214650708,"OCIAD2",FALSE,0.0416779374172487
0.41814553398073,2.77388579516865,7.81612794413528,0.0148056447668221,0.0415648554218716,"SLC22A23",FALSE,0.0417760993814557
-0.459773850477769,2.0794179940935,7.81242683046614,0.0148246253491283,0.0416034087673944,"SIPA1L3",FALSE,0.041814679019131
0.127853794239739,7.89325154579928,7.80100738992509,0.0148833670818008,0.0417534799095955,"FAM49B",FALSE,0.0419653421153997
0.154532483995601,5.00321373692304,7.79125952488668,0.0149337248395731,0.0418714814114564,"SHISA5",FALSE,0.0420836015024949
0.217029912781094,5.85281386532598,7.83558851972646,0.014935992612462,0.0418714814114564,"PSENEN",FALSE,0.0420836015024949
0.186244950567307,6.14249845124235,7.78621245255852,0.0149598761512446,0.0419236119219042,"CACUL1",FALSE,0.042135825641582
0.184912876347834,6.69540530292127,7.7838968476135,0.0149718922687327,0.0419424600376371,"FNDC3A",FALSE,0.042154598746632
-0.620454407041847,0.701392134239965,7.77566707314482,0.0150146892445231,0.0420474942884419,"AL050403.2",FALSE,0.0422599935220982
-0.385413486379436,3.90563250109342,7.84869905454209,0.0150308336339289,0.0420778421785974,"NCR3LG1",FALSE,0.0422903240600327
-0.243181453467659,3.73564650229279,7.76791149636379,0.0150551507760309,0.0421199920670497,"RALGAPA2",FALSE,0.0423323453698811
0.282811333975333,3.82289321107513,7.76765026903753,0.0150565158322425,0.0421199920670497,"MIR99AHG",FALSE,0.0423323453698811
0.387473265675309,2.8495975290766,7.76246511398062,0.0150836409784944,0.0421809896569679,"FPGT",FALSE,0.042393479710517
-0.281008934328809,4.41794219431542,7.75484055626849,0.0151236308862938,0.0422779074987791,"NSMCE3",FALSE,0.0424907147368841
0.238935462653091,4.24529495435677,7.75087670174986,0.015144469637771,0.0423212390864463,"PML",FALSE,0.0425340933356006
-0.324608416210636,3.49768358719931,7.748116015345,0.0151590028679343,0.0423469255591907,"MMP9",FALSE,0.0425597379164599
0.277130687742302,7.51398788594073,8.24289673602631,0.0151669126446675,0.0423540977269898,"IFI6",FALSE,0.0425667751388282
-0.207608261851829,4.65843404638042,7.74364248173803,0.0151825876502517,0.0423829418630969,"USP38",FALSE,0.0425955931298727
0.372282884623015,4.65884206312141,8.00004553730606,0.0151974465331468,0.0424008455746593,"RMRP",FALSE,0.0426132449251639
-0.150897686221329,5.79747327085328,7.74040213873447,0.0151996976694225,0.0424008455746593,"METTL26",FALSE,0.0426132449251639
0.667667168119197,2.1897166351497,7.75059515701634,0.0152090291087597,0.0424119531390246,"PDE9A",FALSE,0.0426242373955208
-0.236386434496013,5.52918499991412,7.80289479305886,0.015220161232908,0.0424280725226776,"ETHE1",FALSE,0.0426402667826634
0.171177220121498,4.63444319152705,7.73270202489737,0.0152404468822906,0.042469688183761,"CYHR1",FALSE,0.0426819198502259
0.359014313949218,4.08080479969241,7.77644762508424,0.0152472117931636,0.0424736103640903,"RASSF8-AS1",FALSE,0.0426856910115646
-0.122727208167084,6.00052606247619,7.7179386371086,0.0153189317073542,0.0426584090537072,"GRPEL1",FALSE,0.0428712412044535
-0.146494021543242,6.69606267245197,7.70582057004158,0.015383705662917,0.0428237424492998,"APEX1",FALSE,0.0430372277032883
-0.188766723457207,5.49796321557407,7.69993601937501,0.0154152750889919,0.0428965605144007,"UBA2",FALSE,0.0431102368303436
-0.179531312619059,5.96754686244488,7.69677926773082,0.0154322415362233,0.0429287055786591,"FCHSD2",FALSE,0.0431423700576179
-0.184335676557641,4.66884019628038,7.68278669936997,0.0155077092650375,0.0431235072091257,"SLC44A1",FALSE,0.0433379686378026
-0.166844603150815,4.9780916070299,7.67796255165358,0.0155338275430898,0.0431809904493744,"SSBP4",FALSE,0.0433955650299508
-0.272601457534735,3.5326363814111,7.66607740292799,0.0155983936298859,0.0433452732904787,"FARP2",FALSE,0.0435604909664096
0.140228664357297,6.84661557556641,7.66413467394544,0.0156089772248883,0.0433594854376013,"RTF2",FALSE,0.0435746004881892
-0.281549503525251,3.86219097684378,7.66289159364809,0.0156157536663525,0.0433631156101026,"IQSEC1",FALSE,0.0435780755875045
0.525966874731346,5.42524724086532,8.85044191856112,0.0156584009402381,0.0434528614997708,"ADRB2",FALSE,0.043667919851744
0.221296502796945,4.49459706947395,7.65496690252572,0.0156590344733659,0.0434528614997708,"ZYG11B",FALSE,0.043667919851744
0.209136750063464,5.27164627905496,7.65138980567417,0.0156786166259211,0.0434919778202597,"MRPS12",FALSE,0.0437070565389265
0.213350895475492,4.62594921893821,7.64731698925833,0.0157009472633353,0.0435380121242919,"VAV1",FALSE,0.0437529720371155
0.289534432249219,3.57849484707265,7.64636083396471,0.0157061950902466,0.0435380121242919,"IFT43",FALSE,0.0437529720371155
0.198756764863752,5.73573381448089,7.64492672641131,0.015714069975785,0.0435446161370231,"RNF19A",FALSE,0.0437594355847416
0.442351275323383,5.17855294090125,8.45112839580202,0.0157351601239494,0.0435878230128131,"FPR3",TRUE,
0.151632896329809,6.22626784594898,7.63846214298168,0.0157496250897529,0.0436126537588406,"OTULINL",FALSE,0.0438429492781177
0.133507627600438,5.65184065700029,7.63640146649543,0.0157609784837466,0.0436288538474663,"ARHGAP4",FALSE,0.043859056338734
-0.200620611791131,5.08631602530816,7.63192522077502,0.0157856734549145,0.0436819613090968,"NAB1",FALSE,0.0439122653523364
0.165181473818684,6.31296095570074,7.62924665134889,0.01580047240661,0.0436950278363746,"PKN2",FALSE,0.0439250437150946
0.59308917189618,1.94370167084416,7.62907553472822,0.0158014183661561,0.0436950278363746,"AL160272.1",FALSE,0.0439250437150946
-0.480253252458246,2.36122976963017,7.62530643452535,0.015822271294782,0.0437374361314615,"RAP1GAP2",FALSE,0.0439674967408439
0.150328096968251,5.66916557527024,7.62318825587502,0.0158340044116226,0.0437546137941247,"SYNRG",FALSE,0.0439845863028077
0.259997084738981,3.90410846476582,7.62111424236757,0.0158455027152398,0.0437626189524086,"MAP1LC3A",FALSE,0.0439922769361984
-0.27483738360943,4.28214934217095,7.62067459786987,0.0158479413486838,0.0437626189524086,"ATP2B4",FALSE,0.0439922769361984
0.174955884774032,8.46889197659007,7.61649363446456,0.0158711543198661,0.0437967963621297,"VAMP8",FALSE,0.0440262773269942
0.202243006637755,4.56538961702419,7.61645539786241,0.0158713667947021,0.0437967963621297,"CNTLN",FALSE,0.0440262773269942
0.145302078496099,5.81225959693173,7.6143339041013,0.0158831608021826,0.0438140914543157,"IMMT",FALSE,0.0440434849699382
-0.169503142290861,5.0810757512856,7.60182351070836,0.0159529178784082,0.0439912114573982,"RP2",FALSE,0.0442213536404291
0.364970642240322,2.70590358197366,7.594259057754,0.015995269992143,0.0440926635944748,"RAP2C-AS1",FALSE,0.0443231575793536
0.140369086488405,7.00611483917869,7.58971617477521,0.0160207678335698,0.0441476007593123,"ATP6AP1",FALSE,0.0443782028807535
0.488997515620994,2.5664342550045,7.58554547303052,0.0160442184625513,0.0441883222412733,"AC090630.1",FALSE,0.0444187790223407
-0.118399073492407,7.71607782719315,7.58510584347106,0.0160466927008862,0.0441883222412733,"RBM3",FALSE,0.0444187790223407
0.216507996539806,6.55123975878621,7.70591601290809,0.0160603663259753,0.0442106195251153,"UGCG",FALSE,0.0444410136691371
0.815328733226115,1.54825195222401,7.58867090961868,0.0160915725810078,0.0442811480118811,"LINC02232",FALSE,0.0445117306155825
0.878231161727429,1.00801989246539,7.5757070348157,0.0160996958279932,0.0442881292589626,"SLC47A1",FALSE,0.0445185692288279
0.28427789464037,3.55723604899354,7.56329415357067,0.016170009456079,0.0444530472487208,"NLN",FALSE,0.0446838071155629
-0.625427548950143,4.60127330489075,8.57430153127551,0.0161753785056306,0.0444530472487208,"CLU",FALSE,0.0446838071155629
0.16375218624172,7.45916550212424,7.56215707839379,0.0161764683794853,0.0444530472487208,"SRGAP2",FALSE,0.0446838071155629
0.204585697660012,5.19383259756629,7.5573756128323,0.0162036614578566,0.044512345127473,"RAB30-DT",FALSE,0.044743233426216
0.259265998645266,4.47021928144164,7.55465148911572,0.0162191778838341,0.0445280152878103,"GASK1B",FALSE,0.044758626341766
-0.152206945121982,5.62294628775689,7.55440216032004,0.0162205989090812,0.0445280152878103,"USP7",FALSE,0.044758626341766
0.158204375328117,5.55770189141614,7.55197419723527,0.0162344444409291,0.0445505972750731,"POLR2F",FALSE,0.04478114611542
0.622519991674546,5.41059847320278,8.86690622857344,0.0162646540002704,0.0446180542955514,"ADGRG1",FALSE,0.0448487729135912
-0.185599364012103,5.1135947309477,7.54381852686099,0.0162810533800046,0.0446345742352196,"TMEM243",FALSE,0.0448650198977785
0.181010085699526,5.2761993912329,7.54366434625031,0.016281936010123,0.0446345742352196,"EMC6",FALSE,0.0448650198977785
-0.190600340081672,4.24787283110207,7.54188400412365,0.0162921318892921,0.0446470866292112,"RBM38",FALSE,0.0448774178405046
0.204516134006577,4.68991115276247,7.53597893480041,0.0163260030915054,0.0447244479991204,"BABAM2",FALSE,0.0449549990754559
0.318743714925305,3.81387073268907,7.52868099173406,0.0163679772584349,0.0448203928309823,"CETN2",FALSE,0.04505107962918
-0.390270896750658,2.32359080480865,7.52792488448334,0.0163723332036484,0.0448203928309823,"MCM4",FALSE,0.04505107962918
-0.158251031452279,8.29683391925495,7.52393546319176,0.0163953387127014,0.0448638902961868,"FGL2",FALSE,0.0450940840464751
0.413051216626513,2.98877912175513,7.52290560098239,0.0164012836648754,0.0448638902961868,"ARL15",FALSE,0.0450940840464751
0.289526805895667,3.79931430122206,7.52171620144192,0.0164081526856006,0.0448638902961868,"ZNF302",FALSE,0.0450940840464751
0.827254479687042,4.84997286107903,8.89398078577473,0.0164108579539533,0.0448638902961868,"IL6",FALSE,0.0450940840464751
0.287086390177021,3.4907083037642,7.51212216760606,0.0164636829841576,0.0449927882448815,"NDUFAF6",FALSE,0.0452234639292864
-0.613024042233265,0.756201672532065,7.4891150523848,0.0165977435135418,0.0453435253533285,"UST",FALSE,0.0455758185429356
-0.139322529871016,5.54863208823113,7.4868565533611,0.0166109720827214,0.0453640326117173,"SETD2",FALSE,0.0455962501977977
-0.186892304460494,4.64874762044691,7.48486357691977,0.0166226556355741,0.0453803078095151,"MGA",FALSE,0.0456124281076465
0.469099844948025,2.18737771863119,7.48333747317089,0.016631608690045,0.0453891200325911,"GTF2IRD1",FALSE,0.0456211048956041
-0.400484684713118,2.28616221426443,7.47460606168201,0.0166829407311072,0.0455135423662139,"IGF1R",FALSE,0.0457459822762486
-0.133961053264672,7.65248764436408,7.4677501632769,0.0167233761403743,0.0456081616927716,"EIF3G",FALSE,0.0458409037000238
-0.130521255050889,7.63123713690131,7.46162081450041,0.0167596232313278,0.0456912974477189,"NOP53",FALSE,0.0459242823709218
0.403213153018927,2.13082611875407,7.45992332507474,0.0167696778597964,0.0457029928059353,"TMEM117",FALSE,0.0459358561124742
0.181809598462301,5.31582250553993,7.45303961674665,0.0168105238569944,0.0457896654911315,"NGRN",FALSE,0.046022607593411
-0.128844134780405,7.28061867791724,7.45261759020481,0.0168130318169379,0.0457896654911315,"SSR2",FALSE,0.046022607593411
0.175807666185709,6.23968002950739,7.44776651847655,0.0168418914436742,0.045848266334145,"AOAH",FALSE,0.0460811437780076
0.158738268328324,5.05639338075512,7.44705738348791,0.016846115014047,0.045848266334145,"PARP9",FALSE,0.0460811437780076
0.142323432864149,8.660872615691,7.44127170991276,0.0168806203731385,0.045926409855265,"RTN4",FALSE,0.0461595027072493
-0.820511315171878,0.356009637273943,7.43907140233676,0.0168937644871045,0.0459289068787838,"PLS3",FALSE,0.0461607453067166
-0.109428470008417,6.51832161554807,7.43678308849467,0.0169074469943874,0.0459289068787838,"COPB1",FALSE,0.0461607453067166
0.194674977584513,6.26580725394258,7.44696073504371,0.0169132808206267,0.0459289068787838,"GPATCH2L",FALSE,0.0461607453067166
-0.180847261582494,4.66824739830974,7.43505092731645,0.0169178126952645,0.0459289068787838,"MCMBP",FALSE,0.0461607453067166
0.457953772304302,2.08697397664824,7.43477957448077,0.0169194372123349,0.0459289068787838,"KLHDC1",FALSE,0.0461607453067166
-0.150749676907002,7.5364512966967,7.4346086439962,0.0169204606209704,0.0459289068787838,"GMFG",FALSE,0.0461607453067166
-0.296702501305105,3.70612308600754,7.43433637134829,0.0169220909425993,0.0459289068787838,"TMEM88",FALSE,0.0461607453067166
0.507810507837612,3.64479080794152,7.6758243993396,0.0169518194757804,0.0459938483244309,"LINC01684",FALSE,0.0462258337937688
-0.131567113303366,6.65164788433267,7.42802999052216,0.0169599037810569,0.0460000400876563,"CHKA",FALSE,0.0462318761201268
-0.181356976228116,4.9155545925903,7.42696115587341,0.0169663222387883,0.0460017109128295,"CHIC2",FALSE,0.0462333748174244
-0.978378951316985,-0.396656342929494,7.42381179071822,0.0169852509678254,0.0460372887770665,"CNTNAP2",FALSE,0.0462689512878728
-0.985435369131666,2.57615044755501,8.25518728022202,0.0170304302306081,0.0461439681709711,"LDLR",FALSE,0.0463759866424926
-0.111289902171666,6.31114812037831,7.41223701596365,0.0170550311533741,0.0461948366873762,"TRIP12",FALSE,0.0464269300021705
0.145005258819597,5.88889746246676,7.40843007308923,0.0170780548911051,0.0462413999920359,"SDF4",FALSE,0.0464735462632559
0.207385644785498,6.3203301521181,7.46321872558392,0.0171474550191526,0.0464134596762861,"CSGALNACT1",FALSE,0.0466462882047253
0.150611238237689,6.56671926174123,7.39526609850175,0.0171579482667678,0.0464164386375435,"SCAND1",FALSE,0.0466487382177706
-0.135612319336894,7.21321352902931,7.39455079251923,0.0171623019988642,0.0464164386375435,"RSL1D1",FALSE,0.0466487382177706
0.244198858516269,3.59234241312172,7.39392370622477,0.0171661198392126,0.0464164386375435,"DAPK3",FALSE,0.0466487382177706
0.234359276933085,4.15996173252718,7.38941126732152,0.0171936218014111,0.0464749518041553,"BTBD10",FALSE,0.046707362948799
-0.1175177503976,6.34332645475396,7.38771119478312,0.0172039965616756,0.046487145446818,"C16orf72",FALSE,0.04671943637121
0.249788333017416,7.79516557977981,7.76444924979723,0.0172259857378079,0.0465256892300296,"KLF10",FALSE,0.0467578104315977
0.49319535545776,4.13331706998525,7.79161922782736,0.0172299979287799,0.0465256892300296,"TMEM163",FALSE,0.0467578104315977
-0.147936050311049,7.47410731782617,7.37886894442185,0.0172580746594877,0.0465856370106975,"SLC25A37",FALSE,0.0468178760907176
-0.116301818764354,7.55924242578261,7.36647423111725,0.0173342133531428,0.0467752360325786,"RAP1B",FALSE,0.0470082384840133
0.213204846290698,4.8637799576425,7.36296528311203,0.0173558393720575,0.0468176572105042,"CAPN1",FALSE,0.0470506891166789
0.169559705890429,7.13953769918035,7.36067450538412,0.0173699746607591,0.0468398500375844,"GSTO1",FALSE,0.0470728105873616
-0.478505602170057,4.11953951358866,7.86356498260101,0.0173894633456893,0.046876458825102,"AC002456.1",FALSE,0.0471094196139411
0.142882370873179,5.43223263366166,7.35406388711377,0.0174108409746149,0.0469181329866578,"MIR29B2CHG",FALSE,0.0471511190092872
-0.280742227952293,7.92377991841118,7.91502845299626,0.0174185534489553,0.046922966953217,"ANXA2",FALSE,0.0471557952133574
0.336225822374643,2.94166937861581,7.35046155701193,0.0174331575049714,0.0469463562158332,"LRSAM1",FALSE,0.0471791187990946
0.205524821789758,5.6282782779955,7.34783215375566,0.0174494677987791,0.0469743228212974,"SRFBP1",FALSE,0.0472070423484828
0.361204359749558,2.68112407751153,7.34396784984116,0.0174734705516272,0.047022971667787,"KIF26B",FALSE,0.0472557504310742
0.138264863741664,5.57752568822372,7.33603085528626,0.0175228913524165,0.0471399669636776,"GTF2H5",FALSE,0.0473731427846043
0.20459130739654,5.7377211791913,7.32359587929137,0.017600647760546,0.0473330852936258,"EIF4EBP1",FALSE,0.0475670336389645
0.237348909679385,5.3917173146962,7.37335670641634,0.0176156297178125,0.0473573117676559,"AK6",FALSE,0.0475911971594398
-0.138108056360168,5.5321725475083,7.31711700774886,0.0176413198955684,0.0474102997057851,"HUWE1",FALSE,0.0476442640168967
-0.117607708769592,6.40833399273998,7.31584109803186,0.0176493425387707,0.0474117179394649,"PNPLA8",FALSE,0.0476453240656493
-0.120972077575419,6.29083230742458,7.31513117984564,0.0176538081934032,0.0474117179394649,"ITSN2",FALSE,0.0476453240656493
0.193991038808219,5.37206530974246,7.31398651872769,0.017661011322949,0.0474150009374669,"IFI35",FALSE,0.0476484408226686
-0.156804629434755,5.59506611141917,7.304183209162,0.0177228423001829,0.0475648929437542,"CTBP2",FALSE,0.0477988879290794
-0.139969318129053,5.56913687992036,7.29846169837528,0.0177590454687119,0.0476459263877998,"AFTPH",FALSE,0.0478801369618456
0.409990695732734,4.96623778183859,7.84181646277921,0.017774664711983,0.047671698862179,"IFIT1",FALSE,0.0479058530964769
0.406423241626227,2.46262258213336,7.29190626379042,0.0178006314654702,0.0477251965702563,"KCTD3",FALSE,0.0479594304668175
0.122476917142459,8.16535047862077,7.29014631873883,0.0178118154478403,0.0477390374815679,"HSP90B1",FALSE,0.0479731562728498
-0.252250578800855,3.53218284323396,7.28064295256025,0.0178723486842062,0.04788508968178,"LONRF1",FALSE,0.0481197412625348
0.209025527020883,4.58530299612541,7.27600223895666,0.0179019956854711,0.0479375524201083,"WDFY3",FALSE,0.0481720941175575
-0.281901412193499,4.56753356406209,7.30141180517204,0.0179040227946444,0.0479375524201083,"ERC1",FALSE,0.0481720941175575
0.186665158549378,4.61471453054026,7.27079843497069,0.0179353082501445,0.0480051059443436,"ALDH3B1",FALSE,0.048239794603837
0.278422234208095,4.88121074917192,7.34772561264905,0.0179944433765192,0.0481471303034237,"ZRSR2",FALSE,0.0483823293243066
-0.216778357715756,4.0658531700141,7.25769623392218,0.0180195039090269,0.0481979173383148,"KDM6A",FALSE,0.0484331804146414
-0.39246664765022,3.36941386473798,7.25050306655947,0.0180659238114162,0.0482942762777915,"ANK3",FALSE,0.0485296412624878
0.365799071889628,3.14814921059236,7.25022635003332,0.0180677123410608,0.0482942762777915,"CEACAM21",FALSE,0.0485296412624878
-0.803839592548364,0.738276097496037,7.23068585509176,0.018194534540611,0.0486019987994938,"ATP10A",FALSE,0.0488384932079464
0.179528004438287,5.47651614623574,7.23059948075062,0.0181950974314957,0.0486019987994938,"PFKL",FALSE,0.0488384932079464
0.145311738095942,6.66918861103064,7.22894836695839,0.0182058614444931,0.0486143716847225,"LAMTOR2",FALSE,0.0488507413009933
0.549053002394655,8.30155666863759,8.52303198440065,0.0182524566372592,0.0487223825657208,"ABL2",FALSE,0.0489590920627606
-0.136415119548971,6.00899508121268,7.21976495986575,0.0182658661214782,0.0487373008736754,"NOP58",FALSE,0.0489737125483779
-0.528190897746283,3.60642692098972,7.45336904512739,0.0182703403376089,0.0487373008736754,"NRXN1",FALSE,0.0489737125483779
0.27452299091151,7.04098937437386,7.69795338046541,0.0183009726231932,0.0488025936618484,"PELI1",FALSE,0.0490391368454135
-0.185272531054404,4.96098105906469,7.20542935761971,0.0183599974760781,0.0489435305952748,"NMI",FALSE,0.0491805712739012
0.131986704018287,7.54785459042015,7.18350187990833,0.0185050768299484,0.0493120905608205,"VPS28",FALSE,0.0495505425797826
0.79206230708714,6.60278925196479,8.79640736438842,0.0185106939340315,0.0493120905608205,"LPL",FALSE,0.0495505425797826
0.401167542575039,5.30213418699033,7.81554239381326,0.0185613509278058,0.0494304300153322,"AC106028.4",FALSE,0.0496692671906433
0.182519154821832,5.19460140189949,7.168631923809,0.0186042229472943,0.0495279649181159,"SNRNP27",FALSE,0.0497670860369387
0.170433356857392,5.50489092086422,7.16698236340945,0.0186152596326186,0.0495407111001679,"SLC25A39",FALSE,0.049779706512481
0.451030097152176,2.0225511017759,7.16562453360605,0.0186243501768104,0.0495482712086419,"DPY19L3",FALSE,0.049787115946017
0.173309333590541,4.96009730327263,7.1535486280366,0.0187054256572517,0.0497438017470815,"OGA",FALSE,0.0499832136407894
0.726020480942743,0.926757565264717,7.15281035198892,0.0187103956621843,0.0497438017470815,"MRVI1",FALSE,0.0499832136407894
0.206758980337272,4.99082462204313,7.14917962679116,0.0187348598083598,0.0497921450086077,"TTL",FALSE,0.0500316018882233
-0.246929428182781,7.97904507737306,7.51177449317419,0.0187773034565642,0.049888224465027,"SAMSN1",FALSE,0.0501279554831625
0.165336415830581,6.16840080095253,7.13265991226141,0.0188466437139667,0.0500556754989373,"NIFK",FALSE,0.0502960227569883
0.369052959982404,5.27309412459445,7.7096275865959,0.0188610764738037,0.0500772318433744,"PEAK1",FALSE,0.0503174942298089
0.193320914152562,4.72334860608806,7.12200002544792,0.0189191893456795,0.0502147081126707,"BTN3A2",FALSE,0.0504554413220255
-0.221336310398545,5.27296606794792,7.11930345549887,0.0189375924339291,0.0502467311968508,"ICOSLG",FALSE,0.0504874291690334
-0.621681759161173,4.79069975374451,8.24688017343404,0.0189521767824199,0.0502686040585565,"LILRB2",FALSE,0.0505092180960434
-0.770005537252647,0.221560651532301,7.11330751496782,0.0189785874621264,0.0502971861219066,"MET",FALSE,0.0505373712750251
0.216354442246346,3.78952972953219,7.11326642138967,0.0189788687815953,0.0502971861219066,"IFT74",FALSE,0.0505373712750251
0.117210358319802,7.96432835899702,7.11281119922311,0.0189819854789032,0.0502971861219066,"CD53",FALSE,0.0505373712750251
0.463003663490484,4.73802355409133,7.77312944779755,0.0190078149077621,0.050333660211258,"FAM20B",FALSE,0.0505736427740753
0.141150394919576,5.59406424694617,7.10894956486868,0.0190084483693878,0.050333660211258,"MGMT",FALSE,0.0505736427740753
-0.137641508320192,5.155924610101,7.1027194905459,0.0190512325009195,0.0504301072678764,"ZBTB11",FALSE,0.0506703611216218
0.452869942461799,7.6913450949893,8.25453259445064,0.0190796238603291,0.0504837520875121,"CITED2",FALSE,0.0507236960144833
-0.201864073224638,9.3517210410768,7.21832601737737,0.0190890155898329,0.0504837520875121,"DUSP2",FALSE,0.0507236960144833
0.233137896190685,4.22512602005371,7.09700113090852,0.0190906015083705,0.0504837520875121,"ENOX2",FALSE,0.0507236960144833
0.282258113139079,4.14962459005143,7.0939949067232,0.0191113364598104,0.0505217323952574,"MYL6B",FALSE,0.0507616684525915
-0.152695137956102,5.38771895637777,7.09238411635208,0.0191224574496148,0.0505342808868488,"USP10",FALSE,0.0507740882332544
0.122254567818083,6.19291720234451,7.090657505072,0.0191343864661458,0.0505489556493183,"FGFR1OP2",FALSE,0.0507886444003695
0.218458109588592,5.47981587392096,7.0957966632738,0.0191697530858571,0.0506255171434627,"RABGAP1L",FALSE,0.0508653805356625
-0.57066249639147,1.30250712096973,7.08222361193396,0.0191927805889722,0.0506694520510727,"HSPA12A",FALSE,0.0509093351784252
-0.104351167473341,7.99554602398902,7.08113071000526,0.0192003627836362,0.0506725952558815,"ITGB1",FALSE,0.0509123049510219
0.195460236556195,4.01266274878381,7.07896766728967,0.0192153795787167,0.0506953508486075,"CSNK1G1",FALSE,0.0509349799196264
0.134114342253029,5.91950642692509,7.06512041945908,0.019311838881582,0.0509328871101737,"AP2B1",FALSE,0.0511734499526079
0.238735003304889,3.79912382818382,7.05915388269572,0.0193535757576725,0.0510259888948544,"CBR4",FALSE,0.0512668022256031
-0.125515127863436,6.45619986358449,7.05569787718209,0.0193777992472975,0.051072869824659,"NCOR2",FALSE,0.0513137151160368
0.687332003120643,0.942038282014842,7.05421788038113,0.0193881835209792,0.0510832565484624,"AL139317.5",FALSE,0.0513239616190438
-0.170335172927455,5.64038140877167,7.04866204223585,0.0194272236303824,0.0511691126052067,"URI1",FALSE,0.0514100328384793
-1.92516214198601,1.10901550925205,7.98463372518796,0.0194470491258313,0.0512043193190271,"TPSB2",FALSE,0.0514452159211884
-0.219006888139954,5.93118321357588,7.14285839178648,0.0194762538422391,0.0512641900601832,"FBP1",FALSE,0.0515051788416113
0.146663344108711,6.25452560024243,7.03543438410506,0.0195205426652839,0.0513637113343413,"PSMD7",FALSE,0.0516049782272168
0.167813126413908,9.0989659332265,7.02805892254948,0.0195728026967829,0.0514841339681802,"MS4A6A",FALSE,0.0517257764660369
-0.233128125059252,4.48085662991186,7.0247234375535,0.0195964904700012,0.0515293454216151,"TNRC18",FALSE,0.0517710100344297
0.151933127709397,4.99905220661505,7.01899016346507,0.0196372850279016,0.0516194945958899,"ATXN7L3B",FALSE,0.0518613917029195
0.127632171579156,6.42703754438909,7.00882163905413,0.0197098824270767,0.0517931547503693,"LSM3",FALSE,0.0520356748527179
0.168585401214185,5.85740857407125,7.00770780558768,0.019717853590315,0.0517969328243928,"CMTM7",FALSE,0.0520392799278063
-0.141844870800932,6.89034892469479,6.99945899751445,0.0197770036433584,0.0519351059571199,"ARL8B",FALSE,0.0521779084736695
0.172093824931875,6.1837599560803,6.99021603609865,0.0198435289283273,0.0520925487893307,"ATP2A2",FALSE,0.0523358958477946
0.143155430580534,7.63833121295543,6.98563690282465,0.0198765835952995,0.0521620505605874,"PYCARD",FALSE,0.0524055306438319
0.131823363269924,5.66460364099683,6.97381526079269,0.0199622164344971,0.0523694413940083,"RPAIN",FALSE,0.0526136972468947
0.154418464848849,4.79540197466745,6.97022804337136,0.019988286468895,0.0524204879673832,"TOLLIP",FALSE,0.0526647895658711
-0.272746766476828,3.98067373650501,6.9684115444221,0.0200015030100388,0.0524378028649429,"CMC4",FALSE,0.0526819928830108
0.243777041705527,3.68480686772214,6.95935936336415,0.0200675175643442,0.0525934807438417,"CLYBL",FALSE,0.052838202998631
-0.342140465213647,2.69396638515764,6.95700683034189,0.0200847154589361,0.0526174210925507,"CLEC16A",FALSE,0.0528618695207542
-0.100477334078123,7.27842694692082,6.95629452943505,0.0200899260402562,0.0526174210925507,"ATRX",FALSE,0.0528618695207542
0.253683046132997,3.89349568489347,6.94711808083627,0.0201571944871864,0.0527761683931354,"SMARCAD1",FALSE,0.0530211613255608
0.568905075903318,1.96729779605383,6.94403116890197,0.0201798823884761,0.0528181272947634,"KANK2",FALSE,0.0530631219814467
0.107920738040873,6.67916012870115,6.93954823269418,0.0202128838103344,0.0528870438443337,"TM6SF1",FALSE,0.0531321650509891
-0.23209128500994,3.73744268050725,6.93715786143836,0.0202305064559112,0.0529156896016047,"SBNO2",FALSE,0.0531607504535251
0.751016342565911,1.26810902955793,6.93392274188626,0.0202543854763898,0.0529606754804809,"LINC02642",FALSE,0.0532057515115034
0.226743396573667,5.08701166256131,6.92697007372567,0.0203058159496263,0.053077648812607,"ZMYND8",FALSE,0.0533230726837186
-0.166427985590908,5.1236643040543,6.92116602274118,0.0203488667307416,0.0531726484645088,"DESI2",FALSE,0.0534183179289512
0.178931889708494,6.77419414698712,6.91827707867018,0.020370334841297,0.0532112074536418,"POU2F2",FALSE,0.0534568613856556
0.456447401144138,6.7297091967759,7.97300431144261,0.0203841931650551,0.0532298693717249,"CH25H",FALSE,0.0534754158355991
-0.31051353567717,3.79140167025908,6.91161932385552,0.0204199103189737,0.0533055808392569,"CTNNAL1",FALSE,0.0535512827872419
-0.55689455379039,0.638480629016357,6.90601362177513,0.0204617612775601,0.0533972493115525,"AL390957.1",FALSE,0.0536431798151809
0.262082289107294,7.14105214086229,7.32310702288073,0.0204976993026054,0.0534734320733977,"ADAM17",FALSE,0.0537195193299818
-0.11325273567872,7.73750215776605,6.89894876314364,0.0205146488313775,0.0535000447155134,"EIF1AX",FALSE,0.0537460603570308
0.377138970971548,4.46311288079018,7.17071739354517,0.0205221819441516,0.0535020909086596,"SLC45A4",FALSE,0.0537479219933598
0.18645003151733,5.24860714682358,6.8940313124162,0.0205515551825139,0.0535610550581756,"YIF1A",FALSE,0.0538069630202208
-0.691616462351868,0.92341168152602,6.8918307525535,0.0205680959061433,0.0535865475990484,"AC018682.1",FALSE,0.0538323785875738
0.578953631418454,2.59379924842841,6.8900101240665,0.0205817925996577,0.0536044651201558,"NDN",FALSE,0.0538497968421622
0.231736440916778,4.24046838974159,6.88858950540965,0.0205924873998861,0.0536044651201558,"ARL13B",FALSE,0.0538497968421622
-0.123890507050011,6.9355649783089,6.88822169804487,0.0205952574112001,0.0536044651201558,"ATP5F1A",FALSE,0.0538497968421622
0.122155626159079,8.16355748867976,6.88620488090128,0.0206104540999993,0.0536264128995059,"SAP18",FALSE,0.0538716514266073
1.09439543316205,11.1404824680046,8.47529537136946,0.0206174488169107,0.0536270125395237,"SPP1",FALSE,0.0538720602917488
-0.139508962748916,6.27280686018337,6.88164729441449,0.0206448437428583,0.0536806563441721,"WIPF1",FALSE,0.053925755638673
-0.167794519095831,8.68186783282956,6.86903419635618,0.020740367073107,0.0539113541493746,"IFITM3",FALSE,0.0541573124964989
0.190529818574145,4.17043537096086,6.86601882377334,0.0207632799740101,0.05395322308553,"COQ4",FALSE,0.0541991781428932
0.133905641449948,6.28028544743673,6.86332623729252,0.0207837651283767,0.0539887581709601,"PPP1R18",FALSE,0.0542346809146576
-0.484630938594312,2.78876301618342,6.86144367309868,0.0207981016779852,0.0540083033419806,"CHL1",FALSE,0.054254120867274
-0.382573147087443,2.93285652504706,6.85987661170918,0.0208100443513656,0.054021621354822,"SEPTIN1",FALSE,0.0542673053293804
-0.190331330485235,5.06903378927443,6.85840519869786,0.0208212653793015,0.0540330579139451,"RNF5",FALSE,0.054278599820694
-0.235367919276419,3.72484479971889,6.85358399543819,0.0208580815598808,0.054088988885624,"AKT3",FALSE,0.0543342028871585
0.58117082527469,8.48727430405386,8.14875165658133,0.0208603642805446,0.054088988885624,"EPB41L2",FALSE,0.0543342028871585
-0.170241858172896,4.89484671040041,6.85290331488443,0.0208632855716748,0.054088988885624,"USP1",FALSE,0.0543342028871585
0.135507958268922,6.16831641507006,6.84093593922384,0.0209550281913974,0.0543048030342018,"OSTF1",FALSE,0.0545506064828139
-0.205201561247728,4.60777422299417,6.84025932515005,0.0209602292235945,0.0543048030342018,"CKAP2",FALSE,0.0545506064828139
-0.184210524080393,4.65144661796783,6.8366787455737,0.0209877777418713,0.0543584129165487,"SYT11",FALSE,0.0546042645477087
0.192327329728817,3.96376342777172,6.83376041957081,0.0210102622747593,0.0543988763273325,"DTYMK",FALSE,0.0546447164742668
0.177564359079242,5.30760208600314,6.83164440745779,0.0210265829106755,0.0544233592281538,"UTP18",FALSE,0.0546691155677562
-0.219965218332904,7.05697012359656,7.00351715249066,0.02104165029766,0.0544445834072612,"VAMP5",FALSE,0.054690241189365
0.393584242128027,4.22009492004228,7.08584223925873,0.0210544701755345,0.0544599802778589,"ZDHHC21",FALSE,0.0547055132067483
-0.384526189049568,2.65187636250501,6.82677073513505,0.0210642295703104,0.0544674533703264,"ANKRD36B",FALSE,0.0547128257681851
0.854959603808788,0.508445267823983,6.81924391048143,0.0211225254120268,0.0546003852189595,"RBFOX2",FALSE,0.0548461618971481
0.173407813487913,4.44842383067017,6.81721577437416,0.0211382657251654,0.0546232629299579,"STX18",FALSE,0.0548689480668378
0.215472546288744,4.15662054574817,6.80702082043956,0.0212175965090718,0.0548103959348065,"CKAP5",FALSE,0.0550567277004175
0.186656226755273,4.78582383650955,6.79872857800199,0.0212823783327287,0.0549598356423039,"PHAX",FALSE,0.0552066435644506
0.134889580089503,7.02284547410485,6.79546377972216,0.0213079474716816,0.0550079477549632,"DYNC1I2",FALSE,0.0552547762284094
0.854937564687117,4.53633237807782,7.9513776383518,0.0213344125158587,0.055058340633375,"RND3",FALSE,0.0553051996709231
-1.00712086730077,-0.149199172829063,6.78973817497825,0.0213528758452971,0.0550880571758919,"GJA1",FALSE,0.0553348539175167
0.142919313598088,5.11963837760148,6.78548617468495,0.0213863126320403,0.0551563716808118,"VPS4A",FALSE,0.0554032788277585
-0.108862165144391,7.23027576119857,6.78120159465513,0.0214200675553997,0.0552224920523664,"USP15",FALSE,0.0554693038109978
0.186121543640516,5.37626586864791,6.78046446359262,0.0214258811242532,0.0552224920523664,"AGPAT2",FALSE,0.0554693038109978
0.298784713654077,3.01169445208491,6.77022430469691,0.0215068338310437,0.0554131227209991,"RFX2",FALSE,0.0556605903156906
0.103067056564854,7.22076690397235,6.76314328427575,0.021563021404293,0.0555398420055993,"PARP14",FALSE,0.0557876790223383
-0.133926110645538,5.59135301829872,6.76168428579498,0.0215746198055429,0.0555516680150517,"OLA1",FALSE,0.0557993614012039
-0.187089676545693,5.21498222556309,6.75110203197635,0.0216589627805917,0.0557507327677048,"RBM33",FALSE,0.0559991167658356
0.203365106904074,4.87767353127703,6.74417166676913,0.0217144083120535,0.0558753096715223,"GSK3A",FALSE,0.056124051404973
-0.107545804243187,8.51922624422965,6.73755379245708,0.0217675087720322,0.0559937733759479,"UBE2D3",FALSE,0.056242844901958
0.138473352052432,5.25849448050057,6.73427235584379,0.0217938946471928,0.056043463108318,"RAB11B",FALSE,0.0562925580428147
-0.428956533818596,2.40072337077678,6.7286889717476,0.0218388763831016,0.0561409247617476,"UCK2",FALSE,0.0563902550462388
-0.528251547142012,2.85276115022451,6.81744780879919,0.0218511930276643,0.0561543787109635,"TLE1",FALSE,0.056403570993427
0.455753886342758,2.68236630708866,6.72484750357982,0.0218698876708517,0.0561842091557072,"SHLD1",FALSE,0.0564333360861349
-0.147843063910292,6.3698348044304,6.72270549432391,0.0218872019803546,0.0561986436009478,"AIDA",FALSE,0.0564474393651773
0.161062741368947,5.47697439604586,6.72239864969275,0.0218896835822057,0.0561986436009478,"PSMD3",FALSE,0.0564474393651773
0.126298217988934,6.87471725945189,6.71674150466125,0.0219354946751429,0.056298025828596,"SLIRP",FALSE,0.0565470638255157
0.155684276783769,5.09336589680408,6.71552764507983,0.0219453390141583,0.056305063981957,"TMEM126A",FALSE,0.0565539354771145
0.14253455565851,5.4054986274483,6.71094106020222,0.0219825826565046,0.0563744698764309,"RAB18",FALSE,0.0566232527793756
-0.117103841090908,7.25412019299815,6.71044537380465,0.0219866121162871,0.0563744698764309,"CAPZA1",FALSE,0.0566232527793756
0.847923258323766,0.327757393105607,6.70575975280527,0.022024744472513,0.0564539845386626,"GASK1A",FALSE,0.0567029205733522
0.159628839094477,6.48901488776101,6.69906796394442,0.022079337546412,0.0565756263955897,"MPHOSPH8",FALSE,0.0568249007483286
0.317172901946874,4.35691159852995,6.77261515817576,0.0220892803516055,0.0565828157116409,"LTBP3",FALSE,0.0568319237785592
0.356502798090403,4.18968317484958,6.81880183759934,0.0221101942571821,0.0566180943381588,"AC083862.3",FALSE,0.0568671597643097
-0.291184675019337,3.93279984633139,6.69010503112124,0.0221527072563534,0.0567086416300839,"METTL15",FALSE,0.056957907234188
0.399948179069416,4.47076931230833,7.07006528895172,0.0221684367160309,0.05673058950442,"ADGRG6",FALSE,0.0569797534906661
-0.457334115698954,1.70994547523638,6.68685448240699,0.0221793863703895,0.0567402953031455,"PGAP1",FALSE,0.0569893039223511
0.282353839977017,3.90451964961946,6.68257349480148,0.0222145802456369,0.0568119974798094,"PARP12",FALSE,0.0570611226524706
0.184632793435224,5.66977619504574,6.67895902624664,0.0222443455504847,0.0568697747578983,"PRKACB",FALSE,0.0571189550999734
0.74106858920442,1.45909735369082,6.6772461748644,0.0222584672452074,0.056887533307545,"DACT1",FALSE,0.0571365933391151
0.378719282849056,2.9447982045415,6.67554329911638,0.0222725170910181,0.0569050968409899,"TTC7B",FALSE,0.0571540357143456
-0.117232917966384,7.7226168296324,6.6641864319078,0.0223664844587909,0.0571267682955199,"TAOK3",FALSE,0.057376478204609
0.256602889874579,4.55051330948076,6.65374903842421,0.0224532532136924,0.0573198733557485,"ZNF358",FALSE,0.0575700290120521
-0.16812301206982,5.12970134969415,6.65335342614389,0.0224565497783747,0.0573198733557485,"ROCK2",FALSE,0.0575700290120521
-0.118752960097466,12.288360944196,6.63861638993293,0.0225797551498922,0.0576158026483247,"NEAT1",FALSE,0.0578670497953319
0.143526512493074,6.78597626072955,6.63680056653238,0.0225949905475901,0.0576299767032111,"RHBDF2",FALSE,0.0578808859407413
-0.235213217322283,3.53577248885689,6.63622189510923,0.0225998483312668,0.0576299767032111,"TBCD",FALSE,0.0578808859407413
0.194145605667989,4.32510391809158,6.63318007333571,0.022625403668887,0.0576765917321338,"BOD1",FALSE,0.0579275040960324
-0.154365456735252,7.07769477355543,6.6300231487029,0.0226519617801407,0.0577257322381729,"DDT",FALSE,0.0579766585133037
0.862812277491197,0.92537600182855,6.6247443490693,0.0226964520131163,0.0578205242802012,"HP",FALSE,0.0580716625395682
-0.478742514921131,4.30244171308169,6.99591527540804,0.0227332962773968,0.0578957831311281,"AC005224.2",FALSE,0.0581470480757571
-0.127033253161394,6.4995113878667,6.61063006317837,0.0228159115837472,0.0580875231329311,"TRA2A",FALSE,0.0583394194926193
-0.151457633707602,13.8155069081372,6.60693362052264,0.0228473187480156,0.0581488099628468,"FTH1",FALSE,0.0584007712838634
-0.102682200112892,6.67951455904195,6.59225291329006,0.0229725551494075,0.0584487860155657,"CEP350",FALSE,0.0587018454320572
-0.202921672182298,4.54386372115197,6.57723413118476,0.0231015075771681,0.0587580211972373,"CSRP1",FALSE,0.0590122168265014
0.447141232396826,3.03576198913132,6.57306102083146,0.0231374884699186,0.0588306634347384,"AL365436.2",FALSE,0.0590849705562459
-0.124041976721722,6.07521195064244,6.57212832619977,0.0231455392017256,0.0588322650821674,"PABPN1",FALSE,0.0590863764845087
0.371664376326786,3.4223813397936,6.56398607887241,0.0232159599575881,0.0589706743430634,"S100A13",FALSE,0.0592243699446269
0.375912373618536,4.1354877372145,6.73943241574498,0.0232307598706811,0.0589706743430634,"SERPINH1",FALSE,0.0592243699446269
0.211192042364041,4.99636242311741,6.56207476790527,0.0232325268411365,0.0589706743430634,"ZMYND11",FALSE,0.0592243699446269
0.428033013363218,4.25592133909164,6.86526434514993,0.0232355889140358,0.0589706743430634,"TAL1",FALSE,0.0592243699446269
-0.396298628833834,2.74193819113525,6.56153787945369,0.0232371829777661,0.0589706743430634,"F3",FALSE,0.0592243699446269
0.236840664794896,3.97718098752067,6.55296506027118,0.0233116784345735,0.0591407957213755,"TRPV2",FALSE,0.0593950202805853
0.131995077610443,6.73579219331442,6.54705929225127,0.0233631605511129,0.0592524430099881,"PDXK",FALSE,0.0595069443329024
0.136457649985154,6.00379040838162,6.53781160097261,0.0234440426377213,0.0594385577332441,"PSMD14",FALSE,0.0596936547834416
0.403299218446541,6.00061319531535,7.28421104569775,0.0234708493957906,0.0594874980849833,"ALOX15B",FALSE,0.0597426014668945
0.19760347387381,5.02929325390805,6.53323315899228,0.0234842078356231,0.0595023329245191,"DERL2",FALSE,0.0597572962949093
0.775641159031014,1.76519370524505,6.61968942391346,0.0234965677073771,0.0595146290045001,"TPRG1",FALSE,0.0597694415236411
0.132670556877338,6.27239673681252,6.52885014977351,0.0235227340385687,0.0595618765435238,"RER1",FALSE,0.0598166877843268
-0.555818511108671,1.62793271731022,6.52738282000794,0.023535648241293,0.0595755489326217,"ABCA8",FALSE,0.0598302151806733
0.12178249436383,7.34401908927336,6.5247917255982,0.0235584731461058,0.0596089051133844,"RHOG",FALSE,0.0598633071454149
-0.176820221088566,4.30223147386612,6.52418025605688,0.0235638633483031,0.0596089051133844,"TARSL2",FALSE,0.0598633071454149
0.758530279185903,0.725384576789018,6.52084282756549,0.0235933087692364,0.0596643546802252,"WNK3",FALSE,0.0599187899690665
-0.138945735038621,7.58202278622745,6.51715515603286,0.0236258944071004,0.0597197423923983,"TKT",FALSE,0.0599738039180414
0.1176978129104,6.67180271193551,6.5159110120916,0.0236369000079813,0.0597197423923983,"TUFM",FALSE,0.0599738039180414
0.182243116549907,6.3679719006092,6.52466232748921,0.0236378092365471,0.0597197423923983,"NCF1",FALSE,0.0599738039180414
-0.228577461502941,3.67969005486453,6.51346562908841,0.0236585491698501,0.0597530990183408,"NT5DC1",FALSE,0.0600070992788407
0.237574995012599,3.87665327438864,6.51098352007599,0.0236805472084484,0.0597896109135601,"EXOC6",FALSE,0.0600435632147268
-0.122795419758427,5.72208260385813,6.50876007810356,0.0237002731056543,0.0598203645914128,"IMPDH2",FALSE,0.0600742443778458
0.127528646951525,7.43006879779774,6.50428549900234,0.0237400289371951,0.0599016388969074,"CLEC2B",FALSE,0.0601556603304031
-0.710598612612931,0.486861493486575,6.50142094738416,0.0237655209472297,0.0599468819820671,"DPYSL3",FALSE,0.0602008919685773
0.213282207549373,4.27058052213479,6.49211090893071,0.0238485937488552,0.0601254319651425,"AP3S2",FALSE,0.0603797910813436
0.151342478048356,5.64681119630784,6.49178883099226,0.0238514737046384,0.0601254319651425,"UFL1",FALSE,0.0603797910813436
-0.211571914396289,4.09713962467091,6.48766588818874,0.0238883762116856,0.0601993155137455,"SVIP",FALSE,0.0604537834229551
0.47503352162736,2.39911873158115,6.4867673016582,0.0238964279022614,0.06020047041917,"PTPN14",FALSE,0.0604547395677633
0.262646238971793,3.84786693993562,6.48425191505939,0.0239189836599476,0.0602381519873141,"ANAPC10",FALSE,0.0604923766526701
-0.753384607125366,2.04921979424335,6.72028640166324,0.023990927390544,0.060400150000709,"ACOT7",FALSE,0.0606548542948349
0.129782307657597,5.4429051729234,6.47424184264611,0.0240089924161151,0.0604153090512263,"ZNF622",FALSE,0.0606696694491613
-0.126119598680985,8.75015766766077,6.47388708968685,0.024012189558579,0.0604153090512263,"TOP1",FALSE,0.0606696694491613
-0.385191109345764,3.21565980213432,6.46906743093713,0.0240556752245491,0.0605055181409344,"TRDMT1",FALSE,0.0607600543183705
-0.260996457659984,5.37158235726155,6.65847010469976,0.0240876582713141,0.060566747470656,"SLFN11",FALSE,0.0608213371350681
-0.249345416126714,4.42847438601951,6.45555805118869,0.0241780567012798,0.060774772836952,"ERCC6",FALSE,0.061030032262955
0.137807464666683,5.74722374646711,6.45263746134556,0.0242046100675289,0.0608222341094673,"COPS6",FALSE,0.0610774881844949
-0.216470277852158,3.68869108753336,6.42933359271959,0.0244177113610487,0.0613382812643835,"FRMD8",FALSE,0.061595494749389
0.112878885438245,10.3819544068025,6.41248730663544,0.0245731301983945,0.061698425513579,"HLA-C",FALSE,0.061956320507016
0.181535194342155,4.7074951923712,6.41161542994528,0.0245812053515097,0.061698425513579,"CDIPT",FALSE,0.061956320507016
0.353837607083759,3.56125573677029,6.41086661492764,0.024588143211879,0.061698425513579,"ALDH6A1",FALSE,0.061956320507016
-0.141035836242172,5.75991305803618,6.41042801586027,0.0245922079494084,0.061698425513579,"CPNE1",FALSE,0.061956320507016
0.119942259707134,7.3405327410806,6.40495055566921,0.0246430369053353,0.0618063893025936,"BLOC1S1",FALSE,0.0620645283696393
-0.170012829197904,4.54923533043197,6.40243406584551,0.0246664303091817,0.061845496360276,"FAM172A",FALSE,0.0621035915550443
0.135995919812977,8.4509331381459,6.3950943940176,0.024734808920187,0.0619973332656472,"ITGB2",FALSE,0.0622558545281894
0.261871064230505,3.61726436799404,6.38712061390647,0.0248093468139085,0.0621645074401601,"ZCCHC24",FALSE,0.0624235177898343
0.501731232085831,1.28345234878713,6.3828160717384,0.0248496944599468,0.0622459329157846,"AC087854.1",FALSE,0.0625050743791382
0.390723507417476,3.15086846375175,6.36464004961611,0.02502091288514,0.0626550212739702,"PLCL1",FALSE,0.0629156564663685
0.534213607273421,2.50499371955061,6.35948345631521,0.0250697394364837,0.0627574658201587,"AC051619.8",FALSE,0.0630183175751813
-0.103238847166534,6.5551266996912,6.35629110318961,0.0251000230002729,0.0628134413971476,"NORAD",FALSE,0.0630743161710207
-0.253891930496655,3.81564365406054,6.35342646311753,0.0251272342685216,0.0628616955761562,"ADAMTSL4-AS1",FALSE,0.0631225610865475
-0.370844347679323,2.33729903024857,6.35166438006027,0.0251439894926225,0.0628837693052087,"ABCC1",FALSE,0.0631445168067837
0.162661175167867,4.57443117057852,6.3421191058476,0.0252349810062091,0.0630914315412255,"OSBPL3",FALSE,0.0633528299448424
-0.20271476253309,4.40138030752897,6.32815235299651,0.0253688168975168,0.0634060467728604,"CABIN1",FALSE,0.0636685375975271
-0.206305956756282,4.60872362670266,6.32470138509652,0.0254020136697241,0.0634535227691586,"ERO1A",FALSE,0.0637157880587665
0.345354456179918,3.68094087396143,6.32451380810961,0.0254038195344739,0.0634535227691586,"MBIP",FALSE,0.0637157880587665
-0.102000770301932,8.80577478991845,6.32170399377214,0.0254308885412233,0.0635011289306514,"ZFAS1",FALSE,0.0637633799897381
0.219061624687485,4.54730088833563,6.3186447053007,0.0254603993491233,0.0635548003903809,"MLLT10",FALSE,0.0638170620656677
-0.189940210930209,5.34481969571987,6.30751649023187,0.0255680843598307,0.0638035167783248,"UHMK1",FALSE,0.0640665930619422
0.210945540164877,5.74625820135295,6.37445923467197,0.0256131521117466,0.0638958684524629,"NCOA7",FALSE,0.0641591136204577
-0.120035841501358,5.45367678907903,6.29304125779095,0.0257089571813118,0.0641045127198642,"UBQLN1",FALSE,0.0643681926999232
0.140640940134871,7.297956283245,6.29263126517559,0.0257129604501978,0.0641045127198642,"BTG3",FALSE,0.0643681926999232
-0.0963686104219232,8.71647375352142,6.28858782474252,0.0257524807467971,0.0641828567622155,"CDC42",FALSE,0.0644466465448754
0.155055940222519,5.48349293169211,6.28757378600097,0.0257624030486389,0.0641851798756961,"CWF19L2",FALSE,0.0644485546984094
0.134893091139007,6.05050252961706,6.28683805958096,0.0257696048870258,0.0641851798756961,"STX12",FALSE,0.0644485546984094
0.169948964322737,4.19738730360147,6.28361920538192,0.0258011411812725,0.0642435450016106,"DTWD1",FALSE,0.0645069470726958
-0.170605524574509,4.21789266347606,6.27886185158859,0.0258478335691684,0.0643395995404605,"MAP3K7",FALSE,0.0646031830132958
0.154222083395766,6.65885557871872,6.2735993376423,0.0258995993841417,0.0644482184298415,"SRGAP2C",FALSE,0.064712034236685
0.113782118911164,5.7834324507545,6.26050935664063,0.0260288895172621,0.0647473360590955,"OGFR",FALSE,0.065011949420925
0.505788402785457,3.90479345465728,6.61464306655124,0.0260361386675576,0.0647473360590955,"PDE4C",FALSE,0.065011949420925
0.16883066920759,4.48172475939013,6.25492432841418,0.0260842831075279,0.0648467220057953,"KIFAP3",FALSE,0.0651115279851409
-0.144718805345758,5.88511606201094,6.25146975935377,0.0261186154708663,0.0649117189507924,"STRAP",FALSE,0.0651765767119051
0.501506593718819,1.86228193530344,6.25022045336443,0.0261310444203526,0.0649222563975418,"FOXJ1",FALSE,0.0651869436173332
0.308978323528054,2.93675460260316,6.24284089832744,0.0262046028355113,0.0650846150626358,"FBXL4",FALSE,0.0653497502811516
-0.189734660044792,4.5673950019107,6.23762598232844,0.0262567307783656,0.0651936616382344,"AF117829.1",FALSE,0.0654590269215077
0.127157290650786,6.97597383552164,6.23264799076974,0.0263066038532891,0.0652970430021528,"M6PR",FALSE,0.0655626147283175
-0.248597978030775,5.69387748659421,6.4555824959527,0.0263552004185467,0.0653971921496833,"NCF2",FALSE,0.0656629566405158
1.08606713461033,0.17379601961643,6.22004948482407,0.0264333215831623,0.0655531648024455,"FBLN5",FALSE,0.0658191334170456
-0.215953334941601,3.93420426340744,6.21992325500041,0.0264345948377167,0.0655531648024455,"MTHFD2L",FALSE,0.0658191334170456
-0.115816313928494,5.62214751457602,6.21622807024811,0.0264718992884783,0.0656251462035822,"ARIH2",FALSE,0.0658911919730275
0.915249444835039,6.92669672389825,7.53126017191487,0.026485507376195,0.0656383565109329,"RCAN1",FALSE,0.0659042410327431
0.91295126989314,7.39879408879619,7.5288724629624,0.0265028863590203,0.0656609009544728,"FCGBP",FALSE,0.065926662057582
0.246917245307601,3.43181524854516,6.20717967933791,0.0265635074731651,0.0657810342962583,"TMLHE",FALSE,0.0660468517768836
-0.180739034643663,4.51425597144674,6.20673976768706,0.0265679707134989,0.0657810342962583,"SRSF8",FALSE,0.0660468517768836
0.145867088050564,4.9172544895346,6.20429512609735,0.026592789495187,0.0658219279169037,"KIAA2013",FALSE,0.0660876957864616
0.184106064737769,5.1947801105841,6.19933637043817,0.0266432158903842,0.0659101319838422,"NUDT5",FALSE,0.0661758261044988
-0.328387987441883,6.14003782319536,6.752468898379,0.0266450520948807,0.0659101319838422,"AL355075.4",FALSE,0.0661758261044988
-0.121048680275874,7.92113571753884,6.195005331301,0.0266873506598634,0.065994172186961,"HNRNPH1",FALSE,0.0662599900719835
0.110731579374243,6.93329048324279,6.1922395393933,0.0267155798668203,0.066043379227986,"MTCH1",FALSE,0.0663091802743573
-1.10299933529777,0.352244827503477,6.29639196197309,0.0267506722846287,0.0661095167931846,"ADGRV1",FALSE,0.0663753689002535
0.207103937105418,4.25329590318008,6.18470353256031,0.0267926743433357,0.0661926837625321,"NUDCD3",FALSE,0.0664586550619643
0.140061066908492,5.50644131283812,6.18034647403867,0.0268373666874182,0.0662680089041962,"CDC123",FALSE,0.0665338522785483
1.2374024669797,1.24397427443685,6.55135242442793,0.0268398810029483,0.0662680089041962,"ANKRD29",FALSE,0.0665338522785483
0.20834060293908,6.48878815337943,6.32333417340477,0.0268528353008767,0.0662793518883407,"AHSA1",FALSE,0.0665450256370892
0.114583474778493,5.94508150664149,6.17456358159601,0.0268968195181448,0.0663477772862258,"TXNDC17",FALSE,0.0666132950137884
0.135847263699305,8.12557227764576,6.17451737495609,0.0268972951813736,0.0663477772862258,"SORL1",FALSE,0.0666132950137884
-0.466243599337016,3.90596238857111,6.44363560673917,0.0269306867651924,0.0664094820138244,"LGI4",FALSE,0.066675031532428
0.183966956874885,7.1103260819109,6.21911379900776,0.0269530159540307,0.0664298246791335,"SIGLEC10",FALSE,0.0666950255238043
0.113715086961691,7.58561613821131,6.16885164538819,0.0269556944995929,0.0664298246791335,"MPC2",FALSE,0.0666950255238043
0.447589567405416,3.39471404425345,6.23404214194251,0.0270113579921888,0.0665463163959208,"AC079753.2",FALSE,0.0668117671153732
0.610543974128177,1.55701304106396,6.15740563986646,0.0270741279722175,0.0666802381372291,"CHADL",FALSE,0.0669460075847865
-0.336087585918899,6.39571155428983,6.81416525430859,0.0270889919969102,0.066696126879349,"CSTA",FALSE,0.0669617442584431
0.125797658949932,6.74825375792801,6.15327866907631,0.0271169799094419,0.0667443082030598,"TUT7",FALSE,0.0670099020472345
0.216616496781472,4.92133165353266,6.14986999714756,0.0271524334488187,0.066810829417205,"GAS7",FALSE,0.0670764724709293
0.103958211917487,7.5374487446774,6.14586167982053,0.0271941934473655,0.066890641563435,"NDUFS5",FALSE,0.0671561708518018
0.241455899242847,3.86518721994441,6.14513768961451,0.027201744248299,0.066890641563435,"SLC49A4",FALSE,0.0671561708518018
0.128473491425158,5.5379045562978,6.14146900637561,0.0272400443147977,0.0669640531248732,"WASHC3",FALSE,0.0672296582431004
-0.556405732129886,1.61814482941355,6.13085244660373,0.0273512351284515,0.0672165505574592,"SOX2",FALSE,0.0674829409151083
0.471859803857826,4.72469549149395,6.71588747038319,0.0273850815748363,0.0672788741014262,"AC079015.1",FALSE,0.0675452951304197
-0.153033797905293,5.54684962328085,6.12596994856781,0.0274025497977102,0.0673009339517491,"BAZ1B",FALSE,0.0675672260739783
-0.305817675518674,3.14947484680037,6.12164764008953,0.0274480711530363,0.0673918575723975,"TMEM38B",FALSE,0.0676582930361764
0.436634023542493,1.90569834738181,6.11436464253288,0.0275249744315778,0.0675597514840708,"UBE3D",FALSE,0.0678266338980199
-0.148270377035352,6.14340726075079,6.11048958661866,0.0275659952499709,0.0676394956180035,"NRDC",FALSE,0.0679064761035868
-0.125716510456696,5.8064369602956,6.10943532656848,0.0275771679081369,0.0676459737548606,"RO60",FALSE,0.0679127629822765
0.177233720114826,4.13595808156779,6.09330526121721,0.0277487723938863,0.0680458606677176,"ZNF83",FALSE,0.0683140090371989
0.245769967632583,4.38169822515867,6.08221437847319,0.0278674928520906,0.0683158575545376,"SH3GLB2",FALSE,0.0685848511992409
-0.199750572864929,4.66752346226508,6.07730511076791,0.0279202334319559,0.0684239909269077,"MXI1",FALSE,0.0686931914356491
0.192684765597886,6.73730862749273,6.15896322435537,0.027934619208433,0.0684380905699804,"TCF4",FALSE,0.0687071277315126
0.290606576816476,3.12618489453159,6.06541549020735,0.0280484502948786,0.0686957410991033,"CFL2",FALSE,0.0689655716051977
0.594501457662382,3.4239970061777,6.41356376884727,0.0281037914958692,0.0688100243913684,"FFAR2",FALSE,0.069080084057553
-0.38421082649609,2.78367020415827,6.05626187623232,0.0281476329809038,0.0688960896179702,"PITPNC1",FALSE,0.0691662671938741
0.110121771405087,11.2472834913918,6.05010392094895,0.0282145881529832,0.0690386589126083,"HLA-B",FALSE,0.0693091753879644
-0.329366646656527,2.46797926592119,6.04138969000362,0.0283096571639003,0.0692469282894129,"ACACA",FALSE,0.0695178195395153
-0.117182118409491,8.41739540050897,6.04070230659142,0.0283171722394395,0.0692469282894129,"SNHG29",FALSE,0.0695178195395153
-0.16745164913973,5.23954736274186,6.03543932111091,0.0283747894218368,0.0693664293975707,"UBAP1",FALSE,0.0696375673100405
0.177561039256803,3.95382949411704,6.02575176652301,0.0284812051330282,0.0696051153805941,"GBE1",FALSE,0.0698769648203039
-0.140006632673578,5.42860312922145,6.02332484547306,0.0285079376450616,0.069648976779676,"ADNP",FALSE,0.0699207760796375
0.14946712670093,5.44858731871253,6.01816711121878,0.0285648478699217,0.0697665169170484,"YIPF3",FALSE,0.0700385532272776
-0.122335794278839,6.87802920984813,6.01413762974488,0.0286094017695034,0.0698538149764777,"PARVG",FALSE,0.0701259698631449
-0.120121312289837,5.7511797072971,6.00820763976275,0.0286751179476735,0.0699900282174277,"PLEKHA3",FALSE,0.0702622697099852
-0.368988127524711,1.8397918008364,6.00751135237412,0.0286828458222027,0.0699900282174277,"ZNF69",FALSE,0.0702622697099852
0.295777087418683,3.67558778564752,5.99872082032582,0.0287806196666486,0.0702070008360585,"PAQR8",FALSE,0.0704798637655759
0.151825522220793,5.21868864809909,5.99046872815765,0.0288727607361048,0.0704101036960438,"SLC25A24",FALSE,0.0706835329642739
-0.872829034245363,0.698135824123597,6.03777396638789,0.0288876874489924,0.0704248419728203,"CHRDL1",FALSE,0.070698105536863
0.158367942285967,5.4815167207869,5.98490554782324,0.0289350733756903,0.0705186786727552,"EMC4",FALSE,0.070792083246487
-1.77468052244763,-1.59680543537661,7.29590403907719,0.0290831043206308,0.070857667810068,"LY6D",FALSE,0.07113216263208
0.133249033181144,5.34203284457334,5.96684930016308,0.0291384098792465,0.0709706032327699,"DDX42",FALSE,0.0712453113062395
-0.115060372935908,8.91161635090437,5.9593175920487,0.0292237219470157,0.071156531816935,"TOMM7",FALSE,0.0714317348739031
-0.316637837153508,2.77396348057932,5.9556703357112,0.0292651399618592,0.0712306323178767,"BTBD9",FALSE,0.0715056725225462
0.366307057647141,2.02819583861602,5.95505590935218,0.0292721241286128,0.0712306323178767,"HOXB2",FALSE,0.0715056725225462
0.779088344952562,4.22490469013855,6.81315322043973,0.0293234472214883,0.0713336267480697,"GCHFR",FALSE,0.0716088398049859
0.435160406205955,4.17154270117215,6.28845672694747,0.0294191348330593,0.0715444481461639,"CDKN2B",FALSE,0.0718202492143915
0.135969616615963,5.00475593922596,5.93781267230441,0.0294689277758116,0.0716435631421755,"WDR61",FALSE,0.0719195207614138
-0.116009277941584,9.30454769901141,5.9364103813223,0.0294850008418314,0.0716606642164438,"NME2",FALSE,0.0719364622582682
0.217549483537618,4.00055650985468,5.93503360205447,0.0295007915054888,0.0716770686654966,"S100PBP",FALSE,0.0719527044830467
-0.136535077927205,5.72063935265387,5.92949486694658,0.0295644171825576,0.0718096505586141,"TDG",FALSE,0.0720855705862546
0.11657670551972,6.17697440975636,5.92189232044208,0.0296520132039331,0.0720003554918167,"PSMC4",FALSE,0.0722767821845869
0.249525278706398,6.74506535354269,6.25755337872733,0.0297315271322194,0.0721713248941321,"FNIP2",FALSE,0.0724481814870475
0.100984705388283,7.14338132475452,5.91334764044396,0.0297508283487452,0.0721960719769977,"UBXN4",FALSE,0.0724727970721751
-0.377920977760804,4.2469588785327,6.17597498461743,0.029795640316491,0.0722632628662524,"LINC00324",FALSE,0.0725397926404248
0.20522949040935,4.25048060967527,5.90938836659013,0.029796746507288,0.0722632628662524,"COMMD10",FALSE,0.0725397926404248
0.0955853364716027,8.67012841459307,5.90361495656277,0.0298638535518803,0.0724038626786873,"CD302",FALSE,0.0726807038250582
0.348274645521648,2.16878584533437,5.90143569350338,0.0298892302672714,0.0724168217836615,"STARD9",FALSE,0.0726930332149938
0.53337279449167,3.91958091865069,6.32643507432047,0.0298944369070484,0.0724168217836615,"AC005280.1",FALSE,0.0726930332149938
-0.116230411565531,6.04035466881454,5.9008030742198,0.0298966016268825,0.0724168217836615,"STAU1",FALSE,0.0726930332149938
0.869772946175329,9.68406877033375,7.0901395827046,0.0299597951254566,0.0725400758883248,"CCL2",FALSE,0.072816304519552
-0.123141460574879,6.70982412055004,5.89487452733335,0.0299657856375206,0.0725400758883248,"HNRNPR",FALSE,0.072816304519552
-0.370362490920232,3.26533447054318,5.89013932994189,0.0300211787504193,0.0726519856939328,"TACC3",FALSE,0.0729284138747465
0.567172631767703,1.12820216090375,5.95917528085378,0.0300668148284316,0.072740222142144,"TRBC1",TRUE,
-0.205693472318813,6.42092633898053,6.30098478564673,0.0301104202589381,0.0728234935365653,"DDX3Y",FALSE,0.0731226543772854
-0.132413345399363,5.77459328162483,5.87930016230244,0.0301484303639446,0.0728838378263893,"ZFR",FALSE,0.0731827788676277
-0.172177989031311,5.2227921884632,5.87884758908455,0.0301537573247423,0.0728838378263893,"CAND1",FALSE,0.0731827788676277
-0.13192563821952,5.24323575221785,5.87676894271914,0.0301782379925934,0.0729207774475101,"ITPRID2",FALSE,0.0732196362505855
-0.125031510029099,6.90107852222577,5.87591755052046,0.0301882717596876,0.0729227966212075,"HNRNPH3",FALSE,0.0732214300870747
0.252149507679724,4.41693950638287,5.8748373455885,0.0302010077533405,0.072931340075688,"TRAPPC12",FALSE,0.073229775032569
-0.106768406916731,6.82609432683462,5.87088198247951,0.0302476967510052,0.0730218452624753,"BCLAF1",FALSE,0.0733204169244365
0.360374187201753,3.06964611000067,5.86982177206554,0.0302602258472337,0.0730298540386207,"FKBP14",FALSE,0.073328224922949
0.163108895956323,7.53259277801213,5.86307550550836,0.0303400931618006,0.0731948415993401,"PIK3R1",FALSE,0.073493418885832
-0.260418120589931,7.69441992388006,6.26516142907263,0.0303470540283843,0.0731948415993401,"RNASE6",FALSE,0.073493418885832
1.504068090072,2.0533335460194,6.70166244838854,0.0303960377308156,0.0732906895163948,"GRID2",FALSE,0.073589423860899
-0.54159877870397,2.10182279364726,5.86166634073421,0.0304440970893025,0.0733842510562451,"ZNF544",FALSE,0.0736831326788095
0.465788034175546,3.93501846600052,6.1641672342789,0.0304969853792717,0.0734893921236675,"GCNT2",FALSE,0.0737884676959159
0.217765939728521,4.36374735959255,5.84302016420222,0.0305789892333173,0.073657432355878,"RGL2",FALSE,0.0739567226087545
0.39457823064402,2.20311322583675,5.84249277807972,0.0305853011245649,0.073657432355878,"HRH1",FALSE,0.0739567226087545
0.111174877271103,8.18167244909586,5.84133777360806,0.0305991298581489,0.0736683575813557,"NDUFA13",FALSE,0.0739674578160469
0.138753839272778,4.83585842809139,5.83959582002093,0.0306199999576179,0.0736962233345461,"ACTR10",FALSE,0.0739952023515687
-0.612561404734697,2.80066004156158,6.07873591646976,0.0307084635484263,0.0738867068321468,"ARHGAP10",FALSE,0.0741862238069618
0.137948885959546,9.51359273829299,5.83059570127481,0.0307280958324032,0.0738951669346493,"CTSS",FALSE,0.074194248948919
0.197370702605672,4.14456508988974,5.83038587726058,0.0307306212643212,0.0738951669346493,"ASCC1",FALSE,0.074194248948919
-0.192409722036285,4.61036238746292,5.82548917851461,0.030789626992827,0.0740146036383058,"ATP11A",FALSE,0.0743139342676137
0.195354213353095,4.87126702260696,5.82263516616077,0.0308240795255635,0.0740749628610694,"CCDC25",FALSE,0.0743743027572403
0.107084711736254,8.74220183100524,5.82041755858407,0.0308508808929982,0.0741169041574817,"TYMP",FALSE,0.0744161787125045
0.450575984393878,1.84495578838034,5.81546564864831,0.0309108271287205,0.0742384239553155,"MROH8",FALSE,0.0745379541230671
-0.187438322081764,4.49302015049445,5.81351956489963,0.0309344232425416,0.074272594629579,"HIST2H2AC",FALSE,0.0745720276330303
-0.100583051704149,6.48785225707323,5.80850722727014,0.0309952949467619,0.0743962150584101,"CALCOCO2",FALSE,0.0746959111626156
0.15008468073495,6.55130130105441,5.80747335948119,0.0310078681236352,0.0744038675799575,"GADD45GIP1",FALSE,0.0747033593510697
-0.113341506738998,5.50873734733808,5.80430941432492,0.0310463830543532,0.074473744282878,"ARHGEF6",FALSE,0.0747732820856601
-0.117738249392642,7.87745527709652,5.80199445028209,0.0310745988841545,0.0745096963221979,"TRIR",FALSE,0.074808673536312
0.135158284886239,5.60846817835874,5.80092063020181,0.0310876973171725,0.0745096963221979,"NDUFB6",FALSE,0.074808673536312
0.170205458354421,4.80902316527497,5.80076751683443,0.0310895655188989,0.0745096963221979,"PDHB",FALSE,0.074808673536312
0.160478182267882,6.30136496398518,5.79775423531028,0.0311263587106262,0.0745753314771365,"MRPL18",FALSE,0.0748743370755155
-0.921038989185723,0.745587956602024,5.88094844988316,0.0311456129876378,0.0745989183583059,"SCN9A",FALSE,0.074897783613129
-0.132953618451656,6.11938882293019,5.79369927337666,0.0311759519471986,0.0746490326298372,"BIRC2",FALSE,0.0749478637290299
0.777923775337477,0.343429681102263,5.79276803668782,0.0311873543179474,0.0746537877514152,"AC008269.1",FALSE,0.074952403086269
0.412801515224192,2.78540808595052,5.79153847155334,0.0312024170275781,0.0746672991834106,"SPTLC3",FALSE,0.0749657338649772
-0.267460942183328,3.60346355616763,5.78613141136049,0.031268757398699,0.0748034727389517,"FAM214A",FALSE,0.0751022167033387
0.159157433287476,5.13300441786942,5.78494190710666,0.0312833739097925,0.074815863757718,"HSDL2",FALSE,0.0751144223289685
-0.117666967044302,5.59055405491288,5.78175317167715,0.0313225963992417,0.0748870760715285,"SMNDC1",FALSE,0.075185683861434
1.00359138949959,0.608295515552989,5.80182666326915,0.0313525470337171,0.0749360846799243,"AC087564.1",FALSE,0.0752346529185571
0.323411973655102,2.84091037758487,5.77360343182964,0.0314231037100395,0.0750782993958773,"MSMO1",FALSE,0.0753769638590755
-0.237708457496163,5.62113523603238,5.92764907466004,0.0314309883570783,0.0750782993958773,"TNFAIP8L3",FALSE,0.0753769638590755
-0.69785446121362,2.91595767105041,6.1566620632112,0.0314528556272381,0.0750837942745653,"RAMP1",FALSE,0.0753813070071626
0.174344480242044,4.88897102692205,5.76963650273806,0.0314721632727962,0.0750837942745653,"MPHOSPH10",FALSE,0.0753813070071626
0.177575058507902,5.21563714947499,5.76912838521059,0.0314784537330496,0.0750837942745653,"CRBN",FALSE,0.0753813070071626
-0.189406608924194,4.75771869528893,5.76904220362057,0.0314795208017779,0.0750837942745653,"GATAD2B",FALSE,0.0753813070071626
-0.464593793992704,2.58694104697244,6.37916445247635,0.031480642301798,0.0750837942745653,"TTTY14",FALSE,0.0753813070071626
-0.741570454174785,0.494139219836215,5.7624161641326,0.0315616893944619,0.0752544582012915,"NRG1",FALSE,0.0755524123517384
-0.141687122727964,6.47430495580852,5.75996790424134,0.0315921136725507,0.0753043527348112,"RCC2",FALSE,0.0756022695967055
0.43016241121325,3.13695852884218,5.75910441542677,0.0316028523809684,0.0753049140822287,"CDK1",FALSE,0.0756023639182993
0.172957199734194,4.49423952803366,5.75842166599359,0.0316113463755874,0.0753049140822287,"C11orf54",FALSE,0.0756023639182993
-0.218772220394287,5.43371497466282,5.81210492880667,0.031721217676493,0.075543951258407,"GBP1",FALSE,0.0758421101230386
1.58855436252346,-0.542804980850942,5.98743299639078,0.0317444480859976,0.0755765718996364,"IGLC3",TRUE,
0.195202427028686,5.15084693555592,5.7436401827712,0.0317959003130342,0.0756763427444417,"KIAA0355",FALSE,0.0759976039642244
0.356286019081689,3.01037876282459,5.74203793031904,0.0318159811737773,0.0757014101877871,"CRIM1",FALSE,0.0760225355435298
0.331910060040669,5.48134902285815,6.16873972452999,0.0318577433160884,0.0757780345064353,"SPATA13",FALSE,0.0760992425239977
-0.131619661157993,6.11627249925492,5.73691025547056,0.03188034603189,0.0758090531916088,"NSD3",FALSE,0.0761301503604817
0.144720282443484,5.0480061837703,5.72466706999325,0.032034647892676,0.0761531299829491,"CCDC186",FALSE,0.0764754412419701
0.185310862878763,4.3902551615356,5.72085211283369,0.0320829073639023,0.0762449908815999,"SYNGR1",FALSE,0.0765674475046417
0.132789294514815,6.61531995142571,5.71655952814738,0.0321373110643847,0.0763513941020204,"CHMP4B",FALSE,0.0766740571063667
0.128602569230676,5.79066772819827,5.71007021379213,0.0322197618725793,0.0765243475511709,"IRAK1",FALSE,0.0768474974363244
-0.138395958288589,7.26162090759845,5.70022974678508,0.0323452661014214,0.0767994218784273,"SNU13",FALSE,0.0771234886038129
0.436092864363691,1.78828882904126,5.69822168023825,0.0323709473114869,0.0768196812389115,"DDR1",FALSE,0.0771433442589966
-0.441923439418286,1.16729975589565,5.69804734815318,0.0323731779792133,0.0768196812389115,"PPFIBP1",FALSE,0.0771433442589966
0.147553281990403,5.82960398590558,5.69194192876202,0.0324514140325312,0.0769822891830962,"TIMM8B",FALSE,0.077306392424639
0.135024359828692,8.10728377402032,5.69062613044597,0.0324683040338162,0.0769993162967679,"GSN",FALSE,0.0773232464263617
-0.161599161114424,5.40669855873521,5.68775304708568,0.0325052197692422,0.077063810505548,"OFD1",FALSE,0.0773877671024752
0.156326726354007,4.95014095025441,5.68526233295965,0.0325372624470046,0.077116716496219,"POP5",FALSE,0.0774406506216019
0.138825237248193,6.86905368159001,5.68288861949986,0.0325678344932321,0.0771535561380235,"MIR22HG",FALSE,0.0774771554710866
-0.131072245433972,7.58706257093361,5.68254449066487,0.0325722694745162,0.0771535561380235,"HIGD2A",FALSE,0.0774771554710866
0.102627147303641,7.50491784559155,5.67744272453682,0.0326381021616081,0.0772736179134501,"ATP5PF",FALSE,0.0775972311027565
-0.222620486833104,4.61091205000112,5.67710618343258,0.0326424503521877,0.0772736179134501,"CARMIL1",FALSE,0.0775972311027565
0.662841832845874,3.20597131315816,6.03983735117001,0.0327223024704522,0.077439526562909,"LINC02397",FALSE,0.0777635894003688
0.200007161038842,6.17512113600219,5.77600274982936,0.0327336792322858,0.0774433330210569,"IQGAP2",FALSE,0.0777671667647609
-0.119810759741784,6.17254940621507,5.66706353756328,0.0327725176712266,0.0775120883345717,"SYK",FALSE,0.0778359644901788
0.126232739075932,6.33411457315856,5.66299415291319,0.0328253957297413,0.077613998611807,"NUP214",FALSE,0.0779380553221525
-0.107013949407978,6.2093336775945,5.66031906468678,0.0328602107892633,0.0776731518000236,"LUC7L2",FALSE,0.0779972101831322
-0.201479045121604,4.59179158309209,5.65797528814362,0.0328907496677368,0.0777221649376505,"CEMIP2",FALSE,0.078046182494708
-0.122548302318755,6.22195507182035,5.65595609520715,0.0329170860584812,0.0777612211774848,"PPM1G",FALSE,0.0780851562688091
0.146298636622719,5.03234627049442,5.65409295541452,0.0329414090428128,0.0777954992229431,"NSFL1C",FALSE,0.0781193318601081
-0.544364170719904,2.43307171949915,5.69517386196848,0.03297416152264,0.077828373549263,"CCN1",FALSE,0.0781518527681767
0.143734888115468,5.87818499911642,5.65152537594781,0.0329749630110967,0.077828373549263,"MARCH7",FALSE,0.0781518527681767
0.235923386901829,3.55648291636559,5.64947235999089,0.0330018214134983,0.0778685833828018,"PBXIP1",FALSE,0.0781919846903878
0.216989254310768,4.49887477198708,5.64814338177729,0.0330192213716409,0.0778864585047215,"EMC2",FALSE,0.0782096891057688
0.177822647351068,5.4231106041825,5.64335390749069,0.0330820182457693,0.0780113743761033,"SMCO4",FALSE,0.0783348781906134
0.102588583618995,6.63991553247034,5.63646076520752,0.0331726439251665,0.0782018201126137,"CHMP4A",FALSE,0.078525868041605
0.165973944321247,5.13882372044258,5.62960685226221,0.0332630434625424,0.0783916196703437,"SLC8B1",FALSE,0.0787162079897594
-0.10465791484238,6.29426635204749,5.62750591322025,0.0332908117478351,0.0784337460733542,"PPP2R2A",FALSE,0.0787582627475811
0.177672351744971,5.02272816531642,5.61302439109318,0.0334829586320696,0.0788625485498606,"GANAB",FALSE,0.0791883449856112
0.122405399059194,7.48544550517404,5.61229210506666,0.0334927095064809,0.0788625485498606,"KRTCAP2",FALSE,0.0791883449856112
-0.429084656780693,0.980761816109164,5.6113592675255,0.0335051356952269,0.078868383548622,"ABCA6",FALSE,0.0791939570978091
-0.0979884057813769,6.33073416570724,5.61002141756861,0.0335229664602274,0.0788869332433016,"RBM4",FALSE,0.0792123364648085
-0.10741962460632,6.27399188248854,5.60888442139149,0.0335381290351981,0.0788991949528341,"MAN2A1",FALSE,0.0792244019608069
-0.175670143526062,4.1445420647303,5.60607393636183,0.0335756432873317,0.0789416371569929,"HERC3",FALSE,0.0792662792160742
-0.142116901684298,5.24607760969863,5.60571657825041,0.0335804168265398,0.0789416371569929,"SLK",FALSE,0.0792662792160742
-0.318442067943886,3.86237870848072,5.6216064063781,0.0335860421456278,0.0789416371569929,"AC092683.1",FALSE,0.0792662792160742
0.30068518555515,4.41120447724754,5.69057976560701,0.0336453496101359,0.0790575968314042,"PER3",FALSE,0.0793824690711743
0.128302199816864,5.35861076046824,5.59794613004153,0.0336844110468012,0.0791259291197155,"COMMD9",FALSE,0.0794508353972155
-0.117984529294927,7.82096776196387,5.58975203441305,0.0337944857115832,0.0793287161344593,"SEC61B",FALSE,0.0796534670008873
0.344756245679408,2.62831148661989,5.58973823726133,0.0337946714109359,0.0793287161344593,"IQCH-AS1",FALSE,0.0796534670008873
-0.171006403554635,5.7581181107176,5.58928191001443,0.0338008139111612,0.0793287161344593,"NFKB2",FALSE,0.0796534670008873
-0.382435231998834,5.57456740763209,6.19048742421072,0.033810763347419,0.0793287161344593,"ID3",FALSE,0.0796534670008873
0.501860304722201,2.65199602253939,5.59871813500562,0.0338919525172938,0.0794956803423388,"PRX",FALSE,0.0798208675429717
-0.106997086020544,5.83620354135518,5.5790507987999,0.0339388776473864,0.0795822011205204,"DIPK2A",FALSE,0.0799074949510192
-0.117022337226846,8.26784888934581,5.57170359364753,0.0340384338879413,0.0797920472689529,"MYL12B",FALSE,0.0801179510514496
0.200390872290305,4.10149587126096,5.56688221264379,0.0341039513835012,0.0799220001680157,"DOP1B",FALSE,0.0802481866783818
0.163721766941352,4.74595081218696,5.56200889260313,0.0341703255101708,0.0800538831692182,"MRPL24",FALSE,0.0803803596205213
-0.142779806830505,5.86387061887323,5.55748982012604,0.034232010680494,0.0801747062555264,"XPO1",FALSE,0.0805014269077409
0.113927841356509,6.59579122730282,5.54702840886019,0.0343753119993159,0.080486554498103,"SBDS",FALSE,0.0808142966071653
0.261765595301027,2.87563335227584,5.5344456691435,0.034548607634189,0.0808684267268528,"ATXN7L1",FALSE,0.0811974734314263
-0.173233662561169,5.58116479621541,5.53159937365491,0.0345879506648102,0.0809244321183835,"CBL",FALSE,0.08125320602096
-0.101470783162404,7.35694349622139,5.53123803175932,0.0345929490980325,0.0809244321183835,"MOB1A",FALSE,0.08125320602096
-0.172061124105417,5.20656654839264,5.52606887028768,0.0346645471247964,0.0810680028334473,"CUL1",FALSE,0.0813971094632329
0.125697202428629,5.41136560708033,5.5227987663898,0.0347099313801654,0.0811502022948838,"ATXN10",FALSE,0.0814793919585646
0.101508202551068,6.62578171387453,5.52185738939034,0.0347230092756978,0.0811568447929634,"NCKAP1L",FALSE,0.0814858108650423
0.164290780361457,4.36956992998404,5.51764755550379,0.0347815645708875,0.0812697447444727,"MSH3",FALSE,0.0815989177157389
0.212853856309787,4.17078829754302,5.51297157826899,0.0348467398189884,0.081398041627855,"LINC00685",FALSE,0.0817274832670409
-0.413607961231863,2.32531017856244,5.51174157642351,0.034863907844989,0.0814141565228492,"ZHX2",FALSE,0.0817434125008404
0.271224127313106,2.91241125838682,5.50952342196111,0.0348948934037612,0.0814625191121963,"PLAG1",FALSE,0.0817917197961412
0.1307695768387,5.34723854784922,5.49975266266152,0.0350317682880294,0.0817579802730342,"PIGP",FALSE,0.0820881233114503
0.68903694545582,2.11893363900521,5.61373914349173,0.0350713904050252,0.0818252451644813,"AL392172.2",FALSE,0.0821551565718345
0.162307581546242,5.09725903483546,5.49623275440184,0.0350812321284147,0.0818252451644813,"RABGGTB",FALSE,0.0821551565718345
0.13283473251705,5.87549787968138,5.48555540372799,0.0352317803197957,0.0821522218751001,"EMC3",FALSE,0.0824831992152602
0.131236130647501,7.14910201843686,5.48178833780281,0.0352850764916321,0.0822399032139446,"NDUFB4",FALSE,0.0825707289080035
0.828913536835095,0.38488047788181,5.48143149394076,0.0352901300118365,0.0822399032139446,"SAMMSON",FALSE,0.0825707289080035
-0.107289872415651,8.25894570954657,5.4750935314436,0.0353800285340902,0.0824226841719828,"CELF2",FALSE,0.0827537397166297
0.133083867902333,5.49434926020207,5.47443699611594,0.0353893563220774,0.0824226841719828,"RNF115",FALSE,0.0827537397166297
-0.09568726954868,7.19808241844358,5.465091100086,0.035522453497961,0.0827083733720513,"ZNF207",FALSE,0.0830403230436013
-0.330872183527992,2.8556965327337,5.46264916688582,0.0355573267161169,0.0827652631254771,"NUSAP1",FALSE,0.0830971877394154
-0.1007335900081,8.07212247286541,5.46069738962366,0.0355852290103944,0.0828058983253322,"HINT1",FALSE,0.0831377325456368
-0.169301226885929,6.17106379923976,5.46620331336753,0.0355994970444296,0.0828147924202576,"STXBP2",FALSE,0.0831464090471439
0.348144417390261,3.33484197897513,5.45880295532763,0.0356123361968093,0.08282035827759,"PRAG1",FALSE,0.0831517440896455
-0.161098885001524,5.37925489470266,5.45132060596717,0.0357196379775613,0.0830455395560429,"RNF10",FALSE,0.0833775727369565
-0.0934240638285065,6.82507676516993,5.44982291849122,0.0357411614950583,0.0830535942306997,"PAPOLA",FALSE,0.0833851527372475
0.215453118212961,8.94574843419095,5.67832066825838,0.0357440544292568,0.0830535942306997,"ZFP36L1",FALSE,0.0833851527372475
0.138201748611436,5.67237783531647,5.44363534776995,0.0358302461448064,0.083229473025498,"ACER3",FALSE,0.0835614799078699
0.205568771950921,4.51999104087283,5.44113639190213,0.0358662986037287,0.0832816968969908,"WDR13",FALSE,0.0836134047346084
0.182514743297243,4.26081662091817,5.44062110215723,0.0358737380049475,0.0832816968969908,"NFX1",FALSE,0.0836134047346084
-0.353587274482288,3.06535774846434,5.43066970426103,0.0360177665219754,0.08359158459784,"TANC1",FALSE,0.0839242723040883
-0.411097266666192,2.65128772462316,5.42613081014057,0.0360836848902256,0.0837200625723466,"CA2",FALSE,0.0840530069678288
0.159680878745376,4.87349250109598,5.4251690567934,0.0360976706720567,0.0837280085102591,"HIGD1A",FALSE,0.0840607299894953
-0.104592078361091,7.77621434160717,5.42439928962316,0.0361088691978001,0.0837294866920618,"MBNL1",FALSE,0.0840619596750204
0.16806837898774,5.11732170468925,5.42114068649711,0.0361563205005506,0.0838150026106331,"LYSMD2",FALSE,0.0841475606804543
0.218419398535372,3.36681352376022,5.4162743679287,0.0362273199213159,0.083955040145043,"SERGEF",FALSE,0.0842878990963161
0.468724519386348,2.41218312541428,5.41485420441136,0.0362480710024326,0.0839771295439225,"LXN",FALSE,0.084309566882285
-0.200544429244345,4.56967183253015,5.41417251638351,0.0362580366333056,0.0839771295439225,"COPS8",FALSE,0.084309566882285
0.19438968512335,4.48065072400313,5.41150111546561,0.0362971210891294,0.0840431004657178,"AC005670.3",FALSE,0.0843755443907233
0.325029204638421,2.62194861270941,5.4096709224379,0.0363239267329465,0.0840806105514745,"GDAP1",FALSE,0.0844129483192191
0.199757570212128,6.4343095078622,5.53246909998376,0.036399121354223,0.0842187110847478,"IRF8",FALSE,0.0845510852577077
0.145130079394611,5.49699745889525,5.40415650650557,0.0364048338657203,0.0842187110847478,"HAGH",FALSE,0.0845510852577077
-0.2084975525421,4.10773790273145,5.40114379052535,0.036449125885298,0.0842965781851349,"RNF103",FALSE,0.0846290049290827
-0.144445750370372,4.99830243699678,5.39756097174491,0.0365018820352829,0.0843939693134216,"RAB22A",FALSE,0.0847265252427692
0.398654517777786,2.25468741232754,5.3938681580785,0.0365563519899118,0.0844760990512691,"MYBL1",FALSE,0.0848082141308308
0.249658754785457,4.82561089637234,5.45496294502749,0.0365655714447325,0.0844760990512691,"SMIM29",FALSE,0.0848082141308308
-0.625288819669525,1.30679164166093,5.39298649992363,0.0365693708304687,0.0844760990512691,"PTPRZ1",FALSE,0.0848082141308308
0.446036932683287,1.85881021716855,5.38935568894219,0.0366230421137671,0.0845754377739429,"RASGEF1C",FALSE,0.0849076885733542
0.212468473479094,4.01331409406958,5.38859284056038,0.0366343304650081,0.0845768701009274,"TRAF3",FALSE,0.0849088718456411
-0.431742191213624,1.97252308237917,5.38478490878512,0.0366907401795389,0.0846824419631395,"AL592183.1",FALSE,0.0850146032748257
-1.00539043390991,3.28652034778462,6.09831778813758,0.0368163184777449,0.084947547407323,"AQP9",FALSE,0.0852804930807629
-0.860993875905783,0.0141998995199,5.37452462221803,0.0368432434508922,0.0849849386321423,"SMAD1",FALSE,0.0853177753986269
0.791774933157538,0.551870539626045,5.37004980794544,0.0369099884273045,0.0851141327084554,"C16orf89",FALSE,0.085447219756187
0.423324881656554,7.34613107476458,6.08645681499123,0.0369588275974912,0.0852019730133499,"PHLDA1",FALSE,0.0855351480061797
-0.0878876442238029,7.64608197851898,5.36149134508514,0.0370380410848049,0.0853597644535853,"SF3B1",FALSE,0.0856933003424649
-0.122613834454195,5.6749444407536,5.36011991003916,0.0370586092703832,0.0853823464968317,"RAB11A",FALSE,0.085715714571955
0.132277878123037,5.74854320674561,5.3574744720135,0.0370983224283685,0.0854490122638308,"GINM1",FALSE,0.0857823845291128
-0.0980913531781652,6.95504713333323,5.35455975617921,0.0371421360436238,0.0855250811948445,"SRSF9",FALSE,0.0858584940585882
0.135268608856836,5.29682295509797,5.353689648848,0.0371552271948715,0.0855303836239668,"DPY30",FALSE,0.0858635611150478
-0.131300204826436,5.80613890288921,5.35142582211273,0.0371893129561532,0.0855837655547186,"CD2AP",FALSE,0.0859166390348112
-0.472528703045483,1.56250092293244,5.35071606938265,0.0372000070763825,0.0855837655547186,"GRK4",FALSE,0.0859166390348112
0.140755327964634,5.22921403246473,5.3472966746104,0.0372515792359193,0.0856775515469592,"PMF1",FALSE,0.0860105337692182
0.429228443582795,2.84075126025818,5.34474376887931,0.037290137728194,0.0857356251823573,"INTS6-AS1",FALSE,0.0860683211416892
0.580217829969259,0.948302020092643,5.34419333438821,0.037298457524464,0.0857356251823573,"ZWINT",FALSE,0.0860683211416892
0.541638982918716,3.84407375402835,5.72063838768816,0.0373318657340287,0.0857674847147904,"KCNE1",FALSE,0.0860997927503985
0.309841355950328,3.34973539528873,5.34184650543222,0.0373339543076112,0.0857674847147904,"USP18",FALSE,0.0860997927503985
0.166643572030509,4.89386786992665,5.33876178574806,0.0373806725715643,0.0858401467509989,"THYN1",FALSE,0.0861719694589892
-0.154051367322732,8.78021039681783,5.33771110373279,0.0373966009400686,0.0858401467509989,"GSTP1",FALSE,0.0861719694589892
0.116984567021016,6.57946431269875,5.33761449363542,0.0373980659533237,0.0858401467509989,"CLN8",FALSE,0.0861719694589892
-0.620219740490916,3.24115118787872,5.69270990329874,0.0374108768928691,0.0858446981205979,"CD36",FALSE,0.0861762830883107
0.7324027174993,0.748858243560934,5.33589788275333,0.0374241082367535,0.085850211256071,"SUCLG2-AS1",FALSE,0.0861815623177854
-0.219854418070856,5.8016561197971,5.48883281322855,0.037453865481243,0.0858936203457605,"C9orf72",FALSE,0.0862248837700853
0.374957906139797,2.50190908217804,5.32901874893594,0.0375286845450313,0.0860233088299129,"WARS2",FALSE,0.0863543066168033
0.50050408973035,2.12794987243339,5.32809379802625,0.0375427718605936,0.0860233088299129,"ENPP2",FALSE,0.0863543066168033
0.214131280911258,4.25135710411443,5.32808093722027,0.0375429677789479,0.0860233088299129,"LRCH1",FALSE,0.0863543066168033
-0.154196575225966,5.10735638856847,5.32620794280219,0.0375715133855081,0.0860638422768878,"CDYL",FALSE,0.0863947409372543
0.512888088160022,4.1881182523682,5.71189182062911,0.0376665404367289,0.0862504510087622,"TNFRSF11B",FALSE,0.0865815563047982
-0.108885877318362,6.83594036907294,5.31944901437805,0.0376747366099071,0.0862504510087622,"STAG2",FALSE,0.0865815563047982
0.226027908333305,9.72578594800649,5.6025002587308,0.0376868983736915,0.0862533863471786,"IER2",FALSE,0.0865842477071863
-0.164305827367989,4.49972976861736,5.31366835465924,0.0377632848486862,0.0864032676133864,"UHRF1BP1L",FALSE,0.0867344484075655
0.158897100262249,4.58729753457118,5.31236829891236,0.0377832328965059,0.0864239672254756,"CEBPZOS",FALSE,0.0867549719494821
-0.554768465419378,1.00078694712336,5.3111357999172,0.0378021558234923,0.0864423107495376,"GK-AS1",FALSE,0.0867731304130163
-0.153957138131429,5.2089309714221,5.31009427738012,0.0378181553403163,0.0864539606511038,"PAXBP1",FALSE,0.0867845696973528
-0.112405090406,10.026040057159,5.30497354601238,0.03789693447094,0.0866090794135521,"ACTG1",FALSE,0.0869400261392152
0.266811201654137,5.77668423288589,5.58223270468508,0.0380160898952908,0.0868563575475117,"HES1",FALSE,0.0871879930698984
-0.692433258247672,-0.192376885513034,5.29529616406352,0.0380463435696678,0.0869004355575703,"LINC01619",FALSE,0.0872319833067064
-0.21132880886648,4.66462220132824,5.29024352904556,0.0381246270686807,0.087054159965582,"CCDC57",FALSE,0.0873860378373776
0.331954800957166,2.79597132200839,5.28723641832075,0.0381713081689428,0.0871356553882461,"DCBLD2",FALSE,0.0874675874796194
0.16737615451075,4.82684625623838,5.2858776691119,0.0381924229101152,0.0871587590188237,"SEC61A1",FALSE,0.0874905227350648
-0.17355246876124,6.84246248636735,5.32763772093319,0.0383549661146612,0.0875045097430314,"PFKFB3",FALSE,0.087837332282355
0.117897944121079,7.67675630420022,5.27352041704851,0.0383850860035753,0.0875480327492362,"NDUFA1",FALSE,0.0878807635966772
-0.125138614560906,7.42764837284837,5.26507304659081,0.0385174492635209,0.0878246585450658,"ERP29",FALSE,0.0881581828291742
0.105893434898619,8.17911367532806,5.26281399713032,0.0385529378414454,0.0878803022446748,"TLN1",FALSE,0.0882137799346229
-0.71597877869534,-0.13564739488861,5.25578170179648,0.0386636588829315,0.088107354878954,"LINC01725",FALSE,0.0884414357374374
-0.139797147501642,9.66850394084799,5.25345993084963,0.038700296660346,0.0881655034262135,"NR4A2",FALSE,0.0884995463251685
0.130861431227192,5.16924469142622,5.24295034114287,0.0388666519749187,0.088519051093696,"CCDC90B",FALSE,0.0888541741899042
0.507886174309604,0.947361509990323,5.2408688383945,0.0388996998557297,0.0885688743412478,"DIRC3",FALSE,0.0889039267372899
0.138409522338311,5.76029370082812,5.23618271176713,0.0389742225373259,0.0887130738661842,"CAB39",FALSE,0.0890484121661988
-0.129914623624269,5.92882691189852,5.23449673820133,0.0390010754670909,0.0887487159308543,"HIPK3",FALSE,0.0890839294084494
0.152334236168325,6.22017860989037,5.23209355861182,0.0390393892463719,0.0888104097403835,"MESD",FALSE,0.0891455966617153
0.283749291061613,3.45179842239991,5.22399092189559,0.0391688967546489,0.0890794645642159,"TRUB2",FALSE,0.0894154067322876
-0.176840951301956,4.63236820893818,5.22260746256869,0.0391910597197271,0.0891043078457117,"GNA12",FALSE,0.089440083566631
0.29384679099386,3.4010446668871,5.22082248878871,0.0392196767877377,0.0891438066436882,"CFAP20",FALSE,0.0894794711073842
0.16248853683809,5.47157878790185,5.21884613114806,0.039251390917959,0.0891679782978041,"ETV5",FALSE,0.0895032138842583
0.17529961211936,5.45646717929947,5.21875800354533,0.0392528057844773,0.0891679782978041,"NHSL1",FALSE,0.0895032138842583
0.154884441229505,4.93371999613423,5.20965654130635,0.0393992519359586,0.0894750127036035,"PPP6R2",FALSE,0.08981114199985
0.43977358163353,2.62148414310099,5.2084665871262,0.0394184463727968,0.0894929675955136,"ZCCHC12",FALSE,0.0898289038255405
-0.417521501284577,1.74025183505707,5.20695115038807,0.0394429069445889,0.0895228646598055,"AHCYL2",FALSE,0.0898586526632363
0.163004165246114,5.32913584936636,5.20582077220786,0.0394611639687985,0.0895386685588536,"GSDMD",FALSE,0.0898742554918168
0.170800561741433,4.42819298972593,5.19890643950389,0.0395730563384791,0.0897668642779577,"ZNF846",FALSE,0.0901030456169185
0.451739493038743,2.34498129311672,5.1975507722985,0.0395950385165422,0.0897910370020443,"B4GAT1",FALSE,0.0901270480882172
0.254403310232736,3.79398960456193,5.19399264203939,0.0396528022432466,0.0898893239073707,"AMPD3",FALSE,0.0902241395622842
-0.566677610309908,0.0398868433421873,5.19340475034841,0.039662355815794,0.0898893239073707,"CCDC184",FALSE,0.0902241395622842
0.388613867911837,1.88028687519841,5.19203868828072,0.0396845655849078,0.0898893239073707,"ZDHHC9",FALSE,0.0902241395622842
0.246482278911908,3.16804752491123,5.19157018847886,0.039692185947155,0.0898893239073707,"GALK2",FALSE,0.0902241395622842
0.148055236123452,6.78034500787634,5.19079536898769,0.0397047925271085,0.0898893239073707,"CACYBP",FALSE,0.0902241395622842
-0.394842723521427,3.72572802371165,5.32895060585768,0.0397064092234627,0.0898893239073707,"PAPSS2",FALSE,0.0902241395622842
0.153289651814125,5.17239391592874,5.18694709719368,0.0397674752707795,0.0899873546067444,"CYB561A3",FALSE,0.0903220149582816
-0.564760636224535,1.48764844130838,5.1866442579137,0.0397724130350697,0.0899873546067444,"SLC16A7",FALSE,0.0903220149582816
-0.776055068754745,-0.284309675901772,5.1831130291713,0.0398300427926487,0.0900828510217775,"KIAA1217",FALSE,0.0904173461261396
0.479766738003939,2.64552032674642,5.20266647664835,0.0398373455704278,0.0900828510217775,"HEXA-AS1",FALSE,0.0904173461261396
0.857951424553871,-0.0139933550238155,5.18173160144409,0.0398526145397956,0.0900916817996862,"LINC01301",FALSE,0.0904259496959993
0.122923079539438,5.20762657544261,5.17991860050053,0.0398822608537508,0.0901278161022955,"PHF14",FALSE,0.0904616983117879
-0.114585993038704,6.54355990945721,5.17936397306635,0.039891335356074,0.0901278161022955,"TRIM44",FALSE,0.0904616983117879
0.27182483833376,3.45323539928815,5.17818589318253,0.0399106185210276,0.0901456933432214,"MPP5",FALSE,0.0904793820744333
0.192585825411196,7.53865954790509,5.30602041705789,0.0399546049108638,0.0902193414221954,"THUMPD3-AS1",FALSE,0.0905530430056919
0.116554504153588,6.37213667833516,5.17166684412163,0.0400175233024848,0.0903356847215545,"PSMC1",FALSE,0.0906695566801769
-0.137245600066244,5.32843495301484,5.16775948121477,0.0400817614333981,0.090454940120689,"PPM1B",FALSE,0.0907889926889909
0.237277117316973,5.71958657383176,5.35796250988872,0.0402022520882785,0.0907010399988252,"P2RX7",FALSE,0.0910357407161419
0.179883332610073,4.01080318393024,5.15901300922699,0.0402259974157465,0.0907287930332968,"SAE1",FALSE,0.0910633355290951
0.199869675915237,4.64257625628151,5.15411504877707,0.040307036022468,0.0908857171746662,"SDAD1",FALSE,0.0912205773585185
0.8122758546217,2.34765939323684,5.44143855574795,0.0404220171918592,0.0911190651967757,"RNF150",FALSE,0.0914545236753208
-0.196656832601729,4.5764949547153,5.14211866725713,0.0405063358897677,0.0912831810500507,"IL16",FALSE,0.0916189819522223
-0.132675670149234,5.16279565805886,5.14064281807472,0.0405309349153216,0.0913126604173542,"EIF2AK1",FALSE,0.0916483080547943
0.116840545305055,6.70299283671223,5.13540460477514,0.0406183863912762,0.0914836838948971,"MRPS21",FALSE,0.0918196981321303
0.246587032132683,4.75337623824135,5.18549719593924,0.040638323258571,0.0915025921027977,"AC239799.2",FALSE,0.0918384138356346
-0.158608350523007,4.55101486434041,5.13048801764058,0.0407006710281744,0.0916127541468327,"DIDO1",FALSE,0.0919484560971876
0.246743368021904,3.16175604785513,5.12990987346394,0.0407103598460257,0.0916127541468327,"UMAD1",FALSE,0.0919484560971876
-0.534394299435487,1.15772547925225,5.12727795079366,0.0407545012906183,0.0916664101244917,"TRNP1",FALSE,0.0920012617059604
-0.461823313496507,1.60167207003753,5.12699997802412,0.0407591666246899,0.0916664101244917,"CLSPN",FALSE,0.0920012617059604
-0.193207056282392,4.00852828045554,5.12588090433731,0.040777954888142,0.0916664101244917,"FAM126B",FALSE,0.0920012617059604
0.141907583044513,5.4910780116039,5.12573217828184,0.0407804526373716,0.0916664101244917,"IFI44",FALSE,0.0920012617059604
-0.144686442882991,4.91498733358536,5.12393246025874,0.0408106919516202,0.0917083803266567,"GATAD2A",FALSE,0.0920431237317103
-0.107002941990433,9.25859330966166,5.11934068812211,0.0408879640500621,0.0918559872453647,"ARPC2",FALSE,0.0921910076663963
-0.0971539989938246,7.63058016858621,5.11485594498435,0.0409636017919765,0.0919998399452663,"GLIPR1",FALSE,0.0923351230092106
-0.322688349505345,6.68896995991214,5.62081609420282,0.0411254577331453,0.0923188595421632,"TNFAIP8",FALSE,0.0926547798275416
-0.685145545603778,0.30833008420628,5.10508677560172,0.0411289369201464,0.0923188595421632,"LIN7A",FALSE,0.0926547798275416
-0.720940297277386,0.236952648817479,5.10310882397958,0.0411625079471337,0.09236806198836,"ID4",FALSE,0.0927038986871124
0.194797263267506,4.4343196646061,5.10021595757344,0.0412116657529715,0.0924522031945552,"SREBF1",FALSE,0.0927880831100055
-0.60101977883983,0.025769317949426,5.09882844539742,0.0412352680163061,0.0924789829797099,"HACD1",FALSE,0.0928146975521312
0.147630922138337,4.71051996080005,5.09638269043845,0.041276910378247,0.092546194988332,"TRNAU1AP",FALSE,0.0928818908768436
0.162101863016648,4.42998966174604,5.09156542299818,0.0413590763182914,0.0927042004668969,"PGRMC2",FALSE,0.0930402065207024
0.306175788388222,2.70263125860655,5.08965737562271,0.0413916743969896,0.0927510442677596,"STRADB",FALSE,0.0930869571508661
-0.177133703511311,4.95801682641208,5.08617306257575,0.0414512805354544,0.09285836453379,"SOS2",FALSE,0.0931944029846775
-0.0992443259804419,7.35955593811866,5.08243419956813,0.0415153540211265,0.0929697845982608,"PICALM",FALSE,0.0933056998588233
0.382371152428425,2.04535076528493,5.08190274404898,0.0415244711481384,0.0929697845982608,"CDK18",FALSE,0.0933056998588233
0.142655327229392,4.99365314982358,5.078503982269,0.0415828328925874,0.0930396537016049,"NME4",FALSE,0.0933750323428183
0.365223455478317,3.46504649192231,5.09785531817155,0.0415888871747958,0.0930396537016049,"ULK2",FALSE,0.0933750323428183
0.162994727697255,4.93402379853815,5.0780355270758,0.0415908845507679,0.0930396537016049,"CMC1",FALSE,0.0933750323428183
0.383201375134242,6.26308554537725,5.66978891342959,0.0417427591863557,0.0933530591902478,"MIR155HG",FALSE,0.0936893039515984
-0.166142824722988,6.30885547663564,5.08571050541707,0.0418760430959499,0.0936247235377018,"COX7A2L",FALSE,0.0939616825718864
-0.477926201074277,1.58365198877315,5.14213420787589,0.0419807440780858,0.0938323481959584,"SERPINA3",FALSE,0.0941697898198064
-0.369401455519914,3.88165711998883,5.19293997879021,0.0420722496469155,0.0940103706879216,"CDK14",FALSE,0.0943481875087959
0.148771713542931,4.59860909923446,5.04543949357526,0.042155683353404,0.0941490449111308,"CCDC66",FALSE,0.0944862999464875
-0.138231980769814,6.20715007471331,5.04444731358032,0.0421730166415779,0.0941490449111308,"SNX9",FALSE,0.0944862999464875
-1.10490549793458,5.39694121857475,5.94253220928179,0.0421809815375516,0.0941490449111308,"VCAN",FALSE,0.0944862999464875
0.102680536158384,6.03055694870514,5.04394402565229,0.0421818122507993,0.0941490449111308,"TMX1",FALSE,0.0944862999464875
-0.215142662052714,3.59713707409553,5.04044108247867,0.0422430907839478,0.094259280533391,"ERCC8",FALSE,0.0945966654906028
-0.158217666008559,6.98199976147084,5.05133134780195,0.0422895737994508,0.0943364493759273,"NFIL3",FALSE,0.0946738455220441
0.315357556074313,3.7493965365319,5.03589489764855,0.0423227760639094,0.0943839574218491,"FAM177B",FALSE,0.0947212584748518
0.162799779834581,6.01996836091142,5.03112094422749,0.0424066448555457,0.0945443983168633,"ABCE1",FALSE,0.0948820074331124
0.148270928846324,4.77659109259475,5.0185828375845,0.0426278509000383,0.0950108523855788,"PLA2G4A",FALSE,0.0953498607014486
0.102123321147481,7.49155046426911,5.01614740989585,0.0426709763735479,0.0950802419026104,"CD164",FALSE,0.0954192313002584
-0.720507778931327,-0.0608889591988759,5.01328462522962,0.04272173521753,0.095166596460966,"EPHA3",FALSE,0.0955056271406645
-0.245525201931923,3.48225587132199,5.01088399017595,0.0427643548774878,0.095234776817057,"SOGA1",FALSE,0.0955737837517301
0.502899871894069,5.32563747752766,5.64147015716798,0.0428086390404987,0.0953066246315849,"ARL4D",FALSE,0.0956456206355782
-0.112335013317575,8.39263503927029,5.0032878955431,0.0428995434386598,0.0954625197709366,"ELF1",FALSE,0.0958012698164317
0.415926602914666,2.52863813744711,5.00271731611251,0.0429097184793394,0.0954625197709366,"COPZ2",FALSE,0.0958012698164317
-0.144324099986759,6.18761737562838,5.00243322835943,0.0429147856286097,0.0954625197709366,"MRPL3",FALSE,0.0958012698164317
-0.119154010996427,7.71841820927254,4.99843242200255,0.0429862214107555,0.0955946040236942,"NSA2",FALSE,0.0959335558849666
0.75600204888164,2.92176673420936,5.3228729645898,0.0431169962372236,0.0958475635313178,"KCNK10",FALSE,0.0961868775847544
0.276086243800679,4.52231078224594,5.06899080378038,0.0431241497371608,0.0958475635313178,"RPS6KA2",FALSE,0.0961868775847544
0.114628043639255,7.12410348460892,4.98785254667404,0.0431758068727845,0.0959354811904248,"RPL22L1",FALSE,0.0962748391009896
-0.484289153301316,1.10995244034432,4.98606733400258,0.0432078942302838,0.0959798782453601,"PHLDB2",FALSE,0.0963191258478144
0.821941088192374,1.37686236037697,5.0875480382162,0.0432533520008777,0.0960539424826214,"LTBP2",FALSE,0.0963931844590989
-0.107411546993165,6.5245756115583,4.9812196270934,0.0432951690276422,0.0961198824002093,"CEBPZ",FALSE,0.0964590898189382
0.137302763198298,7.79376374126212,4.97109829153028,0.0434780591078935,0.0964544727355603,"RPS27L",FALSE,0.0967940567116339
-0.103533830423845,6.54159200165433,4.9710650932555,0.0434786604933101,0.0964544727355603,"COPA",FALSE,0.0967940567116339
0.0992444639893118,6.94546926507063,4.97085993812351,0.0434823770884072,0.0964544727355603,"TRMT112",FALSE,0.0967940567116339
-0.0929423892142842,7.12528067524355,4.97014075944981,0.0434954087114137,0.0964563916822623,"KPNA4",FALSE,0.096795714640824
0.264284620849647,2.99890153426285,4.96667492987236,0.0435582748127429,0.0965687927056559,"CRTAM",FALSE,0.0969082431445322
0.211940555690825,5.04661821709195,4.98482514839632,0.043624673511436,0.096688960469294,"Z99127.4",FALSE,0.0970285651956784
0.269955514991787,3.44932821309504,4.95546638024382,0.0437623213735869,0.0969518169543137,"MZF1-AS1",FALSE,0.0972915392979188
0.142319831450783,6.15272439682193,4.95505450489012,0.0437698408730204,0.0969518169543137,"AZIN1",FALSE,0.0972915392979188
-0.23626511620246,4.41339675952409,4.95450049432094,0.0437799577064131,0.0969518169543137,"SH3GL1",FALSE,0.0972915392979188
-0.168459651417168,5.7010244956006,4.95364677368089,0.0437955529825896,0.0969592694906367,"LBR",FALSE,0.0972987496889003
0.0968152313581833,5.92110145411214,4.95288337391915,0.0438095038907303,0.0969630784047209,"POLR2J3",FALSE,0.0973023038204606
-0.167574109885602,4.4082779404568,4.95030976449438,0.043856574575158,0.0970401683594342,"ZNF721",FALSE,0.0973793952939952
-0.415981376015703,4.35905589929606,5.27762495906173,0.0439541007508129,0.0972288255447669,"TSC22D1",FALSE,0.0975684434248813
0.164923675536766,4.7301102799805,4.94416083760942,0.0439692792067029,0.0972352707254508,"CYTH2",FALSE,0.0975746427015228
0.0999535687633562,7.72747058457932,4.94130533714649,0.0440217345187578,0.0973241247252402,"ATP5MF",FALSE,0.0976635383099897
0.206404870667649,4.06136256073456,4.93600381760216,0.0441193193183496,0.097512674534674,"ORC3",FALSE,0.0978524767989747
-0.183846452225382,4.10917476791986,4.92908142215845,0.0442471247566248,0.0977678943897773,"RNF125",FALSE,0.0981083165867408
-0.185131849909933,5.49809969549892,4.94496895419019,0.0442884680927573,0.0978319796710448,"ST3GAL1",FALSE,0.0981723555528255
0.767725263749289,1.16219677048829,4.96620874812709,0.0443160948636031,0.0978657381834666,"AC097105.1",FALSE,0.0982059621196807
0.337138578065691,2.74668241298809,4.92432661027099,0.0443351645791101,0.097880586127314,"AMN1",FALSE,0.0982205923943277
-0.607249115451034,0.736148077100966,4.92267520663392,0.0443657903221326,0.0979209314236825,"NCAM2",FALSE,0.0982608085908802
0.279405577153597,3.73617462261988,4.92081861634636,0.0444002511831285,0.0979697164987038,"EMP2",FALSE,0.0983094937663537
0.206599816409048,4.10094361303757,4.91868800304611,0.0444398372959784,0.0980297802121637,"EZH1",FALSE,0.0983694965489513
-0.534439048834059,5.83195976696922,5.61275333358555,0.0444587072110572,0.0980441253878334,"SLC16A10",FALSE,0.0983836223058169
0.1128665707674,6.71220574570216,4.91555917837429,0.0444980455241413,0.0981007581844281,"C18orf32",FALSE,0.0984396442516388
-0.523489401862461,1.0824736479474,4.91463973764859,0.044515167809883,0.0981007581844281,"CEP126",FALSE,0.0984396442516388
0.132145649194832,4.82712225767699,4.91429930036996,0.0445215095796635,0.0981007581844281,"STARD3NL",FALSE,0.0984396442516388
-0.160042064614677,4.39059233919478,4.91022601454143,0.0445974709172326,0.0982408306284578,"VTI1A",FALSE,0.0985799315055999
-0.531735992518069,2.42036625048117,4.96172770433878,0.0447018701381962,0.0984434517932275,"NR2F1",FALSE,0.0987829825943084
0.513086745710449,2.3858141734331,4.9275933435918,0.0448752859307384,0.0987979080419033,"BMPR1A",FALSE,0.0991383910718892
-0.131650313727038,5.38558532769295,4.89170194643538,0.0449448593464235,0.098923610465976,"SMC5",FALSE,0.0992642562184256
0.11371454939183,6.76108520212764,4.88871222503875,0.0450012261233564,0.0990201833766221,"RAB20",FALSE,0.0993608910873884
0.116300696834793,6.64620375900671,4.88778911080924,0.0450186469677563,0.0990310302886715,"RGS19",FALSE,0.0993715048506541
0.0959056923183188,6.08391219426021,4.88326495783468,0.0451041413922456,0.0991915764099094,"INTS10",FALSE,0.0995323321815437
-0.0981627051843874,8.73315463266259,4.87314752470568,0.0452960298329674,0.0995807661689344,"FUS",FALSE,0.099922315752716
-0.117845871355931,6.57423598102404,4.87261092139205,0.0453062340528943,0.0995807661689344,"EPB41L3",FALSE,0.099922315752716
-0.0968880531353921,6.90066069130438,4.87065280946321,0.0453434932079501,0.0996350371819924,"ENSA",FALSE,0.0999765013972099
-0.121463609984294,5.1848610998646,4.86834172251755,0.045387515454772,0.0996924121871582,"UBN1",FALSE,0.100033258943638
-0.10296276334294,7.72586241914008,4.86785328383829,0.0453968258455527,0.0996924121871582,"HMGN2",FALSE,0.100033258943638
-0.260850261025122,3.50141490355191,4.86730243883243,0.0454073285075464,0.0996924121871582,"HDAC4",FALSE,0.100033258943638
-0.198122493627765,6.32896400710624,5.00133726198547,0.0455269661072735,0.0999274051213911,"AC016831.1",FALSE,0.100268783615628
0.347123803386892,3.34681112861422,5.30684345099652,0.0455865751980331,0.100030547514533,"LINC00278",FALSE,0.10037200654279
0.499074531012516,1.81064514873985,4.85642297745171,0.0456153514993406,0.1000659952094,"MAOA",FALSE,0.100407303467953
-0.146590003802252,7.24655481666275,4.84691601761757,0.0457980549272802,0.100438998468459,"PSMA6",FALSE,0.100781306345562
-0.366546205101526,3.22108726509657,4.84564289036717,0.0459573977315159,0.100760577769762,"ANKRD36",FALSE,0.101103708273913
0.132478069540829,5.89875069316121,4.83757868014178,0.0459783419737237,0.100778627361814,"POLR3GL",FALSE,0.101121546082913
-1.17978375987951,3.21449315888353,5.49055356740587,0.046027657500738,0.100858836004934,"IL7R",FALSE,0.101201754337375
-0.253081467379477,2.4859848346892,4.82849827948231,0.046154474030764,0.101108778700165,"FADS2",FALSE,0.101452272995078
0.835769538622782,0.255994045808654,4.82206206269656,0.0462798006308991,0.101355320276732,"TNC",FALSE,0.101699377788068
0.13392604534709,5.44448936151835,4.81841749429972,0.046350946589012,0.101483099850231,"DDX1",FALSE,0.101827316572291
0.635575602685223,0.537721101792395,4.81291524518481,0.046458601889628,0.101658797042561,"SATB2",FALSE,0.102023312954545
-0.403952085808757,1.95447804769606,4.81253445139802,0.0464660633258326,0.101658797042561,"NCAPG2",FALSE,0.102023312954545
0.23204658115118,4.27228030427778,4.812350818284,0.046469662018446,0.101658797042561,"MS4A4E",TRUE,
0.349141620894383,2.72984938250027,4.81110247923909,0.0464941346984998,0.101684275831643,"ITGA9",FALSE,0.102056504083249
-0.127754583808234,5.59819314222951,4.80883596137569,0.0465386069556216,0.101753468269213,"NRBP1",FALSE,0.102125667297044
0.26601963882874,3.10958428156339,4.80504693570833,0.0466130654431883,0.101888167310063,"TTC33",FALSE,0.102260576318974
-0.535510555456796,0.773463113289848,4.80218010463234,0.0466694955162441,0.101983395935166,"FOXD3-AS1",FALSE,0.10235587017733
0.24413255854037,2.94683478323419,4.79977470756809,0.0467169052191928,0.102058865962458,"BTRC",FALSE,0.10243133295764
-0.923863039178899,1.08400594946466,4.90595397651222,0.0468262411665256,0.102269542690968,"GZMB",TRUE,
-0.162251467455072,4.68058375645775,4.7922333604554,0.0468659130513986,0.10232799743087,"ZBTB44",FALSE,0.102729455486622
0.368611643322637,2.25976539553983,4.79045463960316,0.0469011403653405,0.102376718286459,"MYO10",FALSE,0.102778076160821
-0.563353059922563,1.25815659693233,4.78902416956313,0.0469294933642635,0.102410411063,"ITGA1",FALSE,0.102811609767427
-0.392988817691435,2.20140957060408,4.78299380374545,0.0470492430787548,0.102643478021015,"KLF5",FALSE,0.103045298019024
0.847605453704429,0.111409701159191,4.78176548163385,0.0470736791632764,0.10266853601278,"SPATA9",FALSE,0.10307016243699
0.121597152657939,5.20727766751107,4.78016002399213,0.0471056405919028,0.102709988617328,"NAPG",FALSE,0.103111485574607
-0.213726003602877,4.08030101045605,4.7760719928947,0.0471871411317375,0.102859404699592,"R3HDM1",FALSE,0.103261193843286
0.219453581862343,3.64892149641176,4.77288374695229,0.0472508191057639,0.102969899359675,"TCHP",FALSE,0.103371828079758
0.269220585670374,5.73253851038734,5.04727499607136,0.0473496281008076,0.103156870454301,"GPR155",FALSE,0.10355923658472
0.239937242261227,3.68941282655183,4.76574614041349,0.0473937458241969,0.103224620025888,"VPS50",FALSE,0.103626957980301
0.0956937062743699,12.5706068184404,4.76405180713725,0.0474277490787084,0.103268228679865,"MT-CYB",FALSE,0.103670151977247
0.0998007700971173,6.86807013453196,4.76345070220068,0.0474398194818451,0.103268228679865,"RRBP1",FALSE,0.103670151977247
-0.554282488546747,0.585272525967464,4.75120083421016,0.0476865954842834,0.103776922591106,"MEGF6",FALSE,0.104180532231055
0.101845901325299,8.40972884981015,4.74849013963877,0.0477414081927435,0.103841482825213,"ARPC5",FALSE,0.104244463449914
0.125132289910688,5.30031145561736,4.74788674837574,0.0477536194635912,0.103841482825213,"PSMD6",FALSE,0.104244463449914
-0.83683096885624,0.20809619881816,4.74779108565649,0.0477555557997891,0.103841482825213,"CDH2",FALSE,0.104244463449914
0.21121226741268,4.06617686990191,4.74611241964089,0.0477895492910357,0.103886906163787,"CASP8AP2",FALSE,0.104289769893291
0.146954549125939,6.2052414162575,4.74543971200757,0.0478031798653512,0.103888050979305,"AC103591.3",FALSE,0.104290626136593
-0.708363678911377,-0.0308853991120092,4.74119689999746,0.0478892549867117,0.10404659181547,"PKIA",FALSE,0.104449488035801
0.71309159042483,0.465392992058424,4.73841571050813,0.0479457773663053,0.104140855605498,"JAG2",FALSE,0.10454382344084
0.819251518003898,13.0359049559063,5.5359487415744,0.0480182384782962,0.104269678076125,"CCL4",FALSE,0.104672850783624
0.149048513409711,5.37899339977391,4.73257539663587,0.0480647280103479,0.104342049196615,"SDF2L1",FALSE,0.10474520809558
0.131260985471925,5.88610768053916,4.73153249784846,0.0480860056678217,0.104359664093756,"KRR1",FALSE,0.104762597525193
0.150757762511436,4.70691373921413,4.72105951028457,0.0483002997358726,0.10479461473263,"HYI",FALSE,0.105198638497119
-0.233865533692615,2.98770549936053,4.72044760174752,0.0483128553037037,0.10479461473263,"INPP5B",FALSE,0.105198638497119
-0.21496480204157,5.78251591561063,4.86048010722374,0.0484400349214904,0.105041738746602,"ENTPD1",FALSE,0.105446420312656
-0.184442174547027,6.23847831290412,4.80786701747449,0.0484557061589688,0.105046988905744,"LRRK2",FALSE,0.105451395889601
-0.141304935448525,5.0226909864454,4.70996546103976,0.0485285367996822,0.105172860549083,"MCUB",FALSE,0.10557716227485
0.126119324683681,5.95652673539861,4.70939536633508,0.0485402997917628,0.105172860549083,"BLOC1S2",FALSE,0.10557716227485
-0.149603663687421,4.63976506484983,4.70624778145862,0.0486053060149491,0.105284936089212,"MSI2",FALSE,0.105689373664303
0.289119543636253,2.87655404014418,4.69799536952046,0.0487762311897332,0.105626320915653,"CYP2U1",FALSE,0.106031774092913
-0.160224124773983,6.14421760622505,4.71594093465973,0.0487952758503011,0.105638707520805,"PRKAR1A",FALSE,0.106043912592737
0.132151427811898,8.91072655126811,4.69357365321728,0.0488681074331761,0.105767500881851,"RGS10",FALSE,0.106172904125362
0.167651229612209,4.36086742043027,4.69267501601006,0.0488868047514316,0.105779090630281,"CRELD2",FALSE,0.106184242578378
0.1080403946757,5.96730824042679,4.69023167829615,0.0489376844494497,0.105860289854089,"PDAP1",FALSE,0.106265457026672
-0.167972228365212,5.25285623714476,4.68863552120907,0.0489709564711278,0.105903366858456,"POR",FALSE,0.10630840316328
0.114733679571581,9.70649764089001,4.68785246970317,0.0489872890427971,0.105909797526942,"CEBPB",FALSE,0.106314562831723
0.142501517816681,5.13098857001051,4.68229946481687,0.0491032967518811,0.106131662118024,"CCM2",FALSE,0.106536979292569
-0.126034828905665,5.59877430519166,4.68128288890428,0.0491245692568918,0.106148701299711,"HECTD1",FALSE,0.106553787611727
0.622268367539576,0.548280896409932,4.67873241245597,0.0491779877079343,0.106235173446459,"LARGE1",FALSE,0.106640293741565
-0.596000606429596,0.341359756398771,4.67660572210234,0.0492225828102435,0.106302543317791,"TFPI",FALSE,0.106707624485167
0.580051183639834,1.4714570798258,4.67560353868509,0.0492436144578873,0.106319002021277,"AC006115.2",FALSE,0.106723849986035
0.206568391092351,4.42933106076886,4.67147246539899,0.0493304209551998,0.106477423722522,"AC005921.2",FALSE,0.106882578736266
-0.22730734026566,3.66931464530044,4.67081959767473,0.0493441562946065,0.106478081410898,"GSE1",FALSE,0.106882942889445
0.419454211029083,3.31522105651329,4.71704084529578,0.0493996738549164,0.106568874645382,"CSF1",FALSE,0.106973785219635
-1.63736720365979,3.23160997920025,5.426764840534,0.049443613233535,0.106634647909539,"SERPINB2",FALSE,0.107039512243416
-0.111053960232904,5.77014511449905,4.66304784004326,0.0495080108418249,0.106744495500133,"SHOC2",FALSE,0.107149480607664
0.196980951328842,4.49154218426584,4.66230212322676,0.0495237669202068,0.106749435601794,"TPM1",FALSE,0.10715414331156
0.120281873774715,5.47548668368254,4.65881257895128,0.0495975757231948,0.106879472773441,"AK2",FALSE,0.107284377140947
0.138084707754911,5.12552251560343,4.65207459223972,0.049740462983102,0.107158258296205,"EGLN2",FALSE,0.107563921872324
-0.0902527543095958,7.37327253415022,4.64739046229534,0.0498400832614999,0.107343705541204,"PRPF40A",FALSE,0.107749773856777
0.250380109851902,4.5146903204849,4.68784272287093,0.0498982168500838,0.107412191506698,"KANSL1L",FALSE,0.107817924409109
-0.229058293381271,4.49790016633829,4.64953622094407,0.0498989784711363,0.107412191506698,"TNIP2",FALSE,0.107817924409109
0.515446395633084,1.05499116043993,4.64330173961552,0.0499272340342284,0.107443841320131,"DCP1B",FALSE,0.107849396688141
-0.143927654101701,10.0959966822517,4.64728229850471,0.0499469775733227,0.107457160977287,"HLA-DQB1",FALSE,0.10786246966081
0.107327095016581,5.49943232043865,4.63828253130296,0.0500344651694049,0.107616180103918,"TSPYL1",FALSE,0.108021791341346
0.223228692994839,3.69680120274877,4.63761744332344,0.0500486946889483,0.107617589230806,"CSAD",FALSE,0.108022908701242
0.0990051303171038,9.25998812024234,4.6369080399514,0.0500638776221513,0.107621047122672,"RNASEK",FALSE,0.108026082691676
0.107531239763293,7.98249827471026,4.63319345594089,0.0501434678442374,0.107762920322341,"CIRBP",FALSE,0.108168192682613
-0.214040835861133,4.69892983940944,4.63706662147929,0.0501652165825471,0.10778044364944,"ENPP4",FALSE,0.10818548487197
-0.312707171269095,2.907183392342,4.63059074481979,0.0501993240053022,0.107824503038211,"NBEA",FALSE,0.108229412839018
0.142943278027833,5.12083507492661,4.62739823997541,0.0502679383638406,0.107942636876633,"RBM42",FALSE,0.108347693140995
-0.228488960447866,4.20471229063454,4.62155355393255,0.0503938426410677,0.108183694681393,"CYSTM1",FALSE,0.108589357857312
-0.168326672373498,4.72022155562838,4.61537066398551,0.0505274396292922,0.108420102193529,"TRIO",FALSE,0.108826055707384
-0.219184155742319,9.99755485481212,4.86536740850974,0.0505313165495824,0.108420102193529,"G0S2",FALSE,0.108826055707384
0.124918766666034,5.51841628260713,4.61437531819779,0.0505489858223668,0.108428668722869,"ZNF24",FALSE,0.108834356465866
0.142061935030273,7.34913926014026,4.61223249285732,0.0505954084283329,0.10849889045708,"PNP",FALSE,0.108904543059674
-0.412554239973723,2.3836702103332,4.60507059928211,0.0507509324630881,0.108802972570947,"PLAT",FALSE,0.109209463519314
-0.388505071655673,1.4375655723677,4.59752082878723,0.050915493701525,0.109126259547361,"SORBS1",FALSE,0.109533659033483
-0.111321283487569,5.91905204129893,4.59265131187321,0.0510219696151645,0.109324912191628,"PSMA5",FALSE,0.10973275365227
-0.1455404333725,4.86347452142275,4.59118822227739,0.051054012832828,0.109364013439249,"BAZ2A",FALSE,0.109771701172767
0.31961264935466,4.57987578750675,4.79239921644534,0.0511064548141598,0.109446778435078,"DRAM1",FALSE,0.109854475041187
0.158033677719728,4.91987599503964,4.58554983176471,0.0511777230417314,0.109569805097177,"MRPL36",FALSE,0.109977660153508
0.153601303790806,4.74198219756885,4.58303351368464,0.0512330475486677,0.109658639569611,"ATG16L2",FALSE,0.110066525385439
0.166904159075486,4.34748606909794,4.57393636898886,0.0514336528272318,0.110058299491037,"WASHC2A",FALSE,0.110467371039513
0.219232287496914,3.70871384800227,4.57323507559648,0.0514491560179218,0.110061767110114,"ZC2HC1A",FALSE,0.110470550861049
0.104569161691162,6.23388857177355,4.57087098496412,0.0515014588112951,0.110143934571337,"NRBF2",FALSE,0.110552722756235
-0.117716137124582,6.91298374594457,4.57001996130206,0.051520302173271,0.110154518778234,"FKBP1A",FALSE,0.110563045633623
-0.805306004017139,0.0882038944969636,4.56705784344469,0.0515859531880621,0.110265148793463,"BIRC5",FALSE,0.110673785189421
0.121227173652688,5.50870735725132,4.56334506896018,0.0516683816382814,0.110411571328381,"ARRDC2",FALSE,0.110820449372823
0.138960584556629,5.19530619555407,4.562429578073,0.0516887307453057,0.110413011315807,"POLK",FALSE,0.110821293206123
-0.144777969528012,4.87730291077624,4.56206174547879,0.0516969094354536,0.110413011315807,"SUN2",FALSE,0.110821293206123
-0.477426452938389,0.600625465670734,4.55575044616723,0.0518374795056908,0.110683419747136,"BEX1",FALSE,0.111092212940082
-0.166849248100561,4.92497988085614,4.5546691624845,0.0518616081643716,0.110683832827709,"ZNF217",FALSE,0.111092212940082
0.241352028445282,3.36158683860325,4.55449054673589,0.0518655952264052,0.110683832827709,"ASB3",FALSE,0.111092212940082
-0.507698811216096,1.080541446728,4.55217077832362,0.0519174101657472,0.110764593055448,"NHSL2",FALSE,0.111172970178243
0.122220013374256,6.11191597777223,4.54386994202637,0.0521033236205764,0.111131328938372,"APH1A",FALSE,0.111540756381223
-0.79625252102891,-0.445259104471642,4.54161875984528,0.0521538793603634,0.111180903918304,"PXDN",FALSE,0.111589910635609
0.123362638446369,5.58046340152241,4.54158605582363,0.0521546142371558,0.111180903918304,"HELZ",FALSE,0.111589910635609
0.300106873113275,2.43919880785113,4.54090843942304,0.052169843404256,0.111183472717457,"CDKL3",FALSE,0.111592187439242
-0.347542689490767,2.72231494941211,4.53326177749347,0.0523420655219061,0.111520530894295,"HELLS",FALSE,0.111930182459711
0.167989972429841,4.87105493236774,4.52984844754236,0.0524191601073101,0.111654782732605,"DDB2",FALSE,0.11206462505438
-0.152183298496288,5.69410778709443,4.5290564341208,0.0524370680413952,0.111662926519522,"CSK",FALSE,0.112072496481311
-0.213467325571542,4.73186513864862,4.53877622998956,0.0524921009981706,0.111750101158297,"DDHD1",FALSE,0.112159688544505
0.0965956786938881,5.98649339227336,4.52570908693145,0.0525128339648678,0.111764227563348,"TXN2",FALSE,0.112173564526906
0.132085464472696,6.97719144198338,4.52214274447249,0.052593699781105,0.111906294112883,"GOLGA4",FALSE,0.112315848976835
0.243081913077743,3.72949712456255,4.52003502111295,0.0526415613132172,0.111978078371662,"ATRN",FALSE,0.112387593502852
0.0902225672317387,7.72061633892126,4.50973990079583,0.0528760841149741,0.112446779738067,"VAPA",FALSE,0.112857705407143
0.121614418155102,7.66807403350909,4.50584096357566,0.0529652255756367,0.112600647448929,"EIF4A2",FALSE,0.113011527974897
-0.236830203453876,3.16467493295835,4.5053333853798,0.0529768434642414,0.112600647448929,"GPX7",FALSE,0.113011527974897
0.338905130360969,3.90535508056512,4.58939293670054,0.0530099763075232,0.112640871660693,"AC135050.1",FALSE,0.113051595384588
-0.357496255079854,2.47397028178963,4.4984587780044,0.0531344938069465,0.112845254676458,"ITGB4",FALSE,0.113256115875587
0.412195928933669,2.0408060317661,4.49845290957981,0.0531346286209913,0.112845254676458,"PTPRM",FALSE,0.113256115875587
0.135938383185445,5.1261985188075,4.49570471780738,0.0531978068878229,0.112949173274413,"RNF216",FALSE,0.11336010891595
0.769378224590947,4.976421426228,5.14725169399573,0.0533362598364903,0.113183049116831,"IL6R-AS1",FALSE,0.113594227054056
0.127000302109698,5.3800718135638,4.48968472970856,0.0533365125505147,0.113183049116831,"MEA1",FALSE,0.113594227054056
-0.273647994449952,2.57320059038383,4.4877743558012,0.0533806189284156,0.113246333118672,"FASN",FALSE,0.11365743673461
0.121012660655415,5.85596477788995,4.48644073451621,0.0534114350152157,0.113261534167801,"DUSP23",FALSE,0.113672084931467
0.164665194592247,5.82930921309977,4.50227259558892,0.0534163567423573,0.113261534167801,"SIPA1L2",FALSE,0.113672084931467
0.113031142353427,5.66151012896788,4.48274517363657,0.0534969390602415,0.113402067612191,"MMADHC",FALSE,0.113812823633968
-0.137972849202132,5.92843977478046,4.4804088670429,0.0535510779596739,0.113486486518122,"PALLD",FALSE,0.113897244105375
-0.0983091082698337,6.3269322729803,4.47835745524146,0.0535986686876014,0.113556987000348,"SLC39A10",FALSE,0.113967695525216
-0.73328310629324,-0.0693066584201483,4.47183946719851,0.0537502132604985,0.1138476331096,"SLC38A5",FALSE,0.114259087983326
0.190403815195158,4.51117054083558,4.46987788165705,0.0537959201131155,0.113912654267745,"NMD3",FALSE,0.114323734581203
-0.187716196096734,4.64646087568376,4.46928910828637,0.0538096481120969,0.113912654267745,"RBL2",FALSE,0.114323734581203
-0.119325687622342,7.31240265300983,4.46770350593003,0.0538466391411749,0.113960532597767,"GTF2B",FALSE,0.114371481033749
-0.128275650268793,4.73804124058504,4.46300042449566,0.053956536635902,0.114143847276284,"MTREX",FALSE,0.114554846953963
-0.102107573916507,6.24935879032667,4.46276474018447,0.053962050907103,0.114143847276284,"OSTC",FALSE,0.114554846953963
-0.11550136189413,5.69647291903427,4.4608873312783,0.0540060002794526,0.114206340414911,"EIF4G1",FALSE,0.11461726029136
0.168824348449458,5.94090397613526,4.48812595372536,0.0541716522045714,0.114526095647425,"PHACTR4",FALSE,0.11493786050838
0.119869404190108,5.76185237957436,4.45129795208701,0.0542311480689312,0.114621312154222,"PSMD11",FALSE,0.115033113755261
0.336070587760126,2.01747790932397,4.44946124384084,0.0542743990421074,0.114678583794222,"RAD51AP1",FALSE,0.115089980145251
0.570900267812101,4.68275816316621,4.96300893370545,0.0542871751992579,0.114678583794222,"LINC00346",FALSE,0.115089980145251
-0.145752084131942,6.79807796599944,4.4455533264659,0.054366559462562,0.114815685513903,"PRKAG2",FALSE,0.115227268078037
-0.530206494739649,2.59838156220197,4.53775885743458,0.0544191516513766,0.114896147614411,"TNIP3",FALSE,0.11530771293963
0.134352501691397,6.7170221295905,4.44003428614599,0.0544970318941787,0.115029943785157,"GGNBP2",FALSE,0.115441682512057
0.143353244233447,4.56181057505232,4.43846802852191,0.0545341266266766,0.11507760337937,"ZNF280D",FALSE,0.115489206872301
0.247094078275653,4.87091278164934,4.52786829781909,0.0545801949604774,0.115144168612737,"TM2D2",FALSE,0.115555704353303
-0.204694704801774,5.05078061337122,4.46923416233722,0.0546119973652822,0.115180610564501,"CLIC4",FALSE,0.115591970780143
-0.120863151253863,5.56693105532213,4.43418244315623,0.0546357784731099,0.115200120142238,"ABRACL",FALSE,0.115611244375815
0.609403458525856,1.54790753644602,4.43561029478927,0.0547093887389505,0.115316245143921,"STON2",FALSE,0.115726866885655
-0.14097948018183,4.89611482119392,4.4301411728339,0.0547318416070378,0.115316245143921,"SNN",FALSE,0.115726866885655
0.590203963380307,4.52007197441375,4.93828006916513,0.0547344892124843,0.115316245143921,"HIF1A-AS3",FALSE,0.115726866885655
0.141144935652919,5.29425633476411,4.42801634391463,0.0547824304125233,0.115386585629778,"SAR1B",FALSE,0.115797152345012
0.379790830159985,5.09188840276584,4.80286877435102,0.0548227769349747,0.115440896557896,"MRC2",FALSE,0.115851351044456
-0.0964206620947769,5.84145251869534,4.42422157797927,0.0548729160637167,0.115515793561643,"FAAP20",FALSE,0.115926208836138
0.142706451479648,4.92781626903886,4.42232107136074,0.0549183001149336,0.115580643300025,"TMA16",FALSE,0.115990983459905
0.732696356805728,12.3430036218165,5.11391520951648,0.0552250525814321,0.116195386641612,"CCL4L2",FALSE,0.116607602314801
0.188216898697413,3.963902792738,4.40487719111539,0.0553369501104362,0.116399931142356,"CNST",FALSE,0.116812565104506
0.173969290807344,4.97722724260021,4.4002328026581,0.0554490532717686,0.116604799559305,"KRIT1",FALSE,0.117017852042591
-0.444968367927199,5.28671992896086,4.89576153041272,0.0555060166814898,0.116693635706935,"AL109615.2",FALSE,0.117106695076802
-0.135236389299694,5.41149567041506,4.39166521446465,0.0556565611513209,0.116979113681779,"UBE2F",FALSE,0.117392875167364
-0.135955600386003,6.87977552019113,4.38968924530074,0.0557045502525929,0.117048946303355,"NQO2",FALSE,0.117462646383813
0.235555981312008,4.54140251994832,4.41625937456954,0.0557464112714878,0.117095606647021,"ERRFI1",FALSE,0.117508855080244
0.198236689410566,3.61823650282496,4.38756085894496,0.0557562960510222,0.117095606647021,"AC092944.1",FALSE,0.117508855080244
0.412219313353749,7.85306965013835,4.90822886410654,0.0558754813456079,0.117314834774359,"OTUD1",FALSE,0.117728548285825
0.10237423940049,7.98520132528523,4.37696861588473,0.0560146684695308,0.117575931063394,"COX5B",FALSE,0.117990256204001
0.137575017491009,6.80624801022951,4.37537194086107,0.056053738881225,0.117626797736991,"NUDT16",FALSE,0.118040993024937
-0.129360620302041,5.45187875298758,4.36912544567873,0.0562069014126795,0.117889436554138,"BCL6",FALSE,0.11830393757671
-0.17828754669248,4.32413617852152,4.3690547988116,0.056208636500333,0.117889436554138,"TXLNG",FALSE,0.11830393757671
0.618609630708533,0.854417382842761,4.36246528925542,0.0563707553036482,0.118198187793526,"ABCG2",FALSE,0.11861346428476
-0.103813481055123,6.25446622787762,4.3614182741076,0.0563965657203848,0.118221039934217,"CRK",FALSE,0.118636086714337
-0.142195710501478,5.28836094023669,4.3525382906672,0.0566160359746458,0.118623727457337,"SLBP",FALSE,0.119039566367365
-1.25408153606532,3.71678784338399,5.02337233328086,0.0566185904009287,0.118623727457337,"TNFAIP6",FALSE,0.119039566367365
-1.07664517303292,5.30092607961289,5.03629704440267,0.0566992817081573,0.118761401686201,"FCN1",FALSE,0.119177412299056
-0.549282479882608,0.343893292717299,4.3418862347011,0.0568806448155014,0.119090908918502,"CNKSR3",FALSE,0.119507450703056
0.154158939991806,4.1816343768355,4.3416456264446,0.0568866387581187,0.119090908918502,"CEPT1",FALSE,0.119507450703056
0.302588553448146,2.00991477233631,4.33272009640825,0.057109520032841,0.119525943722377,"FBXW8",FALSE,0.119943694699739
0.0961850636610636,6.83625460723824,4.3228596864069,0.05735695523253,0.120012124857086,"PET100",FALSE,0.120431261546341
-0.160111980793319,4.66097465431886,4.32047477998875,0.0574169930209929,0.120099323395222,"CPPED1",FALSE,0.120517198373009
0.134122297630343,5.17117251418854,4.31928094085148,0.0574470748853321,0.120099323395222,"RBM28",FALSE,0.120517198373009
0.106395488212235,5.57580509398098,4.31915743312086,0.0574501880521741,0.120099323395222,"LLPH",FALSE,0.120517198373009
0.138351902648555,6.06150158678259,4.31856024823787,0.0574652436761375,0.120099323395222,"UBE2L6",FALSE,0.120517198373009
-0.164040842397551,4.71853334081396,4.31819820301153,0.0574743734815175,0.120099323395222,"FAR2",FALSE,0.120517198373009
0.148673048670754,5.28801002930257,4.3102614460762,0.0576749514060113,0.120486696902993,"PPP2R3C",FALSE,0.120905605954379
0.171529152353677,4.50003474797286,4.30900019410939,0.0577069024415338,0.120521686658715,"STK25",FALSE,0.120940403680341
0.130932477426206,5.36312053060208,4.30783661876318,0.0577363977356078,0.12055153048404,"RPS6KA1",FALSE,0.120970037596042
0.364951409836938,2.43676093574382,4.30517469392538,0.0578039419534716,0.120643287193564,"RASL11A",FALSE,0.121059608190271
0.140067799105653,5.72854962843472,4.30450810486431,0.0578208708375746,0.120643287193564,"TBC1D15",FALSE,0.121059608190271
-0.142921291725762,5.35354005585203,4.30417263279915,0.0578293928126419,0.120643287193564,"AMZ2",FALSE,0.121059608190271
0.101070509004852,12.4265176399832,4.30363189380427,0.0578431323166707,0.120643287193564,"TMSB4X",FALSE,0.121059608190271
0.271825040556432,2.58121677643138,4.30222491646965,0.0578789000648136,0.120643287193564,"AC090517.5",FALSE,0.121059608190271
0.114579848698871,5.83712250813764,4.30204154432242,0.0578835636339753,0.120643287193564,"FTX",FALSE,0.121059608190271
-0.182125698396634,4.40037712465986,4.30171571719253,0.0578918512593425,0.120643287193564,"CREB3",FALSE,0.121059608190271
0.130060688100948,5.21153154844717,4.30131356492802,0.0579020822113407,0.120643287193564,"SNX1",FALSE,0.121059608190271
-0.18940014506785,3.46358936298763,4.29781566179345,0.0579911614029191,0.120797143353217,"PMM1",FALSE,0.121213682550331
0.0851906339230669,8.72395472614427,4.29569893381449,0.0580451461703076,0.120877835260888,"UQCRB",FALSE,0.121294339928298
0.554409026073494,1.16633305137008,4.28805491198956,0.0582405969950298,0.12122643811308,"LINC02158",FALSE,0.121642578052869
-0.240122199026109,3.90326070100192,4.28676141198579,0.0582737480758843,0.12122643811308,"LINC00937",FALSE,0.121642578052869
-0.226881816490248,3.96449333275899,4.28658039666437,0.0582783891045059,0.12122643811308,"ICAM2",FALSE,0.121642578052869
0.76743006818185,-0.0578829097598644,4.28656360913738,0.05827881954005,0.12122643811308,"KLRK1",FALSE,0.121642578052869
-0.0843249317715486,8.16146204189154,4.28616665018232,0.0582889987496292,0.12122643811308,"SNHG6",FALSE,0.121642578052869
0.318813924969048,2.69368116997333,4.27970432175348,0.0584550101253239,0.121528502032386,"C5AR2",FALSE,0.121945052126154
0.330177508757688,2.33962396989146,4.27932012826334,0.0584648974207267,0.121528502032386,"ESR1",FALSE,0.121945052126154
-0.809090832641274,-0.284179216870711,4.27862654537444,0.0584827519548377,0.121533750327117,"HEPN1",FALSE,0.121950005267393
-0.221481231485144,5.09816054130278,4.35348457157239,0.0586045671066053,0.121754981137622,"TLE3",FALSE,0.122171680250288
-0.378358339160256,3.45605545502685,4.31281927620505,0.0586618549260263,0.12182232620797,"RARRES2",FALSE,0.122238628863082
0.0847789581416379,7.6428122732787,4.27145622486028,0.0586677146142821,0.12182232620797,"RBX1",FALSE,0.122238628863082
-0.102147301401038,6.07048825197889,4.26579951269126,0.0588141244019787,0.122094364561112,"EWSR1",FALSE,0.122511282929346
-0.255747472407333,2.44427849840036,4.26261865807007,0.0588966439054128,0.122233663058145,"CDC42EP4",FALSE,0.122650742978282
0.165659067867428,9.19834447777007,4.33998197019866,0.058919202944524,0.122248479702744,"C5AR1",FALSE,0.1226652961937
0.353781834827708,8.88128465866224,4.73321413808088,0.0589674676680681,0.12231661006605,"USP53",FALSE,0.122733344858399
0.126401467434845,5.08761746815061,4.25385870276731,0.0591246131158106,0.12261049771963,"MCUR1",FALSE,0.123027919209286
-0.111459205677579,6.51346542105546,4.25079411352108,0.0592046140072349,0.122744293893661,"SSU72",FALSE,0.123161856125956
0.212254455196722,4.14525575247634,4.24764151670009,0.0592870468730149,0.122852740256685,"MDFIC",FALSE,0.123270041834066
-0.12260555884897,6.21119490278617,4.24760837189767,0.0592879142560644,0.122852740256685,"DNAJA2",FALSE,0.123270041834066
0.149950122134177,4.71078024034152,4.24608481991862,0.059327801173349,0.122903268278628,"FAF2",FALSE,0.123320426818903
0.104768556723413,11.6973132141557,4.24503829782345,0.0593552178606181,0.122927943364415,"ACTB",FALSE,0.123344871090992
0.113976847472397,6.07696220341846,4.2410689018413,0.0594593449636092,0.123111435589317,"SPAG7",FALSE,0.123528670786739
0.251725583563365,3.23271695161586,4.23972447907919,0.0594946618164445,0.123152396574614,"NMT2",FALSE,0.123569455784326
0.36512313487488,2.09333991875723,4.23695257620986,0.0595675562543982,0.123254439060701,"CCDC102B",FALSE,0.123671214200738
0.0963428928808631,5.37997580229958,4.23666777862907,0.0595750517760601,0.123254439060701,"EHD4",FALSE,0.123671214200738
0.314466469121637,2.19968351612937,4.22889644364479,0.0597800179619446,0.123629061326041,"CCDC9B",FALSE,0.124046472333674
0.396941846602333,1.69201203341508,4.22862041840729,0.0597873134616603,0.123629061326041,"ZRANB3",FALSE,0.124046472333674
-0.120477620168015,5.33883044044204,4.22484871436161,0.0598871080153387,0.123803127078385,"RAB4A",FALSE,0.12422081014872
-0.18204492794871,3.91476308401056,4.22351129214734,0.0599225421717194,0.123829855250965,"IL15",FALSE,0.12424668237242
-0.123930451326043,6.18635211349201,4.22277776669939,0.0599419870697113,0.123829855250965,"RLF",FALSE,0.12424668237242
0.546662264822939,2.01047258054059,4.25803354798804,0.0599468951126643,0.123829855250965,"FKBP9",FALSE,0.12424668237242
0.183781430955897,4.65520120513478,4.22178772853291,0.0599682437384981,0.123841686991095,"NFATC2",FALSE,0.124258238866883
-0.611833908773738,0.803857473274355,4.21748362225482,0.0600825517353634,0.12400764279217,"RORA",FALSE,0.124423492551922
0.541468269887829,1.78691189239736,4.21685662824665,0.0600992250267625,0.12400764279217,"RTKN",FALSE,0.124423492551922
0.134108361251234,5.06781268216215,4.21675070048846,0.0601020424470207,0.12400764279217,"PPP2R1A",FALSE,0.124423492551922
0.374696630208322,3.44834412894344,4.27158090812233,0.0601111719538734,0.12400764279217,"TRIM72",FALSE,0.124423492551922
0.181606041551295,5.73749946572748,4.27437757402819,0.0601410815288136,0.124037069292517,"TAB2",FALSE,0.124452702990279
0.305665525094401,4.27775333471041,4.32748031477184,0.0601674588971563,0.124059197434761,"SCCPDH",FALSE,0.124474590649107
0.12845709335458,7.42616533933591,4.20175946399902,0.0605023646007322,0.124717302796309,"SLC16A3",FALSE,0.125134583440422
-0.0898003325470821,7.52109645714999,4.19769207641137,0.0606115264690289,0.124909847113715,"ANKRD12",FALSE,0.12532745551785
0.131269486826443,6.1384441505001,4.19309414978247,0.0607352098489605,0.125132209896715,"MRPL41",FALSE,0.125550244867518
0.592745615214336,0.919716115468879,4.18911650205396,0.0608424505380336,0.125320589209023,"NR3C2",FALSE,0.125738936342767
-0.232224753103352,3.24253437269794,4.18118644611998,0.0610569256195082,0.125706346361646,"LRRC8A",FALSE,0.126125027814085
0.146874216032753,4.70449638691875,4.18100554063591,0.0610618288641177,0.125706346361646,"MIOS",FALSE,0.126125027814085
-0.177935981798899,5.30970326858609,4.19023557099807,0.0610773014865111,0.125706346361646,"PTK2B",FALSE,0.126125027814085
-0.236293918305521,3.53247386407898,4.17973868083059,0.0610961788624913,0.125712563203174,"VRK1",FALSE,0.126130947871778
-0.138558939148123,5.19832774090457,4.17839950066437,0.061132514819191,0.125754690577724,"MIA2",FALSE,0.126172898020851
-0.282514804587591,3.00035060825048,4.1761655247412,0.0611931865947714,0.125846843923047,"GK5",FALSE,0.12626504033358
-0.221004425501417,4.53515215767423,4.18954747117604,0.0612683316968671,0.12596870687053,"SAMD1",FALSE,0.126386990601707
-0.10489716343368,10.1173328152816,4.16881270660258,0.0613933867235042,0.126193095655676,"ATP5F1E",FALSE,0.126611806441824
0.77051340816394,0.518103778291488,4.16683142431743,0.0614474658975982,0.126271516235396,"LDB2",FALSE,0.126690169155006
-0.113634532694405,5.79314043296327,4.16591840278573,0.0614724059667987,0.126290032263483,"FIBP",FALSE,0.126708428625442
-0.103429505114794,5.75812614782166,4.16517809094626,0.061492637162341,0.126298867208041,"RB1CC1",FALSE,0.1267169750366
0.110473321973857,5.6253183765319,4.16390783852456,0.0615273690375453,0.126337472605454,"POLR2G",FALSE,0.126755390501512
0.24216667014439,4.42438205902097,4.19630135996938,0.0615867071969301,0.126426570341083,"GAS2L3",FALSE,0.126844465175795
0.241366781049787,3.16915765718146,4.15895373075268,0.0616630503781312,0.126550521200576,"ACO1",FALSE,0.12696850780944
0.380885364034621,2.15413778767654,4.15012425015038,0.061905754547578,0.127015740696998,"AL356124.1",FALSE,0.127434944950567
0.65583757574233,6.96723050321943,4.76254247884098,0.0619826805388485,0.127140670455884,"S100A8",TRUE,
-0.108694204982733,5.68866303613785,4.14577197782229,0.0620258085327321,0.12717141439127,"AIP",FALSE,0.127623497503758
-0.106311284086918,5.10998031227107,4.14562925298749,0.0620297501830274,0.12717141439127,"TRIM33",FALSE,0.127623497503758
-0.914615516729482,-0.995165383294556,4.20376112270812,0.0621166148252497,0.127316577645962,"NFASC",FALSE,0.127768848979978
-0.295526077767317,2.35364469868683,4.13877399138023,0.0622194250310592,0.127494340048136,"INKA2",FALSE,0.12794691474672
0.343825971879063,3.03733266994894,4.13332447208649,0.0623706986694143,0.127761013648865,"AC006994.2",FALSE,0.128213877903026
-0.122698520819558,7.31849474822697,4.13292529642368,0.0623817966491874,0.127761013648865,"WTAP",FALSE,0.128213877903026
-0.110355504419441,9.05785780459123,4.13134212776669,0.0624258354918447,0.127818187959541,"LIMS1",FALSE,0.128270926448814
-0.138686070735615,6.11309634963982,4.12843670822155,0.06250675175407,0.127950820528342,"CASP4",FALSE,0.128403700213446
-0.110733813349696,7.38792755141141,4.12698122308672,0.0625473342051804,0.127999495356215,"COX5A",FALSE,0.128451890398162
-0.0973035511883611,7.09719193910776,4.12642608952072,0.0625628209517322,0.127999495356215,"RUNX1",FALSE,0.128451890398162
0.178692075064437,4.14427625305455,4.1240066695448,0.0626303697434312,0.128104636564995,"ZNHIT6",FALSE,0.128557074736517
0.171529586625999,4.2060113752376,4.1218357347226,0.0626910550324369,0.128195688495527,"GORASP2",FALSE,0.12864811970449
0.251009803708841,2.67853866330375,4.11922322505493,0.0627641769074217,0.12831211823673,"TECPR2",FALSE,0.128764631686632
0.30069066540211,2.83815349569011,4.11816146744871,0.0627939236513805,0.128339836738372,"BBS2",FALSE,0.128792119376614
-0.178164006625756,4.31508440604052,4.11293930269735,0.0629404754882176,0.128606208677987,"AEBP2",FALSE,0.129059100962045
-0.297009889098646,4.66155381696439,4.27815522726577,0.0630167100646589,0.128707435308453,"GPM6B",FALSE,0.129159368439008
0.112136545843597,4.99883699661731,4.10933536783881,0.0630418522257027,0.128707435308453,"APC",FALSE,0.129159368439008
0.0839943407002825,7.00084785531052,4.10903589713802,0.0630502849368331,0.128707435308453,"ARHGDIA",FALSE,0.129159368439008
0.202832899992209,3.81599796210456,4.10887008999907,0.0630549544321432,0.128707435308453,"DHRS7B",FALSE,0.129159368439008
-0.76841377761951,-0.121698319506472,4.15870836086712,0.0633462597812872,0.129268763847116,"CST1",FALSE,0.129722338070439
0.284072042652061,3.85518224178615,4.10989794495771,0.0633757219786111,0.129295605724763,"GLCCI1",FALSE,0.129748944321075
-0.17339070422305,3.94555734215325,4.09536448685971,0.0634366913752026,0.129386696481247,"GABPB1",FALSE,0.129840024591802
0.628192408633565,6.94335893101186,4.69542321877719,0.0634681216439627,0.129417507302813,"EGR2",FALSE,0.129870613587309
-0.235347338646999,3.37305971072927,4.09162230086506,0.0635429520103126,0.129536776430383,"S100Z",FALSE,0.129989970381003
-0.0807647690581983,7.04253996575765,4.0907100621884,0.063568887524888,0.129556334266661,"GNB1",FALSE,0.13000926685386
-0.0804529935708866,6.57511287160307,4.09005451717879,0.0635875328787209,0.129561028183629,"HOOK3",FALSE,0.130013647552184
-0.347631813109211,2.83412733843493,4.08941104055165,0.0636058413244194,0.129565033406988,"TSHZ1",FALSE,0.13001733729989
0.438339235922093,1.81186798180326,4.08275797605799,0.0637955061157113,0.129917999610932,"ARMCX4",FALSE,0.130371205494053
0.565747046165039,0.746817475091911,4.0796357393567,0.0638847471312008,0.130066326465372,"BCAM",FALSE,0.130519719372303
-0.133155691032954,4.67435157468226,4.07542283914274,0.0640053981852975,0.130278510093206,"BEST1",FALSE,0.130732311875492
-0.137912339391853,5.65507410009389,4.07042104936668,0.0641489951326106,0.130537277569645,"ZFC3H1",FALSE,0.130991649469856
0.288835768656191,2.88405664490086,4.05774785143625,0.064514556415286,0.131247473251318,"APOL1",FALSE,0.131703984306718
-0.155719184227027,4.27466809403945,4.05649791183145,0.0645507457676903,0.131287406989802,"SPIDR",FALSE,0.131743724134162
0.486134370802475,0.828681190792609,4.05448178017396,0.0646091696731113,0.131372530692082,"MAGI2",FALSE,0.131828810848166
0.146672932581531,5.0700839884965,4.05292066024241,0.0646544515186421,0.131430895292255,"IL4R",FALSE,0.131887045329845
0.35048026174193,2.01126963548487,4.05063465502656,0.0647208277711444,0.131532100120388,"LRP12",FALSE,0.131988268491089
-0.133269345538788,5.983262761135,4.04920378600282,0.0647624157626001,0.131582888817502,"KBTBD8",FALSE,0.132038900460084
-0.584098647290991,0.817342472340783,4.04507423931968,0.0648826194560723,0.131793340263321,"JAKMIP2",FALSE,0.132249748014214
-0.16511940420202,4.24700763022569,4.03489412512472,0.0651800840018433,0.132363654192268,"ATP11B",FALSE,0.132821702474527
0.164019567410102,5.48941000964658,4.03278515471905,0.0653546523623525,0.132684170020162,"CDKN2AIP",FALSE,0.133142992322372
-1.23864136743158,0.421835520705683,4.26228824399063,0.0655989806007595,0.133146113211168,"SCX",FALSE,0.133606196787173
-0.309198019169114,2.37464430196819,4.01606788163131,0.0657344923500207,0.133387011863569,"PNMA1",FALSE,0.133847591298388
0.114510253573413,5.37456192528819,4.01496413768488,0.0657671706034646,0.133419173117776,"EFCAB14",FALSE,0.133879527135425
-0.111656995027062,6.27196919834948,4.01410920648375,0.0657924956613827,0.133436404605639,"NCOA3",FALSE,0.133896481741249
0.103224162611152,5.9666398661384,4.01316419973198,0.0658205025234548,0.133459064963159,"ATG12",FALSE,0.133918884008207
0.397015312022597,1.42968219366678,4.00687315511818,0.0660073116210488,0.13380362222748,"RGS3",FALSE,0.134264291492544
0.139086875805346,4.42233684021379,4.0008013194433,0.0661882124165518,0.134136029662174,"PI4KB",FALSE,0.134597505786679
0.0941934121968338,6.02869507307909,3.99817263660642,0.066266713583198,0.134260798693482,"MFSD12",FALSE,0.134722366350564
-0.349519532680241,1.95322135210232,3.99710018753409,0.066298772407926,0.134291432715901,"CD320",FALSE,0.134752768067503
-0.0883662457485896,5.90023497027446,3.98994394243031,0.0665131697974519,0.134659301897935,"CAPRIN1",FALSE,0.135121224434628
0.281365359095638,4.46102904496171,4.09435261424563,0.0665143574965078,0.134659301897935,"GPR137B",FALSE,0.135121224434628
-0.0843590151073156,8.20647022101545,3.98778532922388,0.0665780033005742,0.134753742702822,"EIF4G2",FALSE,0.13521565094146
-0.120463602913189,7.18389655674988,3.9870071682399,0.0666013937224959,0.134766679283294,"STAT3",FALSE,0.135228293748923
-0.668584262328108,0.197454347391859,3.98430645070394,0.0666826497042155,0.1348966692664,"AQP3",FALSE,0.135358390716261
-0.105419084898937,6.18731094440064,3.98332022408592,0.0667123516459928,0.13492232751261,"NBDY",FALSE,0.135383798626257
0.107545937339009,5.42751236796551,3.98242388234009,0.0667393602632037,0.134942526948911,"ACADM",FALSE,0.135403729114993
-0.10342630398116,6.73457205957163,3.98176040117419,0.0667593607296192,0.134948549684962,"AURKAIP1",FALSE,0.135409434559202
0.101279545260835,6.3654558150728,3.98035162445121,0.066801851693068,0.13500002044931,"UBAC2",FALSE,0.135460743278762
0.106574212794355,5.69317047884293,3.97788717664485,0.0668762611420878,0.135053876336957,"SLU7",FALSE,0.135513770109427
-0.295269866120853,2.09803935783546,3.97778542224187,0.0668793355571653,0.135053876336957,"ABCA2",FALSE,0.135513770109427
-0.177365558109668,5.58570088784877,4.02480984500613,0.0668796062687805,0.135053876336957,"PITPNA",FALSE,0.135513770109427
0.334831865821843,1.63400374985015,3.97661258947648,0.0669147838103372,0.135090503195404,"WDR19",FALSE,0.135550184329606
-0.245071435024362,2.81530272380456,3.97337370786985,0.0670127940025152,0.135253928424628,"INAFM1",FALSE,0.135713828059592
-0.307483607879967,2.95893859128961,3.97070953400417,0.0670935418854993,0.135382438296828,"KIF13A",FALSE,0.135842437155992
-0.260234497136779,2.361233439956,3.96974120342926,0.0671229196258872,0.135407253637159,"ZNF439",FALSE,0.135866999181074
0.0889598815179164,6.47987326522557,3.96690794165885,0.0672089650175362,0.135546343082937,"ROMO1",FALSE,0.136006223069137
0.576927245067572,0.110712729196864,3.96584589866478,0.0672412529460155,0.135576971860633,"KCNMB2-AS1",FALSE,0.136036618055652
0.125174626029118,5.24145328735664,3.96240315622854,0.0673460457715867,0.135753737827902,"PGD",FALSE,0.136213645337243
-0.187818108210224,4.22532432456265,3.96051004794816,0.0674037528401694,0.135835524279833,"AGO4",FALSE,0.136295370861102
0.308394580819847,2.53059883732984,3.95963028915373,0.0674305903888613,0.135855075121447,"NEFH",FALSE,0.136314650008583
0.195160827917224,3.44234058506146,3.95639596005587,0.067529365335684,0.136019514324518,"RBM41",FALSE,0.136479307366475
0.482117668642299,1.59472839314856,3.9557787660936,0.067548233808776,0.13602296104546,"PRKN",FALSE,0.136482427788032
-0.337427129652328,4.45850694404336,4.07775075476822,0.0676102345618454,0.136113240123492,"PTGDS",FALSE,0.136572673814928
0.16158142322256,5.72306688941621,3.97154561201031,0.0677813824188068,0.136423153037903,"LTA4H",FALSE,0.136883294205424
0.194728758461813,11.0534194857619,4.12254667604347,0.0678730687964168,0.13657301761878,"FOS",FALSE,0.137033325468522
0.669667648651654,0.966308524415058,3.94239132303564,0.067959061928674,0.136704802981313,"ME3",FALSE,0.137164877278889
-0.108153351512965,5.31192035739278,3.94193723449904,0.0679730491110412,0.136704802981313,"DYRK1A",FALSE,0.137164877278889
0.262586101335877,2.55010515043644,3.93970464877032,0.0680418690157007,0.136766519368851,"ANKMY1",FALSE,0.137225447393142
0.232079503767326,3.29334895091447,3.93908964225735,0.0680608413508391,0.136766519368851,"PCCA",FALSE,0.137225447393142
-0.135158609663975,5.92158018624846,3.93888894580298,0.0680670340045185,0.136766519368851,"RNASEH2B",FALSE,0.137225447393142
-0.12355420407686,7.8410701997086,3.93870402960855,0.0680727403417618,0.136766519368851,"OST4",FALSE,0.137225447393142
0.281999458493312,3.10812962301572,3.93534142565546,0.0681766069473634,0.136890077857011,"IFT88",FALSE,0.13734773038472
-0.276926987047221,2.52438503771692,3.93484073536582,0.0681920888468491,0.136890077857011,"PLSCR3",FALSE,0.13734773038472
-0.0949864464142833,7.25651943136803,3.93458131437054,0.068200112085546,0.136890077857011,"HNRNPA0",FALSE,0.13734773038472
0.295666148656173,3.13309592804306,3.93436036270201,0.0682069464550017,0.136890077857011,"BACE1",FALSE,0.13734773038472
-0.425158633967817,1.07095272508359,3.93391992340293,0.0682205723528064,0.136890077857011,"ADCY9",FALSE,0.13734773038472
0.396320147771634,4.28559149969146,4.17580939606551,0.0683045383727227,0.137023881634349,"ZC3H12C",FALSE,0.13748164366385
0.138865695199358,5.20598411023092,3.92803761705737,0.0684028660827427,0.137186421023016,"DCTN6",FALSE,0.137644387994852
0.499435680826452,2.85862150524076,4.00550321198727,0.0685406567366494,0.13740193745907,"LILRA4",FALSE,0.137859609147749
-0.500933291821692,1.18953687960685,3.92304606434437,0.0685580122993762,0.13740193745907,"SFRP1",FALSE,0.137859609147749
0.206155528327618,3.59643415693028,3.92290769851541,0.0685623189440061,0.13740193745907,"OGFOD1",FALSE,0.137859609147749
-0.380857955936058,0.962203942378398,3.9182425826675,0.0687077105172909,0.137658511241113,"CIT",FALSE,0.138116699018938
-0.130562253404373,4.93131662526967,3.91744072968778,0.0687327379505165,0.137673862170716,"ZDHHC2",FALSE,0.138131762646472
0.0863140895499764,6.74813916845089,3.90576022228018,0.069098549382057,0.138340000487364,"CIAO2B",FALSE,0.13879943697781
-0.139829663505103,8.33367747472209,3.92530564514833,0.0691002020597831,0.138340000487364,"KLF4",FALSE,0.13879943697781
-0.279977897999373,2.63961941084918,3.90022118657989,0.0692728355146944,0.138650603373011,"LAMB1",FALSE,0.139110731120255
-0.599500399166957,0.161847155202586,3.8985240229965,0.0693263421202556,0.138722675499593,"EPDR1",FALSE,0.139182702146629
0.175620444770884,4.41410886233692,3.8896459069603,0.0696070505229042,0.139249229509358,"RCOR3",FALSE,0.139710660896672
0.187446469352564,3.3970895787195,3.88773721299267,0.0696675771613605,0.139335154322721,"MXRA7",FALSE,0.139796529005909
0.479754930032482,1.62525358420334,3.88672590460294,0.0696996723123774,0.139352870964786,"ADGRD1",FALSE,0.139812940140771
0.126111561521562,5.39531768029172,3.88579498549263,0.0697292318506679,0.139352870964786,"ZCCHC17",FALSE,0.139812940140771
-0.162121396091909,4.53547410963748,3.88535133160023,0.0697433245019382,0.139352870964786,"ANKIB1",FALSE,0.139812940140771
0.746002989357882,1.52492524527918,3.96822503535605,0.0697467447008414,0.139352870964786,"PLPP3",FALSE,0.139812940140771
0.14876934275334,4.88508787753069,3.88453483321297,0.069769269456963,0.139362753402571,"IBTK",FALSE,0.139822514571853
-0.433807595436406,1.01342617497845,3.88367766888256,0.0697965190378964,0.139382066229834,"RBPMS",FALSE,0.139841550605429
0.346031550319026,8.08197050043775,4.28475703467126,0.0698708154169336,0.139472872389006,"EGR3",FALSE,0.139931975176157
0.0982940373591867,7.52652656519042,3.88114287317436,0.0698771757226453,0.139472872389006,"GLRX",FALSE,0.139931975176157
-0.196415955128552,5.44004068417146,3.94976651520747,0.0699946694151317,0.13965925020572,"FAM89B",FALSE,0.140128197700543
-0.237864526846697,3.71189430759656,3.87649750080394,0.0700252802888202,0.13965925020572,"CEP83",FALSE,0.140128197700543
-0.529258244979371,0.246961503696042,3.87639588280077,0.0700285242887837,0.13965925020572,"PAPPA",FALSE,0.140128197700543
1.42582480695665,2.71457129845341,4.46829330485649,0.0700410165007493,0.13965925020572,"IGKC",TRUE,
-0.15668794893472,7.04353050653482,3.92537982161592,0.0701374309804428,0.139816332112887,"SMAD7",FALSE,0.140310482799372
-0.159398523633001,3.88082975636712,3.87089544964143,0.070204385946308,0.13991462337414,"NCAPD3",FALSE,0.140408771892616
0.15669550574091,4.94960361069211,3.87005655399267,0.0702312538340068,0.139932993313899,"ARL2BP",FALSE,0.140426857285357
-0.169347451275489,3.50477861729407,3.86657514500774,0.0703428869379993,0.140120202925743,"RFX3",FALSE,0.140614377898391
0.0970617549264174,8.92658073710246,3.85718960457309,0.0706448989211331,0.140686450300614,"GPX4",FALSE,0.14118227135989
-0.111341795842771,5.71738962844232,3.8563488361757,0.0706720292228377,0.140705135027287,"SH3TC1",FALSE,0.141200671117808
0.135151475391474,5.51259592744265,3.85335209116157,0.0707688311028297,0.140812968662357,"CCDC124",FALSE,0.141307832325105
-0.953077869014177,-1.03595652560665,3.85314558870064,0.0707755074610243,0.140812968662357,"SGIP1",FALSE,0.141307832325105
0.12885108837773,5.35533738805748,3.85302287311532,0.0707794752925696,0.140812968662357,"LARP4",FALSE,0.141307832325105
0.309615964619716,2.53529386355433,3.85010192195707,0.0708739987111242,0.140965645203661,"TOM1L2",FALSE,0.141460694665882
-0.882419291774948,-0.517055200711575,3.95801907325537,0.0712113059110185,0.141580816086742,"KCNE4",FALSE,0.142077321894002
0.0977498794796093,6.57008131769758,3.83947994551149,0.071219007890253,0.141580816086742,"ERH",FALSE,0.142077321894002
-0.164444895512163,7.29348801610588,3.95622356213759,0.0712668484554478,0.141640404751765,"HLA-DQA2",FALSE,0.142136767628359
-0.705476009938136,0.0365739894504349,3.83713330333485,0.0712954995065839,0.141661834608571,"COBL",FALSE,0.142157920808116
-0.0984140225966769,5.3486553253033,3.83462883788325,0.0713772441354453,0.141788722502082,"SF3A3",FALSE,0.14228490113842
-0.0901566381408674,6.34934780509036,3.83305492113339,0.0714286735163494,0.141820093405387,"SRP72",FALSE,0.142315678375218
0.124519169685983,5.0615078639621,3.83305064077854,0.0714288134419411,0.141820093405387,"NDUFA9",FALSE,0.142315678375218
0.149008392542116,5.75016714024679,3.83099824949772,0.0714959443309505,0.141917838421576,"PUF60",FALSE,0.14241341325897
-0.0810920823868805,6.69052688077347,3.82911828852769,0.0715575015879361,0.142004473739464,"IK",FALSE,0.142499999370516
-0.0981570866242208,8.02861710885744,3.82276938943298,0.0717658590940587,0.142382315039464,"BRD2",FALSE,0.142878806657315
0.0958759314431929,5.84213845999174,3.81570295140371,0.0719986199989426,0.142785032711418,"MORC3",FALSE,0.14328222217394
0.139338174544547,5.18610238217125,3.81551376940385,0.0720048638723825,0.142785032711418,"TMEM33",FALSE,0.14328222217394
-0.102333891364241,7.77544914813672,3.81481471512261,0.0720279414974819,0.142795078817714,"ATP5F1D",FALSE,0.143291950282112
-0.0977924607032914,5.8490711937076,3.8096308178768,0.0721993524240186,0.143099116504405,"CDC73",FALSE,0.143596692349512
-0.105457684523403,5.24714803363893,3.80786948336655,0.0722577039925052,0.143178974569503,"CCSER2",FALSE,0.14367647452119
0.084120444182997,5.84824322044008,3.80474830030283,0.0723612450882608,0.143348313608129,"ACBD3",FALSE,0.143846048146687
0.307826031333194,2.80742119852014,3.79747780324845,0.0726031244242217,0.143791548947097,"TBCK",FALSE,0.144290467763375
0.1300964345106,4.99792500339833,3.79448752591194,0.0727028879435697,0.143953170733422,"ACBD6",FALSE,0.144452295389519
-0.35191294810938,2.25503780839806,3.78803195662171,0.0729188235201839,0.144344677370292,"PCDH9",FALSE,0.144844803754919
0.68951823286616,-0.00592857667758129,3.78627286762843,0.0729777973931547,0.144425356398635,"KLRB1",FALSE,0.144925406570021
-0.31288759566115,2.04919921046352,3.78276455331889,0.0730955852666953,0.144622360867073,"RAD18",FALSE,0.145122737079392
-0.339729960041688,3.13384529522292,3.78790966072215,0.0732763191666717,0.144943777034275,"TRAF5",FALSE,0.145444908640725
-1.73571664272967,1.41782559788244,4.3117584908361,0.0733492788079525,0.145051903813781,"TPSAB1",FALSE,0.145553052506058
0.420644883667171,1.38655153345423,3.77412399027655,0.0733866561085285,0.145089628336263,"ARRDC3-AS1",FALSE,0.14559055069831
-0.204593106893005,3.38173472259728,3.77024993526913,0.0735176107768067,0.145287427694119,"NF2",FALSE,0.145788319191931
0.267171167764547,3.14654265131848,3.77008018688529,0.0735233551852681,0.145287427694119,"ZNF254",FALSE,0.145788319191931
2.70434470340726,1.42271084876197,4.55584291395235,0.0735950785958837,0.145392918790971,"IGHA1",TRUE,
-0.123026525218442,4.95962250569924,3.76670858215239,0.0736375643185856,0.145440610343235,"CENPX",FALSE,0.145978040186668
0.113335770611086,5.0225950251096,3.76420187464484,0.0737226139666711,0.14557232466445,"ARL14EP",FALSE,0.146109874925644
-0.155549586004196,4.22109256699561,3.76250885506061,0.0737801227835531,0.145649604937253,"MEGF9",FALSE,0.146187074267815
-0.186415098494336,4.70454313528576,3.75918460800628,0.0738931980444212,0.145807052791583,"IPCEF1",FALSE,0.146344004143737
-0.0803514548976088,7.16969305948801,3.75903008830615,0.0738984591310065,0.145807052791583,"SNRPG",FALSE,0.146344004143737
-0.297000211589799,2.00647564057467,3.75854278931689,0.0739150536288308,0.145807052791583,"CAMKMT",FALSE,0.146344004143737
0.157397959401585,4.52412242020578,3.75430356619296,0.0740596049947151,0.146015125819383,"TLCD2",FALSE,0.14655174452946
0.0808418315414336,6.64862656127081,3.75393257955728,0.0740722712272376,0.146015125819383,"NANS",FALSE,0.14655174452946
0.111749643920624,5.53808362348852,3.75382963024777,0.0740757865849592,0.146015125819383,"NELFE",FALSE,0.14655174452946
0.126206914292436,5.4599437345688,3.75294576391876,0.0741059757537154,0.14603832358326,"OXR1",FALSE,0.146574661558566
-0.123561066540204,4.99310470363679,3.75212969707647,0.0741338622786977,0.146056973197196,"IPO5",FALSE,0.146593013813148
0.154980513082418,4.85495161733716,3.75033045169114,0.0741953903249321,0.146141876893431,"MAP3K5",FALSE,0.146677863232074
0.255990683132424,3.19155923686065,3.74680585408308,0.0743160971282373,0.146296455563746,"IMMP2L",FALSE,0.146831545597384
-0.104821897968307,6.19834537712207,3.74631015691966,0.074333092142686,0.146296455563746,"THOC2",FALSE,0.146831545597384
-0.101942866647318,5.87829181953285,3.74627260420381,0.0743343798303163,0.146296455563746,"UBE3A",FALSE,0.146831545597384
-0.142809906921164,3.95983773882682,3.74588473252528,0.0743476815673984,0.146296455563746,"ATP11C",FALSE,0.146831545597384
-0.181905445981932,4.31351259985673,3.73895820366891,0.0745857025742725,0.146728399505914,"CASS4",FALSE,0.147264702977473
0.177061226255094,4.77706766062653,3.73095800953285,0.0748617573270252,0.147234932296863,"FRA10AC1",FALSE,0.147772719674845
0.365245092643234,1.47745494830693,3.73005633879136,0.0748929471862555,0.147259743376149,"SNX25",FALSE,0.147797253991313
0.0908613271336232,7.64585831217018,3.72946311125261,0.0749134761330312,0.147263585118441,"TLR2",FALSE,0.147800742543456
0.17791108381266,12.0010205390301,3.8679224957895,0.0751107770840717,0.147590952215537,"IER3",FALSE,0.148128200759789
0.202694308245503,6.18568181238684,3.87536052900956,0.0751239933239449,0.147590952215537,"CCRL2",FALSE,0.148128200759789
-0.113533240606798,5.43810035449178,3.72304938550808,0.0751358581157805,0.147590952215537,"ZNF451",FALSE,0.148128200759789
0.108072476313721,5.84334861019171,3.72196002016127,0.0751737081405021,0.147628723838965,"SFT2D1",FALSE,0.148165742489586
0.11055273871447,5.54527160900993,3.72110460200963,0.0752034457023452,0.147650549164981,"EMC10",FALSE,0.148187279950744
-0.149220560806555,4.40389294234679,3.71229395062617,0.0755105601656693,0.148197848923626,"POGLUT1",FALSE,0.148735832537655
-0.0930582897299282,6.04830438781285,3.71203554891323,0.0755195900165805,0.148197848923626,"TM9SF2",FALSE,0.148735832537655
0.301040581685921,2.40960184882085,3.70839348624298,0.0756469999067304,0.148411139633892,"FBXL14",FALSE,0.148949528934072
0.134190371874122,4.49432088692162,3.70635800962036,0.0757183191538176,0.148514308325449,"URM1",FALSE,0.149052703221833
0.194041328869186,4.45249203790724,3.70421498449411,0.0757934939306279,0.148624986367059,"MNAT1",FALSE,0.14916341373607
-0.467133442074772,0.789566985815222,3.70323640794628,0.0758278510264036,0.148655589252554,"COBLL1",FALSE,0.149193758837664
-0.297724505522794,3.30104990599575,3.70196580778558,0.0758724887533867,0.148706326535686,"PLP1",FALSE,0.149244311210782
-0.381760702042637,1.55535182956502,3.70043486656428,0.0759263144841258,0.148775042320848,"CDC42BPA",FALSE,0.149312907015962
-0.92258986161003,-0.781569261377457,3.6997590423474,0.0759500900919142,0.148784856498319,"FLRT2",FALSE,0.149322388256576
-0.524578635965904,0.554357006537076,3.69865133848269,0.0759890786293199,0.148824460319478,"GRB10",FALSE,0.149361766826792
-0.240762507744804,2.5395396265254,3.69595321384303,0.0760841467713841,0.1489738492476,"PRAF2",FALSE,0.149511326581433
0.309082382045831,8.75114351236946,4.04463933708206,0.0761330871304328,0.149032867844462,"AC007952.4",FALSE,0.149570189629314
0.145037743500765,4.48065291931213,3.69373132970059,0.076162541849259,0.149047286677373,"SLC30A7",FALSE,0.149583923967518
-1.58914297667959,-0.87141157982612,3.98351660329142,0.0761780531807161,0.149047286677373,"CPA3",FALSE,0.149583923967518
0.120626965588592,6.23089765070714,3.69113693190645,0.0762542031451571,0.149159467686851,"RBM22",FALSE,0.149696140637316
-0.332014669993413,2.08109852251114,3.69046894813834,0.0762778247623384,0.149168868948155,"DLC1",FALSE,0.149705207642676
0.126291559109194,4.95171515183261,3.68704638852022,0.0763989931561492,0.149332773823356,"CAMSAP2",FALSE,0.149868965418714
-0.107232415007583,4.92916417014465,3.68703744402416,0.0763993101195172,0.149332773823356,"RNF11",FALSE,0.149868965418714
-0.0964367026476219,5.51769498544943,3.68455517438778,0.0764873346029715,0.149467978489613,"MIF4GD",FALSE,0.150004287279614
-0.112275535886405,6.8735321169682,3.67907486407153,0.0766821050814573,0.149811663155691,"C9orf16",FALSE,0.150348836195052
-0.126097330271173,4.59136664956215,3.67502945577331,0.076826261239746,0.150056319070881,"CTDSPL2",FALSE,0.150594000011624
0.571715465329867,0.613521440650598,3.67254100576842,0.0769150976233094,0.150192831024039,"FSIP2",FALSE,0.150730631611053
0.127173023524821,4.31700761618367,3.67022311942652,0.0769979559694024,0.150283887193216,"PPARA",FALSE,0.150821274926531
-0.397542014421245,0.740898503519793,3.67017602767146,0.0769996404867362,0.150283887193216,"FAM227B",FALSE,0.150821274926531
-0.114103314519762,6.50567701056532,3.6688013262976,0.0770488343871493,0.150342889249648,"MAGOH",FALSE,0.150880118643292
0.262689755502311,3.06996262212991,3.66389879467467,0.0772245798742789,0.150634205732185,"EPB41L5",FALSE,0.1511717365846
-0.620975856650548,-0.342589173588883,3.66357703908783,0.0772361309663637,0.150634205732185,"INSC",FALSE,0.1511717365846
0.36178076577331,3.53987429440374,3.73132318988794,0.0772874754827373,0.15069727142822,"RHOU",FALSE,0.151234657688277
0.253860834630125,3.32004831138557,3.66136309207685,0.077315668417611,0.150698446591123,"CRY1",FALSE,0.151234729216408
-0.126023283184384,4.4801477118141,3.66083298910714,0.0773347273000679,0.150698446591123,"UBXN2A",FALSE,0.151234729216408
0.153132259603086,4.14317326412423,3.66054445668311,0.0773451033273559,0.150698446591123,"NBAS",FALSE,0.151234729216408
-0.109574712250268,5.68433183052605,3.65481970139986,0.0775513196727386,0.151063111146307,"SERINC3",FALSE,0.151600321682837
0.149309443151651,4.70957225974289,3.65312164303432,0.0776126138683803,0.151145370363183,"HLTF",FALSE,0.151682503610791
0.316150009289969,3.13786920440892,3.65226853180154,0.0776434302795306,0.151168250308477,"TRAF3IP2",FALSE,0.151705095174142
-0.703941281106933,0.946121274723343,3.6766853021645,0.0778696792065288,0.151571523876592,"SOD3",FALSE,0.152109430396487
-0.165393578291748,3.69334895652009,3.64503634503945,0.0779052655329288,0.151590911231872,"GALNT7",FALSE,0.152128146023008
-0.0916332699282314,6.97411839908582,3.6446886198436,0.077917881340802,0.151590911231872,"SYNCRIP",FALSE,0.152128146023008
-0.690871172093498,-0.55580497230453,3.64019606282585,0.0780810966227707,0.151871181066076,"LRRC4C",FALSE,0.152409038452475
0.114228835841195,4.8418671660603,3.63944521193513,0.0781084152036041,0.151887053160209,"NUDCD2",FALSE,0.152424596228386
0.107154934505465,6.32745541391879,3.63835955578365,0.0781479354834131,0.151926638673982,"DARS",FALSE,0.152463951396317
-0.15570712661518,4.85431510326404,3.63693138180096,0.0781999607715917,0.151990509683054,"PLAGL1",FALSE,0.152527677880317
0.252022213997676,3.15031460792362,3.63497826761605,0.0782711758938674,0.152091637864358,"HLX",FALSE,0.152628792993041
0.102390598142573,7.39353032673876,3.63409516992419,0.0783034012920793,0.152116972664446,"PNISR",FALSE,0.152653846913883
0.0821471000940559,12.3640789286593,3.6325106428586,0.0783612627540741,0.15219208503535,"HLA-DRB1",FALSE,0.152728854026867
0.190347089261329,3.09644368831226,3.6318264830359,0.0783862617931685,0.152203351333882,"SLF1",FALSE,0.152739789860644
-0.519595675462346,3.39686800089335,3.82599052348237,0.0784125746691351,0.152217162580045,"GBP5",FALSE,0.15275327973379
0.661451252006153,12.9374670175328,4.12493453662956,0.0785213963606744,0.152391096780276,"CCL3",FALSE,0.152927456249541
0.119988209617008,5.38427748531873,3.62525233550007,0.0786269688438191,0.152558641457121,"SP140L",FALSE,0.153095220106675
0.128031284518416,4.22512437574447,3.62013889215359,0.0788148078641693,0.152855984481191,"SUCLA2",FALSE,0.153392867022217
-0.0771666181303814,6.61524634095546,3.62003099881047,0.0788187770634597,0.152855984481191,"TERF2IP",FALSE,0.153392867022217
0.272933112152463,3.42459560304859,3.61681077625222,0.0789373538686413,0.153048506106771,"P2RY8",FALSE,0.153585693696507
0.091907146559263,5.68816045913467,3.61600218971296,0.0789671617637927,0.153068865149963,"SMIM19",FALSE,0.153605753179052
-0.132208398128027,5.21283548707315,3.61534054728249,0.0789915627490061,0.15307873612176,"CASC4",FALSE,0.153615287913273
-0.0992589806371029,5.48645515063395,3.6144494450126,0.0790244404054013,0.153105025301569,"NUTM2A-AS1",FALSE,0.153641298497964
0.240040917508903,2.74785514557954,3.61326897879161,0.07906801962311,0.153152030191062,"ZNF532",FALSE,0.153688097357725
0.347521537397917,4.37852661268403,3.79447084848893,0.079157676991052,0.153288242106756,"AC092803.1",FALSE,0.153824415228295
-0.221241675397251,3.85926293657641,3.60833651085955,0.0792504242014213,0.153430369491787,"B3GALNT2",FALSE,0.153966668769124
0.19525883270925,5.389276905743,3.67453128801725,0.0793233157631978,0.153533995940096,"DIAPH2",FALSE,0.154070286386211
0.166223195712309,6.05127578006159,3.66379593945611,0.0793752659339905,0.153597048651373,"IL1RAP",FALSE,0.154133188323386
0.235530044017035,3.22353783563015,3.6042046104369,0.0794036130274533,0.153614408023829,"EEF2K",FALSE,0.154150237415051
0.447548058898551,0.777370555046029,3.59482094722604,0.0797528337855572,0.154252370395681,"ZEB1-AS1",FALSE,0.154790052860956
0.100685279567893,5.58465339146194,3.59178629350736,0.0798661659836085,0.154433893638548,"UBE2W",FALSE,0.154971836359327
-0.276920455125576,2.87873532917663,3.59088557065744,0.0798998416561202,0.154461337393251,"AC093849.4",FALSE,0.154999003340782
0.212770917568589,3.28486003235153,3.58593513476156,0.0800852306862463,0.154781986562789,"FARS2",FALSE,0.155320395703163
0.143519007842434,5.2300006929157,3.58403311409787,0.080156597075377,0.154882159788835,"PIK3AP1",FALSE,0.155420544366187
0.439135187075699,2.19912659830885,3.58500525007593,0.0802379109568985,0.155001500503482,"GCNT1",FALSE,0.155539926800799
-0.476711505673871,1.42363150369669,3.58020790069151,0.0803003560347175,0.155084341691411,"MYO1D",FALSE,0.155622682617836
0.0949299522750054,5.99025072309928,3.5688647100833,0.0807284825306469,0.155873212251088,"CIAO2A",FALSE,0.156413916718258
0.42948138001796,1.44679752503532,3.56680778865349,0.0808064108702152,0.155985689159743,"ZNF565",FALSE,0.156526408860476
0.125111950185075,5.44867382023541,3.56540337243866,0.0808596704586284,0.156050503260956,"HK1",FALSE,0.156591072731828
0.421122903131321,3.039009000831,3.62268185351997,0.0808928068000526,0.156076459554835,"GSN-AS1",FALSE,0.156616744156012
-0.293777451158594,2.80080011932098,3.56071358978662,0.0810378270986632,0.156318222199076,"MAL",FALSE,0.156858968521688
-0.540403853152704,0.534650208407054,3.55900016519945,0.0811030348935819,0.156405950045322,"ZNF536",FALSE,0.156946624635627
0.25148750664592,2.36825272804639,3.5427396922618,0.0817250136449322,0.157567098292078,"LDAH",FALSE,0.158111409011487
0.123226728605169,4.97122966022028,3.54159041869131,0.0817691913268024,0.157613943311182,"ASL",FALSE,0.158158038122404
0.10811410315117,5.3292152005248,3.54029041846964,0.0818191975461726,0.157657698023301,"UBE2E3",FALSE,0.158201188759834
-0.10135847956212,5.73763973495352,3.53996649569093,0.081831663391257,0.157657698023301,"STARD7",FALSE,0.158201188759834
-0.0880327858551328,6.16287024601526,3.53701443779894,0.0819453758331716,0.157838420701017,"ARRDC3",FALSE,0.158382156725644
-0.114564283846888,5.72374866610361,3.53575453267385,0.0819939649414997,0.157893649272822,"AGFG1",FALSE,0.158437197892846
-0.421776335434352,2.12290653458445,3.53523140286536,0.082014149993584,0.157894167350445,"LIMCH1",FALSE,0.158437340276963
-0.105274932184662,5.19627213829406,3.53411813716311,0.0820571254556256,0.15793855076771,"CHD6",FALSE,0.15848149898
-0.34540570082219,2.54246630640201,3.53232867083125,0.0821262611636451,0.158033252064412,"PLA1A",FALSE,0.158576148393921
-0.470534738676024,1.50533579031915,3.528545475018,0.0822726552701788,0.158276537486527,"ANKRD33B",FALSE,0.158819891746746
0.265026578253428,3.2729492870913,3.52052819803112,0.0825839308062374,0.158824729381672,"AP000787.1",FALSE,0.159368829236506
-0.107960048638899,5.71811261401561,3.52007541428368,0.0826015526765302,0.158824729381672,"CNOT7",FALSE,0.159368829236506
0.15389061018542,4.11079946717478,3.51966043118258,0.0826177073625147,0.158824729381672,"JMJD8",FALSE,0.159368829236506
0.239967357599806,4.35314955041969,3.56054341592072,0.0827485636349646,0.159037724241939,"ODF2L",FALSE,0.159582174863219
0.344773289599935,2.33744107014582,3.51415615249355,0.0828323412699543,0.159160155498836,"UBA6-AS1",FALSE,0.159704646237078
-0.0821441097007692,7.06437236811215,3.50796952986889,0.0830743847180348,0.159586557316351,"MIS18BP1",FALSE,0.160132126941198
0.117705909204109,4.90679481113869,3.50395506667791,0.0832319011384718,0.159850414783383,"SLC35D2",FALSE,0.160396506156771
0.119867634788843,5.24353718460888,3.50246128131349,0.0832906049740145,0.159924416622423,"CCS",FALSE,0.160470380529539
-0.227052799445017,3.052068583273,3.50061964301551,0.0833630476533415,0.160024755882734,"GCFC2",FALSE,0.160570682008074
0.2528190077108,2.3108699029437,3.49812997780192,0.0834611018341361,0.16014297019527,"OXNAD1",FALSE,0.160688538948765
-0.112630297279847,5.15275272410183,3.49803032828954,0.0834650293701886,0.16014297019527,"DCAF7",FALSE,0.160688538948765
-0.363109631298639,2.42448301968574,3.49597322399748,0.0835461568196757,0.160259843035662,"CNN3",FALSE,0.160805429617739
-0.0881986573793084,9.57455054972401,3.48950626844229,0.0838018182303873,0.160711372745648,"HMGB1",FALSE,0.161258115295308
-0.149804535722637,4.44457038949695,3.48749234043311,0.0838816282998964,0.160814510516306,"ZNF609",FALSE,0.161360841582824
0.250017576825982,3.01861491423084,3.4871257081893,0.0838961674439256,0.160814510516306,"TMEM260",FALSE,0.161360841582824
0.177564651867696,3.93981689817776,3.48605791691468,0.0839385290100035,0.160817992884632,"C11orf24",FALSE,0.161363574149931
-0.168121011680764,4.21297957287856,3.48605729213716,0.0839385538038101,0.160817992884632,"MRTFA",FALSE,0.161363574149931
-0.211769146936517,9.44184671099125,3.66812105913771,0.084045952659898,0.16098485447878,"BCL2A1",FALSE,0.161530620896481
-0.94270117685486,3.50235636539662,3.88212593688857,0.0841875175368348,0.161217062568122,"APOBEC3A",FALSE,0.161763234915899
-0.112691373691745,4.97270657845118,3.47852464081902,0.0842381237984613,0.161275017018643,"ITCH",FALSE,0.161821004458493
0.107082611350949,5.79670073717151,3.47609214774733,0.0843351380417885,0.161421770737639,"VMA21",FALSE,0.161967873596589
-0.0899273524235916,10.73261086281,3.47427034270904,0.0844078846450723,0.161522015318883,"DDX5",FALSE,0.162068075855199
0.167145348637073,4.16420008655046,3.47302635964405,0.0844576016658217,0.161578152993879,"ATE1",FALSE,0.162124021911146
-0.0899996401104253,6.93003451435477,3.47187154400988,0.0845037866197836,0.16162750791837,"PSMA2",FALSE,0.162173162238893
0.198711760952941,3.85049624362796,3.46872614697683,0.0846297360871558,0.161829365098642,"TOGARAM1",FALSE,0.162375319263179
-0.132092591811944,5.27494311556783,3.46539007334732,0.0847635681046733,0.162046194341416,"MARK3",FALSE,0.162592498059074
-0.365162993462934,1.41373211513304,3.46235663231839,0.0848854810672059,0.162240138356029,"CRABP2",FALSE,0.162786713692173
0.14183626858827,4.0491156381632,3.46035883584808,0.084965887299676,0.16235467691295,"SEC23A",FALSE,0.162901255815733
-0.159073028415165,4.2906287193691,3.45926826829956,0.0850098186203257,0.162399480005287,"SPAST",FALSE,0.16294582751604
-0.129906259138663,4.27283001663223,3.45749530490643,0.0850812973573988,0.162496874355446,"FAM193A",FALSE,0.163043167254096
-0.281376127296009,2.16233118250919,3.45398790061993,0.0852229153749982,0.162716826999697,"AC004540.1",FALSE,0.163263094337283
0.100307077591199,6.20477135236532,3.45362682998192,0.0852375104099068,0.162716826999697,"PURA",FALSE,0.163263094337283
-0.131519880113659,7.59493370756378,3.4640432245271,0.0852874741904394,0.162773012850699,"PSME2",FALSE,0.163319086454128
-0.248244324596694,2.29169849997417,3.44761866167007,0.0854808128433291,0.163102739884937,"EXT1",FALSE,0.163649536714398
0.360282373681999,4.01477220889403,3.59544218747125,0.0855981869064477,0.163287397929335,"KMO",FALSE,0.163834430624148
-0.6035709985768,1.02968808366038,3.4515626169817,0.0857212332763295,0.163482785040832,"SORBS2",FALSE,0.164030088839185
0.371705477856653,5.34934511024415,3.74017267587292,0.0858572532097593,0.163702814681811,"MRC1",FALSE,0.164250471293464
0.202956314044529,3.75391479276069,3.43578281352193,0.0859625637351622,0.163864199397058,"PIGK",FALSE,0.164412011921731
0.0912778529681489,7.0109994696622,3.43242350615188,0.0860998928384517,0.164086526544049,"ERCC1",FALSE,0.164634698005175
-0.0900608163566949,7.07864499299021,3.42721703756982,0.0863132576185283,0.164453618457028,"DHX36",FALSE,0.16500263128337
0.252916620006953,2.92753210084303,3.4254444729024,0.0863860441051067,0.164552752922942,"CPB2-AS1",FALSE,0.165101711659396
0.366624247951448,4.12023745085082,3.59182459598072,0.0864317788823053,0.1645829150341,"AC110769.2",FALSE,0.165131204730649
-0.182314038886736,4.29380938372696,3.42404900961866,0.0864433978559529,0.1645829150341,"EEF1E1",FALSE,0.165131204730649
1.09352993174839,-1.08418206010014,3.42325380054686,0.0864761016198948,0.16460565033434,"CRTAC1",FALSE,0.165153631166432
-0.134396494627782,7.60546034859678,3.44201762070788,0.0865849894906392,0.164773354940419,"B3GNT5",FALSE,0.16532150926012
-0.265967937879879,4.12170908834847,3.47119483117361,0.0866368397666809,0.164832461163966,"TAGLN",FALSE,0.16538042735205
-0.119388683551295,5.4465261150557,3.41580230361309,0.0867832784094581,0.165071456629123,"PDCD7",FALSE,0.16561983219712
0.197854600801977,3.86848700851336,3.41449942426045,0.0868371228147234,0.165134255139153,"GCSH",FALSE,0.165682454234534
0.354680131871535,4.6299018371405,3.61977710014969,0.0871079127166959,0.165580036715352,"AC022868.2",FALSE,0.16612894397663
-0.197439686328858,4.67174592957624,3.42945535199625,0.0871133114454757,0.165580036715352,"CLCN3",FALSE,0.16612894397663
-0.492253082495622,0.0797783793783091,3.4020388729113,0.0873541252185345,0.165984181590372,"NHS",FALSE,0.166533655777031
0.247609792429059,2.31449973004126,3.4017102827375,0.087367809003106,0.165984181590372,"MTFR1",FALSE,0.166533655777031
0.368121412904308,0.978498931385552,3.39531432307496,0.0876346779927047,0.166451300221889,"HULC",FALSE,0.167001933533267
-0.139814109872494,5.13194337172642,3.3928342116969,0.0877384244294283,0.166608438054253,"LRRK1",FALSE,0.167159203785982
-0.104099969087398,4.94843075481236,3.38943707405141,0.0878807721121048,0.166838783837348,"STK40",FALSE,0.167389923283163
-0.116402286732636,6.53348275647022,3.38719037297942,0.0879750671331949,0.16697781475508,"RAB8B",FALSE,0.167529025592291
0.120883695394729,5.03156975471292,3.38595202035718,0.0880270935605816,0.167036571983794,"ICE2",FALSE,0.167587588948831
-0.0857778404323657,6.4932421292124,3.38426902682519,0.0880978600862954,0.167130853018461,"HSD17B11",FALSE,0.167681793128735
0.182807930302606,3.18863266316692,3.38325017139185,0.0881407343128974,0.167172186993457,"ELP4",FALSE,0.167722875583818
-0.445159291690398,1.96968358430659,3.38150492707074,0.0882142341119511,0.16727157331728,"NTM",FALSE,0.167822201481273
0.158383003287134,4.4029025309438,3.37890579577174,0.0883238320444573,0.16743934491833,"PTS",FALSE,0.167990137336126
0.115893685661508,4.80957831715531,3.37405042234221,0.0885290101523059,0.167788188498083,"APIP",FALSE,0.168339739797216
0.142149804024661,4.19371210393871,3.37190903849503,0.0886196835534719,0.167906061890449,"MIGA1",FALSE,0.168456446880861
0.134555395704308,4.99905779799426,3.37142294261759,0.0886402821094571,0.167906061890449,"MRPL13",FALSE,0.168456446880861
0.218846995125659,2.89900584340928,3.37075506815838,0.0886685930566565,0.167906061890449,"KCNK13",FALSE,0.168456446880861
0.105397373873262,4.87938965332146,3.37058230010559,0.0886759184075819,0.167906061890449,"ATG5",FALSE,0.168456446880861
-0.250637349688917,2.12514429308412,3.36994167182614,0.088703087374667,0.167917401314795,"MT1F",FALSE,0.168467435471945
-0.471810212181279,0.827327108881532,3.36846724346187,0.0887656559148737,0.167972449042418,"CSRP2",FALSE,0.168521887815652
0.0878745260980188,8.0743881862598,3.36825796682502,0.0887745410554654,0.167972449042418,"PTGES3",FALSE,0.168521887815652
0.119282416759633,5.26974483261618,3.3675073632128,0.0888064178498091,0.167992670177353,"SAMD9",FALSE,0.168541787477908
-0.0846959647697066,6.17824862866318,3.3658173649215,0.0888782396870923,0.168088426583795,"EIF2A",FALSE,0.168637469232879
-0.0879913793829003,7.33294234199116,3.36351897431088,0.0889760297324342,0.168233237233184,"ZNF706",FALSE,0.168782365093214
0.133975253734015,4.87512477307248,3.35532270564459,0.0893258178975715,0.168854335787303,"HEBP1",FALSE,0.169405101925149
-0.0694656319068511,9.90903334260196,3.35316877795616,0.0894180155646248,0.168966022427917,"YBX1",FALSE,0.169516374827344
-0.14959705999008,4.90225146664187,3.35294673555175,0.0894275265019602,0.168966022427917,"TMEM50B",FALSE,0.169516374827344
0.104734689719274,5.60752424796583,3.35196133412574,0.0894697498205155,0.169005522177042,"MRPS5",FALSE,0.169555614406067
0.382400843949249,1.26323296701399,3.35062983364913,0.0895268413618307,0.169073082019198,"NOL3",FALSE,0.16962300535077
0.538394434219165,2.92795223006723,3.49572201775583,0.0895877284714814,0.169147775975686,"ST5",FALSE,0.169697553473991
-0.0683409552813543,8.18477261166319,3.34703719884125,0.0896811047078499,0.169283761458056,"SRRM1",FALSE,0.169833592040491
-0.0949590449563105,5.09486468612207,3.34568699851857,0.0897391636993238,0.169353032565636,"ATXN3",FALSE,0.16990269926058
0.0825949483025886,5.74009579619889,3.34389355981715,0.0898163523266224,0.169449839656898,"OSER1",FALSE,0.16999904291585
0.0860375121354994,7.14604054263018,3.34350216563673,0.0898332083852098,0.169449839656898,"REX1BD",FALSE,0.16999904291585
0.164350097481072,4.28763224662328,3.34200722357767,0.0898976258197837,0.169531012725796,"DENND6A",FALSE,0.170080090347804
0.56269705999713,0.965605409978541,3.33853032287525,0.0900476624230235,0.169773571388759,"NECTIN3",FALSE,0.170323045514665
0.149303670781835,3.81907521153288,3.33476687537879,0.0902104054851634,0.170039965450874,"KIAA0586",FALSE,0.170589912244867
0.139836018494686,4.73243158163963,3.329844129808,0.0904238172422295,0.170401716923317,"WBP1",FALSE,0.170952443540745
-0.0721290875569802,8.16699043539946,3.32609136777415,0.0905869177791246,0.170668508591469,"RBM25",FALSE,0.171219706877146
0.213561866709688,3.1259559109228,3.32403285903937,0.0906765346550752,0.17076172238399,"ARSG",FALSE,0.171311270539478
0.380680441991316,1.48620694839877,3.32310787468824,0.0907168386191132,0.17076172238399,"AOPEP",FALSE,0.171311270539478
-0.673916201258542,-0.492096153989989,3.32267046133365,0.0907359053956362,0.17076172238399,"CCL28",FALSE,0.171311270539478
-0.857478896376986,-0.621009227539771,3.32266609520372,0.0907360957389498,0.17076172238399,"OGN",FALSE,0.171311270539478
0.092479063027856,6.52211763266126,3.32248275774695,0.0907440888501197,0.17076172238399,"RBM17",FALSE,0.171311270539478
-0.114985651941681,5.70594982607304,3.32134969281527,0.090793506892982,0.170814172436536,"COPS3",FALSE,0.171363499593415
-0.253866387651129,5.43794269199655,3.46554164566178,0.0910599119492877,0.171274728809953,"AC020656.1",FALSE,0.171825146427901
-0.106938250985337,5.2466052349892,3.31237658960131,0.0911860157673812,0.171458672489357,"MRPL32",FALSE,0.172008509129211
-0.122143226168558,4.65916690795115,3.31184979051608,0.091209123159068,0.171458672489357,"PRKX",FALSE,0.172008509129211
-0.588219619189882,-0.291546047504185,3.31154288705948,0.0912225883653013,0.171458672489357,"CCDC80",FALSE,0.172008509129211
-0.153305469442334,4.13031816597656,3.30400567543168,0.0915540349349643,0.172040860147996,"XPR1",FALSE,0.172592172102811
-0.585938389357712,0.435745298723011,3.302491914651,0.0916207776580869,0.172125479922586,"LRRC32",FALSE,0.172676671385265
0.403826052346752,1.05389174412534,3.30003197600987,0.0917293635859886,0.172288650677498,"STX18-AS1",FALSE,0.172839972812824
0.166150458534985,5.67208797367182,3.34254401457394,0.0919081952855314,0.172583650455635,"MAPK6",FALSE,0.173135524260979
0.342426614538769,2.31630508373309,3.29168869254212,0.0920988119081226,0.172900634811176,"PART1",FALSE,0.173453129383741
0.234128849089284,3.9438713182776,3.29107535175534,0.0921260421826439,0.172910810232955,"FAM234A",FALSE,0.173462944625925
0.0813424029655373,8.00709048302626,3.29029852205815,0.0921605448014183,0.172934627026188,"UBL5",FALSE,0.173486444909336
0.0778647366747154,7.18441534973328,3.28616732703671,0.0923442932918721,0.173238418650725,"NDUFB1",FALSE,0.173790812841225
-0.681843631285481,-0.0214038977204394,3.32677128404366,0.0923671219023803,0.173240251346598,"ELOVL7",FALSE,0.17379225850178
0.102916199893609,5.32487989580293,3.28509946682743,0.09239186197838,0.173245667399384,"APOL6",FALSE,0.173797299108328
0.199667698058857,4.29547543880697,3.28193161215516,0.092533151173686,0.173469572595172,"TCF7L2",FALSE,0.174021524217307
0.275983420239824,3.76761528585735,3.30391210645975,0.0925771290350055,0.173510987940786,"IFNLR1",FALSE,0.17406267840997
0.164009098463031,5.88889961716685,3.32959299894255,0.0927650457804736,0.173822094764262,"ARID5B",FALSE,0.174374380973174
0.17052135922739,4.10570704901453,3.27538194662339,0.0928261023898694,0.173876335600842,"TMEM245",FALSE,0.174428007574308
-0.107832448952781,5.58456977437765,3.27511966961483,0.0928378567858685,0.173876335600842,"PLAAT4",FALSE,0.174428007574308
-0.105983573985329,4.9756316254477,3.26958454540532,0.0930863436886508,0.17430055095976,"BAIAP2",FALSE,0.174853174911586
-0.268686092848475,3.50790017804988,3.26372731587571,0.0933501681704006,0.174750667219135,"CALD1",FALSE,0.17530353445679
0.136201338818891,5.50414715358024,3.26309155227951,0.0933788590090088,0.174750667219135,"BIN2",FALSE,0.17530353445679
0.0787595773736015,12.9716218224941,3.26278143627485,0.0933928578465534,0.174750667219135,"MT-CO3",FALSE,0.17530353445679
-0.333136899229319,2.16849360142206,3.26164195021647,0.0934443168129966,0.174805696954563,"JHY",FALSE,0.175358343938253
-0.224921039270132,2.96335683112726,3.25651507216659,0.0936762708036258,0.175161363789268,"FAS",FALSE,0.175714345462467
-0.0962580530092604,5.39113475285294,3.25646299520419,0.0936786304826558,0.175161363789268,"CLDND1",FALSE,0.175714345462467
-0.201619049347145,3.76531835812058,3.25503865716299,0.0937431971212542,0.175240760852936,"SKA2",FALSE,0.175793598410198
-0.082914079799064,7.26375580593313,3.25157503858777,0.0939004313552901,0.175491557617904,"SEPTIN2",FALSE,0.176044396263597
0.195066684173784,3.87273345016387,3.25110861390876,0.093921629537433,0.175491557617904,"ARHGEF3",FALSE,0.176044396263597
0.314047523910376,1.93419060541231,3.2467458780618,0.0941201891360144,0.175821126171141,"TMEM135",FALSE,0.176374607519867
-0.251093660004964,3.27400990204685,3.24422454065482,0.094235173680271,0.175994453931022,"CCDC167",FALSE,0.17654808519695
-0.419328417792154,8.72466671152559,3.60163801476008,0.094354367416806,0.176175559321818,"CXCL2",FALSE,0.176729364362719
0.160882482486117,4.2956919247419,3.23788865763963,0.0945248709187972,0.176452360876907,"IP6K1",FALSE,0.177006639671568
-0.1146888668655,5.09310825542133,3.23579070797799,0.0946210337162309,0.176590290796205,"CEP57",FALSE,0.177144606372735
0.0941528886882999,6.99884955810121,3.23328527425697,0.0947360295237878,0.176763295378816,"AFF4",FALSE,0.177317757326776
-0.190607339373016,3.32802836314624,3.23178659357868,0.0948048977555351,0.176850171624913,"GANC",FALSE,0.177404509386723
0.111075699772098,5.62172827148193,3.23016849289121,0.0948793217602468,0.17694736836397,"MRPS15",FALSE,0.177501614064883
-0.171150321325323,3.9218170465325,3.22664731781015,0.0950415218428686,0.177208180896111,"RPGR",FALSE,0.17776284640981
-0.153640192748427,4.55645621472359,3.22369253126918,0.0951778910490505,0.177410396229264,"DPM1",FALSE,0.177964900099833
0.107852317291475,5.78277193312961,3.22332801165527,0.0951947307718577,0.177410396229264,"NUBP1",FALSE,0.177964900099833
-0.0782684196723567,6.64920583455316,3.2228130247531,0.0952185277908023,0.177413040734543,"PPP2CA",FALSE,0.177967155856688
-0.0991021747907249,6.39609633300843,3.22223057132069,0.0952454510580016,0.177421507515939,"ANKHD1",FALSE,0.177975252237888
0.24271171521155,2.50021332562251,3.21653284491929,0.0955093093580379,0.17787122494492,"NME7",FALSE,0.178425975604132
-0.175998095145763,4.51399746450684,3.21386794781852,0.095633023214456,0.178059795219401,"ATP8B4",FALSE,0.178614736103244
0.259039820395981,4.02601420807696,3.25139722401183,0.0956559938890393,0.178060746549027,"ITPKB",FALSE,0.178615292689702
0.0850705798040891,6.31150429339674,3.21132445537292,0.0957512822624957,0.17819628304626,"PSMA3",FALSE,0.178750853474868
-0.300479428562117,9.89957113446263,3.49787622125555,0.095799086221199,0.178229779449288,"LYZ",FALSE,0.178783658894682
0.116937043981461,4.97152724347727,3.20997185698332,0.095814243190321,0.178229779449288,"GTF2H1",FALSE,0.178783658894682
0.510782172340906,1.11999049030371,3.20748013916209,0.0959303594412354,0.1784039150012,"NXN",FALSE,0.17895793788256
0.3026196394762,2.58413584068233,3.20684717454607,0.0959598833197866,0.178416968799078,"SEC22A",FALSE,0.1789706346575
-0.415807445622765,1.65909452312635,3.20155563604813,0.0962071323190067,0.178834735058637,"L1CAM",FALSE,0.179389299031748
-0.114754066881345,5.6059774407281,3.20049876082607,0.0962566076909737,0.178884759909526,"MANBA",FALSE,0.179439080783126
0.477826855049134,0.515111711161236,3.1948542441906,0.096521366779763,0.179334754119982,"AGBL3",FALSE,0.179890070378749
0.105833505693124,6.48184030715733,3.19314873339996,0.0966015383560436,0.179441657939717,"C4orf48",FALSE,0.179996906142127
0.135924256874349,4.68974366763188,3.19125654844945,0.0966905795176761,0.179564983465949,"MRPL19",FALSE,0.180120214102684
-0.113936388847193,5.33650959707148,3.18967657836763,0.0967650049505497,0.179661114577976,"SETD3",FALSE,0.180216243262513
0.118327053460205,6.4692962114691,3.18343957885953,0.0970594819176427,0.18016566908056,"DPYD",FALSE,0.180721956640792
-0.179425569670234,3.66193760845967,3.18013757169524,0.097215824705315,0.180413637234021,"MAPK8",FALSE,0.180970289940565
0.482712831340055,5.36262155226974,3.49139825024566,0.0973440807072121,0.18060937791874,"MYC",FALSE,0.181166233832132
0.10389537960188,5.6632210529348,3.17609464768755,0.0974076645303559,0.180685064201371,"PPP1R7",FALSE,0.181241752756293
0.218938849127056,3.17279119632274,3.17373658349389,0.0975197685467345,0.180850695915441,"FIG4",FALSE,0.181407493886936
-0.159838327276044,3.87900036857114,3.17002303980192,0.0976966305669317,0.181136315980972,"NEK1",FALSE,0.181693591975044
0.686760661719251,0.0587331818899521,3.16732819537055,0.0978252195441747,0.181332321848543,"CRHBP",FALSE,0.181889799284637
0.430092485231503,1.8931462913976,3.15982494414402,0.0981843332453824,0.181952354535236,"RNASEH2B-AS1",FALSE,0.182510932825523
0.29989019203262,2.79515007727547,3.1593813085497,0.0982056161776328,0.181952354535236,"ATL1",FALSE,0.182510932825523
0.238135783098969,2.93024268325452,3.15822269663877,0.0982612257303491,0.182012849904254,"GATB",FALSE,0.18257121139238
0.0853328810063808,5.72159711254358,3.15580044044807,0.0983776095795918,0.182185865159309,"ETNK1",FALSE,0.18274435469654
-0.081106664279176,5.73989712675568,3.15372492778935,0.0984774663355337,0.182328200165369,"PRPF8",FALSE,0.182886723194563
0.170385569092432,3.95215761846455,3.15255846608765,0.0985336409741838,0.182389611403999,"PKD2",FALSE,0.182947919772477
0.358225648559982,1.51296968704009,3.15184245698653,0.0985681419162495,0.182410884479931,"AC005162.3",FALSE,0.182968855328985
0.081901614021274,6.37429249853803,3.14540977863274,0.0988787595903139,0.182936900952659,"PSMC5",FALSE,0.18349567378937
0.126549454775257,4.96236756116605,3.14500114740597,0.0988985314686045,0.182936900952659,"PDXDC1",FALSE,0.18349567378937
-0.130162089284496,5.04348409170618,3.1439741420262,0.0989482449658303,0.182986164238186,"HIKESHI",FALSE,0.183544684210222
0.0982786791271334,5.97906484613354,3.14033010624301,0.0991248841546427,0.183270074994871,"SMAP1",FALSE,0.183829057761364
-0.39203695643416,1.48149645906977,3.13968246711832,0.0991563175540205,0.183285447789292,"C1S",FALSE,0.183844073826918
0.334712356553555,5.94398713335406,3.41212513572131,0.0993505309544407,0.18360163389436,"DNAJA4",FALSE,0.184160819496255
0.234700030981024,3.60684112948476,3.1329938026202,0.0994816634376404,0.183801125083573,"EPAS1",FALSE,0.184360513893609
0.404069786176022,3.82668361821082,3.27408419453969,0.0996690336598204,0.18410440327471,"NCKAP5",FALSE,0.184664310247428
0.109349440559665,4.58101442194988,3.12338604455962,0.0999512700367461,0.184582732087427,"SERTAD3",FALSE,0.185143688067126
-0.0766083711154737,6.28706774990267,3.12098479913809,0.100069058095097,0.184757217647399,"YAF2",FALSE,0.185318297995575
0.0787537604050302,8.09417628550999,3.11995568980056,0.100119590515857,0.184807476975486,"COX6A1",FALSE,0.185368304132531
1.08456316163229,-0.875441802178245,3.15471842420979,0.100258267316155,0.18502037785905,"BIRC7",FALSE,0.185581444999217
-0.0816167178754446,7.15666481142625,3.11323467480884,0.100450376480516,0.185331762796726,"CHD2",FALSE,0.185893367609468
0.107385358155661,5.79085913546639,3.11178604588924,0.100521847036427,0.185420475408281,"UBE2E1",FALSE,0.185981942450205
0.0861943732233596,6.68562934205148,3.10813008293373,0.100702495104346,0.185710486435742,"ANAPC11",FALSE,0.186272424614237
-0.133257740374317,5.3040133491401,3.10515710066776,0.100849686731098,0.185938678233522,"RAB34",FALSE,0.186500899546383
0.103204301319996,5.47667978955545,3.10236295006307,0.100988262873238,0.186150883064178,"PTPRA",FALSE,0.186713338398349
0.588925899175547,0.316653317783982,3.09801880453795,0.101204171099278,0.186505501737582,"CEP55",FALSE,0.187068620347282
-0.0996721537613851,5.48930467884983,3.09512719813838,0.101348197824295,0.186727518557055,"XRN1",FALSE,0.187290899005347
0.168959196493649,4.18514150565283,3.09309823265421,0.101449406433444,0.186870560921084,"RBMS2",FALSE,0.187433964325205
0.222003601531249,10.1559237398158,3.28411439335695,0.10156563841358,0.187030190001042,"SGK1",FALSE,0.187593257312243
-0.0869864232372482,5.85000953280385,3.09041881817472,0.101583249009143,0.187030190001042,"SUZ12",FALSE,0.187593257312243
0.092583862974696,6.56323858542454,3.08864475569337,0.101671985427368,0.187150104589777,"MRFAP1",FALSE,0.187713124255168
-0.212591998895382,2.85401121198485,3.08652545247596,0.101778113942102,0.187246634605343,"MSH2",FALSE,0.187808719216037
0.654948664153001,0.924089295695517,3.10597263310712,0.101782263857896,0.187246634605343,"AC100849.1",FALSE,0.187808719216037
-0.310938639044878,2.15314149850472,3.08618287370396,0.101795281931008,0.187246634605343,"OPHN1",FALSE,0.187808719216037
-0.0804473859814915,5.72058457118503,3.08422286324432,0.101893573610564,0.187383960005695,"RIF1",FALSE,0.18794604844393
0.0864647080859856,6.05177862622286,3.08370215036224,0.101919706006707,0.187388550375969,"NME3",FALSE,0.187950244363493
-0.307270457014256,1.55377212396596,3.08269563007118,0.10197024214662,0.187437996693346,"AC006504.5",FALSE,0.1879994307585
-0.567024016885006,0.354623078075871,3.07712325529268,0.102250576224126,0.187909728397049,"ENAH",FALSE,0.188472166470207
0.132341333305717,5.03930271098628,3.07640445177064,0.102286805884055,0.187932745550125,"GMFB",FALSE,0.188494843685284
-0.115517561364644,4.65318255286549,3.07417507019182,0.102399272155073,0.188095790001255,"YIF1B",FALSE,0.188657966800201
-0.331822738362026,2.29324535531,3.07293029009868,0.102462133381913,0.188167661211908,"KIAA1958",FALSE,0.188729643858478
-0.139164742680417,4.92298412762267,3.07193251239378,0.102512554916598,0.188216659420747,"RRM2B",FALSE,0.188778379530845
0.106510583649897,8.89079027845972,3.06937622910038,0.102641871501997,0.188380471620463,"HSPE1",FALSE,0.188941862729529
0.227634960658976,9.5358656125772,3.26625314943234,0.102649298360293,0.188380471620463,"DNAJB1",FALSE,0.188941862729529
-0.0817903069054599,7.44446766962966,3.06823524033056,0.102699655592653,0.188429268581012,"ZC3H15",FALSE,0.188990396346396
-0.278705186409585,2.70748291874637,3.06644002988661,0.102790652143037,0.18855258912309,"HELZ2",FALSE,0.189113675287913
0.101654389532385,7.23047896914863,3.06314598696764,0.102957877551464,0.188798998470812,"BAX",FALSE,0.189359999714901
-0.102739650263417,5.61962571153101,3.06285605303358,0.102972612183122,0.188798998470812,"MSL3",FALSE,0.189359999714901
0.0862228392874293,6.23696520911715,3.06234957064723,0.102998358104692,0.188802539434451,"TMEM147",FALSE,0.189363142391777
-0.756758886046925,-0.628746405918153,3.06174060639432,0.103029323837886,0.18881564479583,"TMTC1",FALSE,0.189375878020267
0.0898346361479972,5.14389454332756,3.05984095723584,0.10312599349881,0.188873313487727,"ZFAND3",FALSE,0.189432492651519
0.177307052985978,3.36675792935965,3.05972196797287,0.103132052316364,0.188873313487727,"ENTPD3-AS1",FALSE,0.189432492651519
-0.685209260395225,-0.151888380685363,3.05971784778411,0.103132262120127,0.188873313487727,"ARHGEF17",FALSE,0.189432492651519
-0.0868583410499891,7.9117871338277,3.05265040878101,0.103492908360051,0.189485169873597,"RBMX",FALSE,0.190045342031683
-1.03175295075027,-0.467436947081014,3.09261362254399,0.103514161291946,0.189485169873597,"PTP4A3",FALSE,0.190045342031683
-0.521168321542128,0.482591730719526,3.04781016385202,0.103740788255097,0.189856179428995,"C19orf33",FALSE,0.190417038647169
-0.188368696534592,6.70150031155221,3.16658770793956,0.104097029428424,0.190464170161214,"RAP2B",FALSE,0.191026414590524
-0.0881027816650048,5.76227842584483,3.03927449778281,0.104179682416126,0.190571417211593,"MANF",FALSE,0.191133567320503
0.268716881599958,2.46036014109803,3.03743086725384,0.104274776437536,0.19069447511168,"KIAA1841",FALSE,0.191256166441164
0.466399662663954,1.01008364045268,3.03703786505113,0.104295061060071,0.19069447511168,"RBP1",FALSE,0.191256166441164
-0.161875343257684,3.92066158827666,3.03408688294355,0.104447528185643,0.19092921453903,"MDN1",FALSE,0.191491186187222
-0.151382582302252,3.68941176903765,3.03090161789585,0.104612404594725,0.191186524579756,"PRKCI",FALSE,0.191748842111969
-0.0875555353657481,5.89452818885709,3.02620111941321,0.104856292222317,0.191588081294891,"ZNF638",FALSE,0.19215116774306
0.245647573903068,2.64391879303667,3.02389977989979,0.104975950821242,0.191762520302029,"ZBED3-AS1",FALSE,0.192325707109243
0.134385518349827,4.56914291391051,3.02162920867408,0.105094172649832,0.191903574991379,"TRPC4AP",FALSE,0.192466351379695
0.117053606458416,4.50886866878863,3.02148705529332,0.105101579542453,0.191903574991379,"ZHX1",FALSE,0.192466351379695
-0.162981211184647,4.38908070395944,3.01941319087986,0.105209710452466,0.192056777450414,"USP32",FALSE,0.192619590737747
-0.094319011810756,4.98344150324434,3.01873839762586,0.105244923265315,0.192076830489736,"LARP4B",FALSE,0.192639290307655
0.25696016881316,2.38360193007299,3.01457297422722,0.105462606152587,0.192394453600164,"MRTFB",FALSE,0.192957018260087
0.165031563117378,4.06088585007146,3.01447955712493,0.105467494367598,0.192394453600164,"PCYOX1",FALSE,0.192957018260087
0.28645007653861,8.38681990063303,3.26746131276431,0.105567563511749,0.192532699222716,"RHOB",FALSE,0.193095255478421
-0.116831747910424,4.59949997767244,3.01192014056472,0.105601527807919,0.192550347852158,"UBE2G1",FALSE,0.193112543191919
0.130338990967013,4.45214066890855,3.00856098784639,0.105777757511654,0.192795149466735,"ELP2",FALSE,0.193357234121606
0.158259347369207,3.68623809817969,3.00843408226059,0.105784422323448,0.192795149466735,"CCDC92",FALSE,0.193357234121606
0.106943650062402,5.07469322168195,3.00745611548906,0.105835800229694,0.192844455118597,"ZBTB8OS",FALSE,0.193406270983422
0.645817677116767,7.68401892986855,3.35993180320341,0.106030182363837,0.193148613078518,"S100A9",TRUE,
0.233653592056269,3.52986281445333,3.00335753101694,0.106051452160796,0.193148613078518,"RUBCNL",FALSE,0.193755412829951
0.168127763271651,3.8590990078292,2.99995066192847,0.106231116324189,0.193413585409722,"AC068587.4",FALSE,0.194020370387576
0.0910688281292208,6.90822824330933,2.99967381932017,0.106245732146738,0.193413585409722,"NDUFS7",FALSE,0.194020370387576
-0.261590463797782,2.32214891010479,2.99594151495779,0.106443017496598,0.193728246720162,"IGFBP2",FALSE,0.194335594864009
0.270654924702242,2.26337115921309,2.99418988192997,0.106535760761831,0.193814710182509,"AC010210.1",FALSE,0.194421481600329
0.0812057646641952,6.43206291253048,2.994120843574,0.106539418135138,0.193814710182509,"STX7",FALSE,0.194421481600329
-0.0809633054622671,6.2038870804475,2.9932560437877,0.106585244704202,0.193853594864628,"WAPL",FALSE,0.19446006433064
-0.110387008759756,10.1311290087949,2.98970833822077,0.106773492684704,0.194151433487232,"RPS26",FALSE,0.194758410597383
0.16036445480409,3.72718257468449,2.98871970104249,0.106826023842744,0.194202411608639,"RNF8",FALSE,0.194809124035449
0.460886258239332,0.637547829352465,2.98214248678426,0.107176306876815,0.19479453482792,"AL359232.1",FALSE,0.195402671968421
0.0888762077158077,5.0351345429346,2.97866337938656,0.107362160195474,0.195087601657052,"EBAG9",FALSE,0.195696228139738
0.144467140654289,4.56982556774582,2.97530276736895,0.107542056809453,0.195301415618923,"RCN2",FALSE,0.195909432146704
0.157420561028883,4.46740557360206,2.97529697801385,0.107542367035944,0.195301415618923,"AASDHPPT",FALSE,0.195909432146704
-0.107076320717116,5.62009553751302,2.97508491823066,0.107553731154417,0.195301415618923,"TUG1",FALSE,0.195909432146704
0.268478800830804,2.45285869334559,2.97410687626935,0.107606162618725,0.195345635421406,"PIP5K1B",FALSE,0.195952939071009
0.0834784694582361,7.2173267188507,2.97371157135815,0.107627363208969,0.195345635421406,"DNAJC8",FALSE,0.195952939071009
0.0970059196654236,5.32556874986431,2.96883505490182,0.107889315105197,0.195776262337835,"MYOF",FALSE,0.196384478835199
0.58213485776645,0.495280197412097,2.96738933622492,0.107967124202479,0.195872622580608,"TMEM72-AS1",FALSE,0.19648071251262
0.147227006993598,4.17820818376343,2.96640378443599,0.108020206192418,0.19592408938309,"CTSO",FALSE,0.196531913252625
-0.103720046585136,5.17169244889985,2.9611908546494,0.108301505648739,0.196389372548765,"SIAH1",FALSE,0.196998213230377
0.153444057707286,4.84522455964552,2.95998473899721,0.10836671716979,0.196462687793756,"SNUPN",FALSE,0.197071329146723
0.650427456728129,7.89251171227698,3.30392977410036,0.108511078543583,0.196639415210052,"RGS16",FALSE,0.197247750651208
-0.110001487962462,4.9796036240227,2.95726754396801,0.108513804432893,0.196639415210052,"DMXL1",FALSE,0.197247750651208
-0.105344393896674,5.64421145688846,2.95530143520397,0.108620385799214,0.196787572809911,"ZNF655",FALSE,0.197395939867637
0.0985345168047874,6.61463642728427,2.9527250741682,0.108760241949253,0.196995932870385,"ATP5MC1",FALSE,0.197604517083998
-0.20983866565189,2.68581432469992,2.94392718100345,0.109239489645563,0.197818792578809,"ZNF10",FALSE,0.198429490299227
-0.161974539107316,4.47203121028324,2.94326679666981,0.109275566663195,0.197838934118706,"HIST3H2A",FALSE,0.198449265599966
0.249376565810601,2.79610593289827,2.93675687271008,0.109631985535094,0.198438899845257,"RECK",FALSE,0.19905065269543
-0.998979439725207,-1.36015944551631,2.97021778422555,0.10965900910329,0.198442507229145,"IGSF11",FALSE,0.199053841869981
-0.328106262864336,1.2128059647947,2.93072661958232,0.109963409453607,0.198947948459196,"RELN",FALSE,0.19956040996902
0.0866279474202659,6.95776026580925,2.92673919202807,0.110183231339603,0.199300172954683,"CCDC47",FALSE,0.1999132879994
-0.493900707070519,0.424919023328288,2.92563180621692,0.110244375321991,0.199365284569513,"NR2F1-AS1",FALSE,0.199978169188728
-0.107606276507701,6.41757544666812,2.92386252125512,0.110342151891309,0.199496597535758,"PHB2",FALSE,0.200109455018354
0.0822693577332965,6.70013156572468,2.92268413251399,0.11040733233598,0.199568930861753,"SERINC1",FALSE,0.200181579779712
0.117834318720015,4.59834246356384,2.92221324948744,0.110433391530111,0.199570532949788,"TXNDC15",FALSE,0.200182756206676
0.334785831869992,2.82254975199477,2.91877678970459,0.110623796714803,0.19986906571444,"AC079209.1",FALSE,0.200481773756435
-0.160145446473115,3.62866792597032,2.91820023258236,0.110655781497852,0.199881302281834,"RPS6KC1",FALSE,0.200493616982539
0.0782240146296866,7.55173046517264,2.91497401688301,0.110834965978056,0.200159364527113,"COPE",FALSE,0.200772099787336
0.494752236390526,10.2419878129722,3.24295324363485,0.110919405993435,0.200266237922102,"TNF",FALSE,0.200878869061214
0.105380155884311,4.98356742365673,2.91251088029647,0.110972007600135,0.200293150589793,"GRAMD1A",FALSE,0.200904571214501
0.120040229696011,5.27933991583123,2.91189460749454,0.111006327564617,0.200293150589793,"TRIM13",FALSE,0.200904571214501
0.131594810290512,4.21479793138187,2.91182681130778,0.111010103896512,0.200293150589793,"LATS1",FALSE,0.200904571214501
0.11197802040259,4.83762792499671,2.91010612554752,0.111106000800032,0.200420562990364,"CLPP",FALSE,0.20103194173235
0.159174633877034,6.712917556602,2.97973433281483,0.111321167813939,0.200763016021135,"MAFF",FALSE,0.201375008045513
-0.657867216150879,1.87720177757429,3.03293301593326,0.111383864646297,0.200830402300624,"MGST1",FALSE,0.201442168430562
-0.136885799249857,4.79505552237725,2.90160608430504,0.111581211181981,0.201140482549055,"PCNX2",FALSE,0.201752761462393
0.0972922862161212,5.77282119154917,2.90056857456541,0.111639385011302,0.201199600902387,"DKC1",FALSE,0.201811628067699
-0.179310372206617,4.53210812727107,2.89748336060429,0.111963017727192,0.201737001032086,"ENPP1",FALSE,0.202350230248869
0.328981977074649,3.21310496215074,2.91399679883657,0.11209154223389,0.201922687305222,"AC005899.8",FALSE,0.202536048100593
0.534372982283886,0.576216478805665,2.88822054714738,0.112334601099439,0.202294566701848,"ETV1",FALSE,0.20290819040001
0.230254714054007,3.46353735859961,2.88796555562978,0.112349013267941,0.202294566701848,"ECHDC2",FALSE,0.20290819040001
-0.169010686658101,4.97675125064056,2.89604443777379,0.112413919577432,0.202365475569909,"RHOH",FALSE,0.20297888114394
0.568713063344579,0.225975090648604,2.88357280296123,0.112597647783655,0.202650204683045,"AC044781.1",FALSE,0.203264039697441
-0.2176576677994,3.65246055853542,2.88278581183599,0.112642263365734,0.202663964900213,"ZNF710",FALSE,0.203276974883938
0.0790134550028765,5.85830953065822,2.88253618715356,0.112656419439359,0.202663964900213,"NDUFS4",FALSE,0.203276974883938
-0.110871613430141,4.5374214777665,2.88163019940093,0.112707815768579,0.202710427271618,"TPK1",FALSE,0.203323144635874
-0.186700702376715,3.29949796244453,2.87789654156878,0.11291992753201,0.20304585744472,"LINC01004",FALSE,0.203659155013089
-0.162331955911011,3.28047086790458,2.87719635995744,0.112959759691625,0.203071422865125,"STAT5B",FALSE,0.203684364122366
-0.0889819229895752,6.65996848623124,2.87649007867446,0.112999956262337,0.20309763165899,"TTC3",FALSE,0.20371021863494
-0.0676932581758401,7.564095917493,2.87518153537702,0.113074475599934,0.203185503752556,"TOMM20",FALSE,0.203797922392194
-0.396582237779905,0.830669429165912,2.87235073583334,0.113235890640648,0.203396364667428,"HECW2",FALSE,0.20400855180018
0.134192045341577,5.13366035524167,2.8722238499886,0.113243132396825,0.203396364667428,"TIMMDC1",FALSE,0.20400855180018
0.178231635562236,3.68693874893013,2.86706487442906,0.113538051006366,0.203879879587422,"RELCH",FALSE,0.204493087752206
0.124055819879267,7.59296498705206,2.87898826731824,0.113774180640498,0.204257632273068,"CD9",FALSE,0.204871541733908
0.16147629990919,6.02509183289587,2.92207621058853,0.113842723921107,0.204334415948956,"ST3GAL6",FALSE,0.204948121355229
0.108267844879876,5.71946658236037,2.86093827783498,0.11388950629125,0.204364531179919,"GUSB",FALSE,0.204977457837528
-0.0786436329617506,5.90522861797304,2.86056334964602,0.113911057427354,0.204364531179919,"NAP1L4",FALSE,0.204977457837528
-0.636267377902758,0.199870464734851,2.85892668085206,0.114005192759127,0.20448714212542,"CP",FALSE,0.205100001953962
0.117054233596775,5.95359781059448,2.85824790559738,0.114044261407918,0.204510948754121,"PRDX2",FALSE,0.205123445518624
-0.100280496119114,5.44187202985835,2.8540270357816,0.114287572449035,0.204900921387596,"MAP4K5",FALSE,0.205514151050787
-0.126882308891648,4.04715586132089,2.85356382578591,0.114314312747517,0.204902525765841,"PI4KA",FALSE,0.205515325382232
-0.159396198720778,3.55177164287304,2.850974429438,0.114463935175393,0.205124339527694,"SHC1",FALSE,0.205737367399441
0.135250177859093,4.17184459942604,3.05482003809762,0.114602674622267,0.205313384801886,"RNF220",FALSE,0.205926107201039
-0.214827185507386,3.20286706113389,2.84825686936232,0.11462122113183,0.205313384801886,"SREBF2",FALSE,0.205926107201039
-0.0694958417754444,7.77496874608801,2.84533559187737,0.114790592930647,0.205570323188202,"ARGLU1",FALSE,0.206183376905526
-0.072669488208113,8.17036960568106,2.84401778250765,0.114867098046135,0.205660874731201,"SLC25A5",FALSE,0.206273763028824
0.10183807909012,5.8817007615157,2.84309020694555,0.114920985663607,0.205707930084282,"RNASEH2C",FALSE,0.20632008808065
-0.438346107219698,0.748353511289655,2.84267230661878,0.114945273747902,0.205707930084282,"TYMS",FALSE,0.20632008808065
0.160079761074806,7.79795420860997,2.92715389734557,0.115028466622119,0.205810355084667,"IGSF6",FALSE,0.206422382699101
-0.235558256911682,2.21879448247437,2.83865007003727,0.115179365068062,0.206033846177707,"FRMD3",FALSE,0.206646102939238
0.0744354554343264,6.88408984154136,2.83728431879981,0.115258983550221,0.206127531539729,"CHURC1",FALSE,0.206738760919836
0.18624099904402,4.04134473708406,2.83641932615517,0.115309444430937,0.206127531539729,"DGLUCY",FALSE,0.206738760919836
0.0886047615420958,8.02367597413062,2.8364142962448,0.115309737938787,0.206127531539729,"VMP1",FALSE,0.206738760919836
-0.134628257709985,4.08847289637342,2.83396383511544,0.115452837330413,0.206336811171215,"UIMC1",FALSE,0.206948225822296
-0.407713177593749,1.24765512571759,2.82922067084602,0.115730441949195,0.206786329450804,"SLC22A17",FALSE,0.20739864005363
-0.194639044107634,3.08876260910628,2.825083843439,0.115973227034394,0.207173443877575,"ABHD18",FALSE,0.207786464083911
-0.0820521915734767,5.76528451117141,2.82397242007856,0.116038561340303,0.207243458956053,"SPECC1",FALSE,0.207856249713257
0.0923169907581131,7.05234508234319,2.82316803805969,0.116085874545046,0.20728126427773,"PREX1",FALSE,0.207893730317315
-0.132171123506162,4.10376099230538,2.81887313551956,0.116338898157548,0.207641034754725,"ILRUN",FALSE,0.20825194443558
-0.474660121083301,0.0448031387389154,2.81869759981956,0.116349253775666,0.207641034754725,"TRIM2",FALSE,0.20825194443558
-0.0715846039912904,6.36493647555681,2.81808312967849,0.116385512952286,0.207641034754725,"MRPS24",FALSE,0.20825194443558
0.146995678229714,4.36369061398257,2.81727164331133,0.116433419047737,0.207641034754725,"DCTPP1",FALSE,0.20825194443558
0.130435109315876,8.95385494489809,2.84755587595741,0.116440738046047,0.207641034754725,"AC020916.1",FALSE,0.20825194443558
-0.0800130186022303,6.17242245793668,2.8170839050701,0.116444505615477,0.207641034754725,"ANXA11",FALSE,0.20825194443558
-0.305758603548446,2.05394795179209,2.81289437155394,0.116692248358978,0.208036011915894,"CAMK2N1",FALSE,0.208647646975041
0.203120358373776,4.66255921894412,2.84823602013788,0.1168075433978,0.2081947401209,"CCNG2",FALSE,0.208806405011997
0.559102867236218,11.9283381066442,3.1273745252456,0.116851266674931,0.208225857990301,"CCL3L1",FALSE,0.208837177600976
0.123075672690497,5.24595158704676,2.80971147076255,0.116880897014418,0.208231854276474,"CTR9",FALSE,0.208842754973823
0.105036069434993,4.9880926964697,2.80851895670476,0.116951672857524,0.208311135118951,"ATP6V1A",FALSE,0.208921831920992
-0.0914184480906372,5.36384700754247,2.80724770791176,0.117027179467863,0.20839880476667,"DNAJB9",FALSE,0.209009322114673
0.272248436831741,1.69750178241841,2.80617502039569,0.117090938891688,0.208465520667707,"ANGPT2",FALSE,0.209075797050933
0.162360088588643,6.76713831259666,2.88533932346277,0.117251191810131,0.208703962431683,"PADI2",FALSE,0.209314500131477
-0.108095950459127,5.90133920092971,2.80143597408767,0.117373132959417,0.208874118541471,"CCND3",FALSE,0.20948471713962
0.265735231827036,2.68842984793483,2.79959483479051,0.117482991359906,0.209022700965291,"TTC27",FALSE,0.209633296927144
-0.191252115240157,4.04216884761437,2.79851608296022,0.117547417654573,0.209090403223123,"MPZ",FALSE,0.209700760027792
-0.21347677893077,3.53965663579396,2.79559585135586,0.11772204011035,0.209354045310645,"TTYH2",FALSE,0.209964734432723
0.11363877426882,5.56310043925708,2.79262420551197,0.117900063634717,0.209623616168656,"SQOR",FALSE,0.21023465398694
0.185453153515272,4.39613099090939,2.79311082274401,0.117994038380686,0.209743662843515,"HVCN1",FALSE,0.210354612890483
0.538444630172942,0.867534896325658,2.78064390948728,0.118621128892458,0.210811098376912,"XACT",FALSE,0.211424717967145
0.444467175488162,5.02933701074107,3.01520248109654,0.118721138306711,0.210941547399284,"SYNPO2",FALSE,0.211555106894429
0.606559586127193,-0.195205410078129,2.77835191303279,0.118759694442918,0.210951459082002,"PTPRG",FALSE,0.211564168361646
-0.0859154414758572,7.41316099503021,2.77801741460547,0.118779933569886,0.210951459082002,"ATP5MPL",FALSE,0.211564168361646
0.278315143967565,1.71628952740334,2.77573848388562,0.118917934993685,0.211149247173558,"ZFAT",FALSE,0.211762091293004
0.164368300879352,3.63121046615632,2.77528798849185,0.11894523817654,0.211150436243531,"ARHGEF12",FALSE,0.211762844373962
0.258555477895288,2.24085777159848,2.77029489521359,0.119248370336564,0.211641164098562,"ZNF717",FALSE,0.21225455524434
0.45373944588385,1.8528265713285,2.78260714775305,0.119276150375397,0.211643088669683,"KIF3C",FALSE,0.212256045325813
-0.276572810736644,3.49267634707766,2.78544112864034,0.119491326841611,0.211937620827637,"TNFAIP8L1",FALSE,0.212550549739201
-0.112848369643136,5.480240478953,2.76623402692645,0.119495606092272,0.211937620827637,"CYB5R3",FALSE,0.212550549739201
0.316479050173296,8.96972217920572,2.99767857145673,0.119650302365784,0.212164526315351,"HSPA1B",FALSE,0.212777670888859
0.186370608165554,5.82632813566563,2.85665150722404,0.119791209028146,0.212351522498736,"LINC00847",FALSE,0.212964326193129
-0.0981494430255537,5.8445552584636,2.76109592074566,0.119809328977907,0.212351522498736,"FAM120AOS",FALSE,0.212964326193129
0.256722240836609,3.04993927606519,2.75999118149742,0.119876914229136,0.212423821191012,"NLK",FALSE,0.213036393028904
-0.0806289001474871,7.14797246947032,2.75573900982693,0.120137488857783,0.212834386662212,"UBE2D2",FALSE,0.213447260360354
0.122500828809549,4.82935579518585,2.75533472048682,0.120162300037848,0.212834386662212,"SNX4",FALSE,0.213447260360354
0.0751769371674734,6.03743943071047,2.75471006718341,0.120200647293376,0.21285475357201,"ANXA7",FALSE,0.213467245125613
0.143751218464962,11.5959836220869,2.81488501237984,0.120596966056404,0.213508876037331,"HSP90AA1",FALSE,0.214122807886488
0.0696786824836203,6.81780445998524,2.74648141260767,0.120707207065678,0.213656337936301,"OCIAD1",FALSE,0.214270251749303
-0.764347937708099,0.00785931838311638,2.74789731024403,0.120914748904328,0.213975921721767,"ARHGAP29",FALSE,0.214590311301712
-0.0725397146147495,9.69642901109039,2.74151283488585,0.121014344551596,0.214104379291464,"HNRNPA2B1",FALSE,0.214718695130061
-0.151672177761748,4.18064288376401,2.73537870817205,0.121394856820611,0.214729679802277,"RPRD1A",FALSE,0.215345346100602
-0.081959205804242,5.46010382909902,2.73235660743086,0.121582864249482,0.215014264503656,"TBC1D5",FALSE,0.215630302691899
0.1822462500686,3.42195280159714,2.73112940944421,0.121659311387185,0.215101476511508,"C5orf56",FALSE,0.215717320528527
0.693361555518852,-0.197949659241078,2.72715535616262,0.121907276919868,0.215491837551999,"SCD5",FALSE,0.216108354539766
0.106158072899583,5.9321527628169,2.72583437690547,0.121989838409429,0.215589709966552,"SREK1IP1",FALSE,0.216206062314843
-0.0761617204975364,5.96703652621386,2.72458504914551,0.122067984897289,0.215640182651705,"RECQL",FALSE,0.21625534623429
0.0633036013591186,7.2100209289433,2.72432306528696,0.122084380007366,0.215640182651705,"ATP6V0D1",FALSE,0.21625534623429
0.122266600005377,4.6133414328186,2.72407354800509,0.122099997467647,0.215640182651705,"C5orf15",FALSE,0.21625534623429
0.254221141343781,2.71340932145065,2.72320991877438,0.122154071581835,0.215661297962926,"PRIM2",FALSE,0.216275633984952
-0.0826410444253634,7.57414151241175,2.72301374937516,0.122166358369261,0.215661297962926,"IRF1",FALSE,0.216275633984952
0.359253132717482,7.11990489149149,2.97032190410747,0.122288176966928,0.215828287398443,"LGALS3",FALSE,0.216442655166358
-0.104541246421107,4.54726759993879,2.7151478317603,0.122660282805472,0.216436839991494,"PANK3",FALSE,0.217052495045263
-0.119512246364412,5.60977069273739,2.71414957891054,0.122723141474494,0.21649956956159,"PPM1K",FALSE,0.217114958126221
0.097401042776854,8.52070806598491,2.71127508783491,0.122904365729362,0.216771037041686,"KCTD12",FALSE,0.217386751956873
0.137286775163367,4.07067800639974,2.70704045374639,0.123171940944015,0.217194650312311,"STAM2",FALSE,0.217811122504365
-0.194409042551604,2.99984016713809,2.70650799918005,0.123205635999684,0.21720575543818,"AUTS2",FALSE,0.217821813376461
-0.0963186043989907,8.36047370738237,2.70558878020193,0.123263833153788,0.21726004207275,"FXYD5",FALSE,0.217875808298304
0.0650879453740319,7.01526171611872,2.70434157996105,0.12334284936193,0.217346486719038,"SH3GLB1",FALSE,0.217961606823959
0.090384545315242,6.43346598316994,2.70394940933138,0.123367708152835,0.217346486719038,"SRP19",FALSE,0.217961606823959
-0.0704952937720671,7.68918071982382,2.70195395818719,0.123494290674226,0.217521158956957,"C11orf58",FALSE,0.218136327787343
0.0697464968445442,7.53195440576322,2.70140856797911,0.123528915588913,0.217533816701221,"EIF1B",FALSE,0.218148575881967
0.114853355632318,4.88614789338365,2.69671306360962,0.123827511199196,0.218011216697141,"DNAJC10",FALSE,0.218626878804856
0.123455240129791,5.44869628862444,2.69341022800787,0.124038076492786,0.218333452583216,"ATF7IP",FALSE,0.218949577999141
-0.480154010094738,-0.13213049235902,2.68603727888176,0.12450971481131,0.219114987574709,"FOXD3",FALSE,0.219732870359207
-0.200261011978084,3.83083803884527,2.68504066386246,0.124573636201342,0.219178825522468,"AURKA",FALSE,0.219796440312245
0.0810297594146453,5.94562513706132,2.6840158974433,0.124639405296228,0.219245885331373,"IDH3G",FALSE,0.219863241138308
0.158091227933996,3.95501246721387,2.6815160930418,0.124800021084682,0.219479717648483,"MIR646HG",FALSE,0.220097283659084
-0.168721788926648,4.97729934339169,2.70016692959532,0.124899694376355,0.219570901240071,"RAB7B",FALSE,0.220187827600492
0.0798750617183757,6.37570716860729,2.92440830599768,0.124907260922391,0.219570901240071,"DYNLT1",FALSE,0.220187827600492
-0.133793079870997,5.14674232426708,2.67841482150043,0.124999636153478,0.219684574467917,"CCNDBP1",FALSE,0.220301372173848
0.114739730659387,5.12769211017115,2.67613832580635,0.125146414224761,0.219893788114784,"SMIM20",FALSE,0.220510724952509
-0.268429569239468,1.73109583923722,2.67232565347632,0.12539271350342,0.220277738235123,"AC027097.2",FALSE,0.220895303439164
-0.0841351224986457,6.51026985618768,2.66656203589445,0.125766178253809,0.220884860699202,"SMIM26",FALSE,0.221503678131792
-0.118855351745416,5.73191023091426,2.66355674958266,0.125961454868854,0.221178829280238,"CCDC12",FALSE,0.221798019994822
0.262150573113065,2.23817076177275,2.66248752813475,0.126031020471743,0.221251977480066,"PLEKHB1",FALSE,0.221870922743328
0.517083758955892,0.903899125459511,2.66162913631736,0.126086903337501,0.221301078073879,"ARMC2",FALSE,0.22191971056587
0.226178313167189,2.68464160502927,2.66070322990591,0.12614721574271,0.221357929705225,"PRMT3",FALSE,0.221976271079087
0.133515157329781,4.27943889170238,2.65945161684319,0.12622880077042,0.221364475446997,"HEATR5A",FALSE,0.221981036888852
-0.0697066293240728,6.7523840269798,2.6592871783081,0.12623952434588,0.221364475446997,"UBE2A",FALSE,0.221981036888852
0.102576194686386,4.83923829667238,2.65917843956267,0.126246616171969,0.221364475446997,"ALG5",FALSE,0.221981036888852
0.407295109521519,0.512022833472224,2.65893287486729,0.126262633447442,0.221364475446997,"LINC01237",FALSE,0.221981036888852
0.436241029856488,0.906485271468576,2.657759926133,0.1263391750902,0.221449697129142,"BDNF-AS",FALSE,0.222066046711423
0.0875146486677914,5.07504374716762,2.65507850066193,0.126514368297889,0.221707761243516,"RNF167",FALSE,0.222324379533966
0.342623396995324,1.98446248588006,2.65382559943813,0.126596330244424,0.221802366006142,"ST3GAL6-AS1",FALSE,0.222418797873678
-0.0962793802682677,5.76924780131401,2.65136722563013,0.126757341654534,0.2220045216124,"LSM5",FALSE,0.222620616012662
0.0912578192012051,6.7234867940023,2.65120892624046,0.126767718130592,0.2220045216124,"GCC2",FALSE,0.222620616012662
0.108910355233878,5.6226661964174,2.64932423081831,0.126891339775665,0.222171939430537,"DAP3",FALSE,0.222788048752549
-0.105609021510427,8.17603661043817,2.64828682316804,0.126959449188817,0.222204422483045,"HCST",FALSE,0.222819722980653
0.189078610604573,4.87471986207228,2.68701907377414,0.126965947760872,0.222204422483045,"OLMALINC",FALSE,0.222819722980653
0.160526607561983,3.18551082411326,2.64622668529944,0.127094837994354,0.222227676092575,"DCUN1D4",FALSE,0.222840796987273
-0.0698852261011651,6.06422799832235,2.64613364698455,0.127100956514074,0.222227676092575,"CTNNA1",FALSE,0.222840796987273
-0.487231341536065,0.878249519540437,2.6460932105271,0.127103615867812,0.222227676092575,"RGS17",FALSE,0.222840796987273
-0.0723641391626458,7.38930382603722,2.64605548696352,0.127106096866545,0.222227676092575,"GABARAPL2",FALSE,0.222840796987273
0.417890595586763,1.12681299608881,2.64585340506464,0.127119388380402,0.222227676092575,"MIR181A2HG",FALSE,0.222840796987273
-0.0882589636588599,5.67100707144254,2.64129670345986,0.127419551162608,0.222703307234823,"CGGBP1",FALSE,0.22331729122559
-0.196546135561852,3.61715076371426,2.6354705516897,0.127804609831032,0.223327076645454,"HIST1H1C",FALSE,0.223942330126528
0.111479841932961,5.94952231652604,2.6328069717079,0.127981127378617,0.223586244569782,"OXA1L",FALSE,0.224201761505168
-0.0988471049638223,6.68195052897405,2.6317299888798,0.128052585208414,0.223661796768518,"LACTB",FALSE,0.224277071203176
-0.0813019553010605,5.38781686638469,2.63049631598781,0.128134499884625,0.22375557600998,"GIGYF2",FALSE,0.224370657944227
-0.306546204905991,1.79857534856774,2.62720302207564,0.128353488052798,0.224088626576212,"JUP",FALSE,0.224704173084431
0.119125204257796,5.97542626824059,2.62541738286007,0.128472417407773,0.224222575640192,"MORF4L2",FALSE,0.224837588255675
-0.499598618782618,0.567533827035557,2.62520193487805,0.128486776126815,0.224222575640192,"ROBO4",FALSE,0.224837588255675
0.11861439462432,4.59205465004564,2.62122242600366,0.128752350218684,0.224636582863937,"STRN3",FALSE,0.225252279596446
0.375159601453582,1.30907453354408,2.617416531532,0.129006971741425,0.224998926964944,"XKR6",FALSE,0.225614713077498
-0.0856135638250169,5.28149332931808,2.61726994057091,0.129016791370161,0.224998926964944,"KIAA2026",FALSE,0.225614713077498
-0.0720721325828339,6.55108454181728,2.61372348179178,0.129254637794383,0.225364145246067,"PEA15",FALSE,0.225980478593908
0.125684486887701,5.86395701505957,2.61762767049378,0.129420099251127,0.22560302261718,"ERF",FALSE,0.22621955666749
-0.35028090219471,2.5107365167386,2.60887111207565,0.12958094342256,0.225833747956486,"TSIX",FALSE,0.226450459690091
-0.0888104399410753,5.99961929146809,2.60781950390644,0.129651794514576,0.225877425159976,"RESF1",FALSE,0.226493350897328
-0.160795694629663,8.46688426142748,2.69428470769563,0.129662987121979,0.225877425159976,"NFKBIZ",FALSE,0.226493350897328
-0.0816674337673227,5.555211283736,2.6052323012284,0.129826308402539,0.226068333327933,"KATNBL1",FALSE,0.22668387440355
0.0872650850747818,5.32635181101963,2.60518344516559,0.129829606665247,0.226068333327933,"CREB1",FALSE,0.22668387440355
0.169401261185083,3.78806407043612,2.60437178670445,0.12988441669315,0.226104088176947,"KNOP1",FALSE,0.226718822032517
0.0688364858961383,8.88024085024554,2.60403482137364,0.129907179824166,0.226104088176947,"PLXDC2",FALSE,0.226718822032517
0.0711925271840787,7.50798265511006,2.59995007075829,0.130183510345311,0.226486704785821,"SKAP2",FALSE,0.227101573601055
0.31332563572897,2.45222439404927,2.59994067891579,0.130184146532415,0.226486704785821,"TAFA2",FALSE,0.227101573601055
-0.0928235071700754,5.14744146286373,2.59797820046864,0.130317165638891,0.226668382883968,"SENP5",FALSE,0.227283292207922
0.0840753758010268,5.76529731874122,2.59591666983052,0.130457079365526,0.226861970872974,"NCBP2",FALSE,0.227476952466049
0.0805223719889448,7.157094113226,2.59508289766172,0.130513719194311,0.226910694248355,"IL6ST",FALSE,0.227525355125644
0.0983518698297769,4.892561852246,2.59174557881104,0.13074073420619,0.227255545009137,"CCDC115",FALSE,0.227870686742559
-0.291112911777724,1.73742642666644,2.5880641986768,0.130991719188291,0.227641900421914,"RAB11FIP3",FALSE,0.228257634099835
0.176021196976266,3.37105395809305,2.58751779622191,0.131029021888649,0.227656823478678,"TXNRD2",FALSE,0.228272143838739
-0.511668573136949,0.361885961427224,2.58698971033509,0.131065086590318,0.227669589502201,"GATA2",FALSE,0.228284490859723
0.143042876538754,4.45209469780969,2.58543852246989,0.131171093165624,0.22780381744076,"FAM210B",FALSE,0.228418627753932
0.575449117974695,3.8167050025245,2.772609920748,0.131208438384978,0.227818769057404,"AC022509.4",FALSE,0.228433166319748
0.0943945273301409,5.33844005547421,2.58176459860874,0.131422588043773,0.228140634554639,"MRPL4",FALSE,0.228755446002839
0.124772499684955,4.71492751460902,2.5808112639051,0.131487944942359,0.228204121607491,"YIPF5",FALSE,0.228818650376828
0.083225560645159,6.21472401660622,2.5796218478316,0.131569542958826,0.228295761999907,"ARID4A",FALSE,0.228910083796297
-0.10413782216378,4.68912612939062,2.57698168921252,0.131750890528351,0.228560407025988,"NT5C3A",FALSE,0.229174986880624
-0.407300268166838,1.2986504678083,2.57506012526116,0.131883073363948,0.228735315301029,"COL12A1",FALSE,0.229349457224393
0.511228439063,0.644088310501138,2.57467744122496,0.131909417451603,0.228735315301029,"BCL11B",FALSE,0.229349457224393
0.0682829911634046,6.17581189662926,2.57407354823852,0.131951002858798,0.228757391354592,"PSMD4",FALSE,0.229371138685262
0.138085161507734,4.15373062817227,2.57303974982284,0.132022230112064,0.228830835227032,"ERCC6L2",FALSE,0.2294443257937
-0.0854505735847986,10.0022743381005,2.57242574071197,0.132064556961797,0.228848816077419,"DNAJA1",FALSE,0.229461447757296
-0.257186375505672,2.5479687336112,2.57205190210724,0.132090335818652,0.228848816077419,"KCNMB4",FALSE,0.229461447757296
-0.0836540342025443,6.39932168219049,2.57024053787932,0.132215330481536,0.229015324460917,"WDR45B",FALSE,0.229627948309863
0.129945083062778,6.29366055138544,2.59229833591695,0.132419748000428,0.229319301473873,"ATF5",FALSE,0.22993228449358
-0.306472881816647,2.89718248287584,2.57049320875865,0.13249300926978,0.229396064094959,"COL4A2",FALSE,0.230008798375348
-0.129459234132407,4.2591730873396,2.56574297985391,0.132526320747442,0.229403639931379,"MFN1",FALSE,0.230015940702433
-0.166424539896631,3.23797768412246,2.56410037595407,0.132640126355495,0.229550517735509,"ZNF714",FALSE,0.230162756702333
0.19926053005538,2.68284762624903,2.5624827609411,0.132752318718562,0.229626573294679,"CCDC7",FALSE,0.230237654352539
0.252330143524662,3.12608267974775,2.56240004813788,0.132758058553399,0.229626573294679,"PSD3",FALSE,0.230237654352539
0.117132787716304,5.84152685883144,2.56221407571803,0.132770965184512,0.229626573294679,"C1orf122",FALSE,0.230237654352539
0.100246680620845,4.6394156025818,2.5589385358592,0.132998544665815,0.229970002641348,"LTN1",FALSE,0.230581543767009
0.742244702403622,0.238812857361117,2.55619038215505,0.133189854299558,0.230250581091779,"LINC02542",FALSE,0.230862414119234
0.189048799222997,3.69658029730922,2.55492284311101,0.133278207255319,0.230353090717282,"USP40",FALSE,0.230964741917599
0.105595017875012,5.00538282416646,2.55323414587412,0.13339602937702,0.230506477964475,"RASSF1",FALSE,0.231118082127153
0.175054267821809,3.66552137414745,2.5500905482937,0.133615704623684,0.230835760788094,"TYW1",FALSE,0.231447783866618
-0.152999508912327,3.86873467306999,2.54647091768323,0.133869199577205,0.231223314650999,"CYTH3",FALSE,0.231835909929484
-0.0676129316334345,6.88004986045398,2.54491137236721,0.133978603140971,0.231361874472145,"UBL3",FALSE,0.231974381438367
-0.555770794674063,0.493311631921214,2.54434994562188,0.134018014823341,0.231379534303016,"NPTX2",FALSE,0.231991632779232
-0.154618613804339,4.48700658821465,2.54232589806942,0.134160220350275,0.231574619407138,"SCYL2",FALSE,0.232186778541184
-0.343243093553362,2.12791517311237,2.54112695058404,0.134244544035381,0.231642191162332,"MCAM",FALSE,0.232253618401794
-0.219619949050369,2.75442618117875,2.54093850302276,0.134257803782911,0.231642191162332,"SSBP3",FALSE,0.232253618401794
0.176170622877151,4.64425540614164,2.55493883922623,0.134321061306232,0.231700908188817,"ZC3H14",FALSE,0.232312035339296
-0.351759287857116,1.19876686985842,2.53759851976713,0.134493084314873,0.231947176951993,"COL1A1",FALSE,0.232558498295121
-0.0976520337777455,5.39836572974539,2.53628316132682,0.134585882931501,0.232056737686155,"MRPL23",FALSE,0.232667892414826
-0.0975682085659658,5.94203872671976,2.53317845755158,0.134805234372655,0.232384409242533,"ACAA1",FALSE,0.232995971125006
0.0798367863871549,5.86228875492554,2.5319028510939,0.134895485874204,0.232489437393628,"ILK",FALSE,0.233100819854568
-0.207320790109166,2.84327607408288,2.53056521537204,0.134990206394354,0.232602120472601,"GRK5",FALSE,0.233213343415508
0.143330344131303,7.64838773966421,2.58540554481261,0.135059272074457,0.232670558236918,"C12orf57",FALSE,0.233281505240643
0.0651832124718238,6.65598483552593,2.52905210230063,0.1350974520409,0.232685770102163,"SEC61G",FALSE,0.233296301441957
0.555671715320582,0.484783875821972,2.52444352446192,0.135424746847764,0.233198825588417,"DSCAM",FALSE,0.23381024669443
0.23944080440824,6.18737517748648,2.67628423364177,0.135800140442823,0.233794465457264,"Z93241.1",FALSE,0.234406990887064
-0.0691465392502361,6.87447647542178,2.51802733247044,0.135882052242259,0.233884696086981,"PCM1",FALSE,0.234497000561779
0.102362241374647,5.81634594124058,2.51669909615684,0.135976959239026,0.233964666217376,"CFDP1",FALSE,0.234575808725619
0.380814144131481,1.17167637730237,2.51626242776792,0.136008178606398,0.233964666217376,"CASC15",FALSE,0.234575808725619
-0.101056785056961,5.09388932360215,2.5161384108667,0.136017046745193,0.233964666217376,"NFATC2IP",FALSE,0.234575808725619
-0.154536422397896,4.42177084980809,2.51475334247845,0.136116138198369,0.234084326168474,"LARP1B",FALSE,0.234695324300011
-0.102211758885389,5.06485036327186,2.51040666679704,0.136427691947162,0.234569234820451,"CNIH1",FALSE,0.235181040953992
0.0890910830184962,5.3393348119297,2.50766606612106,0.136624582206004,0.234836739051836,"TAF9",FALSE,0.235447412055169
0.232749319232802,2.46329293944968,2.50695047714139,0.136676049496182,0.234836739051836,"MINDY3",FALSE,0.235447412055169
-0.651647826444439,-0.119808011985763,2.50673747617803,0.136691373797997,0.234836739051836,"SOX2-OT",FALSE,0.235447412055169
0.154669119577696,3.81464745161785,2.50659313389883,0.136701759677627,0.234836739051836,"SLFN12",FALSE,0.235447412055169
-0.0782691572078584,6.52728126529951,2.50290485434717,0.136967474911901,0.235242231607789,"PPP1R2",FALSE,0.235853501061411
-0.116299490928601,4.55844975453417,2.50179022520584,0.13704790218001,0.235329384553415,"ECPAS",FALSE,0.235940422503085
0.0998077919378168,5.63848520209548,2.50097132495738,0.137107028100841,0.235332194800265,"COMMD7",FALSE,0.235941867326262
-0.0868475023504573,7.85322010052143,2.50071992175302,0.137125186159174,0.235332194800265,"ELL2",FALSE,0.235941867326262
-0.0907912387963003,5.13329994257606,2.50053437112548,0.137138589805402,0.235332194800265,"PPP3R1",FALSE,0.235941867326262
0.514227420488463,2.6514068246437,2.58716097257556,0.137378779449307,0.235693348512034,"AC114977.1",FALSE,0.236303498799485
0.0975126674998839,5.55072338001815,2.49571841411543,0.13748704937888,0.235828067389823,"LRP10",FALSE,0.236438108493084
-0.08252710202504,6.03637242143657,2.49514545751951,0.137528578773311,0.235848274392129,"INPP5D",FALSE,0.236457909990429
-0.0970862941959246,4.99284746818707,2.49447734332402,0.137577025076444,0.235880331921723,"CHCHD3",FALSE,0.236489592745412
-0.206136480935355,3.11542009153812,2.49135884805452,0.137803433421051,0.236217431386398,"REPS1",FALSE,0.236827104819162
-0.0913428419950991,6.25361663184793,2.48987190718344,0.137911550596186,0.236351658695755,"FAM53C",FALSE,0.236961220413686
-0.0913320703683795,5.07578888567603,2.48861256764458,0.13800320087017,0.236453233331353,"AP3D1",FALSE,0.237061683162895
0.357340900053365,2.73342107795878,2.50161551965821,0.138045422782146,0.236453233331353,"NAV3",FALSE,0.237061683162895
-0.11151058815049,4.55793407138804,2.48782858084902,0.13806029478946,0.236453233331353,"AC010642.2",FALSE,0.237061683162895
-0.1025018934834,5.36623659098531,2.48642424820482,0.138162638686326,0.236577408100474,"KIF13B",FALSE,0.237185719671144
-0.160438184339844,4.30260398914956,2.48450584968077,0.138302598348818,0.236765925223371,"KDM7A",FALSE,0.237374263571239
-0.120975181301563,4.42432692795845,2.48191244488165,0.138492083692526,0.237039127701715,"KLHL15",FALSE,0.237647709721132
-0.104181594828883,5.75580187229663,2.47702054903867,0.13885038389037,0.237601088599796,"CMC2",FALSE,0.238210654243975
0.273311307953563,10.8211252835588,2.66377948542745,0.138952854400081,0.237725125093621,"HSPA1A",FALSE,0.238334549741745
0.117059020201562,4.33219407452612,2.47461139359134,0.139027261680086,0.237760023716443,"SLF2",FALSE,0.238368619871048
-0.121830352007166,4.50057007125531,2.47453013005167,0.139033232839232,0.237760023716443,"ARID2",FALSE,0.238368619871048
0.313495603797176,1.240814358743,2.47380417493311,0.13908658937242,0.237799974238634,"DYNC2H1",FALSE,0.238408213898156
0.119332871523923,3.98880549897171,2.47257666245499,0.139176867363452,0.237903019503545,"SWI5",FALSE,0.238511063974173
-0.159928571350913,4.21924501792072,2.47158368279509,0.139249949716253,0.237976633186128,"TRIM25",FALSE,0.238584407104097
0.0953343275262527,4.89120123566451,2.4705041224744,0.13932945834631,0.238061195208953,"DDX50",FALSE,0.238668726430143
-0.0919793996611766,5.01401110747219,2.4698676734097,0.139376358627703,0.238090017496322,"ZNF430",FALSE,0.238697163754141
-0.789466860615546,-0.422845243942555,2.47419469320788,0.139544428161988,0.238325770458476,"SLC7A11",FALSE,0.238933059130655
-0.0610702585794326,7.69360299118224,2.46699812766428,0.139588060434966,0.238348943167869,"XRCC5",FALSE,0.238955832270027
-0.0833754404219981,6.46564414105452,2.46625642754507,0.139642844515594,0.238391143695011,"C1QBP",FALSE,0.238997681749696
0.244063006247186,2.20369014931747,2.45852848924622,0.140215242378178,0.239316779671517,"SHISA4",FALSE,0.239925212740071
0.1669350039423,4.34038259596294,2.45708611444367,0.140322399380472,0.239448123609209,"RICTOR",FALSE,0.240056430471088
0.238839430075657,2.67434062750596,2.456183802241,0.140389485706084,0.2395110485642,"RMDN2",FALSE,0.240119055230684
-0.0739149551802807,6.74460123717336,2.45387322676065,0.140561457096475,0.239752846785897,"DDX39B",FALSE,0.24036100694726
0.406500054829562,3.24174493102927,2.52782739292488,0.140615697570292,0.239793772926925,"AC243772.2",FALSE,0.24040157670546
-0.296724434985265,1.8592799927487,2.45128687087282,0.140754264584469,0.239950172174687,"NDUFA4L2",FALSE,0.240557451983252
-0.616342089331289,-0.89532105112469,2.45110355538083,0.140767942833561,0.239950172174687,"CORO2B",FALSE,0.240557451983252
0.204897883864223,6.70474279920133,2.577690106727,0.140871922759125,0.240075796138078,"CYB5D1",FALSE,0.240682933744607
0.61130609882953,0.0854345830680464,2.44845435306597,0.140965799826764,0.240184152380526,"CD27",FALSE,0.24079110386714
0.18465780242258,4.28940031016436,2.45212978182516,0.141177721056354,0.240487814105586,"ZNF844",FALSE,0.241094612095753
-0.0956182525102064,5.78203626426452,2.44526189704146,0.141204689033994,0.240487814105586,"ELF2",FALSE,0.241094612095753
0.126062422472501,4.73661203640497,2.44333957598459,0.141348777482383,0.24068150942447,"IMPAD1",FALSE,0.241288335645983
0.108224371183712,4.81241399464306,2.44204224543365,0.141446122700285,0.240784983948522,"ECI2",FALSE,0.241391150261368
0.0889009579191312,5.59138596057992,2.44172034350124,0.141470289509613,0.240784983948522,"ACP1",FALSE,0.241391150261368
0.266818564173533,1.87019229000104,2.47277229962448,0.141509325775491,0.240799728428439,"USP31",FALSE,0.241405471732205
0.186105735330809,4.11901986198155,2.44082758648449,0.141569442850259,0.240850331098037,"NEDD4L",FALSE,0.241455741670132
0.0849977420947628,4.90992590803208,2.43928761184111,0.141653092947417,0.240940939902836,"UBE4A",FALSE,0.241546118233712
0.0800207134525242,5.90805372177283,2.43820999390207,0.141734162467947,0.241027121416964,"SRP9",FALSE,0.241632056248104
-0.0701678266178798,9.32398493483719,2.43571304215272,0.14192223052228,0.241252560921665,"COX4I1",FALSE,0.241857141373929
-0.114307590980437,4.81242638074712,2.43564192764437,0.141927591339385,0.241252560921665,"HTATSF1",FALSE,0.241857141373929
-0.0759493401226336,7.8520786424562,2.43440573982156,0.142020818959924,0.241359282468226,"TRA2B",FALSE,0.24196367036468
-0.471543179510359,0.381184302518471,2.43186945525096,0.14221233224414,0.241612280445725,"OSBPL5",FALSE,0.242215921620183
0.165857293005265,3.96268570734816,2.43151898202884,0.142238821490459,0.241612280445725,"FER",FALSE,0.242215921620183
0.432023867038083,9.48736971360878,2.67238237665436,0.142261115681212,0.241612280445725,"EGR1",FALSE,0.242215921620183
-0.0800177186446082,5.24666499233172,2.42882789673915,0.142442421830236,0.241868391576378,"ADIPOR2",FALSE,0.242472212441357
-0.118697010782957,4.64287338923613,2.42732175177897,0.142556530828337,0.242010316147121,"ACLY",FALSE,0.242614031079205
-0.504724659054246,-0.000138196154012196,2.42672674213588,0.142601641429697,0.242035070275024,"MIR1915HG",FALSE,0.242638386864611
-0.103990088767505,5.04945887829502,2.4262325801282,0.142639119763921,0.242046862476106,"TLK2",FALSE,0.242649748542468
-0.0963298373275505,6.13539062207012,2.42544412288495,0.142698943450948,0.242096559743017,"MRPS6",FALSE,0.242699109781211
0.15773397177791,9.37310747440407,2.50373963010872,0.142931408236395,0.24243906814252,"ID2",FALSE,0.243042010379088
-0.0872624859709581,5.36510854331453,2.42172397478004,0.142981628398598,0.242472374319591,"AKAP8L",FALSE,0.243074939258558
-0.317916576021549,1.35884105060028,2.41898245038631,0.143190395776121,0.242774477697409,"CBR3",FALSE,0.243377332885497
0.0782083394404593,6.50311988844112,2.41733090312217,0.143316344212477,0.242936065194893,"KDELR2",FALSE,0.243538861023704
-0.0782905104784009,5.69033090633569,2.41677688649723,0.143358624855519,0.242955788340007,"BCL7B",FALSE,0.243558172657274
-0.511324623329048,0.594385663576364,2.41589593068559,0.143425888317769,0.24301783342237,"PCSK1N",FALSE,0.243619911204696
-0.116744382442224,5.01525928805571,2.41318460058305,0.143633152434172,0.24331701549105,"DCUN1D1",FALSE,0.243919373760812
0.0818462217827414,5.99056008499919,2.41227263242121,0.143702950360744,0.24338324940397,"CISD2",FALSE,0.243985310978867
-0.101679173867172,5.35121223671365,2.40998537649945,0.143878192268359,0.243628002627841,"PDS5A",FALSE,0.244230208724441
-0.129291701073591,3.92550060254991,2.40489369741378,0.144269255200658,0.244238021616659,"TRIM24",FALSE,0.244841273690388
0.164357447329716,4.56919533504153,2.3940071795265,0.145232838638846,0.245816811428004,"ISOC2",FALSE,0.246423498340906
0.0990195350696052,4.42193578804406,2.39149531459487,0.1453046458229,0.245885855300736,"KDM3A",FALSE,0.2464922480174
0.0892398402096008,5.00148385373858,2.3874078357124,0.145622354904421,0.24637089835302,"DIP2A",FALSE,0.246978021945539
-0.136528545798985,6.37722332509759,2.38859681006335,0.145824096123996,0.24665957628996,"APOD",FALSE,0.247266945601558
-0.376892901469979,1.47072957702981,2.38408961347597,0.145880907927091,0.246678512171871,"EVA1C",FALSE,0.247282673842947
-0.084689950094948,5.93014785253554,2.38321132142636,0.145949439340564,0.246678512171871,"RBM27",FALSE,0.247282673842947
0.545647153209929,0.30338733708748,2.38275634921334,0.145984955696745,0.246678512171871,"KIF11",FALSE,0.247282673842947
0.100235015742458,8.16207910494925,2.38243806435925,0.146009808268053,0.246678512171871,"SERTAD1",FALSE,0.247282673842947
0.115445790665999,4.6100494861838,2.38232314416884,0.146018782852423,0.246678512171871,"RTL8C",FALSE,0.247282673842947
-0.0898412256825229,5.96153591421731,2.38218955546735,0.146029216200064,0.246678512171871,"RAPH1",FALSE,0.247282673842947
0.0925483253054758,4.98691291033337,2.38188385742475,0.146053094870682,0.246678512171871,"APOBEC3C",FALSE,0.247282673842947
0.0730071713974935,6.64244737529958,2.38075967053277,0.146140949134651,0.24677205510693,"UBE2L3",FALSE,0.247375517537042
0.0737837828447692,5.93086065977899,2.38037874665829,0.146170732944266,0.24677205510693,"FAM204A",FALSE,0.247375517537042
0.0969827278063338,5.27631117436588,2.37696874338106,0.146437692525299,0.247125835574394,"CHSY1",FALSE,0.24772923427049
0.105124251412675,4.13890648462209,2.37690573971568,0.146442630616612,0.247125835574394,"STK3",FALSE,0.24772923427049
-0.123540254160606,4.07576926652788,2.37509177111085,0.146584894561614,0.247313267521701,"IPO9",FALSE,0.247916659372347
-0.580127246847168,0.0455346729117417,2.37235879858183,0.14679955839557,0.247622744459591,"CD34",FALSE,0.24822642649502
0.108196468967084,5.62082485574172,2.36770173899134,0.147166254544943,0.248188484584622,"ZNF292",FALSE,0.248793080108382
0.138898408808963,3.97149947371282,2.36513092105029,0.147369169332536,0.24841608291408,"SFMBT1",FALSE,0.249019835587391
-0.0648240301050401,8.01545507685732,2.36507147915093,0.147373865207406,0.24841608291408,"MAP1LC3B",FALSE,0.249019835587391
-0.0740283285010072,6.34697744580357,2.36480127309588,0.147395213676568,0.24841608291408,"SNRPE",FALSE,0.249019835587391
0.180662034356351,3.84808389231934,2.35479132798178,0.148188804170585,0.249700497229415,"PIGC",FALSE,0.250306903785564
-0.325431593117724,1.16711234907902,2.35310728512782,0.148322838436436,0.249823731380121,"APCDD1",FALSE,0.250429501816441
0.162409901965394,4.19073181789056,2.35308061165754,0.148324962614307,0.249823731380121,"ARHGEF9",FALSE,0.250429501816441
0.108451449152649,5.25337162511725,2.35078378286323,0.148508016041368,0.250078919111292,"GRSF1",FALSE,0.25068484044866
-0.103948897310226,5.28875735064439,2.34991089631993,0.148577657517526,0.250139961916271,"MRPS33",FALSE,0.250745095776552
-0.109084010267557,4.63675558651929,2.34953864902161,0.148607368898289,0.250139961916271,"EXOC5",FALSE,0.250745095776552
0.102583585268208,5.99480818361594,2.34849008502047,0.148691101180789,0.250178561771909,"NUP62",FALSE,0.250782854290072
0.0692035680312704,7.94301965707126,2.34846113739335,0.148693413606109,0.250178561771909,"IFNGR1",FALSE,0.250782854290072
0.0836555257315793,5.92679838825671,2.34774979172068,0.148750252178591,0.250221090445973,"SNRPN",FALSE,0.250825018549431
0.128151661428035,4.3818373110534,2.34607250887158,0.148884379238528,0.250393584769422,"GYG1",FALSE,0.250997461939039
0.214404072224058,2.5129307533831,2.34283696103817,0.149143542346381,0.250776246812749,"SUFU",FALSE,0.251380579076763
-0.309787235976955,1.75494496456953,2.34238500770587,0.149179787992832,0.250784003224592,"SLC25A43",FALSE,0.251387886589846
0.163913546824168,3.33115414096372,2.34153115481252,0.149248295083283,0.25084597910118,"VPS54",FALSE,0.251449544197199
-0.218338475397868,3.17181983381581,2.34095855287514,0.149294258582387,0.250870047062562,"TENM4",FALSE,0.251473116992798
0.149446031825746,4.89517185934679,2.34422468103318,0.14932612862304,0.250870427574372,"PMS1",FALSE,0.251473116992798
0.0641529935587559,7.11492881087682,2.33898374197862,0.149452914762715,0.251030234796358,"C6orf62",FALSE,0.251632840884948
-0.100129062931447,6.86755128590785,2.33259819110955,0.149967371641609,0.251840991818403,"NDUFV2",FALSE,0.252445075596709
-0.164654200079374,9.83799834301098,2.41851550413426,0.150034548084585,0.25189694909141,"TNFAIP3",FALSE,0.252500230368427
-0.135723632635239,4.860544875559,2.33139890474386,0.150064239475117,0.25189694909141,"LPCAT1",FALSE,0.252500230368427
-0.118488238627872,4.46715895966376,2.32971427347281,0.150200441157311,0.252072205227595,"RANGAP1",FALSE,0.252675437846956
0.165759995886652,2.87063018996111,2.32438705803064,0.15063216096725,0.252743232200711,"GSTCD",FALSE,0.253347601216908
0.431737321190595,2.38577427908335,2.34916818445472,0.150783642415316,0.252943867344187,"AL357522.1",FALSE,0.253548246520354
0.2211966459037,7.39731632489342,2.46109457096982,0.150900468109328,0.253086293879998,"TCHH",FALSE,0.253690543697244
0.514799178593859,0.367981347706314,2.31924154540081,0.151050627502679,0.25324655065157,"TRPC1",FALSE,0.253850243752282
-0.491815040793082,1.46798904116201,2.34602671653951,0.151059906411614,0.25324655065157,"CDA",FALSE,0.253850243752282
0.299316633210166,2.04529183440136,2.31841246995764,0.151118189050275,0.253290698264394,"VASN",FALSE,0.253894027156765
-0.108447500895507,5.63387302270757,2.31672047435088,0.151256187311212,0.253468411118852,"LONP2",FALSE,0.254071693739387
0.173098745749329,3.60229676736904,2.31631984832061,0.151288885200863,0.253469628459941,"FAM117A",FALSE,0.254072444598678
-0.373740404191955,0.858729158179522,2.31586739427385,0.15132582375417,0.253477948599844,"GPC1",FALSE,0.254080315331491
0.104465032110445,6.00937473893604,2.312039254918,0.151638806134607,0.253948554084318,"CMTM3",FALSE,0.254551569300753
-0.0636835822242025,6.36226160967088,2.31072851514719,0.151746155886324,0.254074661851484,"SNAP23",FALSE,0.254677506619612
-0.228349132537792,2.72202038064519,2.30787643332606,0.15198007003322,0.254412583450881,"COL4A1",FALSE,0.255015759685135
0.178340950366472,5.62319401897822,2.38019483496624,0.152030473496637,0.254443232822744,"NME1",FALSE,0.255046011543123
-0.104406966088873,4.4438165668894,2.3038052263411,0.152314752211604,0.254865208006246,"NUP153",FALSE,0.255468515631896
-0.230693043670159,1.98374987569896,2.29838808504112,0.152761509386227,0.255558819669552,"SLC12A4",FALSE,0.256163297348807
-0.130753825326376,6.39261408252678,2.32815837861635,0.152897872424268,0.255732981556877,"RAB32",FALSE,0.256337399225023
-0.0737211155626303,6.34688436888772,2.29622929199476,0.152940003662685,0.255749493574723,"SSH2",FALSE,0.256353478479708
-0.069747510897829,6.93570252698274,2.29262267685783,0.153238789543753,0.256195091417729,"ZBTB7A",FALSE,0.256799656248816
-0.0720918154359907,8.36615605602602,2.29172454143304,0.153313308025238,0.256265634835355,"MEF2C",FALSE,0.256869893794732
-0.393151787423323,1.19764351206898,2.29021590347387,0.153438582050865,0.256420969329523,"PRIMA1",FALSE,0.257025122134109
-0.0946866216352544,5.37501231513834,2.28942061965103,0.153504672226208,0.256477353300185,"KIAA0930",FALSE,0.257081166623739
-0.100264444846095,5.44327162149768,2.28460444135407,0.153905670926262,0.257093164581417,"USP22",FALSE,0.257697954422336
0.271800749975917,1.73245056295229,2.27573693267652,0.154647420325593,0.258277806686603,"BMP1",FALSE,0.258884908058866
0.0764623306474742,6.11770978750506,2.27155936879457,0.154998415359687,0.258809485461583,"PDCD10",FALSE,0.259417360570132
-0.142649252572014,3.77031805127489,2.26980252078407,0.155146321926607,0.259001903607947,"POLD2",FALSE,0.259609754489764
0.0857668383799889,6.06305189352413,2.26856689173823,0.155250453646646,0.259115252306115,"TOMM5",FALSE,0.259722417063515
-0.332412358313214,0.594339667632508,2.26822138357023,0.15527958674399,0.259115252306115,"MAP3K7CL",FALSE,0.259722417063515
0.10955019069613,7.09117081307975,2.27412575715588,0.155366465553664,0.259205668962426,"CD99",FALSE,0.259812569652253
0.175852735782476,3.77088807475128,2.26352890893169,0.155675932756907,0.259642250386359,"XRRA1",FALSE,0.260249220417904
-0.142154562749604,4.05922202752245,2.26331949618588,0.155693650143385,0.259642250386359,"ZNF654",FALSE,0.260249220417904
0.425626760831148,6.26505680963728,2.46418420616075,0.156089895199721,0.260248304762016,"CXCL10",FALSE,0.260856214336742
-0.0659837107945222,8.16368968210467,2.25740391605735,0.1561951833076,0.26035832453737,"SLC38A2",FALSE,0.260965536828798
0.237796146993387,1.89062826315807,2.25709342899048,0.156221562793172,0.26035832453737,"TTC8",FALSE,0.260965536828798
0.485562494182831,0.290796040814733,2.37267961898136,0.156478343410022,0.260731464177102,"NLGN4Y",FALSE,0.261339069193163
-0.366986339770224,0.621588019581167,2.80649320730372,0.156544511170228,0.260786905769609,"ESAM",FALSE,0.261394162568685
-0.0691595207651302,7.66022882200085,2.25246764496166,0.15661523872858,0.260849918621886,"PRPF38B",FALSE,0.261456844819612
0.0825020608910125,6.62553717306332,2.2508953037026,0.156749335343279,0.261018426927434,"SNHG32",FALSE,0.261625267761515
-0.670327531980353,-0.0530384207997475,2.25564524571771,0.156813797794586,0.261070934253565,"ASPM",FALSE,0.261677419831762
0.120419640346739,4.59121676627136,2.3734207306619,0.156871198836755,0.261111665836194,"CLOCK",FALSE,0.261717768834382
-0.0765720473279084,5.5356728292482,2.24815996773707,0.156982960625795,0.261223410193688,"CCNK",FALSE,0.261828818370827
-0.111325179800505,5.55524361642099,2.24791117377943,0.157004231782659,0.261223410193688,"REST",FALSE,0.261828818370827
-0.0802237153050234,6.0959094311191,2.24303646441223,0.15742173494661,0.26183672327908,"PRDM2",FALSE,0.262442597225716
0.208802337037781,9.20550034191935,2.37343062881061,0.157438907652797,0.26183672327908,"ATF3",FALSE,0.262442597225716
0.0824539279406804,6.18659257621264,2.24226951360859,0.157487548454903,0.261862685434244,"HEIH",FALSE,0.262468141892898
0.268052568774177,3.39486167817904,2.24814045516576,0.157961377452009,0.262595470840748,"RBMS3",FALSE,0.263202142886406
-0.534898613099999,0.255729227631679,2.23572108450108,0.158050888681935,0.262689191922512,"LINC00607",FALSE,0.26329560182624
-0.11901531384266,4.14975659398558,2.2339622115491,0.158202629155253,0.262886280432371,"SLC20A2",FALSE,0.263492666487332
0.142688319144546,6.50599684958636,2.28108563072209,0.158387690835589,0.263138644791398,"TAGAP",FALSE,0.263745133883486
0.172123796477875,4.80153666408961,2.25427142325988,0.15859928546161,0.263434974887836,"ZNF703",FALSE,0.264041667554219
-0.0841054367442996,6.44657292850728,2.22766624283074,0.158747291202282,0.263625581200606,"PRMT1",FALSE,0.264232233275212
0.256128960294254,2.62776194224403,2.22683260866663,0.158819584839047,0.263690401801877,"PROCR",FALSE,0.264296723566119
0.0867974627520658,5.77413424161679,2.22629178071979,0.158866508102092,0.263713081288398,"USP4",FALSE,0.264318975887705
0.167829301714437,3.90150979163777,2.22570164160195,0.158917729542687,0.263742884616793,"LRRC8B",FALSE,0.264348368525609
-0.090086527519491,7.69148377401722,2.2238464479765,0.159078887081772,0.26395508932279,"YME1L1",FALSE,0.26456058104923
-0.0651556211599335,8.0851243539449,2.2208045583122,0.159343574954125,0.264338954223959,"MT-ND4L",FALSE,0.264944846662852
-0.213974533521289,3.36781466257757,2.21928052200677,0.159476395714429,0.26450394669958,"MARVELD1",FALSE,0.26510973737883
-0.0740551087648293,6.56427558672195,2.21862696828768,0.159533395916629,0.264543142193482,"UBE2I",FALSE,0.265148542833588
0.130978667010494,4.96375376176806,2.21723805510522,0.159654616013454,0.264688790412937,"ZSCAN16-AS1",FALSE,0.265294044495674
-0.1649323928227,3.68838847711325,2.21563873462362,0.159794343066285,0.264865053696321,"BRWD3",FALSE,0.26547023084694
0.18671826928703,7.24256369580868,2.31682453894905,0.159894275263323,0.264975295628684,"TMEM107",FALSE,0.265580244681521
0.298738925221272,6.63365129647549,2.37187387594738,0.16013711865849,0.265322273087671,"MIR222HG",FALSE,0.265927533893673
0.22776084895397,3.20086346356188,2.20971833487539,0.160312925666086,0.265558059899861,"SUSD1",FALSE,0.266163377955201
0.0911930019254632,5.34594129347778,2.20638771273387,0.16060559208731,0.26598728516152,"FBXO7",FALSE,0.266593100392716
0.233924247178246,3.00830201832836,2.20553325825582,0.160680782323887,0.266056232720087,"LIF",FALSE,0.266661723856664
0.218903142185221,2.65088948385021,2.20454630190352,0.160767687489545,0.266144545086053,"TBC1D2",FALSE,0.266749756116814
0.136971073226239,3.74808652581554,2.20401444675718,0.160814543786417,0.266166535102028,"METTL8",FALSE,0.266771315213601
0.0790360419238463,5.80546355247443,2.20243840166407,0.160953493707013,0.266340909645,"SNX27",FALSE,0.266945604931336
0.116808393043302,4.61660780698151,2.20205283320177,0.160987509795937,0.266341606356885,"SENP7",FALSE,0.266945822389475
-0.232379621271766,2.21637391817104,2.19704019623671,0.161430563785975,0.267018883725267,"SLC8A1-AS1",FALSE,0.267624154357304
0.109515473011231,9.06450807925454,2.20920387149001,0.161508119930075,0.267060264080646,"WSB1",FALSE,0.267664665260616
-0.106706366195266,5.39502442303965,2.19599710565108,0.161522952354528,0.267060264080646,"MRPL11",FALSE,0.267664665260616
0.336195374732871,1.67444923518068,2.19363617277901,0.161732310303381,0.267339919031515,"ANTXR1",FALSE,0.267943989666962
0.279488957809412,10.1509702736347,2.35124859795313,0.161759534762132,0.267339919031515,"KLF6",FALSE,0.267943989666962
0.41211938718434,0.645485434244078,2.19276971862533,0.161809229478509,0.267366313319221,"RNF217-AS1",FALSE,0.267969962125645
0.116552950479203,4.73473876986308,2.18828336251125,0.162208240460279,0.267911089047868,"IKBKB",FALSE,0.268514521694495
0.110374399942558,5.22028991660861,2.18797463741099,0.16223574355027,0.267911089047868,"GOLGA7",FALSE,0.268514521694495
-0.0612276757790292,7.58376456543352,2.18792344033739,0.162240305060395,0.267911089047868,"UBE2B",FALSE,0.268514521694495
0.101556003800334,6.64558522686342,2.18693467481919,0.162328432822831,0.26800079454798,"MX1",FALSE,0.268603947443449
0.19811899140802,10.1596020441959,2.2990841580953,0.162943712136016,0.268960597504547,"PPP1R15A",FALSE,0.269565427175039
-0.180125959705886,3.4773535913446,2.1777546359855,0.163149521841347,0.269244256694046,"ITGB1-DT",FALSE,0.269849240618545
0.456657931778289,0.652135264669984,2.17444115852277,0.163447171298567,0.26967932862748,"AC022784.1",FALSE,0.270284805938311
0.0788912447024855,5.71975585582119,2.17299510915574,0.163577283923619,0.269812413967632,"MCTS1",FALSE,0.270417221795316
-0.102753453684452,4.30480501089223,2.17278836139735,0.163595897318669,0.269812413967632,"CUL4A",FALSE,0.270417221795316
0.118296849394868,5.37792304090946,2.1707799562435,0.163776851763823,0.270054675703741,"GLG1",FALSE,0.27065954231076
-0.0863892531190499,5.80117019369232,2.16792455012343,0.164034553592445,0.270423360549159,"THOC7",FALSE,0.271028568204967
-0.145092213996007,3.91229300095882,2.16665512345115,0.16414928383523,0.270556241631123,"TRRAP",FALSE,0.27116126191108
-0.0666206463449517,7.00817542977947,2.16211811367033,0.164560163328572,0.271177088935547,"VPS29",FALSE,0.271783011887314
-0.0783398222112193,5.47283782637846,2.15652213238614,0.1650687301166,0.27195862268587,"CHP1",FALSE,0.27256580504267
-0.133100902425989,4.49753844170682,2.15137957662928,0.165537835567945,0.272674830746451,"TAF1",FALSE,0.273283124183628
0.0933233106388729,5.36690841764194,2.1492068256643,0.165736539102509,0.27290001702155,"GOLGA2",FALSE,0.273507383654445
0.184447491945216,3.96615690505781,2.14913199135628,0.165743388238997,0.27290001702155,"FNBP1L",FALSE,0.273507383654445
-0.0997993660470557,4.45924761365608,2.14875571955693,0.165777831549882,0.272900051604541,"FBXO33",FALSE,0.273507383654445
-0.37863605864648,0.591114884148454,2.14745202572245,0.165897239340063,0.273039923912814,"KLF15",FALSE,0.2736470794642
0.285856734459393,2.58864857738722,2.1456041769128,0.166066673024613,0.273262055570596,"LINC01278",FALSE,0.273869217100251
-0.0714856727709179,6.35641243995762,2.14469859808388,0.166149787327046,0.273342086310193,"NCOR1",FALSE,0.273948937748528
0.155185846511297,3.95572811736206,2.14414484644472,0.166200636648632,0.273369013973103,"DDX58",FALSE,0.27397543743836
0.0650976494145995,7.64876778420166,2.14218657150166,0.16638061643051,0.273588228082676,"INTS6",FALSE,0.274194162156858
0.110815567156785,5.85010997404493,2.14326545254025,0.166402930854524,0.273588228082676,"TSPAN3",FALSE,0.274194162156858
0.253765258190344,9.00018637613618,2.28466408093686,0.166569294523619,0.273804969310233,"AC253572.2",FALSE,0.274410895494996
0.125645117407064,5.22478211256374,2.13919559617124,0.166655983283458,0.27389067899487,"TLR3",FALSE,0.274496306984545
-0.0672566892391479,9.15306066985702,2.13615264216805,0.166936725373736,0.2742952038887,"SQSTM1",FALSE,0.274901237979576
-0.0579262101024921,7.47717143047998,2.13536191107581,0.167009775575507,0.274358371480029,"CCDC88A",FALSE,0.274964056840929
-0.625753507972502,-0.232580685794621,2.13443934652988,0.167095055909912,0.274441600011141,"MKI67",FALSE,0.275046980873022
0.124875349904981,4.14615227736503,2.12960518023267,0.167542816970888,0.275120019251284,"MRPL37",FALSE,0.275726407373439
-0.416312429966667,1.07184493787093,2.12678297190724,0.167804921557497,0.275454612375165,"ITM2A",FALSE,0.276060758912278
-0.364139848231521,1.61849969549545,2.12666308863567,0.167816066822912,0.275454612375165,"GPRC5A",FALSE,0.276060758912278
0.105266638797437,4.79292569750389,2.12290873503636,0.168165573240717,0.275971158073361,"VEZT",FALSE,0.276577951146215
0.0949849809955639,5.27534615605616,2.1224642231628,0.168207015240898,0.275982039906837,"FIP1L1",FALSE,0.276588366952159
-0.443016443317283,0.84416946516795,2.12181121301686,0.168267918980018,0.276024842059504,"SFRP5",FALSE,0.276630773314813
-0.27013969458026,2.67218242807682,2.11475339428354,0.168927953529741,0.277050230778607,"AC008429.1",FALSE,0.277657921532923
0.101488189510699,5.42072210355514,2.11206331109672,0.16918038516953,0.277406844596491,"SNHG3",FALSE,0.278014825691606
0.0971720854972859,6.03179696939742,2.11151521034526,0.169231876149964,0.277433894565118,"MRPL14",FALSE,0.278041443234497
0.50226461381441,-0.0110218057718178,2.13033573263676,0.169301012732675,0.277489855064017,"SERPINA5",FALSE,0.2780970346764
0.096545289415515,4.73328257373116,2.10882172453824,0.169485201691404,0.277734328030064,"SCAMP1",FALSE,0.278341550745232
0.12355735007802,6.530261562794,2.13306788311419,0.169573121963635,0.277820977666398,"AZI2",FALSE,0.278427898047002
-0.0920699312222849,5.96464123444426,2.10656631645318,0.169697693917217,0.277967627556962,"FAM174C",FALSE,0.278574376470064
-0.432183268721856,-0.0317946506377688,2.10612622937863,0.169739195734758,0.277978174712903,"ADAMTS4",FALSE,0.278584454999672
0.543972856308754,-0.0396923400944164,2.1052377428618,0.16982302232392,0.278058017551432,"FGF1",FALSE,0.278663980393218
-0.13159109471198,3.52732335399432,2.10336759801675,0.169999636950765,0.278289721607612,"LINC02245",FALSE,0.278895697604774
-0.314978490345102,1.59753938522413,2.10190292268049,0.170138121457615,0.27845892380594,"MXRA8",FALSE,0.279064776357088
0.120233024092562,4.36375711716447,2.10148652628417,0.170177517592537,0.278465915268035,"PLCL2",FALSE,0.279071291339301
0.138282607958253,5.01352473430369,2.10458207653733,0.17028774329883,0.278588780204936,"SEMA4A",FALSE,0.279193931677041
0.110516405804005,6.26962429040994,2.0997193073025,0.170344846169433,0.278624704029557,"MTRNR2L1",FALSE,0.279229441973116
-0.0898054479733816,5.41134889471988,2.09892831722608,0.170419808149279,0.278689818277121,"KCMF1",FALSE,0.279294206074478
-0.0845458371639008,5.43682563563111,2.09827898372641,0.170481376512395,0.278733007422204,"TAF11",FALSE,0.279336997538404
0.0734978277109564,6.28850113509962,2.09770673402166,0.170535659258285,0.278764269401996,"RPL7L1",FALSE,0.279367836065038
-0.247272114334367,3.56106817059304,2.11324978929012,0.170650406571364,0.278894335868435,"LINC00243",FALSE,0.279497692924992
0.213708302500261,3.27945849759002,2.09559526011362,0.170736139538269,0.278976940284295,"ZCCHC14",FALSE,0.279579984885156
0.161062003383164,6.10823782387512,2.15922367133963,0.170924343163576,0.279226909664296,"PALD1",FALSE,0.279830003209195
0.0864368454389525,5.64428431772077,2.09304199614761,0.170978964878989,0.279258597766919,"CERT1",FALSE,0.279861268505439
0.213621589251143,2.41221937956643,2.09258891023109,0.171022100697536,0.279271516854803,"TNFAIP1",FALSE,0.279873724406978
0.104848994251382,7.95130309805864,2.10087514602512,0.171140386244668,0.279407121529598,"HIST1H4C",FALSE,0.280009130391587
0.16317364224424,3.80764704948274,2.09052773796984,0.171218507268836,0.279477110485347,"LIMA1",FALSE,0.280078779124561
0.0956929292158393,5.10312783367241,2.08905065151195,0.171359432403296,0.279649563625634,"CYP20A1",FALSE,0.280251112408795
0.380024337959864,0.836780241557792,2.10574493361864,0.171597734754797,0.279980827564526,"MMRN1",FALSE,0.280582597425963
-0.0791142055326464,6.34164161979408,2.08614513432277,0.171637068696936,0.279987382845536,"NUMB",FALSE,0.280588675491691
0.170843812466337,8.02437260880293,2.17044857300986,0.171757378366121,0.28012600199272,"ATP2B1-AS1",FALSE,0.280727100989275
0.264167235442188,4.87452552471638,2.18251481207515,0.172048460305773,0.280543026183498,"BASP1-AS1",FALSE,0.281144528166123
0.348958915048834,2.23504751883269,2.08790089222641,0.172222708718036,0.280769408742873,"DIP2C",FALSE,0.281370904039961
0.0790703463922069,8.49349402574014,2.07959460834547,0.172265092902522,0.280780768201314,"MTRNR2L12",FALSE,0.281381795953984
0.0807516624331937,6.33659114887243,2.07773887644687,0.172443537146468,0.280978024668013,"NMT1",FALSE,0.281578490820917
-0.20719850732173,2.33939022348613,2.07759900462856,0.172456996472572,0.280978024668013,"EPHA2",FALSE,0.281578490820917
0.0769854774223294,4.95667737556688,2.076707263499,0.17254283653415,0.281060120822425,"REV1",FALSE,0.281660270662253
-0.139696934604112,4.23750550310015,2.07485157252027,0.172721640892074,0.281293584427355,"EBPL",FALSE,0.281893740821993
0.189429474201255,2.61065320804514,2.07157556627086,0.173037871771,0.281750718299547,"ANKAR",FALSE,0.282351357458977
-0.0901773042897603,5.20659646418814,2.06875199123583,0.173311017783492,0.282137525459451,"MBNL2",FALSE,0.282738496189346
-0.130354393619813,5.30109680295724,2.07815861010145,0.173368808216609,0.282173662808721,"KHSRP",FALSE,0.282774217625352
-0.0686446312242117,5.48480428831606,2.06693800897966,0.17348678608801,0.282307725801672,"UTP6",FALSE,0.282908073028637
0.155535103578994,4.14333019750437,2.06435726082088,0.173737240265443,0.282657262635837,"TMOD2",FALSE,0.283257859853303
0.118858315343492,4.60032408540577,2.06276345317787,0.173892143348018,0.282851233578803,"COMMD2",FALSE,0.283451749492175
-0.0841501165971156,7.33037299457988,2.06212621762425,0.173954125565862,0.282894011792032,"RHEB",FALSE,0.283494125198151
-0.127435553151833,3.88208735806945,2.05786759345284,0.174369069641318,0.283456109185007,"RNF217",FALSE,0.284056426984032
0.115344447366107,3.72921656928562,2.0578450245075,0.17437127201,0.283456109185007,"FBXO42",FALSE,0.284056426984032
0.0651219295897941,6.90547934883749,2.05450658695196,0.174697438611243,0.28392810440958,"NDUFA2",FALSE,0.284528927306052
-0.0901382074572653,5.15789908715676,2.3000616493348,0.174854288814251,0.284124780020369,"CUL5",FALSE,0.284725524447843
-0.0904666415954092,5.41857918346936,2.05221339540661,0.174921932099436,0.284176450345149,"NBN",FALSE,0.284776809481164
0.0916260478607886,5.72177659390845,2.04993617297578,0.175145224054046,0.284480912989239,"GOSR1",FALSE,0.285081420474747
0.267906656827956,1.18137952691803,2.04653774902713,0.175479126979804,0.284964874784081,"AL049828.1",FALSE,0.28556590835507
-0.0782230089565373,6.43000515943788,2.04242113378667,0.175884675061221,0.285564960861224,"EIF3I",FALSE,0.286166763761317
-0.231651344001108,2.32953570890916,2.04144693981303,0.175980821499494,0.285662562008188,"PUDP",FALSE,0.286264074287222
-0.452294409042974,0.452751844764486,2.03953752272308,0.176169461563461,0.285910233628478,"TMEM132A",FALSE,0.286511770891194
0.113437432168921,5.16790731851405,2.03708640323227,0.176411994835873,0.286196414161077,"RASAL2",FALSE,0.28679706367311
0.11183046311363,4.00285062618493,2.03692983906141,0.176427500921561,0.286196414161077,"VPS8",FALSE,0.28679706367311
0.217767491041213,2.1642716001999,2.0366613513599,0.176454095915659,0.286196414161077,"ABITRAM",FALSE,0.28679706367311
-0.304033327498629,5.47889753899653,2.17255951842619,0.176500988043949,0.286213915568098,"CD93",FALSE,0.286814105571418
-0.0978290035778987,5.60478170735968,2.03398793051393,0.176719188604586,0.286509146678356,"TMEM156",FALSE,0.287109459234261
-0.362093187254343,1.11257775940699,2.03272694764414,0.176844401207079,0.286653529496978,"OLFM1",FALSE,0.287253647981313
0.269239420290679,2.01083080206762,2.03208853684944,0.176907836787428,0.286697737132202,"TGFA",FALSE,0.287297451703022
0.354998410879856,4.59150644589293,2.1546174684158,0.177084802277687,0.286925876243103,"LINC00309",FALSE,0.28752557138162
0.236147656837823,1.92129138476697,2.02809291051133,0.177305517865158,0.287224794776251,"ATP1B2",FALSE,0.287824617708987
0.0717439770758157,6.05411180125247,2.02730348961295,0.177384222338323,0.287293588293816,"PPIL4",FALSE,0.287893058010159
-0.106815021296635,5.23951807233981,2.02687883680666,0.177426578133363,0.287303494983926,"CDK6",FALSE,0.287902488678607
-0.109072913361111,4.70666310755415,2.02106452957901,0.178007802691344,0.288157225048276,"NCOA2",FALSE,0.288756505392388
-0.115944923519695,4.08693111825043,2.02082269556743,0.178032029821958,0.288157225048276,"PIKFYVE",FALSE,0.288756505392388
0.103480595794973,4.99868874983771,2.0205151473119,0.178062846305689,0.288157225048276,"RPA3",FALSE,0.288756505392388
0.0734179777630622,5.6146191236225,2.0194704517041,0.178167575885424,0.288267865636661,"COPB2",FALSE,0.288866878539899
0.109335383795281,4.62768208750725,2.01880392284448,0.178234435526041,0.288317201560999,"MYO1E",FALSE,0.288915819562583
0.15610704016473,2.99518047757285,2.01808574384544,0.17830651185416,0.288374954300241,"FAM222B",FALSE,0.28897319489551
-0.415831800903678,0.563407677890737,2.01704312586183,0.178411214690943,0.288485439541055,"TOP2A",FALSE,0.289083412039335
0.281806051473444,1.9891911930068,2.01179329265565,0.178939606501723,0.289280832044384,"COLEC12",FALSE,0.289879954764667
-0.422723703731222,0.497678365135106,2.00982430536967,0.179138295978093,0.289542999085488,"GPM6A",FALSE,0.290142166059912
-0.0862518741454253,4.80791368053144,2.0087044999617,0.179251419960932,0.289613760912035,"GOLPH3",FALSE,0.290212077261367
0.128506893211359,4.23105870192358,2.00866772219068,0.179255136830898,0.289613760912035,"PCNA",FALSE,0.290212077261367
-0.164040085358339,3.54698623686929,2.00803873101283,0.179318719691177,0.289651987340023,"OSGIN2",FALSE,0.29024938629318
0.104128138687298,5.23646859261723,2.00771092944459,0.179351867539376,0.289651987340023,"IER3IP1",FALSE,0.29024938629318
-0.438230145142706,0.0572999785469239,2.00516815210539,0.179609262049928,0.290008600719314,"EPHA4",FALSE,0.290606236687068
-0.0796742839173668,5.3802390903216,2.00356278540464,0.179772008189246,0.290212274674066,"RSBN1",FALSE,0.290809831727901
0.254396270513274,1.59040473323276,1.99917062487638,0.180218227860659,0.290873393827219,"AC051619.7",FALSE,0.291471812581866
0.0630372443782063,6.39141478413803,1.99672695376637,0.180467101117025,0.291215790282062,"FAM50A",FALSE,0.291814413505731
0.149989394102881,3.4006530616006,1.9959157271755,0.180549816261116,0.291289976255216,"TNRC6C",FALSE,0.291888252104468
-0.27748320544405,1.12824370595007,1.99500328464353,0.180642909292002,0.291380871793894,"MYLK",FALSE,0.291978834510133
-0.0935909419850703,4.57114913963297,1.99341357508764,0.180805247122336,0.291583400973531,"STRN",FALSE,0.292181279349695
-0.211839901264302,2.02653919473979,1.99243286683725,0.180905487525224,0.291685724039043,"MCU",FALSE,0.292283312289523
-0.0742703985566891,5.7964135009601,1.99152591064427,0.180998252466028,0.291775954768334,"LSM14A",FALSE,0.292373227994129
0.474644404134789,0.922695297211725,1.99082077826943,0.181070416340428,0.291832945872517,"HS3ST4",FALSE,0.292429835983987
-0.0668332621001813,7.19547440011787,1.98961146304054,0.181194263942715,0.291973196044278,"C19orf53",FALSE,0.292569873199572
-0.443369190524615,0.192299400980119,1.97873439693834,0.182313056674934,0.29367957343707,"NID1",FALSE,0.294278732901644
-0.0992623592887539,4.73170541994542,1.97859643730786,0.182327303286738,0.29367957343707,"SNX30",FALSE,0.294278732901644
0.325682733412097,1.22254807357061,1.97714935624508,0.182476823732297,0.293860706591439,"CNIH3",FALSE,0.294459733175551
0.0931012730450792,5.44101297896186,2.0918328420201,0.182532316647809,0.293890374976407,"STX8",FALSE,0.29448895976888
0.150525175214666,4.35244098990188,1.97618905287852,0.182576133760134,0.293901236233572,"NHLRC2",FALSE,0.294499341065179
-0.363489449944183,0.21053534279693,1.97471667070355,0.182728534201865,0.294086849198617,"AC006001.2",FALSE,0.294684829568535
-0.0796007617332041,5.62314289904381,1.97397062168165,0.18280581659458,0.294139732754937,"WBP11",FALSE,0.294736816703375
-0.527018896658465,-0.0864591192668374,1.97368325454613,0.182835595738689,0.294139732754937,"LMOD1",FALSE,0.294736816703375
-0.16235531059746,4.23761962560888,1.97594806972063,0.182966958183929,0.29423861501356,"KDM5B",FALSE,0.294834896218471
0.12145395153734,3.77553779281532,1.97237458458043,0.182971288094961,0.29423861501356,"AVL9",FALSE,0.294834896218471
-0.354854440469239,1.86108477157606,1.97100626745234,0.183113302247058,0.294407272402084,"LY6K",FALSE,0.295003393681457
-0.0753166181937215,5.3398405926655,1.97040145394567,0.183176119029462,0.294448554676718,"LRPPRC",FALSE,0.295044257966489
0.140500658279452,7.21375305249347,2.02123380090441,0.183282900584,0.294560477565366,"RRAD",FALSE,0.295155905723784
-0.0907848065647655,5.48290341916128,1.96662888897956,0.183568563002708,0.29495978262778,"GNL2",FALSE,0.295555515907486
0.0861478297486829,6.16485872705536,1.9661740612133,0.183615949115498,0.294976138720906,"PIAS1",FALSE,0.29557140317366
0.163920509083274,3.16557350884767,1.96544365740333,0.183692078652237,0.295038654691033,"FTO",FALSE,0.295633543538779
-0.306067656410218,1.46095449517462,1.96485895541118,0.183753050756172,0.295043913601572,"S1PR3",FALSE,0.295637810124231
-0.201181972926185,3.0442529221614,1.96469853508778,0.183769783724087,0.295043913601572,"AC004069.1",FALSE,0.295637810124231
0.091821123706712,5.26118559813402,1.9640963918844,0.183832608814018,0.295085021801486,"DCAF6",FALSE,0.295678499844189
0.138268611952491,3.52049832528537,1.96286035244154,0.183961657724246,0.295232393206037,"LRRC8C-DT",FALSE,0.295825666371017
0.165823067543778,3.38569745629659,1.96188107797909,0.18406398099259,0.295336822770543,"NNT-AS1",FALSE,0.295929804542781
0.135239587199899,4.2256327350993,1.96119156644472,0.184136070770007,0.295371247255858,"AC097376.3",FALSE,0.295961794693799
-0.0928264017705212,4.85283538415033,1.96038557030511,0.184220384851086,0.295371247255858,"AHCTF1",FALSE,0.295961794693799
-0.287280891161576,2.04358267302109,1.96026773700267,0.184232715342282,0.295371247255858,"ADGRB3",FALSE,0.295961794693799
-0.0619825873041678,8.56058500566626,1.9599990579779,0.184260834793421,0.295371247255858,"MTDH",FALSE,0.295961794693799
0.067417743435879,7.03781072929409,1.95989507347325,0.184271719087723,0.295371247255858,"ORMDL1",FALSE,0.295961794693799
-0.145974956122552,3.98623662537674,1.95745518909696,0.18452734264045,0.295721199202241,"KIF22",FALSE,0.29631194564237
0.0964324039522522,6.35153799920873,1.95674966823665,0.184601343374558,0.295780002076292,"MYLIP",FALSE,0.296370365417723
-0.437502647930573,0.516785360440319,1.95422865612893,0.184866076767844,0.296144323421998,"SLC16A12",FALSE,0.296734912953764
0.0896104129346541,5.82089457663931,1.95282235034531,0.185013964292722,0.296321355335899,"HSD17B12",FALSE,0.296911796842139
0.740707944329548,-0.00415245359767152,1.96340479980793,0.185093862653192,0.296389445185722,"FNDC5",FALSE,0.296979521381232
-0.217198012521624,2.50335947920422,1.94985211917694,0.185326810693389,0.296698879886547,"AL121899.4",FALSE,0.29728856972707
-0.124664942703626,4.76909337826371,1.94951888348572,0.185361951573924,0.296698879886547,"KDM4B",FALSE,0.29728856972707
-0.0958515927783576,5.18234464736311,1.94860018025519,0.185458876086073,0.296794099638754,"CPSF6",FALSE,0.297383477672722
0.0830614966615433,5.40062047184431,1.9481369226513,0.185507774940822,0.296812439905315,"ARPC5L",FALSE,0.297401353476556
0.0744417513107059,5.60266741128558,1.94523718450624,0.185814228783015,0.297242777601239,"IDH3B",FALSE,0.297832043611921
-0.0949122781935105,6.88331745082349,1.94339018383473,0.186009762552708,0.297495541157528,"ZC3H12A",FALSE,0.298084806629421
0.0702619770619584,6.56785330136543,1.93997605505994,0.186371892791862,0.297943128306046,"PLEKHB2",FALSE,0.298531774417187
-0.173798741417565,2.93678113603992,1.93991961184062,0.186377887173088,0.297943128306046,"RFX7",FALSE,0.298531774417187
0.0917203750222349,4.73932439484383,1.93968919171689,0.186402360796921,0.297943128306046,"AKT1",FALSE,0.298531774417187
0.209302231341084,2.47356256767313,1.93859199090692,0.186518954108936,0.298023286018926,"MTA3",FALSE,0.298611087300686
0.122929532771459,5.38942520415692,1.94563635430579,0.186527692384701,0.298023286018926,"MFSD2A",FALSE,0.298611087300686
-0.0917741171088997,5.10842196215926,1.93768339059827,0.186615576363916,0.298103624705445,"TPP2",FALSE,0.298691083014004
0.197648119172955,3.43838689279878,1.93717064015585,0.186670131399221,0.298130701396661,"BICD1",FALSE,0.298717711794244
-0.121352907439472,4.57028303092794,1.93044852277771,0.187387229918454,0.299215701670394,"HTT",FALSE,0.299804345511288
-0.368935586137912,1.11583916658371,1.92992137089646,0.187443613740976,0.299245463096749,"GFRA3",FALSE,0.299833662751555
-0.346902023659113,0.0631436363824722,2.11354996196733,0.187774841525739,0.299713900466288,"CDC20",FALSE,0.300302517567959
-0.449596233866373,-0.249070197973439,1.92319420087029,0.188165053465767,0.300276276947785,"AC005480.1",FALSE,0.300865494459774
-0.396207771653055,0.959497125198769,1.9210166201259,0.18839934267022,0.30058965359016,"DAAM2",FALSE,0.301178981646915
-0.102774994427081,7.94603683481029,1.93104392231009,0.188490270772927,0.300674218649449,"SRSF7",FALSE,0.301263208186066
0.152059215658178,3.86699630033058,1.91891777843158,0.18862551306457,0.3008294241754,"PRORP",FALSE,0.301418213371741
0.260928859598875,1.30938042496233,1.91739603786567,0.188789712250156,0.301030739887215,"APBA1",FALSE,0.301619418597998
0.345112548758835,1.18945426300126,1.91693378594296,0.18883962642577,0.301049780475268,"PC",FALSE,0.301637992088852
0.1213286232345,3.72661082964512,1.91643416957574,0.18889359419791,0.301075274387019,"FBXL20",FALSE,0.301663031642233
-0.0621612430219292,7.12459170505996,1.91535159015459,0.189010600365666,0.301201214009849,"ARF4",FALSE,0.301788712947044
-0.203304168403451,2.51142960313909,1.90990156171974,0.189601053628201,0.302081421455864,"BTBD3",FALSE,0.302670131810126
-0.415744765922449,1.4422132421876,1.9102366351796,0.189849127293928,0.302410259538315,"SPOCK2",FALSE,0.30299859937207
-0.0757492439810572,5.01903785318472,1.90729999435243,0.189883737636444,0.302410259538315,"KPNA6",FALSE,0.30299859937207
0.268741255289814,2.08455347897109,2.28622027797948,0.190106504049711,0.302704230589698,"FAXDC2",FALSE,0.303292636472989
0.276182430336974,3.32242230330108,1.91682805819566,0.190402962695686,0.303115399247268,"GNLY",FALSE,0.303704098019156
-0.715167545462752,7.98857423856332,2.21582840545224,0.190474804678871,0.303168892088756,"HBB",FALSE,0.3037571885142
-0.0634314963213309,9.73534137189817,1.89986824902163,0.190694239324526,0.303423266276384,"MYL6",FALSE,0.304011043601934
0.236439382621492,2.96579432396266,1.89971346033294,0.190711167489307,0.303423266276384,"HERC6",FALSE,0.304011043601934
0.180601702945823,3.13128014032968,1.89805910974265,0.190892212486351,0.303624198603857,"SFXN5",FALSE,0.304211352604695
-0.0867554456735696,5.12416039198052,1.89785965093301,0.190914055252299,0.303624198603857,"HPRT1",FALSE,0.304211352604695
-0.0650733747987897,6.25107381406875,1.89708575386356,0.190998835129019,0.303650875767445,"PTPN18",FALSE,0.30423706952567
0.233724902563665,2.26008572872198,1.89700730746543,0.191007431565621,0.303650875767445,"SLC39A14",FALSE,0.30423706952567
0.0754691530457352,5.7780228752665,1.89431853155729,0.191302376823533,0.304054361573439,"BUD23",FALSE,0.304640321898515
-0.132202429347171,3.82975608774,1.93304972785059,0.191337942720722,0.304054361573439,"DENND1A",FALSE,0.304640321898515
0.168242654534374,3.26993033063475,1.89311550203654,0.191434531898425,0.304146887553249,"PPP3CB-AS1",FALSE,0.304732520164839
-0.0763900071229776,6.0138326682661,1.89211869370394,0.191544121729843,0.304246067091696,"SRA1",FALSE,0.304830878905135
-0.134064267650316,3.81031805435189,1.89184969640304,0.191573709248455,0.304246067091696,"TENT5C",FALSE,0.304830878905135
-0.441971630609113,1.21713939544346,1.89382038486471,0.192156892614474,0.305111124503815,"TCIM",FALSE,0.305697092087404
-0.121406589449368,4.13234903731663,1.88551311039912,0.19227237791526,0.305233362457385,"ZNF577",FALSE,0.305819057786477
-0.436324414243354,0.138236867520668,1.88383337861919,0.192458131217684,0.305467079938698,"NGFR",FALSE,0.306052716538739
-0.0617832562552389,11.2474122946929,1.88295949743637,0.192554860358599,0.3055594341319,"H3F3B",FALSE,0.30614474064683
0.0972570639959097,4.65839084840521,2.30529604261642,0.192896866515569,0.305983189289166,"CCDC144A",FALSE,0.306567278171934
-0.295685930187928,1.80573196494825,1.8797298884913,0.192912883812309,0.305983189289166,"NTRK2",FALSE,0.306567278171934
-0.555140613440845,0.4926849202997,1.89266337150757,0.192940325575765,0.305983189289166,"PIGR",FALSE,0.306567278171934
0.108918285542203,4.1465031953287,1.87915881470998,0.192976279824146,0.305983189289166,"SLC30A9",FALSE,0.306567278171934
0.166398099787488,3.04805264158436,1.87661489833982,0.193259009496072,0.306370211414689,"TSGA10",FALSE,0.30695453161493
0.247297138764684,2.54660031043635,1.87552699060579,0.193380081101672,0.30650085625231,"MAN1C1",FALSE,0.307084918145328
-0.0611447929043993,6.6911020443381,1.87503382591109,0.193434996676995,0.306526614762186,"EIF3D",FALSE,0.307110218424298
-0.584738250703028,-0.145280280057093,1.87299562613026,0.19366216933404,0.306776851767188,"CYP7B1",FALSE,0.307359917015546
0.0884805761219836,5.71020552758373,1.87292272906208,0.193670300592177,0.306776851767188,"CNPY2",FALSE,0.307359917015546
-0.108758222487058,4.22137718539208,1.86801573200307,0.194218656422233,0.307584000822106,"UBP1",FALSE,0.308168091700776
-0.0941785326817756,4.74242148813463,1.8676067189004,0.194264453383937,0.307595084167735,"EBNA1BP2",FALSE,0.308178687828967
-0.077910770256265,5.81697605444001,1.86617147486843,0.194425266439264,0.307749369041978,"ARID1A",FALSE,0.308332249005323
0.0849815842703286,7.88926135811145,1.86604425205756,0.194439529456517,0.307749369041978,"PPT1",FALSE,0.308332249005323
-0.0885627732759,6.2428560727189,1.86513314645788,0.194541713222133,0.307849641202609,"SVBP",FALSE,0.308432203011464
0.119624104131269,4.27062464112639,2.33479345093112,0.194635831971274,0.307937113523899,"PAPSS1",FALSE,0.308519332851045
0.131645153090828,4.16512441082472,1.85911516471926,0.195218384670027,0.308797157554663,"RAB11FIP2",FALSE,0.309380493749843
-0.090335376274663,5.49726087180125,1.85677666037074,0.195482144506596,0.309152691332195,"RBBP7",FALSE,0.30973618954605
-0.0834252776085792,6.01258892408264,1.85642147206384,0.195522246185893,0.309154441117224,"LUC7L",FALSE,0.309737433229935
0.100664677204078,3.95538432619803,1.85352147401981,0.195850058862567,0.309611020271671,"DFFA",FALSE,0.310194363433715
-0.0712769076450496,6.2178326813201,1.85164116990819,0.196062983534666,0.30988583203007,"C17orf49",FALSE,0.310469182771075
-0.365549282926356,0.394018059720245,1.84926901359606,0.196332029505634,0.310249218640754,"AC007038.1",FALSE,0.310832742854779
-0.0586121071954363,7.36303041513153,1.84649870105537,0.196646834157587,0.310684755121831,"HSPA9",FALSE,0.311268587400737
0.0809094991086845,6.11177170766939,1.84116155794473,0.197255150879517,0.311583748988406,"MARCH1",FALSE,0.31216875826212
-0.134135775657405,3.62552380876594,1.83922073010054,0.197476961882034,0.311823074216693,"TMEM181",FALSE,0.312407507911256
0.117085323420336,6.06479477459392,1.85606824143208,0.197485324879164,0.311823074216693,"CCDC107",FALSE,0.312407507911256
-0.0771783207927734,5.55905372152566,1.83776922005521,0.197643059863091,0.312009991755195,"STX16",FALSE,0.312594263320906
0.185610758279829,2.45425417523342,1.83660895690346,0.197775959274272,0.312106224479556,"AK9",FALSE,0.312689651635047
-0.148984008300794,3.099532363415,1.83654966537569,0.197782753756974,0.312106224479556,"TMEM164",FALSE,0.312689651635047
-0.0660564579125032,8.99335220583563,1.83048242923189,0.198479615012676,0.313143559765273,"CLIC1",FALSE,0.313728412333439
-0.208385957431909,2.03986037397378,1.82896677514993,0.198654190338256,0.313356629725765,"NFIX",FALSE,0.313941366396145
-0.101335073968303,5.4172715337532,1.8275524755143,0.198817269663617,0.313551484760922,"RAPGEF6",FALSE,0.314136071081021
-0.485990290352715,-0.0490512529524747,1.82547214465437,0.199057460449057,0.313867849331767,"MT1A",FALSE,0.314452511212687
0.195205393844836,2.14981398390509,1.8210570666996,0.199568454622742,0.31458899788729,"INVS",FALSE,0.315173972814385
-0.0694075967677355,6.27194729645579,1.82083517931618,0.199594180042012,0.31458899788729,"NHP2",FALSE,0.315173972814385
-0.425921273820192,0.876203772993962,1.81920736358719,0.199783038064538,0.314824075884647,"SEPTIN4",FALSE,0.315408972719926
-0.648632688558666,-0.60485050549,1.81736682865236,0.199996852765074,0.314975604709593,"MPPED2",FALSE,0.315558723268059
0.126561304831189,4.45037854725858,1.817278592064,0.200007110595375,0.314975604709593,"RASSF8",FALSE,0.315558723268059
0.638703681048091,-0.784982616334383,1.81706940065669,0.200031432577861,0.314975604709593,"SPRY4",FALSE,0.315558723268059
-0.0676127703626304,6.07386760865769,1.8170119379337,0.200038114242281,0.314975604709593,"ZNF644",FALSE,0.315558723268059
-0.406363850677143,0.684132835998744,1.81583122746979,0.200175468806993,0.3150708748452,"CMTM5",FALSE,0.315651085332636
-0.0958285276024629,6.83436834251469,1.81868779512034,0.200210828860198,0.3150708748452,"ALCAM",FALSE,0.315651085332636
0.0938656779323285,4.88730161259784,2.19669573653758,0.200279563327905,0.3150708748452,"BMI1",FALSE,0.315651085332636
0.146758942497641,3.42937304114959,1.81471190417361,0.200305794208478,0.3150708748452,"PCTP",FALSE,0.315651085332636
0.231339238845009,9.53190691750751,1.92437412663924,0.200337046209099,0.3150708748452,"EIF4E",FALSE,0.315651085332636
-0.257593480084863,6.43645210126219,1.92968755762827,0.200337068629497,0.3150708748452,"AL136987.1",FALSE,0.315651085332636
-0.300330508873945,1.7790865110272,1.81387121639462,0.200403749278033,0.315085455738564,"CCN3",FALSE,0.315662103733804
0.0926939994374945,5.48776218760596,1.81330446213453,0.200469821033002,0.315085455738564,"IMP4",FALSE,0.315662103733804
0.12195728983723,5.18371555810991,1.81630852877847,0.200583632602547,0.315085455738564,"LONRF3",FALSE,0.315662103733804
0.231806476099167,3.18474934474928,1.8122805315816,0.200589261165862,0.315085455738564,"NEK10",FALSE,0.315662103733804
0.0677519877980574,7.24143827225195,1.81216465057161,0.2006027843029,0.315085455738564,"ATP5PO",FALSE,0.315662103733804
0.104577504893766,4.51210448181953,1.81214478550625,0.200605102643598,0.315085455738564,"RNF146",FALSE,0.315662103733804
-0.0660962912351409,7.0909112724326,1.81197821544102,0.200624543462193,0.315085455738564,"LDHB",FALSE,0.315662103733804
0.0803894218420891,7.52052514925718,1.80796757332148,0.201093369239934,0.315759206047573,"NINJ1",FALSE,0.316336574055951
-0.189396835545882,2.45381378648341,1.8068601239526,0.201223073607596,0.315900302487331,"SERAC1",FALSE,0.316477415428357
0.604080156344826,-0.481645006537433,1.8204174931423,0.201410271785979,0.316124182945635,"AL137009.1",FALSE,0.316700678651199
-0.100939404620813,5.22341109845348,1.80496372235851,0.201445430403803,0.316124182945635,"PCSK7",FALSE,0.316700678651199
-0.0945328358621793,4.55555696906713,1.80412685365853,0.201543655577039,0.316215733507771,"ZNF431",FALSE,0.316791883207485
-0.0572173545413411,8.03911598455749,1.80335793557569,0.201633959642968,0.31629482232874,"CAST",FALSE,0.316870603245023
0.0827141832258241,5.49065636187575,1.80092335914704,0.201920227811873,0.316593334140085,"CAMK2D",FALSE,0.31716811958796
-0.0669310236190812,6.80809942311753,1.80077974900789,0.201937130477687,0.316593334140085,"GNB2",FALSE,0.31716811958796
0.0571102367345496,6.15846916146197,1.800720896323,0.201944057864078,0.316593334140085,"UFM1",FALSE,0.31716811958796
0.076064799379592,6.06326652141953,1.79726689248051,0.202351156203827,0.317168834793187,"DBNL",FALSE,0.317744151599312
-0.137427400895216,2.90265986396984,1.79673863997796,0.202413510737771,0.317203857111889,"FKBP11",FALSE,0.31777872411163
0.0619937374617287,8.53272565825539,1.79597190388128,0.202504059781621,0.317283040701322,"RSRP1",FALSE,0.31785753794772
-0.0691649878014322,9.17673702943075,1.7893789482844,0.203284826382973,0.318443411097453,"H2AFZ",FALSE,0.319019494471127
0.0812956834207044,5.7199321799475,1.7873718544892,0.203523285976713,0.318753972979727,"NDUFA5",FALSE,0.319330102952508
0.166768349163561,3.673939334509,1.78681709316366,0.203589259937226,0.31879432209803,"ARMH3",FALSE,0.319370009913474
-0.554723485537279,-0.868082391910572,1.78251580291409,0.20410172060078,0.319533657370258,"DCLK2",FALSE,0.320110164223163
0.0552506241749056,12.8346993062185,1.77944364766809,0.204468760358775,0.319928739709176,"MT-ND3",FALSE,0.320502863410997
-0.117659029833543,4.60232099842068,1.7794266782897,0.204470790107623,0.319928739709176,"IRF2BPL",FALSE,0.320502863410997
-0.102708167305228,4.74195729384525,1.77866427681939,0.204562009659286,0.319928739709176,"ZNF580",FALSE,0.320502863410997
-0.381568123079742,0.761770190790606,1.77862903839759,0.204566227124311,0.319928739709176,"TCF7L1",FALSE,0.320502863410997
0.0791211964155122,8.05031579206316,1.77855843467547,0.204574677577489,0.319928739709176,"TSC22D3",FALSE,0.320502863410997
0.0691478938963585,6.96352002992196,1.7783785926727,0.204596204632382,0.319928739709176,"CNDP2",FALSE,0.320502863410997
-0.080360072055406,4.7528286394098,1.77779324996277,0.204666290304086,0.319975221757206,"CCSAP",FALSE,0.320548913521986
-0.134828477297258,4.20686687650587,1.77666992133592,0.204800878269673,0.320113218641728,"WNT2B",FALSE,0.320686127293375
0.0658978338332135,6.64837410746265,1.77638267098834,0.204835312584446,0.320113218641728,"FXR1",FALSE,0.320686127293375
0.101652429360355,5.29643344420123,1.77343738062537,0.205188812878081,0.320602465214314,"DOCK11",FALSE,0.3211757337281
0.102904075438813,6.01681638630435,1.77505884842296,0.205455032753,0.32093264636235,"LMO2",FALSE,0.321505473334094
0.51013307344193,3.51849929935583,1.84571265116821,0.205481093962574,0.32093264636235,"IFNB1",FALSE,0.321505473334094
0.0628099453158281,6.39054907642,1.76816860676319,0.205823151123995,0.32140357339197,"RIT1",FALSE,0.321976724494605
-0.0893655973691483,7.23112774174326,1.7675041532749,0.205903328369037,0.321465456342994,"TRAPPC5",FALSE,0.322038201487249
-0.0560785520245871,6.22980053340372,1.76676316361966,0.205992788574249,0.32154180504364,"RAD21",FALSE,0.322114169985696
-0.0858376732144303,5.3255985665126,1.76322788733148,0.20642029729996,0.32214569232167,"FBXW5",FALSE,0.322718615227046
0.111816794201577,4.66614518291945,1.76249919026867,0.206508558645619,0.322220006483461,"KIAA0232",FALSE,0.322792544644878
-0.147057068139996,3.57993736652376,1.76158913126943,0.206618855468425,0.322328667090451,"MTMR3",FALSE,0.322900881448175
0.0756125712848293,5.59709541884055,1.76116933731802,0.206669759092923,0.32234464884688,"PCNX4",FALSE,0.322916374877835
-0.276574971583523,2.33461041927619,1.76079233213815,0.206715488032657,0.322352554902224,"COL14A1",FALSE,0.322923778449588
0.054761287895065,8.82057591273015,1.76034983782137,0.20676917718561,0.322372868579649,"YWHAB",FALSE,0.322943611789896
0.444284098610385,0.282834061982597,1.75850262809326,0.206993499504381,0.322659155342259,"ADAMTS17",FALSE,0.323229888819724
0.107477328790084,5.13460658459847,1.75721432720628,0.207150135120122,0.322839841012843,"IARS2",FALSE,0.323410377422973
0.141148609957358,4.22940608470635,1.75244547806452,0.207731282563564,0.323681919843541,"GBP3",FALSE,0.324253426597139
-0.119893274988852,3.7189035463587,1.75076763720778,0.207936251281723,0.323937630214483,"WDR44",FALSE,0.324509070443228
-0.107703419403834,4.02435062260381,1.74982125436162,0.208051978939494,0.324054241460178,"USP25",FALSE,0.324625369396976
0.250298359598756,1.43008035819632,1.748563395401,0.208205924264666,0.324230321659845,"COL15A1",FALSE,0.324801241852879
-0.0867986601350804,5.31082686986732,1.74814429871639,0.208257248908405,0.324246557216385,"MKLN1",FALSE,0.324816988101448
-0.0744403191811999,5.7875062937759,1.74727161136994,0.208364175066407,0.324349338293044,"PRKD3",FALSE,0.324919432140371
0.367592681062907,0.574132339447131,1.74260274868991,0.208937437134936,0.32517785661676,"TRAC",TRUE,
-0.488745603123898,0.238825570473923,1.74210126101752,0.208999133245526,0.325210035008936,"PTPRF",FALSE,0.325845076530428
-0.0926250370479677,6.40738672220466,1.74047932985994,0.209314968879135,0.325637573248387,"TANK",FALSE,0.326272917457425
-0.213006088427431,2.23661440047415,1.73813460806372,0.209487967812603,0.325842771987114,"NCAM1",FALSE,0.326477984258692
0.244809529314533,2.81465847868942,1.73702653684356,0.209624786716457,0.325991625949013,"HIST1H4H",FALSE,0.326626596074416
0.0919105107174139,4.39722692225899,1.73348187610016,0.210063241442492,0.326609409326549,"AMFR",FALSE,0.327245049650771
-0.351703081491362,0.876215612203183,1.73210237478058,0.210234199293746,0.326811123921729,"COL8A1",FALSE,0.327446623573771
-0.0903408356796234,4.56252912442281,1.73120828629857,0.210345097575509,0.32691941454198,"SLC26A2",FALSE,0.32755459155957
0.0590295314062777,5.95790558033212,1.73037258926087,0.210448821845533,0.327016515012031,"PSMC3",FALSE,0.327651347529468
-0.1037489032697,7.89140951388419,1.74242622833059,0.210706326170373,0.327352489492203,"XIST",FALSE,0.327987440737047
0.190135655664356,2.90197496455223,1.72682944010168,0.210889324436836,0.327572602691073,"SMIM8",FALSE,0.328207447236941
-0.193799395123866,2.65925120315875,1.72488287636175,0.211131840203822,0.327814661816612,"TMEM184B",FALSE,0.3284483746332
0.212308280174432,3.56203781770155,1.72839005117283,0.211152719222108,0.327814661816612,"CMPK2",FALSE,0.3284483746332
0.148100442596568,4.39593372813525,1.72770948087486,0.21116920760563,0.327814661816612,"CEP290",FALSE,0.3284483746332
0.138093656822633,8.44773691559864,1.77404568689081,0.211237266491812,0.327856117609062,"RASGEF1B",FALSE,0.328489377304085
0.0679127032774741,6.33669395116401,1.72225290157479,0.211460074639896,0.328137692649265,"HAX1",FALSE,0.328770962702408
-0.205988231695305,1.61124514428982,1.71929764954923,0.211829695649403,0.328646932897938,"TTYH1",FALSE,0.329280651603393
0.0575871539553295,5.51754959767228,1.71641057634003,0.212191599307566,0.329113795711862,"UPF3A",FALSE,0.329746811264556
-0.123435012304434,3.89194961884939,1.71593244440837,0.212251612071915,0.329113795711862,"SMG7",FALSE,0.329746811264556
-0.0655712894804434,6.66018119883531,1.71590425429497,0.212255151043737,0.329113795711862,"MACF1",FALSE,0.329746811264556
0.0746448465474817,5.92963634755425,1.71202711277101,0.212742615934403,0.329805134753215,"ADI1",FALSE,0.330438944860257
0.0646072192243356,6.74432029468734,1.71022062823355,0.212970237850392,0.330093459565574,"CCT4",FALSE,0.330727288347209
-0.236839129145021,1.36290513625748,1.70658329427994,0.213429512111299,0.330740651293663,"WWTR1",FALSE,0.331375186522037
-0.0895167940781281,5.84838226477188,1.70585759978197,0.21352129707685,0.330818222244532,"PRKCH",FALSE,0.331452370122449
-0.0888852824793836,4.49360822425419,1.70498943162033,0.21363116931795,0.330923780842655,"PPFIBP2",FALSE,0.33155759493436
-0.071067763496215,6.0018713092918,1.70455843247097,0.213685742304772,0.330943654032473,"LSM4",FALSE,0.331576970233798
0.103418309811036,4.49574957604326,1.70382024498071,0.21377925347455,0.330994062632261,"PTOV1",FALSE,0.331626403862371
0.160479775344317,5.7724369201598,1.75483026276847,0.213801790456586,0.330994062632261,"SESN3",FALSE,0.331626403862371
-0.133081098397989,3.99648729191068,1.70294961963616,0.213889609783676,0.331065370239162,"PDLIM2",FALSE,0.331697312180276
-0.11729401505433,3.81689626110197,2.19974891244886,0.21395045315385,0.331094903885169,"LINC01184",FALSE,0.331726366846296
-0.0574036652689499,7.87205990258438,1.69977904260268,0.214292123225345,0.331558929143352,"DPYSL2",FALSE,0.332190741198203
-0.0612143429289338,6.44052644102086,1.69820717067243,0.21449204172753,0.33180349401285,"ACAP2",FALSE,0.332435236027833
-0.206953785049169,1.56974551352288,1.8153191809421,0.215130635683968,0.332726429906848,"SCMH1",FALSE,0.333359391801397
-0.124620561772985,3.98615926904146,1.69243561842229,0.215228179578019,0.332812367406775,"SLC12A2",FALSE,0.333444955499633
0.0954845570183855,4.59788956740303,1.69269234051054,0.215387852398554,0.332994324067031,"DNAJC13",FALSE,0.333626720644083
-0.0947082016742079,4.8796452926244,1.68764964613675,0.215841104601182,0.333630001419023,"KDM3B",FALSE,0.334263067043073
-0.243862481763359,1.5534394132802,1.68340140077531,0.216387068570691,0.334347653321736,"RNF175",FALSE,0.334981002653995
-0.115174928328473,3.77776697403004,1.68338069673094,0.216389733753006,0.334347653321736,"GBF1",FALSE,0.334981002653995
-0.379447936237531,1.02517448560439,1.68243995580923,0.216510878184572,0.334469649697444,"PLLP",FALSE,0.335102691225551
0.26115100783319,1.99053794890441,1.68139187041868,0.216645949955567,0.334613109535893,"NAPEPLD",FALSE,0.335245883667248
0.0507253594934165,6.93497658957509,1.68103720166632,0.216691682653704,0.334618554748455,"PRPF4B",FALSE,0.335250800460699
0.0686662417492189,5.46396565498355,1.67915426895966,0.216934687687454,0.334928569422811,"TMEM87A",FALSE,0.335560861889213
-0.0730672274140595,5.99580179892501,1.67754951467881,0.21714207209579,0.335183478889296,"KLHL5",FALSE,0.335815713382536
-0.300990746099429,1.13355968703824,1.67685474681575,0.21723193790577,0.33525692110511,"DDR2",FALSE,0.335888755018971
0.0735336419368101,10.0069842725119,1.67589495712256,0.21735616306557,0.335383351651195,"HSPA8",FALSE,0.336014884739121
0.0639235787549109,11.6643824060145,1.67467605871566,0.217514057960012,0.335462300803509,"CST3",FALSE,0.336092366141769
-0.251647890627427,2.16586227431998,1.67465431429975,0.217516876066414,0.335462300803509,"CENPF",FALSE,0.336092366141769
0.0830403228091629,4.75865967847495,1.67452011542354,0.217534269479167,0.335462300803509,"MFSD11",FALSE,0.336092366141769
0.0649200117478261,7.20427815660558,1.67207284043405,0.217851776957456,0.335878453848553,"IL10RA",FALSE,0.336507684291187
0.0673828976320299,6.09516628691126,1.6715444039205,0.217920415135081,0.335878453848553,"MRPL54",FALSE,0.336507684291187
0.0615735258025196,7.13181203887624,1.67146118556119,0.217931226866417,0.335878453848553,"PSMD8",FALSE,0.336507684291187
0.0620089287484028,7.23316546995323,1.67103992253823,0.217985968095108,0.335897522848982,"METAP2",FALSE,0.336526250568932
-0.284497768764951,2.46644458989522,1.67083663318872,0.218212860236705,0.336122019187269,"TUBB2B",FALSE,0.336750090136859
0.307197580073209,0.885762431271592,1.66926773540434,0.218216452164086,0.336122019187269,"ABLIM3",FALSE,0.336750090136859
-0.280324935311356,5.4686630513408,1.7650739083225,0.218353792914649,0.336268234309895,"LINC01588",FALSE,0.336896040066903
-0.163348298296435,2.69491264155602,1.66661275568414,0.218562343676515,0.336524035864714,"MAPK10",FALSE,0.337151780592048
0.175195800877169,2.14785246138582,1.66579576645614,0.218668925051064,0.336622764622298,"FAM198B-AS1",FALSE,0.33725015496325
0.0521012188833732,12.7124758840158,1.66418670192238,0.218879035852844,0.336880799114997,"MT-ATP6",FALSE,0.337508131620417
-1.62433372527618,-0.647987925684062,1.79459764538067,0.219052652275162,0.337082575162555,"LYPD2",FALSE,0.33770974454476
-0.283536557072087,1.29529276281932,1.6624571926217,0.219105167906998,0.337097956756584,"SYNPO",FALSE,0.337724616077349
0.0715007119824684,5.52089156362284,1.66150334974202,0.219230012511307,0.337194290610522,"ECHDC1",FALSE,0.337820051978418
-0.0885530255769605,5.10641972690401,1.66132896818903,0.219252846631842,0.337194290610522,"HAUS4",FALSE,0.337820051978418
-0.143461907588159,6.90611608079294,1.70653108301472,0.219346248141743,0.337272508779624,"CLEC4E",FALSE,0.337897876977054
-0.0705874415645995,5.0073283011198,1.65893298720453,0.219566898988733,0.337546320570618,"NPEPPS",FALSE,0.338171657914612
0.0624026147163733,7.37148161091445,1.65846216868292,0.219628680330553,0.33757583901912,"N4BP2L2",FALSE,0.338200692659127
-0.057727021014027,8.14422152386142,1.65803736209362,0.21968444339849,0.337596097550538,"CXCL16",FALSE,0.338220450477487
0.106550587475903,7.15465650847934,1.67377128703805,0.219854980152411,0.33779269043572,"PTGER4",FALSE,0.338416868628506
0.379841471677413,6.96993411457962,1.78210207204568,0.220055587418421,0.33803539954529,"IFIT2",FALSE,0.338659487728526
0.476753231620582,0.186906486322581,1.65464004795636,0.220131063779525,0.338048490552525,"DNAH14",FALSE,0.338671526512024
-0.114719053915722,4.59899949341402,1.65450084465095,0.220149389092165,0.338048490552525,"SEC24A",FALSE,0.338671526512024
-0.240367966007466,1.58331657910674,1.65411803316153,0.220199794284847,0.338060412294784,"DNHD1",FALSE,0.338682932326439
-0.251820838474492,5.44337307119991,1.74301825074189,0.220412557125065,0.338294855669112,"CLEC12A",TRUE,
0.0982162762681218,4.06725009153294,1.65231166791429,0.220437843641099,0.338294855669112,"THADA",FALSE,0.338982887410615
0.287372017527993,2.26500430952964,1.65053080706579,0.220672860884408,0.338575338079225,"MIR3142HG",FALSE,0.339262838256254
0.149142549528098,3.05135367648819,1.65027972098936,0.220706022602602,0.338575338079225,"SPATA5",FALSE,0.339262838256254
0.121879607189833,5.04517770179083,1.65232863459143,0.220887156595235,0.338787652831693,"PDE3B",FALSE,0.339475033097398
0.0928380984283657,7.8308561590871,1.65454941347117,0.220984138630879,0.338870841598763,"FPR1",FALSE,0.339557839698471
0.0628000106141209,7.91625609717387,1.64663324283214,0.221188358583964,0.339118411690904,"CCNL1",FALSE,0.339805360554693
-0.109085246102315,4.34535100606637,1.86794635235609,0.221363884907803,0.339294230362373,"WDR11",FALSE,0.339980433176596
-0.579433574737305,-0.747864027860044,1.65817410298218,0.221388629372421,0.339294230362373,"ITGBL1",FALSE,0.339980433176596
-0.550681206345177,-0.590732665116666,1.64354122672391,0.221598432513929,0.339550130067729,"ANKRD30B",FALSE,0.340236299229143
-0.219624697841218,1.7956375828582,1.6429999206379,0.221670324534055,0.33959465370164,"WEE1",FALSE,0.34028036178474
0.204751072325391,6.92050780198735,1.72902624243608,0.221758279809815,0.339644620651469,"DUSP6",FALSE,0.340328777514843
0.11661169246572,4.36225502066528,2.19172086167154,0.221824473471666,0.339644620651469,"TP53TG1",FALSE,0.340328777514843
0.120133835007477,4.66226554528314,1.64178746555027,0.221831463891688,0.339644620651469,"AC006449.6",FALSE,0.340328777514843
0.0741722585614177,4.84464631046198,1.63883967636504,0.222223873930259,0.340179739818323,"USP24",FALSE,0.340864423446764
-0.135662920077483,3.28460920854604,1.63699898740368,0.222469366860155,0.340489795457009,"HSPG2",FALSE,0.341174551708059
0.121849562141391,3.87219229365606,1.63641647193978,0.222547130864812,0.340543071510563,"KYAT3",FALSE,0.341227383603151
-0.332074542962935,0.831565574559204,1.63599670801101,0.222603190075814,0.340563120594568,"FRMD6",FALSE,0.34124692185586
-0.098210415797471,5.15446672927229,1.63477505776977,0.222766445788921,0.340747131432484,"ALKBH5",FALSE,0.341430750958195
0.102129468298639,4.65050810167693,2.18029974116337,0.222885977221439,0.340864202818589,"SLC52A2",FALSE,0.341547506039777
0.0603453979769565,8.23423615435291,1.631503419029,0.223204424250007,0.341285376172431,"MGAT1",FALSE,0.34196897204231
0.0663111826362042,5.36377264971045,1.63032496185277,0.223362461679411,0.341461163940296,"DIS3",FALSE,0.34214456020035
0.856827091434092,2.03501257483158,1.79390286243852,0.223469105868631,0.341511488149262,"IBSP",FALSE,0.342193882181708
0.422565329448289,0.922260689933451,1.62943778177075,0.223481533869623,0.341511488149262,"NTRK3",FALSE,0.342193882181708
0.263447597733448,2.19499504117758,1.62773638044219,0.223710118559281,0.341737822362721,"PLCE1",FALSE,0.342419014739423
-0.180200182786822,2.51119640840633,1.62760724825861,0.223727480062554,0.341737822362721,"FUT8",FALSE,0.342419014739423
0.156714848192476,2.97617103924917,1.6273731378324,0.223758960126752,0.341737822362721,"KIAA1328",FALSE,0.342419014739423
-0.0806404166267645,5.2362713260896,1.62638163983599,0.223892347892239,0.341856237657656,"CYB5R4",FALSE,0.342536564157676
0.0886723379395832,5.28508572519454,1.62615587533266,0.223922734883477,0.341856237657656,"RUFY1",FALSE,0.342536564157676
0.486850814014956,0.163254319360251,1.62483666401904,0.224100403350546,0.342061609118816,"SMIM10",FALSE,0.342741793359659
0.109916431257808,3.99539527451752,1.62417664303557,0.224189362761397,0.342131524152523,"ANKRD26",FALSE,0.342811296551686
0.0825628118553429,6.1595682312058,1.62270107519306,0.224388411015407,0.342369384628588,"IL6R",FALSE,0.34304907859099
-0.638079529450766,0.397522343268153,1.64567772659661,0.224760693064478,0.342871420938076,"PEG10",FALSE,0.343551559946053
-0.224012928322045,1.52344915378947,1.61738390924567,0.225107597519068,0.343334558124503,"FKBP7",FALSE,0.344015063677054
-0.0805064125282172,5.290822933005,1.61449168560773,0.225500060210531,0.343866989295843,"NCBP3",FALSE,0.344547997350381
0.306389962421113,1.61918456463248,1.61310553707447,0.225688472535193,0.344088117357502,"AL031599.1",FALSE,0.344769010399894
0.14265385017135,3.22744553354247,1.60854506825172,0.226309812165855,0.344969081109575,"ZNF438",FALSE,0.345651163288601
-0.32865682942868,1.30258178807692,1.60544473429132,0.226733496912287,0.345548474340756,"FOXC1",FALSE,0.346231147252374
-0.116548448593463,4.91588066239786,1.60488620796771,0.226809934398513,0.345598531599349,"SHISAL2A",FALSE,0.346280748680521
0.0642317106061267,5.30556361469904,1.60285472668013,0.227088239239654,0.345918933964219,"TM2D1",FALSE,0.346600673692383
0.057267244798445,5.74221508410524,1.60271444590248,0.227107473673532,0.345918933964219,"SEC63",FALSE,0.346600673692383
0.575568012593142,0.171485049707563,1.6141923740407,0.227248535564132,0.346067305023519,"JCHAIN",TRUE,
-0.0907235073130676,5.25671497763254,1.60113378351587,0.227324352098313,0.346116278746961,"MPG",FALSE,0.346864467524794
0.292583147763536,1.02583718979281,1.59924941571639,0.227583256254377,0.346443943084619,"FBLIM1",FALSE,0.347192272031754
0.118332097501947,4.18677269963188,1.59863650133113,0.227667551467318,0.346505730088864,"OAS3",FALSE,0.347253624483936
-0.161724436750395,5.45193478121462,1.6396803093867,0.227828984610243,0.34668487331862,"CKB",FALSE,0.347432586287165
0.302574625513987,0.771473525308782,1.5945942371559,0.228224518688956,0.34722010826445,"NAALADL2",FALSE,0.347968406857286
-0.139834988125327,3.64357510597036,1.59340395780656,0.228388863225577,0.347403474223403,"PHF21A",FALSE,0.348151599166234
0.0582364028505006,6.17599631793308,1.59266501239272,0.228490969240808,0.34749211665857,"COX16",FALSE,0.348239863741359
0.557474849467549,0.158490265267592,1.59218938415896,0.228556722311529,0.347525449652053,"STC1",FALSE,0.348272699878187
0.0956214037494409,4.29054958223716,1.58857987281593,0.229056528647337,0.34821863070299,"ATP10D",FALSE,0.348966801911376
0.113891161878597,3.50509396471403,1.5870717359628,0.22926578438386,0.348469926877923,"NUP160",FALSE,0.349218068324836
0.0583780682460753,7.12342536478143,1.58638635222287,0.229360965161532,0.348547773011429,"CCT3",FALSE,0.349295511993533
0.158399683392201,4.84621148026584,1.608692949115,0.229690725114142,0.348981998601939,"HPS3",FALSE,0.349730099043141
0.101755636201008,4.33792601611819,1.58213388680496,0.229952676394326,0.349262385250818,"MGAT4B",FALSE,0.350009946323593
0.29150104991462,2.07365154861157,1.58205711857282,0.229963376767062,0.349262385250818,"MAP9",FALSE,0.350009946323593
-0.112054716727915,3.83891975744974,1.58042235469465,0.230191394453921,0.349541730555581,"VKORC1L1",FALSE,0.350289319201853
-0.113774355037343,4.02011138903237,1.57840548719635,0.230473117820364,0.349902504419733,"KIAA0040",FALSE,0.35065029397235
-0.0793961660801876,5.14067079106521,1.57771293000727,0.230569961262485,0.349982510604821,"KIF2A",FALSE,0.350729900526329
0.506152642619629,0.153331739639121,1.57714878038223,0.230648888433237,0.349989177060783,"AC010624.5",FALSE,0.350735440627083
0.398515475717056,1.64191322095623,1.58710557869061,0.230662645073485,0.349989177060783,"TTN",FALSE,0.350735440627083
-0.259575994367917,1.72329649596395,1.57387935347243,0.231106996817915,0.350596301334181,"AL645568.1",FALSE,0.351343288485437
-0.104717564571892,3.91688316706938,1.57274211292721,0.231266626174458,0.35077134346874,"RNF169",FALSE,0.351518132549176
0.220463423479,2.13852737409116,1.57149421385503,0.231441955112852,0.350970126269069,"LGALSL",FALSE,0.351716767434231
-0.0748159462336246,5.48879377571933,1.57012441503618,0.231634612269949,0.351152807288432,"TMEM248",FALSE,0.351898694904973
-0.116393848841945,3.82671785111287,1.57000791840614,0.231651006826249,0.351152807288432,"RNF38",FALSE,0.351898694904973
0.21912965044481,7.84458479553651,1.65687026673903,0.231773509501079,0.351271340723486,"AL021155.5",FALSE,0.352016909167052
-0.0886186652808256,5.12868025435771,1.56788011870526,0.231950720644475,0.351472728071369,"FAM13B",FALSE,0.352218152898453
0.0495618978421428,7.17987193973486,1.56311329508679,0.232624012279816,0.352410357364269,"TAF1D",FALSE,0.353156626271375
0.064077877814693,6.62116117015775,1.56287030824479,0.232658401922879,0.352410357364269,"SRI",FALSE,0.353156626271375
-0.285694520901563,0.93502275569806,1.56158959649978,0.232839770232923,0.352475789881479,"LINC02062",FALSE,0.353219339420606
-0.0705141099267054,6.5848932867426,1.56154439019781,0.232846175536059,0.352475789881479,"CCT2",FALSE,0.353219339420606
-0.504521258942451,-0.285294315350824,1.56153789052609,0.232847096496819,0.352475789881479,"CUBN",FALSE,0.353219339420606
-0.071798994074189,5.31419611400416,1.56125750294258,0.232886830142045,0.352475789881479,"HIPK1",FALSE,0.353219339420606
0.0890648654288149,4.7522585552722,1.56099598390076,0.232923897980458,0.352475789881479,"DEPTOR",FALSE,0.353219339420606
0.33751921610972,0.316402719719537,1.65225542033967,0.233095450091999,0.352598591454681,"JAM3",FALSE,0.353340116864085
-0.0623071267952756,6.08317486381592,1.5595983510868,0.233122130941353,0.352598591454681,"TBRG1",FALSE,0.353340116864085
0.136568722823009,3.50779535395594,1.55922637101705,0.233174928097721,0.352598591454681,"KIF1C",FALSE,0.353340116864085
0.13225026175776,4.91699909962498,1.56744625450606,0.233182948410304,0.352598591454681,"PDE8A",FALSE,0.353340116864085
0.147695936075314,3.41026439315131,1.55843664993273,0.233287069739859,0.352622067901026,"ST6GALNAC3",FALSE,0.353362502333001
-0.0605429508136163,6.11639195221948,1.55843411274607,0.23328743013886,0.352622067901026,"TBCB",FALSE,0.353362502333001
-0.107767507352573,3.94220987985815,1.55767642731314,0.233395089682229,0.352717550705434,"AL354740.1",FALSE,0.353457615631795
-0.0975340694221652,6.84797263990944,1.56700330212719,0.233470073477174,0.352763625410146,"IVNS1ABP",FALSE,0.353503217154176
0.0811065675120723,5.35061465267253,1.55539602094924,0.233719507936722,0.353073220069042,"RANBP9",FALSE,0.35381289076201
-0.11028282521898,4.4772955400721,1.5540015017763,0.233918189756883,0.35330604084446,"ANAPC15",FALSE,0.354045628992262
-0.0829732862759408,4.88507724642255,1.55303584195106,0.234055901008318,0.353446701560752,"UBA6",FALSE,0.354186013857766
-0.14034944449485,5.03888491234413,1.57078244861075,0.234174944830832,0.353559124475116,"ARHGEF40",FALSE,0.354298101666467
0.0840719580937218,5.09583678469125,1.54470272597991,0.235248726718771,0.355112700957048,"LZIC",FALSE,0.355854352743947
-0.114532508970669,3.72904191059716,1.54434181779883,0.235300569090277,0.355123341280738,"ADAM15",FALSE,0.355864442943599
0.091120228633979,4.94958602019631,1.54169321822837,0.235681486708872,0.35560512196,"BECN1",FALSE,0.356346083458153
-0.0810938464798475,4.28589379787149,1.54149865907539,0.235709499987361,0.35560512196,"LRMP",FALSE,0.356346083458153
0.259066771487821,1.54769562125733,1.54017700935618,0.235899911906989,0.355824676864271,"LINC02391",FALSE,0.356565523024416
-0.207550505718863,1.85772657673077,1.53944907818401,0.236004872676565,0.35591528068857,"LAMA4",FALSE,0.356655742748126
-0.114229227109957,4.80105380036136,1.53897862094569,0.236072740944373,0.35594992206295,"LINC02207",FALSE,0.356689883613305
0.404689962859651,0.0116872463773833,1.53865479122822,0.236119471663929,0.3559526851781,"OPRM1",FALSE,0.356692080108999
0.0665957104261268,5.96663304810189,1.53616371163126,0.236479359176543,0.356427444781679,"PDCD6IP",FALSE,0.357167252989418
-0.395906653702592,-0.312662990362665,1.53318732473633,0.236910309649421,0.357009111366776,"AZGP1",FALSE,0.357749553271638
0.226445462908871,2.76614151300887,1.53259375856098,0.236996376008443,0.357070936715115,"C11orf49",FALSE,0.357810933345058
0.12899649620032,3.39646622253946,1.53149428526749,0.237155907414831,0.357243403759222,"TRMT11",FALSE,0.357983184252547
0.0672669241851889,5.31043630024296,1.53054392046657,0.237293917808016,0.357383392929702,"RPA2",FALSE,0.358122889749339
0.061751249951646,6.55896223793133,1.52598579781593,0.237957318031099,0.358314457236573,"CUTA",FALSE,0.359055305774564
-0.301306606464674,1.07151088705977,1.52216622212483,0.2385151175438,0.359086185318504,"LMCD1",FALSE,0.359828053621228
-0.0898507341711719,4.24904654323079,1.51803810142681,0.239119922100875,0.359928373346448,"COP1",FALSE,0.360671404616254
-0.28569287949304,0.713851212909462,1.51668788570633,0.239318180376983,0.360158415722991,"MMP17",FALSE,0.360901344756866
0.117746253830969,4.07644771665295,1.51620082327587,0.239389751336066,0.360197750729233,"ORC4",FALSE,0.36094018392833
0.205651597923723,1.52566905620625,1.51427977794427,0.239672313992819,0.360554479190715,"LINC01473",FALSE,0.361297070347383
-0.0693981081232155,5.53291782698276,1.51348797852332,0.239788906630681,0.360661440289895,"ADD1",FALSE,0.361403674466521
0.08528223030622,4.48039308704611,1.50977956663375,0.240335971602521,0.361415702364337,"CCNT2",FALSE,0.362158910536469
-0.31291142396883,1.37138630498022,1.50845371611686,0.240531962119488,0.361595428851043,"EDIL3",FALSE,0.362337850175683
-0.0625385593312505,6.34892999492098,1.50835402791694,0.240546706831534,0.361595428851043,"KLHL6",FALSE,0.362337850175683
-0.123452977821833,3.54350770854254,1.50752529704361,0.240669329361089,0.361711174061558,"SENP2",FALSE,0.362453254962084
0.0692480074907611,5.80949152521658,1.50669786450192,0.240791842401165,0.361826710871197,"GTF2A2",FALSE,0.362568450771479
0.247633736431154,2.56680217651692,1.50519852529473,0.24101405125785,0.3620919837734,"OBSL1",FALSE,0.362833689243138
0.063695485024635,7.93762993232795,1.50440251645706,0.241132133784263,0.362148781963379,"COX7B",FALSE,0.362889447786508
-0.0635172497082943,5.8235790069016,1.50432783338338,0.241143216446099,0.362148781963379,"SRPRA",FALSE,0.362889447786508
0.0585648435215596,8.36426556309932,1.50111551831557,0.241620550454588,0.362796917424995,"HSPA5",FALSE,0.363538330114829
-0.0592084897481585,5.47007688369422,1.49983645431521,0.241810961589235,0.362975123067792,"SZRD1",FALSE,0.363715742637037
0.132154391709888,3.32178096794817,1.49970325402843,0.24183080222554,0.362975123067792,"PIGN",FALSE,0.363715742637037
-0.0683965047108115,6.39445069175117,1.49731686313263,0.242186629293209,0.363440393154753,"TUT4",FALSE,0.364181383006661
-0.0855351464114554,8.7933855829753,1.49984373280513,0.242247261758668,0.363462583501651,"HBEGF",FALSE,0.36420303972038
-0.0658175146818741,5.73002256259719,1.49549623365707,0.242458564516457,0.363710785144082,"MDM4",FALSE,0.364451167956621
-0.125848183976763,4.20787889194885,1.49500957501084,0.242531322042676,0.363751101239942,"EVA1B",FALSE,0.364490987228577
-0.0753654895441511,5.70955002943654,1.49429906567474,0.242637598208664,0.363841664194872,"LYPLA1",FALSE,0.364581155576551
-0.229454783809558,2.25881174651942,1.49363744755988,0.242736616904073,0.363921312181447,"AEBP1",FALSE,0.364660386722023
0.14392869177289,3.22715994856302,1.49068256360164,0.243179503987712,0.364516375045298,"SLC2A9",FALSE,0.365256078630161
0.181524359032498,2.24928235410336,1.48643757854593,0.243817634295364,0.365401792673389,"GNA11",FALSE,0.366141551777248
-0.697974867859437,-0.583503976207802,1.51924714669853,0.24390548380246,0.365401792673389,"ACTG2",FALSE,0.366141551777248
0.0893138981117366,6.02827294066505,1.48583457138022,0.243908462011551,0.365401792673389,"CCDC50",FALSE,0.366141551777248
0.282682501779539,1.21890615075851,1.48549975517941,0.24395891296792,0.365408324581461,"LRRC69",FALSE,0.366147516929182
0.0472992218784545,7.21824041294719,1.48480949654641,0.244062966633011,0.365475786498683,"AXL",FALSE,0.366213376380618
0.0612948669719868,6.90301375880677,1.48446817884236,0.244114440657171,0.365475786498683,"LAMTOR5",FALSE,0.366213376380618
0.122639699416216,5.62633842409003,1.50373007865617,0.244142250920412,0.365475786498683,"KMT2E-AS1",FALSE,0.366213376380618
-0.0693754192281343,5.26086775475365,1.48340240343452,0.244275262762653,0.36560586807293,"CBX5",FALSE,0.36634314107066
0.157934194066671,3.26575777834968,1.48279883624317,0.244366401537617,0.365673241108008,"CPLANE1",FALSE,0.366410070672506
-0.0712520747522837,5.79342087792412,1.4799171328204,0.244802162590723,0.3662561889072,"DCK",FALSE,0.366993613109366
0.0715813992535905,5.39037399901099,1.47642546496967,0.24533154486735,0.366978959944972,"CHCHD5",FALSE,0.367717258459853
-0.428812848801313,0.299421212305007,1.48701204068192,0.245392387684727,0.367000726195909,"PLSCR4",FALSE,0.367738487764937
-0.130347965513829,3.92482034569774,1.47394522068444,0.245708506816854,0.367312985403628,"SEMA3B",FALSE,0.368048471854489
-0.373313208108115,0.302804389404675,1.47392163106436,0.245712095800082,0.367312985403628,"VLDLR",FALSE,0.368048471854489
0.0652262188177749,7.47754621740564,1.47336212553559,0.245797240793627,0.367312985403628,"PLK3",FALSE,0.368048471854489
0.0915357753438936,4.76072783090281,1.47326563019094,0.245811929325283,0.367312985403628,"XPC",FALSE,0.368048471854489
0.146247143774133,3.56855930868707,1.47312831765385,0.245832833066555,0.367312985403628,"PXN",FALSE,0.368048471854489
-0.137062977335054,4.88035915428122,1.48537341687489,0.246015250663276,0.367516281752111,"NAV1",FALSE,0.368251595045656
-0.0640901127117497,7.55785515349182,1.47044664157767,0.246241551723134,0.367785045603053,"TSC22D2",FALSE,0.368520316199629
0.0505254504728481,7.41354073211612,1.46916195344658,0.246437673380287,0.367979539156348,"SRSF11",FALSE,0.368714037769507
0.0714970055436964,7.43157862460678,1.46898567433774,0.246464600519703,0.367979539156348,"AMD1",FALSE,0.368714037769507
0.498736028140869,0.299329002195007,1.4794604733321,0.246529536991981,0.368007186833444,"GZMH",TRUE,
-0.156779392324514,3.10187064998245,1.92745704036618,0.246675383859831,0.368155580429356,"NSD2",FALSE,0.368959307774397
-0.381198658668032,0.500665039582877,1.46728735933992,0.246724223640309,0.368159165258869,"NRCAM",FALSE,0.368962307106749
-0.057662933377882,9.14761363167563,1.46399804168308,0.247228100881354,0.368797723105015,"GNAS",FALSE,0.369601069943348
0.0561524844985799,6.29155644262169,1.46388661384913,0.247245194034202,0.368797723105015,"MYO9B",FALSE,0.369601069943348
0.176868412302713,4.00180059244025,1.47259207501443,0.247390199570028,0.368906884256278,"CENPU",FALSE,0.369708687999533
-0.12279452091405,3.70181318181028,1.4626020039793,0.247442368273328,0.368906884256278,"RYR1",FALSE,0.369708687999533
0.206204443442378,2.62156834223303,1.46250039538551,0.247457973066964,0.368906884256278,"MELTF",FALSE,0.369708687999533
-0.0925079090116119,4.31781426078775,1.46097061463662,0.247693071413404,0.369187943253519,"CCNG1",FALSE,0.36998976423868
0.111902566190241,3.78234827821499,1.45848043577126,0.248076401323378,0.369689795054839,"TBPL1",FALSE,0.37049211177736
-0.0448859720526502,8.05922823256275,1.45744992588933,0.248235265765086,0.369750273143448,"CYCS",FALSE,0.370550939548672
0.109113314809469,3.74900549455226,1.45744790847447,0.248235576904688,0.369750273143448,"ZNF621",FALSE,0.370550939548672
0.0755847674404677,5.0039690122489,1.45730965792369,0.248256900093664,0.369750273143448,"ATL3",FALSE,0.370550939548672
-0.0946208837789254,4.392971291903,1.45460000765094,0.248675318342509,0.370257576812552,"ZZEF1",FALSE,0.371058153529455
0.146772614267007,3.34187062013698,1.45449910385718,0.248690917826291,0.370257576812552,"UGDH",FALSE,0.371058153529455
0.0906882264505616,5.4095944386498,1.45358132565867,0.248832864020052,0.370399351474084,"SMURF2",FALSE,0.371199640740385
0.526880230760593,0.107284431586382,1.45314720981926,0.248900043230887,0.370401873185062,"LYPD1",FALSE,0.371200980570349
0.0867428520584386,5.44193440661122,1.45296660060927,0.248927999537085,0.370401873185062,"LASP1",FALSE,0.371200980570349
0.19549436405267,2.2614354038241,1.45215754831713,0.249053283254792,0.37049170712569,"AC242426.2",FALSE,0.371289821600742
0.0552766238750695,6.42274214050349,1.45197323483779,0.249081836400092,0.37049170712569,"AUP1",FALSE,0.371289821600742
-0.0818279762808972,5.22112945586008,1.98197790963519,0.249593034402257,0.37118243795556,"FBXO9",FALSE,0.371981446277143
-0.0640810237061352,6.36604459797092,1.44753963600739,0.249769989869082,0.371375933923872,"RPS19BP1",FALSE,0.372174764552418
0.0595074495725498,7.64644746306828,1.4469557846982,0.249860800190577,0.371441294564203,"LPCAT2",FALSE,0.372239671690879
-0.129407855945133,3.82490052483096,1.4464392165562,0.249941182229609,0.37149113099294,"HECTD4",FALSE,0.372289021290388
-0.0665393811627605,5.77378309295214,1.52493018470501,0.250362856535723,0.372005193676348,"DCP2",FALSE,0.372802999214967
0.133877776068583,3.48170616706301,1.4436173755928,0.250380892212033,0.372005193676348,"HCFC2",FALSE,0.372802999214967
-0.115465097429317,3.86955883673662,1.44125964712482,0.250749074249632,0.372482417210245,"TDRD3",FALSE,0.373280651348941
-0.220365317237913,2.85347738413508,1.43968161472299,0.250995902986526,0.372779227965002,"CHST7",FALSE,0.373577503065909
0.153289773171627,3.90270989176855,1.43896769863355,0.251107677097172,0.372875381911665,"LINC01220",FALSE,0.373673267882795
-0.101711849796641,4.67657070848093,1.43730575426127,0.251368136590899,0.373192244736451,"PDLIM5",FALSE,0.373990213420794
0.0617242684334348,5.906354977059,1.43603956715832,0.251566815280246,0.373417283568955,"CELF1",FALSE,0.374215137986741
0.253516406297778,1.70084700785518,1.43521898518299,0.251695685633721,0.37350055142808,"MT1G",FALSE,0.374296798358747
0.129128697200219,4.76404090611362,1.44073384389849,0.251763801754958,0.37350055142808,"DUSP10",FALSE,0.374296798358747
-0.151200981103199,3.7008630323085,1.4347826520596,0.251764246573115,0.37350055142808,"XPOT",FALSE,0.374296798358747
0.173732066466516,3.04742709945235,1.43417083440718,0.251860423382457,0.373573327703671,"HABP4",FALSE,0.374369134982452
-0.373364511924743,1.0375853284678,1.43196774309367,0.252207152871759,0.374017640846859,"CDC42EP1",FALSE,0.374813799344221
-0.0779447859772616,4.65296946118759,1.43053760738108,0.252432573622411,0.374281923261357,"CRLF3",FALSE,0.375078048848992
0.185136201212983,2.15692737451753,1.42834983836311,0.252777935328561,0.374723910113096,"CHIC1",FALSE,0.375520379882785
0.0465727582035693,7.69574165350233,1.42574343138733,0.253190208335763,0.375240198920214,"RNF130",FALSE,0.376036573172453
0.073616536643894,5.29693070737466,1.42554980834727,0.253220870865685,0.375240198920214,"TPRKB",FALSE,0.376036573172453
-0.290797591074157,3.58045833375777,1.4574597037909,0.253845450190582,0.376095445544933,"MEG3",FALSE,0.37689303742959
-0.0663941596672801,5.76509465429353,1.42048849631914,0.254024155185254,0.376270581742707,"TOMM22",FALSE,0.377066753172037
-0.56201919939687,-0.606942053336891,1.43047433183049,0.254080517784235,0.376270581742707,"ECSCR",FALSE,0.377066753172037
0.0998624443581489,3.91258241402436,1.41997375387011,0.254106041202126,0.376270581742707,"RRAGB",FALSE,0.377066753172037
-0.433080521381485,0.538871844079793,1.41963960303023,0.25415921733795,0.376279042960835,"CXCL14",FALSE,0.377074635440372
0.181718931917747,7.78439300584492,1.48668269190042,0.254395374902315,0.376511655551649,"LUCAT1",FALSE,0.377306546089814
0.0778292421485348,5.16934133674932,1.71765478100017,0.254411319221769,0.376511655551649,"PRPF31",FALSE,0.377306546089814
-0.117150945903803,3.35041408638835,1.41566377905671,0.254793066904998,0.377006240093845,"SMURF1",FALSE,0.377801577466135
-0.065884076515912,7.40334952153946,1.41484090551483,0.254924518561218,0.377130356998197,"CBX3",FALSE,0.377925358905773
-0.21999693627961,1.64667744051688,1.41301496499527,0.255216531756838,0.37749191488213,"ZFYVE28",FALSE,0.378287081313334
0.0902011129851419,5.03902510911649,1.41253540266159,0.255293299945677,0.377535027414535,"TYW3",FALSE,0.378329687165545
0.0759666301019168,5.48950869233498,1.40766290275429,0.256075044978475,0.378620469337813,"CTCF",FALSE,0.379416814809183
0.350137546013893,0.340614425762785,1.40632975289497,0.256289494645811,0.378846542216841,"STEAP1B",FALSE,0.379640968057784
0.0960095311822903,5.2875851021543,1.40608107204583,0.256329523931512,0.378846542216841,"TIPRL",FALSE,0.379640968057784
-0.169070140067147,3.06898682130124,1.4057948931724,0.256375599515359,0.378846542216841,"AUH",FALSE,0.379640968057784
-0.176704884774426,2.62754858187258,1.40552483377525,0.256419090001964,0.378846542216841,"RGS9",FALSE,0.379640968057784
0.0687530434797432,7.68393530524119,1.40416546407372,0.256638153768818,0.379099549670055,"SP100",FALSE,0.379893907439073
-0.167797225954109,6.8332379860482,1.46103299673566,0.256883321623934,0.379391015990043,"S100B",FALSE,0.380185385638428
-0.0580891096464533,5.81443519283709,1.40102657836179,0.257144947927469,0.379706676693794,"GLUD1",FALSE,0.38050110814662
0.0843014612758323,5.10087975614874,1.40000878124932,0.257309566263555,0.37987900211126,"PANK2",FALSE,0.380673194934138
0.293905353730752,0.866728381685711,1.39936159116374,0.25741431621606,0.379915238246168,"CFB",FALSE,0.380708309039961
-0.0860621311265378,5.75189437195337,1.39926501658425,0.257429952050758,0.379915238246168,"ZNF800",FALSE,0.380708309039961
0.053165727480664,7.2371465106053,1.39896353827347,0.257478770868506,0.379916563455336,"NDUFS6",FALSE,0.3807090384576
-0.122059691478851,4.93431330672281,1.4041853283022,0.257657898761209,0.38011012679175,"SNHG14",FALSE,0.380902406913267
-0.0949536544648727,4.64352675503701,1.39228538039331,0.258563367918961,0.381374954578888,"AGPAT4",FALSE,0.38216927063144
-0.152602086851292,4.48549329950615,1.40462462038423,0.258745169695091,0.381572117809279,"SUSD3",FALSE,0.382366244017619
-0.0712990895445892,5.02230671953568,1.39062628257752,0.258833772251836,0.38161805747393,"GPBP1L1",FALSE,0.382411078843304
-0.170061681403089,2.02655857365381,1.39038828762159,0.258872592469071,0.38161805747393,"AC008014.1",FALSE,0.382411078843304
-0.0604359235685719,6.45785984524671,1.38871725338058,0.259145381258824,0.381891041246067,"CHD4",FALSE,0.382683429482929
0.211954045095471,5.10669303202005,1.4416292723992,0.259154112248214,0.381891041246067,"PMP22",FALSE,0.382683429482929
-0.514653393383735,-0.601802773804897,1.38770133325697,0.259311414407353,0.38205182929223,"TC2N",FALSE,0.382843951030945
0.0910874473236574,5.62629821148879,1.38524662263845,0.259713181336129,0.38257266845649,"CBX4",FALSE,0.383365269358446
0.0711536515544459,5.23757313952014,1.38335561382101,0.260023256863255,0.382958272415361,"MTCH2",FALSE,0.383751071106917
0.0609778864910827,8.24585433080607,1.38247053262525,0.260168557803744,0.38310110071844,"YWHAE",FALSE,0.383893594002228
0.313658654083913,0.847845300701206,1.3819916217174,0.260247224588844,0.383145774659304,"APLF",FALSE,0.383937759421519
-0.272444533906599,0.795519237640822,1.38049463658207,0.260493328459603,0.383337963406834,"AC023590.1",FALSE,0.384126742737606
0.0638360450003022,6.2041587296024,1.38009218975913,0.26055954396373,0.383337963406834,"YTHDF2",FALSE,0.384126742737606
0.27179024320902,2.18577521181076,1.3814692856716,0.26061083431417,0.383337963406834,"MACROD2",FALSE,0.384126742737606
-0.0514680216735517,7.75186751418609,1.37972236006071,0.260620412858446,0.383337963406834,"LYN",FALSE,0.384126742737606
0.0872020587297905,4.71691908835822,1.37957101334482,0.260645327966411,0.383337963406834,"CCNYL1",FALSE,0.384126742737606
-0.270739021857702,1.4560924081641,1.37943403169664,0.26066788101996,0.383337963406834,"NRN1",FALSE,0.384126742737606
0.0765045162810899,5.3889926451762,1.37860271039102,0.26080480847694,0.383468197627074,"STX3",FALSE,0.384256645068512
0.298953951758096,3.45674534594519,1.40934380404709,0.26134717818706,0.384194405463936,"DCSTAMP",FALSE,0.38498374528004
-0.0883884429989152,5.59028958684914,1.37480984642531,0.261430762947956,0.384246030524916,"TCOF1",FALSE,0.385034875771919
-0.0565981077194661,6.91455603047074,1.37408066816608,0.261551334358399,0.384351988654937,"VPS35",FALSE,0.385140450855227
-0.269770601176341,1.43622499845258,1.37272203204097,0.261776187903841,0.384611122628178,"SEMA5A",FALSE,0.385399515661831
-0.0920088880035846,3.98339706912374,1.37052860921964,0.262139747748229,0.385073915165455,"RYK",FALSE,0.38586265559801
0.0895029488399038,4.57150907296152,1.37007835751031,0.262214461065599,0.385112309619872,"ERI3",FALSE,0.385900527605976
-0.335661764699612,0.323750670107948,1.36938525767516,0.262329527878979,0.385209945735237,"AFAP1L2",FALSE,0.3859977625384
0.0622267763961992,6.43818380501535,1.36646855134081,0.262814498692278,0.385850619561551,"SF3B6",FALSE,0.386639144854858
-0.066317043085963,5.52915364614028,1.36579161602344,0.262927227731964,0.385944651260695,"RAD23B",FALSE,0.386732767003811
-0.0648526476343416,6.33589730497582,1.36526528830758,0.263014921337184,0.386001906027619,"CTDNEP1",FALSE,0.386789537109266
-0.0488256644186759,6.53054285124346,1.35835207435936,0.264170428712825,0.387625977944711,"ADAM28",FALSE,0.388416319036886
0.162152442628382,2.30281709955896,1.35797424223644,0.26423377848817,0.38764718650152,"TMEM267",FALSE,0.388436967144953
-0.115599417887663,3.90278447059595,1.3565397287485,0.264474484979132,0.387928532269114,"UBR1",FALSE,0.388718282213732
-0.0858289217405207,5.12819853734185,1.35488024724051,0.26475330955152,0.388224011686263,"RABL6",FALSE,0.389010741717208
0.0663309745856267,6.04517219636317,1.35403891228989,0.264894821423335,0.388224011686263,"ADA2",FALSE,0.389010741717208
-0.0906753008405567,7.78925994791827,1.3633887664348,0.264900186260644,0.388224011686263,"SOCS3",FALSE,0.389010741717208
0.12133029736447,4.49468726646087,1.35372602472629,0.264947474903854,0.388224011686263,"PLEKHG2",FALSE,0.389010741717208
0.18302476769316,2.25420928243391,1.35364611154164,0.264960925153531,0.388224011686263,"ST3GAL3",FALSE,0.389010741717208
0.287555708471465,1.76048396824739,1.35359372069956,0.264969743596666,0.388224011686263,"GFPT2",FALSE,0.389010741717208
-0.0460476508720656,9.43884523013099,1.35030151105993,0.265524684971878,0.388965207401524,"PPIA",FALSE,0.389752835514897
0.105635621883427,4.41204878748989,1.34965557934896,0.265633748596801,0.389053086804995,"CYBRD1",FALSE,0.389840289017437
-0.212040652436888,2.84937760783564,1.34978235275144,0.265718848223306,0.389105842023341,"GPSM2",FALSE,0.389892547271969
0.158554591083781,2.7552707112989,1.3485748287043,0.265816365418408,0.389176758086267,"EXOC6B",FALSE,0.3899630031222
0.49225426274292,-0.169336205223324,1.34681758920442,0.266113652220976,0.389540072896584,"SOX8",FALSE,0.390326447997924
-0.0836769679341081,5.42526557353906,1.34596796859793,0.266257550682729,0.389678763487663,"BCL7C",FALSE,0.390464814646042
-0.270461183126037,0.897842433283846,1.3453926996736,0.266355042468844,0.389749497359357,"CC2D2B",FALSE,0.390535087394297
0.0821560966987521,4.82955698708183,1.34476838645137,0.266460900458921,0.389832444886202,"IP6K2",FALSE,0.390617598402564
-0.235760871670449,1.3296724489432,1.3439985774386,0.266591506868405,0.389951562076146,"CFAP97D1",FALSE,0.390736351834287
0.0609556539046051,6.04378949348712,1.34316393462738,0.266733210802312,0.39007108073171,"SETX",FALSE,0.390854903989258
-0.597987816686307,-0.93030673684798,1.3636781870531,0.266771619541792,0.39007108073171,"HAND2",FALSE,0.390854903989258
0.230200768309797,4.34598121975002,1.38183538702585,0.267276780691793,0.390737657629455,"HCAR3",FALSE,0.391522216119365
-0.123054255853947,5.27518631565261,1.35427803351009,0.267444598193451,0.390910909748835,"PLXNC1",FALSE,0.391695211854993
0.108156781640814,10.4193090237145,1.36453588829105,0.267511757456345,0.390936997809014,"CD83",FALSE,0.391720748186075
0.0791401504786278,5.35427230675522,1.33788549570514,0.26763173572856,0.391007448899846,"PDPK1",FALSE,0.391790132831582
-0.0896838498222814,7.07074944612632,1.34540379205814,0.267658605597813,0.391007448899846,"SEC14L1",FALSE,0.391790132831582
-0.0688005715263944,5.89711015135148,1.33655017893434,0.267859689258739,0.391229111356537,"RNPEPL1",FALSE,0.392011635144037
0.266087468061135,2.31136444563799,1.33742742498908,0.268128834293775,0.391482335878301,"MIR503HG",FALSE,0.392263554785717
0.088241943869878,4.62676764068142,1.33477085169704,0.268163848733472,0.391482335878301,"AGGF1",FALSE,0.392263554785717
0.256444863024452,4.67624012407119,1.39101415728177,0.268181201583634,0.391482335878301,"AC108134.2",FALSE,0.392263554785717
-0.228307767073105,3.05324397494358,1.33998097898097,0.268392583816887,0.391718778442614,"CCDC26",FALSE,0.392499865474185
0.0763170783449851,4.69408972661065,1.32972007192247,0.269029783247748,0.392576499464043,"B3GNT2",FALSE,0.393358691986964
0.141074469630338,3.20617820670276,1.32815618385589,0.269298672615672,0.392896554379287,"RAB28",FALSE,0.39367877952612
0.156640980529298,3.30295854499223,1.32759556918593,0.269395151336975,0.392926912944112,"EXT2",FALSE,0.393706780300113
0.0654107873627654,5.12665925510345,1.32745910110561,0.269418643832951,0.392926912944112,"PIH1D1",FALSE,0.393706780300113
-0.0667620852279902,5.18101769388901,1.32699529715867,0.26949850678252,0.392926912944112,"PRPF38A",FALSE,0.393706780300113
0.0574051399188202,5.44442530629555,1.32688369410028,0.269517728631443,0.392926912944112,"SPG7",FALSE,0.393706780300113
-0.0943315024116873,4.1329060335738,1.48064107153644,0.269611391637829,0.392991195606676,"XRCC4",FALSE,0.393770586452136
-0.0607485049347943,5.4961931365273,1.32120243974524,0.270498693518676,0.394212066583836,"NUP58",FALSE,0.394993272945344
0.152950527958871,7.59574390929387,1.37086478003571,0.270605920429493,0.394295853182324,"AC245014.3",FALSE,0.395076619930235
0.200180457631056,6.75867683455904,1.37925119823577,0.271745874337857,0.395884103592527,"BAG3",FALSE,0.396667407454815
0.17506654862431,2.00495377492939,1.59921652577215,0.272389327185091,0.396748591938894,"CCDC30",FALSE,0.397532997325703
-0.0839088089108211,4.20129588800404,1.39681572092846,0.27247044969406,0.396775492175236,"ZNF124",FALSE,0.397558733402853
-0.0735509860049296,4.97382006121245,1.30965292910205,0.272507890375147,0.396775492175236,"OSBP",FALSE,0.397558733402853
0.097157257068418,4.66728115635285,1.30680358395439,0.273006686900585,0.397413929683983,"KIF1BP",FALSE,0.398197212798391
0.252307396889276,1.32574292064525,1.30657572273515,0.273046629034896,0.397413929683983,"LINC02018",FALSE,0.398197212798391
0.188570961405951,2.65301340822273,1.30516327223753,0.273294396823401,0.397701537814964,"AL157392.3",FALSE,0.398484778488757
0.0921381111615946,4.83648690119596,1.49583769658205,0.274618327310451,0.399554798846992,"POLG2",FALSE,0.400341077452208
0.0583612390608354,5.63722898076132,1.29701811886847,0.274729174188534,0.399633238337756,"RAD50",FALSE,0.400418447912619
-0.0732192681318986,5.87576613088324,1.29676992040089,0.274773055269817,0.399633238337756,"TANC2",FALSE,0.400418447912619
-0.0995707607016188,4.62569539942372,1.29635992338074,0.27484556295754,0.399665374748234,"PRR14L",FALSE,0.400450036060569
0.147170201748105,3.49587092993925,1.29582358533392,0.274940453274498,0.399730040997656,"TEX2",FALSE,0.400514217991216
-0.0935278412231533,3.83382880776313,1.29110339405003,0.275777487807598,0.400873473292746,"DNAJC9",FALSE,0.401659280633806
-0.0581721767148839,7.61170138836155,1.29000071558527,0.275973526234082,0.401084897522236,"RBPJ",FALSE,0.40187050640889
-0.067601215494245,7.23114039940595,1.28939575605374,0.276081158893648,0.401167783670976,"RNH1",FALSE,0.401952942111285
0.0938825612706342,4.99837705924092,1.28840690483355,0.276257215597026,0.401350046775375,"ADCY7",FALSE,0.402134949089684
0.101014932621845,4.05240493134458,1.4562040595269,0.277034164203432,0.402405066655333,"PIP5K1C",FALSE,0.403191417992728
0.213740417006169,2.80761765945942,1.28160213369772,0.277472906558501,0.402925583579043,"ABCB4",FALSE,0.403711722701892
0.256263064186236,2.29615004608634,1.28287732171136,0.277494158216647,0.402925583579043,"SASH1",FALSE,0.403711722701892
0.198739524553718,2.61537981132191,1.2781626995333,0.278090146612507,0.403717026614897,"AC018362.1",FALSE,0.404504094352535
0.0611700241440847,5.2571266423188,1.27766381438202,0.278179831911111,0.40377328952605,"TTC14",FALSE,0.404559851540655
0.0648015182349805,5.00633085404656,1.27708426530678,0.278284067834262,0.403850647957172,"PUM3",FALSE,0.404636745366984
0.102489947057779,4.09511809119885,1.27673080252404,0.27847087184831,0.404047780383126,"ALDH3A2",FALSE,0.404833646137846
0.174866649512666,1.93580121937424,1.27339618178156,0.278948645710182,0.404631594008074,"F8",FALSE,0.405417363424892
0.0565435839057852,5.87714974759719,1.27324843368207,0.27897531443594,0.404631594008074,"NAA50",FALSE,0.405417363424892
-0.281716767477311,0.547758389226763,1.3289153891652,0.279138065446536,0.404779547085096,"MUSTN1",FALSE,0.405564372431084
0.348067796079931,0.24205426265087,1.27211821637813,0.279179435350821,0.404779547085096,"KDELR3",FALSE,0.405564372431084
0.0729510970526323,5.29407318755842,1.2715338902816,0.279285046515707,0.404858630238897,"AKR7A2",FALSE,0.405642993445933
0.0798042738185651,5.30232294198774,1.27043641462839,0.279483551904327,0.405072321663164,"RRP15",FALSE,0.405856483299961
0.135046748881588,3.05382182661297,1.26999816184102,0.279562874508309,0.405113227764919,"CC2D1A",FALSE,0.405896853184013
-0.0655001823248943,6.22382277066809,1.26947390800112,0.279657803476977,0.405176729891351,"PSMD12",FALSE,0.405959862869288
0.101381615090164,3.63019251142229,1.26774684443793,0.279970842195241,0.40555615511125,"HDAC7",FALSE,0.406339405824265
-0.0475489038070108,8.45799616601725,1.26525825270708,0.280422754224901,0.406136572067047,"SERBP1",FALSE,0.406920327460632
-0.271958795166816,1.79120562480721,1.26415440134867,0.280623525651923,0.40635311623168,"PDZD2",FALSE,0.407136673128149
0.0679959363420351,6.28436968185735,1.26331653190341,0.280776050790514,0.40649973167772,"TBL1XR1",FALSE,0.40728295491211
0.20681999549627,1.08876256839985,1.26213607155063,0.28099113333629,0.406736845917493,"TBC1D19",FALSE,0.407519909503552
0.217368999044505,2.00131776182519,1.26139112411905,0.281126980412417,0.40685920056766,"TEX14",FALSE,0.407641883248486
0.0713326350671213,5.29067844374464,1.25867554397758,0.281622949309492,0.407502599402383,"GIT2",FALSE,0.408285902587446
-0.0557127032205137,9.07417722774647,1.25594164807226,0.282123473519677,0.408152353661314,"COX7C",FALSE,0.408936287835882
0.167769285028697,3.2481743371408,1.25461525288019,0.282366749911519,0.408429774365722,"BIN3",FALSE,0.409213623216142
-0.0594570758888205,5.71687104185296,1.25379069250508,0.282518128713139,0.408574192710282,"ZNF326",FALSE,0.409357700570555
0.201155859533252,1.60518540325661,1.25213605728901,0.282822234122802,0.408939389408276,"LINC01006",FALSE,0.409722979113541
0.118679016116417,3.90284834688623,1.25171363742386,0.282899942501191,0.408944960910075,"GDF11",FALSE,0.409727324997633
0.18574052704129,1.9922072653472,1.25155435284489,0.282929252092806,0.408944960910075,"MTERF1",FALSE,0.409727324997633
0.471984273394738,0.0293879280223157,1.25118086031822,0.28299799391286,0.408969758611221,"CENPA",FALSE,0.409751552296547
-0.539464420584619,-0.626218899305698,1.25936176915423,0.283054620940663,0.408977042977506,"ABCA9",FALSE,0.409758232960409
0.55785985080584,-0.991774420089917,1.26846852993619,0.283231131618199,0.409157509378477,"AIF1L",FALSE,0.409938426398709
0.0620623139850406,7.12916669162356,1.24917687247343,0.283367221685818,0.409279528789426,"TMEM219",FALSE,0.410060061065553
-0.0623675306320638,8.38887639008866,1.24880179256913,0.283436402171255,0.409304880949674,"CTSH",FALSE,0.410084844133177
-0.334686462655502,0.909449366538149,1.24778458481821,0.28362413453555,0.409475888821189,"RIPOR3",FALSE,0.410254326136226
-0.0515718065020925,5.75268055289995,1.24758826957082,0.283660385419321,0.409475888821189,"HNRNPL",FALSE,0.410254326136226
0.0843946830004705,4.91053669158642,1.24732088412219,0.283709770092683,0.409475888821189,"PON2",FALSE,0.410254326136226
-0.0697985573906883,4.32382618468602,1.24601253877325,0.283951584531472,0.409732906019821,"AC118549.1",FALSE,0.41051059780605
0.0751338836830287,4.65655402564302,1.2457982855757,0.283991210718834,0.409732906019821,"GARS-DT",FALSE,0.41051059780605
-0.126725742905687,4.02088197163301,1.24471126983995,0.284192371434196,0.409948529972764,"SLC25A29",FALSE,0.410726013971491
-0.0847951682456274,5.19846615161929,1.23963650247306,0.285134087039293,0.411232134263691,"VBP1",FALSE,0.412011433913343
-0.348155043991019,0.45353894054723,1.23868702474134,0.285310755245623,0.411412089412022,"RAPGEF5",FALSE,0.412191111282783
0.213783811530227,4.83531632425274,1.28224452302744,0.285440922061343,0.411524937279928,"C12orf75",FALSE,0.412303554088606
0.165230335763077,3.0759464866443,1.23769134361956,0.285496181888893,0.411529769093663,"GLCE",FALSE,0.412307776520752
-0.162205289070416,2.24716256918353,1.23661099597393,0.28569756324165,0.411745188398437,"MCM6",FALSE,0.412522984460725
0.129019197150682,4.03679230441638,1.23491828687798,0.286013483737824,0.412116272400163,"LINC00662",FALSE,0.412893531773331
-0.586568555778571,-0.580538280381615,1.24299438580572,0.286059011985128,0.412116272400163,"FGFBP2",FALSE,0.412893531773331
-0.0921755094247487,5.37786846824984,1.23237041615523,0.286592499056327,0.412809835123285,"A1BG",FALSE,0.413587783030911
-0.0886881976908013,5.32473257288926,1.23130815806688,0.286688868580312,0.412873633079876,"KLF9",FALSE,0.413651081808736
-0.0617939636510264,5.80838729242284,1.23065076078748,0.286812090595796,0.412976072329,"DNAJB11",FALSE,0.413753094618876
-0.0721496063655014,4.82339623960216,1.2303028913674,0.286877324407921,0.412994993264208,"MARF1",FALSE,0.413771432018601
0.41454629229605,0.267341747989961,1.22917616340908,0.287088752813939,0.413224334115634,"CDRT4",FALSE,0.41400058478276
0.244698815744757,2.04781056737134,1.22886181880745,0.287147777206023,0.413234267142739,"FBXO32",FALSE,0.414009917428449
-0.0604495368830442,8.44565097822513,1.22379324359371,0.288101810107714,0.414531969243912,"PPP1R10",FALSE,0.415309434588942
0.0982150170314085,4.27157491169189,1.22143234969589,0.288547678330986,0.4150981661782,"TNFRSF21",FALSE,0.415876072062113
-0.0945418459589499,5.64990655832641,1.2243573628158,0.28888691392798,0.415510786215716,"PRKAG2-AS1",FALSE,0.416288843593311
-0.281132435277122,0.373147542667642,1.21498827726311,0.289769523375695,0.41670465832079,"FBN1",FALSE,0.417484327935941
0.0644357868918645,5.78890814790548,1.21469042325311,0.289826170925915,0.416710533750572,"ERO1B",FALSE,0.417489591251483
-0.0553080606519606,5.99943299771521,1.21417383975554,0.289924453866363,0.416776259338627,"POLE3",FALSE,0.41755481673843
0.051520934137525,7.13178260829208,1.2083203554844,0.291041328923426,0.418305956436716,"PRR13",FALSE,0.419086746345961
0.227542085793158,1.27376377843072,1.20774619503281,0.291151201030494,0.418388022796766,"LSR",FALSE,0.419168340957279
0.0573016073796112,6.48565063350565,1.20677323081502,0.291337519428761,0.41857989380776,"C1orf43",FALSE,0.419359944830949
-0.28367365655506,0.34033327058003,1.203418655187,0.291981168941892,0.419428647829556,"KNL1",FALSE,0.420209654534933
-0.337398394910891,0.219635785130698,1.20276873250201,0.29210609789659,0.419532091326842,"ASPA",FALSE,0.420312664699422
-0.171817959175525,2.40572952429289,1.20234652022091,0.292187295615861,0.419572700532974,"AVEN",FALSE,0.420352723678187
0.0833916766725824,4.03745387543647,1.20198951902317,0.292255976587847,0.419580518153556,"ITGB3BP",FALSE,0.420358054933401
-0.135793986709442,2.54477326892702,1.20161640958342,0.292327780336799,0.419580518153556,"LIG1",FALSE,0.420358054933401
-0.0549940240486335,6.5217324751927,1.20147195280485,0.292355587135079,0.419580518153556,"FNIP1",FALSE,0.420358054933401
-0.0472680716482123,6.34750089005673,1.20121823188198,0.292404435267205,0.419580518153556,"MIER1",FALSE,0.420358054933401
0.0572421680410682,5.72555117518325,1.19971496155858,0.292694086776651,0.419920144763895,"CNOT4",FALSE,0.420697685755602
-0.0489125086416852,5.76697985087345,1.21184492926506,0.292844482768775,0.420059898568997,"SRP54",FALSE,0.420837073194529
0.05978237765318,7.08590157448085,1.19849167581058,0.292930083148607,0.420106674964211,"ZNF106",FALSE,0.420883311151692
-0.0597521859688592,7.2720580751588,1.19384219774212,0.293829463609335,0.42132030882525,"TMEM258",FALSE,0.422098562055861
0.43804536244767,0.0573264025829698,1.19335646347138,0.293923642643375,0.421379139037374,"IGF2BP3",FALSE,0.422156874520421
-0.10040084586646,5.55074261761165,1.20028916948535,0.294049243436964,0.421442262475749,"MRPL55",FALSE,0.422218862127767
-0.0546825859196288,5.42242471208697,1.19258148126921,0.294073990415722,0.421442262475749,"STXBP3",FALSE,0.422218862127767
-0.0915197169790656,5.16770446929945,1.19128747412943,0.294325267000385,0.421726137137005,"QSOX1",FALSE,0.422502633642316
0.0661644811025347,5.2634988064634,1.19031145313892,0.294514992015287,0.421921730519913,"KXD1",FALSE,0.422697960848321
0.11883922926587,3.69208357379542,1.18783006359144,0.294998102496214,0.4225374808654,"ANO10",FALSE,0.423314217024622
-0.0790369110123251,5.03160215723048,1.18551931204617,0.295448977696949,0.423106845227856,"IFNAR2",FALSE,0.423884000418241
-0.190258592553802,2.16977077189812,1.18121045237198,0.296292277177215,0.424237885761416,"CRIP2",FALSE,0.425016489366733
-0.0628159648715876,5.77946040840301,1.18048823981704,0.296433949697447,0.424364094113644,"PRPF6",FALSE,0.425142300330692
0.0487937020025585,6.41339973838945,1.18013319658203,0.296503631022714,0.424387215516894,"NKTR",FALSE,0.425164835310691
-0.0779107266210035,4.4392734428055,1.17801626089337,0.296919575643904,0.424905847600156,"LRCH3",FALSE,0.425683788338976
-0.394680328609897,-0.291934504826214,1.17763754453023,0.296994072748509,0.424935753248543,"EFNA1",FALSE,0.425713119562
-0.175867596681356,1.38931361653641,1.17715682048651,0.297088673063697,0.424994406360337,"NR6A1",FALSE,0.425771250936111
0.132747811898261,2.86444375227873,1.1759417803085,0.297327963705931,0.425259984892769,"RIC8B",FALSE,0.426036685717592
-0.303565846393974,-0.0963525337708623,1.29778587676107,0.297571403713667,0.425531401270194,"AC096564.1",FALSE,0.426307968440857
-0.167611168759732,2.67974071599419,1.17134298686243,0.298236077419786,0.426404981385764,"VWA1",FALSE,0.427182512347832
0.0646800202534967,5.74082873555293,1.16915148285096,0.298670183484783,0.426948650318672,"PPP4C",FALSE,0.427726541627544
0.0527801952456842,7.06306257751601,1.16658765762628,0.299179155597278,0.427599124855817,"SWAP70",FALSE,0.428377569573856
0.066645759230612,6.19091035135473,1.16612962127889,0.2992702120679,0.427652170381094,"PMEPA1",FALSE,0.428430080078305
-0.0924639549452229,3.9169877490457,1.16521644526102,0.299451864091958,0.427834633000729,"PCID2",FALSE,0.428612242971738
0.0866762042179995,4.83317776153833,1.28313832223383,0.299615261786902,0.427990954134516,"CSKMT",FALSE,0.428768216595316
-0.0462360852076182,7.20311731663716,1.16338557715855,0.299816528309082,0.428182705340899,"DDX46",FALSE,0.428957542006815
-0.163913131227989,1.92726928698374,1.37264894184632,0.29985751514287,0.428182705340899,"LINC01138",FALSE,0.428957542006815
0.118634072373293,3.48860154694831,1.16262393692493,0.299968410240092,0.428183086753354,"C2CD5",FALSE,0.428957542006815
-0.454732627295834,-0.068604522903186,1.16256374101877,0.299980418722998,0.428183086753354,"LINC01197",FALSE,0.428957542006815
-0.050971321189192,7.18399411121935,1.16236630892852,0.300019809146681,0.428183086753354,"CCT6A",FALSE,0.428957542006815
-0.390852002401769,-0.234349158587346,1.15726626125212,0.301039836645392,0.429561523564554,"AL133415.1",FALSE,0.43033783942885
0.123627762883243,3.16299633287969,1.15502753628615,0.301489113599312,0.430125192120811,"EPM2A",FALSE,0.430901893493357
0.140364445276479,3.83029409742998,1.1542809847791,0.301639142269635,0.430261806389648,"SNX7",FALSE,0.431038121313293
0.0599903853527317,5.47903442634863,1.15383030748743,0.301729761707773,0.430313644687754,"UBE2H",FALSE,0.431089420154849
-0.065395929652647,6.22626290370999,1.15220783489807,0.302056312661092,0.430701878916751,"TXNL4A",FALSE,0.431477720969009
-0.0948978569602673,4.04626163873731,1.43658044939494,0.302223060015514,0.430862150656896,"SMG6",FALSE,0.431637648078721
-0.0580821770006318,8.66586287414167,1.14923685115838,0.302655552248771,0.431401153942513,"ARHGDIB",FALSE,0.432176987604825
-0.0898502581491498,4.58846101647946,1.14865582602956,0.302772937091068,0.431490894348011,"PBX3",FALSE,0.432266255600477
0.05550331090832,5.76896449510298,1.14318959158704,0.303880397392673,0.432991335465333,"TRAPPC3",FALSE,0.433768757140692
0.517864688484499,0.0816628167782785,1.14263225707866,0.303993630684509,0.433074843498075,"EGFR",FALSE,0.433851779444305
0.215174620851311,1.68429446295007,1.14202686760807,0.304116693982394,0.433172323013371,"FAM229B",FALSE,0.433948798259972
-0.0646372842533225,4.95439016833106,1.14174406922279,0.304174204930907,0.433176413991779,"MSL1",FALSE,0.43395226121798
-0.0660921850608059,9.17608865060295,1.14098074794502,0.304329512617205,0.433319751442027,"SH3BGRL3",FALSE,0.434095220061261
0.0594677427095249,6.06378817701031,1.13970454746101,0.304589419572035,0.433611944400627,"STUB1",FALSE,0.434387300396179
-0.0663113790546816,4.57693134490479,1.13855057441833,0.304824700904411,0.43383588455272,"ATF2",FALSE,0.434610369953239
0.070155038399329,5.36879743190185,1.13839632554517,0.30485616963209,0.43383588455272,"MPLKIP",FALSE,0.434610369953239
-0.0459608952457454,7.69916089422618,1.13407178120649,0.3057402814778,0.435015964026561,"ATP5F1B",FALSE,0.435791919211527
0.126671618621151,3.49794339357635,1.13361888705638,0.305833078492423,0.435069916793096,"ARSB",FALSE,0.435845331469484
-0.343546637191949,0.608429573730514,1.13220135432452,0.306123782370846,0.435405336676725,"AL450384.2",FALSE,0.436180712157266
-0.265719572520456,0.534070235946861,1.13059068095599,0.306454564027523,0.435783589623736,"RHOJ",FALSE,0.43655836427356
-0.0537905827669625,5.55566807298936,1.13037128901748,0.306499658897824,0.435783589623736,"TCIRG1",FALSE,0.43655836427356
-0.127465227185194,2.85163122611517,1.12966423287756,0.306645053762221,0.43583497884487,"ANKRD50",FALSE,0.436608571201675
-0.159728035229941,2.26442630371001,1.12966084451969,0.306645750756393,0.43583497884487,"EPHA1-AS1",FALSE,0.436608571201675
0.0805656443595454,11.2254514813077,1.13620911059083,0.306809850006642,0.43599005034104,"HSP90AB1",FALSE,0.43676328123461
0.376660838918735,0.0998825459058584,1.1280076747626,0.306986076592403,0.436162296635228,"ACE",FALSE,0.436935196277318
-0.0948188632032793,7.97327767559634,1.14331776556363,0.307102975923383,0.436187051081759,"KCNQ1OT1",FALSE,0.436958721745031
0.0833722231264348,3.82957112234886,1.12738918305721,0.307113536722803,0.436187051081759,"STRADA",FALSE,0.436958721745031
0.338878408100562,0.113309255268823,1.12302209053885,0.308015627910251,0.43738991547062,"ZNF608",FALSE,0.438163076323033
0.112805526613776,3.20230036844111,1.12209139035903,0.308208357990126,0.437584814767021,"TRAF3IP2-AS1",FALSE,0.438357044596146
-0.175239508399316,2.64518364050721,1.12182637612942,0.308263268223236,0.437584814767021,"ARHGEF10",FALSE,0.438357044596146
0.0714218939757959,4.92431108137882,1.12123136772132,0.308386602285855,0.437681522184436,"NSMCE2",FALSE,0.438453285112428
0.076255223544821,4.70352607961024,1.12067805224723,0.308501356219383,0.437766019707763,"DCAF5",FALSE,0.438537294171112
-0.0841470716138044,4.97481510026815,1.11992076579059,0.30865850935648,0.437910641048349,"KPNA1",FALSE,0.438681532872154
-0.0551654196632234,5.42005919164073,1.11743977057052,0.30917415539599,0.438503386914185,"TRAPPC10",FALSE,0.439273408673844
-0.0823617868657218,4.20634435072138,1.47052456494881,0.309201901144399,0.438503386914185,"TMEM43",FALSE,0.439273408673844
0.0957028719849215,3.99546985193948,1.11711264537296,0.309242234641424,0.438503386914185,"GTDC1",FALSE,0.439273408673844
-0.250507222730274,0.892073085057933,1.15526895709955,0.309572943405955,0.438827512570608,"TMEM241",FALSE,0.439596828025926
-0.349437125988106,-0.0349357496948549,1.11548386899713,0.309581518391449,0.438827512570608,"SYTL2",FALSE,0.439596828025926
0.0880091519732341,4.7785737751283,1.11148861918133,0.31041596650519,0.43993167365984,"CLSTN1",FALSE,0.440702285840311
0.318504166712762,0.183800138494131,1.11107631987654,0.310502258925481,0.439975318813443,"IKZF3",FALSE,0.440745368615305
-0.0514772415037176,7.28782792204613,1.10985451494252,0.310758175097242,0.440259258786801,"RAP1A",FALSE,0.441029166531449
0.129308519598644,3.02720426263171,1.10679109172686,0.311401135434016,0.441091334951024,"CEP89",FALSE,0.441862057807849
-0.0567814926189374,8.09211402216878,1.1041358643283,0.311959935049497,0.441737101866869,"ZEB2",FALSE,0.442507671917981
-0.077362472476558,4.82934943068011,1.10409535903346,0.311968470402699,0.441737101866869,"ZBTB4",FALSE,0.442507671917981
-0.263627117754342,0.622672506509466,1.10233235910022,0.312340291393941,0.442184612530565,"AC006059.1",FALSE,0.442955322340498
-0.285903927551289,1.09611408982453,1.10169484644296,0.31247489773456,0.44224445816054,"COL28A1",FALSE,0.443013991032204
0.358574816036118,0.578095184631443,1.1016037963168,0.312494128987809,0.44224445816054,"MCOLN3",FALSE,0.443013991032204
-0.0675615456729089,6.47772709127589,1.1011752629648,0.312584664486667,0.442293631991843,"THEMIS2",FALSE,0.443062610080238
0.102294128840808,7.94600724037738,1.120035962493,0.312982264061259,0.442777192983166,"LMNA",FALSE,0.44354637097942
0.169383689386288,2.00630658298534,1.0975532078309,0.313351365529482,0.443169410545622,"CCNB1",FALSE,0.443937987809562
-0.238194763845648,1.34970071176039,1.09745917035907,0.313371306195605,0.443169410545622,"LEPR",FALSE,0.443937987809562
-0.326669892046922,0.224583509787935,1.09685390800497,0.313499694952825,0.44327190682825,"PPP2R2B",FALSE,0.444040021006537
0.0794006785230947,5.46310992376231,1.09614411166571,0.313650351875775,0.443405846945638,"LSM10",FALSE,0.444173552413689
0.0753897014009039,5.46442965535427,1.0958604866539,0.313710580838859,0.443411924565961,"POLR2I",FALSE,0.444178999972777
-0.178538393558356,2.36965407268554,1.09533260677126,0.313822721705008,0.443416809733969,"CADM4",FALSE,0.444182613100402
0.0658514571981825,5.56713718522338,1.09531765884465,0.313825898009246,0.443416809733969,"CIAO1",FALSE,0.444182613100402
-0.0637295107098791,5.11748656252597,1.09389940349492,0.314127470912333,0.443763825622412,"NF1",FALSE,0.444529587901448
0.262828142779749,1.62361409547272,1.09162698067798,0.314611522455005,0.444208598573369,"KCNB1",FALSE,0.444972566484072
0.0582635246298136,7.51858677295788,1.09144667886318,0.314649973741696,0.444208598573369,"TNFAIP2",FALSE,0.444972566484072
-0.0478498656440277,6.74710826202019,1.09137196147188,0.314665909963294,0.444208598573369,"PAIP2",FALSE,0.444972566484072
0.0510344634188281,5.44505239846293,1.09136950410823,0.314666434105454,0.444208598573369,"XIAP",FALSE,0.444972566484072
-0.0450125204896837,7.93615817703177,1.09027006802167,0.314901061227076,0.444444947863121,"EDF1",FALSE,0.445208042019177
-0.175585046652494,3.28361754441623,1.09005972267617,0.314945978442863,0.444444947863121,"EGFL8",FALSE,0.445208042019177
0.0658864168259622,5.91635495777447,1.08959097156402,0.315046108198304,0.444507126854627,"DNAJC2",FALSE,0.445269687905676
-0.0582197809127702,6.18069966591186,1.08889199172469,0.315195500379187,0.444638777047365,"MAF1",FALSE,0.445400924123271
-0.329378829538096,0.474586977308165,1.08698193347338,0.315604244639745,0.445136177104412,"CD79A",FALSE,0.44589853645479
0.120640736095015,4.41800105172356,1.08773615569521,0.316033183148028,0.445661877623189,"NPHP3",FALSE,0.446424496474837
-0.304769686248561,1.90935902989693,1.08854974480401,0.316466366832982,0.446193376534214,"ADIRF",FALSE,0.446956263519225
-0.0668285771000287,4.95957022704322,1.08243611972703,0.316580040818315,0.446274282291537,"ISCA1",FALSE,0.447036666350007
-0.354094088299002,-0.147506431415133,1.08201598932653,0.316670440055931,0.44632235533572,"AC073225.1",FALSE,0.447084180423051
0.148117903024763,9.7527826663394,1.12096110769553,0.317393916469099,0.447262525731784,"PLEK",FALSE,0.448025313374586
0.0616983175449014,5.6086175870665,1.07753594049911,0.317636680300014,0.447525075780791,"ATP2C1",FALSE,0.448287668829006
-0.0943548032413591,4.24665906444375,1.07563205348308,0.318048564738181,0.448025767811709,"UBN2",FALSE,0.448788571199604
-0.0657241411328406,5.67446853516863,1.07502140734901,0.318180830993797,0.448132461914873,"ARHGAP15",FALSE,0.448894804185016
0.116824727405108,5.31262466022458,1.08776370117456,0.318612050735413,0.448660095600419,"ING1",FALSE,0.449422692156417
-0.300279996453537,0.655798695423516,1.0706398974861,0.319132153104242,0.449312681550422,"DIXDC1",FALSE,0.450075743314575
-0.0978918485108659,4.09928182922134,1.06983853123181,0.319306582418908,0.44947844201298,"FOXO1",FALSE,0.450241141273699
-0.393745768236645,0.370201838126479,1.06945390293994,0.319390350416234,0.449516545020399,"GZMM",FALSE,0.450278665100053
-0.359414918183605,0.164721594011683,1.06833581795976,0.319634034243206,0.449779663379507,"DHCR24",FALSE,0.450541585573086
0.318267095315435,0.611993528347817,1.06632849107516,0.320072186952268,0.450316290711194,"SOBP",FALSE,0.451078477425754
0.0446229206569685,6.25830856800222,1.06488659485064,0.32038744434615,0.450679854289616,"UQCRC2",FALSE,0.451442011546945
0.0539040050295342,7.25119927922079,1.06320797735332,0.320755013032004,0.451116860620494,"ATP5PD",FALSE,0.451879111707104
-0.0832327785554966,4.45578061035607,1.06261855417614,0.320884221394916,0.451218536221868,"SCRN1",FALSE,0.45198031399055
0.282012827273082,0.575164418480266,1.06091843966758,0.321257319600608,0.451663066109881,"DOCK6",FALSE,0.45242494884047
-0.0873244566054996,4.7730776078763,1.06019453465901,0.321416370669994,0.451806557920517,"MTR",FALSE,0.452568037200753
-0.35534282355476,-0.141167956333122,1.05934815952486,0.321602471585368,0.451954643212645,"ADAMTS9",FALSE,0.452715081350595
-0.0836970874687015,4.37069031796182,1.0591969585635,0.321635733729282,0.451954643212645,"DTD1",FALSE,0.452715081350595
-0.402586125282063,-0.298821637555309,1.05827003542038,0.32183975081738,0.452161181017223,"ARHGAP39",FALSE,0.452921321353933
-0.171502553375813,2.81755289351682,1.05333273828405,0.322929556527922,0.453535091074738,"ATAD5",FALSE,0.454295600696178
0.0592699654290785,6.39566359583751,1.05322530107412,0.322953329252597,0.453535091074738,"EIF2AK2",FALSE,0.454295600696178
-0.346153372226764,1.38204280351479,1.06368656468516,0.322989294173558,0.453535091074738,"SLPI",FALSE,0.454295600696178
-0.0977024909490178,5.50172523613131,1.05845410603141,0.323468324213471,0.454127301994758,"IRAK2",FALSE,0.454888157471211
0.0626693477294353,4.68481735468489,1.05063083296792,0.323528164952592,0.454130894430622,"ARL3",FALSE,0.454891108958865
-0.0728706781714731,5.27826338200604,1.04760732537645,0.324199895317774,0.454993232444559,"PDCD2",FALSE,0.455754242561282
-0.0606820068100046,6.33641074708936,1.04625939108856,0.324500003865556,0.455333810733828,"C9orf78",FALSE,0.456094742275263
0.0508878141772125,6.4402802425841,1.04584773088921,0.32459173599379,0.455381929385732,"HEXB",FALSE,0.456142293285601
0.0621181452526668,6.06986203294207,1.04545597909093,0.324679066091283,0.455423856329032,"ZFAND2A",FALSE,0.456183642351904
-0.169516029964781,2.34550021874265,1.04339048763476,0.325140062678333,0.45598981371198,"PPP1R13B",FALSE,0.456749895467173
0.0698740763019094,4.89800179915438,1.04263767711877,0.325308313862579,0.456145085302887,"MBTPS1",FALSE,0.456904777430807
0.392065324383786,-0.646540851972009,1.04140736817075,0.325583551532884,0.456450291167586,"DLL4",FALSE,0.457209842954734
0.0961044566112507,4.16743583521456,1.04083895351078,0.325710825962629,0.456547989432766,"RHBDD2",FALSE,0.457307055236784
0.0906052794165905,4.21367668015962,1.27532503971998,0.325769789118783,0.456549918354908,"GFPT1",FALSE,0.45730833903738
-0.335955702537395,-0.162563595434551,1.03977479479871,0.325949293567528,0.456720749275957,"NKAIN3",FALSE,0.457478805402634
-0.0666296619742218,6.46933915299259,1.03630650487768,0.326728231741936,0.457650849093928,"LDLRAD4",FALSE,0.458408501388877
0.0768508660600649,4.7123879525934,1.03624580129608,0.326741888675274,0.457650849093928,"MFSD14B",FALSE,0.458408501388877
0.0594352215359009,5.80127359370319,1.03604860758433,0.326786258415833,0.457650849093928,"ADPGK",FALSE,0.458408501388877
0.185414912871389,2.30731766430728,1.03316436626778,0.327436212256157,0.458449060229003,"EFCAB11",FALSE,0.459206734479787
0.0769008730051911,5.93671142703413,1.03342590890758,0.327471875388099,0.458449060229003,"FMN1",FALSE,0.459206734479787
0.0552985992129079,6.903873052891,1.03244830068998,0.327597860744402,0.45854446327359,"ANP32A",FALSE,0.459301645656593
0.234026589489932,1.33221045962895,1.03846260219234,0.327671001620387,0.458565878348884,"AL359636.2",FALSE,0.459322446755411
-0.0620688978925333,6.07883378961647,1.03159992966194,0.327789523921471,0.458650784618676,"STX6",FALSE,0.459406843880688
0.0802501735457518,4.6971041767306,1.03006464111438,0.328136781764342,0.459055656578032,"SNRPA1",FALSE,0.459811733678315
0.16952219846128,9.0327926662288,1.07429823336321,0.328261227335226,0.459148731530288,"PDGFB",FALSE,0.459904312457213
0.0901137965983242,5.00492745929535,1.02866729193509,0.328453296425815,0.459336343987276,"LINC00623",FALSE,0.460091584146973
-0.0854827409275049,4.77321254283708,1.02750747809278,0.328716337842025,0.459623126351248,"ELK4",FALSE,0.460378188359018
0.125967076906112,3.78987365400181,1.02720317601221,0.328785402214445,0.459630779198183,"GCLM",FALSE,0.460384555090898
0.061943610814619,4.95900298008904,1.02697253486471,0.328837762312323,0.459630779198183,"PAIP1",FALSE,0.460384555090898
0.071399094892106,4.85354411593111,1.02643021303364,0.328960927010096,0.459721880722024,"TIAM1",FALSE,0.460475156891532
0.0730336845175031,4.51037230469766,1.02408871132568,0.329493453845436,0.460384931633172,"NAA60",FALSE,0.461138644411858
-0.229625678320595,1.39716438093301,1.02185309446997,0.330003049548092,0.461015713976612,"DERL3",FALSE,0.461769808941362
0.0545248046495493,6.26933397955079,1.02093160813562,0.330213424853363,0.461228335489335,"PFDN1",FALSE,0.4619821276851
0.116168569918218,3.43279457135365,1.01950272241667,0.330540018848606,0.461603182919104,"WWOX",FALSE,0.462356936876655
0.143720127575964,3.44816393131682,1.01894452208507,0.33066772968992,0.46170020447018,"PGM2L1",FALSE,0.462453466092169
-0.218362543541293,1.4101777573025,1.01652757468289,0.331221519288933,0.462392006501613,"KIF9-AS1",FALSE,0.463145745288998
-0.166949650920135,2.97237303885839,1.01625041003087,0.331285110199899,0.462399358039577,"CENPE",FALSE,0.463152457525253
0.0551292961897502,5.52867666351916,1.01436366453867,0.331718457987374,0.462922713417339,"RPN1",FALSE,0.463676013489094
-0.0632958155278136,4.99785956319563,1.01194648813161,0.33227482226573,0.463617527441519,"ASCC3",FALSE,0.46437130562523
0.168492964179948,1.81484218618255,1.01081328584887,0.332536113092435,0.463885348430975,"TSTD3",FALSE,0.464637604699598
-0.313740052976603,-0.0920778084428611,1.01051643187001,0.332604609577346,0.463885348430975,"GRIK3",FALSE,0.464637604699598
-0.0993330051837512,3.47257597790345,1.01035309622545,0.332642306487146,0.463885348430975,"EXOC2",FALSE,0.464637604699598
-0.121171924929772,3.56562381209165,1.42031056726926,0.332838048117098,0.464076687561089,"HIST1H1E",FALSE,0.464828601855434
-0.310814106609302,0.248567065286066,1.0084229019892,0.333088248215366,0.464281625559728,"PDE5A",FALSE,0.465032567504033
-0.0490192796818693,6.88449246020272,1.00836276732789,0.333102155169492,0.464281625559728,"XRN2",FALSE,0.465032567504033
0.0567875584661349,7.38790344405603,1.0074846533582,0.333305325794309,0.4644831469322,"CEP170",FALSE,0.465233762687379
0.068428131775945,5.00260939577901,1.00710441451101,0.3333933574036,0.46452417179187,"TRIM56",FALSE,0.465274201882296
0.0798043992857053,4.24056025508664,1.00600928584391,0.333647084311215,0.464746336596411,"CDK19",FALSE,0.465494118613123
-0.126665315191651,7.63043530725859,1.03331606272301,0.333759361135385,0.464746336596411,"ZBTB16",FALSE,0.465494118613123
0.0641926411554376,5.63655927564708,1.00545311914707,0.333776046898357,0.464746336596411,"KDSR",FALSE,0.465494118613123
0.0635431701408433,5.50186744284895,1.00540464355933,0.333787290688694,0.464746336596411,"EIF4G3",FALSE,0.465494118613123
-0.0716642482392369,5.55715836861964,1.00488087718406,0.333908811647736,0.464833899691528,"SNHG1",FALSE,0.465581171355905
-0.0384358319665768,7.24672547059976,1.00451264687329,0.333994284125155,0.464871257820264,"VPS13C",FALSE,0.465617938477786
0.0441366723759371,6.80402974057242,1.00408870200101,0.334092727785251,0.464926653656569,"CSNK2B",FALSE,0.46567277238008
-0.0706948960860226,6.91919287735236,1.03608968653355,0.334249758733164,0.465063546373557,"RPS4Y1",FALSE,0.465809233911174
0.0571017845562768,6.38139593639639,1.00257224060775,0.33444520437637,0.465253830548492,"SNHG7",FALSE,0.465999172281047
0.0881464169230997,3.86354396839792,1.00218452500879,0.334535408209646,0.465297669523872,"NFATC3",FALSE,0.46604243074723
0.0941468276591175,4.04884331320299,1.00049006104741,0.334930043411676,0.465764845495136,"CARD11",FALSE,0.466509703323406
-0.0590978072187027,5.08055744038239,1.00019407596313,0.334999045980875,0.46577910146201,"PUM2",FALSE,0.466523331136174
-0.855671873998165,4.63765432685488,1.05826462786335,0.335170482709461,0.465935750818974,"CXCL9",FALSE,0.46667957984891
-0.0518577220473782,5.7038502999789,0.997148460792717,0.33571025381012,0.466604293865117,"SFT2D2",FALSE,0.467348538525557
-0.208676564133084,4.42147080460805,1.02600014145839,0.335976575822242,0.466845851980956,"FXYD1",FALSE,0.467587225474655
-0.0500823011181529,5.46833397311464,0.995848077716136,0.336014578748778,0.466845851980956,"EHBP1L1",FALSE,0.467587225474655
0.110714825851824,5.99222505009037,1.01494140397093,0.336084873681241,0.466845851980956,"ILF3-DT",FALSE,0.467587225474655
-0.111911879597892,3.38517754590556,0.995284713741374,0.336146544379339,0.466845851980956,"LRRC28",FALSE,0.467587225474655
-0.301726736456919,-0.168736058631552,0.995148438747617,0.33617847741666,0.466845851980956,"SLITRK5",FALSE,0.467587225474655
0.142934128740722,2.58601511510384,0.994403715917294,0.336353063877478,0.467006495695385,"SLC10A7",FALSE,0.467747473473393
-0.573254041837402,-0.466844435213479,0.998564290142066,0.336723352922806,0.467438757130451,"NOS1AP",FALSE,0.468179769559807
0.188319491512069,1.33367021768566,0.991892882263303,0.336942644533936,0.4676612895422,"STXBP4",FALSE,0.468402003465388
0.0415720324589054,6.86077375019893,0.991224802276364,0.337099770050563,0.467797475400116,"ARPC4",FALSE,0.468536764952373
0.314159540300922,0.209647571475574,0.990784787083309,0.337203314702485,0.467797787859687,"RASIP1",FALSE,0.468536764952373
0.115906945153977,4.07493549878649,0.990722368619115,0.337218006763132,0.467797787859687,"RDH10",FALSE,0.468536764952373
0.0968428310381522,7.32764318447615,1.0057859487998,0.337627799266545,0.468284323405383,"CHORDC1",FALSE,0.469023417849028
0.501036369181038,-0.00905762742248562,0.995536961833187,0.338167290239388,0.468950546968317,"TFPI2",FALSE,0.469690040991872
-0.0495008411695498,5.1942525256115,0.985700180191425,0.338403157876854,0.469195564121668,"G6PD",FALSE,0.469934792482612
0.0736412542552748,4.36963845112389,0.983849142003556,0.338841485571928,0.469721157127863,"CSNK1G3",FALSE,0.470460561039064
0.127215107643309,3.1210892549556,0.983250541972155,0.338983409847763,0.469768138918909,"SLC38A9",FALSE,0.470506312277919
0.0546516982464894,5.61485398818625,0.983206373486427,0.338993885312194,0.469768138918909,"THUMPD1",FALSE,0.470506312277919
0.0650608120964952,5.21295586467883,0.980518399890345,0.339632273566105,0.470570546108368,"CD40",FALSE,0.471309327312626
0.0975747135291277,4.18392730648434,0.978819091712782,0.340036751262893,0.471048639526859,"UXS1",FALSE,0.471787517867043
0.0871837826623474,5.07033650801387,1.90848773444028,0.34031891919098,0.471323648196535,"TMEM65",FALSE,0.472061650926082
-0.397999102695544,-0.212508792243496,0.977487567814527,0.340354173300348,0.471323648196535,"AQP1",FALSE,0.472061650926082
-0.0459704954440454,6.55849743869815,0.975237022564079,0.340891654721001,0.471985511461421,"SIVA1",FALSE,0.472723896478093
0.044105730798465,6.44596759244938,0.971669067954208,0.341746280687946,0.473086173091328,"MRPL51",FALSE,0.473825624649708
0.136244307005603,2.83064444262152,0.971156007517052,0.341869427882993,0.473174026581069,"CRTC1",FALSE,0.473912960208027
0.0690093793374218,4.80063510414537,0.967904788750413,0.342651295395689,0.474173410699427,"RAB1B",FALSE,0.474913248614925
-0.380420219673722,-0.785223159700454,0.967326818818181,0.342790559061224,0.474283342449806,"PIEZO2",FALSE,0.475022695564525
0.247455854838718,6.27864156587456,1.01702749633463,0.342922648061119,0.474383310736094,"IFIT3",FALSE,0.475122163458582
0.22713637119341,6.96676187460051,1.01578970894976,0.343015306959969,0.474428707881828,"AL355881.1",FALSE,0.475166975247167
-0.0444072904680718,6.51194139028506,0.96450628780899,0.343471352232576,0.474949867600641,"ZFP91",FALSE,0.475687633077117
-0.0670274101541769,5.35648081994323,0.96433845055804,0.343511924927103,0.474949867600641,"UBAP2L",FALSE,0.475687633077117
-0.240751261728963,1.27110876013379,0.963853773386771,0.343629128960722,0.47502907313001,"BGN",FALSE,0.475766305439819
0.092161998902241,3.7648797313708,0.963205966167452,0.343785871408706,0.4751334252596,"KLHL28",FALSE,0.475869507522805
-0.14539237271525,2.65693850009035,0.963046473570257,0.343824477890303,0.4751334252596,"DMD",FALSE,0.475869507522805
0.0485737350991614,6.2610444479244,0.961774716760689,0.344132541937392,0.475476262195826,"PDCD6",FALSE,0.476212219459473
0.189255450830654,1.36941953984691,0.960828126512521,0.344362099100725,0.475710528257632,"ANKRD6",FALSE,0.476446191906483
-0.262481459745238,0.984844789340584,0.96053272086276,0.344433783249634,0.475726660906463,"AL589935.1",FALSE,0.476461693492646
-0.0573983978477438,5.95507612723571,0.959960258349677,0.344572760587886,0.47583571606702,"USP3",FALSE,0.476570261220395
0.0693662586896494,5.33349180711209,0.959703292293726,0.344635170963358,0.475839016962296,"EAF2",FALSE,0.476572911505939
-0.226031571510063,1.01256264151245,0.957271901789459,0.345226505103417,0.476572476486138,"AC008957.1",FALSE,0.477306845771274
0.0781102508345567,4.67656039354698,0.956820545722616,0.345336440628963,0.476641243263652,"PHF6",FALSE,0.477375062164409
-0.04523491096633,6.66018005497456,0.956481035716983,0.345419167617046,0.476672438793375,"GTF2I",FALSE,0.477405649559138
-0.0799353945143539,9.26989182597571,0.963602887836278,0.345557144373391,0.476779853914418,"ZFP36",FALSE,0.477512573824518
-0.0441944814260158,7.2682718356787,0.955394186681862,0.345684189155273,0.476872150969724,"HNRNPF",FALSE,0.477604356745921
0.0859408311132038,4.03662808778972,0.955084150195717,0.345759843795174,0.476889159278928,"POU2F1",FALSE,0.477620079859685
0.0712743492477204,5.11739243403663,0.954850709564967,0.345816823498304,0.476889159278928,"TOR3A",FALSE,0.477620079859685
0.0898832350912045,5.79759004377098,0.961970817723271,0.345891440718491,0.476909102959339,"PLEKHF2",FALSE,0.477639398769548
0.0546666317026334,5.09947619183336,0.953513144215879,0.346143568228384,0.477027854021304,"RARS",FALSE,0.477756366551017
0.134175097668268,3.55296808996942,0.953500079742711,0.346146761870774,0.477027854021304,"AL031595.2",FALSE,0.477756366551017
0.0533646918355753,6.69386603101653,0.95345378848213,0.346158078227114,0.477027854021304,"PSMB8",FALSE,0.477756366551017
0.184400027099821,5.77918420212953,0.992964200481645,0.346235724507681,0.477051933245898,"MIR3945HG",FALSE,0.477779827933353
0.0650866995321183,6.63282685268908,1.34901896967468,0.346301133055844,0.477059145589354,"YPEL3",FALSE,0.477786396885103
-0.0600075709816193,6.28234454191955,0.951465788614744,0.346644572174089,0.477398271789486,"ZNF503",FALSE,0.478124731029725
0.0934784174962513,3.8459864444134,0.951371213090286,0.346667741005559,0.477398271789486,"SEC24B",FALSE,0.478124731029725
0.0577275809025137,4.80389886851017,0.95096228204482,0.346767945633435,0.477453329798867,"TRPM7",FALSE,0.478179218571714
0.108236514415543,2.77705688623053,0.949421173567625,0.347145958106275,0.477890806714108,"MAGED1",FALSE,0.478616705978515
-0.335367276471942,0.200052251810813,0.946515777384625,0.347860243265076,0.478790973716237,"PCGF2",FALSE,0.479517584679312
0.35437738816838,-0.119266457456317,0.945076871359537,0.348214787205482,0.479195770346305,"LINC00504",FALSE,0.479922339678934
0.115401975150627,4.06890343334491,0.94358959463703,0.348581802801323,0.479382156767897,"FBXO30",FALSE,0.480105731130225
0.127494615199241,2.72856419824926,0.94358814012874,0.348582162006324,0.479382156767897,"BCKDHB",FALSE,0.480105731130225
0.369120782597252,-0.258551112812311,0.943525789202663,0.348597560682245,0.479382156767897,"UGT8",FALSE,0.480105731130225
0.135315330198104,3.79417258760081,0.944220022237063,0.348642850397899,0.479382156767897,"SLC9A1",FALSE,0.480105731130225
0.0665152450447996,7.62696707334393,0.943943633366341,0.348652562553442,0.479382156767897,"PNRC2",FALSE,0.480105731130225
0.0487051073053148,6.16079577825483,0.942724424482852,0.348795560260495,0.479495613272967,"SEC31A",FALSE,0.480218703902862
0.0583448866892411,5.64097274270729,0.941839044959325,0.349014508601823,0.479574012742701,"UBAC1",FALSE,0.480293999013642
-0.100570084784412,3.52333181175661,0.941811155729506,0.349021408671834,0.479574012742701,"UBTD2",FALSE,0.480293999013642
0.0530190408619423,6.35163342472871,0.941760009536556,0.349034063260013,0.479574012742701,"USP16",FALSE,0.480293999013642
0.214621214629279,1.68753973983094,0.941296617098992,0.349148746266959,0.479574062097712,"NAV2",FALSE,0.480293999013642
0.0591319890652879,5.36946929948702,0.941271025034105,0.349155081537335,0.479574062097712,"OTULIN",FALSE,0.480293999013642
0.160689805692804,2.77557206321697,0.940200487862766,0.34942024127723,0.479855131274187,"COG6",FALSE,0.480574836030381
0.0682964455765143,4.42562241215847,0.93857323376949,0.349823855972717,0.480326208893609,"PARN",FALSE,0.481045965675172
-0.302359209424687,0.539681304820166,0.937817682805829,0.350011489607428,0.480500621577089,"KANK4",FALSE,0.481219985188013
-0.0465340592655592,7.46730999500573,0.9371442538165,0.350178852813883,0.480647151161438,"RBBP6",FALSE,0.481366079648887
-0.119056380703879,3.48322087979712,0.935783629714446,0.350517356886973,0.481028493231768,"COMTD1",FALSE,0.481747337326514
-0.251146391438464,0.152771396853307,0.935085057491367,0.350691337340814,0.481183960269638,"DANT2",FALSE,0.481902381924111
0.052782059082693,6.14304786987181,0.93402378209991,0.350955890868858,0.481463627411023,"ABI1",FALSE,0.482181811695999
0.0543041685810993,5.76074765564523,1.22589843879785,0.351062037112347,0.481525922184548,"ANAPC5",FALSE,0.482243544615706
0.149408133808674,2.94233927960853,0.932942706202602,0.351225679943585,0.481667045596393,"SLC15A2",FALSE,0.482384223604527
-0.0509972437143074,8.3026001181584,0.932155843397247,0.351422236846568,0.481772555804284,"FAM133B",FALSE,0.482487927629324
-0.333069737733426,0.262078757739929,0.932008297039303,0.351459111547646,0.481772555804284,"SCML4",FALSE,0.482487927629324
0.226555833765347,1.65310921233793,0.931905034814614,0.35148492214581,0.481772555804284,"ROBO1",FALSE,0.482487927629324
-0.259762823172889,1.92452654702066,0.932971959228996,0.351891036500831,0.482223959759002,"GNG11",FALSE,0.482938692921946
0.0565049098666643,6.57690976388878,0.930102554931563,0.351935902013823,0.482223959759002,"JMJD6",FALSE,0.482938692921946
0.0976072782863784,3.26269395405139,0.928428807605036,0.352355430694556,0.482715371444002,"TBCE",FALSE,0.483430178162959
0.126125831297339,3.57162635296195,0.925632853802224,0.353057875967003,0.483594132803455,"FBXW4",FALSE,0.484309585037097
0.105590332975459,3.37136430210791,0.923960876874683,0.353478916738892,0.484087208828111,"PRH1",FALSE,0.484802734343487
0.0803829165069491,4.47377233793294,0.921450249507843,0.354112530186101,0.484871181228914,"SNX8",FALSE,0.485587208495406
0.0759559088096578,4.78506083356737,0.918262604607739,0.354919404361165,0.485892080430896,"LCORL",FALSE,0.486608957110557
-0.08012864921961,4.55964453287054,0.91743774385039,0.355128636539785,0.486094583992993,"TSTA3",FALSE,0.486811101211141
0.277229368415524,1.26186625737033,0.917075521223911,0.355220574208809,0.486136494446304,"CPA6",FALSE,0.48685241538222
0.0712782146824623,4.64590791336654,0.940089704953415,0.355870217899208,0.486802653793466,"ANKRD40",FALSE,0.487517580256876
0.0403050310323741,7.85985328445297,0.914494380072591,0.355876719458038,0.486802653793466,"RSRC2",FALSE,0.487517580256876
-0.264836225695948,0.435128145992639,0.91443613384644,0.355891546592701,0.486802653793466,"AC026202.2",FALSE,0.487517580256876
-0.107333909721979,3.45366522822285,0.913519234638468,0.356125071593816,0.487038048576121,"EMSY",FALSE,0.487752662381099
0.0905577056967218,10.1779464738169,0.92807231931687,0.356240554158841,0.487111954703568,"SOD2",FALSE,0.487826018714297
0.0996473073086905,5.28904090368848,0.918834151514605,0.356664675497533,0.487607785367209,"DAPK1",FALSE,0.488321917547717
-0.0657061641384832,4.204984015653,0.911032246785232,0.356759616216706,0.487653489201042,"PTTG1",FALSE,0.488367029809767
-0.352019198997206,0.0939294662173349,0.909976921621437,0.357029379984206,0.487938101105807,"MAK",FALSE,0.488651399498884
0.0504148911135833,5.17814895269911,0.906866400577648,0.357826242196576,0.488928165509842,"STOML2",FALSE,0.48964159192908
-0.293212219321997,0.0873219050377465,0.906667981266907,0.357877162519376,0.488928165509842,"MAPK8IP1",FALSE,0.48964159192908
-0.154564311815656,2.86379878033014,0.906379026595744,0.357951335982848,0.488945243223987,"MIA",FALSE,0.489658035227102
0.0494841317431614,5.16617272278669,0.905221622465393,0.358248663615268,0.48926708098912,"GON4L",FALSE,0.489979682632132
0.211319209752518,1.58260131188209,0.904228754181428,0.358504012977231,0.489531487234496,"CLIP4",FALSE,0.490243814309082
-0.218890652121501,1.05155212994419,0.902466299649318,0.358957947490347,0.490038198504417,"STXBP1",FALSE,0.490747964588626
0.146351111498713,3.2307059723118,0.902173295838237,0.35903349503041,0.490038198504417,"BEX3",FALSE,0.490747964588626
0.131047357903209,2.89131851290272,0.901960761999511,0.35908830899889,0.490038198504417,"EFCAB13",FALSE,0.490747964588626
-0.0664734298827865,4.80330985290319,0.962633830943917,0.359155200067303,0.490038198504417,"PPP6R3",FALSE,0.490747964588626
0.110396531910437,3.76614348905466,0.90158925128111,0.359184153823054,0.490038198504417,"ARAP2",FALSE,0.490747964588626
0.161143715806269,2.08479437192704,0.898281505335178,0.36003917227345,0.491120192323454,"MEF2C-AS1",FALSE,0.491830865124023
0.26489385703082,0.187853094781193,0.895814826093395,0.360678737806703,0.49190797064021,"ZRANB2-AS2",FALSE,0.492619122129196
0.0634609184710322,5.46772977295557,0.894612605252495,0.360991059560827,0.492249246680124,"PRRG4",FALSE,0.492960230060703
0.113938668260172,3.00573974582916,0.893337542640723,0.361322740956051,0.492616799707579,"PHLDA3",FALSE,0.493327652210013
-0.0949141980728677,3.56858644790063,0.892462018990521,0.361550751032748,0.492811073049516,"SPATS2",FALSE,0.493520882545668
0.0400613642498842,7.08185392442198,0.892313089260993,0.361589557508708,0.492811073049516,"SNRPB2",FALSE,0.493520882545668
0.12892194698596,3.15893534302746,0.891951851088732,0.361683710545637,0.492841778451955,"MYL9",FALSE,0.493548988068029
-0.167586817251342,1.40170321352445,0.891720114057158,0.361744129496537,0.492841778451955,"FANCI",FALSE,0.493548988068029
-0.046686367397378,6.41813205180153,0.891404660798372,0.361826399070312,0.492841778451955,"DYNC1LI1",FALSE,0.493548988068029
-0.0620778140746787,4.57574663728392,0.891272993700715,0.361860745757925,0.492841778451955,"ZMYM5",FALSE,0.493548988068029
0.177176966370705,7.80307286897785,0.928348700970698,0.36207644211419,0.493050847317296,"IL1RN",FALSE,0.493757696204879
0.0437426669057195,9.35139865079466,0.890078451272693,0.362172574339358,0.493097058107922,"ZFP36L2",FALSE,0.493803312676612
0.121827965473246,3.29910543169716,0.888608504925748,0.36255684074111,0.493468233887129,"BPGM",FALSE,0.494173038261907
-0.392007463084381,2.18795994846741,0.90807139472044,0.362608668808008,0.493468233887129,"ADAMTS2",FALSE,0.494173038261907
-0.351912832772828,-0.127730507929286,0.888321537551285,0.36263192868648,0.493468233887129,"COL7A1",FALSE,0.494173038261907
0.0599984827030216,5.44925270026555,1.12468894885921,0.363155543979365,0.494095958927133,"MEAF6",FALSE,0.494800998870535
0.076140344078964,4.8739847524015,0.884077767194886,0.363745044469033,0.494813094123284,"NHLRC3",FALSE,0.495518495647077
0.0503916254604195,5.64446241121869,0.883219916296781,0.363970667800983,0.49503507536905,"ZBTB38",FALSE,0.495740131558808
0.11629277843885,2.97533896741099,0.881378993873934,0.364455548662661,0.49560953512823,"FAM120B",FALSE,0.496314747167579
-0.04704293260526,6.42123879485396,0.880896135429297,0.364582887189788,0.49569767272177,"ABCF1",FALSE,0.496402347957337
0.0635767877163662,5.56494682211983,0.88048732404567,0.364690749691414,0.495759304450194,"ERVK3-1",FALSE,0.496463405230509
-0.49136621030758,-0.649263707632983,0.883900800715136,0.365108949304634,0.496242713884303,"SYDE1",FALSE,0.4969468387391
-0.0519025841794128,5.56049530415807,0.878180932297694,0.365300164534381,0.496417501616142,"RBCK1",FALSE,0.497121211988573
0.0611800512067908,5.51589829501299,0.877511849206024,0.365477237945604,0.49657301498419,"ERBIN",FALSE,0.497276283339459
0.14237578155658,5.17893327871116,0.898114130257262,0.365563274952385,0.496604805315714,"ICAM4",FALSE,0.497307456410791
0.0966742909349478,3.37679181448079,0.875729149998757,0.365949652646636,0.4970445170777,"BCAS3",FALSE,0.497747127684772
0.0709106591113619,3.8299329892068,0.875210122264017,0.366087365078302,0.497146390945662,"HIBCH",FALSE,0.497848483011714
0.0534753768210552,6.14324298411363,0.874317471015396,0.366324390087877,0.497383073234576,"RALBP1",FALSE,0.498084836919623
-0.131199492142677,2.9337998191714,0.873044501799145,0.366662794834662,0.497661398821214,"CCDC126",FALSE,0.498357598437077
0.314785628295491,-0.152575957169996,0.872850470096263,0.366714416767637,0.497661398821214,"C11orf65",FALSE,0.498357598437077
-0.0632884997459948,4.88311525322774,0.872558609023528,0.366792086428845,0.497661398821214,"UBR2",FALSE,0.498357598437077
-0.0418855801287132,9.60013745707444,0.872241027934036,0.366876628418826,0.497661398821214,"NPM1",FALSE,0.498357598437077
0.249023635693163,5.34970214998912,0.911944551970062,0.366971562709654,0.497661398821214,"LINC01852",FALSE,0.498357598437077
0.0754600295160387,4.69954666173389,0.871620844439032,0.367041808438994,0.497661398821214,"GNL1",FALSE,0.498357598437077
0.0680067877782746,6.30376298507882,0.872821646800217,0.367053092076288,0.497661398821214,"H2AFX",FALSE,0.498357598437077
0.237412728090078,1.21057102294035,0.871478684265281,0.367079687020542,0.497661398821214,"AC011346.1",FALSE,0.498357598437077
-0.0683494563336785,4.64051424689104,1.02766845783569,0.367094331522006,0.497661398821214,"MFSD14C",FALSE,0.498357598437077
-0.0523421553930787,5.29565666359673,1.01829213858606,0.367392514942991,0.497980485291167,"HNRNPUL2",FALSE,0.49867647014488
0.202068013777318,0.817972987656155,0.868327787501727,0.367920736743966,0.498611213830113,"DGKG",FALSE,0.499307418444266
-0.061611882627082,4.86993989091201,0.867479346938217,0.368147695302293,0.498786225199808,"BAG5",FALSE,0.499481350889497
0.0682591224591247,6.51660391184366,0.868655832865847,0.368175705079374,0.498786225199808,"NDUFS8",FALSE,0.499481350889497
0.144866348908388,2.34739127363684,0.866560905974836,0.368393613777671,0.498996167782228,"SCFD2",FALSE,0.499690924473226
0.124041254819886,4.43777172687726,0.873120251715428,0.368522124207544,0.49908496766611,"AC087239.1",FALSE,0.499779186522127
0.297716599449221,1.10997692458319,0.865746360303344,0.3686119181268,0.499121312879466,"SSTR2",FALSE,0.499814920998784
0.0712325760746044,5.03966176639952,0.865200477546902,0.368758326531077,0.499234291792755,"ERGIC2",FALSE,0.499927395699849
0.0529968344638034,6.80272573533338,0.864343757827246,0.368988277457844,0.4994603147833,"C4orf3",FALSE,0.500153071199741
0.0754283970566958,5.0429878928184,1.20391200121369,0.36935404194582,0.499870065644667,"MLLT6",FALSE,0.500562728788778
0.103485644845593,4.03020003530754,0.862600256963801,0.369456907753465,0.499923940035752,"SEC24D",FALSE,0.500616016388338
-0.146001391643201,2.89152973426976,0.859782359286397,0.370216198183438,0.500865873583327,"IL32",FALSE,0.501558591451268
-0.0963138261075483,4.41495359199154,0.85841494393478,0.370585490376604,0.501279946716553,"SLC15A4",FALSE,0.501972574481927
-0.0509754765123766,7.61421064493966,0.857753785384944,0.370764243732985,0.501358790041923,"EVI2B",FALSE,0.502050201656617
-0.0451486057380812,6.11274649644352,0.857731557614768,0.370770255551942,0.501358790041923,"WIPI2",FALSE,0.502050201656617
-0.0672121634977154,6.24078997672727,0.858027448696873,0.370896581859822,0.501444082705435,"EIF6",FALSE,0.502134949629091
0.0381978845875459,9.30241360788947,0.853319989727753,0.371966312426301,0.502804590778468,"CALM2",FALSE,0.503496668263642
-0.0530152260074895,5.56705659757343,0.852763789481268,0.372117517247371,0.502923231629247,"TMEM170A",FALSE,0.503614808602438
-0.0525232996980074,6.67742291327036,0.851837263854875,0.37236960013653,0.503096865562444,"ATP5PB",FALSE,0.503787353901381
-0.110885846341532,3.26978301598398,0.851825115574421,0.372372907053534,0.503096865562444,"MAP3K6",FALSE,0.503787353901381
-0.369097446657149,-0.152662263544087,0.851215891540741,0.372538801904974,0.50321900193859,"HEPACAM",FALSE,0.50390833109548
-0.0434903911137718,9.14830406394162,0.851027020220753,0.372590254967145,0.50321900193859,"RPL36AL",FALSE,0.50390833109548
0.0774389973745319,5.13305001425029,1.54415159391181,0.372715247803649,0.50330207538534,"ZNF593",FALSE,0.503990855166006
0.156349731749889,2.22673629010855,0.850143235703301,0.372831160172946,0.503372860669468,"ZNF347",FALSE,0.504061074282215
-0.0465695214121517,5.56420405116239,0.899025662183809,0.372964328725615,0.503466916079801,"ANKRD17",FALSE,0.504154595350102
-0.32925846512738,-0.142330601993975,0.848496719437447,0.37328059500767,0.503808062175827,"MYO1B",FALSE,0.504495544256377
-0.0439808894702674,6.61964215237868,0.845794632110567,0.374019917714135,0.50471998427875,"ZNHIT1",FALSE,0.505408046612685
-0.168433172434939,2.47225181695802,0.843236868486151,0.374721772854041,0.505545548491969,"RFLNB",FALSE,0.506233406533781
0.0468792944354913,6.86240425449825,0.843100559475639,0.374759231645724,0.505545548491969,"SF3B5",FALSE,0.506233406533781
-0.0496259652489897,7.04163841637671,0.842693823450263,0.374871039263327,0.505610343531756,"COPS9",FALSE,0.506297625118549
-0.161123286486152,2.67472734670673,0.841762797004081,0.37512715722325,0.505869723161409,"TMEM62",FALSE,0.506556692595948
0.306186043092519,-0.121352676310788,0.841284707491847,0.375258777752306,0.505961154765354,"DKK1",FALSE,0.506647583741674
0.317375606768515,0.0210644845928814,0.838370926088895,0.37606245584179,0.506958535948599,"FRG1-DT",FALSE,0.507645652351204
-0.114969288290656,3.14812190487749,0.838094827958216,0.376138742987783,0.506975170759461,"INF2",FALSE,0.507661644210683
-0.138389385063968,3.25973766611978,0.837372954693572,0.376338309544779,0.507157932699474,"NKG7",TRUE,
-0.269341359889105,-0.209089926329181,0.834306539511141,0.377187813961863,0.508216347567921,"DMGDH",FALSE,0.508990338881732
-0.0885535253605444,3.34675544108683,0.832028460890432,0.377820787591104,0.508980899904385,"POC1B",FALSE,0.509753326959549
-0.0836625848068049,5.45702135582662,0.83538243743293,0.377945019983556,0.508980899904385,"SLC5A3",FALSE,0.509753326959549
-0.215335573646305,2.45732850564498,0.831825025654226,0.377962249680451,0.508980899904385,"IGFBP5",FALSE,0.509753326959549
0.147609510331044,1.82325580940838,0.831341230821853,0.378012050786708,0.508980899904385,"MIPEP",FALSE,0.509753326959549
-0.0442608836925851,7.46159013305646,0.830846025246754,0.378149961845732,0.509080132028012,"POLR2L",FALSE,0.509852027968625
-0.0769462782381024,4.12477854002588,0.83046545026326,0.37825600056192,0.509114493968973,"CCDC18",FALSE,0.509885079201377
-0.17699257092671,1.93741516823974,0.830293516303714,0.378303920783454,0.509114493968973,"SLC9A3R2",FALSE,0.509885079201377
-0.0419427890385112,7.80224489139547,0.829251975244179,0.378594407069329,0.509252079478709,"ARL6IP4",FALSE,0.510020149398434
0.11899117999324,2.75869228603874,0.829112282713485,0.378633392899877,0.509252079478709,"RAD51B",FALSE,0.510020149398434
0.0642199288652899,5.81416261239571,0.829055320504904,0.378649291825752,0.509252079478709,"SGK3",FALSE,0.510020149398434
-0.0592370388918706,4.55441256479619,0.829005873713501,0.378663093911074,0.509252079478709,"HPCAL1",FALSE,0.510020149398434
0.128678317342539,2.79840752992456,0.83836136581608,0.37877245313561,0.509265357862891,"COX10-AS1",FALSE,0.510032087390837
-0.0477185849415638,5.21436299844383,0.828510390856943,0.378801439873545,0.509265357862891,"VPS41",FALSE,0.510032087390837
0.284077501569776,0.741377536000298,0.827413104346687,0.379108088989637,0.509591205410282,"ALDH4A1",FALSE,0.510357745225625
-0.189649168918195,1.79153957617474,0.826581569379192,0.379340719791139,0.509709102059052,"PDLIM4",FALSE,0.510473779253055
0.073678560439969,5.06177669468742,0.826420922707899,0.379385687187693,0.509709102059052,"STX17",FALSE,0.510473779253055
-0.11606194033013,3.220914730122,0.826410251590949,0.379388674476598,0.509709102059052,"TRANK1",FALSE,0.510473779253055
0.190767529978169,1.58311402942495,0.824156849409365,0.380020289901172,0.510471172202049,"AC009522.1",FALSE,0.511236312131392
0.18570079016067,1.79318344298755,0.846846683322844,0.380487546254829,0.511012242369691,"PRKY",FALSE,0.511777512275148
0.0786320731237333,3.77458827376541,0.821544558772388,0.380754484986796,0.511284139054086,"MOSPD2",FALSE,0.512049134982243
0.0767780479116688,4.4232471852718,0.819882161445145,0.381222822962469,0.511758890165093,"APPBP2",FALSE,0.51252323354456
0.165179015326934,1.60812597823799,0.819831408853767,0.381237134878284,0.511758890165093,"SYNM",FALSE,0.51252323354456
0.0561129677916444,5.32242148916015,1.04310891448873,0.381325624365707,0.511791019124991,"GDI1",FALSE,0.512554729355577
-0.0443758822232553,5.99224037420264,0.819203790074606,0.381414186512065,0.511823234710164,"R3HDM2",FALSE,0.512586312067903
0.0908883939361594,6.81971126109345,0.831403163374626,0.381727519362221,0.512080373207308,"ABHD5",FALSE,0.512842472053899
-0.0550328275052347,5.26766900689176,0.818067712038153,0.381734990622501,0.512080373207308,"RELT",FALSE,0.512842472053899
0.0696869023030436,4.44268685521705,0.817051984655826,0.382022155359563,0.512378894889294,"RPAP2",FALSE,0.513140757020058
0.0882354616169196,4.23363748299095,0.816661249277566,0.382132710307063,0.512440481616102,"R3HCC1L",FALSE,0.513201754483301
-0.0377349468623894,7.5061509246404,0.815567049279614,0.382442561352321,0.512769258650635,"HADHA",FALSE,0.513530338901242
0.0583453545696681,5.12764998904907,0.815227657184526,0.382538746145013,0.512811494663115,"NUTF2",FALSE,0.513571956736608
-0.142220248474865,3.6769780948052,0.815784725968884,0.382643566840767,0.512865291278715,"TIMP3",FALSE,0.513625152423166
0.0583871656202178,6.00540530970689,0.814625306765719,0.382709544203136,0.512867015963905,"TBC1D1",FALSE,0.513626199187786
0.0602795460941239,4.46780111723245,0.813754421313963,0.382956689969516,0.51305606064262,"PHC3",FALSE,0.513813482915072
0.123992660369869,3.38409019793072,0.813611221509906,0.382997351278338,0.51305606064262,"SLC39A11",FALSE,0.513813482915072
-0.283372825102755,0.973916089414944,0.813444303137675,0.383044755668979,0.51305606064262,"DYSF",FALSE,0.513813482915072
0.0450414760828321,5.70955498438309,0.812744459483064,0.383243606095876,0.513150210837749,"ASXL1",FALSE,0.513906412486019
-0.397864133345769,-0.530668335129794,0.812741313622497,0.38324450029898,0.513150210837749,"LRRC7",FALSE,0.513906412486019
0.0604955054573785,4.62412606220331,0.811981701450731,0.383460510603286,0.513352740301055,"NT5C2",FALSE,0.514108560676087
-0.252823933275019,2.55444082153005,0.817457640311066,0.384866737251395,0.515148318914242,"EDN1",FALSE,0.515906101083289
-0.0661660975523704,4.79700120629409,0.805107524820967,0.385423724205585,0.515806766627596,"KMT5B",FALSE,0.516564834857366
-0.05873348871671,9.06120873839194,0.804614858130579,0.385565010666928,0.515908760264541,"TUBB4B",FALSE,0.516666295974496
-0.0772768608095768,6.20153504982667,0.809638419263349,0.385837459988405,0.516186193518069,"RASSF2",FALSE,0.51694345404569
0.0903447136814048,3.28675305873935,0.802235157810003,0.386248566210301,0.516649001672897,"WDR37",FALSE,0.517406258222198
-0.195061208396442,1.98854450972374,1.43651460833141,0.386448213130788,0.516821491318472,"LAMC1",FALSE,0.517577635064605
0.0526905858475365,4.83116399721056,0.819401469762356,0.386507898842989,0.516821491318472,"RNF111",FALSE,0.517577635064605
-0.0652431215593605,5.72674367236919,0.801062399228177,0.386586111206782,0.516838902132777,"ST8SIA4",FALSE,0.517594388865913
-0.0582390537723266,5.50878695792897,0.799734729599643,0.386968783743612,0.517263280647337,"MRPL21",FALSE,0.518018704899265
-0.0839041179737748,3.50324755417259,0.799311704009002,0.387090832743674,0.517339197908268,"ANKRD13C",FALSE,0.518094050349076
-0.0702119203638396,4.42934928211983,0.798211370698546,0.387408568865971,0.517676577443016,"ILKAP",FALSE,0.518431239260424
0.192492444484098,1.36867051667957,0.797356968108523,0.38765556262759,0.517919329375048,"MAD2L1",FALSE,0.518673662089021
-0.0560827234908314,5.79876619835339,0.796621137057772,0.38786847121777,0.518116468376492,"DENR",FALSE,0.518870405205228
0.0382107879993918,6.97843395758875,0.793633969236331,0.388734620651387,0.519185996045182,"DAZAP2",FALSE,0.519940805007068
0.069645225857673,4.92106796907778,0.789764992207738,0.38986084017745,0.520602449204451,"OSBPL9",FALSE,0.52135863162756
-0.0683828005504485,4.60934013999769,0.788809443897273,0.390139756037841,0.520887165016504,"RALB",FALSE,0.521643075028192
-0.0722334841633944,5.07785159762919,0.78837924036677,0.390265427858394,0.520967218734021,"DR1",FALSE,0.521722559081696
-0.230896162544931,0.964847666610691,0.787467623736452,0.39053193501981,0.521235215629133,"MYBPC1",FALSE,0.521990258582637
0.0998507821432277,4.04126299657264,0.787021647586492,0.390662415340241,0.521321600541565,"SELENON",FALSE,0.522076082790572
-0.0793810717635133,3.46608698259505,0.786362301734715,0.390855443635683,0.521491409818865,"SLC7A6",FALSE,0.522245451994897
0.0785801168115693,4.71906586781062,0.785469146776047,0.391117153443357,0.521752497108504,"CMSS1",FALSE,0.522505545152224
-0.200540120606329,0.857503165041976,0.785245423527062,0.391182750102541,0.521752497108504,"BACE2",FALSE,0.522505545152224
-0.234865349165205,0.927921176147415,0.785009523432762,0.39125193525921,0.521756996254838,"SBSPON",FALSE,0.522509365311418
0.0468763484354612,6.11314885843362,0.783381045911048,0.391730047822921,0.522282605694077,"MAFG",FALSE,0.523032990314428
-0.051240145241691,6.44874718618209,0.783064964076937,0.391822951214944,0.522282605694077,"GLA",FALSE,0.523032990314428
0.0508074122032133,5.04569631671471,0.782807622283263,0.391898614479129,0.522282605694077,"WDR70",FALSE,0.523032990314428
0.0552919422083184,5.61650575695538,0.782770302777286,0.391909588959897,0.522282605694077,"TMEM30A",FALSE,0.523032990314428
-0.210692964082083,0.731083048644909,0.779290794879725,0.392934868867489,0.523541007861676,"TTLL7",FALSE,0.524291827392103
0.0777364347177938,4.22964689409659,0.779117834690294,0.392985940689308,0.523541007861676,"FUBP3",FALSE,0.524291827392103
-0.0827666175693652,3.937168896858,0.77881379290379,0.393075743007688,0.52356506634419,"CKS1B",FALSE,0.524314548156666
0.0519538996693834,5.84696571131554,0.778609571900667,0.393136079710767,0.52356506634419,"UTP11",FALSE,0.524314548156666
-0.354136215601891,0.462892636657264,0.779105755682982,0.393313075220282,0.523703089915488,"CRNDE",FALSE,0.524451397655036
-0.0609762866989145,5.43815722095261,0.777812076198641,0.393371834062403,0.523703089915488,"ABHD2",FALSE,0.524451397655036
-0.0397067296169452,6.59448704863746,0.851304631064122,0.393976486789942,0.524420011294604,"PJA2",FALSE,0.525168657010349
-0.133362116689133,2.72224846163433,0.774531725119223,0.394343845738599,0.524820884508244,"ENTPD1-AS1",FALSE,0.525569415788984
-0.122493197967409,3.32419790095826,0.77272321823553,0.39488130473809,0.525447966425575,"IGFBP6",FALSE,0.526196704791386
-0.116903458107815,3.95316252906813,0.772832167918788,0.395098227165982,0.525648388147659,"CXXC5",FALSE,0.526396724778218
-0.0439323178503878,6.08871217312157,0.771156977495728,0.395347674180572,0.525862661478535,"BRD7",FALSE,0.526609241732398
-0.136433564409804,1.85712813742018,0.770953608971548,0.395408291884705,0.525862661478535,"ALDOC",FALSE,0.526609241732398
0.0696132770113068,4.06591097568599,0.770785961755657,0.395458272923187,0.525862661478535,"ZNF91",FALSE,0.526609241732398
-0.0689065098571674,4.42377207587575,0.767705449063487,0.396378401835173,0.526997814816242,"TNFRSF10D",FALSE,0.527745318515716
-0.0595482522354937,5.30095992541201,0.767126233286414,0.396551776926592,0.527139920770292,"HHEX",FALSE,0.527886937922895
0.0679936477417455,5.33838366663034,1.29697352154368,0.396706391868425,0.527257045219258,"CSNK1E",FALSE,0.528003540317529
0.042293307398565,9.68280553061697,0.766228282171003,0.396820788611084,0.527320685904907,"DBI",FALSE,0.528066583222655
0.0485182528440477,5.61979592573836,0.763959815926475,0.39750163525601,0.528136913743866,"EVI5",FALSE,0.528883276903707
0.13183293422453,2.74551197596441,0.763130803534175,0.397750899355328,0.528379545926448,"EFNB1",FALSE,0.529125563174818
-0.118284680416896,2.60312151552595,0.761772076955716,0.398159956186939,0.528834332827954,"NRF1",FALSE,0.52958030302899
-0.0408578715559594,6.96757667506443,0.761040595030849,0.398380443566723,0.529038552193798,"SYF2",FALSE,0.529784121272559
0.13326545021366,2.10543573772227,0.818836046818925,0.399119820293615,0.52993165889931,"ORC6",FALSE,0.530677796501789
-0.192132105015212,0.663384297615513,0.757579989753178,0.399426112323464,0.530249534243205,"MCC",FALSE,0.530995429106353
0.0855917580857614,3.70202818989282,0.756404788294565,0.399782177722774,0.530633367652127,"FAM76A",FALSE,0.53137911187785
0.0632035437336223,5.47308396879341,0.755329513385645,0.400108396176614,0.530943110469498,"PPP2CB",FALSE,0.531687908754803
0.0649564720507934,4.3538144563189,0.7551941864125,0.400149480960551,0.530943110469498,"DLD",FALSE,0.531687908754803
0.0686840300150756,5.10857400522831,0.754569049123599,0.400339354919225,0.531106158935679,"SPTSSA",FALSE,0.531850495455928
-0.078108430222522,4.00761512743197,0.753977422296835,0.400519178786879,0.531255822222248,"CSPP1",FALSE,0.531999678044686
-0.306844900751211,0.00828025193810936,0.75265961545778,0.400920172202087,0.531624355685121,"TPX2",FALSE,0.532367346366082
-0.0884628494431898,5.5250673296888,0.759089957166073,0.400931133027414,0.531624355685121,"CDKN1C",FALSE,0.532367346366082
-0.112066038096151,4.68012000190475,0.75923740717562,0.401084326382049,0.531676618902141,"TMEM154",FALSE,0.532418302264523
0.325262246192018,1.04609890419957,0.754894895200207,0.40110467427519,0.531676618902141,"LINC02731",FALSE,0.532418302264523
-0.231976594935686,1.05159318499861,0.75121256398056,0.401361207937079,0.53188099895215,"PPP2R3A",FALSE,0.532621587461411
-0.0398186510532287,9.32646539906102,0.751108218896535,0.401393039446356,0.53188099895215,"ARPC3",FALSE,0.532621587461411
-0.072168020799904,5.40260705459383,0.749923706876031,0.401834953970899,0.53237759276091,"MID1IP1",FALSE,0.533118182449097
0.168876854916358,5.83821319536928,0.775703253145454,0.402594454726926,0.533264188150126,"BCO2",FALSE,0.534004629027423
-0.348835929711259,-0.365620063734857,0.747034984033505,0.402638676875208,0.533264188150126,"KCNK12",FALSE,0.534004629027423
0.0540458375993651,5.75775303869321,0.746553059690936,0.402786449850139,0.53337079913344,"LSM2",FALSE,0.534110697175458
-0.0669010676267485,4.77340276862759,0.746155242233083,0.40290849630175,0.533443313072858,"CTDSP2",FALSE,0.534182620980341
-0.0750097992430031,3.96586127126795,0.745606025043679,0.403077084794379,0.533577413299355,"UBR3",FALSE,0.534316216390732
0.0442939427400523,5.8296902320599,0.745096130339315,0.403233700600862,0.533695622431325,"TOX4",FALSE,0.534433898609286
-0.13557240807445,2.07085506528639,0.744852910954382,0.403308439421774,0.533705442786817,"ULK4",FALSE,0.534443042180779
0.0411161585195587,9.52309500395752,0.742948564721191,0.403894368051346,0.534391613803583,"GABARAP",FALSE,0.535129470485789
-0.0460391306479486,12.3295268170288,0.742211548244864,0.404121487184531,0.53460289511079,"HLA-DPA1",FALSE,0.535340352453294
-0.199878813132081,0.362503339109654,0.748538424054937,0.404435931380517,0.534845276042619,"LRRC1",FALSE,0.53558168567874
-0.050504961462633,5.05782061760785,0.741180215491515,0.404439635453519,0.534845276042619,"WIPF2",FALSE,0.53558168567874
0.0582208812248975,8.01061932446762,0.740568912517823,0.404708144579319,0.535111102439099,"IER5",FALSE,0.53584718705813
-0.0661535070148204,5.30575299459522,0.739799449903389,0.404866186310326,0.535230802912833,"GPR108",FALSE,0.535966361242269
0.0995905572477805,3.45851606711548,0.815958635074618,0.405524670052719,0.536011934674551,"ZNF33B",FALSE,0.53674787477744
-0.075778862879479,4.7690844720684,0.736513581102337,0.405884080903381,0.536397565161195,"YLPM1",FALSE,0.537133342744303
-0.281039911058615,0.00769242401035641,0.735466541810245,0.406209267476159,0.536737845425165,"BMP7",FALSE,0.537473397577626
-0.0490575172237348,4.96497119663522,0.734995346077683,0.406355742288053,0.53684191382431,"DLGAP4",FALSE,0.537576916497948
-0.0425496864248197,7.45736108825397,0.734407490822107,0.406538596767294,0.536994001194786,"GNAQ",FALSE,0.537728520035719
0.0405791948424204,5.6111588368118,0.733002473289312,0.406976151276081,0.537482413346122,"ZCCHC10",FALSE,0.538216907798047
-0.0378045994777038,5.87622307953564,0.731974217019574,0.407296838238796,0.537816344696399,"VPS36",FALSE,0.538550602827331
0.12247623570534,2.35512643383293,0.72918362599063,0.40816913794262,0.538825446062083,"C2CD3",FALSE,0.539558308392083
-0.055520826130498,4.93251957873538,0.728972741792847,0.408235175631899,0.538825446062083,"LRRFIP2",FALSE,0.539558308392083
-0.075933147469243,4.38275587933669,0.72873840077842,0.408308578278168,0.538825446062083,"ACAT2",FALSE,0.539558308392083
0.152879500917194,3.05293451087073,0.729066746285734,0.408332906147956,0.538825446062083,"PPP3CC",FALSE,0.539558308392083
0.0489243960260259,6.28425301936159,0.7279358798512,0.40856010785172,0.539035535870933,"MAN1A1",FALSE,0.539767990886441
-0.131608398271367,2.91907487872448,0.727104673131784,0.408820883006548,0.539289843673197,"TTN-AS1",FALSE,0.540021951094163
-0.067224925679195,5.16983420945134,0.726671261620524,0.408956960517094,0.539374067175329,"POLR2B",FALSE,0.540104903105022
0.182866530907635,2.14047421711294,0.726468012428895,0.409020798670292,0.539374067175329,"CTDSPL",FALSE,0.540104903105022
0.101669833417402,4.56666346116202,0.72879140407929,0.409097926516435,0.539386057113304,"ITM2C",FALSE,0.540116216707973
0.0477458662468992,5.53544290295001,0.725871075138604,0.409208379469652,0.539441974132924,"TFAM",FALSE,0.540171517000992
-0.135305580944785,2.95531778584097,0.72515178310317,0.409434587230537,0.539650441822726,"RALGPS2",FALSE,0.540379574166891
0.0435989501067273,6.24154087900599,0.722910156963672,0.410140802226427,0.540481624556132,"EEA1",FALSE,0.541210493579072
0.208289687786418,1.39520203062669,0.722717597879689,0.41020155587213,0.540481624556132,"HTR7",FALSE,0.541210493579072
0.0462166095969246,5.54032410375447,0.72213336846782,0.410385970120337,0.5406347575796,"DAP",FALSE,0.541363140088415
-0.265207326140954,0.92028917623564,0.721565876785311,0.410565225098821,0.540744736413098,"PTN",FALSE,0.541471881462869
-0.0603441654299851,7.37960820851708,0.722420718539363,0.410605866953437,0.540744736413098,"MAP2K3",FALSE,0.541471881462869
0.0603651952776323,5.31512261949569,0.720947239187445,0.410760775108866,0.540858898034062,"FAM53B",FALSE,0.541585503984543
0.182815438699446,1.27175111881863,0.720691183072354,0.410841756498953,0.540875696699385,"AL139260.1",FALSE,0.541601632814383
-0.0436465725726583,7.01136749522715,0.718599183442746,0.411504317436599,0.54165801571266,"EPC1",FALSE,0.542384308644056
-0.2799152896862,-0.149894627867138,0.714041347470321,0.412953642076305,0.543475510355403,"RFTN2",FALSE,0.544203545044686
0.0400698860483868,5.52199987827229,0.713457452251192,0.41313988992647,0.543630381300756,"MAPKAP1",FALSE,0.544357928222233
-0.214526456583631,0.546628211814621,0.807590029676236,0.413210280391372,0.543632065807927,"TMEM204",FALSE,0.544358225213994
0.055014549266854,5.74961527463838,0.713023759009691,0.413278312389553,0.543632065807927,"FKBP4",FALSE,0.544358225213994
0.0684671484943273,6.08509531407422,0.714554450566198,0.413724722210138,0.544080589589487,"GPCPD1",FALSE,0.544805958127043
-0.0776533021258622,4.39237697776265,0.711527159253078,0.413756543218342,0.544080589589487,"CEP85L",FALSE,0.544805958127043
-0.0851130557267972,3.31123089467768,0.714187639112073,0.413938265446358,0.54419023518526,"TMCO3",FALSE,0.544914360564912
-0.0641748385356918,4.6729049945712,0.710837513109553,0.413977208426123,0.54419023518526,"UBXN7",FALSE,0.544914360564912
-0.0478599071389177,4.74663636859209,0.709745086031764,0.414327129202964,0.544494320256746,"RNF19B",FALSE,0.545216766836846
-0.217398012765526,3.55524001644562,0.723878613913773,0.414353345633872,0.544494320256746,"DHRS9",FALSE,0.545216766836846
-0.0400585300632332,9.64605589268257,0.709472321577097,0.414414572203482,0.544494320256746,"PFN1",FALSE,0.545216766836846
-0.288746449350928,0.219002226550996,0.70782464600522,0.414943402036923,0.545098805525887,"NLGN4X",FALSE,0.545821359366652
0.0476343820628267,7.22226434164084,0.706639661114656,0.415324384824889,0.545508900412809,"POLD4",FALSE,0.546231302779712
0.062754934617525,4.61091975628009,0.705521705575734,0.41568432153617,0.545803420702923,"APOBEC3G",FALSE,0.546524822893295
0.041117071779922,7.24552126833563,0.705515538172283,0.415686308552504,0.545803420702923,"BNIP3L",FALSE,0.546524822893295
0.139524173193202,2.39227584439959,0.708709742351743,0.415830437156829,0.545902252985484,"NNMT",FALSE,0.54662309092633
-0.0526563803203882,5.42606356780994,0.703933885598383,0.416196379723222,0.546244816070558,"DNAJC1",FALSE,0.546964716416142
0.0690586082807992,4.33360123926967,0.810475399646782,0.416229179349425,0.546244816070558,"FMC1",FALSE,0.546964716416142
-0.143751298534523,2.52287779419817,0.703094095551111,0.416467606231467,0.546467259550326,"GRAMD2B",FALSE,0.547186758154018
0.0521814151829628,4.94790363252285,0.702305440906138,0.41672257105528,0.546711326051012,"ACTR1A",FALSE,0.547430451021094
0.173978338451782,1.42111423273391,0.701329880454056,0.417038301133467,0.547035018429207,"GNG12",FALSE,0.547753874012913
-0.0401623982300536,6.6545645960142,0.699395019636085,0.417665615233782,0.547767245256149,"TAPBP",FALSE,0.548486367196488
-0.0389101363484632,6.12498999012402,0.698472005111113,0.417965396245887,0.54806974221591,"CAMLG",FALSE,0.548788565270849
-0.241050862372776,3.22685540463252,0.711238001306544,0.418075463134981,0.548123411895837,"MT3",FALSE,0.548841609494647
-0.0486145023817148,5.61531045358312,0.697521097540039,0.418274591630017,0.548293809927707,"PSMF1",FALSE,0.549011534965223
-0.230586178841596,-0.220262688311249,0.703071739180979,0.418550665467996,0.548564998484092,"AC114763.1",FALSE,0.549282382568194
-0.0376920536061121,6.28561936247722,0.694371297380948,0.419301358227712,0.549458044302363,"PTPN12",FALSE,0.550175899420039
0.0612794127370813,4.32027089620477,0.693343931434973,0.419637118643537,0.549807151975865,"ATF7",FALSE,0.550524766140513
-0.0655993234238654,4.76720190456432,0.692329137569281,0.419969187772334,0.550151308767195,"ZNF281",FALSE,0.550868674870205
0.268783431294212,1.1359709987537,0.692617672934153,0.420178254278568,0.550184199449097,"CC2D2A",FALSE,0.550898821558386
0.0651396238273094,4.79391016382533,0.691666377584539,0.420186285903543,0.550184199449097,"RIPK1",FALSE,0.550898821558386
-0.0455240044914282,6.05739428026141,0.691497579935225,0.420241606767267,0.550184199449097,"DNM1L",FALSE,0.550898821558386
-0.233822202957611,1.23854033320622,0.691405205519912,0.420271885956575,0.550184199449097,"HSPA4L",FALSE,0.550898821558386
0.0546587802336025,5.90614113847751,0.690624853606697,0.420527813473451,0.550428348228087,"CDC40",FALSE,0.551142591007128
-0.20387925779451,0.751753922095901,0.690088398071929,0.420703894802941,0.550567923076547,"WDR86",FALSE,0.551281650575112
-0.0642727768761516,5.13224779471639,0.688871506796924,0.421103749221861,0.551000251498748,"NDUFAF2",FALSE,0.551713842735709
-0.184248591849609,1.85288319637762,0.688065573087265,0.421368899846618,0.551256210888447,"DKK3",FALSE,0.551969436812714
-0.257360605097,0.272164865466187,0.686286828888453,0.421955040436241,0.55193195191858,"LRAT",FALSE,0.552645354706019
-0.0531217773802383,5.52141025648269,0.685440731097977,0.422234304595608,0.552179724754034,"POGZ",FALSE,0.552890659173307
0.0764434081634134,4.06012245442728,0.917841114086035,0.422347621222882,0.552179724754034,"NAA25",FALSE,0.552890659173307
0.0446934810187437,5.69874773748239,0.685003089448573,0.422378868234265,0.552179724754034,"SAP30BP",FALSE,0.552890659173307
-0.0575466833961193,5.22801501380447,0.6848693496897,0.422423061381586,0.552179724754034,"HRH2",FALSE,0.552890659173307
0.051961460772704,5.4749763737958,0.684145357603205,0.422662425726961,0.552401534975824,"TSG101",FALSE,0.553112058119103
-0.399266552528671,-0.359241471596952,0.682146605672447,0.423324366701505,0.553095320953266,"TMEM59L",FALSE,0.55380534170359
0.0617412233186044,5.19546879342408,0.682121184817722,0.423332796108025,0.553095320953266,"RREB1",FALSE,0.55380534170359
-0.0550364853427441,5.06607470781623,0.679405214015841,0.424234935122467,0.554133180138867,"KLHL8",FALSE,0.554843136751752
0.0765744255241954,5.11967831616003,0.680212590290378,0.424266953007432,0.554133180138867,"HSPA2",FALSE,0.554843136751752
0.110766821382149,4.85395951652222,0.686722259132686,0.424837032954576,0.554786360939528,"TMC6",FALSE,0.555496455703925
-0.123514719587304,2.39938844128837,0.67346648393928,0.426218238672375,0.556498385407542,"TIAM2",FALSE,0.557209970836537
-0.103586868135064,2.95778154613448,0.672729696124939,0.426465326882126,0.556666587948193,"TRG-AS1",FALSE,0.55737558741786
-0.037823557676169,6.56513306059681,0.67238229255163,0.426581910964243,0.556666587948193,"BANF1",FALSE,0.55737558741786
-0.0374104527698852,8.02002925683741,0.672304254705846,0.426608106434719,0.556666587948193,"KTN1",FALSE,0.55737558741786
0.0621736006491544,5.34182148771276,0.672245219500641,0.426627924870487,0.556666587948193,"RAPGEF2",FALSE,0.55737558741786
0.121156298713827,2.09164471871236,0.669895660494113,0.42741787901734,0.557605552879623,"RAB40B",FALSE,0.558315047404842
-0.0892939090789379,4.16031272098735,0.668219248617957,0.427982940681624,0.558216090738603,"MACC1",FALSE,0.558924959554283
-0.0391506140551276,6.07001048269179,0.668089595205354,0.428026692179612,0.558216090738603,"KRAS",FALSE,0.558924959554283
-0.0558286678546266,6.11797088063118,0.667672682824389,0.428167427580141,0.558307790436736,"SPINT2",FALSE,0.559016074656339
0.218598670111428,0.540857815088433,0.667461877308688,0.428238616492524,0.558308789928093,"TYRO3",FALSE,0.559016374602835
-0.157654565174196,1.80019360860052,0.667187719731421,0.428331227675606,0.558337713418646,"AP001636.3",FALSE,0.559044634133271
0.0634909258281633,4.71871786895346,0.666894954935385,0.428430159792169,0.558374865499312,"INO80",FALSE,0.559081132821386
-0.0827885800819717,3.94845497515311,0.845959481469938,0.428640736031511,0.55855748771496,"GDAP2",FALSE,0.55926328560057
-0.0498345765692774,4.63071915184384,0.701328045692566,0.429146303525036,0.559043781625093,"DPP8",FALSE,0.559748092273597
-0.0402579938323196,6.42157125502414,0.664692931106665,0.429175448346589,0.559043781625093,"SNRPD1",FALSE,0.559748092273597
0.0676400229915261,4.67704245090614,0.664545366856971,0.429225466542879,0.559043781625093,"CPSF2",FALSE,0.559748092273597
-0.039943324406041,7.2801986124802,0.662713746454329,0.429847088149087,0.559761451190204,"EIF5A",FALSE,0.560465964984857
-0.068501215349824,4.91510017517467,0.662471282915916,0.429929484331424,0.559776802722866,"FHL3",FALSE,0.560480635042688
0.117480750347234,2.30246200703441,0.660775751947174,0.430506383338261,0.560371519570186,"AL356599.1",FALSE,0.56107469726881
0.0330919404297448,6.49187295669656,0.660713422909903,0.430527614240919,0.560371519570186,"U2SURP",FALSE,0.56107469726881
-0.288731742063384,-0.556294391919668,0.701726593016673,0.430681206759859,0.560479416807643,"TMPRSS5",FALSE,0.561182028920636
0.259865762887927,0.780096636725542,0.658562423669293,0.431261331361548,0.56114226736162,"ITIH5",FALSE,0.561845008841785
0.0465546456496612,5.37274527251776,0.658016282095702,0.431447942582844,0.561292958450408,"SURF4",FALSE,0.561995187114359
-0.0402459992151437,8.74299485316575,0.6572735401279,0.431701938376763,0.561531249786871,"ATP5MC2",FALSE,0.562233074976383
0.0621373498509549,6.39124170648272,0.656184840636019,0.432725043076654,0.562688519245037,"CD69",FALSE,0.563390385446206
0.0671545068242736,5.15469360611444,0.654263956952158,0.432733590039983,0.562688519245037,"SMARCB1",FALSE,0.563390385446206
0.106337112203585,5.84904924936392,0.667855388248023,0.433021462569898,0.562970507585135,"MMP19",FALSE,0.563672022823142
0.0487570413514966,4.97008541156697,0.652671361701501,0.433281118994402,0.563215725756292,"DPH3",FALSE,0.563916843786206
-0.129756482096705,1.80931203282749,0.651748992996394,0.433598736347093,0.563536193731107,"GPHN",FALSE,0.564237007753947
0.0708609386547622,4.35950870874584,0.651192272121548,0.433790624462379,0.563693176649359,"DISC1",FALSE,0.56439348299168
0.159185305072399,1.70096820145709,0.650514604794911,0.43402438451593,0.563881185992734,"CKMT2-AS1",FALSE,0.564578915674014
0.0545833611246276,4.6331007886751,0.6503021498094,0.434097712246524,0.563881185992734,"RAB3GAP1",FALSE,0.564578915674014
-0.0445168636732684,5.35450703471135,0.650084847572192,0.434172733633634,0.563881185992734,"UBA1",FALSE,0.564578915674014
0.0872748010133621,3.51056055195377,0.649948524840681,0.434219808335726,0.563881185992734,"ARHGAP17",FALSE,0.564578915674014
0.108615539048063,5.25708401012182,0.661242868582321,0.434310919065032,0.563907135006154,"DLGAP1-AS2",FALSE,0.564604194784541
-0.0624126112176425,4.96354291564201,0.750579163633572,0.434861471350024,0.564529514469132,"WDFY2",FALSE,0.565226641032089
-0.137545240509429,2.36425463481373,0.902021046358295,0.434986949207978,0.564550035957419,"KANTR",FALSE,0.565245783397518
-0.0369431280796479,7.84787558845423,0.647635774413686,0.435019698494434,0.564550035957419,"DDX24",FALSE,0.565245783397518
0.291811028962204,0.231195457067786,0.645356641396683,0.435810289968664,0.565470629351859,"FILIP1",FALSE,0.566165402932015
-0.163264400072252,1.77827187905697,0.645151764929335,0.43588147166535,0.565470629351859,"AL050309.1",FALSE,0.566165402932015
-0.0758738561047936,3.71895480904715,0.649157685003799,0.435943048259153,0.565470629351859,"DOCK7",FALSE,0.566165402932015
0.0585926131638506,4.17221587932795,0.644012992582966,0.436277466043126,0.565741185291807,"SHLD2",FALSE,0.566434886185504
-0.0526149037078237,5.75460333889761,0.643964476002977,0.436294350009348,0.565741185291807,"TRAPPC6A",FALSE,0.566434886185504
0.052638152350363,4.48236230367171,0.64254972750583,0.436787153062202,0.566196886445433,"C12orf65",FALSE,0.566889740797056
0.0805263401543045,3.78697052127976,0.642545527953801,0.436788617242718,0.566196886445433,"CPNE8",FALSE,0.566889740797056
-0.225079447638149,0.174616316906653,0.64193530785679,0.437001455865064,0.566380176900151,"LINC00886",FALSE,0.567072553006913
0.318847153450369,1.06081226115628,0.644988799482735,0.437239389839923,0.566563361762288,"TMIGD2",FALSE,0.567251750075746
0.0395039913267553,6.71936851410309,0.641109727537782,0.437289677126132,0.566563361762288,"ZYX",FALSE,0.567251750075746
0.0614589677564851,4.6357659427188,0.6408448392372,0.437382218402437,0.566563361762288,"SETDB2",FALSE,0.567251750075746
-0.189459967161023,1.31936090450084,0.640690830945065,0.437436037253628,0.566563361762288,"ATP1A2",FALSE,0.567251750075746
0.0534070473952805,5.35504579278473,0.640384397953389,0.437543153451356,0.566563361762288,"AFG3L2",FALSE,0.567251750075746
-0.0915803543139534,3.38617217654895,0.640303105004032,0.437571577203644,0.566563361762288,"CBLB",FALSE,0.567251750075746
0.0993284701706511,2.89264608860395,0.639266709950021,0.43793421074877,0.566940304182928,"TRAF3IP1",FALSE,0.567628448877725
-0.195455889664859,0.348367408391994,0.638715398763966,0.438127312329425,0.567097686881254,"BX322234.1",FALSE,0.567785321028329
0.0810538827300946,4.77903278515899,0.638521706437691,0.438449718432862,0.567422358428947,"ANXA4",FALSE,0.568109684508896
0.0570664996551154,4.55538502022943,0.636543263493139,0.438889466259771,0.567840117250095,"MAP7D3",FALSE,0.568525843959567
-0.0376270560069774,8.69766086994431,0.636314354963521,0.438969910363614,0.567840117250095,"EIF5",FALSE,0.568525843959567
-0.0532643414179442,4.60222700462026,0.636264606410815,0.438987396395791,0.567840117250095,"PAN3",FALSE,0.568525843959567
-0.102236350672225,2.90346331210905,0.635109804765242,0.439393613402583,0.568272849438121,"GMDS",FALSE,0.568958396841807
-0.0460907756029058,6.28072231126758,0.634687450893417,0.439542334423452,0.568307119222948,"AHCYL1",FALSE,0.568991304825125
0.0966575031284684,3.41999088303781,0.634627423401014,0.439563478188082,0.568307119222948,"CFAP36",FALSE,0.568991304825125
0.097379717666053,3.25992564647028,0.63352634128411,0.439951610651564,0.568558442850265,"AC067930.8",FALSE,0.569240827104204
0.151648993353649,5.36344662321907,0.65364560174439,0.439970589246637,0.568558442850265,"HCAR2",FALSE,0.569240827104204
0.0414548489593797,5.5785000128929,0.633465671516463,0.439973012977595,0.568558442850265,"KMT5A",FALSE,0.569240827104204
-0.18558417011011,1.48625405037788,0.629999265476844,0.441198664618836,0.570049382838678,"SERPINE2",FALSE,0.570732853836977
-0.0481028696241365,5.2795523973725,0.702283423560481,0.441422689442884,0.570245898957664,"AATF",FALSE,0.570928902878188
-0.217976436558013,8.29582778577692,0.65803485726418,0.441633886581139,0.570425782472347,"CXCL3",FALSE,0.571108299160573
0.226303163022837,1.32228790460091,0.628291349976206,0.441804592911753,0.570553316925294,"SLC35G2",FALSE,0.571235283597373
0.0607939679741123,4.8558427432661,0.787288252592626,0.441912716176282,0.570590451478438,"ZNF433-AS1",FALSE,0.571271057913431
-0.0347075302682945,6.63758488067348,0.627805268376463,0.441977290934547,0.570590451478438,"CCT8",FALSE,0.571271057913431
0.0802227271983509,4.20362574897583,0.627477952123988,0.442093643795688,0.570647738198017,"TUBGCP3",FALSE,0.571327710928877
0.0359717359069617,6.84744352213982,0.62716502216234,0.442204929348445,0.570698466526856,"CCT5",FALSE,0.571377797836157
-0.0362483298636394,7.75888619759661,0.626296311979027,0.442514103307337,0.57083446898911,"SCAF11",FALSE,0.571510455461996
0.21991388316531,1.46177078785899,0.626276443670575,0.442521178558879,0.57083446898911,"DAB2IP",FALSE,0.571510455461996
-0.472723877224297,-1.0228968992409,0.626133016968712,0.442572259338506,0.57083446898911,"ST6GALNAC2",FALSE,0.571510455461996
0.151003198558805,5.67989755720822,0.647586298051147,0.442660608732345,0.57083446898911,"DNAJB4",FALSE,0.571510455461996
-0.127534051625526,1.83494751868618,0.625857747337506,0.442670322319002,0.57083446898911,"ACAD11",FALSE,0.571510455461996
0.116763715641788,1.85113612196963,0.625386013121245,0.442838456899615,0.570926566280477,"ADARB1",FALSE,0.57160056019756
0.0524135236697522,5.43946905423966,0.625135336890012,0.442927844803472,0.570926566280477,"SNCA",FALSE,0.57160056019756
0.0559487736990438,6.85303079723391,0.625538876484921,0.442957783702221,0.570926566280477,"NOP56",FALSE,0.57160056019756
0.156441159155121,1.4188027001709,0.633399493560756,0.443193306160804,0.571137277510217,"UBE2T",FALSE,0.571810819838653
-0.130926677798759,3.04492133204857,0.623327118303381,0.443573505043292,0.571534332517994,"MYEF2",FALSE,0.572207642497307
-0.0519978143713075,4.89035945601726,0.623002209141504,0.443689683085952,0.571591128941408,"ZMYM4",FALSE,0.572263805394749
-0.0423226536685744,7.44032121152027,0.622081262296282,0.444019256966041,0.57192277322937,"PGLS",FALSE,0.572595139364621
-0.0420171486841622,6.94946296763548,0.621794954751826,0.444121797655366,0.571939091176404,"DDAH2",FALSE,0.57261007591667
-0.0787385632232496,4.46310092553511,0.621643074933343,0.444176208926983,0.571939091176404,"ARMCX2",FALSE,0.57261007591667
0.091451210259883,7.57702582092612,0.634306108274855,0.444312479391542,0.572021652584629,"TRIB1",FALSE,0.5726920341372
-0.0460784531709531,5.73073027847024,0.763517985201236,0.444791321627654,0.572545153087196,"ERGIC3",FALSE,0.573215447698783
-0.0512896460320671,4.64155258387248,0.619088041378502,0.445093191036835,0.57284071729546,"RRP1B",FALSE,0.573510657341869
-0.278756978592443,-0.0370643327864579,0.618804379443212,0.445195186045497,0.572878986360769,"EPB41L1",FALSE,0.573548270754934
0.389877003937552,2.53439060226872,0.637449142900689,0.445320893860155,0.572947751788918,"SPON1",FALSE,0.573616416257407
-0.333636022713938,-0.168515019696087,0.617793926996295,0.445558820688549,0.573160851925818,"MSRB3",FALSE,0.573829064800456
0.0549016105561514,5.05878950445514,0.616859295210715,0.445895602543491,0.573501028060479,"LRRC58",FALSE,0.574168937044397
-0.21354617096631,0.387105817834254,0.616421854111028,0.446053371727797,0.573610889060498,"GINS2",FALSE,0.574278225604115
0.112790629143262,2.90311457464813,0.615974280477561,0.446214890012817,0.57372553487214,"SLC6A8",FALSE,0.574392304496891
-0.312585436351949,-0.845705642222499,0.614555142062589,0.446727656294358,0.574291691114265,"COL6A3",FALSE,0.574958417952451
-0.0427578336886144,5.65921157674825,0.610974741777301,0.448025638477808,0.575866936097935,"EIF3B",FALSE,0.576534789272815
0.0473032597289767,6.15578845517356,0.608764251227863,0.448830090332978,0.57675910442114,"NAA10",FALSE,0.577426585883943
0.042594362147022,7.48036140481932,0.608667796862071,0.448865246503334,0.57675910442114,"CSF2RA",FALSE,0.577426585883943
-0.171892281429533,1.35936770215394,0.607870886392834,0.449155881796457,0.577039026232752,"MATN2",FALSE,0.577706128455916
0.104887608436807,3.56360770702587,0.607556340091974,0.44927068285878,0.577092996387623,"ETS1",FALSE,0.577759457976081
-0.0412862106535971,5.50396436717031,0.606129310567013,0.449792117839215,0.577627204845961,"TCERG1",FALSE,0.578292876700931
-0.0500515693771244,4.45976281648394,0.606019494160984,0.449832285913088,0.577627204845961,"ADK",FALSE,0.578292876700931
0.0870046991436568,3.58096135631053,0.604526926690216,0.450378815912284,0.578162818151926,"CARS",FALSE,0.578827700205845
0.053652930800603,5.65776741026166,0.604482083711607,0.450395252889291,0.578162818151926,"ABHD17A",FALSE,0.578827700205845
-0.0515771724942482,4.62247762266785,0.603978930445627,0.450579749092527,0.57830601437681,"CREBZF",FALSE,0.578970357747664
0.0619460396167632,4.72275328429523,0.667629931931899,0.450973008032327,0.578717061780559,"DGCR6L",FALSE,0.579381173724507
0.0486395341148993,5.54349172398224,0.602278385861725,0.451204227888289,0.578920070998278,"OAZ2",FALSE,0.579583712262179
-0.145833811718968,1.85072754199214,0.601458106079433,0.451505964001289,0.579148338980322,"LINC02076",FALSE,0.579810834761097
0.280883291992844,-0.294470452633624,0.724788540485023,0.451528239560717,0.579148338980322,"MEF2C-AS2",FALSE,0.579810834761097
-0.0509599330076901,4.67223680498554,0.60094889232842,0.451693443510618,0.57926651895053,"PIP5K1A",FALSE,0.579928446541174
0.0995117076281905,6.40830975523925,0.612363868996969,0.452474706873022,0.580144258647235,"AL360012.1",FALSE,0.580805077276728
-0.0458388366862209,5.67070854579143,0.598584903915365,0.452565490142988,0.580144258647235,"FAM32A",FALSE,0.580805077276728
-0.0493620893500292,4.77752630369925,0.65162622772432,0.45259740662628,0.580144258647235,"INO80D",FALSE,0.580805077276728
-0.0360961574542552,6.43829521259707,0.597527411827766,0.452956487326945,0.580504674463845,"RSF1",FALSE,0.581164495931379
-0.0647415946342209,4.09643569122155,0.597342192401524,0.453025027864255,0.580504674463845,"DMTF1",FALSE,0.581164495931379
-0.0908924435230192,3.14378495069883,0.5967530545889,0.453243152718798,0.580690322358537,"NUBPL",FALSE,0.581349651110174
-0.237774392180339,2.17726915669125,0.60079041196838,0.45391087923747,0.581344089512554,"UCHL1",FALSE,0.582001344770892
-0.0542307673212012,5.02528928747013,0.594898688790844,0.453930856819466,0.581344089512554,"USP48",FALSE,0.582001344770892
-0.040035723051967,6.33399050906071,0.59461123301515,0.454037616425815,0.581344089512554,"ZFAND6",FALSE,0.582001344770892
0.0382097657455553,7.58433044336945,0.594586656369127,0.454046745996687,0.581344089512554,"PSMB1",FALSE,0.582001344770892
-0.101008993392658,3.00986900795946,0.593603028101123,0.454412387617451,0.581692219283989,"MTM1",FALSE,0.582348460764609
0.0642838486872713,4.78351329592284,0.593460554879666,0.454465389284186,0.581692219283989,"MACO1",FALSE,0.582348460764609
0.04428957980915,6.427076817429,0.592545247736821,0.454806138570978,0.582034393315692,"NDUFB5",FALSE,0.582690317069794
0.277091022852353,1.2240451362153,0.594781830519796,0.454995233590638,0.582182409926821,"AC090192.2",FALSE,0.582837796784886
0.213976386002376,0.539983466868971,0.591547326917012,0.455178126250636,0.58232244391077,"ANXA3",FALSE,0.582977284767113
0.0379538375039671,6.31300646079471,0.589955563144293,0.455772522426666,0.582988796030753,"H1FX",FALSE,0.583643682002158
-0.0976154650798016,5.39483995963259,0.598967637645171,0.456056325432331,0.583257710602923,"ANKRD37",FALSE,0.583912194337055
0.0428310784478181,8.20966696991205,0.588698369965572,0.45624289499183,0.583402205079876,"NUFIP2",FALSE,0.584056146692499
-0.180213876074957,0.629521222543756,0.58800040588674,0.456504383135001,0.583642436622204,"PAPLN",FALSE,0.584295943190502
-0.272152540882588,-0.58441291399162,0.683693765737735,0.456936118484434,0.584087952401206,"RCAN2",FALSE,0.584740548782034
-0.0849287433262435,3.01781367958206,0.586678800871784,0.457000197873951,0.584087952401206,"ATG2B",FALSE,0.584740548782034
-0.192978794532752,0.865382749268449,0.586058941571512,0.457233053645873,0.584291368359846,"MOXD1",FALSE,0.584943487596978
0.0529809213799058,4.69634111194837,0.584258521283202,0.457910519071483,0.585062787300358,"PNPT1",FALSE,0.585715062387586
0.0590427985851325,5.70500395802298,0.583823777084334,0.458074356025008,0.585128687178258,"ODC1",FALSE,0.585779626024807
-0.0937996940856806,2.99136224912905,0.583730005228373,0.458109707532221,0.585128687178258,"TAF4B",FALSE,0.585779626024807
-0.276911169549913,-0.273978247254023,0.582985571342741,0.458390516684903,0.585393043859199,"ARHGAP23",FALSE,0.586043571964243
0.0398705559372079,7.19108084902941,0.582594496892362,0.458538149517414,0.585487268380425,"PSMB3",FALSE,0.586137196478694
-0.236297413174612,0.575204283618483,0.581335915279076,0.459013809911724,0.586000239127238,"PARVA",FALSE,0.586650031551681
0.0531114893107886,4.7105820567766,0.771392468976456,0.460188148210146,0.587404868621805,"ZCCHC2",FALSE,0.588055512019388
0.450158200203438,-1.29197983476039,0.577532851917617,0.460456132504393,0.587592253059029,"SV2C",FALSE,0.588241691121643
0.0775484222436826,4.74590690097914,0.577808913748374,0.460483182171512,0.587592253059029,"MVP",FALSE,0.588241691121643
0.0787883635463635,4.09809916895881,0.577073584150433,0.460630823620416,0.587686058844972,"FAM228B",FALSE,0.588334894371212
0.066662627996377,4.07563017677526,0.576413703286099,0.46088201583397,0.587821810658009,"CPEB3",FALSE,0.588469383990872
0.0375850958148828,6.91140427614281,0.576404511223818,0.460885516530044,0.587821810658009,"ATP5F1C",FALSE,0.588469383990872
-0.0398695328452954,6.70322506312516,0.572767232352339,0.462274236795202,0.589498174250018,"PSMA4",FALSE,0.590146886642781
0.0430325501711449,5.24772771339572,0.571744478691853,0.462665989692427,0.589902857234088,"FAM192A",FALSE,0.590551306998856
-0.0427852323441074,6.000561060506,0.570731872715219,0.463054404641919,0.590303154848229,"PCMT1",FALSE,0.590951336427837
0.0463619252994843,5.68225195138977,0.570335074005888,0.463206757786335,0.590311470174703,"IL10RB",FALSE,0.590956830291466
-0.162784465691295,1.56589963428119,0.570298140102793,0.463220943051675,0.590311470174703,"SLC16A4",FALSE,0.590956830291466
-0.240902291767729,0.127345961018594,0.570008031393801,0.463332390954652,0.590311470174703,"CTNNA3",FALSE,0.590956830291466
-0.17813392270212,0.650680122062542,0.631004187256239,0.463358763735769,0.590311470174703,"HDAC2-AS2",FALSE,0.590956830291466
-0.0614434593007258,4.39898911516757,0.569345796578394,0.463586963275276,0.590507301549869,"SCAPER",FALSE,0.591152168449761
0.0389652011356575,5.7690982348105,0.568955171980497,0.463737235022762,0.59060382317437,"COPS2",FALSE,0.591248088284402
0.0389910868432603,6.73374205220932,0.568370180355255,0.463962432126571,0.590795721474375,"TMEM165",FALSE,0.591439488720571
0.0572488348367116,4.8732806593331,0.568044346582068,0.464087944099483,0.590860642495696,"SBF2",FALSE,0.591503773437263
0.0451011942262339,6.32087959291936,0.567588069513908,0.464263799111575,0.590910239006395,"ERICH1",FALSE,0.591552010406383
0.0475343551178204,8.37899025168176,0.567556505152134,0.464275968563426,0.590910239006395,"CLEC7A",FALSE,0.591552010406383
0.13023257779139,3.13520451109256,1.22107900906518,0.464532512334509,0.591141855182663,"UPRT",FALSE,0.591783171437785
0.0512419698133911,4.76702816324873,0.566256544422844,0.464777627162359,0.591358855423396,"GOLGA3",FALSE,0.591999700369452
-0.282295821510518,0.458056517107327,0.565869505880876,0.464995820897642,0.591541538523188,"CACNB2",FALSE,0.592181874722216
-0.220822536485107,0.678507958585502,0.56525149507547,0.46516610416639,0.591663223781668,"F2R",FALSE,0.592302985069148
0.0589418648249183,5.19385207122456,0.564997822281459,0.465264241527845,0.591693119479108,"MTF2",FALSE,0.592332206650996
0.210254404051356,0.380369428063174,0.563609879515762,0.465801807266928,0.592253392375951,"SOX6",FALSE,0.592891671162411
-0.0505696888463375,5.20821533098967,0.630966276199071,0.465854207222052,0.592253392375951,"RUFY3",FALSE,0.592891671162411
0.0574616991034955,4.81558083835545,0.55961442485061,0.467355153299538,0.59406632280884,"HAT1",FALSE,0.59470584682503
-0.0475682416170694,7.55506065427862,0.559337925533914,0.467462973694504,0.594108120463294,"DRAP1",FALSE,0.594746981066748
0.0630940853480409,4.44245285199872,0.558740927817326,0.467695915244011,0.594308898229607,"ORAI1",FALSE,0.594947266315569
0.0599126785340423,4.34851978401021,0.557769898628836,0.468075218870713,0.594695566539585,"TULP4",FALSE,0.595333641308278
0.174702909405228,1.92097437611923,0.853741623428099,0.468229668031278,0.5947939425047,"SCAI",FALSE,0.595430705974549
0.0706097405267077,5.81816647801886,0.561197403481723,0.468302697920577,0.5947939425047,"SOCS1",FALSE,0.595430705974549
0.0320107719188505,6.52047287324654,0.556873542338929,0.468425815742829,0.5948550163718,"G3BP1",FALSE,0.595491137069874
-0.201122972157265,0.557120028804274,0.555140425757082,0.46910496107475,0.59562205819997,"CDKN3",FALSE,0.596258290310887
0.0382760767820098,6.00783361200932,0.554811825733954,0.469233915514306,0.595690389463158,"WDR43",FALSE,0.59632598587219
-0.037932531642528,5.11303613082661,0.554605091880967,0.469315076074938,0.595698034441579,"ZNF511",FALSE,0.596332930535219
-0.0445330333003346,5.37905956676483,0.55251847104555,0.470135585497883,0.596565719177763,"ATXN2",FALSE,0.597200121728899
-0.0818577659806106,6.43976684683419,0.56187844962369,0.470149169200639,0.596565719177763,"PPP1R14B",FALSE,0.597200121728899
0.0527234651701691,4.90009564513154,0.551073415145585,0.470705243339496,0.597086147560989,"IFIH1",FALSE,0.597736079098232
0.258618763860272,0.0913062825643273,0.553618600991569,0.47072285284659,0.597086147560989,"AC131944.1",FALSE,0.597736079098232
0.0707313158788136,4.13684713343762,0.550772362771682,0.470824069176435,0.597086147560989,"PTAR1",FALSE,0.597768254145359
-0.261976270247099,0.164198994028111,0.550574647078295,0.470902135581425,0.597086147560989,"GULP1",FALSE,0.597771031922408
0.308916570524399,-0.610354843375286,0.556137095826642,0.47093588303467,0.597086147560989,"IGHG1",TRUE,
0.0837224511142067,3.23083801128718,0.549212828429557,0.471440436262433,0.597630281210196,"ACTA2",FALSE,0.598357943753092
0.0421946090509442,7.12059082941011,0.548903037411643,0.471563036699066,0.59769012868908,"PTTG1IP",FALSE,0.598417139677069
0.049031335367114,4.72315535715295,0.548702724962563,0.471642339623449,0.597695087681378,"AGPS",FALSE,0.598421380504676
-0.0500603453211688,8.08469209006295,0.548637140406675,0.471735771304537,0.597717947083646,"UBE2S",FALSE,0.598443543693582
-0.202250812170867,6.31370053296167,0.57137350657076,0.471931877660949,0.597870873457335,"CRYAB",FALSE,0.598595931768307
0.13305204114967,7.65808037779586,0.5662156037784,0.472112553279293,0.598004205527758,"AZIN1-AS1",FALSE,0.598728701663598
-0.143997459880929,2.48238855035076,0.546865371824854,0.472370800164734,0.598235735416296,"ST7",FALSE,0.598959788137418
-0.104785602007175,2.39313191381256,0.545349555396189,0.472973223064529,0.598903004704614,"CLDN11",FALSE,0.599627140537876
0.0886585240739837,4.27056691358573,0.543801716528156,0.474011202927246,0.600121497414118,"HSPBAP1",FALSE,0.600846380798205
-0.128374038980481,4.63290690672701,0.551649591155937,0.474484665212395,0.600625008111747,"RSAD2",FALSE,0.601349773575169
0.13353881726102,1.71843672040575,0.539554691437361,0.475288368747595,0.60154632621822,"TULP3",FALSE,0.602271476434543
-0.0388037054290322,5.42400391372124,0.539142169399767,0.475453916048863,0.601659799909879,"ZBTB20",FALSE,0.602384360024597
-0.0336192017728488,6.23781102799407,0.537978984666786,0.475921239850424,0.602155057378577,"SRSF4",FALSE,0.602879486660499
0.0787545917052261,4.48005620268594,1.11259640304038,0.476449668552854,0.602727456883202,"ZDHHC12",FALSE,0.603451847083503
0.158643458257261,1.90877956357825,0.536329772589612,0.476585180128691,0.602802697520782,"CHPF",FALSE,0.6035264505793
0.0452612912146174,5.27064171458428,0.53490854225196,0.477158613428821,0.60343172551662,"SMIM12",FALSE,0.604155505720388
0.0466128662453508,6.53808097805139,0.533115158162954,0.477883892467582,0.604250143892858,"KIF1B",FALSE,0.604973448278034
-0.0702561602776055,3.57661634486,0.532931669754546,0.477958205392547,0.604250143892858,"TPT1-AS1",FALSE,0.604973448278034
0.0490102420876109,4.83895152692428,0.531927913324752,0.478365078823699,0.604668103462099,"SDHA",FALSE,0.605391179272787
0.199145755330764,0.458276891568366,0.531451090149598,0.478558567956767,0.604816248487366,"CFH",FALSE,0.605538772625026
0.0379093452852614,5.37468413754057,0.531238389979025,0.478644922518087,0.604828968078322,"STAG1",FALSE,0.605550778801588
-0.0629410156546025,4.51933719680484,0.530839793866961,0.478806821479736,0.604865773525389,"LYRM4",FALSE,0.605586171567061
0.0481336830536861,5.71382811808675,0.530791018737974,0.47882663908241,0.604865773525389,"OTUD6B-AS1",FALSE,0.605586171567061
-0.0514778030348327,6.7396379556816,0.530615806103915,0.479056201381978,0.605059353920077,"RNF7",FALSE,0.605779254331817
-0.173250993550106,1.5655224955517,0.528722861942062,0.479668242499213,0.605735875523058,"ERBB3",FALSE,0.606455852095779
-0.109128560143782,2.35309043681195,0.528475751492204,0.479768970393049,0.60576658660234,"TYW1B",FALSE,0.606485871109826
0.0786767604502715,3.34939581204494,0.527935001233971,0.479989519711409,0.605948552909562,"PDK1",FALSE,0.606667324929646
0.142186625935184,2.57381842291029,0.5272531034031,0.480267886244254,0.606203439284261,"FGD6",FALSE,0.606921785022815
0.0556244150605494,6.25684416778381,0.527256735819152,0.480759224329964,0.606562157748382,"VAMP2",FALSE,0.607276559129307
-0.0987621007435829,3.58419723212885,0.526002749677402,0.480779032998746,0.606562157748382,"MAP1B",FALSE,0.607276559129307
-0.0574582103967986,4.61239631747961,0.525803569898538,0.480860544641065,0.606562157748382,"N4BP2L1",FALSE,0.607276559129307
0.149393758204416,2.23211842685013,0.755393899493087,0.480965799184503,0.606562157748382,"FEN1",FALSE,0.607276559129307
-0.0538829262045688,5.3870094332214,0.52553154710288,0.48097190481643,0.606562157748382,"PNO1",FALSE,0.607276559129307
0.394667066939275,2.38808794735558,0.541651942374723,0.481011135944006,0.606562157748382,"CERNA2",FALSE,0.607276559129307
-0.254678100673096,-0.458177274132869,0.525205518750811,0.481105432306,0.606584584497768,"PTPRS",FALSE,0.607298284843241
-0.0654379748988646,4.66928334699244,0.524565817317357,0.481367613033476,0.606818641458005,"HMGCS1",FALSE,0.607531889695245
0.0486773210649006,5.82299868257051,0.523191874817266,0.481931555936238,0.607423795961896,"TNFRSF1A",FALSE,0.608136299746282
-0.0337158380309535,5.94629254175017,0.523023133217044,0.482000895610026,0.607423795961896,"ACIN1",FALSE,0.608136299746282
0.0932377555601747,3.08434580892425,0.531807877964148,0.482178044384741,0.607550466605566,"GAS2L1",FALSE,0.608262391299117
0.0520686208707631,6.28606612990926,0.521670279706703,0.482714267332052,0.608056679196412,"TWF2",FALSE,0.608767741205113
-0.0699664164560472,4.62993161646807,0.521243612915035,0.482733191077474,0.608056679196412,"FAM149A",FALSE,0.608767741205113
-0.0689079734388112,4.07500402698162,0.520445873041347,0.483062096131922,0.608278589404384,"IQSEC2",FALSE,0.608988455453688
-0.0646261892829223,4.41996174491708,0.520444130018403,0.483062815198032,0.608278589404384,"AGTPBP1",FALSE,0.608988455453688
0.21199255417691,0.70305243331053,0.519559053450432,0.483428183872162,0.608620754356215,"CTSK",FALSE,0.609329564366561
0.0572163864598514,4.82322351473014,0.5194140664485,0.483488081601342,0.608620754356215,"DDA1",FALSE,0.609329564366561
-0.0568582844720218,4.43746427237917,0.535038615700646,0.484412253121312,0.609687306357479,"MTMR10",FALSE,0.610396629892785
0.104640841459113,2.63425481254853,0.516859657142997,0.484545484255366,0.609758190345483,"RFC3",FALSE,0.610466867897613
0.226417473193533,-0.178129729751905,0.514715567755905,0.485436134727622,0.610677557065056,"SMIM35",FALSE,0.611385115881132
0.0601552204500577,3.96075136090335,0.514573635046903,0.485495193602028,0.610677557065056,"FBXO28",FALSE,0.611385115881132
0.219308065324652,0.625964093365046,0.514544917630297,0.485507144573795,0.610677557065056,"KLRD1",FALSE,0.611385115881132
0.110445162398823,2.71317281288673,0.513627828819833,0.485889067075809,0.611060996792039,"FNTB",FALSE,0.611768270804415
-0.043425354075914,6.00998940287244,0.512055038232151,0.486545274542774,0.611789204849343,"LEPROTL1",FALSE,0.612496592017892
-0.307986050027832,-0.307178214736973,0.511567870057988,0.486748846083499,0.611948121114808,"NTN4",FALSE,0.612654962365522
0.0480253879323576,5.42670721241755,0.510382883283918,0.487244632581512,0.612474305867485,"EPB41L4A-AS1",FALSE,0.613181024836606
-0.0510635868166624,5.05095036476832,0.508369105798755,0.488089197752674,0.613438674664426,"TNIP1",FALSE,0.614145775418554
0.165688842684943,0.429213734236385,0.507509503074757,0.488450487426526,0.613795445287287,"RORA-AS1",FALSE,0.614502226117242
-0.0654760267955426,4.19462421368904,0.506183906803448,0.48900854933649,0.614399331083945,"MAFK",FALSE,0.615106075630348
0.0391240600723557,7.5758467933865,0.505850875050983,0.48914892722207,0.614478322772393,"ATP5MC3",FALSE,0.615184426669137
-0.153268821934999,1.69075146895477,0.504746589063677,0.489614904699401,0.614891372930907,"C1orf198",FALSE,0.615596488157831
-0.0501814099887855,4.16903102848314,0.504704097800388,0.489632850316954,0.614891372930907,"WAKMAR2",FALSE,0.615596488157831
0.0417066386328198,6.81646153338317,0.504278871066807,0.489812502528645,0.615019562883608,"TRAPPC1",FALSE,0.615724093652572
-0.0419583225198129,5.37849353787653,0.503233415214299,0.490254683344461,0.615477296841629,"SMARCC2",FALSE,0.616181620195862
-0.043075489350245,6.16725911611105,0.502033334334243,0.490763125773854,0.616018059077757,"AL118516.1",FALSE,0.616722269077432
-0.0819309937114159,3.83109212540921,0.501016143976143,0.491194806164203,0.616462311741301,"SEC22C",FALSE,0.617166297123061
0.101342657496013,4.47693808842043,1.53982459894811,0.49152585459237,0.616780148022841,"CDC42BPB",FALSE,0.617483763750389
-0.071325514380211,3.65057260654987,0.497551919481203,0.492669980635445,0.618116116971619,"UHRF2",FALSE,0.618819789054287
-0.0492374038335149,5.22824294519844,0.497372838233455,0.492746450461734,0.618116116971619,"DCAF8",FALSE,0.618819789054287
-0.117015897562067,1.90454189373213,0.497170304381085,0.492832959972265,0.618126832251244,"MBOAT1",FALSE,0.618829783019047
-0.0538375019188497,6.25514707145249,0.495016202170491,0.494262843311482,0.619822179970489,"PLBD1",FALSE,0.620526323443483
0.0434559489450739,4.54611645375341,0.493232158050757,0.494520410911165,0.62004710069646,"CWC27",FALSE,0.620750764365545
0.0285452427268487,7.63829417079406,0.492672688826362,0.494760962799326,0.620250618765505,"ARF1",FALSE,0.620953778068041
-0.0506479044742045,5.24950045961989,0.492251998053953,0.494941980832674,0.620379450441335,"HSD17B10",FALSE,0.621082020547915
-0.051068101708192,4.48404868674181,0.491800493307923,0.495136387752283,0.620525020882089,"TMEM39A",FALSE,0.621227020658144
0.151261267352699,2.52102061357491,0.883725509690377,0.495701215361281,0.621134698179901,"EFHC1",FALSE,0.621836652008945
0.087670234646787,2.71934692649286,0.490057200088043,0.495888273681381,0.621140790291125,"MORC4",FALSE,0.621840545364117
-0.0584877776747655,6.56268464468407,0.492840470460047,0.495915112274743,0.621140790291125,"AHR",FALSE,0.621840545364117
-0.0368423739552531,5.54666274837749,0.489934847327866,0.495941120401466,0.621140790291125,"MARCH6",FALSE,0.621840545364117
-0.163304269938165,2.45302205665887,0.490529911357988,0.496289350902165,0.621478751216611,"FERMT2",FALSE,0.622178151878939
-0.0439298695385619,5.36196798404893,0.488449404371025,0.496583509198469,0.621748904125942,"KLC1",FALSE,0.622447873582425
-0.0985317689806472,2.23130156134205,0.527198658774976,0.497320927650566,0.6225738693216,"MIRLET7BHG",FALSE,0.623273030230856
-0.14522654853598,1.83282185916101,0.485575323221414,0.497830611358746,0.623113528078961,"NCAPD2",FALSE,0.623812558658216
-0.2219283378505,0.242555404498533,0.485320523447871,0.497941440083274,0.623153865348097,"ITGA3",FALSE,0.623852204989827
-0.0615809746082487,4.94545572956477,0.485113889630942,0.498031350472792,0.623168015553708,"LILRA2",FALSE,0.623865635081039
-0.252886942458341,0.997862055973405,0.486329495908863,0.498280228452541,0.62338104010916,"FGF2",FALSE,0.624078162122277
0.0394734528484935,8.09163698999913,0.484315113937687,0.498379184187678,0.623391097736193,"DNAJB6",FALSE,0.624086759696029
0.43134128816363,-1.31542912947714,0.484162865778737,0.498445530846333,0.623391097736193,"AC113414.1",FALSE,0.624086759696029
-0.0545648650896028,4.58567107619915,0.483720442586378,0.498638418863126,0.62353397235755,"CASP8",FALSE,0.624229058287575
-0.107472499440475,3.12820324585815,0.48289237430359,0.498999796985002,0.623887461046696,"PTBP2",FALSE,0.624582205377796
0.0537096729598964,4.34009535930747,0.482700575372537,0.499083566485167,0.623893805596721,"IARS",FALSE,0.624587821567934
0.0517484660588432,3.91482220172168,0.481900133121828,0.499433434951964,0.624232740390852,"CSTF3",FALSE,0.624926397800441
0.0749136676169272,4.94677116447617,1.27945787728343,0.499614283891594,0.62436034720879,"TSR3",FALSE,0.625053410909637
0.518622488203314,2.97559971595356,0.49899918753702,0.50024163618889,0.62504581429559,"CES1",FALSE,0.625738902809793
-0.107110959904962,2.42581472098512,0.478951279240656,0.500726131821162,0.625457413128204,"SELENOI",FALSE,0.626148749753196
0.0541644956769273,4.71216033229397,0.47879265189912,0.500795838473413,0.625457413128204,"PMM2",FALSE,0.626148749753196
-0.0274162184275792,7.4558866197733,0.478765602122461,0.50080772685896,0.625457413128204,"KIF5B",FALSE,0.626148749753196
-0.0714334369790371,3.9386983213342,0.47644425634884,0.501829835977537,0.626635208635992,"NCOA6",FALSE,0.62732711009696
-0.0524552262645748,5.5317669906071,0.475753013493437,0.502134915480325,0.626917418886302,"PIK3C2A",FALSE,0.627608894836428
-0.189421691632441,0.500759747664976,0.473508968128392,0.503127609888591,0.628057895008148,"CERS1",FALSE,0.628749890657094
0.0769176566967853,3.02937143002591,0.47242362220822,0.503608992001422,0.628559837623942,"FTCDNL1",FALSE,0.62925164773786
-0.0929887249740981,2.65576628900515,0.471270806345773,0.504121202390107,0.629100093270702,"CKAP4",FALSE,0.629791759027793
0.0614723819397845,4.17297332493016,0.470864895840238,0.504301775586554,0.629224250976101,"PPP1R21",FALSE,0.629914575696181
-0.0544413754538913,5.11265893412446,0.47069041825779,0.504379429232231,0.629224250976101,"ZEB2-AS1",FALSE,0.629914575696181
-0.100670283749032,4.1368908405578,0.471930480847446,0.505309389225614,0.630202204398876,"CLIC2",FALSE,0.630890645171471
-0.0793734668884147,4.35114265263783,0.468776674711642,0.505380078919476,0.630202204398876,"NFE2L3",FALSE,0.630890645171471
0.0618521247634834,5.06340932300512,0.468514835665833,0.505411136789358,0.630202204398876,"PIAS2",FALSE,0.630890645171471
0.117496900083639,2.32186638533169,0.468219818378511,0.50548130900258,0.630202204398876,"CDYL2",FALSE,0.630890645171471
0.253230102919865,0.00929652313301509,0.467900574543107,0.50562400588729,0.63028099350227,"TWIST2",FALSE,0.630968781622061
-0.146982350992322,1.56849332920066,0.467272223215481,0.505905080286438,0.630532223944486,"MEG8",FALSE,0.631219547433727
0.0281957141560653,6.16224468484205,0.466889593091773,0.506076376101793,0.630646574934771,"PSMA3-AS1",FALSE,0.63133328439112
0.134980916050919,1.4386736028741,0.466522414924149,0.50624085241051,0.630752393196688,"LCLAT1",FALSE,0.63143847930494
-0.0708514401183376,3.3537387480364,0.465813905159783,0.50655849889468,0.631048991080614,"NEDD1",FALSE,0.631734661119565
0.135235492426213,4.25990273878862,0.473721409871258,0.506962317778268,0.631452828805359,"LINC00472",FALSE,0.632138198711174
-0.0410047503534187,6.12527570103586,0.463265532986829,0.507703982124934,0.632277280912107,"PHF3",FALSE,0.632962806010481
0.398295616177962,3.08606104563546,0.478243624136981,0.507787949017798,0.632282528634067,"MARCO",FALSE,0.632967319994021
0.0476126420178984,5.06270135093877,0.462809152225772,0.50790961613141,0.632334710535462,"TIMM17B",FALSE,0.633018819155711
0.165268274864276,4.02836292614066,0.473398511010704,0.508163396950508,0.632551328469717,"LINC01366",FALSE,0.633234932169583
-0.0935364424991897,2.72504024585499,0.461968375403379,0.508288842963293,0.632608154947094,"SGO2",FALSE,0.633291080952843
0.0358892598817236,6.35905034629076,0.461357229060499,0.508564817156957,0.632766053955004,"CCDC59",FALSE,0.63344693394709
0.0429210721001464,5.95440954480194,0.461217570468835,0.508627920477937,0.632766053955004,"CCPG1",FALSE,0.63344693394709
0.046747504899576,7.1593271887054,0.461157307358749,0.508655154118976,0.632766053955004,"IER5L",FALSE,0.63344693394709
0.0955473785832763,2.51620036660161,0.460261124034698,0.509060461273885,0.633170903197264,"POLA1",FALSE,0.633851479992993
-0.0567187671458727,5.25652249913955,0.460055494864877,0.509153541230107,0.633187337234869,"BMPR2",FALSE,0.633867193080086
-0.0363337339498561,5.17478028342917,0.459549808346846,0.509382575770902,0.633372813787909,"ELOA",FALSE,0.634052130182203
0.0494983737312295,7.39416782193865,0.457952323174257,0.510530435244693,0.634646405434657,"ICAM1",FALSE,0.635325608339667
0.113496614237903,3.37699314876016,0.457781212852983,0.510566949276267,0.634646405434657,"FRS2",FALSE,0.635325608339667
-0.0829763827410549,3.48141567303159,0.664798853980924,0.51093143877396,0.634999913246584,"PTPN9",FALSE,0.635678754684343
0.0718060180607061,3.80029725993046,0.516712025506213,0.511219620741402,0.635258487968313,"TCAIM",FALSE,0.635936865972014
0.196523245610815,0.601638295132814,0.454774650264003,0.511554555491377,0.635575069101337,"KLRF1",FALSE,0.63625304517857
0.0427583556276328,5.84167514798966,0.454184294693719,0.511824244422894,0.635663713627975,"PRRC2B",FALSE,0.63633956536667
-0.0467995967317476,5.15004109577568,0.45411028050016,0.511858074126118,0.635663713627975,"GLRX2",FALSE,0.63633956536667
0.0316051581213118,6.46585223564476,0.45409197545445,0.511866441448158,0.635663713627975,"RTF1",FALSE,0.63633956536667
-0.0612132979817716,4.48719455569148,0.451211192277018,0.513186364068624,0.637203053145819,"PIEZO1",FALSE,0.637879800588927
0.208946560819453,0.254453666245849,0.45071976343839,0.513412145802013,0.63738357217638,"SAXO1",FALSE,0.638059770409885
-0.171949984400404,1.08495393034244,0.448601766131485,0.514387309860502,0.638494221477072,"MAGI3",FALSE,0.639170856006472
-0.113316410460683,1.92080288794291,0.448009439085746,0.51466063203179,0.638733483210399,"HEG1",FALSE,0.639409629261384
-0.0455808264405665,5.75784206146566,0.446797767356408,0.515220569343702,0.639328325834539,"SKI",FALSE,0.640004359080682
-0.0687448905596276,5.68878768774555,0.450601572352783,0.515440658589485,0.639501336666265,"DANCR",FALSE,0.64017681040012
-0.0367491793394374,7.25261046269025,0.445609897980818,0.515770587656955,0.639695380473154,"VDAC1",FALSE,0.64036883252655
0.0357653685438798,6.07936359157063,0.445531867438184,0.515806755628612,0.639695380473154,"LSM8",FALSE,0.64036883252655
-0.0450606796629782,9.0883598738988,0.445591216323557,0.51583912302786,0.639695380473154,"HSPD1",FALSE,0.64036883252655
0.0547816455854139,4.49475900125969,0.445025705100148,0.516041479763814,0.639846238906399,"PACS2",FALSE,0.640519107858724
-0.0495108550444197,4.02540232975103,0.444138263081256,0.516453487539464,0.640256958438291,"COG5",FALSE,0.640929517144911
-0.05858400591907,4.51632776631398,0.443665815971884,0.516673073468496,0.640429037907792,"NOP16",FALSE,0.641101035247253
0.176267612450346,0.694859949466433,0.443116720841071,0.516928498989227,0.640645480691979,"ALDH1A2",FALSE,0.641316962997973
0.0641918927398261,3.73400291763646,0.442586678388396,0.517175281081489,0.64085114542264,"WDFY1",FALSE,0.641522101143123
0.107790649765295,2.25686296907468,0.492081499091559,0.517788115638014,0.641510264225375,"ZHX3",FALSE,0.64218116734828
-0.275532523164101,-0.766564281347082,0.4408985796325,0.517962682387424,0.641626272807422,"NOVA1",FALSE,0.642296554674662
0.228762230362255,0.116039145751428,0.440403753172113,0.518193907353571,0.641812419543683,"S1PR1",FALSE,0.642482153309952
-0.0624050818902046,3.93625726648901,0.438551706145111,0.519061025515524,0.642785974740249,"SCAF8",FALSE,0.643455980961652
0.166167379075858,1.44845866306873,0.437430607817772,0.519587214123707,0.643337097231415,"CYP1B1-AS1",FALSE,0.644006934057043
0.0567036948357775,3.83572379870756,0.437244201452777,0.519674799267935,0.643345066926326,"FASTKD1",FALSE,0.644014168417932
0.0427306362786068,4.66731253032258,0.43650539954931,0.520022201116956,0.643674630828295,"STIMATE",FALSE,0.644343331299053
0.0478719052099051,4.5537161542698,0.435160527925337,0.520655689991152,0.644358150210717,"USPL1",FALSE,0.645026816441311
-0.0432122278413636,5.81463406050391,0.434734696107229,0.520856570489246,0.644506148094075,"DGUOK",FALSE,0.64517422363432
0.157921941993411,1.09964114774993,0.433086595048992,0.521635389366373,0.645369127168634,"KIAA0825",FALSE,0.646037352213219
-0.269710830148344,-0.229249457051577,0.432570826684922,0.521879560197644,0.645570471718976,"NDC80",FALSE,0.646238160207016
-0.141666437643847,0.633501869535758,0.431902659251243,0.522196192644025,0.645861375238975,"SEMA4B",FALSE,0.646528619464031
-0.0282101185433434,6.81922733337186,0.431521891333896,0.522376790521049,0.645983964319276,"YWHAQ",FALSE,0.646650590151607
0.0777737037995498,3.55553974106958,0.453137469103682,0.522524360826177,0.646065678825629,"ZNF236",FALSE,0.646731644083052
0.147079079808818,1.30725566832924,0.430114045946596,0.523045534558463,0.646609230933961,"LIME1",FALSE,0.647275011192518
0.0322107268942883,6.3855856991026,0.429663694079551,0.523259791855582,0.64677325067525,"UBE2N",FALSE,0.6474384545686
0.124218320746921,4.2338892772447,0.436283593091364,0.523461825732275,0.646899450881611,"AC135050.3",FALSE,0.647562549795667
-0.0529288045519996,4.22431325249109,0.492252181091214,0.523555398819928,0.646899450881611,"DLG1",FALSE,0.647562549795667
-0.0319046945053128,8.34239464098546,0.428935281705923,0.523606682178015,0.646899450881611,"COX6B1",FALSE,0.647562549795667
0.043939400479085,5.83235354329182,0.426690235779373,0.524678522448762,0.648111145140122,"WBP4",FALSE,0.648773994621471
-0.282223170261269,0.615146807963234,0.428716419338546,0.524750938528562,0.648111145140122,"PREX2",FALSE,0.648773994621471
-0.0446176334742829,5.19973409170003,0.425416494069235,0.525288450528287,0.648599789757374,"STX10",FALSE,0.649261647337666
0.0621715773791566,4.55393694509976,0.733816218421029,0.525310198036339,0.648599789757374,"IQCB1",FALSE,0.649261647337666
0.174844756060096,2.3505219083099,0.427516344306822,0.525409595316291,0.648621499792518,"ARHGAP20",FALSE,0.649282634023802
-0.0367474339979659,5.56026348381879,0.421841342207766,0.527007468801893,0.650473395235875,"RBM26",FALSE,0.651134922528819
-0.133152611897725,2.21658384410378,0.421703822993727,0.527073800579624,0.650473395235875,"DCN",FALSE,0.651134922528819
0.115993309463963,2.2697603346931,0.646991933277065,0.527336674674391,0.650696522462034,"CCDC171",FALSE,0.651357529489629
-0.180098156800362,1.44478226278279,0.420822050240771,0.527499490004005,0.650796133948297,"LINC02605",FALSE,0.651456495101357
-0.0308168676745234,8.66883960841885,0.420014563213214,0.527889879968884,0.651176438212745,"PSMA7",FALSE,0.651836437992926
0.0598203068396211,4.80684462378759,0.419461166058346,0.528157738618161,0.651405499652268,"RRAS",FALSE,0.652064984302441
0.0404823594833611,5.13572514743635,0.417954893629512,0.528888101929671,0.652204833115326,"TBK1",FALSE,0.652864379035091
0.0360136433610116,5.38123036521185,0.417677537034,0.529022792906919,0.652269471565482,"GAPVD1",FALSE,0.652928335033794
-0.035730038695754,5.92012915415439,0.416876441111512,0.529412184926619,0.652648079940637,"ELK3",FALSE,0.653306577827679
0.0548725017802848,4.22955947961802,0.415820039191438,0.529926495917581,0.653130974400539,"DDX60",FALSE,0.653788463072493
0.0273935383432945,8.92311478393981,0.415733513131983,0.529968662754625,0.653130974400539,"SON",FALSE,0.653788463072493
-0.0285363389195237,7.19744522093473,0.415187242349421,0.530235022766587,0.653357671820562,"COX17",FALSE,0.654014640575414
-0.03090425064262,6.11273542100417,0.414341790338349,0.530647758029579,0.653764634911966,"RBM6",FALSE,0.65442126452051
0.0886344392750522,2.68050412406654,0.413203870860836,0.531204223859348,0.654319689336232,"MTMR2",FALSE,0.654975379146813
0.0508585269464372,4.45229554493167,0.413083094747796,0.53126335018382,0.654319689336232,"DENND11",FALSE,0.654975379146813
-0.0707723920302355,3.84783355597201,0.410668879450212,0.532447838087501,0.655676679148448,"ARFGEF2",FALSE,0.656332978947478
-0.0746475971587325,3.76946282214558,0.410419089164993,0.532570676593001,0.655726094739759,"SLMAP",FALSE,0.656381694336618
0.0885108993546269,2.52400212139089,0.410190974911159,0.532682902191994,0.655762429903436,"WDPCP",FALSE,0.656417316356722
0.0407547781622418,5.394178375565,0.490466049688048,0.533123789211389,0.656203291549121,"GPATCH8",FALSE,0.656857868534145
-0.0451973400106775,4.49273078953167,0.408725393766046,0.53340498999171,0.656329999824091,"MED15",FALSE,0.656982454952747
0.0390370023398446,7.40918156073432,0.408594405538709,0.533469617394966,0.656329999824091,"AP2S1",FALSE,0.656982454952747
0.0598076765905286,3.75799858585557,0.40858331355199,0.533475090674374,0.656329999824091,"PIBF1",FALSE,0.656982454952747
-0.0417059475913865,5.02109083368064,0.408220091741433,0.533654379029792,0.656448707051697,"AP3S1",FALSE,0.657100531102954
-0.0481143337339114,4.81318598523448,0.405760925122352,0.534871237308024,0.657843495094324,"POM121",FALSE,0.658495953666606
0.181479694720826,0.483865841018533,0.404346691219111,0.535573415414681,0.658473716867976,"RFX3-AS1",FALSE,0.659124548432035
-0.0333679592779589,7.3992229230761,0.404263777858868,0.5356146367047,0.658473716867976,"EIF5B",FALSE,0.659124548432035
0.0434934139701947,5.64093849356784,0.404227206650408,0.53563282039374,0.658473716867976,"SAMD9L",FALSE,0.659124548432035
-0.0378047450006038,5.71615003440806,0.402933692701458,0.536276725954789,0.659163082692956,"SRSF1",FALSE,0.659813844615309
0.178272358035498,0.939374536748433,0.401719930751748,0.536882267770924,0.659805087410926,"ABTB2",FALSE,0.660455731651989
0.139104566270824,5.33033178946495,0.412954929748555,0.537231057078009,0.660067142904881,"OASL",FALSE,0.660716542663148
0.0366875545835441,7.38010511115464,0.400960077222276,0.537262017301362,0.660067142904881,"PA2G4",FALSE,0.660716542663148
-0.182591275555103,1.35652956048209,0.715706437201986,0.537693649278548,0.660495080799556,"VGLL3",FALSE,0.661144149994756
0.0701875784982025,5.49053562768254,0.40218674428543,0.538579908112375,0.661481256625083,"NRIP3",FALSE,0.662130542463997
0.0373953753136273,5.13061293963777,0.396943960090386,0.539277655178975,0.662166044758129,"TOR1AIP1",FALSE,0.662814496962591
-0.109833254693297,2.12143024638606,0.396890646516392,0.53930450946055,0.662166044758129,"MICAL3",FALSE,0.662814496962591
-0.102521677646993,3.49505771623236,0.397068029768117,0.539549055552613,0.662363721341146,"MFGE8",FALSE,0.663011614357119
0.0461733148078375,5.6880481820743,0.719978764815371,0.539994145281028,0.662807490910046,"LARP1",FALSE,0.663455064960065
0.240575669105639,2.15708104479296,0.401091244690897,0.540534186397652,0.663268506132189,"CT69",FALSE,0.663915024178275
0.0778744685295224,3.84848904674705,0.394449115024318,0.54053706081232,0.663268506132189,"TRIAP1",FALSE,0.663915024178275
-0.119507982162698,3.35014506671619,0.395878030474111,0.540799941248873,0.663488383506819,"RTN1",FALSE,0.664134362768296
-0.0676784862198826,3.96083330784969,0.392976679570207,0.541282992081666,0.663930693147328,"SP140",FALSE,0.664575596528431
0.334186745189008,-0.301060532622565,0.393022521371789,0.54132795162769,0.663930693147328,"CAV2",FALSE,0.664575596528431
0.0612640717224657,5.2769962895667,0.85358555359795,0.541729155862536,0.664319991906912,"GGCT",FALSE,0.664964520081811
-0.100754608160816,2.66003392749079,0.391756991448746,0.54190237625762,0.664429637947791,"PTK2",FALSE,0.665073519264299
-0.0289025990485743,7.84060513659198,0.388770253535457,0.543424862249836,0.666170203606421,"ST13",FALSE,0.666813507437572
-0.15274587813399,0.432669799206509,0.388497814405911,0.543564146748891,0.666170203606421,"IPO9-AS1",FALSE,0.666813507437572
0.0433133064027439,5.254953251937,0.38847845410058,0.543574047317096,0.666170203606421,"WBP1L",FALSE,0.666813507437572
0.0485068612624308,3.78730913568771,0.38811830396826,0.543758285922097,0.666292997030971,"FLYWCH2",FALSE,0.666935665031026
-0.051748302223045,5.06015401808988,0.387622171385776,0.544012284614971,0.666501219661179,"MOB4",FALSE,0.667143334090402
-0.0348479522644268,8.91073623161395,0.38743180940927,0.544109802441068,0.666517693719528,"NR4A1",FALSE,0.667159069825795
-0.0345489024281637,5.34404377819398,0.387148346377723,0.544255076062828,0.66659265302427,"SEC13",FALSE,0.667233347218014
-0.0825932560771977,7.79854342315763,0.395839458432304,0.544432773765535,0.666707295399006,"PMAIP1",FALSE,0.667347345841744
0.0505837033389087,4.7171301654913,0.512250117370846,0.545069961057882,0.667384502126161,"XPO6",FALSE,0.668024448228687
-0.0381026726679332,5.75952136270018,0.507407616291694,0.545355834761947,0.667561388601745,"CWC25",FALSE,0.668199995682041
0.035406154745106,4.90011313863145,0.384952772585751,0.545382834759524,0.667561388601745,"FAM3C",FALSE,0.668199995682041
-0.0736245925426835,3.68208336419109,0.384532179111157,0.545599387589133,0.667723362890806,"DSTYK",FALSE,0.668361370770827
0.0244650478718258,8.4148104185312,0.382821798392487,0.546481732460975,0.668666111616124,"SUMO2",FALSE,0.669303510566429
0.0550632332849825,4.00766570875752,0.382712141442657,0.546538395972815,0.668666111616124,"CRYZL1",FALSE,0.669303510566429
0.0340109265369126,5.86515636934587,0.382058176048353,0.546876558503169,0.668976601730154,"HCK",FALSE,0.669613541791726
-0.275185033470433,-0.529712775416557,0.381872572811119,0.546972606868266,0.668990871220552,"NBPF3",FALSE,0.669627070226605
0.336144770038972,-0.373420757645592,0.381837378937249,0.547121865748694,0.669070206949814,"GP1BB",FALSE,0.669705726906185
-0.0516194916630359,4.55140886969061,0.380520018844971,0.547673531659258,0.66956429787129,"MAP3K1",FALSE,0.670198777738692
0.0538179352870065,4.32642684421037,0.464138793678452,0.547694812272366,0.66956429787129,"PIK3CA",FALSE,0.670198777738692
0.0416746415720869,5.32979432446674,0.380279243615404,0.547798489488237,0.66958779288664,"LINC01678",FALSE,0.670221540641145
0.2064028042593,1.56441820114458,0.380045255077238,0.548245520945217,0.670030906436517,"CD3E",TRUE,
-0.038108695478392,7.75106349520571,0.379147563271256,0.548386551863073,0.670099966579908,"SSR3",FALSE,0.670836840928151
-0.0316385934520616,6.05689464705489,0.37892603119838,0.548501811408442,0.670137519008495,"SARNP",FALSE,0.67087366407013
-0.133582806045704,1.1644383329221,0.3775155310743,0.549236776734851,0.670932074877334,"CYB5R2",FALSE,0.671668321502198
0.0787464414552238,3.22370452644377,0.376745618020336,0.549638761404972,0.671319688864369,"SGCB",FALSE,0.672055589375814
0.165544885403996,0.526874080533399,0.409428350149369,0.54977637147856,0.671384330419289,"IGFBP3",FALSE,0.672119530494738
0.0399171218791258,6.00116727043924,0.375212617233378,0.550440874820594,0.67209229255778,"NAPA",FALSE,0.672827496018097
-0.161747830925094,0.641914343481297,0.37492940389611,0.550589310419721,0.672170011242308,"COL5A2",FALSE,0.672904527999777
-0.0388329596939979,5.31537240397288,0.37280642715608,0.551704480081774,0.673390436837816,"SPG21",FALSE,0.674124741698793
0.0315270890198601,6.87975215089263,0.372703108422513,0.551758864492741,0.673390436837816,"RWDD1",FALSE,0.674124741698793
0.0772995601046113,3.48213524417546,0.371894456049146,0.55218488119931,0.673806639702651,"ERG28",FALSE,0.674540625537007
0.0367887782851648,4.51564770703989,0.369285263661991,0.553563863689141,0.675359636168302,"TBC1D23",FALSE,0.676093765100767
-0.0282803741856554,9.18112950667702,0.369164341386583,0.553627935854919,0.675359636168302,"DYNLL1",FALSE,0.676093765100767
-0.0741203566972149,3.21295693883089,0.368740228514633,0.553852772341791,0.675529966019341,"DIS3L2",FALSE,0.676263505968479
0.0435004650542255,4.81622053782972,0.367158730412952,0.554692760333966,0.67645042361601,"MYSM1",FALSE,0.677184188115758
-0.0842458659857985,3.18479331952864,0.513941707256609,0.555178916730954,0.676939165155798,"HS2ST1",FALSE,0.677672684537721
0.0972525242173248,2.14813279839476,0.366010195692785,0.555304357538275,0.676987997318691,"MEST",FALSE,0.677720794529285
0.133795061771956,2.55349157992324,0.36614147226517,0.55568678856665,0.677350070688254,"ACVR2A",FALSE,0.678082484561349
0.115615970143685,1.5517295781063,0.365011458671429,0.555837266787209,0.677429339137431,"CERCAM",FALSE,0.678161063613076
-0.271639166561911,0.152203399411884,0.364890038857819,0.555955476889723,0.677469262339644,"GFRA2",FALSE,0.678200255022799
0.0558287495436655,9.3097092378146,0.368401396631107,0.556066193095534,0.6775000428556,"LGALS1",FALSE,0.678230294040349
-0.0299368903487238,7.3282307008646,0.364379148259562,0.556175178048381,0.677528704912042,"TBCA",FALSE,0.678258212486865
-0.121102293157996,1.86005695167208,0.493631434195717,0.556394813925879,0.677634406039936,"SMTN",FALSE,0.678362478895381
-0.0292897858866709,6.97724359764074,0.363897410753173,0.556432893960644,0.677634406039936,"CSF3R",FALSE,0.678362478895381
0.0810928860795683,3.26102388760579,0.400032121235806,0.557160529105186,0.678416322338491,"CEP192",FALSE,0.679144460512248
-0.186833815514577,0.761221975573224,0.361849298909735,0.5575312116915,0.678763428484369,"OVCH1-AS1",FALSE,0.679491164249016
-0.0500415897300423,4.8962606913257,0.476301811570729,0.557750247762817,0.678925835139508,"CEP63",FALSE,0.679652970127683
0.111141012254127,2.62817177863338,0.360891139237951,0.558046505208341,0.679182175820038,"CDKN2C",FALSE,0.679908810397666
-0.0266077538432093,6.38558621909075,0.360165328420119,0.558437470358826,0.679553686109712,"TMEM14B",FALSE,0.680279943016365
-0.0405872076156609,4.59413275339204,0.359903016952084,0.558578900469482,0.679621473744944,"Z93930.2",FALSE,0.680347028122848
0.0301769206478415,5.78284837453468,0.359224044559326,0.558945310855096,0.679962931480619,"CMPK1",FALSE,0.680688075269198
0.144237398330325,1.11870826450997,0.35758998341568,0.559829095965113,0.680881499866214,"BEND7",FALSE,0.681606071634203
0.0266657257225977,6.58389050629839,0.357510488568317,0.559872161658407,0.680881499866214,"MRPL52",FALSE,0.681606071634203
0.0255108550117211,7.35517364468494,0.357267626335499,0.560003771085532,0.680937100792346,"EIF2S2",FALSE,0.681660956213199
-0.0341840917764658,5.98602847079546,0.356921250784948,0.560191581773128,0.681061012160307,"TRIM28",FALSE,0.68178422388517
-0.0248238188962743,6.7807860710594,0.356729613574663,0.560295544507183,0.681082961798979,"MRPL20",FALSE,0.681805421629222
-0.045774971821312,5.60693345977787,0.355322138413478,0.561060273811444,0.681907994906811,"MAPRE2",FALSE,0.682630553990202
-0.099662004597013,7.11608807988009,0.364088069783285,0.561633806278245,0.68244855347216,"LY6E",FALSE,0.683170133023973
-0.113427223408497,1.85442960920613,0.354189480206392,0.561677196191454,0.68244855347216,"PLEKHA7",FALSE,0.683170133023973
0.0554450234104441,3.40539237244953,0.352253775599484,0.562734649017399,0.68362860824547,"TDRD7",FALSE,0.684350658375898
0.0241370288264825,10.032807488999,0.351970194090751,0.562889900178958,0.6837124450159,"OAZ1",FALSE,0.684433806700082
0.0967072502117827,2.01416688707962,0.350965018937595,0.563440889403208,0.684276864459042,"IFT80",FALSE,0.684998044246677
0.0407941508524981,4.7373396883794,0.350698563985507,0.563587128262466,0.684349632848036,"TCEA2",FALSE,0.685070112089447
0.0281378305183537,6.67671964299687,0.350306047712484,0.563802691964102,0.684506545465758,"NUDC",FALSE,0.685226412726503
0.0398342295261314,5.55542620927989,0.389325540038306,0.563917944629143,0.684541642171161,"DPM3",FALSE,0.685260769364244
0.0270273477325219,6.43557151315682,0.349876808467645,0.564038612385042,0.684583300518771,"TXNL1",FALSE,0.685301694689908
-0.280283181572391,-0.522317991657601,0.349260388085496,0.56437775828228,0.684890076176629,"PRR16",FALSE,0.685608015381311
0.0266288017484237,8.56164250969938,0.34803197253965,0.565054836102437,0.685606786137147,"PABPC4",FALSE,0.686324699169749
0.124824437658064,2.53750970571374,0.347647508259654,0.565267080074994,0.685759358964737,"OPTN",FALSE,0.686476654359612
0.1419451345759,0.555168318567241,0.347185167654475,0.565522527896885,0.685964290264153,"GPR137C",FALSE,0.686681022622019
-0.0388419730685239,6.04100098207042,0.346821949994941,0.565723372034382,0.686102936131036,"FMNL3",FALSE,0.686819036043591
-0.0926039005823825,3.3298424235475,0.346332393717132,0.565994303111764,0.686326527236168,"ENDOD1",FALSE,0.687042083191753
0.044492826822559,5.23261631495028,0.345619381938505,0.566389366502253,0.686622567006215,"NDUFS1",FALSE,0.687335323368587
0.203783169130371,0.711269337967365,0.686633411008406,0.566450011958285,0.686622567006215,"STK32B",FALSE,0.687335323368587
0.0265345107737484,8.1023684495572,0.345416041243165,0.566502134614138,0.686622567006215,"SSR4",FALSE,0.687335323368587
-0.0862339858705324,3.52817399057148,0.345266910281934,0.566584867981163,0.686622567006215,"CLEC2D",FALSE,0.687335323368587
0.0462557951300307,4.89026912140748,0.344894624963412,0.566791506896272,0.68676800652203,"CASP3",FALSE,0.687480137233076
0.11797613062987,2.0224959735561,0.344423092475165,0.56705345151366,0.686980403973151,"HIST1H2AH",FALSE,0.687691978298125
0.0702670324225266,3.1298705133012,0.343214197841633,0.567726130196675,0.687690261298585,"PDSS2",FALSE,0.688401793703156
-0.160754991205208,0.0702498761490629,0.342757707457046,0.567980559233415,0.687893350687827,"AMOTL2",FALSE,0.688604316041989
0.0565388839587057,6.32148446227403,1.16719894518696,0.568120564290778,0.687957817885641,"SUMO3",FALSE,0.688668072854709
0.174133161834606,1.14398004518018,0.341984729521284,0.568411911035165,0.68820550254838,"AC015712.2",FALSE,0.68891523617462
0.0440208807719262,4.28507763997662,0.341472849744002,0.568697924493143,0.68844665527281,"WASL",FALSE,0.689155860507149
-0.150258007605473,0.876529994152712,0.465003292939095,0.568829108910586,0.688497313210418,"LAPTM4B",FALSE,0.689205017056339
0.209343829321097,-0.0680080267428634,0.341087451330166,0.568913458481515,0.688497313210418,"AC004889.1",FALSE,0.689205017056339
0.185431148197419,0.634760792859863,0.463266947030194,0.570138796837425,0.689795032333151,"AC106865.2",FALSE,0.69050251455478
-0.0274777910969579,5.95989284397491,0.338864651923466,0.570159794005946,0.689795032333151,"PCNP",FALSE,0.69050251455478
-0.0769915085806773,3.73107438402271,0.338309927335922,0.570471694697763,0.690067072866015,"NXPE3",FALSE,0.690774056383181
0.0773343422164151,3.41808107192751,0.33803842498439,0.570624476496184,0.690146582709649,"GMDS-DT",FALSE,0.69085287011479
-0.134599336357474,1.63934759716681,0.337331897237389,0.571022448802956,0.690522570791617,"LINC02802",FALSE,0.691228465222755
0.190660061501164,0.0752719697852763,0.337104436997605,0.571150692450844,0.69057231809521,"RNF157",FALSE,0.691277485808535
0.0786163970272985,3.54656185074454,0.336032127301842,0.571756057858141,0.691198845181357,"TWSG1",FALSE,0.691903874624644
-0.150433342883201,0.574359001666277,0.334529824279916,0.572606373719458,0.692121257942959,"PLAC9",FALSE,0.692826449418199
-0.050377522850079,4.11483372925625,0.33275745436797,0.57361287207265,0.693232141736581,"DCAF10",FALSE,0.693937685225482
0.0432809309456353,6.98402483538195,0.333261909936869,0.573730531116361,0.693239582120692,"GABPB1-AS1",FALSE,0.693943574186929
0.0549812025196387,3.30175854411662,0.332439329327622,0.573793912446516,0.693239582120692,"ARHGAP19",FALSE,0.693943574186929
-0.295449593933454,-0.687337686624393,0.331017425247301,0.574604528246769,0.694113164702177,"KITLG",FALSE,0.694817263780207
0.0284850148954778,7.37587460439415,0.330720950585746,0.574773841461602,0.69421191576898,"JDP2",FALSE,0.694915335026781
-0.0647647995661768,4.86543537529347,0.854296124516512,0.575022068816413,0.694405934741283,"RELB",FALSE,0.69510731079276
0.039514704574976,5.61101807684511,0.329872482270509,0.575258957256405,0.694410701289361,"SCML1",FALSE,0.69510731079276
-0.04001444141802,5.97048440827469,0.32979477338985,0.575303429645229,0.694410701289361,"ARHGAP45",FALSE,0.69510731079276
-0.157573812392673,0.34750169083313,0.329692686770284,0.575361864005801,0.694410701289361,"FJX1",FALSE,0.69510731079276
0.190526078185119,0.707887133060694,0.329378049979341,0.575542038662811,0.694410701289361,"MYO6",FALSE,0.69510731079276
-0.0329795905893047,7.90623705717297,0.329369481469098,0.575546946982323,0.694410701289361,"CORO1A",FALSE,0.69510731079276
-0.0937205837194981,2.66795732909839,0.329300870280343,0.575586252786155,0.694410701289361,"BMT2",FALSE,0.69510731079276
-0.0448490274145889,4.76780165013256,0.32905770371889,0.575725601805451,0.694410701289361,"DMAC2L",FALSE,0.69510731079276
-0.0393793917053547,5.16537894075908,0.329055730181047,0.57572673304427,0.694410701289361,"SPSB3",FALSE,0.69510731079276
0.150041637437542,0.662835451438389,0.32859104532986,0.575993219147629,0.694582984367197,"LNX1",FALSE,0.695278210899868
0.0556678464090688,5.00444278745341,0.329023454071686,0.576044793417548,0.694582984367197,"TNFSF9",FALSE,0.695278210899868
-0.0399464241591026,4.67973814165162,0.326251673420601,0.577338656181486,0.696037236345319,"OPA1",FALSE,0.696733139307253
-0.227044492402221,1.27884408621444,0.328775395243962,0.578091622918608,0.696839043104565,"FBN2",FALSE,0.697534967889844
-0.263648931784053,-0.353773957694749,0.324411816451691,0.57840136470679,0.697006664187304,"FAM135B",FALSE,0.697701197057707
-0.180347051168762,0.315558785846806,0.324402918357424,0.578406514087825,0.697006664187304,"APBB2",FALSE,0.697701197057707
0.0379719522738599,5.90134402555764,0.324055090576121,0.578607878341006,0.697143352505699,"SECISBP2",FALSE,0.697837242126523
0.101999623072908,3.05899489399908,0.323889064990822,0.578704044837855,0.697153269636,"COL1A2",FALSE,0.697846389902437
0.0457888018603432,5.82883303945096,0.324144346894775,0.578872619511896,0.697250399193302,"MEPCE",FALSE,0.697942836932158
-0.0454777089473137,5.52620161296238,0.322889229527833,0.579283875755035,0.697639764087182,"NFKBIE",FALSE,0.698331809211655
0.0302300445292676,7.15126228222384,0.322586255121945,0.579459815882535,0.697726316263322,"TMEM14C",FALSE,0.698415332075975
-0.153290089672423,0.287539654485624,0.322399664206839,0.579568226042337,0.697726316263322,"SLC35F1",FALSE,0.698415332075975
0.0329287987436263,7.29155275456325,0.322166529124838,0.579703737589164,0.697726316263322,"DDX18",FALSE,0.698415332075975
-0.0259798606125424,5.98644349457355,0.322159583773414,0.579707775634019,0.697726316263322,"OSBPL11",FALSE,0.698415332075975
0.0835983646496737,3.35535142328513,0.538727130320612,0.580562746398711,0.698606106407431,"TRAK2",FALSE,0.69929365420646
-0.155028692211926,-0.030423606832698,0.320588027553826,0.580622983491958,0.698606106407431,"SLFN12L",FALSE,0.69929365420646
0.135994612662351,1.55407133290447,0.320450685413619,0.580703108126258,0.698606106407431,"S100A16",FALSE,0.69929365420646
-0.238388478364471,6.57718330734127,0.331710754070368,0.581110629179839,0.698987399496847,"HBA2",FALSE,0.699673765013884
-0.0374666159818595,5.88454245207876,0.319606022805635,0.581196384647227,0.698987399496847,"ABI2",FALSE,0.699673765013884
-0.106034460159021,2.04375369565463,0.318674835187821,0.581741200948039,0.699536514654338,"HLCS",FALSE,0.700222640346623
-0.0400455400938107,4.46653958627278,0.318049530319712,0.582107648816548,0.699871009981437,"TAP2",FALSE,0.700556684597734
-0.0268482071506901,6.84249044267852,0.316676108270418,0.582914206040284,0.700664117615639,"FLOT1",FALSE,0.701348230556261
-0.033703004695882,5.10895953057065,0.316575900191688,0.58297314551896,0.700664117615639,"BABAM1",FALSE,0.701348230556261
0.0331587308259,5.16460458754244,0.316475109948538,0.583032439948331,0.700664117615639,"DNAJC19",FALSE,0.701348230556261
0.0679792861168006,2.664135434789,0.315894886528391,0.58337402752372,0.700968367718711,"MICALL2",FALSE,0.701651998294942
-0.0357207625201351,5.69483182931537,0.540436073388207,0.583681346561248,0.701150440983776,"MLXIP",FALSE,0.701832690583984
-0.0424656832424624,4.34419727100581,0.315337717937878,0.583702435733214,0.701150440983776,"FAF1",FALSE,0.701832690583984
-0.10736627479412,1.81859445466174,0.314699082881879,0.584079337543566,0.701438555365966,"BBS9",FALSE,0.70211952707917
-0.0496103946868626,4.16945154538486,0.314631519573632,0.584119240984625,0.701438555365966,"PER2",FALSE,0.70211952707917
0.10410872884785,2.57779071716011,0.314434497189314,0.584235636566416,0.701472077343411,"LINC01504",FALSE,0.702152302802475
0.0276494351420587,5.831349194306,0.314236566384291,0.584352617671546,0.70150629208056,"UBE2G2",FALSE,0.702185772119652
-0.122345990470541,1.32589898955728,0.312498631700542,0.585381881478846,0.702601619315485,"CENPK",FALSE,0.70328060137545
-0.0850705855149457,3.29367252869688,0.642337889529145,0.585442267557782,0.702601619315485,"PPP2R3B",FALSE,0.70328060137545
0.029894904267624,7.33346135906094,0.311650920757213,0.585885304612547,0.703026894955089,"NCOA4",FALSE,0.703705508421656
0.0224546708317272,8.7905569661237,0.311024082960803,0.586258144402403,0.70336782215833,"GNAI2",FALSE,0.704045985000324
-0.0497761062192994,3.60019039289564,0.310423102487992,0.586616072714244,0.703690758734835,"FBXL17",FALSE,0.704368453108187
0.113450616434287,1.6082742663258,0.310051902844607,0.586837379145859,0.703760473002933,"FEZ1",FALSE,0.704435896210484
0.0612374065862728,3.3511749035392,0.346370251141324,0.58690941334224,0.703760473002933,"DOP1A",FALSE,0.704435896210484
0.0722518387534736,4.7450638177056,0.883651032872912,0.586940495395483,0.703760473002933,"C1GALT1",FALSE,0.704435896210484
0.0363180190343694,5.02376175247421,0.309679058015444,0.58705984328423,0.703797132550639,"YPEL2",FALSE,0.704471811941076
-0.107490268248884,2.06648774707434,0.309086556504345,0.587413734671159,0.704114921148012,"BAMBI",FALSE,0.704789126064482
0.13759421785587,0.733239784936644,0.308887158405376,0.587532932923784,0.704151336692329,"DLX2",FALSE,0.704824797559551
0.089971122898612,2.5388906514112,0.318828623498942,0.587775263738653,0.704335291856112,"PPCDC",FALSE,0.705008149776661
0.153599264833918,0.372815473875556,0.3082845782059,0.587893459467716,0.704364896275923,"PPM1H",FALSE,0.705036225355422
0.0377620298355212,5.62154754528423,0.424322696749303,0.587977659378665,0.704364896275923,"WDR33",FALSE,0.705036225355422
-0.0432370573997938,5.56707796380729,0.307428694572486,0.588406341262016,0.704771940402668,"SRM",FALSE,0.705442878779814
0.0267357404322518,6.18307050697808,0.306314547875119,0.589075402145281,0.70546673537882,"RSRC1",FALSE,0.706137556010427
0.0462851857259214,3.8115885861981,0.30590516684951,0.589321645362642,0.705655037673316,"TTC28-AS1",FALSE,0.706325258202783
-0.23076138498722,0.0792440638203491,0.305362753053134,0.589648243534541,0.705849071842469,"FXYD3",FALSE,0.706517918631912
0.0702041557766801,3.28916331662959,0.305340325004516,0.589661756156997,0.705849071842469,"PARG",FALSE,0.706517918631912
-0.0586320943365458,3.72123034807058,0.30499940713033,0.589867235718964,0.705988442750596,"ZXDC",FALSE,0.706656642791059
-0.035146200375976,4.92909477140502,0.304658252595177,0.590073009779117,0.706043917527378,"CBFB",FALSE,0.70670983486916
0.0273070225102623,5.98017953012548,0.304625696554475,0.590092654543473,0.706043917527378,"PUM1",FALSE,0.70670983486916
0.0247987211145604,10.0988743951765,0.304479718107225,0.590180756994694,0.706043917527378,"CFL1",FALSE,0.70670983486916
-0.0821964717100853,3.82881401298123,0.304568998959911,0.590657108081903,0.70650717454335,"AL591846.2",FALSE,0.707172750375263
-0.0678823166699141,3.29505988406375,0.512314091545448,0.591022940077189,0.706796794024089,"VPS13A",FALSE,0.707461085890903
-0.029431478415403,5.22020126756269,0.302996446557886,0.591077540915705,0.706796794024089,"USP47",FALSE,0.707461085890903
0.0303710342537023,7.63303076760608,0.302673354710535,0.591273265565965,0.706924211944951,"EIF4A3",FALSE,0.707587845378804
0.0421643119025372,4.71489421652048,0.30246472337666,0.591399724769067,0.706968790405484,"SHPRH",FALSE,0.707631687686925
0.0694051135119578,3.15198158043638,0.302215446930021,0.591550895872218,0.70704289197572,"MFHAS1",FALSE,0.707705080893142
-0.0511080146555078,3.4077476858848,0.301793810772246,0.59180677981164,0.707161635454603,"WWP2",FALSE,0.707820826036681
0.024925599811637,5.94229881113574,0.301564619178027,0.591945971151425,0.707161635454603,"MAP4K4",FALSE,0.707820826036681
0.0469054228960103,5.60471883860483,0.302187901541146,0.591972631226118,0.707161635454603,"COA4",FALSE,0.707820826036681
-0.118899613282444,1.73479656558887,0.443732194289908,0.592007035130197,0.707161635454603,"NEXN",FALSE,0.707820826036681
0.0428976814027064,5.39902453148024,0.301227127998388,0.592151061242532,0.70722711863977,"ECI1",FALSE,0.707885593394334
-0.105786512035619,1.29312127835611,0.300632611942579,0.592512711054682,0.70755245868979,"LIMS2",FALSE,0.708210459367135
0.0986152307242229,2.57135930753428,0.399239692899985,0.593071697996446,0.708113316523467,"AL451085.1",FALSE,0.708771061410194
-0.0370820557168879,4.37903078075509,0.298607377319394,0.593748222966157,0.708814321890632,"PPP4R1",FALSE,0.709471940016287
0.0244572829161151,6.19205954747251,0.298289583900411,0.593942595040138,0.708939610580881,"CHMP2B",FALSE,0.709596567140765
-0.0568282483188903,3.85368848457271,0.297990738534885,0.594125502037818,0.709051178707785,"LEMD3",FALSE,0.709707460963446
0.0268593943474484,7.94303146274084,0.297353651774338,0.594515830637279,0.709317828808417,"COX8A",FALSE,0.709972802609011
-0.0661854582625052,3.94907294116479,0.297334011664105,0.594527872405642,0.709317828808417,"MGP",FALSE,0.709972802609011
0.034447036853408,4.81206987418947,0.296769533896348,0.594874189014335,0.709624220659892,"MARCH5",FALSE,0.710278699765827
0.0207368162284636,8.48083297740573,0.295995915928597,0.595349519271485,0.710084397289655,"HNRNPDL",FALSE,0.710738522930862
-0.0265901059726445,5.896457741326,0.294338160822882,0.596370834453948,0.71119554385543,"EPRS",FALSE,0.711849914216395
-0.082196605840303,3.03014790220064,0.293829556873316,0.596684931846527,0.711463098162019,"BICRAL",FALSE,0.712116935780479
0.0590009304715965,3.88946161792569,0.293474201372882,0.596904599173917,0.711617994323431,"VPS35L",FALSE,0.712271195439582
0.0430287805250578,4.26947109111959,0.293008728787665,0.597192600159752,0.711777483096796,"TNPO3",FALSE,0.712429273262833
-0.0918982895177186,2.34916863866425,0.29296779938702,0.597217938642771,0.711777483096796,"SNTB1",FALSE,0.712429273262833
0.163843494245557,0.649122938507595,0.291710409745535,0.597997491061574,0.712599445233152,"HEY1",FALSE,0.713251208869505
0.0287134873310733,5.66274842671634,0.291464518019023,0.598150194831482,0.712674292850013,"PAPOLG",FALSE,0.713325345879869
0.176926373701352,2.59728432805961,0.29509936396367,0.598321837942131,0.712771680120994,"XIRP1",FALSE,0.713422043182702
0.0221556778682193,7.44567457919487,0.290926452683165,0.598484638157927,0.712858505305896,"RAB7A",FALSE,0.713508168796633
0.174843257243655,-0.0382898527429768,0.289857710671458,0.599150131950256,0.713543975679981,"LUM",FALSE,0.714193484567124
0.108234209619219,3.28715277156595,0.291191564089656,0.59924196389243,0.713546153460376,"CYP1B1",FALSE,0.714194885256363
-0.0289881135014878,7.14687631356767,0.289505894372494,0.59936955431904,0.713590903535268,"TOMM6",FALSE,0.714238897129844
-0.111560098398373,1.50513683736866,0.288749387639392,0.599841965555917,0.714030008706445,"FSTL1",FALSE,0.714676843016412
-0.105719389068233,3.75871617790007,1.13047432885487,0.5999185025219,0.714030008706445,"CASK",FALSE,0.714676843016412
-0.0274510288535907,6.46617185926363,0.43592717674754,0.600579583536547,0.714709537417854,"RALY",FALSE,0.715356207907608
-0.0696663997317967,3.23509271408635,0.286799792358012,0.601063147080919,0.715177642211846,"CDC14A",FALSE,0.715823956568931
0.0794641103105314,3.89105774427114,0.286158651851464,0.602075196569559,0.716243720341116,"SLC25A25",FALSE,0.716889437159525
0.117738666185936,1.53297206011516,0.28508804674772,0.602139807779205,0.716243720341116,"AC046134.2",FALSE,0.716889437159525
0.0459893399191006,4.75225113352987,0.284728263931216,0.602366639684995,0.716406048518248,"ACYP2",FALSE,0.717051131374794
0.048608464354806,3.66867262170332,0.28438622378108,0.602582458157236,0.716499828825812,"ARNT",FALSE,0.717143436017314
-0.266887277888815,-0.598089834527816,0.284316863092369,0.602626243517976,0.716499828825812,"LINC01871",FALSE,0.717143436017314
0.0610386157504041,6.04425934274278,0.287063166079078,0.603418168665122,0.717187024478014,"NUDT4",FALSE,0.717828908314399
0.0248941255328384,7.6073099839901,0.282992985899379,0.603463301268294,0.717187024478014,"UBXN1",FALSE,0.717828908314399
0.195206329859344,-0.228255889397725,0.284072497455302,0.603475610531387,0.717187024478014,"FOXP2",FALSE,0.717828908314399
0.0859196598735961,2.89091505856496,0.282587943829471,0.603719907893931,0.717369818612572,"SLX4IP",FALSE,0.718011086109358
-0.192289111696401,-0.377132154466544,0.282108973865243,0.604023658192756,0.717623192290149,"ADPRHL1",FALSE,0.718263906300759
0.173985421509596,1.16505472450635,0.553446385213255,0.604692271882797,0.718309908823317,"TGFB1I1",FALSE,0.718950455462221
-0.047645844249006,4.11383845183894,0.452628911892468,0.605451464374093,0.718988798056219,"EXOSC10",FALSE,0.719627607815779
-0.0489500093694855,5.33465417839288,0.280504798635534,0.605499461010927,0.718988798056219,"AKAP17A",FALSE,0.719627607815779
0.0516665900277945,4.58349529926197,0.279732300193699,0.605535848211576,0.718988798056219,"ZNF562",FALSE,0.719627607815779
-0.0253304248518659,7.36320183745263,0.279022051855135,0.605989366832469,0.719419541816084,"EID1",FALSE,0.720057953530345
0.0579658868225212,3.13501754074755,0.278389879100626,0.606393660016462,0.719791725798848,"CBFA2T2",FALSE,0.720429686866187
-0.145896758299098,0.69696807467243,0.277972482727413,0.606660922807579,0.720001167068636,"ADAMTS6",FALSE,0.72063853285255
0.0279037330468328,6.98822663127649,0.277078836354796,0.607234006208207,0.72046957147306,"APPL1",FALSE,0.721105789764665
0.0532155682017834,4.46793100441362,0.277073634339099,0.60723734568403,0.72046957147306,"CFLAR-AS1",FALSE,0.721105789764665
-0.0569249117095334,3.61731276950602,0.276290982799362,0.607740237112457,0.720944139543168,"RAD9A",FALSE,0.721579214683015
-0.116487410984102,0.934866898374695,0.276168220229777,0.607819201400925,0.720944139543168,"OSBPL10",FALSE,0.721579214683015
0.0586201132007414,7.44817454413944,0.279953614884804,0.608025713142628,0.721081204756134,"OSM",FALSE,0.721715619728435
-0.04156337884643,4.72337268683844,0.347620483262989,0.608495050461279,0.721529877364197,"EDEM3",FALSE,0.722163905925573
0.183366625757589,0.0673502209891819,0.274721438102931,0.608751522658726,0.721726046304528,"HMMR",FALSE,0.722359466110174
0.029803533486224,6.08934285981181,0.274576346040748,0.608845196007016,0.721729173735589,"MPC1",FALSE,0.722361815383023
0.0500272899388885,4.80719633635828,0.27409585615099,0.609155634569999,0.721989216754515,"AC007613.1",FALSE,0.722621305397147
-0.0820681369894413,1.76432024631959,0.273178866048177,0.60974906494476,0.722584542134837,"AC079921.1",FALSE,0.723216370616504
0.0807518369563258,4.25064289590563,0.810187311204383,0.609945158518688,0.722708895043515,"SETD7",FALSE,0.723340051002593
0.0886601957448289,7.32766101571903,0.280021748080035,0.61008128269286,0.722734368511137,"HSPA6",FALSE,0.723363204274165
0.0495446835286989,4.95740313100035,0.272584672438239,0.610189535339051,0.722734368511137,"RNF187",FALSE,0.723363204274165
-0.0298278592423515,5.98312219757561,0.272421528199518,0.610240144149035,0.722734368511137,"PLEC",FALSE,0.723363204274165
-0.0241484066660032,5.98717445340194,0.271701233493504,0.610708019279695,0.723073558711822,"SMARCE1",FALSE,0.72370112841082
0.192428754730328,-0.018886023127396,0.272745582504154,0.610708949184455,0.723073558711822,"CADM3",FALSE,0.72370112841082
0.0321526827674516,6.22854190763077,0.271141633606158,0.611072064272799,0.723395449537816,"PHB",FALSE,0.72402251802393
0.0290722766541151,6.23884647002941,0.270805722751368,0.611290821480311,0.723546376932801,"PSMB7",FALSE,0.724172795732615
-0.0665885287456306,2.57533365394678,0.270613750432831,0.611415919062197,0.723586416827152,"MAP3K14",FALSE,0.724212089967221
-0.0291645941429872,5.07508171997869,0.268305327232358,0.612924671850357,0.725263701258154,"CHD8",FALSE,0.725890042819771
0.0228560841527047,6.91915728401091,0.267727928656989,0.613303352609867,0.725603488955533,"THRAP3",FALSE,0.726229341930037
-0.0355701604805069,4.68561886472637,0.267162900372963,0.61367442761096,0.725934178170649,"ZNF518A",FALSE,0.726559534222894
0.0551904653661993,3.90142544889771,0.353258391707671,0.61389554678874,0.726087407868287,"USP46",FALSE,0.726712113839473
0.231343078820214,-0.198469392513832,0.266604042786009,0.614041945067065,0.726152228593629,"PRF1",TRUE,
0.0740463825147413,2.26211874202359,0.265947680227594,0.614474214589071,0.726415071630625,"C22orf34",FALSE,0.727146129626513
0.0270912236525828,6.93373771342006,0.265923810991553,0.614489947337628,0.726415071630625,"GSTK1",FALSE,0.727146129626513
-0.0308249295587367,5.47034498907816,0.265849265950955,0.614539087465515,0.726415071630625,"GPI",FALSE,0.727146129626513
0.0347332300561098,5.08522957157893,0.265144935428451,0.615003818363904,0.72675634444802,"HERC4",FALSE,0.727486149837958
0.0385747066231294,4.81708631335322,0.265133849144057,0.615011139619294,0.72675634444802,"MINDY2",FALSE,0.727486149837958
-0.0455739268950386,4.87882315820743,0.264692984849405,0.615302440217796,0.726893609417817,"HMGXB4",FALSE,0.727621159903275
-0.156393907438936,1.26373239182872,0.264617885133445,0.615352093196342,0.726893609417817,"TRPC6",FALSE,0.727621159903275
0.0532496141132292,5.94074913317152,0.861533874485414,0.615402359537385,0.726893609417817,"WDR74",FALSE,0.727621159903275
-0.0483800103129485,3.44958560233816,0.263591064755038,0.616031891933549,0.727528800722356,"HMGCR",FALSE,0.728256189173544
-0.146023348742147,0.223005954604126,0.263207392075275,0.616286333797495,0.727720889834159,"TET1",FALSE,0.728447672566642
0.250018635367342,-1.13778102087462,0.338282902825329,0.616940794417111,0.728385200020679,"AL138828.1",FALSE,0.729111847947495
-0.115111423820841,1.18630253800599,0.26103491620423,0.617731548877003,0.729210202426576,"NPDC1",FALSE,0.729936874464232
0.0778970345956661,1.98144195299636,0.26065785907259,0.617983162411549,0.729398617180104,"EIF1B-AS1",FALSE,0.73012467808611
0.0845376952130529,2.03938173539274,0.259654039449568,0.618654152822822,0.730081887999306,"TTLL5",FALSE,0.730807829650351
0.0902125039135283,1.9632884931762,0.259442207199096,0.618795960440082,0.730140552815742,"SLC4A8",FALSE,0.730865753575257
-0.0597788608130627,3.51329147180153,0.257007930269922,0.62043086180967,0.731960695301647,"MCM3",FALSE,0.732686902913594
0.0186723914918106,8.03704113145779,0.256497418415686,0.620774977796997,0.732257703314178,"SKP1",FALSE,0.73298340453908
-0.0888959108132743,3.19227107626299,0.523367195507229,0.621139631485593,0.732578845346293,"SPSB1",FALSE,0.733304063666042
0.043450372561045,4.58283088966555,0.379973717805572,0.621263452341485,0.732615893226728,"ST3GAL5",FALSE,0.733340347249958
-0.0461660262128518,3.45655137939188,0.255011046825288,0.621779366003991,0.733115231064789,"CDKAL1",FALSE,0.733839377584936
-0.0262383937111217,11.366306707683,0.254763441547468,0.621947041451259,0.733203887676666,"MT-ND2",FALSE,0.733927320634065
0.154622514964438,0.298529196932138,0.25442865428113,0.622173919996532,0.733362301179379,"PEG3",FALSE,0.734085089371376
-0.0701099589914994,2.49347589380924,0.254171903454077,0.622348043133851,0.733458493528344,"KSR1",FALSE,0.734180575592764
-0.0267120244896357,5.77155821573745,0.253865174366835,0.622556206756515,0.733594769198224,"DDOST",FALSE,0.734316184582696
-0.200282709767182,0.137536299751639,0.252717728198543,0.623336344826239,0.73440489549449,"CCK",FALSE,0.735126306069028
0.102838146414726,3.93986849637727,0.253464003279757,0.625081169403025,0.736351190345793,"EFNB2",FALSE,0.737073709408327
0.0268177388603128,5.41238366052014,0.249942211344331,0.625232710488453,0.736420283576356,"ZC3H7A",FALSE,0.737142067229577
-0.219994499141827,-0.350811033199032,0.249479183426476,0.625550367149109,0.736684983772748,"PYHIN1",FALSE,0.737406223612252
-0.0259788172463932,6.08277323053082,0.248272855133328,0.626379711525091,0.737552109456545,"ESD",FALSE,0.738273394284061
0.0261504451135566,7.16870464117454,0.247392522037141,0.626986542190631,0.738157010170378,"PSMB6",FALSE,0.738878082180672
0.170049005419243,0.232758680463856,0.247168769273595,0.627140996285533,0.7382292232445,"AC104596.1",FALSE,0.738949561582027
0.111199036814984,3.51381285574811,0.249549416641058,0.627391584249877,0.738414560560128,"TNFSF15",FALSE,0.739134275567598
-0.146367859872033,0.283139208696606,0.246514219020711,0.627593331836001,0.738542368234499,"CKAP2L",FALSE,0.739261403738639
-0.0555305785024837,3.73298429311548,0.269203231263389,0.627717709774256,0.738579104050208,"PYGB",FALSE,0.739297371445894
0.116903575067535,0.917193574359446,0.245865490284578,0.628042391648455,0.738810017968879,"C21orf62-AS1",FALSE,0.739526902398573
-0.0300331631921517,5.97011302302856,0.474978704148205,0.628100343227831,0.738810017968879,"SAR1A",FALSE,0.739526902398573
-0.0312617275070328,4.9398908670147,0.245224569956703,0.628486779694711,0.739154901263858,"TLNRD1",FALSE,0.739871316562303
-0.192529850234383,-0.313114625309658,0.244907068213346,0.628707193288869,0.739304453929717,"TMEM132B",FALSE,0.740020210478068
0.0516731956831935,7.45141507251976,0.246869103254871,0.629533747989079,0.740166625249505,"PRDM1",FALSE,0.740882412109047
0.0405620114914286,4.15439431108568,0.243099787875032,0.629965265407057,0.740564149488012,"VAPB",FALSE,0.741279516187722
0.0360591646703389,5.97187891966981,0.451210445577403,0.630298200524938,0.74072340561828,"CCT7",FALSE,0.741436513307211
-0.138755735816883,1.84043144006508,0.24320897774544,0.630329323819932,0.74072340561828,"NR2F2",FALSE,0.741436513307211
0.0261852449201144,5.4633327964811,0.242504368818139,0.630381031496788,0.74072340561828,"KRCC1",FALSE,0.741436513307211
0.0556479121691668,4.3747719915196,0.485265641165388,0.632288635982644,0.742854817141435,"YEATS4",FALSE,0.743569170662975
0.0304874242349028,6.52024923380064,0.239560917990024,0.632445837752987,0.742929412017437,"ATM",FALSE,0.743643031316124
-0.0445418688955119,4.93227904294245,0.374337260875128,0.632607995836683,0.74300980607307,"KLHL21",FALSE,0.743722696791731
0.0539517985088352,3.57740843826642,0.260147988356327,0.632744312142697,0.743059829161206,"LHPP",FALSE,0.743771962259052
0.185124392064743,0.233630246465563,0.238667684698224,0.633075576160401,0.743338739306822,"PDLIM3",FALSE,0.744050334028292
0.121102941177819,1.43854731117766,0.238510892822586,0.633186268175832,0.74335861603702,"AC004797.1",FALSE,0.744069424327149
-0.0524227173677729,4.19651389067265,0.23791261219335,0.633609061595054,0.743744838662361,"KDM2B",FALSE,0.744455210625777
0.0511763063086765,4.74714260993437,0.439083821390988,0.633791383626072,0.743848717896003,"LRRC8C",FALSE,0.744558383567879
-0.144691616397886,0.2361711429102,0.338981291624119,0.634406730777537,0.744460710717039,"RGS11",FALSE,0.745170154326142
0.0523999484754384,3.81353881731357,0.236642568481905,0.63450878648888,0.744470276644049,"TKFC",FALSE,0.745178923667173
0.052293845244754,3.65427346609717,0.235661843170243,0.635205619461185,0.745177589684563,"TRIM5",FALSE,0.745886103758417
-0.0314409879576253,5.59984342289103,0.235182266091619,0.635547031939042,0.74546780133344,"ARMCX6",FALSE,0.746175785039608
-0.188642005930454,0.137547429003327,0.234881914315777,0.63576107470791,0.745608550337916,"ANGPTL7",FALSE,0.74631586150334
0.191426442206394,-0.205660037731994,0.234438309708454,0.636077517852564,0.74586933316597,"NCKAP5-AS2",FALSE,0.746576085465211
0.028956470955213,5.78428168988932,0.233685843680244,0.636615140952999,0.746389357804699,"CTDSP1",FALSE,0.747095796280013
-0.179115436340324,0.114764047347692,0.232968809622115,0.637128453693311,0.746880730575272,"AC007098.1",FALSE,0.747586827255868
0.0519492698863879,4.90191992231527,0.23328991509432,0.63727922341015,0.746947025901193,"SPARC",FALSE,0.74765237855922
0.0474224226147143,4.84634365938903,0.635919848233873,0.637853708251287,0.747509859425899,"TRIOBP",FALSE,0.74821493651037
-0.0244020698134004,6.8923598450538,0.231754171713808,0.638000243216628,0.747571080139141,"RTRAF",FALSE,0.7482754080781
-0.122469124647647,0.873708212122009,0.263958770050184,0.638550870305572,0.748075527849802,"SAMD12",FALSE,0.748778716906846
-0.0693905279760016,3.95673136371427,0.231602810183333,0.638619471807197,0.748075527849802,"ANKRD28",FALSE,0.748778716906846
-0.0541130503135921,4.16313212720269,0.230442448753052,0.638944913982236,0.7482727767004,"FBXO22",FALSE,0.748974537556235
-0.0581242958272482,3.41828732980087,0.230398494050358,0.638976626925039,0.7482727767004,"GLIS3",FALSE,0.748974537556235
-0.028905218377985,4.87050100825873,0.230156688013976,0.639151155211233,0.748366616233149,"N4BP1",FALSE,0.749067658547172
0.021994832566142,7.64732363331687,0.22967739985743,0.639497428035501,0.748661489879719,"PKM",FALSE,0.749362001794389
0.0461638806140903,4.51394651838415,0.229054754197612,0.639947943937823,0.749078296107938,"ZDHHC3",FALSE,0.749778391187117
-0.0412921772920077,4.06634201146671,0.228549485569889,0.640314090887514,0.749396237460321,"TST",FALSE,0.75009582275269
-0.039462745149509,5.05184621423578,0.226706105398977,0.641654186559577,0.750774649309733,"MS4A14",FALSE,0.751473905270968
-0.0543330752456055,3.12907038867136,0.226668960620875,0.641681259299036,0.750774649309733,"TMEM184C",FALSE,0.751473905270968
0.0569488750898198,8.14011203790045,0.22978777884923,0.64227808098414,0.751362051946623,"ETS2",FALSE,0.752061046669598
0.050300355235786,3.89982768758485,0.225491138364204,0.642541137095531,0.751558886824044,"TLN2",FALSE,0.752257256358834
-0.0232929547639986,7.09623028984143,0.225298801222363,0.642681818257767,0.751612546857586,"NDUFB10",FALSE,0.752310158132941
0.065687956542341,3.20357763789858,0.224439771064468,0.643311047808582,0.752237461213339,"CHST12",FALSE,0.752934843951272
0.0441083801435346,4.32029124531898,0.223835133011636,0.643754832057154,0.75246949441887,"PTPA",FALSE,0.753163859460163
0.023456423446416,7.65019920683067,0.223748737652127,0.643818303886402,0.75246949441887,"LUC7L3",FALSE,0.753163859460163
-0.030168957821212,6.70496963082243,0.223678496572969,0.643869918865498,0.75246949441887,"LMO4",FALSE,0.753163859460163
-0.0542041193161711,4.43466365671698,0.223997178852558,0.643889133468418,0.75246949441887,"LINC00342",FALSE,0.753163859460163
0.0391347577930049,4.06581333563429,0.223031239420449,0.644346012544989,0.752892437355442,"WDR60",FALSE,0.753586384624321
-0.0647791021826176,3.02014998322917,0.222800042064378,0.644516278008628,0.752980408495786,"KLHL7",FALSE,0.753673628937505
-0.0641047740918163,2.61464650196893,0.222628819071311,0.64464244567144,0.753016842387385,"AL162253.2",FALSE,0.753709288661266
-0.0389238380013465,4.33128330393195,0.313202834049226,0.644910787351957,0.753219316754024,"RAB3GAP2",FALSE,0.753911141528226
0.0707979895246718,2.56161354581671,0.220740733807699,0.646037693433636,0.75442433842125,"POT1",FALSE,0.755116461256703
-0.0277339033056676,5.9698588293486,0.220607887350822,0.646136140454574,0.754428176954914,"HSPA4",FALSE,0.755119494808061
0.0919045622406784,3.46880283451858,0.221434727325527,0.646354526182852,0.754564941403914,"AL356234.3",FALSE,0.755254767999441
0.0214595738952571,5.9117209925257,0.22019327486814,0.646443627903051,0.754564941403914,"TMF1",FALSE,0.755254767999441
-0.0235944154787476,7.38269234017233,0.219951362894365,0.64662320104074,0.754663438517737,"SSBP1",FALSE,0.755352547123213
-0.131998902906391,0.643137280211182,0.219791330982787,0.646742060875438,0.75469105955556,"SNTA1",FALSE,0.75537938555622
0.28923190064606,0.852113934720537,0.223108122692425,0.64691865472319,0.754786033060405,"AC120193.1",FALSE,0.755473637994262
0.0313399140078969,5.75178224149236,0.21927334888104,0.647127145575756,0.75491818865871,"SSNA1",FALSE,0.755605106394813
-0.0202226638993032,7.36866635685483,0.218900813138058,0.647404447267188,0.755130566122446,"VDAC2",FALSE,0.755816869527401
-0.028102147536748,6.36032947324418,0.216985556770597,0.648834697640119,0.756687479095449,"VCP",FALSE,0.757374388503313
-0.205357860671713,-0.445614099741415,0.215196423428466,0.650177791579578,0.758010875388213,"ITK",FALSE,0.758696556339943
0.0286007766036874,6.70025491159258,0.21517285783881,0.650195527827716,0.758010875388213,"PPP1R15B",FALSE,0.758696556339943
0.0263050543063623,5.43572734990351,0.215092120927776,0.650256302158834,0.758010875388213,"TARDBP",FALSE,0.758696556339943
-0.0449746139024952,4.90276820931365,0.320149692594984,0.650909601888817,0.758660882648419,"PHYKPL",FALSE,0.759346341430491
0.132637319720181,0.292442239016261,0.213681241593256,0.651320602048076,0.758855188169578,"ZC2HC1C",FALSE,0.759537583466418
-0.0351051329880663,5.72373204616848,0.213561010834321,0.651411497404254,0.758855188169578,"C7orf50",FALSE,0.759537583466418
-0.157440325257336,-0.3610497053796,0.236974436195676,0.651422495835973,0.758855188169578,"MPDZ",FALSE,0.759537583466418
-0.018518950554493,7.20917766887054,0.213497950552591,0.651459183991189,0.758855188169578,"SEM1",FALSE,0.759537583466418
-0.0881967382945848,1.90403881077173,0.211761306083773,0.652775851281079,0.760277207133303,"ZNF75D",FALSE,0.760960070493096
-0.107474663127826,1.13432413681984,0.211507173123774,0.652969080447726,0.760390550791653,"WDR34",FALSE,0.761072705395353
-0.0959318184258712,3.1574063864926,0.212082675537291,0.65313638569291,0.760473676864942,"SCRG1",FALSE,0.76115509563443
0.0856142845106204,2.47077516995467,0.210500715012394,0.653735735871775,0.76105975242165,"TSPYL4",FALSE,0.761740885549156
0.0299002451976157,5.41979320738928,0.210165834306241,0.653991323423355,0.761245516385312,"WDR26",FALSE,0.761926005017627
0.0417481077786795,5.76182997337108,0.210437236616523,0.654538590604863,0.761770690885988,"FAM111A",FALSE,0.762450837909967
-0.164877017817544,0.235562056041941,0.208224546577661,0.655477876575363,0.762745075527215,"ADGRL3",FALSE,0.7634244690368
0.0316651632024654,5.35668236824566,0.208106905747376,0.655568232169834,0.762745075527215,"KLHL24",FALSE,0.7634244690368
-0.108240631758159,0.85872596924186,0.207449824454179,0.656073486085906,0.763170669754144,"PCLAF",FALSE,0.763848007550275
-0.0170675145924312,8.19690198528638,0.207345182143094,0.656154039449198,0.763170669754144,"MORF4L1",FALSE,0.763848007550275
-0.041127540704959,4.38007985069906,0.207255868734016,0.656222812274722,0.763170669754144,"PLEKHM1",FALSE,0.763848007550275
-0.130996926043935,0.214063077374138,0.206546230559041,0.656769888716369,0.763694877932439,"ZG16B",FALSE,0.764371869302342
0.0267979846199397,6.29699484998688,0.205932561711135,0.657243904354723,0.764133989400828,"SUSD6",FALSE,0.764810558125039
0.0498062790670609,4.21965255418445,0.205801652189636,0.657345133971168,0.764139622012231,"AC106739.1",FALSE,0.764815384053295
-0.0199826234996625,8.42777783910605,0.205378784518763,0.65767239688721,0.764407969875649,"CHCHD2",FALSE,0.765083157512912
-0.0434478831003572,4.32986172945135,0.204443906465252,0.658397369824345,0.765082942365664,"CEP95",FALSE,0.765757102048875
0.0747421935523686,2.70573550294918,0.204381122086284,0.658446129636847,0.765082942365664,"ZNF248",FALSE,0.765757102048875
-0.127897884873938,0.153348301140408,0.20326791799023,0.659312186430457,0.765706256547508,"COL27A1",FALSE,0.76637771741107
-0.0611815419091566,3.31539404795917,0.203255104162556,0.659322172165672,0.765706256547508,"IGFBP4",FALSE,0.76637771741107
0.0323364373271092,6.29534130211556,0.203210371773264,0.659365006000649,0.765706256547508,"XAF1",FALSE,0.76637771741107
0.12811021453129,1.45233493346988,0.203195153075543,0.659368896751997,0.765706256547508,"MPZL2",FALSE,0.76637771741107
-0.0282384782800232,4.48559032363401,0.202168340348732,0.660170475782638,0.766524828940356,"RPRD2",FALSE,0.76719619534085
0.126732918677427,0.527406221205655,0.201986068972141,0.6603130236824,0.766578071716805,"HIST1H1B",FALSE,0.767248672650434
0.0645925132873551,2.10073462456018,0.201839559011867,0.660427660470875,0.766598900763265,"GARNL3",FALSE,0.767268708035623
0.181530395779629,0.261157426174083,0.360411674947971,0.66064677579846,0.766740980607552,"TXK",FALSE,0.767410100227111
-0.0229315713429614,6.09411660936193,0.20126791482578,0.660875427215903,0.766894084743513,"SARS",FALSE,0.767562526257833
0.0527172775536524,3.58485943299163,0.200801391923846,0.661241424851196,0.76720650025176,"HIRIP3",FALSE,0.767874402266763
0.0227159972527913,5.69666382456529,0.209443234023789,0.661363303832548,0.767235626687802,"DCTN3",FALSE,0.767902742460252
-0.0603488282385302,3.31884260891108,0.200421144514709,0.661540118983893,0.767328465735816,"PELO",FALSE,0.767994850774404
0.0264651410132278,6.42035759772025,0.200157733838321,0.66174723629799,0.767456420329207,"NUDT3",FALSE,0.768122105135636
0.0404163587764657,4.80085517762997,0.365546587787015,0.661894487020684,0.767514917814829,"FOXJ3",FALSE,0.768179842184583
0.0228751232607712,6.59738612116128,0.198784371748796,0.662829781565123,0.768487058825431,"RAD23A",FALSE,0.769152013429082
0.0799074732273711,3.72230189851531,0.199091771558543,0.663388332595489,0.768945756706411,"PMP2",FALSE,0.76960948402948
-0.0285803435891566,4.78264992314301,0.198038768220025,0.663419396552958,0.768945756706411,"ASXL2",FALSE,0.76960948402948
-0.0211935438913063,7.47040434508953,0.197852315853437,0.663567050838289,0.769004469967249,"NDUFB11",FALSE,0.769667436175506
0.040178852710734,3.98567495180126,0.197530702313388,0.663821939068686,0.769187420774122,"DUSP16",FALSE,0.769849732957914
0.0239081618257276,6.16290676808742,0.196282088524342,0.66481388689561,0.770205869956897,"IST1",FALSE,0.770865810180786
-0.018059531458809,6.24080579913084,0.196069479045614,0.664983171694316,0.770205869956897,"PSMD2",FALSE,0.770865810180786
0.0372657373837139,4.52284797260338,0.195938677014181,0.665087374509688,0.770205869956897,"CPEB2",FALSE,0.770865810180786
0.0318465029602787,5.2418854878026,0.195936036465932,0.665089478522315,0.770205869956897,"NIPA2",FALSE,0.770865810180786
-0.0346241967131729,5.00751541949985,0.195692139262496,0.665283891873717,0.770318489086436,"CHM",FALSE,0.770977714060186
0.0219341884284485,6.71249439074129,0.195001593160397,0.665835128826419,0.77084417367638,"TCP1",FALSE,0.77150303646044
0.0508234938318194,4.23971066540636,0.194328905524092,0.666373243549719,0.771206577086847,"IL4I1",FALSE,0.771863313731664
-0.0280479727095003,5.12903455396928,0.194245774090912,0.666439822264353,0.771206577086847,"TTC17",FALSE,0.771863313731664
-0.173174313363023,0.00531897140816278,0.194947012788235,0.666439992384206,0.771206577086847,"MMP10",FALSE,0.771863313731664
-0.0610641338982397,2.30777928525239,0.193704674029468,0.66687360149826,0.771595725726533,"PRR11",FALSE,0.772251981861427
0.0649878959043279,2.22361573435371,0.193580576484483,0.666973188672439,0.771598342301926,"WARS2-AS1",FALSE,0.772253789000805
0.0989980340431899,1.51643721864035,0.192998673868838,0.667440674100882,0.772026504854362,"AMZ1",FALSE,0.772681503389677
-0.148014355562414,-0.234285694266637,0.192441022560341,0.667889473856066,0.772341592257662,"APBA2",FALSE,0.772995234424589
-0.133607708415906,0.847820037505089,0.192418128489744,0.66790791580708,0.772341592257662,"THBS2",FALSE,0.772995234424589
-0.0215233605206609,6.81082554175334,0.192047674778346,0.668206512608999,0.772574191623763,"EIF2S3",FALSE,0.77322721890918
0.041476345824313,3.55871184167016,0.191889245449214,0.668334317212395,0.772603295718965,"ZNF407",FALSE,0.77325472479259
-0.0249867649003827,5.27957894363307,0.191774911048093,0.668426589976839,0.772603295718965,"AFF1",FALSE,0.77325472479259
-0.160436547725731,-0.0883071585820088,0.191624812360594,0.668547776310038,0.772630724575216,"CASKIN2",FALSE,0.773281365698206
0.0220600278830071,5.54487519778013,0.222297374496125,0.668748241727582,0.772749753740894,"LRRC59",FALSE,0.773399684135334
-0.117059165444532,0.498340799451308,0.224705329414324,0.669060528831991,0.772849397583195,"UNC79",FALSE,0.773496980005617
-0.0289843929924587,5.99242945030932,0.19091954208677,0.669117961498955,0.772849397583195,"ITPRIPL2",FALSE,0.773496980005617
0.0259409648505842,5.89234541787529,0.190908466922299,0.669126925455481,0.772849397583195,"UQCRC1",FALSE,0.773496980005617
-0.0233956146107713,5.88564048463206,0.190459869391429,0.669490271954962,0.773156427685206,"TIAL1",FALSE,0.77380345693386
-0.0577028925135119,3.74354058361636,0.369974869176436,0.670077276064111,0.773622476185908,"EYA3",FALSE,0.774264225618169
0.0849522865956847,3.52964839958387,0.486632546718709,0.670091857776587,0.773622476185908,"PTCH2",FALSE,0.774264225618169
0.0912492384644523,3.13526157951878,0.190419501935386,0.670236151884459,0.773622476185908,"AP000692.2",FALSE,0.774264225618169
-0.13565228660209,0.178063019394217,0.189409215007622,0.670343278174095,0.773622476185908,"TAPT1-AS1",FALSE,0.774264225618169
0.18476680654378,-0.381577981318968,0.189244493283594,0.670477270040399,0.773622476185908,"CCL14",FALSE,0.774264225618169
0.0251397905747757,5.7635861880354,0.189137091173156,0.670564673331708,0.773622476185908,"FAM162A",FALSE,0.774264225618169
0.136202847763953,0.393749051588108,0.189802038844995,0.670576899135918,0.773622476185908,"CAV1",FALSE,0.774264225618169
0.0454013607710276,5.53379511669776,0.189833433682711,0.671065637542674,0.774073675896744,"TNFRSF14",FALSE,0.774714990117408
-0.0407568718349349,4.26348129453431,0.187846296176357,0.671617453604485,0.774597493770201,"HIST1H2AC",FALSE,0.775238432160606
0.0337527598635321,5.11157064240059,0.187604370222069,0.671815252223598,0.774712919218718,"GLOD4",FALSE,0.775353143424773
-0.0255595845734604,5.26097148291289,0.187396457931091,0.671985363475067,0.774786344144953,"USO1",FALSE,0.775425010202011
-0.0967316492822932,1.30206497990548,0.187287715162518,0.672074380510197,0.774786344144953,"MED12L",FALSE,0.775425010202011
0.218360634356435,-0.464488363156983,0.187230820401843,0.672669633556213,0.775359821871715,"SKAP1",FALSE,0.77599815099661
-0.0834904965126252,2.18971391596165,0.274836340172836,0.673307510679901,0.775955458988092,"C2CD2",FALSE,0.776592658635824
0.0989563291049923,1.01936009241358,0.185694525261829,0.673382133935175,0.775955458988092,"KIF1A",FALSE,0.776592658635824
0.178587593285971,3.59692054917682,0.190244032643999,0.673517202391781,0.775998311373643,"CSF2",FALSE,0.776634736598719
-0.0308045679335266,5.15458386820053,0.210481621376849,0.674212190213546,0.776686173207351,"TENT2",FALSE,0.777322352480947
0.0748592903756978,2.82304639737919,0.183469622530353,0.675219705287155,0.777733811349203,"AC084871.1",FALSE,0.778370037789319
-0.0343642981578207,4.71243684787104,0.183190119237005,0.675451489737775,0.777876140217595,"SEPTIN11",FALSE,0.778510861609196
-0.027090026872462,6.15624943335292,0.183084045879203,0.67553950875355,0.777876140217595,"NDUFA10",FALSE,0.778510861609196
0.030288782300818,4.15761954571039,0.182924058828989,0.675672322628412,0.777916086813542,"CASD1",FALSE,0.778550030373941
0.07222102356278,2.33552630939168,0.182395536895155,0.676111570709018,0.7782356256708,"DNAJC18",FALSE,0.778868208824406
-0.0271619469961913,6.70539331286233,0.182353921002278,0.676146189407224,0.7782356256708,"PHPT1",FALSE,0.778868208824406
-0.0315842306736212,5.24382945041783,0.181776288474167,0.676627187739854,0.77867620037764,"USP11",FALSE,0.779308331142481
0.134328951398916,1.27099009454845,0.434275130106404,0.677688904571456,0.779784852749275,"LINC00271",FALSE,0.78041707209676
0.0388688698752634,5.02862529719661,0.460041878494712,0.678726874773263,0.780865863184215,"ICE1",FALSE,0.781498146662345
-0.139601682926377,0.101005507545242,0.178784740916666,0.679132961277257,0.781219691962578,"AL139383.1",FALSE,0.781851449502006
0.0279740390690835,4.85898489445378,0.178044781454946,0.679756607778786,0.781823645215467,"HMG20B",FALSE,0.782455078328649
0.114779001626596,1.03939730626387,0.177507541027863,0.680210366332799,0.782232054581727,"THY1",FALSE,0.782863004524439
0.0175789156651428,6.53316041173053,0.176897045482949,0.680726988389571,0.782712627114216,"EIF4H",FALSE,0.783343151407105
0.0854803614162052,2.51545969640866,0.348049289821256,0.680860667177248,0.78275280878498,"AC007566.1",FALSE,0.783382552361963
-0.279182452223939,-1.27047209562797,0.178604766819194,0.68119093429353,0.783018954194448,"GRIK2",FALSE,0.78364809876817
-0.0602820112062651,1.97360860606787,0.176021527003551,0.681469732988768,0.783225868822115,"WDR27",FALSE,0.783854366547746
-0.0349022242616188,4.00347895310503,0.17580299595553,0.681655465179246,0.783325775901009,"SPRED2",FALSE,0.783953540829504
0.017725673724711,5.90573262422891,0.174950789264081,0.682381077257624,0.78404596818818,"NDUFA7",FALSE,0.784673496808577
0.0296345704954019,4.5770879821003,0.24061201152442,0.68261704341604,0.784203437212341,"B4GALT4",FALSE,0.78483027846345
-0.118506536195343,0.767756400921811,0.174305394011888,0.682931995050271,0.784451587475883,"SH3D19",FALSE,0.785077813659132
-0.0483591660984604,4.57215641034514,0.174049408170544,0.683408195011575,0.784884857315916,"FAM118A",FALSE,0.785510615742806
-0.0551056023714659,2.63987502252414,0.173304958990089,0.683788373036024,0.785207737750522,"CLIP2",FALSE,0.785832939865471
-0.123779683832701,0.265077179145206,0.172746278564788,0.684267880595987,0.785613964763464,"ITPR3",FALSE,0.786237862732873
-0.0269703039487241,6.10281924809606,0.172661973673198,0.684340317943553,0.785613964763464,"TMEM160",FALSE,0.786237862732873
0.0204171428789109,6.18072449663777,0.172323982531303,0.684630940576883,0.785726989919329,"BUD31",FALSE,0.786347724839447
0.0469920543570674,4.50278196467978,0.369214366337699,0.68474364194749,0.785726989919329,"ATAD1",FALSE,0.786347724839447
0.0387912467349394,3.77790686860159,0.172159462637201,0.684772525468008,0.785726989919329,"TMEM168",FALSE,0.786347724839447
0.0476314057027363,4.9750583129924,0.54706410624685,0.68483520438226,0.785726989919329,"COA1",FALSE,0.786347724839447
-0.120200294292201,0.420683783630488,0.1717982785009,0.685083639362651,0.785890037047929,"EHD2",FALSE,0.786506839253851
-0.0247667386770091,5.07714909979809,0.17161866717042,0.685238495493881,0.785890037047929,"GLYR1",FALSE,0.786506839253851
0.0447645284847295,4.70017330733746,0.448329447961836,0.685409849496668,0.785890037047929,"RFXANK",FALSE,0.786506839253851
-0.0812947076496351,1.78481468902109,0.171378151629374,0.685446011714229,0.785890037047929,"FAM102A",FALSE,0.786506839253851
-0.077917931773254,1.76226112938696,0.171346935662043,0.685472957389812,0.785890037047929,"COL6A1",FALSE,0.786506839253851
0.0242854662489835,5.09949258072123,0.171174509716904,0.685621848042895,0.785947080868142,"TERF1",FALSE,0.786563116190757
-0.1041223391924,1.96823296525513,0.170190391176195,0.68647333976336,0.78680940257972,"COL6A2",FALSE,0.787425301493266
-0.0197384318034057,6.3483678778321,0.169693818973369,0.686904094023087,0.787189311566209,"DNAJC3",FALSE,0.787804695401642
0.0287914998140745,4.72710665800605,0.168308100364412,0.688110090185404,0.788408755936054,"SUCO",FALSE,0.789023466336537
0.0323480059330558,4.59248533414093,0.16824278617248,0.688167077582933,0.788408755936054,"MAP4K3-DT",FALSE,0.789023466336537
-0.038649452790154,5.36557248717623,0.485830596770823,0.689040342917032,0.789295165242917,"UBE2V2",FALSE,0.789909752837657
-0.127901796515076,0.781558834303158,0.166301115349909,0.68986719544747,0.790128160287134,"HSPB2",FALSE,0.790742581948955
0.062041450039215,2.85023084903511,0.223655035216258,0.690188468364455,0.790381940949502,"PRLR",FALSE,0.790995745384809
0.0243910529396552,5.69485322960524,0.165535061043804,0.690541161470231,0.790671624514152,"IL17RA",FALSE,0.791284839281815
0.022844940486468,7.02818211410195,0.165306980232544,0.690742178567387,0.790787580026317,"TAF10",FALSE,0.791400070208534
-0.0237355738626969,5.52872579246235,0.164908368575147,0.69109388333455,0.791075990048558,"MFAP1",FALSE,0.791687889037311
0.0515726690363234,5.97623732382818,0.167183570387429,0.691283290392526,0.791130478752586,"GPR84",FALSE,0.791740791334358
0.103493435226178,1.36777581717488,0.16462855948886,0.691341064177335,0.791130478752586,"BCAS1",FALSE,0.791740791334358
-0.039358957207198,6.01407899681283,0.470478032509333,0.691771857195254,0.791453268923991,"MYO1F",FALSE,0.792062202248693
-0.188206949930028,-0.47984205283227,0.164084036283596,0.691822799400007,0.791453268923991,"CPXM1",FALSE,0.792062202248693
-0.0629380583261609,2.53940944860239,0.21812391795189,0.692742699440136,0.792391303009868,"DNAJC27",FALSE,0.793000143299824
0.0648026972882453,3.85101525550132,0.163557606947714,0.692908907510484,0.792467082911586,"RASD1",FALSE,0.793075166841144
-0.0277220406523502,4.70260963851581,0.162420083147735,0.693300726253351,0.792800830482701,"ARHGEF7",FALSE,0.793408355814047
0.0466382343607444,4.87135384178762,0.432369436145812,0.69356804448292,0.792875942945347,"SMAD5",FALSE,0.79347945553375
0.1119749238944,1.02822139895908,0.274079132556824,0.693693243924118,0.792875942945347,"LGR4",FALSE,0.79347945553375
0.0284111612086872,5.38932656958599,0.231246794492714,0.69369640567325,0.792875942945347,"MTHFR",FALSE,0.79347945553375
0.0618643660385029,2.14467829291286,0.206473658353371,0.693773732864476,0.792875942945347,"IKZF2",FALSE,0.79347945553375
0.0494386119880528,3.26275435579462,0.161785771815832,0.693866459656258,0.792875942945347,"PLPP1",FALSE,0.79347945553375
-0.0218802078910443,5.07607993898724,0.16151304477391,0.694110100617961,0.792947699375388,"TTC37",FALSE,0.79354963996851
0.0878757339268012,1.8033104566156,0.161491572814707,0.694129292843743,0.792947699375388,"PLA2G4C",FALSE,0.79354963996851
0.0312551320848893,4.6055659041169,0.178092288452491,0.694243717053211,0.792964153406981,"DCTN1",FALSE,0.793565293520777
0.0236596340968621,5.43868578810758,0.161135284506963,0.694447971498754,0.793083191881608,"MTMR14",FALSE,0.793683609381573
-0.0491757004164308,2.74154369077977,0.16049700896829,0.695019904132036,0.793622036577672,"FZD2",FALSE,0.794222048847139
0.114396339191911,0.160630616483252,0.159794875840696,0.695650596537203,0.794227812405954,"PRR4",FALSE,0.794827469110962
-0.0180717581568196,7.95359242717666,0.159346292880311,0.696054385993856,0.794499242750824,"RAN",FALSE,0.795094226333945
-0.0909137668549946,1.75850002336411,0.159774345418396,0.696171286619833,0.794499242750824,"CCN2",FALSE,0.795094226333945
0.132526485907616,-0.199302080233244,0.158940133068157,0.696420562139469,0.794499242750824,"PDE7B",FALSE,0.795094226333945
-0.0307673373681902,5.61036858788323,0.295967107515939,0.696454530296398,0.794499242750824,"PACSIN2",FALSE,0.795094226333945
-0.136626809845604,-0.10680019717155,0.158880829083667,0.696474073789188,0.794499242750824,"ASTN2",FALSE,0.795094226333945
-0.0353276222129991,4.58809398861149,0.158863598348385,0.696489623753561,0.794499242750824,"TSC22D4",FALSE,0.795094226333945
-0.0204177318888191,5.83199009533855,0.157940377600711,0.697324234114156,0.795336862042444,"ARHGEF2",FALSE,0.795931659859652
-0.0266813303853571,10.2276361155991,0.157788545700017,0.697502359487832,0.795425590624214,"DUSP1",FALSE,0.796019641901368
0.0415777323950392,3.50627220006285,0.157539131135667,0.697687857235489,0.795434264467367,"UBE4B",FALSE,0.796026697118484
-0.0210685442603379,7.37587696848744,0.157514021878158,0.697710630058788,0.795434264467367,"AKAP9",FALSE,0.796026697118484
-0.258174695850423,-1.26050088877949,0.159324049562804,0.697863419049285,0.795453948437354,"MME",FALSE,0.796043148283224
-0.0217653055297209,5.90322918168734,0.157156634548466,0.698034992186136,0.795453948437354,"SPART",FALSE,0.796043148283224
-0.0251045214945922,6.33413510958911,0.157123218149173,0.698065342660698,0.795453948437354,"RANBP1",FALSE,0.796043148283224
-0.0561257736433057,2.72858409583965,0.157052885382333,0.698129234766285,0.795453948437354,"NACC2",FALSE,0.796043148283224
-0.0210837800953252,5.88475838780061,0.155535177369956,0.699512045341655,0.796816648368451,"PSMD13",FALSE,0.797403608313904
-0.0328536695235831,4.68287441274493,0.1554867544247,0.699556293536663,0.796816648368451,"SLC44A2",FALSE,0.797403608313904
-0.0323328353737943,4.18057347279938,0.155351290450399,0.699680121239008,0.796816648368451,"MTERF4",FALSE,0.797403608313904
-0.0325870654631003,5.27569574332489,0.155299769214402,0.699727233342729,0.796816648368451,"KCNMB1",FALSE,0.797403608313904
-0.140518383084977,-0.73105670940694,0.1549435250864,0.700053239850604,0.797073400191813,"AC104806.2",FALSE,0.797659737278429
0.0496356027332235,2.90538728851016,0.154779644661159,0.70020335686691,0.797129841074219,"COL18A1",FALSE,0.797715407866596
0.111046530753821,1.56459895473046,0.154622092013431,0.700473883270407,0.797323323268885,"CBLN3",FALSE,0.797908220417043
-0.019121138969803,6.66444283081968,0.153969579210453,0.700946751822379,0.79774703537867,"PRKDC",FALSE,0.798331431380179
0.0179665342792012,7.54388822557761,0.153367306971704,0.701500931603343,0.798256882766411,"PARK7",FALSE,0.798840027984164
-0.0234421292180253,5.56657923985322,0.153264007110573,0.70159610987845,0.798256882766411,"ZFX",FALSE,0.798840027984164
0.0238436285577684,4.75729059318771,0.169798030853731,0.702587561795074,0.799188709787559,"GARS",FALSE,0.799769286200114
0.0292402430220313,4.22724311247223,0.152032353279148,0.702733813608834,0.799188709787559,"FBXO25",FALSE,0.799769286200114
-0.119824497229407,0.143840466461662,0.152007444424379,0.702756877567981,0.799188709787559,"OLFML2A",FALSE,0.799769286200114
0.0585769032698953,2.49745372842407,0.151941092806251,0.702818325509443,0.799188709787559,"AC087500.1",FALSE,0.799769286200114
-0.0222481905205152,5.05191510079412,0.15129311865433,0.703419232313862,0.799684867765775,"ELAVL1",FALSE,0.800264180252538
-0.115893956876728,0.844318608511423,0.151253102209633,0.703456390993758,0.799684867765775,"NFIB",FALSE,0.800264180252538
-0.031508698560359,3.85386699535898,0.151029336060998,0.703664282161502,0.799806513114895,"ZDHHC17",FALSE,0.800385101771342
0.0296440425992614,11.7801410191186,0.151419360064535,0.703877478066123,0.799873805586792,"NFKBIA",FALSE,0.800449197180115
-0.02139586595913,6.21333540004996,0.189713224126285,0.704070478287728,0.799873805586792,"ARPP19",FALSE,0.800449197180115
-0.0274915574240979,4.68363585449971,0.150538272044682,0.70412113516302,0.799873805586792,"PFDN4",FALSE,0.800449197180115
-0.0709268717398479,2.04091923745668,0.150531915380024,0.704127054640543,0.799873805586792,"GGH",FALSE,0.800449197180115
0.140139063178644,0.243821527284679,0.150264957115768,0.704375783539656,0.800041720902922,"ABLIM1",FALSE,0.800616422265966
0.0831273360871145,2.07713130773156,0.150116741460411,0.704513988857351,0.800084071574427,"AL078459.1",FALSE,0.800657992530036
-0.107395318950541,0.448352214870905,0.188234110200063,0.704692602926964,0.800172293899308,"ITGA7",FALSE,0.800745467454006
0.205343093870937,0.0108486668289383,0.150143351573259,0.70497384829257,0.800377011207718,"MYOZ2",FALSE,0.800949520745437
-0.0629498969384815,3.17933292795527,0.203806290576766,0.705296485404614,0.800517525936474,"CAVIN1",FALSE,0.801088515083941
-0.099785061222947,2.52664673744728,0.150023516300811,0.705299560881215,0.800517525936474,"SLC16A6",FALSE,0.801088515083941
0.0264367439191886,5.67040644805521,0.148906640000539,0.705645331968182,0.800795332356677,"GADD45A",FALSE,0.801365709275672
0.033308774983277,4.02751198981602,0.148524558857538,0.706003651360896,0.80103550701426,"AC092821.3",FALSE,0.801604434453919
-0.0400173490726461,5.2860905925981,0.149193290587129,0.706059046798139,0.80103550701426,"NAB2",FALSE,0.801604434453919
-0.023038578300115,5.13050405505958,0.147553354298534,0.706971522648635,0.801955963880152,"STAT2",FALSE,0.802524734211232
-0.0199556381558937,6.10055147551756,0.147133884435697,0.707312363463268,0.80221131687402,"UBALD2",FALSE,0.802778646785811
0.0992924391666638,2.04595077353337,0.147398427691076,0.707399005583537,0.80221131687402,"MSX1",FALSE,0.802778646785811
0.0240642206298665,5.12779545926286,0.146757000833618,0.707668265717996,0.802401889389627,"SNX14",FALSE,0.80296854347204
-0.0462715248459491,4.58547470595774,0.146859417612436,0.708032121733953,0.802647382421433,"BLVRA",FALSE,0.803212588867483
-0.0244937253343188,5.0060407468871,0.146314022270965,0.708087259416688,0.802647382421433,"NECTIN2",FALSE,0.803212588867483
0.0262765124081635,5.59399876492542,0.146095612082953,0.708294113696362,0.802767081255863,"SREK1",FALSE,0.803331561718966
0.223575340337372,-0.679858049715569,0.304765525672974,0.708563462923516,0.802876202410669,"TENM3",FALSE,0.803439139539443
0.0228196161679519,5.87326708722513,0.173465252610362,0.708592934947963,0.802876202410669,"MAP7D1",FALSE,0.803439139539443
-0.154602873412614,-0.541810174765353,0.145373627636927,0.708979172444455,0.803002847688584,"NOSTRIN",FALSE,0.803563444882424
-0.125123078483029,0.0917558851146868,0.145371024313036,0.708981646172448,0.803002847688584,"AC078845.1",FALSE,0.803563444882424
-0.0266955349771236,5.28903779415719,0.145342692929252,0.709008568847135,0.803002847688584,"DCP1A",FALSE,0.803563444882424
-0.125628267755054,-0.465596422362413,0.145189840882171,0.70915387298514,0.803052693190429,"MCTP2",FALSE,0.803612516020848
0.0404499183443322,3.15493182204885,0.144684500558961,0.70963488875967,0.803430818436394,"PIGX",FALSE,0.803986860641476
0.0377776052345548,4.66321826993994,0.144574627714246,0.709739601114878,0.803430818436394,"CYB5D2",FALSE,0.803986860641476
-0.0189916308988196,6.31363899950416,0.144401147607075,0.709905026738706,0.803430818436394,"CTTNBP2NL",FALSE,0.803986860641476
-0.0732092542619603,1.040174775613,0.144379246312667,0.709925919328734,0.803430818436394,"COL5A1",FALSE,0.803986860641476
-0.045368522479118,6.6724759203901,0.146449370168516,0.709994489652545,0.803430818436394,"TNFRSF12A",FALSE,0.803986860641476
0.0215434542565322,5.99065810338013,0.143873021406288,0.710409339364691,0.803785534819933,"ZMAT2",FALSE,0.804341014014809
0.021495283783705,6.15083044042365,0.143175655443852,0.711076898267831,0.80434443109384,"UBE2D1",FALSE,0.804897870726324
0.0349517379922678,3.90077219270817,0.143046432045548,0.711200803969393,0.80434443109384,"ANKRD36C",FALSE,0.804897870726324
-0.0307259326979343,5.0971621085652,0.143039266180172,0.711207676837515,0.80434443109384,"MAP3K3",FALSE,0.804897870726324
0.0184883840389615,8.42438039056805,0.142535916325001,0.711690942883587,0.804776179600782,"SRRM2",FALSE,0.805329107732965
-0.0926699960961216,4.71307695890715,0.145496280530459,0.712074659544122,0.805095251121762,"CXCL1",FALSE,0.805647589815969
0.114517956053788,0.472441860799841,0.140971375157561,0.713199361363494,0.806219077114592,"RHBDF1",FALSE,0.806770567936526
-0.164640381678678,-0.0986630273395828,0.140896259623764,0.713272024076911,0.806219077114592,"COL5A3",FALSE,0.806770567936526
0.0205117963064376,5.16949641981011,0.140514579538234,0.713641585305233,0.806476416447628,"PMPCB",FALSE,0.807026464837067
0.0386803558744909,3.679527387866,0.140451058407523,0.71370314553438,0.806476416447628,"TCAF1",FALSE,0.807026464837067
0.0186164529477961,6.75063055395565,0.140254353098904,0.713893880087318,0.806576981805937,"GHITM",FALSE,0.807126289800214
-0.032027672814821,4.65287916529416,0.140061282391662,0.71408123989068,0.806629705026772,"SACM1L",FALSE,0.807176623207533
-0.0177641172159467,7.15928849584814,0.139942729968978,0.71419635914533,0.806629705026772,"SLTM",FALSE,0.807176623207533
-0.0356739313255907,3.36837631616574,0.139891854831447,0.714245778164473,0.806629705026772,"IFT57",FALSE,0.807176623207533
0.0224511378520349,5.15964330922352,0.139582227989586,0.714546765868578,0.806854687338853,"CCDC18-AS1",FALSE,0.807400949729296
0.039043529435906,3.69184161386224,0.139427102645207,0.714697707114412,0.806910199658653,"C12orf76",FALSE,0.807455691473876
-0.0200949386833894,8.84445107471689,0.139185746340109,0.714932745300116,0.8070606300355,"ARPC1B",FALSE,0.807605415468069
0.0153203755713044,8.33820544888679,0.138955305916659,0.715157371777658,0.80706985932739,"RAB31",FALSE,0.807612228119843
-0.135142593419095,1.02065368762978,0.139491351264897,0.715174370515115,0.80706985932739,"PLEKHG1",FALSE,0.807612228119843
-0.0925140708947728,0.286698110168762,0.138864115175248,0.715246320841857,0.80706985932739,"MYCBP2-AS1",FALSE,0.807612228119843
0.0357126654312835,5.9145666102505,0.139414487535605,0.715550608154411,0.8072983095842,"C1orf54",FALSE,0.807840024511386
0.0294602067433895,4.84485505844504,0.137964162985153,0.71612595329432,0.807832464103212,"JOSD2",FALSE,0.808373729768256
-0.0743427689651521,1.34700804198693,0.137795892937664,0.716290788862012,0.807903453421259,"MAP1A",FALSE,0.808443959119617
-0.124821160239439,0.487257362974217,0.136041485405811,0.718016302579191,0.809636515885447,"PCDH10",FALSE,0.810176563210534
-0.0320778092954195,5.85723079054846,0.136545430257922,0.718031577092656,0.809636515885447,"GNS",FALSE,0.810176563210534
-0.0209972409533933,5.05022956765599,0.134924121642897,0.719121912854481,0.810625502877294,"ZC3H6",FALSE,0.811162164419147
-0.0223684542543882,5.4752004650497,0.134857603303395,0.719187896369681,0.810625502877294,"TNKS2",FALSE,0.811162164419147
0.0392019926065154,7.73672275670945,0.136515211500259,0.719224495268456,0.810625502877294,"ZNF267",FALSE,0.811162164419147
-0.028386600918636,4.62465055510763,0.134652778976162,0.719391190798066,0.810625502877294,"SMC2",FALSE,0.811162164419147
0.047495771412758,3.31272071765755,0.1346238590394,0.719419908961231,0.810625502877294,"VPS45",FALSE,0.811162164419147
0.026055298610825,4.40281433364941,0.134136726509525,0.719904173661221,0.811055888700606,"ABCB7",FALSE,0.811592026345607
-0.0224697360655777,6.78379983612133,0.133956953332063,0.720083142306956,0.81111898994002,"MICOS13",FALSE,0.81165355221203
0.124660447736606,0.0663933297634173,0.133874969782132,0.720164804514102,0.81111898994002,"LSAMP",FALSE,0.81165355221203
-0.0887974361212797,1.24548772035739,0.133489293266924,0.720549353107581,0.811436828329106,"NCMAP",FALSE,0.811970791557935
-0.0289229611068909,4.09175000602602,0.13327271582807,0.720765575381161,0.811565044968307,"MAP3K4",FALSE,0.812098284160868
-0.189851018085133,0.643891332964421,0.134781183913825,0.720950482078506,0.811657969599318,"AC093895.1",FALSE,0.812190461577931
-0.0221912050566924,6.34131351098014,0.132899206658402,0.721138943822641,0.811754869604699,"PTPN6",FALSE,0.812286617019554
-0.0266921676645312,6.25307900380535,0.132488445764836,0.721654486490065,0.812219870654917,"CARD16",FALSE,0.812751114305751
0.148448309990952,-0.488143076379147,0.131585611255592,0.722456821158197,0.813007477380012,"TGFBR3",FALSE,0.813538427256186
-0.0367923477874842,4.58929082674891,0.131444695757574,0.722598640743795,0.813051663896793,"CPT1A",FALSE,0.81358183389733
-0.0898489073108693,2.7823997142132,0.131685663364178,0.722841616479038,0.81320964033572,"ACOD1",FALSE,0.813739104690178
-0.027735989468252,4.58552816330125,0.131076056645337,0.722970055299076,0.813238734167292,"NUDT21",FALSE,0.813767409007876
0.0851775686392376,1.41701576914839,0.130660578554144,0.723389375550662,0.813507141500431,"ZNF337-AS1",FALSE,0.814033566045433
-0.0328268413531752,5.78876069822858,0.327332159715457,0.723427794241183,0.813507141500431,"PSEN1",FALSE,0.814033566045433
0.0262250298612224,6.28025324033745,0.130627195038398,0.723516505388438,0.813507141500431,"MLEC",FALSE,0.814033566045433
0.0779479269388864,1.35601291106246,0.12964326136613,0.724419316662026,0.814406741703991,"SMAD6",FALSE,0.814932939692052
-0.0160334542511049,6.62116128979827,0.129022805936767,0.725049730673976,0.814999895758299,"RAB10",FALSE,0.815525667939689
-0.0558308770822074,3.23391182001031,0.128409271494589,0.72567481012707,0.815586886119564,"KLHL42",FALSE,0.816112227577595
0.0269825864727792,4.36327874929439,0.127941652907451,0.72615236880574,0.816007934782694,"SLC25A13",FALSE,0.816532737860636
0.0326713537711029,4.65772983169109,0.204926431246122,0.726552942067023,0.81626702132485,"SMAD4",FALSE,0.816790372031899
0.0324834208188707,4.2808833475627,0.127515108431228,0.726588845798368,0.81626702132485,"HRAS",FALSE,0.816790372031899
-0.0201263339312005,6.65152992729712,0.127254279949713,0.72685615657684,0.816451630680247,"YWHAG",FALSE,0.816974290414088
0.0338039521923538,4.94879726123477,0.1270992092942,0.72705126320177,0.816555094866642,"ZNF618",FALSE,0.817076917355506
0.0308014075545771,4.00849335676798,0.126919410181538,0.727199805208822,0.816557425350218,"WDR20",FALSE,0.817076917355506
0.134012143530431,-0.390691894184116,0.126808276419528,0.727313966145031,0.816557425350218,"AC068282.1",FALSE,0.817076917355506
-0.0432631525293593,2.95080027553173,0.126761213445592,0.727362328181539,0.816557425350218,"TTC21B",FALSE,0.817076917355506
0.120574127916746,0.212292693576609,0.126077546933684,0.728066017716014,0.81723168461738,"SHC4",FALSE,0.817750796630561
0.119243784790247,0.0673073068435043,0.125912095133588,0.728236640296692,0.817307486448495,"OSBPL6",FALSE,0.817825837812878
0.0218522624030287,6.97146925317042,0.125296837212991,0.728872244277742,0.817767394988586,"PFDN2",FALSE,0.818281995224529
0.0177796140044222,7.6029331843067,0.12519010374272,0.728982687262903,0.817767394988586,"SRSF5",FALSE,0.818281995224529
-0.15421657158149,-0.535735007433698,0.125176468148371,0.728996800604616,0.817767394988586,"SEPTIN3",FALSE,0.818281995224529
-0.0280394192220495,4.28690472489598,0.125113772301806,0.729061704325659,0.817767394988586,"SLFN5",FALSE,0.818281995224529
0.0242253125178661,6.72004408212709,0.125016755505286,0.729162173962451,0.817767394988586,"IKZF1",FALSE,0.818281995224529
0.0186991711654837,6.53313153790788,0.124900880295161,0.729282231090382,0.81778635475029,"CD46",FALSE,0.818300159027208
0.0590186239689401,4.3873596572182,0.672065216521238,0.729799043220477,0.818250150565966,"COQ7",FALSE,0.818763438121749
-0.0325998314913793,3.8758832655258,0.127171130053402,0.730008608807071,0.818369379330098,"ZCCHC7",FALSE,0.818881933672519
-0.199328036568691,0.214983052114978,0.124858852022236,0.730194298190594,0.818461811968758,"THSD7A",FALSE,0.818973616336204
0.0566041103991869,1.98511036819918,0.123498637355739,0.730740108958547,0.818730358511074,"OAF",FALSE,0.819239907792272
-0.111883921618726,0.591156303929696,0.123498368140122,0.730740389752608,0.818730358511074,"AC097460.1",FALSE,0.819239907792272
0.0437552898107062,9.14474875191572,0.125589304855149,0.730743695361296,0.818730358511074,"MT2A",FALSE,0.819239907792272
0.0218385018693312,5.52606695540325,0.123329661010459,0.730916420800867,0.818808165057125,"BUB3",FALSE,0.81931695547371
-0.0237417008930948,5.83221501210238,0.122957291852603,0.731305437946698,0.819041664939,"ZCRB1",FALSE,0.819548986098946
0.132688875066883,-0.2155311098718,0.122932390305631,0.731331476551865,0.819041664939,"CLDN19",FALSE,0.819548986098946
-0.0253352131561822,5.12845553307743,0.121969161075711,0.732340986483279,0.820056404073367,"NTMT1",FALSE,0.820563545941583
-0.0247371227268448,8.15868302625901,0.122024673205538,0.732461893735634,0.820075962934064,"DSE",FALSE,0.820582309278915
-0.0175745585614385,7.1040754514634,0.121694659013089,0.732629501932572,0.82014779600698,"KPNB1",FALSE,0.820653379244249
0.0684831628428168,3.7184866901748,0.472225936745602,0.732904729551275,0.820340067186574,"DEAF1",FALSE,0.820844961530415
0.0444824314675279,2.84493791804,0.120949953520669,0.733414080706465,0.820794301502097,"METTL25",FALSE,0.821298667776195
-0.0578856476425254,3.1430192943726,0.12036320635473,0.734034166213775,0.821372317536035,"NLRC5",FALSE,0.821876231016503
0.0182401897044146,7.17245438165605,0.120127229371895,0.734284031930808,0.821535958953916,"PNN",FALSE,0.82203916492126
0.0774007078782565,3.05948246931694,0.314773954554755,0.734958620055841,0.822174677550827,"AC012150.1",FALSE,0.822677466439318
0.0648234637639713,4.71426345381306,0.120984704648102,0.735582868460292,0.822671320611174,"FZD1",FALSE,0.823172796315629
0.0244890741586627,5.6204281469116,0.118879224052757,0.735610115011681,0.822671320611174,"MPHOSPH6",FALSE,0.823172796315629
-0.0433798378166772,3.32008947893927,0.11819270628307,0.736342928487071,0.823374716085402,"EFCAB2",FALSE,0.823875811762696
0.0203990054364393,6.65218834153663,0.117266795910511,0.737335083401262,0.824268092975746,"MT-ND6",FALSE,0.824767304710157
0.116125943205249,0.615468986847667,0.117243385701053,0.73736022552677,0.824268092975746,"CD3G",FALSE,0.824767304710157
-0.0181600447964346,5.85882620785848,0.117156296984108,0.737453781972372,0.824268092975746,"MRPS36",FALSE,0.824767304710157
0.0524344086815368,4.15416419561896,0.117210501082099,0.738175497983489,0.824897040448104,"HIST1H2BG",FALSE,0.825394205674927
-0.0219037013328208,4.84596957490913,0.116365804335419,0.738304775689344,0.824897040448104,"C12orf10",FALSE,0.825394205674927
0.0170557784983517,7.55337503877004,0.11634368689425,0.738328632570604,0.824897040448104,"NDUFA11",FALSE,0.825394205674927
0.112550963751561,0.157940119515224,0.115513613739204,0.739225836477743,0.825724096067225,"AC022217.3",FALSE,0.826220141003521
0.112246544325826,-0.0288963097962306,0.115466195257255,0.739277199026887,0.825724096067225,"FBLN2",FALSE,0.826220141003521
-0.0523464678558068,2.88400085506809,0.117226726742056,0.73960410469259,0.825895620914865,"UTY",FALSE,0.826390150718398
-0.0402976318244194,3.55822952883692,0.115132379659109,0.739639115602364,0.825895620914865,"LBH",FALSE,0.826390150718398
-0.0800162779279563,0.753735386082268,0.114593831141485,0.740224243549719,0.826432587362649,"SFRP4",FALSE,0.826926629422106
0.0308150464424235,3.56757572952804,0.114394674884249,0.7404410156888,0.826558205066292,"PUS10",FALSE,0.827051513057758
0.0807179301309538,0.804477806359487,0.113568126199813,0.741342944369435,0.827448523576078,"CYP27C1",FALSE,0.82794155312481
0.0168289890877541,7.92011404121475,0.113338010370009,0.741594700855254,0.8275070054337,"ATP5ME",FALSE,0.8279984507941
-0.0184090532773711,9.58447837306307,0.113329427822519,0.741604096065394,0.8275070054337,"CALM1",FALSE,0.8279984507941
-0.0761319862837532,1.53194536340009,0.11312643253125,0.741826428877514,0.827638605142264,"RGS5",FALSE,0.82812931935625
-0.0700881041932336,1.85751905100447,0.213881077564718,0.742553336387862,0.828268763088403,"TASP1",FALSE,0.828758231781154
0.0330679825399576,5.18720804414815,0.378396088553603,0.742600197784103,0.828268763088403,"GLRX5",FALSE,0.828758231781154
0.019073102571104,5.97491215984215,0.11168704908439,0.743409378571438,0.829031132243534,"SURF1",FALSE,0.829518622225871
0.0264641411105125,5.72372612671099,0.111612222809665,0.743570777587669,0.829031132243534,"NUDT1",FALSE,0.829518622225871
-0.0320942677913399,3.7557620703348,0.111516743443256,0.743597424493412,0.829031132243534,"MAP2K4",FALSE,0.829518622225871
-0.0171214809140441,8.2325573533538,0.110993235876051,0.744176472362983,0.829465691566631,"CAP1",FALSE,0.829951817887848
-0.0386019731616716,3.26469399627247,0.110975198038328,0.744196451073846,0.829465691566631,"UGGT2",FALSE,0.829951817887848
-0.165374108271849,-0.571942152648378,0.111495729504575,0.744516448999034,0.829705708133868,"MLIP",FALSE,0.83019116563544
0.0398024936367709,2.38363482999388,0.110306491874045,0.744938395186997,0.830059254679201,"RPTOR",FALSE,0.830544109437187
-0.0404336746921176,3.54499581869463,0.109970742141724,0.745311864840795,0.830281331402813,"MRPS27",FALSE,0.830764696930126
-0.0271713691531959,9.51871381977827,0.110458011031881,0.745347153833731,0.830281331402813,"RGS1",FALSE,0.830764696930126
0.0451844035943781,3.92614995775614,0.232810112523258,0.746003105162159,0.830811763823142,"ARL6IP6",FALSE,0.831293819084695
-0.0434406751866097,2.67321975565382,0.109324134342707,0.746032914563188,0.830811763823142,"RGMB",FALSE,0.831293819084695
0.0414105763230405,4.85304835821001,0.318414651379939,0.746172008694828,0.830823857716728,"MFSD10",FALSE,0.831303493074885
-0.101164821728431,0.793926882775253,0.109472006336611,0.746275983623769,0.830823857716728,"CFI",FALSE,0.831303493074885
-0.0335054078838131,4.75884851498036,0.2414098081855,0.746358162797494,0.830823857716728,"AKAP11",FALSE,0.831303493074885
0.0188488269938206,5.56793966390258,0.108683020479267,0.7467501922968,0.831059455864781,"FDX1",FALSE,0.83153760997188
0.100135812849517,0.297743562183755,0.108656904704012,0.746779460592924,0.831059455864781,"AC003991.1",FALSE,0.83153760997188
0.101351168551017,0.609212449894717,0.108017919244061,0.747496806322191,0.831741007792608,"GFRA1",FALSE,0.832218745082846
-0.0742565020253393,0.768098585657345,0.107817587728756,0.747722191985592,0.8318286369708,"EPB41L4B",FALSE,0.832303998856193
-0.0911978880999849,0.972629661730267,0.107669341337844,0.747889128924708,0.8318286369708,"ERBB2",FALSE,0.832303998856193
-0.257665102907818,3.36787572141167,0.112217063501536,0.74789032849746,0.8318286369708,"S100A12",FALSE,0.832303998856193
0.0242254569085631,4.89772941985694,0.106901655738691,0.748755658547712,0.832674268616392,"TMEM173",FALSE,0.83314930480775
-0.0353045493840495,4.46895218273968,0.106359001506863,0.749396978008699,0.833270580876994,"RAB27A",FALSE,0.833745147966746
-0.0151086649811352,13.0994148273312,0.105778164361597,0.750030076675074,0.833786768412388,"HLA-DRA",FALSE,0.834260010577238
0.084553457167077,0.965885433079818,0.105741715395011,0.750071547971386,0.833786768412388,"PCBP4",FALSE,0.834260010577238
-0.0565273066027911,1.28594817567753,0.103914782541616,0.752160490955177,0.835991640584978,"TNS2",FALSE,0.836465322945354
0.0183026672393758,6.57213500824716,0.103601202192446,0.752521090142534,0.836275189606113,"BAZ2B",FALSE,0.836748221332799
0.0257978787392489,3.89030788025867,0.103345353746464,0.752815750188798,0.836485391380069,"MOSMO",FALSE,0.836957730734879
-0.0908935007453792,0.467312350599179,0.109362866269921,0.75304530197516,0.836623199840116,"C2orf27A",FALSE,0.837094805836081
-0.0239681256611185,4.92282858701654,0.10284603577604,0.75339198195976,0.836709786710968,"LSM1",FALSE,0.837178198767085
-0.0283562437410389,5.62435133524273,0.323008233958218,0.753515433586001,0.836709786710968,"HNRNPH2",FALSE,0.837178198767085
-0.0156114770335887,6.86794378268307,0.10272126344599,0.753536216236234,0.836709786710968,"SRSF10",FALSE,0.837178198767085
0.0458867027718817,4.76004333796262,0.401949144122188,0.753545393178142,0.836709786710968,"SLC16A1",FALSE,0.837178198767085
0.0511386327095825,2.89930580428173,0.102430692298015,0.753872487734834,0.836955760084269,"TPST1",FALSE,0.837423499488864
0.0214123182295322,5.68385544418213,0.10231230162835,0.754009650304335,0.836969420953564,"ZNFX1",FALSE,0.837435547943867
0.034255201190636,3.95555822271324,0.102237864524276,0.754095935150266,0.836969420953564,"RARS2",FALSE,0.837435547943867
0.014342989879289,7.88662852080913,0.101805367419063,0.754597960958096,0.837323605675054,"COX7A2",FALSE,0.837788310098013
0.1224551249741,0.328547735947285,0.10178099914489,0.75462628185523,0.837323605675054,"XCL2",FALSE,0.837788310098013
-0.086481603248369,1.9623763706849,0.289225372310136,0.754763037955429,0.837358153499949,"MMS22L",FALSE,0.83782206749512
0.0157252465121753,6.10297690198766,0.100987710501805,0.755550305173022,0.838114288430351,"CRTAP",FALSE,0.838577811235991
-0.0772930364718507,2.08451883785717,0.2016613207691,0.756201838297624,0.838609039029699,"ARSK",FALSE,0.839071214979599
0.0351749871904404,5.07043914362819,0.426761300484246,0.756207873363183,0.838609039029699,"CSNK2A2",FALSE,0.839071214979599
-0.0163943317744155,6.69856734210351,0.10011511054556,0.756571365497176,0.838894795197429,"REEP5",FALSE,0.839356318460323
-0.047761632464876,3.7673217610509,0.229586904594957,0.756693393090922,0.838912770301333,"MBD5",FALSE,0.839373493490606
0.0166903342089577,5.15842264472685,0.0998759000160171,0.756852133815338,0.838971436925055,"DDX52",FALSE,0.839431382542198
-0.0187531827737619,7.36695923245253,0.0996257070617303,0.757146190876552,0.839180064486132,"ANAPC16",FALSE,0.839639314713609
-0.0167277958789058,5.59456846727561,0.0994084757386843,0.757401838914885,0.839251552457167,"RPP21",FALSE,0.839709222823751
-0.0998051397871629,0.699183987305018,0.0993910082356176,0.75742240890906,0.839251552457167,"CTTN",FALSE,0.839709222823751
0.017645462033788,5.82621129522897,0.0992527161488727,0.757585334363427,0.839314775130415,"ADAM10",FALSE,0.839771670763343
0.0273885078172273,4.21925968117806,0.0989755133761812,0.757912292436523,0.839559683447919,"MOB2",FALSE,0.840015903181616
-0.0173290640866328,5.86124048520385,0.0986105811027293,0.758343499426843,0.839919986512435,"MAX",FALSE,0.840375592697239
-0.0202111118689476,5.44576660766556,0.0976798483582974,0.75944726877767,0.8409761979842,"CCDC91",FALSE,0.841430757070841
-0.0622748646214225,2.10342808410983,0.0976277025479095,0.75950928072236,0.8409761979842,"LRIG1",FALSE,0.841430757070841
0.018272671522884,6.55526876794824,0.0974927370764381,0.759669867002751,0.841036545956962,"ADRM1",FALSE,0.841490327931337
-0.025224850183876,5.66857613605974,0.0974814698682951,0.759783858741849,0.841045299093183,"AHI1",FALSE,0.841498276278404
0.0536961471675178,3.12811302283386,0.0972840220020008,0.759918444749058,0.841076843497212,"SMYD3",FALSE,0.841529028357194
-0.0420729385738107,4.45881327222341,0.0973375563099596,0.760497565128858,0.841506442285725,"CCDC71L",FALSE,0.84195723933584
-0.0212785393318044,5.55313927232264,0.0967808946399454,0.76051887726756,0.841506442285725,"PARVB",FALSE,0.84195723933584
-0.0689832172650332,0.938218853994269,0.0962691156290988,0.76113140383535,0.842066671728531,"LINC00632",FALSE,0.842516959310789
0.0931562089326619,0.704874307971002,0.0961406894844232,0.761285393298386,0.84211951975298,"PFN2",FALSE,0.84256902618779
0.0964420510073747,0.103256858681982,0.0958674651544192,0.761613380816146,0.842364799541073,"CD96",FALSE,0.842813627485546
0.0217907116871202,8.93151277332096,0.0955452712613235,0.762129076060864,0.842743798376519,"BTG2",FALSE,0.843191209381223
0.0853377748785498,1.66658991808642,0.235570839694118,0.762168647119026,0.842743798376519,"CTIF",FALSE,0.843191209381223
0.0172592096612788,5.91902120627786,0.0951732919432359,0.762449013362131,0.842873863732907,"NEMF",FALSE,0.84331891680255
-0.0631152273397285,2.07231243288825,0.0950775710742003,0.762564503417586,0.842873863732907,"USP49",FALSE,0.84331891680255
0.0201792630208931,5.00880234395878,0.0950438326411657,0.762605225095376,0.842873863732907,"CENPC",FALSE,0.84331891680255
0.136620980332859,-0.435914597094205,0.095607364872451,0.762750512352129,0.842916930851363,"ESM1",FALSE,0.843361198078607
0.0173062244844635,5.56372452587752,0.0947375502829529,0.762975267066063,0.843047793351881,"FUBP1",FALSE,0.843491321070228
0.021980632846337,5.53023313343765,0.157313381547415,0.764291719810086,0.844384720548267,"TUBGCP2",FALSE,0.844828142088376
0.0475714419201942,2.06892014700872,0.116965919735348,0.764486134551384,0.844481827326651,"SPATA1",FALSE,0.844924490459568
0.0838389249831114,1.48384057316486,0.0924992740451078,0.765699704531575,0.845704549669313,"DEPP1",FALSE,0.846145898838692
0.0166443840995593,5.67658713712288,0.092392476074741,0.765830600564671,0.845705834129632,"CSNK2A1",FALSE,0.846145898838692
-0.0609692420078165,4.01955835425139,0.44469997314048,0.765979248143939,0.845705834129632,"MFSD4B",FALSE,0.846145898838692
-0.0729484687158484,1.50242809235927,0.0922373421017919,0.766020887346732,0.845705834129632,"SMC5-AS1",FALSE,0.846145898838692
-0.0941693087346985,0.419432325146855,0.0920185707950429,0.766289530417618,0.845884627840557,"TSHZ3",FALSE,0.846323975975045
0.131649098389094,-0.316898260359581,0.129227937075969,0.766542477519497,0.84604604785947,"OXTR",FALSE,0.846484670296972
0.0418057273500402,2.74533613261826,0.0913856192926259,0.767068752266983,0.846509057345857,"ELP1",FALSE,0.846947110071379
0.0770229871442291,0.739844253462557,0.091068274691485,0.767460547795876,0.846823552251316,"PDE3A",FALSE,0.847260957894607
-0.0220652838024797,5.18746231267365,0.0903969259655321,0.768291874299227,0.847622874957455,"YTHDC2",FALSE,0.84805988310625
0.0155044395320073,7.74890257896329,0.0902379531786631,0.768489224512947,0.84765481243187,"ATP5MD",FALSE,0.848088597735173
0.0205101056500484,5.11051753795505,0.0900907506981169,0.768672132974953,0.84765481243187,"IREB2",FALSE,0.848088597735173
0.0837168091228111,0.545094076961101,0.0900754595126611,0.768691142636274,0.84765481243187,"RRAS2",FALSE,0.848088597735173
0.0683545444359054,0.998684883083235,0.0900293311033153,0.768748499165634,0.84765481243187,"USP54",FALSE,0.848088597735173
0.0363668704526896,3.16603699378348,0.0896077979519086,0.769273385444619,0.848115616716026,"ABAT",FALSE,0.848548828133956
0.0176661879758326,5.55006693008176,0.0886326061329297,0.770492885476661,0.849275599064449,"TRIP11",FALSE,0.849707782057485
-0.0148403418058013,5.65099703754241,0.088595222008729,0.770539781038166,0.849275599064449,"VDAC3",FALSE,0.849707782057485
-0.0189306513059478,5.58554268405174,0.0885007334486123,0.770658358103245,0.849288221162431,"NCKAP5L",FALSE,0.849719600439099
0.0210533837603284,4.52551405132293,0.0879462074323364,0.77135565291731,0.849938515125564,"HMOX2",FALSE,0.850369414173323
-0.0152326933584351,6.23918861722054,0.0877896438116607,0.771552960670888,0.850037781017065,"PHIP",FALSE,0.850467919989542
-0.0458123170916945,2.58940574686595,0.0875647633360111,0.771836701057895,0.850232230927746,"SLC25A12",FALSE,0.850661657937059
0.0312452056287247,4.95377598974306,0.216973312325594,0.772022551150804,0.850318808769599,"SSPN",FALSE,0.850747469291654
-0.0264771041701469,5.04981136405034,0.0870520036225106,0.772485163143302,0.850566046099924,"EXOSC6",FALSE,0.850992401266259
-0.0438709959408943,2.20140115592881,0.0870013193707688,0.772549374281682,0.850566046099924,"DHFR",FALSE,0.850992401266259
-0.0183517201327919,4.84921025707408,0.0869859242478532,0.772568882185363,0.850566046099924,"MICU2",FALSE,0.850992401266259
-0.0435957286948883,2.90571365126532,0.0866276974568429,0.773023342401212,0.850948216961511,"PIGL",FALSE,0.851373953786767
-0.0317386394547096,3.24213109653294,0.0857631834810755,0.774124342976538,0.852041897975565,"TARBP1",FALSE,0.852467371256523
-0.0170602451508876,6.00933709504216,0.0853571535818182,0.774643532658401,0.852494992631288,"RBM23",FALSE,0.852919881241493
0.0565393399583118,0.962425160376679,0.0850767248901034,0.77500290343294,0.852680641203067,"CECR2",FALSE,0.853104000814729
-0.0278683799365763,4.60351517460445,0.0850576795356454,0.775027333565754,0.852680641203067,"LRIF1",FALSE,0.853104000814729
-0.0205326325707893,4.57497940682621,0.0848104863563111,0.775344687814199,0.852846013585264,"QSER1",FALSE,0.853267834369821
-0.017459108997575,5.37197857027039,0.0847730502680332,0.77539279338075,0.852846013585264,"COA8",FALSE,0.853267834369821
0.0376010767977847,3.37689811200267,0.0841684089674483,0.776171370415578,0.853583940165723,"SH3PXD2B",FALSE,0.854005315102503
-0.0700697451534216,1.14384893593964,0.0838391112396778,0.776596678904605,0.853932505218637,"ANK2",FALSE,0.854352430585242
-0.0549857799723598,1.49852208222113,0.083756324983039,0.776703745601866,0.853932505218637,"PLCG1-AS1",FALSE,0.854352430585242
0.0185185247293705,6.27033802778472,0.152004543671095,0.776923654578119,0.854055842137455,"CHST11",FALSE,0.854475017557786
0.0486693716107427,4.3653491927042,0.29785233410926,0.777618354078836,0.854700999741718,"ARRB1",FALSE,0.855119680825387
-0.0264314192170207,3.8685941895562,0.0829175493071491,0.77779179253219,0.85477312603205,"GALNT4",FALSE,0.855191031621577
0.0332698148050912,3.75177985824638,0.0824044460905195,0.778460337846457,0.85538926658998,"AC015912.3",FALSE,0.855806662231982
-0.0169558571206594,7.04981286040117,0.0819061780298034,0.779111724598689,0.855872577344327,"AKIRIN2",FALSE,0.856288586217915
-0.0153654566162287,6.75902269755396,0.0819028415178744,0.77911609367987,0.855872577344327,"ARMCX3",FALSE,0.856288586217915
0.0226672901985119,5.88394417341699,0.0817253403039952,0.779494223638162,0.856169327376469,"PCMTD1",FALSE,0.856584669245563
-0.0646054623685714,2.04112694138149,0.081457548230887,0.779700065060177,0.856276785676282,"ICA1L",FALSE,0.856691368555659
0.0875995577987767,1.10707129427313,0.171993820533316,0.780160064460866,0.8564820166608,"GJC1",FALSE,0.856894266322224
-0.0235782293802586,4.28826146655001,0.0811017758721673,0.780167884010944,0.8564820166608,"APTX",FALSE,0.856894266322224
-0.0646246702992264,1.46215549879927,0.0810689988104236,0.780211039899634,0.8564820166608,"TRAM2",FALSE,0.856894266322224
0.0433207020222926,3.438159986248,0.0808370276802732,0.780516735785382,0.856698972906896,"AL355304.1",FALSE,0.857110516380993
-0.027510470146791,4.42723035312404,0.0803565549617358,0.781151430742094,0.857268106660055,"HEATR5B",FALSE,0.857678301908082
-0.0434052221046999,2.01942963494517,0.0802809260762968,0.781251522530134,0.857268106660055,"SLFN13",FALSE,0.857678301908082
-0.0911061432731397,-0.244846499460758,0.0798748022015203,0.781789888633734,0.857631200562312,"AC053527.2",FALSE,0.858039948136637
0.0153265231077897,5.74360821927555,0.0798681081914059,0.781798774781008,0.857631200562312,"DNAJB14",FALSE,0.858039948136637
-0.01748869740682,5.60957419858345,0.0792275682620191,0.782650954049646,0.858330332833513,"BCL10",FALSE,0.858735360736455
-0.0347922755328483,4.43297450662755,0.261232435152556,0.782696290333853,0.858330332833513,"ESCO1",FALSE,0.858735360736455
0.0155424506338731,5.60807191993328,0.0791413930072994,0.782765887082951,0.858330332833513,"FKBP3",FALSE,0.858735360736455
0.0514999654161038,1.8279375945801,0.0790258775669016,0.78292005800314,0.858330332833513,"AGRN",FALSE,0.858735360736455
0.11257998251636,-0.153341585888933,0.0789829231388123,0.782977417640258,0.858330332833513,"ZFYVE9",FALSE,0.858735360736455
-0.0252128944990229,4.10195559501939,0.07861516843254,0.783469196443594,0.858750696724017,"TTBK2",FALSE,0.85915511269246
-0.0125964127082614,6.07855803416815,0.0784776099740083,0.783653466420897,0.858833934446346,"SUPT16H",FALSE,0.859237579466085
0.0190240537205596,5.53799918130746,0.0774642990410598,0.785016299250148,0.860185222893757,"NDUFAF8",FALSE,0.860587880839638
0.0178659557015294,5.95709373577416,0.0773997308369344,0.785103465295059,0.860185222893757,"COQ10B",FALSE,0.860587880839638
0.0311796005207828,3.72008620998943,0.0770292039752443,0.78560443339162,0.860615164837469,"TNFSF8",FALSE,0.861017212890815
-0.0143688589888238,7.48621206545931,0.0767014556015025,0.786048651185774,0.860982827659687,"BRK1",FALSE,0.861384236199962
-0.0115339345452598,11.7603438268985,0.076519312047512,0.786295965707465,0.861075437183687,"MT-ND1",FALSE,0.861475266859452
0.0622433852567137,1.64326196082324,0.0764792354261973,0.78635042447148,0.861075437183687,"HILPDA",FALSE,0.861475266859452
0.0297853736767975,6.23456338392198,0.0768989224108591,0.786931826975291,0.861593084416532,"PLK2",FALSE,0.861992343285782
0.163855000250965,0.0647541779463874,0.0761969522589282,0.787057373444318,0.861611551597149,"NPW",FALSE,0.862010008062608
0.0143746414707291,6.98326659486354,0.0756290924375441,0.787509310931575,0.861951269186281,"RABAC1",FALSE,0.862348260870018
0.0316391269065647,2.93448846486271,0.0755736439394983,0.787585140512793,0.861951269186281,"HELB",FALSE,0.862348260870018
-0.0305674171866267,3.19644216634378,0.0747264798378403,0.788747453568128,0.863104183835489,"YEATS2",FALSE,0.863500894831811
0.0533088567581491,1.8369822594019,0.0744731604027339,0.789096389667756,0.863366847541536,"TANGO6",FALSE,0.863762867556285
0.0202392431807665,4.56727557228279,0.0741807136994905,0.789500019520824,0.863689272079632,"HERPUD2",FALSE,0.864084628200202
0.0150433424564715,5.99738421685391,0.0976468546308928,0.789796008865741,0.863790344789419,"BROX",FALSE,0.864184124086988
0.0145295758718614,6.16967768245712,0.0739563108511415,0.789810319043706,0.863790344789419,"POLR2J",FALSE,0.864184124086988
0.0368550795744886,3.07667160121781,0.0736709918698896,0.79020558654268,0.86402819627166,"WWC3",FALSE,0.864420461364938
-0.0132160427217764,5.95666826197457,0.0736420204652711,0.790245768310521,0.86402819627166,"PGAM1",FALSE,0.864420461364938
-0.0127361540505584,5.57964510091087,0.0734842853988022,0.79046468801925,0.864148379290763,"RNF166",FALSE,0.864539887854456
-0.039842858206188,2.08877276529356,0.0733847933642517,0.790602902870702,0.864180313519775,"COPG2",FALSE,0.864571025654552
-0.0350369605637505,5.19967307555533,0.0739296109597319,0.790757675953791,0.864230335671582,"DNAAF1",FALSE,0.864620259703535
-0.0305294512763875,3.25517740668009,0.0727022467193171,0.791553836167076,0.864981228550321,"BISPR",FALSE,0.865370680172665
0.0273682456153252,4.50523402248914,0.0724981783230358,0.791839080567946,0.865060881398595,"SLC35B2",FALSE,0.865448747014036
0.028976696194962,5.33069147972561,0.239202832749089,0.791844956648537,0.865060881398595,"PDHA1",FALSE,0.865448747014036
0.0163617391849241,5.79722208169966,0.0719465878766749,0.792612258715877,0.865779827376615,"KIDINS220",FALSE,0.866167204073197
0.0449329361017798,2.57259087984948,0.0714541955254952,0.793305158269897,0.866225425529952,"PPP1R12B",FALSE,0.866609757096481
-0.0954219317864065,-0.186380736790271,0.0715969093340689,0.793429185783158,0.866225425529952,"FIGN",FALSE,0.866609757096481
-0.0445742377771805,2.78067411702852,0.07135828859668,0.793440418236193,0.866225425529952,"XPO4",FALSE,0.866609757096481
-0.10618916045593,-0.221604931262754,0.0713463621580014,0.793457245231901,0.866225425529952,"KIAA0408",FALSE,0.866609757096481
-0.0644654464254224,2.21173978259083,0.0711921008731292,0.79383339947745,0.866516754930087,"LAMA2",FALSE,0.866900404918679
0.023047726388314,4.19918690150771,0.110464538335362,0.79402596800111,0.866607636882269,"CHFR",FALSE,0.866990516412023
0.0258231383038017,5.36615854841842,0.218218461054543,0.794276109920207,0.866761321327929,"SFSWAP",FALSE,0.867143458141823
0.0279208377661848,3.89486634306157,0.0706847072994607,0.794393155292358,0.866769740594249,"NNT",FALSE,0.867151070720964
0.047913412964373,1.54762039664657,0.0702805485805223,0.794967156938316,0.867276678162511,"ADAM23",FALSE,0.867657420665011
0.0300852553388248,4.19466153420671,0.0701488701374102,0.795154554803387,0.867361765338643,"MAD2L2",FALSE,0.867741734691936
-0.0135723667363622,6.58340395176716,0.0693527510187407,0.796291597929106,0.86848256821873,"ATF6",FALSE,0.868862217241758
0.046505872251156,1.63150935097961,0.0735436650819026,0.796499115806088,0.868589407167904,"AMMECR1",FALSE,0.868968291693721
0.0673938495045892,1.4696866075608,0.0690859514121427,0.796674217053159,0.868660870966503,"DENND5B",FALSE,0.869038975622374
0.0363200754539715,2.94928460315608,0.0701998752139926,0.797549858091152,0.869476950195645,"HIST1H2AG",FALSE,0.869852165096169
-0.0143310393701997,7.07308340866458,0.0683990406666622,0.797662986041328,0.869476950195645,"JTB",FALSE,0.869852165096169
0.0390841112407372,2.8036766199127,0.0683111335592785,0.797789907277086,0.869476950195645,"ALG9",FALSE,0.869852165096169
0.0109109323311005,12.2367675487477,0.0682616755794008,0.797861353768078,0.869476950195645,"MT-ND4",FALSE,0.869852165096169
0.0200215815986928,5.99769453280529,0.0680652356086954,0.798231749257134,0.869748159855284,"POLR2E",FALSE,0.870121870148727
0.028831486640118,4.58301858411849,0.068046534673852,0.798329636638106,0.869748159855284,"LINC00641",FALSE,0.870121870148727
-0.141840906156133,-0.909949456524052,0.067718495858929,0.798647859895189,0.869975299979261,"ACSS3",FALSE,0.870348297171711
-0.0140022000510224,7.99822308382666,0.0673613247688167,0.799166876715861,0.870421074131521,"NFKBID",FALSE,0.870793451558444
0.0285312877105954,3.51429601208469,0.0671494712429338,0.799475425118706,0.870637523398502,"EEFSEC",FALSE,0.871009182559143
-0.0264573914202215,4.13067166181706,0.0665997095455566,0.800278552324559,0.871392440987379,"HNRNPLL",FALSE,0.871763611063728
0.011121854136769,6.68499719503338,0.0664743791214964,0.800462139632297,0.871472650783418,"USP8",FALSE,0.871843043830117
0.0117418747339301,5.59263561309989,0.0662939208048922,0.800726805634909,0.871641097772011,"CARD8",FALSE,0.872010751284464
-0.0155889878250632,5.14043454128818,0.0654681026267721,0.801942926486241,0.87284507429749,"HERC2",FALSE,0.873214426379904
0.048635231455696,1.77178482413902,0.0649231606191444,0.802749922499585,0.873603484636473,"AMBRA1",FALSE,0.873972345142583
0.0925293023266933,0.394616151815573,0.0647464715133908,0.803012355767934,0.873769140341502,"SGCE",FALSE,0.874137258358406
-0.0171137020681291,4.81392079732291,0.0643770911456313,0.803562229642553,0.874247475861968,"EGLN1",FALSE,0.874614982747172
0.101057733466713,0.0282567657175999,0.064239151671743,0.803768003972087,0.874251987050247,"LOXL2",FALSE,0.874617871189003
0.0120297723530476,7.81231640549577,0.0642264766802072,0.803786924017312,0.874251987050247,"LAMTOR4",FALSE,0.874617871189003
-0.0309095807398253,3.94109415697553,0.0639251204935964,0.804237349389957,0.874475997212611,"TRAPPC8",FALSE,0.874839539196177
-0.0288432710429406,5.95303033431467,0.0646014017518907,0.804293498530576,0.874475997212611,"ERN1",FALSE,0.874839539196177
0.094878135201742,-0.291881235489132,0.063867377154592,0.804323785529057,0.874475997212611,"FAM83F",FALSE,0.874839539196177
0.0406334615255529,1.6580971466445,0.0672458369197309,0.804952003729906,0.875029658841984,"FSD1L",FALSE,0.87538856215288
0.0185124568603902,5.02993203430284,0.0633414997247051,0.805112901266311,0.875029658841984,"EPC2",FALSE,0.87538856215288
0.0198803946984086,4.49576622985096,0.0633056280322003,0.805166856471527,0.875029658841984,"SLC35F5",FALSE,0.87538856215288
-0.0188264104588507,5.50135202535933,0.0632013989438195,0.805323721839343,0.875029658841984,"MRPL47",FALSE,0.87538856215288
-0.0156882420664682,7.49397354994039,0.0630909858474674,0.80549004487279,0.875029658841984,"CKS2",FALSE,0.87538856215288
0.0626548950399836,1.04906212127941,0.0630875230427344,0.805495263651463,0.875029658841984,"AC113143.3",FALSE,0.87538856215288
0.0194967107849816,4.68456959291588,0.0625348129192003,0.806330219000435,0.875816683961563,"TXLNA",FALSE,0.876175098660059
0.0441442857559102,5.82588539944692,0.620564216376313,0.806547575320108,0.875835779813668,"CCDC112",FALSE,0.876191769357328
-0.0447186157142679,5.20498500730252,0.063334539110336,0.806652209262016,0.875835779813668,"EMP1",FALSE,0.876191769357328
-0.0137714945963269,5.1160981724975,0.0623045550820955,0.806679221014052,0.875835779813668,"CWC22",FALSE,0.876191769357328
-0.0392094950140156,3.04107585582992,0.0621954561747368,0.806844822512688,0.875881892056664,"HES6",FALSE,0.876236279395782
-0.087708651423212,-0.468433205156887,0.06213105409321,0.80694265130952,0.875881892056664,"LINC00511",FALSE,0.876236279395782
-0.011588780987668,6.29440298928816,0.0609891742972668,0.808686261248766,0.877651801565095,"AIMP1",FALSE,0.878004470365154
-0.0986566807879409,0.0905410794838496,0.107960458184349,0.808870310810951,0.877651801565095,"KLHL23",FALSE,0.878004470365154
-0.0884260809196693,-0.0542395895240589,0.0608464841310611,0.808905362517173,0.877651801565095,"PATJ",FALSE,0.878004470365154
0.0192913429649909,4.24610393791997,0.0606898835808359,0.809146138405263,0.877792909862743,"WASHC2C",FALSE,0.878144824129586
-0.0125076140814449,6.27956133664542,0.0605314853078546,0.809390015087678,0.877937342949119,"PDCD5",FALSE,0.878288503975307
0.0128616273790381,5.66831166722106,0.0603680508167261,0.809642002134425,0.878090532547432,"MED4",FALSE,0.878440943783914
0.01312558332495,6.819209467917,0.0599949437325453,0.810218631277605,0.878406071393879,"DNAJC7",FALSE,0.878753365364768
-0.0209686798706523,4.94947210074276,0.0599241126385925,0.810328314569739,0.878406071393879,"NSUN6",FALSE,0.878753365364768
-0.0131072896464412,7.29157032695953,0.0599089852112565,0.810351748615724,0.878406071393879,"GOLGB1",FALSE,0.878753365364768
-0.0875392776527883,-0.00358028738851758,0.0598932445339313,0.810376135995816,0.878406071393879,"ECM1",FALSE,0.878753365364768
0.0246352365822327,4.34743036311333,0.117089511159313,0.810541083633867,0.878464758858414,"MYO1C",FALSE,0.878811265740105
0.0384214215646678,2.01098785016759,0.0689998985811163,0.810701926652356,0.878492841823696,"AC079781.5",FALSE,0.878836930165505
0.0871237538784408,0.90928333585862,0.140950204841485,0.810791063669399,0.878492841823696,"LEKR1",FALSE,0.878836930165505
-0.0289049784947342,3.25483499367076,0.0595560231468105,0.81089942185492,0.878492841823696,"XPO7",FALSE,0.878836930165505
-0.0183409957641922,4.38407802142652,0.0594721989480365,0.811029741101228,0.878513975604664,"NPLOC4",FALSE,0.87885726277792
0.0169018393515305,5.87328100182919,0.118882409023197,0.811244183207346,0.878626213725115,"RERE",FALSE,0.878968735429442
0.0298602867956818,5.55892706007837,0.284153936870477,0.811680292166207,0.878882080021119,"LMBRD1",FALSE,0.879222274119361
-0.0153129098562465,5.43349638161137,0.0589757845502095,0.811803513133426,0.878882080021119,"TOMM40",FALSE,0.879222274119361
0.018477535449804,4.59311865164168,0.0589697113197788,0.811813001008407,0.878882080021119,"PRKRIP1",FALSE,0.879222274119361
0.013411890236026,5.8127258953688,0.0585801425763216,0.812422691633397,0.879323097747589,"BORCS7",FALSE,0.879661844618794
-0.0176087665493598,5.22117129268347,0.0585677058167813,0.812442191094992,0.879323097747589,"ELOVL1",FALSE,0.879661844618794
-0.0439441171669952,10.9565421562236,0.0597978939663955,0.812654806587278,0.879433156787324,"CXCL8",FALSE,0.879771137322327
0.0125829099238317,8.0390979745567,0.0583246350332961,0.812823741748709,0.879495922558178,"ELOB",FALSE,0.879833118644728
0.0244369846799839,3.19863727678959,0.0573113263219544,0.814423512879136,0.881106660767711,"IMMP1L",FALSE,0.881443664577804
0.0266051493861456,5.54769840248816,0.235158012515515,0.814653884503788,0.881235638742807,"GABPB1-IT1",FALSE,0.881571882159456
-0.0644211521357597,0.675088190254701,0.0568889894718959,0.815094711551564,0.881592206436672,"ZNRF3",FALSE,0.881927776075158
0.0148537757445266,5.70425681800158,0.0568001732244306,0.815236198800502,0.88162496031788,"SUCLG1",FALSE,0.881959732786371
0.0876434326439389,-0.136832039010341,0.0562528375212868,0.81611072401412,0.882450330057821,"LTBP1",FALSE,0.882784605764553
0.0150461241737615,5.2770898505791,0.0561493344292064,0.816276606273621,0.882509332406555,"SLC35E3",FALSE,0.882842820459032
-0.0479727700903393,2.32484548232682,0.0559792441718433,0.816549558802518,0.882684060838065,"RND1",FALSE,0.883016804975462
-0.0165019891308439,6.76080901857906,0.0558676115016482,0.81672894041669,0.88275760594731,"TNFSF13B",FALSE,0.88308956802123
-0.0335853264528871,3.47367779756028,0.107544823173044,0.817334847855868,0.883102004871111,"TPM2",FALSE,0.883428431951916
0.0150474348132154,5.43725970838922,0.0554738957480405,0.817363119801778,0.883102004871111,"TPGS1",FALSE,0.883428431951916
-0.0147236678820993,5.47304319723865,0.0553669942655701,0.817535723112027,0.883102004871111,"HDAC2",FALSE,0.883428431951916
0.0600105159935413,2.10948110525894,0.0553754341133569,0.817681780909521,0.883102004871111,"TJP1",FALSE,0.883428431951916
0.0605074862375259,2.23180783328795,0.05539512088799,0.817795705146406,0.883102004871111,"TTC28",FALSE,0.883428431951916
0.0284256754342315,3.28878682969548,0.0552015439587204,0.817803207790072,0.883102004871111,"PIK3CD",FALSE,0.883428431951916
0.12175473766727,1.16298584617082,0.299456742302557,0.817827310767368,0.883102004871111,"PDE1C",FALSE,0.883428431951916
-0.0253643378380511,4.31216252250709,0.0549798798881136,0.818162239922026,0.883118687784994,"ZEB1",FALSE,0.883442696669093
-0.0138704598231031,5.53636707585427,0.0549725382047028,0.818174144440898,0.883118687784994,"SMC3",FALSE,0.883442696669093
0.0619136097780365,1.01585238210696,0.0549708156616127,0.818176937661551,0.883118687784994,"AC090825.1",FALSE,0.883442696669093
0.0201789109234374,5.86951494664661,0.0547212895839317,0.818853232827813,0.883728346019453,"RASGRP3",FALSE,0.884051770346377
-0.0780868744613579,0.0241037092073161,0.0544729530772457,0.818986206530648,0.883751551024224,"GAL3ST1",FALSE,0.884074175808227
-0.0424506516488181,5.68835370400392,0.055134336323389,0.819818327613103,0.884529082922793,"GEM",FALSE,0.884851183030008
0.0225126072048139,4.46762597870369,0.0534836663965357,0.820605974420106,0.885159355693537,"CEP68",FALSE,0.885480067776984
0.0135875635175182,5.3667865624261,0.0534716231266414,0.820625790154831,0.885159355693537,"NAA15",FALSE,0.885480067776984
-0.0537276675785333,0.955987675350963,0.0533980415315385,0.820746910987171,0.88516957016818,"DUXAP8",FALSE,0.885489477507112
0.0125987837986596,5.66910628739786,0.0532860964520416,0.820931350323996,0.885181772958423,"PNPLA2",FALSE,0.8855000684585
-0.0453581779006769,1.67293331586995,0.0532556609716289,0.820981530848043,0.885181772958423,"AC092650.1",FALSE,0.8855000684585
0.0140213407184239,6.51646166458262,0.0531745300197983,0.821115369669686,0.885205690881326,"SRGAP2B",FALSE,0.885523187167391
-0.00996369553161766,7.27418955959577,0.0530768163267389,0.821276707778284,0.885259243951902,"PPIG",FALSE,0.88557595180363
-0.050717399932157,1.29129020975443,0.0527091241112599,0.821885226493079,0.885689484118149,"ZNF81",FALSE,0.886004730485384
-0.0233003843267311,4.0303543973368,0.0527006450945533,0.82189928540076,0.885689484118149,"ERAP2",FALSE,0.886004730485384
0.0362648312143486,2.57379278842214,0.0642571292503583,0.822079042713416,0.885762795682517,"NRBP2",FALSE,0.886077260705472
-0.0138919165797646,5.86710847405131,0.0524592029022478,0.82230011894134,0.885880601028256,"LAGE3",FALSE,0.886194300549914
0.0308169184347615,3.98457268494702,0.0520696455220122,0.823072162153723,0.886591861624282,"PSMG4",FALSE,0.886905005258792
-0.0413761723604932,1.99904223916345,0.0519205991078277,0.823197814147771,0.88660674780105,"GLIDR",FALSE,0.886919089148815
-0.0145943776029475,4.88958826559688,0.0515801073243801,0.823767852399933,0.887090520063224,"OTUD4",FALSE,0.887399802106546
0.0575241412738646,0.968609453785247,0.0514750821220495,0.823944081996932,0.887090520063224,"AC002070.1",FALSE,0.887399802106546
0.0634574861833976,0.669623580610773,0.0513936809011758,0.824080801685501,0.887090520063224,"GAS1",FALSE,0.887399802106546
0.0432635215038581,3.42055572689417,0.0515953927675263,0.824094561082952,0.887090520063224,"FGFR1",FALSE,0.887399802106546
0.0235657197303194,5.81930139264753,0.235873525626194,0.824370651334624,0.887267244607779,"EIF2S1",FALSE,0.887575781223748
0.0604271223898779,0.271835096449118,0.05093774604407,0.824848700016968,0.887661258821029,"CDKL1",FALSE,0.887969125271068
0.0191143525236238,4.15829134555819,0.0505678970986634,0.825474276413043,0.888213906542156,"QRICH1",FALSE,0.888521157204803
-0.0143851570092317,4.87131961308415,0.0502332533891497,0.826042386827327,0.888704579015748,"MICU1",FALSE,0.88901119172482
0.0106155741938469,7.34073593677675,0.0500449773165006,0.826362891964261,0.888832862833355,"TAX1BP1",FALSE,0.889137904856837
-0.0224025236663344,5.23588421998022,0.155833840161018,0.826385851658004,0.888832862833355,"BRWD1",FALSE,0.889137904856837
0.013552931184635,6.77881980176845,0.0499147988360989,0.826584868297329,0.888926320653991,"GPR65",FALSE,0.889230587525107
0.00888059962955769,7.56222699632893,0.0497507179710375,0.826865088764687,0.889107069541088,"PRMT2",FALSE,0.889410591109804
-0.0806998382447482,-0.380212116205948,0.0488253286127582,0.828454677001565,0.890695508444318,"AC092691.1",FALSE,0.890998763879635
-0.00975382167000804,8.47168571152178,0.0478602735861599,0.830129378613071,0.892330147816787,"GNG5",FALSE,0.892632340711497
0.0371184942923348,3.29737567520193,0.154267595631015,0.830200198069705,0.892330147816787,"RAD54L2",FALSE,0.892632340711497
0.0195134530763536,4.54665139899059,0.0475964753764684,0.830590242302123,0.892548100250605,"ARMC8",FALSE,0.892848748357722
-0.0737612618231331,0.605047561148587,0.0475748175816083,0.830628138704461,0.892548100250605,"ADAM32",FALSE,0.892848748357722
0.0168273679273207,5.39369234411751,0.0474699818911797,0.830811706496749,0.892624367679391,"SNHG9",FALSE,0.89292423243948
-0.00957571137445616,6.26393547799971,0.0473476552756205,0.831026170465272,0.892733804803344,"RIOK3",FALSE,0.893032897411733
0.0325340259479293,9.11981084693675,0.0482172905175704,0.83119924869648,0.892798759472387,"IL1A",FALSE,0.893097065088771
0.0202057411647542,8.96560874825833,0.0472563968050493,0.831873876438304,0.893402342509194,"HSPH1",FALSE,0.893700040717436
-0.0211970628858198,3.98590467713679,0.0769431693606282,0.832214892493221,0.893647523728329,"TET3",FALSE,0.893944494554349
0.0296405778018639,3.61267580358423,0.0465640368140722,0.832406974105739,0.893732731677992,"ANKDD1A",FALSE,0.894028921882073
-0.0271596968269107,3.10937997984993,0.0464768992130572,0.832561269531015,0.893777352043586,"SULT1A1",FALSE,0.894072748277718
-0.00982863498983098,6.04194862442948,0.046266439621651,0.832934559818415,0.89404903929246,"RC3H1",FALSE,0.894342907974893
0.0892241615136658,0.30454833900062,0.0462453114831987,0.83303989067273,0.89404903929246,"AC007364.1",FALSE,0.894342907974893
-0.0676443539651129,0.112759825877544,0.0460708994934541,0.833282186995544,0.894188031740752,"CNTN1",FALSE,0.89448113764149
-0.0876313168840631,1.00323941420146,0.0460765388121555,0.833564512656224,0.894369935896407,"RGMA",FALSE,0.894662293011681
0.0129896452558458,5.42264969283521,0.0451570433233787,0.834917175850155,0.895690956975391,"PPP1CC",FALSE,0.895982127363967
-0.0594582539708788,0.342789043633407,0.04509895954359,0.835021677977437,0.895690956975391,"MYH10",FALSE,0.895982127363967
-0.0107334944287896,6.19556074236891,0.0450217117654964,0.835160768600478,0.895718962860469,"WDR1",FALSE,0.896009333383435
0.014886277839605,6.04964535640681,0.0878289809565475,0.835490115093642,0.895950985048342,"SNF8",FALSE,0.896240621828392
0.0148521973677384,7.64765851503463,0.044749832897301,0.835717962331377,0.896074114871944,"STX4",FALSE,0.896362982606751
0.0259373021928244,4.98248903852529,0.162907910309026,0.836654184325992,0.896956642777075,"NSMCE1",FALSE,0.897244985586736
-0.0688492420922106,0.735433518806735,0.0440309936992522,0.836955839825597,0.897158720678384,"TK1",FALSE,0.897446319061665
0.0141818853855074,6.80219121231292,0.0438394572847687,0.837305314662496,0.897319303185821,"PSMB10",FALSE,0.897605334641647
0.0414540237100069,1.52560975492137,0.0438248423116451,0.837332013744791,0.897319303185821,"AC073332.1",FALSE,0.897605334641647
0.0110741695836415,5.60767036856645,0.0436224873329615,0.837702162120171,0.897594639990365,"EFR3A",FALSE,0.897879950092885
-0.0410357613791184,3.75964618972104,0.171358699269351,0.83797924358083,0.897664524352655,"VPS13B",FALSE,0.897948238962524
0.015662638321753,5.45565632746023,0.0434633776374871,0.837993837630424,0.897664524352655,"SPHK1",FALSE,0.897948238962524
0.0654342183985028,0.70056531110439,0.0430722613071883,0.83871320470463,0.898313737759836,"TAFA5",FALSE,0.89859684845139
0.00929448548106086,6.19362883446537,0.0429460201360283,0.838946124764502,0.898441831302576,"PYURF",FALSE,0.898724173360721
-0.0154586596319029,4.81134344137733,0.0428514170053702,0.839120906176668,0.898507636975773,"THOC1",FALSE,0.898789190871487
0.0206982300105419,4.71406493045083,0.0423254904129217,0.840135509220878,0.899472561391373,"TAF3",FALSE,0.899753608162327
-0.01006535615357,6.44617795898424,0.042063834135724,0.840583883729502,0.899824386592258,"IDI1",FALSE,0.900103924338982
-0.0100245966710734,6.18610348157704,0.0420064024587238,0.84069112405258,0.899824386592258,"USP9X",FALSE,0.900103924338982
0.0460865465358467,1.65979881660223,0.0697660434987211,0.841320485528798,0.900376459135031,"AC068888.1",FALSE,0.900655358743833
0.0227174551723494,3.92420376281083,0.0414979134892701,0.841643970023776,0.900601079005061,"PREPL",FALSE,0.90087923856621
0.024705672223625,3.623929908098,0.060900767802477,0.841817653007743,0.900665364783453,"MCCC2",FALSE,0.900942734736449
0.00931359750258512,5.72192186283502,0.0412209938649897,0.842165449090518,0.900915892644667,"DNM2",FALSE,0.901192530281867
0.0122016814082725,6.30137451660834,0.0408561799910642,0.842855245322961,0.901532162023804,"RAB5IF",FALSE,0.901808179091985
0.0306856861433836,3.348319904715,0.0625610887477277,0.843070848962795,0.901641129175373,"AC090204.1",FALSE,0.901916369925162
0.0445272714415144,2.19104622806789,0.0404424548686231,0.843641425058345,0.901822702824024,"AC016134.1",FALSE,0.902093953082559
-0.0153105458468248,4.96590954485369,0.0442942813114036,0.843668354700968,0.901822702824024,"FAM91A1",FALSE,0.902093953082559
0.0713323418611044,0.333522573887339,0.0403972530905054,0.843727573353511,0.901822702824024,"FAT1",FALSE,0.902093953082559
-0.0522702796235154,2.58665883868024,0.129851142634636,0.843784584837072,0.901822702824024,"NARS2",FALSE,0.902093953082559
-0.0112687833563795,5.9863258272834,0.0403543508023557,0.843809385664557,0.901822702824024,"USP14",FALSE,0.902093953082559
-0.0106510565510176,5.37231932357142,0.0400946106797965,0.844305667498378,0.902231477547801,"UBXN2B",FALSE,0.902502041865973
-0.0468553845950772,1.23608484233085,0.0399978934187313,0.844490892061453,0.902307788714717,"OTUD7B",FALSE,0.902577567176791
-0.0139602536286778,5.52246560490156,0.0392193202580768,0.845990533101206,0.903788296243951,"UBE2E2",FALSE,0.904057707511029
0.0199796293179285,4.02460638091411,0.0389142068199963,0.846582451480033,0.903980455541881,"KPNA5",FALSE,0.904245877284264
-0.0163157017027816,4.19612071671946,0.0389040253388521,0.846602245104098,0.903980455541881,"ZMYM6",FALSE,0.904245877284264
-0.0116238972597995,5.72312214099696,0.0388958879120875,0.846618066860883,0.903980455541881,"PSMD9",FALSE,0.904245877284264
-0.00969547718911136,6.01349542986531,0.0388730299944638,0.846662519178942,0.903980455541881,"FGD5-AS1",FALSE,0.904245877284264
-0.0255320846326975,3.31993680646162,0.0388329366303662,0.846740522559789,0.903980455541881,"AL034397.3",FALSE,0.904245877284264
-0.031239055968256,2.13923740343875,0.0385392504448066,0.847313185155997,0.904470032572606,"STARD7-AS1",FALSE,0.904734788920974
-0.0404919002660295,1.60581833954682,0.0384021646254528,0.847581268403621,0.904634396325243,"TTC39B",FALSE,0.90489839171754
0.042142071711003,1.75203948951962,0.0527429651256367,0.84796592823442,0.904923122767867,"AMOTL1",FALSE,0.905186393310401
-0.0103234552640831,5.54351952076711,0.0377240495479538,0.848914767155002,0.905813765007383,"HSPB11",FALSE,0.906076484981318
-0.0146948583292068,5.09800156699743,0.0720256178513057,0.849234725880278,0.90603322658846,"RAB6A",FALSE,0.90629520055335
0.0334311209561515,3.86201822804315,0.157226624675741,0.849675740094501,0.906381763653014,"NOTCH1",FALSE,0.90664302864208
-0.0703798787020391,0.00366414518625502,0.0372521858262699,0.849850049401671,0.906445740839022,"AC005062.1",FALSE,0.906706214678544
0.0138792522847511,4.55144164804512,0.037063891678038,0.850224986415007,0.90672366051899,"DNAJB2",FALSE,0.90698340460087
0.00964621919625153,5.95671811272336,0.0365250470892716,0.851303454706037,0.907751686470674,"BTK",FALSE,0.908010914727073
0.0133251722832391,4.47565291412362,0.0364095076427445,0.851535774940988,0.907877302814975,"PPP3CB",FALSE,0.908135756732788
0.0228205457286406,3.62555137855146,0.0362391282296232,0.851879064225727,0.908033974849962,"SLC19A2",FALSE,0.908290043632271
0.0679603498982611,0.347859036071735,0.0361880578729858,0.851982126669774,0.908033974849962,"CD247",FALSE,0.908290043632271
-0.0396925767531015,1.70096747602685,0.0361661656680063,0.852026329327556,0.908033974849962,"STX17-AS1",FALSE,0.908290043632271
-0.0137928741768468,5.26233928861528,0.0358987495736382,0.852567396083997,0.908488483354023,"NSMAF",FALSE,0.908743870430217
-0.0100671587822758,6.60332600934732,0.0358081755274627,0.852751130050504,0.908562150119661,"MT-ATP8",FALSE,0.908816748178825
0.0544197435858271,1.06477885969905,0.0355441074729283,0.853288186709151,0.909012193527298,"LINC02246",FALSE,0.909266107790436
-0.0353092395804702,3.36949067883741,0.092967481748548,0.853604435831174,0.909167747045337,"SUN1",FALSE,0.909420085324125
-0.0152816563869963,6.46068291206448,0.104054231777856,0.853663560671732,0.909167747045337,"SNRNP70",FALSE,0.909420085324125
-0.0814277972058993,2.96597772506958,0.337214886870579,0.854011691059055,0.909416344757044,"MAP2K5",FALSE,0.909667942423369
0.0266125766315963,3.27264311903878,0.0350977948999363,0.85420061813665,0.909461690931531,"TMOD1",FALSE,0.909711682498326
0.0168690215731804,5.73615323270017,0.0351866369683414,0.854283704889898,0.909461690931531,"PECAM1",FALSE,0.909711682498326
-0.0768693797986777,-0.291936088836719,0.0418409599304193,0.854721857894709,0.90980597333368,"GALNT17",FALSE,0.910055250235777
-0.0933789305964858,-0.562198736385645,0.034582418378502,0.855261763655831,0.910258459157394,"PTCH1",FALSE,0.910507050551437
-0.0788202789548449,2.01102083563649,0.259172562300296,0.855888264432502,0.910682182409245,"MYH11",FALSE,0.910927652265485
-0.00981264452911047,6.80616324070461,0.0342764243538682,0.855895679758099,0.910682182409245,"PPP1CA",FALSE,0.910927652265485
0.0602103567815018,0.637281942815338,0.034215193281687,0.856022881639592,0.910682182409245,"GAP43",FALSE,0.910927652265485
0.00978035747761633,6.56741893552253,0.0465136531610213,0.856119362449055,0.910682182409245,"NAA38",FALSE,0.910927652265485
0.00814024472365387,7.54171526015432,0.0339950859004481,0.856481111466797,0.910944761431281,"WDR83OS",FALSE,0.911189493063529
0.0554677263035793,0.629979327937957,0.0338784036352738,0.856724649731872,0.911081559097825,"TM4SF1",FALSE,0.911325518577868
0.0289426518362009,5.09486255377106,0.177733344490307,0.85837830509034,0.912717704232325,"GTF2A1",FALSE,0.912961291683772
0.042030721002577,2.98025416607897,0.0329930675479096,0.858900195934798,0.913150161374692,"GDF15",FALSE,0.913393053938221
-0.0101916349221136,7.70314416024549,0.0326797126792724,0.859252143738835,0.91332985300289,"FGD4",FALSE,0.913570363289125
0.042750239500079,3.14613934200364,0.123680934474049,0.859400764464556,0.91332985300289,"ORC2",FALSE,0.913570363289125
0.0382494375632965,2.00641260874083,0.0326033266369058,0.859414821317048,0.91332985300289,"UNC13B",FALSE,0.913570363289125
0.0159703716150605,4.72130594041325,0.0325428536423498,0.859543749175958,0.91334443686731,"SMARCA4",FALSE,0.913584141393443
0.0698376277653339,-0.0806768721001221,0.0323339698233702,0.859990043810678,0.913696203073044,"NOTCH3",FALSE,0.91393519022535
0.0184560188782286,5.25325622206866,0.0936113875895021,0.861034499703421,0.914601408259224,"MTHFD1L",FALSE,0.914839011841617
0.0301019282571531,1.9243389538519,0.0324658749741426,0.861072768825284,0.914601408259224,"SIMC1",FALSE,0.914839011841617
-0.0182049170878376,3.80510513571879,0.0313231707444464,0.862171057226972,0.915645296945135,"KLHL2",FALSE,0.915882360953895
-0.00779831608245799,7.79800082769355,0.0309042953492597,0.863085519500646,0.916493704607704,"PGK1",FALSE,0.916730176975339
-0.00842181152474587,6.90959459996557,0.0306121054955873,0.863727206422856,0.91705226898626,"UFC1",FALSE,0.917288073901221
-0.0113608761880436,5.55325795215322,0.0304009602971816,0.864192879694884,0.917376997249621,"DERL1",FALSE,0.917611262599574
-0.0375054977255455,1.59326596573944,0.0303685625550907,0.864264479371521,0.917376997249621,"STS",FALSE,0.917611262599574
-0.0242302108206877,5.81573683431295,0.0307240090187025,0.86451517377088,0.917430326699658,"KHDRBS3",FALSE,0.917662983384936
-0.0883399007675166,1.16183962759071,0.168950798316509,0.864546161802869,0.917430326699658,"PGF",FALSE,0.917662983384936
0.011968769838099,4.3255459904201,0.0300410544420097,0.864990504692489,0.91777900444353,"AL158152.1",FALSE,0.918010938430207
0.0165973307633347,4.61595547503762,0.0297726090726621,0.865588650867775,0.91829075660106,"WNT5A",FALSE,0.918522008558234
0.0108604533393074,5.98687515854153,0.029639329990801,0.865886655267647,0.91848399825554,"TMEM256",FALSE,0.918714487568825
-0.0271637960710372,2.40904005296715,0.0295282901205353,0.866135462387509,0.918625009472665,"LINC00476",FALSE,0.918854722958362
-0.00865471506470569,6.1557391801329,0.0292082768713554,0.866855228218068,0.919265415905944,"UBE2M",FALSE,0.919494477972524
-0.0423284062105652,4.40218689510922,0.0296080521942575,0.867246881019748,0.919557746786754,"MT1E",FALSE,0.919786070096065
-0.0110198737383719,6.85751364676848,0.0287796608258354,0.867825661505337,0.92004838785963,"ARHGAP26",FALSE,0.920276021179035
0.00844863160473726,5.72104350439535,0.0287096175748752,0.867984953544635,0.920094225391344,"DNAJB12",FALSE,0.920321058415159
0.010870220687904,6.43991663547678,0.0284481153854869,0.868581437434852,0.920603427270522,"NDUFA12",FALSE,0.920829573962019
0.0114988265363782,5.17470147605365,0.0281902910519201,0.86917230443435,0.921106540510029,"ACO2",FALSE,0.921331998699382
-0.0113467372569605,5.14394530423791,0.0280258293187037,0.869550663607751,0.921384343903001,"SCFD1",FALSE,0.921609057971461
0.0448371853858433,0.825739447458133,0.0278883064137738,0.86986792636467,0.921597343340786,"DLG2",FALSE,0.92182129726942
0.052664920032431,0.193139315585731,0.0275844364966978,0.870571817466172,0.922036387225343,"AC009041.2",FALSE,0.922258011731602
-0.0378705374089623,4.37987677188572,0.190356960189695,0.870624326873841,0.922036387225343,"NR1D2",FALSE,0.922258011731602
0.00671829508343077,10.3768650975369,0.0275588663492586,0.870631230419893,0.922036387225343,"MT-ND5",FALSE,0.922258011731602
0.020821671334639,4.68174712830312,0.118842158564922,0.871449934745384,0.922780163304581,"SUGP2",FALSE,0.923001154332365
-0.0152818764716142,4.33615761596487,0.0270483909874605,0.8718233261955,0.923052260961261,"STAU2",FALSE,0.923272504875406
-0.0138964299271168,4.46487602392629,0.0268214100964943,0.872357103588165,0.923494073607554,"PLEKHA1",FALSE,0.923713610492952
0.039071335412658,1.08847974965668,0.0267515998825074,0.872521738973183,0.923534424819806,"ZNF235",FALSE,0.923751535160126
0.0894690220112881,-0.388424138973321,0.0267893772127028,0.87266854573318,0.923534424819806,"WFDC2",FALSE,0.923751535160126
-0.00997404793568826,9.67620066536385,0.0266572108437172,0.872744691063318,0.923534424819806,"OLR1",FALSE,0.923751535160126
0.0141318964944368,4.39471797635997,0.0265563831651773,0.872983300529875,0.923663633604811,"TRAK1",FALSE,0.923879962597307
-0.00760264690753829,12.9412779166281,0.0264977031898002,0.873122381638811,0.92368751556345,"MT-CO2",FALSE,0.923903038623312
-0.0168189262269195,4.63763258429829,0.0260970910250222,0.874115221704891,0.92451963780618,"DTNA",FALSE,0.924732108176923
0.0122992500388569,6.48776249876472,0.0260853488242393,0.874196332474525,0.92451963780618,"EPSTI1",FALSE,0.924732108176923
0.0931389785445083,5.24321851230552,0.0267667065135151,0.874299628235867,0.92451963780618,"HBA1",FALSE,0.924732108176923
0.00771067212060406,6.0030841581134,0.0259720443874838,0.874375409216793,0.92451963780618,"NDUFV1",FALSE,0.924732108176923
0.0547950138164995,1.32794819243489,0.0258724730462938,0.874811034535881,0.92469288552254,"GINS3",FALSE,0.924902962404587
0.0380065834057709,0.745993631536441,0.0257642969306749,0.874874213053108,0.92469288552254,"SORCS1",FALSE,0.924902962404587
-0.0235343538429633,4.36933833724684,0.0259172925769436,0.874889169311879,0.92469288552254,"MCF2L2",FALSE,0.924902962404587
0.0137205058179338,4.03717767271487,0.0256000270409925,0.875270091722363,0.924854755985062,"RFFL",FALSE,0.925063248243454
0.0173365720875848,3.70830060798415,0.0255977306960917,0.875275634984349,0.924854755985062,"MIB1",FALSE,0.925063248243454
-0.0474375080112968,0.867389382582617,0.0254628059924048,0.875601786131066,0.92497537345121,"H19",FALSE,0.925179842680876
-0.0183637038335869,5.91607584254108,0.121565308456474,0.875813067640622,0.92497537345121,"CASP1",FALSE,0.925179842680876
-0.0109421355622281,6.37907023608842,0.025344451105916,0.875888614996131,0.92497537345121,"FOXO3",FALSE,0.925179842680876
0.00884464874680718,6.12627568192821,0.0253109343833253,0.875969966517691,0.92497537345121,"TMEM259",FALSE,0.925179842680876
-0.0338760981353365,4.37387452943431,0.176920741438656,0.875973146300667,0.92497537345121,"CDK5RAP2",FALSE,0.925179842680876
0.0297570133049287,1.67298897722406,0.0252245827462145,0.876179813758763,0.925070390661802,"ITGA10",FALSE,0.925274071419777
0.0193647194497401,5.18504960560636,0.0253752632377691,0.8763392175063,0.925097525582937,"FNDC3B",FALSE,0.925299593967657
-0.0117827186432868,4.5778496859741,0.0251181827949139,0.876438889335701,0.925097525582937,"SPPL3",FALSE,0.925299593967657
-0.0169477294583169,3.95241847928007,0.027834056384056,0.876694678481559,0.925244330538046,"ATG10",FALSE,0.92544562201229
0.0119514796441591,4.16525724395946,0.0248513399675709,0.877091120147963,0.925539518239458,"WWP1",FALSE,0.925740064915012
-0.0732862283933065,0.767706978506325,0.0245635076015683,0.878038913538685,0.926416357004883,"DIO2",FALSE,0.926616284106866
-0.0122099062636691,6.22896746962585,0.0243364675882852,0.878467376237218,0.926622999452189,"STAT1",FALSE,0.926821352303103
-0.00857620088130956,6.30003063307667,0.024292617057085,0.878468524707701,0.926622999452189,"UQCRFS1",FALSE,0.926821352303103
0.00879377518806112,6.59863026410938,0.0241728838889318,0.878765807953782,0.92681326665659,"TRAM1",FALSE,0.927010850972134
-0.00914202869975778,7.99434550816391,0.0240077364018763,0.879177091733965,0.927123700886788,"ATP1A1",FALSE,0.927320155302855
0.0168695503640003,6.45695024871593,0.109096817013883,0.879298155813131,0.927124931852401,"GPS2",FALSE,0.927320155302855
-0.0474764347117037,3.45136264409989,0.210968716384055,0.879412145248493,0.927124931852401,"PLXNA2",FALSE,0.927320155302855
-0.0133193088815461,3.795624699462,0.0237297030198374,0.879872798188968,0.927487241595817,"RIC1",FALSE,0.927681732351805
0.0924231769717225,-0.379788164397772,0.0785750652393057,0.880160999476748,0.927634649948162,"ANKS1B",FALSE,0.927827554036466
0.0163980566946643,3.92518677517132,0.0235809805740736,0.880246653829468,0.927634649948162,"SYNJ1",FALSE,0.927827554036466
0.069516823158907,-0.905741099506095,0.0233420806781063,0.880849735122595,0.928093446569634,"GRIN2B",FALSE,0.928284020121187
0.0114498997666222,6.27582186868975,0.0233079118469242,0.881023471390239,0.928093446569634,"STIP1",FALSE,0.928284020121187
-0.00885514632684452,6.29353868789567,0.0232696482247497,0.881033208739035,0.928093446569634,"CAT",FALSE,0.928284020121187
-0.0130904038190091,4.23675343613417,0.0231839182273431,0.881250744063079,0.92819926915532,"HBS1L",FALSE,0.928389056128502
-0.0234283475117886,1.96264771644057,0.0228937710291935,0.881990051932088,0.928854560536343,"ARHGAP32",FALSE,0.929043672833398
0.0126547212150927,4.24500054563676,0.0228002816351506,0.882229288481375,0.928961414294099,"CISD1",FALSE,0.929148931484502
0.0335218289035483,1.32770075590557,0.0227625971637651,0.882325863980142,0.928961414294099,"USP3-AS1",FALSE,0.929148931484502
0.00887874091390229,6.46479284013377,0.0225356931492715,0.882909098945412,0.929340743906966,"MDH2",FALSE,0.929526721010258
-0.0160523521922656,3.88810085507991,0.0225312320871099,0.88292059575016,0.929340743906966,"RALGAPB",FALSE,0.929526721010258
-0.0243604950395737,1.68016095866037,0.0224216940750866,0.883203257682204,0.929438442037117,"CRADD",FALSE,0.929622822728194
0.0108623557862443,6.58488463687945,0.0607653344853698,0.883247883742134,0.929438442037117,"DOCK2",FALSE,0.929622822728194
0.00791516166886472,5.78948137469583,0.0236251567504707,0.883772515587449,0.929867087402428,"LPP",FALSE,0.930050745097238
-0.0330571472325388,1.56959423097275,0.0219677038442293,0.884382381521512,0.930282205051272,"PRSS23",FALSE,0.930463520857961
0.0362859077858129,3.98988944517891,0.147846517345558,0.884463450238987,0.930282205051272,"WWC2",FALSE,0.930463520857961
0.0126086898736462,4.81606388981031,0.0219153794042028,0.884519079424381,0.930282205051272,"TMED3",FALSE,0.930463520857961
0.00832032415442517,5.70841612493149,0.0218668182998558,0.884646095107205,0.930292378566113,"TMEM167A",FALSE,0.930472888819034
-0.00774144307628416,6.57744180471113,0.0218042787986503,0.884809885310245,0.930341216278464,"SUGT1",FALSE,0.930520928644254
0.00967736918351767,4.90410115815214,0.0217125422427204,0.885050577785897,0.930470889893461,"RHOT1",FALSE,0.930649820047691
0.0523794297566671,1.86055359674155,0.0217721402308452,0.885395474481699,0.930634796711074,"AL133259.1",FALSE,0.930812144225957
-0.0388870692928613,1.2293704729312,0.0215640622651101,0.88544125524617,0.930634796711074,"SOX10",FALSE,0.930812144225957
-0.00868515870831752,5.62770414513016,0.0214018085458592,0.885869750720919,0.930961742274052,"EMB",FALSE,0.931138345053956
0.0184372002010058,4.62106051121139,0.0413785337165876,0.886140476034869,0.93112282226699,"OAS2",FALSE,0.931298648639634
-0.0333745226579447,2.42700752101929,0.02112551095598,0.886689032652204,0.931505116024041,"TMEM14A",FALSE,0.931679400641553
-0.00914118431376766,5.51005686284596,0.0210744748025093,0.886739292461331,0.931505116024041,"GTF2F1",FALSE,0.931679400641553
-0.0244506897702324,8.65460213697251,0.0214259101010903,0.887004912115853,0.931660697304516,"FILIP1L",FALSE,0.931834204247058
-0.0408534767329505,0.981973013899248,0.020767091479834,0.887562146663798,0.93212249287993,"CLDN5",FALSE,0.932295278855654
-0.0335564804234873,3.34060865582643,0.111544626300795,0.888601580284705,0.933002504295668,"ZNF44",FALSE,0.933173031497278
-0.00972029793146782,6.02349405883878,0.0203678218790154,0.888640328605876,0.933002504295668,"GCA",FALSE,0.933173031497278
0.102366603665533,0.711178301912038,0.157828194821342,0.888753142336136,0.933002504295668,"CDH13",FALSE,0.933173031497278
-0.00626866005677463,6.00904444537264,0.0201092814539721,0.889344257096265,0.93337792477929,"PBRM1",FALSE,0.933546906423645
-0.00628903962816137,10.2553638609475,0.0201085623364373,0.889346221466039,0.93337792477929,"EIF4A1",FALSE,0.933546906423645
-0.0165089248847834,3.51539226710274,0.0198308983137377,0.890107399707633,0.933768383793508,"BARD1",FALSE,0.933933402768112
0.0496830842394815,0.103078883239491,0.0197965807944675,0.890201853466173,0.933768383793508,"ACVRL1",FALSE,0.933933402768112
0.0169605330676482,3.40524619756111,0.0197956181507652,0.890204504201784,0.933768383793508,"PLEKHA4",FALSE,0.933933402768112
-0.0106136068705937,5.23275766219481,0.0197930489237075,0.890211579147454,0.933768383793508,"DAGLB",FALSE,0.933933402768112
0.0115857638562157,4.21658303562813,0.0197583537344454,0.890307166132079,0.933768383793508,"RSPRY1",FALSE,0.933933402768112
-0.021931868541874,2.66266899565272,0.0303901668029434,0.891482337621941,0.934877245061739,"AC106791.1",FALSE,0.935041653013666
-0.00644966684726666,5.98029967872914,0.0192606927335544,0.891687794106138,0.934969029450266,"CAMTA1",FALSE,0.935132646694376
-0.0154089082083927,4.06520035115176,0.0191779885162396,0.891918991919627,0.935087776770538,"AATK",FALSE,0.935250608058409
0.00929336869888832,7.32641599976735,0.019081501828932,0.89218936228384,0.935247555756483,"PCF11",FALSE,0.935409608207624
-0.0181312480273065,4.21319585126835,0.0419807212418333,0.892686376498134,0.935485268713788,"SLC39A6",FALSE,0.935644943047547
0.00890829299220593,6.49664953663698,0.0189023079092569,0.892693348066572,0.935485268713788,"CD58",FALSE,0.935644943047547
-0.0118155208224225,6.0231576813158,0.0189429263422103,0.892770124002084,0.935485268713788,"DDIT3",FALSE,0.935644943047547
0.0103741848296105,3.987094232949,0.0182766422274905,0.894472430987513,0.93714516094476,"PWWP2A",FALSE,0.937304311162493
-0.0247945355311488,2.12882086182569,0.0181901581769978,0.894720777072684,0.937281490569799,"ZSCAN5A",FALSE,0.937439856600427
-0.00733830846461979,5.96295197283784,0.0180198396749876,0.895211626781263,0.937671789816601,"CNTRL",FALSE,0.937829414332818
-0.011768238858827,4.24303276634872,0.0179364825488112,0.895452719835487,0.937800417814496,"SPECC1L",FALSE,0.937957256596724
0.00603327561758904,15.2353216528682,0.017851106815129,0.895700243942701,0.937896807827645,"MALAT1",FALSE,0.938052048495029
0.0877477125278792,-0.122764941318476,0.0659558005447317,0.895781360856575,0.937896807827645,"SEZ6L2",FALSE,0.938052048495029
0.00623013054361874,10.0082664945711,0.0176783331026276,0.896203007546333,0.93821437261684,"SERF2",FALSE,0.938368858778577
0.00622075337624225,7.40389456378296,0.017485649552337,0.896766669724289,0.938680506677338,"RNF213",FALSE,0.938834262337269
-0.0223992672158767,5.71678655386781,0.159654903558144,0.897213895609985,0.939024655365804,"SORT1",FALSE,0.939177660060519
0.011532277643125,4.01003924915049,0.0172568915367723,0.897439985294602,0.939061326728029,"DDI2",FALSE,0.939212723305022
0.022203883992565,2.38282988436134,0.0178212738861399,0.897485831561337,0.939061326728029,"SEMA6D",FALSE,0.939212723305022
0.00997618187233993,4.77365912633101,0.0171329800176658,0.897806599222209,0.939272990054589,"PPA2",FALSE,0.939423613849457
-0.0237996114885681,1.63149339278148,0.0170914262437709,0.897929845472884,0.939277980592298,"LINC02649",FALSE,0.939427798490754
0.0627898070049917,1.73289947733284,0.11009263984196,0.898125528984452,0.939358732689806,"VWF",FALSE,0.939507756916679
-0.00701326489965128,6.15922972852752,0.016775457058643,0.898872027219912,0.940009470533715,"SLC20A1",FALSE,0.940156984418432
0.018168156177015,6.6646767610332,0.17464781732651,0.898984839251593,0.940009470533715,"SF3B2",FALSE,0.940156984418432
-0.00677469043645344,6.33585432043372,0.0166747753314141,0.899174142665836,0.940031172510797,"DUT",FALSE,0.940177077042283
0.00509657159727889,8.58753529578464,0.0166519591174367,0.899242736165727,0.940031172510797,"TPI1",FALSE,0.940177077042283
-0.012995722815829,5.24724456289406,0.0641064273991391,0.899820146790026,0.940464417153323,"USE1",FALSE,0.940608776283901
0.00589174029001406,6.67575848256198,0.0164359784569567,0.89989443346684,0.940464417153323,"BNIP2",FALSE,0.940608776283901
0.0254232245212629,1.26114859221229,0.0161283004564238,0.900830388983849,0.941318482122572,"GPT2",FALSE,0.941462165616179
0.0305409047186866,5.60756500190599,0.291915861263933,0.901369206774112,0.941757389470896,"EXOC1",FALSE,0.941900333063596
-0.00603341980616558,6.08323778952681,0.0158537396662568,0.901673300390849,0.941886903436544,"NUB1",FALSE,0.942027446950426
-0.00688362627895713,6.05405392330509,0.0158317079758817,0.901741259071488,0.941886903436544,"SUMO1",FALSE,0.942027446950426
0.00719797559398984,5.05103984464757,0.0157966227948734,0.901849581733957,0.941886903436544,"NUP50",FALSE,0.942027446950426
-0.0143679300402612,3.19559404632244,0.0156935202974441,0.902168612256423,0.942060481278316,"MBTD1",FALSE,0.942199438306699
0.0113924942278347,4.33049765240584,0.0156661654549772,0.902253435210173,0.942060481278316,"SNRNP25",FALSE,0.942199438306699
0.00893502199578519,4.70861940579251,0.0156179526328435,0.902403118912219,0.942091416479724,"NIT2",FALSE,0.942228766487041
-0.00903600688283883,4.70988446008794,0.0155801249280973,0.90252072504585,0.942091416479724,"FAM200B",FALSE,0.942228766487041
-0.0133589759875493,3.62225514769954,0.0152906051249248,0.903425689712493,0.942882105685296,"TP53I3",FALSE,0.943017958887353
0.00995651329323202,4.7179193169216,0.0152618437466714,0.903516064189101,0.942882105685296,"DIP2B",FALSE,0.943017958887353
-0.00719005797955686,5.82828806601055,0.0151825146935567,0.903765782790418,0.943018574093502,"GTF3C6",FALSE,0.943153641121064
0.0137214908288111,3.58132965078736,0.0149565890712484,0.904480625753079,0.943640268584078,"LIMD1",FALSE,0.943774618501028
-0.00987287787039831,4.21992336778511,0.0148585370296091,0.904792574978763,0.943794262393746,"RCN1",FALSE,0.943925411224279
0.00758811530479495,5.60231443686832,0.0148286514447316,0.904887862755686,0.943794262393746,"RAB4B",FALSE,0.943925411224279
0.011431690405378,3.59543283651387,0.0147649323427517,0.905091352227599,0.943794262393746,"GIT1",FALSE,0.943925411224279
-0.00790299732674795,6.45401107616731,0.0147608477206716,0.905104411828917,0.943794262393746,"SPCS3",FALSE,0.943925411224279
-0.0273358807892393,1.04053960149861,0.0146650766215223,0.905411144730008,0.943989946793727,"KCNIP1",FALSE,0.944120317429914
-0.0144382954495735,2.92408246597445,0.0145560491769925,0.90576157560376,0.944231133647155,"SCARF1",FALSE,0.944360732213661
-0.0129715796258785,3.59167806199728,0.0144211974364821,0.906196858746558,0.944560701570169,"EPG5",FALSE,0.944689539923962
0.0526112196210698,2.73555911333847,0.181453487947106,0.906696046084099,0.944956783666983,"ALMS1",FALSE,0.945084870475064
-0.00890490295308817,4.48982546196714,0.0141830843464974,0.906970532177804,0.945091997130146,"VPS53",FALSE,0.945218491532161
0.0175852506555379,1.99313077605591,0.0141543917124001,0.907064203602836,0.945091997130146,"TEAD1",FALSE,0.945218491532161
-0.00973619243280446,3.72446296624498,0.0136190229491541,0.908830004560057,0.946807395026561,"ABCD3",FALSE,0.946933312514763
-0.0157690160480166,2.88618053891121,0.0135622293204325,0.909019377156639,0.94685844113672,"PLEKHM3",FALSE,0.946982752949258
-0.00763453917125911,4.40504431479219,0.0135327392326345,0.909117867549535,0.94685844113672,"UBE3C",FALSE,0.946982752949258
0.0147000724581267,2.92194081398119,0.0133860435118717,0.909609424642254,0.947245963294862,"ISYNA1",FALSE,0.947369519742421
-0.00910441234057929,4.85098179291932,0.0253858634436039,0.910088247660653,0.947578723263347,"IWS1",FALSE,0.947700710703925
0.0330443481606314,0.526411631244387,0.0132203289462287,0.910168009289908,0.947578723263347,"NCKAP1",FALSE,0.947700710703925
0.0269764579348976,0.868845528699703,0.0130114133488458,0.910877298678004,0.948192650199477,"ANKRD65",FALSE,0.94831391026633
-0.00626873779128748,7.74413378848465,0.012941828639288,0.911114825992913,0.948265300396724,"TGFB1",FALSE,0.948384957453827
0.00922028364846162,4.51622269908242,0.0129209243712832,0.911186309084541,0.948265300396724,"FBXL3",FALSE,0.948384957453827
-0.0229379978046233,1.77281310220443,0.0127711789376553,0.911700093841358,0.948675461868261,"PTPDC1",FALSE,0.948794364502274
-0.0078797432697766,4.63286156447338,0.0125039905527322,0.912624474517139,0.949406038697921,"TMX3",FALSE,0.949523419937903
-0.0263495846783541,1.21004967564242,0.0124990379221925,0.912641702941077,0.949406038697921,"LINC00968",FALSE,0.949523419937903
-0.029986863483102,0.377436784039683,0.0124327742021145,0.912872544237175,0.949521586291305,"RUSC2",FALSE,0.949638175557964
0.0201901168461137,1.51419623644038,0.0123642383902333,0.913111957518789,0.949606474280064,"SLC22A15",FALSE,0.949721461945971
-0.00525599105188964,6.75406677665171,0.0123408784456297,0.913193713409587,0.949606474280064,"SP110",FALSE,0.949721461945971
0.0121228648135921,3.38825708876763,0.0122618807158822,0.913470774700642,0.949770006796943,"KCTD9",FALSE,0.949884208433429
-0.00701176113179445,5.4510269519325,0.0122013714540272,0.913683605238907,0.949866722047477,"ETFA",FALSE,0.949980129612262
0.0268856461298824,3.58571068093264,0.080544983625119,0.914428268344879,0.950347673326105,"SUPT3H",FALSE,0.950456306124999
0.00770058908660001,5.91855453644335,0.0119885656794117,0.914436390294528,0.950347673326105,"SERPINB8",FALSE,0.950456306124999
0.0369032568054727,0.361161788300225,0.0119550789489669,0.914555461609234,0.950347673326105,"MMP28",FALSE,0.950456306124999
0.00591998309260753,6.49819185596997,0.0118972782908286,0.914761385871712,0.950347673326105,"HDLBP",FALSE,0.950456306124999
0.00631163376298808,5.37416405501419,0.0118801639571731,0.914822455637676,0.950347673326105,"COPS5",FALSE,0.950456306124999
0.00903935425036645,4.04950065888456,0.0118681171178585,0.914865469579318,0.950347673326105,"MLKL",FALSE,0.950456306124999
-0.0102823392474115,4.62443970316365,0.0231588697247437,0.915765351516075,0.95115782874616,"SPG11",FALSE,0.951265748845416
0.0143458392902715,6.53724634062595,0.0116702125541701,0.916216507518664,0.951501764685351,"GSTM3",FALSE,0.951608918422153
0.0289164094043758,1.53898838977924,0.0110987364471126,0.917672975125222,0.952889501872005,"MAST4",FALSE,0.952996005541325
0.039746925114836,-0.452798708950177,0.0108419746336348,0.918614192018273,0.953741921728768,"C1QTNF1",FALSE,0.953847713815732
-0.0114625706685653,4.64858254929901,0.0108242177362245,0.918749792711011,0.953757804977465,"RBKS",FALSE,0.953862792168865
0.0156564617310596,3.36977636106193,0.0105635811909992,0.919661876061476,0.954579648260721,"CLEC11A",FALSE,0.9546839187788
-0.00777177221139068,4.88694383002907,0.0105130500682877,0.919853532027023,0.954653593652342,"PTCD3",FALSE,0.954757065258088
-0.0157110353674024,1.97871300207933,0.010456917621936,0.920066979784284,0.954736220203904,"USP45",FALSE,0.954838087284337
0.0201056286568383,1.27381901459232,0.0104288311012307,0.920173998307017,0.954736220203904,"C2orf88",FALSE,0.954838087284337
0.0292057311071005,0.460882305214563,0.0103082843813558,0.920634982821155,0.955089524182952,"CDC42EP5",FALSE,0.955190622239571
-0.00540513068581419,5.56035907315564,0.0101688577010235,0.921171578691418,0.955521166540045,"GTPBP4",FALSE,0.955621503414668
-0.0306810250595448,3.58391802804986,0.124911528306586,0.921705890012462,0.955737917826208,"TFCP2",FALSE,0.955834245371514
0.00649836391234829,6.4701975589425,0.0100085361142664,0.921793207945206,0.955737917826208,"NDUFA6",FALSE,0.955834245371514
0.0269341895466851,1.41358691487318,0.00997197312953368,0.921935680111685,0.955737917826208,"COX7A1",FALSE,0.955834245371514
-0.00971793786294106,5.97133321261068,0.0100330141676931,0.921945718675803,0.955737917826208,"ITPRIP",FALSE,0.955834245371514
-0.00727637135286448,4.98498674582614,0.00995976762033103,0.921983299134061,0.955737917826208,"ANKS1A",FALSE,0.955834245371514
-0.00738780218693465,4.73939482218208,0.00983064094800759,0.922488896208753,0.956080176631691,"C3orf62",FALSE,0.956174926745145
0.00918255446709672,4.95939503271444,0.00981588659071237,0.92255466085172,0.956080176631691,"CYB5B",FALSE,0.956174926745145
0.0395936150688698,-0.718171879468276,0.00971834809437623,0.922931315000912,0.956224550148566,"DEC1",FALSE,0.956317703246931
0.0285473953544989,0.631231716791919,0.00971736515830685,0.922935199008177,0.956224550148566,"FANCC",FALSE,0.956317703246931
-0.017975416191896,2.04448119157729,0.00954882782519902,0.92360412352955,0.956792563875902,"CENPP",FALSE,0.956884966486823
-0.00494300477582633,5.99492478907623,0.00938641966761805,0.924254387550387,0.957341100666248,"PGP",FALSE,0.957432750180401
0.0375464993619686,-0.206083521243717,0.00923232369180972,0.9248766450231,0.957783635193627,"ALDH1A3",FALSE,0.957873714820132
0.0139635196222757,5.78361309956614,0.00936904470223298,0.924923248113321,0.957783635193627,"SAV1",FALSE,0.957873714820132
0.0052776987669591,6.17700385117149,0.00911502228276824,0.925353845364806,0.958060238521519,"TIMM13",FALSE,0.958148732291793
-0.0316289274066177,-0.306465424386391,0.00909587045720058,0.925432051790842,0.958060238521519,"ZNF704",FALSE,0.958148732291793
0.0200823281728264,3.22838564168753,0.0310155343316427,0.925570789198666,0.958067833236219,"STAMBPL1",FALSE,0.958154716671559
0.0102853758067704,3.71646372724275,0.00903502187712866,0.925681080044076,0.958067833236219,"TXNDC5",FALSE,0.958154716671559
-0.0378446613893801,0.57808499343553,0.019038810187557,0.926137035124242,0.958189160615473,"ADAMTS1",FALSE,0.958272030654674
-0.0111609330493266,5.05416471274608,0.0266557429262264,0.926241094091146,0.958189160615473,"USP33",FALSE,0.958272030654674
-0.0281428336905705,1.00123470821934,0.00888932342100802,0.926280827123531,0.958189160615473,"SOCS2",FALSE,0.958272030654674
0.0044244372326469,6.09009378434893,0.00888818761769307,0.926285521911772,0.958189160615473,"CDC5L",FALSE,0.958272030654674
0.0436695485277351,-0.155181586370262,0.00885988363067507,0.926402613031988,0.958189160615473,"LIFR",FALSE,0.958272030654674
-0.00592691826565678,5.01796962666048,0.00880585422638444,0.926626653353593,0.958295865873634,"RXRA",FALSE,0.958377940806039
0.00508654981691355,5.95148606945881,0.00876382296516107,0.926801421963899,0.958351594278047,"MAGT1",FALSE,0.958432869812496
-0.0210457942700974,1.00668547801295,0.00871155984506586,0.927019326393065,0.958451906578537,"RAI14",FALSE,0.958532386576265
0.0102181132804424,7.45006438973251,0.00875207608153692,0.927267547029764,0.958485335259453,"TXN",FALSE,0.958564210553166
0.00714272560151639,6.04196482092889,0.00865434414785508,0.92729345628658,0.958485335259453,"PSMG2",FALSE,0.958564210553166
-0.00722529604791569,6.54746635136098,0.0086135849352902,0.927503889051545,0.958577868908962,"AL499604.1",FALSE,0.958655948300718
0.00707756372876082,6.24592157451314,0.0212279410531473,0.927814369044001,0.958674727503301,"RNMT",FALSE,0.958749602500477
0.00443242175130387,5.92072586379246,0.00847782039189807,0.92800204448213,0.958674727503301,"PITPNB",FALSE,0.958749602500477
0.0549108427538339,2.61830542736739,0.160848997081319,0.928081222307872,0.958674727503301,"TTC13",FALSE,0.958749602500477
-0.0110618707791723,3.09905431420469,0.00845910962626514,0.928081298383935,0.958674727503301,"TRAPPC9",FALSE,0.958749602500477
0.0179544894644477,5.6238955145494,0.104064185408171,0.928219061898765,0.958692121252398,"ZNF148",FALSE,0.958766195048967
0.00812150583523126,5.16075362532788,0.0188053534229906,0.928387665909529,0.958741359298,"SETD5",FALSE,0.958814634509081
-0.0312132285167109,0.963010553266568,0.00833003294684712,0.928647597330711,0.95888488560014,"RAMP2",FALSE,0.958957369481104
-0.00788779502346479,3.85083892943469,0.00826766841716791,0.92889733062003,0.959017845703295,"CBWD5",FALSE,0.959089537434416
0.00898081483984698,4.90148818910037,0.00793707058743467,0.930381542427439,0.960425113068325,"MLLT11",FALSE,0.960496106833097
0.0114500587026069,3.0629489310629,0.00783813276902571,0.930763668134233,0.960503856865621,"LTBP4",FALSE,0.960570843441829
-0.0162567919158261,1.37693648830704,0.00780902644913207,0.93089197990955,0.960503856865621,"LINC00894",FALSE,0.960570843441829
-0.0422476293759927,0.579891544831306,0.0311779300839452,0.930942768030552,0.960503856865621,"EMILIN1",FALSE,0.960570843441829
0.0160780051447236,3.28419976743304,0.00781141750067557,0.930954464776313,0.960503856865621,"ATN1",FALSE,0.960570843441829
0.00647736411036673,4.65573880006514,0.00777018369501807,0.931063589809825,0.960503856865621,"NFYC",FALSE,0.960570843441829
-0.00593875101248568,5.08110714535185,0.00755632280413334,0.932016286343168,0.961356995742944,"ZKSCAN1",FALSE,0.961422436660939
0.0211486594890518,1.04367331033006,0.00753030732207987,0.932133101195259,0.961356995742944,"AC007262.2",FALSE,0.961422436660939
0.0287106323916236,1.80596205998774,0.00742470884163835,0.932781342117337,0.961900426678753,"EGR4",FALSE,0.961965101872023
-0.0116950194041374,2.41296334403079,0.00735778081762169,0.932912983355201,0.96191105892054,"ACVR1",FALSE,0.961974932313124
0.00862672870071322,4.77842668908137,0.00726542755954483,0.93333653173572,0.962136749994277,"METRN",FALSE,0.962196628003967
-0.0470822152482626,1.43529796874379,0.0631821451011799,0.933412899249309,0.962136749994277,"EFEMP2",FALSE,0.962196628003967
0.0149853741383832,1.85665972856205,0.00721338712596803,0.933572808186154,0.962136749994277,"AL096803.2",FALSE,0.962196628003967
-0.0113463532038873,2.31091409506535,0.00719089733883389,0.933676175053174,0.962136749994277,"VWA8",FALSE,0.962196628003967
0.00449967621341787,6.11230070501553,0.00717731790492313,0.933738667312811,0.962136749994277,"FRG1",FALSE,0.962196628003967
-0.0296874640885653,-0.528392852337059,0.00714682836814213,0.933879196898519,0.962156500716239,"PRELP",FALSE,0.962215578494184
0.0283764520150903,4.1153831352025,0.137647406564601,0.934164149494871,0.962288481945877,"ATR",FALSE,0.962345965314791
-0.0062517126816237,4.9787665459384,0.00706668010486154,0.934250056197959,0.962288481945877,"UBTF",FALSE,0.962345965314791
0.0248400142212032,0.73658594899679,0.0069652811483407,0.934722295673482,0.9624596280407,"LINC02614",FALSE,0.962514719007561
0.0115820903094709,3.28103705468328,0.00695800252195016,0.934756326807601,0.9624596280407,"PIM1",FALSE,0.962514719007561
0.0155200131572737,5.65899481727619,0.089927571878096,0.93478041573075,0.9624596280407,"PRKCSH",FALSE,0.962514719007561
0.00508591455901402,5.36789898783828,0.00682755573971858,0.935369297844621,0.962940889924965,"STK10",FALSE,0.962995207582322
0.0437644705049075,3.53544168674297,0.141359743662097,0.935729779654568,0.963186924578216,"SP4",FALSE,0.963240455261818
-0.00473071998003957,5.21708214936782,0.00662291243991428,0.936342928894126,0.96369294304461,"FDPS",FALSE,0.963745700787552
0.00552440375012659,8.43515869421532,0.00659890088018766,0.936465957704686,0.96369445907097,"CALR",FALSE,0.963746416041478
-0.0058198086572252,5.29937452159535,0.00645244979898326,0.937165566053826,0.96428924174883,"MAP3K11",FALSE,0.964340429646296
-0.00762262475240706,3.92254887082072,0.00713869396852673,0.937385034660497,0.96438989810387,"SMC6",FALSE,0.964440290329816
0.0149040942115781,9.86551722481355,0.00651302037116661,0.937558505838744,0.964443211922871,"CCL20",FALSE,0.96449280608483
-0.0118570860953729,2.5871999732396,0.00634128743506333,0.937707932392644,0.964471781007899,"ADCY3",FALSE,0.964520575974573
0.010886865466503,5.18789040808077,0.00635434648827664,0.937965856415169,0.964611922384157,"AC023157.3",FALSE,0.964659923869283
0.0218404965136397,1.82674741627843,0.0206691476883524,0.938099291513103,0.964624018562371,"ZNF718",FALSE,0.964671220276755
0.00820006438813062,3.81728219732764,0.00621058558573629,0.938351791933484,0.964758527616219,"CDC37L1",FALSE,0.964804935637169
-0.0153740687438537,1.34902016117963,0.00615157886112037,0.938644702727751,0.964934543986724,"ADGRA3",FALSE,0.964980160262198
0.0661071151388719,4.01748588390136,0.537697293878329,0.93877686803978,0.964945288450587,"SLC25A26",FALSE,0.964990105221475
-0.00692901228404239,4.19216964668708,0.00587935195650956,0.940014725754136,0.966092396393414,"MTRF1L",FALSE,0.96613646568703
0.00430121849233947,5.62081670219927,0.00572576092719101,0.940801805788643,0.96677598396531,"KPNA3",FALSE,0.966819283329368
-0.00625169307851138,4.24406797006127,0.00566424028878252,0.941120045087183,0.966868370367905,"PARP8",FALSE,0.966909271557378
-0.00906288762663407,4.53419662542757,0.0194479779347763,0.941184812804883,0.966868370367905,"DUSP3",FALSE,0.966909271557378
-0.0141432847999296,1.94569253923241,0.00563775638300172,0.941257578519108,0.966868370367905,"MAST2",FALSE,0.966909271557378
0.00756390529302167,3.66958457124464,0.00552768265738926,0.941832714479667,0.967333820494209,"KLHDC10",FALSE,0.967373940635048
-0.00615854957988572,5.05410169868681,0.00546900033473574,0.942141685067367,0.967435651973329,"ABCC4",FALSE,0.967472575133738
0.0116920711846429,2.30244994718505,0.00542335165354459,0.942383186478234,0.967435651973329,"ZNF197",FALSE,0.967472575133738
-0.0146815964462235,0.792417795160204,0.00542093563451944,0.942395996703447,0.967435651973329,"CMYA5",FALSE,0.967472575133738
-0.026631579014843,4.16759285562986,0.113122075278069,0.94241997227422,0.967435651973329,"RELL1",FALSE,0.967472575133738
0.0329162312159874,-0.236348465422939,0.00539051197509846,0.94255755553672,0.967447923287552,"TMEM47",FALSE,0.9674832475452
0.0124568039030641,3.17106981578906,0.00536826488027355,0.942675984787631,0.967447923287552,"FSTL3",FALSE,0.9674832475452
-0.00678473693944677,3.78049650863781,0.00526337077038829,0.943237728328114,0.967857441640593,"INTS6L",FALSE,0.967890382341487
0.0340854865266755,4.96279168748925,0.270094241822081,0.943336666670487,0.967857441640593,"GTF2F2",FALSE,0.967890382341487
-0.00386979818049022,5.35918534953549,0.00522562226536303,0.943441259964494,0.967857441640593,"UFD1",FALSE,0.967890382341487
-0.00441890433734217,4.85990499058645,0.00519071951366198,0.943630106709246,0.967925926509368,"SAMD8",FALSE,0.967958070397844
0.00431646835420797,6.20592544045694,0.0051536294310971,0.943831489405418,0.967961916308593,"COX14",FALSE,0.967992463670464
0.0240397345512072,0.0286542150573379,0.00513931939046558,0.943909381304456,0.967961916308593,"MMP15",FALSE,0.967992463670464
0.00310445078396271,6.61682330290906,0.00510844376318166,0.944077814714674,0.967971531742672,"ZC3H13",FALSE,0.967998886427183
0.0271420308534169,5.28000849639821,0.227659897093094,0.944173528198366,0.967971531742672,"CUEDC2",FALSE,0.967998886427183
-0.00307735111544174,6.63386853818034,0.0050558036031081,0.944366162943515,0.967971531742672,"LAT2",FALSE,0.967998886427183
-0.00356263565713549,6.49598191350513,0.00504834535542168,0.944407139004738,0.967971531742672,"ELMO1",FALSE,0.967998886427183
0.00655516521896453,4.26285017903395,0.00494119483648442,0.944999224489482,0.968453186627794,"SYNE1",FALSE,0.96847975680085
-0.0139480856388055,2.16100344546424,0.00491359887680511,0.945152754929038,0.968485335540573,"KCTD11",FALSE,0.968511108653871
0.0145258262894353,1.01052698759019,0.00491789335415972,0.945390018304749,0.968528327893964,"SAP30L-AS1",FALSE,0.968550912317358
0.00570331177731046,3.77683488348585,0.00485600970433526,0.945474555209525,0.968528327893964,"PPME1",FALSE,0.968550912317358
-0.0107903108216027,5.68247522341653,0.0361264261970015,0.945591603754488,0.968528327893964,"UBE2Z",FALSE,0.968550912317358
-0.00362325204198489,6.79403780338339,0.00766060603705427,0.945683373641168,0.968528327893964,"PSMA1",FALSE,0.968550912317358
0.00812467378781662,2.4826185509855,0.00478158277767817,0.945893297402762,0.968618194498721,"SNTB2",FALSE,0.968639984003505
-0.00345246278333028,6.26942687132243,0.00469660982638667,0.946375399007004,0.968986718755977,"TMED2",FALSE,0.969007719440756
0.0403418968486881,0.236178148241166,0.0189393457104915,0.94674601917947,0.969229854578865,"CLIP3",FALSE,0.969248469845732
-0.0167807848067918,1.61438414184441,0.00461031742461142,0.946869493846116,0.969229854578865,"CD3D",FALSE,0.969248469845732
-0.0033576122781735,5.94848205152456,0.00459119317935993,0.946979623305738,0.969229854578865,"ANKLE2",FALSE,0.969248469845732
-0.00667959494904835,3.80614527058454,0.00454826731063069,0.947227659915406,0.969322981360229,"C18orf25",FALSE,0.96934000550617
0.00995239064018897,5.10002843006444,0.0219696587452616,0.947315143741051,0.969322981360229,"KBTBD2",FALSE,0.96934000550617
-0.0124791728264113,1.95148592915789,0.00450382121588068,0.947485723358712,0.969372411251499,"POPDC2",FALSE,0.969388640080511
-0.0256385270930672,-0.0538929972525057,0.00446133378989718,0.947733613266746,0.9695004538015,"MID1",FALSE,0.969515092814012
0.00555910674653297,5.19723522916173,0.00444052536371763,0.947855451238071,0.9695004538015,"AC090559.1",FALSE,0.969515092814012
-0.0112310481275375,4.90484781154345,0.0281861984324112,0.94816302224386,0.969574346310805,"SH3BP2",FALSE,0.969587395184218
0.00603951090047547,3.98214067889287,0.00438664216728943,0.948172288969182,0.969574346310805,"PAICS",FALSE,0.969587395184218
-0.0193870999542447,5.46437107652058,0.0952358288914399,0.948475162484571,0.969758974487707,"KANSL1",FALSE,0.969771230376827
-0.00538544667923176,5.31542524940777,0.00431393332461764,0.94860293853215,0.96976455147426,"INAFM2",FALSE,0.969776012166659
0.00610627524854555,3.33219504952967,0.00421841345059103,0.949174276263335,0.970223525298572,"PREP",FALSE,0.970234195978014
0.00759647170448063,3.51439650887108,0.00415262817380441,0.949571548049633,0.970504477625047,"AC243960.1",FALSE,0.970514355933446
0.0113128491339853,1.81449046573277,0.00395306886720776,0.950796407245611,0.971631079742615,"NES",FALSE,0.971640173340372
0.0179768400575352,3.38637954467855,0.00398928943878927,0.950927461176207,0.971639761851394,"ARC",FALSE,0.971648059552031
0.0214984509763029,-0.225021739869442,0.00379784997549005,0.951928564969111,0.97229252617752,"DRP2",FALSE,0.97229764546529
-0.0267995855124068,4.8461701581114,0.153048305416417,0.951991860125909,0.97229252617752,"PGM2",FALSE,0.97229764546529
0.00675813502040456,7.02659529356434,0.00380094031712968,0.952015563989306,0.97229252617752,"TFRC",FALSE,0.97229764546529
-0.00383775638367704,5.17722067429581,0.00375285994124369,0.952056871936944,0.97229252617752,"TSSC4",FALSE,0.97229764546529
-0.0119346311754049,5.51131548788018,0.0406354166674039,0.952504985399182,0.972432214270983,"KIAA1109",FALSE,0.972430181354061
-0.00949923367716947,2.56554333950165,0.0036740512444025,0.952562267817182,0.972432214270983,"DGKH",FALSE,0.972430181354061
0.00580601094115832,3.96805916319129,0.0036717308006191,0.952577230760777,0.972432214270983,"AC005261.1",FALSE,0.972430181354061
0.00880437975332891,2.88378583771493,0.00362082267753658,0.952906704752076,0.972432214270983,"MBNL3",FALSE,0.972430181354061
0.0201460637423362,6.14518109938895,0.181814842873107,0.953013487143896,0.972432214270983,"ADAR",FALSE,0.972430181354061
-0.00846706702629542,2.54647883911584,0.00359864460242584,0.953050966610797,0.972432214270983,"TVP23C",FALSE,0.972430181354061
0.00968883158737911,2.98523620092273,0.00356534569770509,0.953268406810235,0.972432214270983,"AASS",FALSE,0.972430181354061
0.0180341861836583,5.0563241443389,0.0977357138846955,0.953279106956342,0.972432214270983,"RAF1",FALSE,0.972430181354061
-0.00672170822014381,3.78934169945158,0.00356089078671164,0.953297574333259,0.972432214270983,"ST7L",FALSE,0.972430181354061
0.021280010974104,-0.272355885537284,0.00340018791457596,0.954362266982038,0.97333573840769,"FBLN1",FALSE,0.973332114848271
0.00361427577264675,6.30929434448905,0.0033902596971405,0.954428863569801,0.97333573840769,"PSMB4",FALSE,0.973332114848271
-0.0128619176642414,0.943669234086961,0.00331262843244763,0.954953010410665,0.973745011773087,"SPEF2",FALSE,0.973740592287758
0.0112967235018345,1.31875337398803,0.00326381116302362,0.955285774009283,0.973959055599999,"LINC02762",FALSE,0.973953840771985
0.0026148387200452,6.27059892650203,0.00319400575080355,0.955765972926014,0.974323342337333,"RAB5A",FALSE,0.974317331096161
-0.0124100782416069,1.68599934473126,0.00315030981817712,0.956069245426759,0.974507196932804,"MIR100HG",FALSE,0.974500390150344
-0.00284551741675556,6.57615428855082,0.0031063234042789,0.95637667309625,0.974573062925698,"MDM2",FALSE,0.974564667378429
0.0105430228701269,2.48285024894208,0.00310588884038128,0.956379721185915,0.974573062925698,"AP005131.1",FALSE,0.974564667378429
-0.0358356287419195,4.10386211223801,0.110882266401653,0.957035148643638,0.975115622470988,"USP9Y",FALSE,0.975106427963603
0.00935828628448135,4.05795670643679,0.0120994591927478,0.957172481606507,0.975130227984629,"RFK",FALSE,0.975120239246872
0.00533360053623155,3.79339180855002,0.00292056163764216,0.957699735835289,0.975426613424844,"TNKS",FALSE,0.975415033599197
0.00660839641471772,3.0045036015057,0.00291921481551757,0.95770948018403,0.975426613424844,"CDK8",FALSE,0.975415033599197
0.00386200564973584,4.86177111707246,0.00289304874610101,0.957899242877703,0.97549456615728,"RSU1",FALSE,0.975482191751621
0.00378349835081177,4.57934928203315,0.00285386418793287,0.958185035947054,0.975660283199106,"RABGAP1",FALSE,0.975647112988353
0.0189140265137755,-0.133075058713607,0.00282850256215495,0.958371061494654,0.975724383656044,"DUBR",FALSE,0.975710419030096
0.00763388001142581,3.03414138690065,0.0027344400025755,0.959068415080003,0.976308987513387,"RCL1",FALSE,0.976294220700383
-0.00692268279534636,4.11856963725866,0.00270162391058428,0.959356900604147,0.976402672401659,"TIFA",FALSE,0.976385523713152
0.00762972239853314,3.42276399884208,0.00267581575499187,0.959509137925286,0.976402672401659,"ETFDH",FALSE,0.976385523713152
0.0233618743275929,3.0209851154141,0.0348722734889505,0.959529921882105,0.976402672401659,"RHBDD1",FALSE,0.976385523713152
0.00839799039776794,2.31937876888421,0.00252457512707202,0.960669014478106,0.977436338139428,"CAVIN3",FALSE,0.977418377380669
0.00422889547497624,4.19295371257959,0.00250251475522344,0.960841078885901,0.977485958348187,"MED27",FALSE,0.97746720292654
-0.00295377730318773,5.43441099879188,0.00239553698573979,0.961686471302409,0.977903975978509,"TIGAR",FALSE,0.977878867187306
0.00411170045499089,7.13398915877965,0.00240264931112194,0.96170919012562,0.977903975978509,"HEXIM1",FALSE,0.977878867187306
0.0144062515962322,5.71132002027113,0.0753435432834453,0.961728604515988,0.977903975978509,"DECR1",FALSE,0.977878867187306
-0.00327716834050978,4.21811063940339,0.00235998830423238,0.961971569494456,0.977903975978509,"STAM",FALSE,0.977878867187306
-0.004160498599739,3.81070950814553,0.00234972254801817,0.962054300176028,0.977903975978509,"C9orf85",FALSE,0.977878867187306
-0.00453453276291015,5.04434364452622,0.00233813107962556,0.962162156725853,0.977903975978509,"PDP1",FALSE,0.977878867187306
0.0198208175157745,-0.367669445888687,0.0023363870371875,0.962218963717067,0.977903975978509,"ISLR",FALSE,0.977878867187306
-0.00602085451072908,4.50693905283687,0.00233546905107765,0.962238763447067,0.977903975978509,"ZNF37A",FALSE,0.977878867187306
0.0190003815900656,0.167989749134278,0.00224190005898145,0.96293442150789,0.978434451632174,"KCTD1",FALSE,0.978407744069601
0.00295042090815584,8.28515523535126,0.00223305281868706,0.963007571403362,0.978434451632174,"SAP30",FALSE,0.978407744069601
-0.0169913934632851,-0.105082854135836,0.00220381909698266,0.963250317565995,0.978555678839468,"TMEM98",FALSE,0.978528175600891
0.0108692601489502,1.8507629783962,0.00211685714743325,0.96398211914072,0.979008970048679,"DSEL",FALSE,0.978977493464597
0.00336369254687638,4.68847324586536,0.00210712116685458,0.96406497979063,0.979008970048679,"CAPN7",FALSE,0.978977493464597
0.00195501233516952,7.77339114531327,0.00210369368165977,0.964094195960028,0.979008970048679,"TCF25",FALSE,0.978977493464597
0.00247300133567235,10.0850136648807,0.00207982430755695,0.964298325514907,0.979008970048679,"IFI30",FALSE,0.978977493464597
0.00182793103556542,8.29766190427983,0.00207800216422275,0.964313956497242,0.979008970048679,"CDV3",FALSE,0.978977493464597
-0.00355209375685994,4.65139654413506,0.00198352768048393,0.965134019585126,0.979716070073096,"LENG8",FALSE,0.979683778674349
-0.0149377544440807,0.260418406846203,0.00193725746692715,0.965542797207531,0.980005542985701,"CRLF1",FALSE,0.979972449935703
0.0053717106344907,3.14705891607448,0.00185559075339117,0.966276410243529,0.980624600667012,"AC025159.1",FALSE,0.980590694306134
-0.0111298433471857,1.14210538582979,0.00183796063003166,0.966436891969985,0.980661932617181,"AGAP1",FALSE,0.980627232733068
0.0041815427179525,3.8069988326183,0.00177602296883216,0.967006896142774,0.981114752062952,"SEMA4C",FALSE,0.981079243762108
0.0419065614938319,3.56600550370696,0.12981353480662,0.967818536833167,0.981812586054171,"P4HTM",FALSE,0.981776259743972
-0.0212681583176855,5.39946946019884,0.140662125450756,0.967944197161803,0.981814431307417,"MFF",FALSE,0.981777312378097
0.00368369924826929,4.29649006280888,0.0016381280291064,0.968312824508679,0.982062693194935,"CCDC14",FALSE,0.982024772332566
0.00318472971769781,4.48784232197596,0.00161509790438251,0.968536225113241,0.98211220086661,"GALNT11",FALSE,0.982072693530414
0.0511889923805476,1.71558697903913,0.0839250467175115,0.968609396894049,0.98211220086661,"TBC1D32",FALSE,0.982072693530414
0.0123882921030392,5.31172978082834,0.0450936063917487,0.969005126567901,0.982387806065259,"SLAIN2",FALSE,0.98234749544485
-0.00625875136391505,2.22356347634423,0.00155369389792502,0.969139788046332,0.982398700886245,"CDR2",FALSE,0.982357597816393
0.0126438807523834,0.00862248510894721,0.00146853832704027,0.969996947659953,0.982746427740076,"AL590807.1",FALSE,0.982698188741006
-0.0135683766745608,0.526590385992306,0.00146710597526097,0.970011575408424,0.982746427740076,"YES1",FALSE,0.982698188741006
-0.00207542821053339,6.015257489996,0.0014507573210804,0.97017904378604,0.982746427740076,"FNBP4",FALSE,0.982698188741006
0.00551631419005132,2.50974204304955,0.00144869467786853,0.970200239590091,0.982746427740076,"DOCK1",FALSE,0.982698188741006
0.00217696184190203,8.56670174772687,0.00144586730822805,0.970229318324697,0.982746427740076,"YWHAH",FALSE,0.982698188741006
-0.0156492187562354,-0.780734798058833,0.0014285747252288,0.970407790983782,0.982746427740076,"IGF2",FALSE,0.982698188741006
0.00256474054505549,5.323075219501,0.00142815627850527,0.970412123041171,0.982746427740076,"DDB1",FALSE,0.982698188741006
0.00287649928483859,4.12595025946824,0.00141494134248346,0.970549261936279,0.982746427740076,"PIK3C3",FALSE,0.982698188741006
-0.0179004663934784,2.71345719311194,0.02097270044818,0.970598452220585,0.982746427740076,"MCM9",FALSE,0.982698188741006
0.0313763096098707,1.90638675609552,0.0285274647983055,0.971093542469497,0.983122156135637,"LIN52",FALSE,0.983073108143754
0.00300658823314626,4.05437552623077,0.00127122322642764,0.972084265992745,0.983999497036579,"BRCC3",FALSE,0.983949614222131
0.00253017578513376,5.00841614059292,0.00123189608235413,0.972519271752113,0.984314156319514,"SND1",FALSE,0.9842634664521
0.014438630993786,0.49284078519477,0.00313912397959326,0.972698767088869,0.984370158983987,"MAGI2-AS3",FALSE,0.98431867528916
0.00271260895933189,4.57233942701396,0.00115728531609807,0.973364109280299,0.984917761119874,"MON2",FALSE,0.9848654576047
0.0150092231920527,-0.362911193637238,0.0011310015292322,0.973668194210475,0.98509972482142,"GPR37L1",FALSE,0.985046620520114
-0.0114302151236798,4.79080104892197,0.0384929498567158,0.973796647919637,0.985103971507833,"BTBD1",FALSE,0.985050076054302
-0.00139587522992054,6.99326196905201,0.0010908551443894,0.974139571807998,0.985325149948176,"TACC1",FALSE,0.985270451496136
-0.00503768775465881,1.69700673458178,0.0010470433390286,0.974664008416823,0.98562117522988,"AL136171.2",FALSE,0.985564878683116
-0.00216578012101712,5.51828440037696,0.00104564882968548,0.974680879642061,0.98562117522988,"DYNLL2",FALSE,0.985564878683116
-0.00233967063279464,4.35148766814128,0.00102747189303104,0.974901828979167,0.985718875162203,"CRIPT",FALSE,0.985661782430426
0.0109832006474355,0.164047602608009,0.000989314836940169,0.975372103038779,0.98606196399714,"RTKN2",FALSE,0.986002479971865
0.00209293003306482,5.07733535643196,0.000978471279702454,0.975507396528436,0.98606196399714,"SECISBP2L",FALSE,0.986002479971865
0.014483777715168,2.94197291295392,0.0156210786634391,0.975614284257513,0.98606196399714,"CDKL5",FALSE,0.986002479971865
0.00705386440886644,0.939588964299476,0.000947562723940168,0.975897211055256,0.986222191108486,"AL163541.1",FALSE,0.986161907220794
0.00187672268093262,5.77290890427055,0.000915836016091024,0.976304021840978,0.986507556099321,"DLEU2",FALSE,0.986446464545751
0.00195283615702202,4.47447470895007,0.000898406864245017,0.976530509158066,0.986518258011622,"GAB2",FALSE,0.986455585940843
-0.00753155378693217,0.474149202459571,0.000895883407243477,0.976563482451464,0.986518258011622,"ZC4H2",FALSE,0.986455585940843
0.00118272546140721,6.35767471870306,0.000869140816710711,0.976915818181931,0.986748452866142,"COX20",FALSE,0.986684976363751
-0.122571963151537,0.915076488721125,0.24151079354845,0.977383154913564,0.986998025348975,"COL3A1",FALSE,0.986932953384527
0.0165993432628761,2.10650662651521,0.0117410720519534,0.97741189417442,0.986998025348975,"CNNM2",FALSE,0.986932953384527
0.00851636156051867,0.767221905194856,0.000822944668974872,0.977537487877323,0.9869991344742,"MPP6",FALSE,0.986933273035698
0.00177092915126272,5.66198683286877,0.000731279274389928,0.978825080476362,0.987965549657581,"RABEP1",FALSE,0.987896465059983
-0.00402515835831942,2.71128368546748,0.000727026619230892,0.97888672410249,0.987965549657581,"HDX",FALSE,0.987896465059983
-0.00209076950906694,3.82676987879238,0.000723274457309038,0.978941262911284,0.987965549657581,"WRN",FALSE,0.987896465059983
0.0216085796963796,5.84955751102552,0.180524838860896,0.978993107733344,0.987965549657581,"DDX39A",FALSE,0.987896465059983
-0.00887109440051244,0.00731015925679934,0.000704992284111724,0.979209048638317,0.988009430577607,"AP001977.1",FALSE,0.987938764719365
0.0014831448713763,5.75687426248195,0.000699793111644166,0.97928583570621,0.988009430577607,"SEL1L",FALSE,0.987938764719365
0.00206228282001847,4.36056204385339,0.00068923942025105,0.979442587046717,0.988041841214706,"CENPB",FALSE,0.987970384219467
0.02333144714052,4.21538569941597,0.0877019075744381,0.979612567529923,0.988087587198121,"MAPK14",FALSE,0.988015338241036
0.00148563394419357,5.59795597745399,0.000652857642577405,0.979992377631284,0.988344939557413,"NR1H2",FALSE,0.988271883125865
0.00521132109085554,5.66908375181235,0.00958477670371284,0.98073579325339,0.988968884369483,"LSM12",FALSE,0.988894992864483
-0.00202656896028132,4.28943472285202,0.000547625704228056,0.981675322806579,0.989731296699763,"GMPS",FALSE,0.989655769714883
0.00727937297710793,0.676924809392217,0.000543674425618616,0.981741538502388,0.989731296699763,"SMIM5",FALSE,0.989655769714883
-0.00437547690345774,2.07254346077195,0.000527902332844101,0.982008277449573,0.989807463736613,"CAPS",FALSE,0.989729564498031
-0.00338588638137999,4.64389538912031,0.00232098006586417,0.982091207625113,0.989807463736613,"SS18",FALSE,0.989729564498031
-0.00567505761423622,1.71797762597401,0.000517194987111622,0.982191639406652,0.989807463736613,"ACACB",FALSE,0.989729564498031
-0.00149387130023419,4.78740823250506,0.000507246523126883,0.982363715309153,0.989855050199665,"UCHL3",FALSE,0.98977635876781
0.00118202381423451,5.23644255250895,0.000476286100035575,0.982910320301607,0.990279961793257,"UPF3B",FALSE,0.990200447996939
0.00877517872674131,0.932200201380413,0.00149393127512046,0.983073039798616,0.990318050765365,"P4HA2",FALSE,0.990237745497186
-0.00981956707637575,5.44854715266708,0.0244471738358604,0.983813788286598,0.990821517408335,"YIPF4",FALSE,0.990739594290139
0.000920556399970963,6.58181781910961,0.000426776249576403,0.983822778132998,0.990821517408335,"MAPRE1",FALSE,0.990739594290139
0.00358693971504482,1.38677751947946,0.000412655908794876,0.984092609116829,0.99096738283732,"WBP2NL",FALSE,0.990884659333127
0.0105209041777551,6.26673752985516,0.0408721677010446,0.984371085324782,0.9911219157296,"LARS",FALSE,0.991038391078419
-0.00171795455009817,4.32978577717746,0.000385806254105219,0.984618749717735,0.991245390192026,"PUS7L",FALSE,0.991161066991607
-0.00658396789059568,-0.0622975350289067,0.000359785993937342,0.98514641938549,0.991650687263607,"EYS",FALSE,0.991565541320927
-0.000892678731268885,7.042486014916,0.000353430866252673,0.985278171195875,0.991657400182924,"SLC8A1",FALSE,0.99157146559544
-0.000851451335710785,7.9569996590407,0.000334396849293625,0.985680030448632,0.991766327359651,"XBP1",FALSE,0.991678020075616
0.0223060792085516,5.59690379549156,0.136636608083192,0.985684652057976,0.991766327359651,"TIMM10",FALSE,0.991678020075616
-0.000924523702181388,7.26673597348367,0.00033059359008995,0.985761687637998,0.991766327359651,"TUBA1C",FALSE,0.991678020075616
-0.00792974553010612,4.19732967919128,0.0139108523597343,0.986509752476246,0.992393010738698,"HDAC8",FALSE,0.992303859806929
-0.000952611470115573,5.75837658092479,0.000288975497110254,0.986687946665124,0.992446338640079,"NUMA1",FALSE,0.992356395228884
-0.0162933048775888,3.87906824823766,0.0370607790658266,0.98811738965767,0.993758044552329,"KIF20B",FALSE,0.9936671937354
-0.00146974582310789,3.43570384271708,0.000224473347716862,0.988267192417719,0.993782635906606,"CLASP1",FALSE,0.993690994494804
0.000634981460605738,8.86864753086075,0.000219133746522618,0.988407566750686,0.993797741179383,"FKBP5",FALSE,0.99370531021719
0.00144498543428611,3.70897789831917,0.000202284662662782,0.988862114208213,0.994128688998569,"ARHGAP1",FALSE,0.994035439036915
-0.0014011108623525,3.54922871158326,0.000193542898952883,0.9891054177145,0.994247210807729,"NR2C2",FALSE,0.9941531616171
0.0104972725847494,4.57171441586688,0.0279038752275471,0.989651692424166,0.994670210134228,"CCDC93",FALSE,0.994575332684983
0.00414242024581855,0.185303239318632,0.000163984850208852,0.989971727526044,0.994865744178791,"FGF12",FALSE,0.994770059878849
0.000917734384833543,4.56841975992166,0.000145407155974816,0.990556812848397,0.995327555419784,"SCAF4",FALSE,0.995231038339456
-0.00192687506379295,1.5733278023685,0.000139866514640962,0.990738464105996,0.995383923892071,"PRELID2",FALSE,0.995286613137852
-0.0253747868781776,0.217722725459616,0.00723738600105374,0.991460897997686,0.995983527537463,"MAGI1",FALSE,0.995885369683255
-0.000846729474136776,5.39260717080397,0.000105942914475968,0.991939448914622,0.996338014822643,"GGA2",FALSE,0.996239033471365
0.0368379844155227,3.50203103374729,0.131234575256803,0.992258300876404,0.996456529522413,"FGGY",FALSE,0.996355959690698
0.0028122061580988,1.11965954265383,9.64555604561716e-05,0.992308816924754,0.996456529522413,"IL34",FALSE,0.996355959690698
-0.00890717874852104,-1.51720981082056,9.12686881651409e-05,0.992529701401926,0.99655211153932,"IL17B",FALSE,0.99645074393327
-0.000606578760509887,5.20994247818186,8.09235560097902e-05,0.992955207557594,0.996748525201921,"DDX60L",FALSE,0.996645561653954
0.000527344964958695,5.02649586624574,8.04288678738038e-05,0.992976772457716,0.996748525201921,"SRPK2",FALSE,0.996645561653954
-0.00201003787621003,1.09215515576833,7.40567399664322e-05,0.993260719200153,0.996844202298066,"RNF213-AS1",FALSE,0.996738866200681
-0.000358678345919033,13.2365386700425,7.23737595540638e-05,0.993337734213545,0.996844202298066,"MT-CO1",FALSE,0.996738866200681
-0.00352801038349302,0.214202336499832,6.99700857204788e-05,0.993449298985497,0.996844202298066,"LCK",FALSE,0.996738866200681
0.00106953956926578,2.6745764936206,6.68378800295911e-05,0.993597594870881,0.996866835248841,"DAG1",FALSE,0.996760709587775
0.00165894739944649,2.21893243853962,6.1634702561933e-05,0.993852595641768,0.996904745997608,"CAB39L",FALSE,0.996889578363362
-0.000417828266519883,5.32413196237001,5.77044813091749e-05,0.994051091352541,0.996904745997608,"VEZF1",FALSE,0.99691914425674
-0.00251175263804384,-0.109452498939208,5.2304112986455e-05,0.994336291801574,0.996904745997608,"SOGA3",FALSE,0.99691914425674
-0.000709215792914059,3.8035928104762,5.15084713397686e-05,0.994379533784604,0.996904745997608,"STIM1",FALSE,0.99691914425674
-0.000662371629020347,3.8450835270721,5.07839267666729e-05,0.994419203239759,0.996904745997608,"CUL4B",FALSE,0.99691914425674
-0.0539898478601739,-0.0227524848462251,0.0320507563172983,0.994486859816434,0.996904745997608,"CD24",TRUE,
-0.000323605173825834,6.42128883812992,4.81566898737458e-05,0.994565475068756,0.996904745997608,"VPS4B",FALSE,0.99691914425674
0.000620149373483734,4.7866360459449,4.68215415739918e-05,0.994641339662094,0.996904745997608,"NFATC1",FALSE,0.99691914425674
0.0116691944089813,1.21947609565912,0.00310919890322925,0.99492577275644,0.997063775301865,"GOLM1",FALSE,0.997077374096837
-0.00936480317305143,2.7409910791448,0.00612147245193735,0.995184550158342,0.99719705683207,"AC074032.1",FALSE,0.997209855780644
0.00199006909836694,0.821653160219728,3.39004064954296e-05,0.995440294079206,0.997327265444199,"MAP2",FALSE,0.997339264499045
0.00168372300050385,0.16799033191379,2.15284479975753e-05,0.996366361618174,0.998128950582371,"PPP1R9A",FALSE,0.99814015727721
0.000347555432423691,4.86168934727912,1.80805984790384e-05,0.996670017031637,0.998205933236489,"SPIN1",FALSE,0.998213934566048
0.000279286396056154,4.47963482606751,1.66005498764805e-05,0.996809219249067,0.998205933236489,"EXOC4",FALSE,0.998213934566048
-0.000485944902301005,12.5799679622372,1.56304285834464e-05,0.996929460122467,0.998205933236489,"IL1B",FALSE,0.998213934566048
-0.0243293212045018,4.53045267430321,0.082270936622576,0.996946844016967,0.998205933236489,"FLI1",FALSE,0.998213934566048
0.00104083640186385,0.375803835154796,8.5312343804895e-06,0.997712599082405,0.998712912668021,"PARD3B",FALSE,0.998717713463368
0.000269265801349889,3.69112106922558,8.16833872737738e-06,0.997761777527508,0.998712912668021,"ZNF708",FALSE,0.998717713463368
-0.000356921163821668,3.52249083190246,7.02970033108164e-06,0.997923629371277,0.998712912668021,"RNGTT",FALSE,0.998717713463368
-0.000496480610452216,1.66546692321144,6.80505560917309e-06,0.997957075448545,0.998712912668021,"TSPAN5",FALSE,0.998717713463368
0.000297825092463444,0.737109247400532,2.00247094401905e-06,0.998891795335893,0.999462251832468,"NEK11",FALSE,0.999465453950527
0.0172893425947769,4.1991055481412,0.0392983506868208,0.998957982280585,0.999462251832468,"NAA35",FALSE,0.999465453950527
9.17672263825946e-05,0.470220586966046,8.30453601098173e-07,0.999286334603594,0.999664613342245,"CSPG4",FALSE,0.999667015112015
9.1800663909279e-05,2.5342283125924,4.42720809026839e-07,0.999478922943613,0.999731125548443,"PTPN4",FALSE,0.999732726631511
-0.000150524202661535,1.34233896897733,1.19748424775384e-07,0.999728998363706,0.999855115305596,"AFG1L",FALSE,0.999855915844773
-2.03921439439015e-05,4.82648494496664,2.55729967394207e-08,0.999874877546507,0.999874877546507,"MSH6",FALSE,0.999874877546507
