"NGenes","Correlation","Direction","PValue","FDR","GO_ID","description"
17,0.0383015643694155,"Up",0.000214879821875529,0.652886119038435,"GO:0007042","lysosomal lumen acidification"
59,0.00113312189235629,"Up",0.000595776319573956,0.652886119038435,"GO:0098869","cellular oxidant detoxification"
24,0.0523995262347687,"Up",0.000600807463008924,0.652886119038435,"GO:0007035","vacuolar acidification"
19,0.0434409651006755,"Up",0.000714861879698526,0.652886119038435,"GO:0035751","regulation of lysosomal lumen pH"
67,0.00981561631393269,"Up",0.000862009663372637,0.652886119038435,"GO:1990748","cellular detoxification"
72,0.0127184902358409,"Up",0.00115262225440021,0.717162480164556,"GO:0097237","cellular response to toxic substance"
78,0.00776590852694031,"Up",0.00132562380806757,0.717162480164556,"GO:0098754","detoxification"
29,0.0232910161182202,"Up",0.00239157027062876,0.999769115486285,"GO:0006826","iron ion transport"
50,0.0154340991643201,"Up",0.00325869061419696,0.999769115486285,"GO:0055072","iron ion homeostasis"
36,0.0157921999971916,"Up",0.00387203037715063,0.999769115486285,"GO:0006879","cellular iron ion homeostasis"
16,0.0868444595423885,"Up",0.00459231340690506,0.999769115486285,"GO:0046466","membrane lipid catabolic process"
24,-0.0168142131364097,"Up",0.00488814647682197,0.999769115486285,"GO:0042743","hydrogen peroxide metabolic process"
21,-0.00117775292102803,"Up",0.00631450124186988,0.999769115486285,"GO:0010874","regulation of cholesterol efflux"
28,0.0411802532434313,"Up",0.00665174872897416,0.999769115486285,"GO:0033344","cholesterol efflux"
76,0.014969878082146,"Up",0.00840173136161006,0.999769115486285,"GO:0055076","transition metal ion homeostasis"
22,0.0303729328534278,"Down",0.00966662452815682,0.999769115486285,"GO:0043552","positive regulation of phosphatidylinositol 3-kinase activity"
23,0.122260921408693,"Up",0.0105931806880339,0.999769115486285,"GO:0002495","antigen processing and presentation of peptide antigen via MHC class II"
17,0.00932212855347447,"Down",0.010749629362013,0.999769115486285,"GO:0044331","cell-cell adhesion mediated by cadherin"
32,0.0652873364281049,"Up",0.0112696884138759,0.999769115486285,"GO:0051452","intracellular pH reduction"
59,0.0125136160246324,"Up",0.0123367066436266,0.999769115486285,"GO:0046916","cellular transition metal ion homeostasis"
23,0.0195427163065599,"Up",0.0127193176899046,0.999769115486285,"GO:0042269","regulation of natural killer cell mediated cytotoxicity"
23,0.0189012534801015,"Down",0.0163399071157018,0.999769115486285,"GO:0090218","positive regulation of lipid kinase activity"
30,0.0109539379130631,"Up",0.0165973194482841,0.999769115486285,"GO:0032371","regulation of sterol transport"
30,0.0109539379130631,"Up",0.0165973194482841,0.999769115486285,"GO:0032374","regulation of cholesterol transport"
16,0.0073247763089279,"Down",0.017463618277274,0.999769115486285,"GO:0002043","blood vessel endothelial cell proliferation involved in sprouting angiogenesis"
35,0.0187384981744029,"Down",0.0176095836659786,0.999769115486285,"GO:0061028","establishment of endothelial barrier"
60,0.0783052103419708,"Up",0.0186889503212985,0.999769115486285,"GO:0007040","lysosome organization"
60,0.0783052103419708,"Up",0.0186889503212985,0.999769115486285,"GO:0080171","lytic vacuole organization"
16,0.0424731196873718,"Up",0.0201123844000678,0.999769115486285,"GO:1902410","mitotic cytokinetic process"
21,0.147852185571331,"Up",0.0214720671189981,0.999769115486285,"GO:0019886","antigen processing and presentation of exogenous peptide antigen via MHC class II"
34,0.0246367157998885,"Down",0.022592050917718,0.999769115486285,"GO:0007631","feeding behavior"
18,-0.00432320126699284,"Up",0.023067879887152,0.999769115486285,"GO:0030808","regulation of nucleotide biosynthetic process"
18,-0.00432320126699284,"Up",0.023067879887152,0.999769115486285,"GO:1900371","regulation of purine nucleotide biosynthetic process"
20,0.0933462645357562,"Up",0.0232342169130096,0.999769115486285,"GO:0042168","heme metabolic process"
37,0.0326905773903307,"Up",0.0240749141826345,0.999769115486285,"GO:0042267","natural killer cell mediated cytotoxicity"
16,0.0590618787217093,"Up",0.0244715497954806,0.999769115486285,"GO:0010875","positive regulation of cholesterol efflux"
22,0.0841688408157407,"Up",0.0251166134804023,0.999769115486285,"GO:0006778","porphyrin-containing compound metabolic process"
124,0.0138693683637838,"Up",0.0255755418755146,0.999769115486285,"GO:0009636","response to toxic substance"
22,-0.0039677408861195,"Down",0.0271789299717132,0.999769115486285,"GO:0061036","positive regulation of cartilage development"
15,-0.00811780744826458,"Down",0.0272421772411591,0.999769115486285,"GO:0048854","brain morphogenesis"
40,0.110813066009737,"Up",0.0284183951939787,0.999769115486285,"GO:0048002","antigen processing and presentation of peptide antigen"
68,0.0319969936045946,"Up",0.0285175944559854,0.999769115486285,"GO:0002698","negative regulation of immune effector process"
49,0.0760454918495319,"Up",0.0287260368746463,0.999769115486285,"GO:0000041","transition metal ion transport"
25,0.0129280790636977,"Up",0.0289055477085964,0.999769115486285,"GO:0002715","regulation of natural killer cell mediated immunity"
31,0.0654631915389294,"Up",0.0299449308964324,0.999769115486285,"GO:0010823","negative regulation of mitochondrion organization"
25,0.129789851162503,"Up",0.0301306092793705,0.999769115486285,"GO:0002504","antigen processing and presentation of peptide or polysaccharide antigen via MHC class II"
48,0.0712375140968069,"Up",0.0305117680822616,0.999769115486285,"GO:0006885","regulation of pH"
18,0.0445339572026893,"Down",0.0313362739886482,0.999769115486285,"GO:0002433","immune response-regulating cell surface receptor signaling pathway involved in phagocytosis"
18,0.0445339572026893,"Down",0.0313362739886482,0.999769115486285,"GO:0038096","Fc-gamma receptor signaling pathway involved in phagocytosis"
42,0.0709008097563462,"Up",0.0326148556920408,0.999769115486285,"GO:0051453","regulation of intracellular pH"
35,0.0329676678907691,"Up",0.0332949375561345,0.999769115486285,"GO:0032720","negative regulation of tumor necrosis factor production"
35,0.0329676678907691,"Up",0.0332949375561345,0.999769115486285,"GO:1903556","negative regulation of tumor necrosis factor superfamily cytokine production"
16,0.0457373918150523,"Up",0.0333736903871458,0.999769115486285,"GO:0097066","response to thyroid hormone"
19,0.0552813356133777,"Up",0.0369563494028059,0.999769115486285,"GO:0032373","positive regulation of sterol transport"
19,0.0552813356133777,"Up",0.0369563494028059,0.999769115486285,"GO:0032376","positive regulation of cholesterol transport"
17,0.0110354382888956,"Up",0.0369738273775995,0.999769115486285,"GO:0051349","positive regulation of lyase activity"
50,0.0336814938730019,"Up",0.0379058730901591,0.999769115486285,"GO:0002532","production of molecular mediator involved in inflammatory response"
39,0.0263783234492706,"Up",0.0379444307974492,0.999769115486285,"GO:0002228","natural killer cell mediated immunity"
45,0.0751720387028041,"Up",0.0393269286564804,0.999769115486285,"GO:0030641","regulation of cellular pH"
15,0.131537995747471,"Up",0.0396104421018494,0.999769115486285,"GO:0006779","porphyrin-containing compound biosynthetic process"
15,0.131537995747471,"Up",0.0396104421018494,0.999769115486285,"GO:0033014","tetrapyrrole biosynthetic process"
15,0.0142053808474523,"Down",0.0400160242123681,0.999769115486285,"GO:0046174","polyol catabolic process"
29,0.137210705488817,"Up",0.0415187442805173,0.999769115486285,"GO:0002478","antigen processing and presentation of exogenous peptide antigen"
17,0.0178205175477985,"Up",0.0428385599865417,0.999769115486285,"GO:0010888","negative regulation of lipid storage"
21,0.0857938965476835,"Up",0.0434046892039343,0.999769115486285,"GO:0090025","regulation of monocyte chemotaxis"
19,0.0445110584775538,"Up",0.0447274678457809,0.999769115486285,"GO:1903715","regulation of aerobic respiration"
22,0.0256288995413968,"Down",0.0459536739608717,0.999769115486285,"GO:2000648","positive regulation of stem cell proliferation"
18,0.0290154558476098,"Up",0.0475486462411349,0.999769115486285,"GO:0032689","negative regulation of interferon-gamma production"
19,0.0185219015396515,"Down",0.0480682384322725,0.999769115486285,"GO:0032228","regulation of synaptic transmission, GABAergic"
43,0.0578679905574741,"Up",0.04862096342387,0.999769115486285,"GO:0006081","cellular aldehyde metabolic process"
35,0.0175881129035769,"Up",0.0486323002013718,0.999769115486285,"GO:0002704","negative regulation of leukocyte mediated immunity"
21,0.0663017037125659,"Up",0.0487568357587848,0.999769115486285,"GO:0055094","response to lipoprotein particle"
56,0.0642482849858526,"Up",0.049059000845677,0.999769115486285,"GO:0030004","cellular monovalent inorganic cation homeostasis"
24,0.0612622823316003,"Down",0.0497190108863421,0.999769115486285,"GO:0002431","Fc receptor mediated stimulatory signaling pathway"
20,0.0615378867968002,"Down",0.049996277145688,0.999769115486285,"GO:0045742","positive regulation of epidermal growth factor receptor signaling pathway"
75,0.159838389585664,"Up",0.0502885942607468,0.999769115486285,"GO:0032543","mitochondrial translation"
41,0.0754976888139565,"Up",0.0535254437520071,0.999769115486285,"GO:0032722","positive regulation of chemokine production"
22,0.0435115133883581,"Down",0.0544685481514433,0.999769115486285,"GO:1901186","positive regulation of ERBB signaling pathway"
15,0.0725727162042003,"Down",0.054625669299702,0.999769115486285,"GO:0046856","phosphatidylinositol dephosphorylation"
15,0.0218769569302226,"Down",0.0555505407584526,0.999769115486285,"GO:0021756","striatum development"
20,0.00894486936982006,"Up",0.0557392695995163,0.999769115486285,"GO:0002920","regulation of humoral immune response"
27,0.00130435115959618,"Up",0.0566143151377897,0.999769115486285,"GO:0090502","RNA phosphodiester bond hydrolysis, endonucleolytic"
28,0.101506564997082,"Up",0.0583112843650465,0.999769115486285,"GO:0033013","tetrapyrrole metabolic process"
22,0.0785543908058874,"Up",0.0583936835143139,0.999769115486285,"GO:0097345","mitochondrial outer membrane permeabilization"
26,0.069699878422851,"Up",0.058423578188359,0.999769115486285,"GO:0097006","regulation of plasma lipoprotein particle levels"
47,0.0297631905532927,"Down",0.0587905360280265,0.999769115486285,"GO:0001885","endothelial cell development"
18,0.0724558497169958,"Up",0.0591811679424781,0.999769115486285,"GO:0010039","response to iron ion"
22,0.0825251065909285,"Up",0.0595230188566981,0.999769115486285,"GO:0071402","cellular response to lipoprotein particle stimulus"
29,0.041131916874864,"Up",0.059748506439405,0.999769115486285,"GO:0045454","cell redox homeostasis"
87,0.153561641114455,"Up",0.0612728878626344,0.999769115486285,"GO:0140053","mitochondrial gene expression"
120,0.113359631629731,"Up",0.061322271911714,0.999769115486285,"GO:0022900","electron transport chain"
22,0.0756891373027672,"Up",0.0616740524752741,0.999769115486285,"GO:0042554","superoxide anion generation"
30,0.0364720145852137,"Up",0.0617348144638275,0.999769115486285,"GO:2000272","negative regulation of signaling receptor activity"
17,0.063149557988492,"Up",0.0626299338146886,0.999769115486285,"GO:0001911","negative regulation of leukocyte mediated cytotoxicity"
29,0.00561027959141116,"Down",0.0633206915688502,0.999769115486285,"GO:0043616","keratinocyte proliferation"
25,0.0102115731496779,"Down",0.0634479440298024,0.999769115486285,"GO:0019933","cAMP-mediated signaling"
16,0.167696468265161,"Down",0.0635385775230227,0.999769115486285,"GO:0007549","dosage compensation"
16,0.167696468265161,"Down",0.0635385775230227,0.999769115486285,"GO:0009048","dosage compensation by inactivation of X chromosome"
36,0.030498156785242,"Down",0.0642594867982643,0.999769115486285,"GO:0048332","mesoderm morphogenesis"
40,0.221843825569482,"Up",0.0646157091769577,0.999769115486285,"GO:0006120","mitochondrial electron transport, NADH to ubiquinone"
17,-0.0223311338738853,"Down",0.065375610656038,0.999769115486285,"GO:1990776","response to angiotensin"
23,0.0810557279961631,"Up",0.0657050121228524,0.999769115486285,"GO:0046148","pigment biosynthetic process"
37,0.0935429471227935,"Up",0.0659878668980697,0.999769115486285,"GO:0032757","positive regulation of interleukin-8 production"
26,0.0338898613493646,"Down",0.0660430631479342,0.999769115486285,"GO:0045601","regulation of endothelial cell differentiation"
18,0.0314887441456105,"Down",0.0660577856866418,0.999769115486285,"GO:0014003","oligodendrocyte development"
69,0.0172088547780473,"Up",0.0671086582965351,0.999769115486285,"GO:0032368","regulation of lipid transport"
18,0.0657341261785626,"Up",0.0671480261796331,0.999769115486285,"GO:0031342","negative regulation of cell killing"
17,0.0324082839588995,"Down",0.0673611836711192,0.999769115486285,"GO:0021544","subpallium development"
88,0.0254255817868608,"Up",0.067647691066213,0.999769115486285,"GO:1905952","regulation of lipid localization"
18,0.0446019318976881,"Up",0.0678811943439808,0.999769115486285,"GO:0034381","plasma lipoprotein particle clearance"
48,0.0629776392494896,"Up",0.069693560031867,0.999769115486285,"GO:0045824","negative regulation of innate immune response"
16,-0.0127746052909702,"Down",0.0697226358644086,0.999769115486285,"GO:0006346","DNA methylation-dependent heterochromatin formation"
23,0.0232778433695818,"Down",0.0698176776020443,0.999769115486285,"GO:0051932","synaptic transmission, GABAergic"
18,0.0390526802723276,"Down",0.0707884531682261,0.999769115486285,"GO:0046839","phospholipid dephosphorylation"
25,0.0149209788578936,"Down",0.0729998497873845,0.999769115486285,"GO:0010559","regulation of glycoprotein biosynthetic process"
38,0.0263296002906267,"Down",0.0734721522500535,0.999769115486285,"GO:0019935","cyclic-nucleotide-mediated signaling"
35,0.0185369508920777,"Down",0.0734954122049529,0.999769115486285,"GO:0090303","positive regulation of wound healing"
27,0.0446650764591914,"Up",0.073569589301784,0.999769115486285,"GO:0032506","cytokinetic process"
29,0.00253212086008788,"Up",0.0742146486845706,0.999769115486285,"GO:1905953","negative regulation of lipid localization"
46,0.0265972920582693,"Down",0.0744247199305615,0.999769115486285,"GO:1903036","positive regulation of response to wounding"
22,0.0400292114840627,"Down",0.0763790568728149,0.999769115486285,"GO:0097009","energy homeostasis"
22,0.0323167962374563,"Down",0.0766960929158979,0.999769115486285,"GO:0038094","Fc-gamma receptor signaling pathway"
20,0.0575418646491923,"Up",0.078619174186275,0.999769115486285,"GO:0003044","regulation of systemic arterial blood pressure mediated by a chemical signal"
31,0.0808448949707246,"Up",0.0789470642318527,0.999769115486285,"GO:0042440","pigment metabolic process"
27,0.124092082433164,"Down",0.0796833791535346,0.999769115486285,"GO:0045663","positive regulation of myoblast differentiation"
22,0.0141491304517659,"Up",0.080079324718551,0.999769115486285,"GO:0002701","negative regulation of production of molecular mediator of immune response"
39,0.00281852927812757,"Up",0.0807836458274941,0.999769115486285,"GO:0042632","cholesterol homeostasis"
39,0.00281852927812757,"Up",0.0807836458274941,0.999769115486285,"GO:0055092","sterol homeostasis"
15,0.00136761710284626,"Down",0.0808275376550755,0.999769115486285,"GO:1902307","positive regulation of sodium ion transmembrane transport"
22,0.0129311054788862,"Up",0.0816570582815011,0.999769115486285,"GO:0002455","humoral immune response mediated by circulating immunoglobulin"
42,0.236715428547326,"Up",0.0822199505025704,0.999769115486285,"GO:0010257","NADH dehydrogenase complex assembly"
42,0.236715428547326,"Up",0.0822199505025704,0.999769115486285,"GO:0032981","mitochondrial respiratory chain complex I assembly"
35,0.0344453716357646,"Down",0.0824977911392726,0.999769115486285,"GO:0001707","mesoderm formation"
95,0.0926433005656262,"Up",0.0827077258664772,0.999769115486285,"GO:0044242","cellular lipid catabolic process"
44,0.0755254281468012,"Up",0.0827233356809411,0.999769115486285,"GO:0002548","monocyte chemotaxis"
37,0.0191989543418229,"Down",0.0827884193296988,0.999769115486285,"GO:0038093","Fc receptor signaling pathway"
42,0.0136646399902657,"Down",0.0829526821306883,0.999769115486285,"GO:1902305","regulation of sodium ion transmembrane transport"
16,0.162774034807424,"Up",0.0830159178303434,0.999769115486285,"GO:0007252","I-kappaB phosphorylation"
29,-0.00615689390989761,"Up",0.0834653557610358,0.999769115486285,"GO:0001895","retina homeostasis"
25,0.0121181161345858,"Up",0.0838194119993966,0.999769115486285,"GO:0051339","regulation of lyase activity"
21,0.0594308317488655,"Up",0.0848313566988923,0.999769115486285,"GO:0034123","positive regulation of toll-like receptor signaling pathway"
59,0.0892972785061585,"Up",0.0874386895974216,0.999769115486285,"GO:0007032","endosome organization"
16,0.0575017031001295,"Down",0.0885632700002995,0.999769115486285,"GO:0034694","response to prostaglandin"
16,0.0185713946341694,"Up",0.0886038241523031,0.999769115486285,"GO:0006907","pinocytosis"
47,0.058923039562902,"Up",0.0889915090578203,0.999769115486285,"GO:0051881","regulation of mitochondrial membrane potential"
97,0.0799201671824999,"Up",0.0912204729446115,0.999769115486285,"GO:0016054","organic acid catabolic process"
21,0.0548675022336067,"Down",0.0913479426485005,0.999769115486285,"GO:0048679","regulation of axon regeneration"
25,0.0301072685963652,"Down",0.0913580353552131,0.999769115486285,"GO:1902275","regulation of chromatin organization"
41,0.0383776947930758,"Up",0.0917511619490146,0.999769115486285,"GO:0006720","isoprenoid metabolic process"
137,0.0585792995462387,"Up",0.0918104054166635,0.999769115486285,"GO:0016042","lipid catabolic process"
95,0.0890466178908217,"Up",0.092900849568774,0.999769115486285,"GO:0046395","carboxylic acid catabolic process"
75,0.0236938507854327,"Down",0.0931369540977178,0.999769115486285,"GO:0045446","endothelial cell differentiation"
24,0.0844094787283855,"Down",0.0933845296452848,0.999769115486285,"GO:0051642","centrosome localization"
67,0.213231584172377,"Up",0.0935785090247577,0.999769115486285,"GO:0019646","aerobic electron transport chain"
19,0.0014266235199366,"Down",0.0937736435375956,0.999769115486285,"GO:0140718","facultative heterochromatin formation"
16,0.019843291968596,"Up",0.0939029604777486,0.999769115486285,"GO:0006958","complement activation, classical pathway"
63,0.177284678634027,"Up",0.0943055472428646,0.999769115486285,"GO:0033108","mitochondrial respiratory chain complex assembly"
30,0.027088694188265,"Down",0.094307170291206,0.999769115486285,"GO:0034204","lipid translocation"
15,0.0235986387436895,"Up",0.0945160426665115,0.999769115486285,"GO:0010885","regulation of cholesterol storage"
21,0.0286702943236447,"Down",0.0948034321307608,0.999769115486285,"GO:0046627","negative regulation of insulin receptor signaling pathway"
17,0.0159821108585998,"Up",0.095468722038196,0.999769115486285,"GO:0010878","cholesterol storage"
33,0.0364672406751744,"Up",0.0965166458664118,0.999769115486285,"GO:0002534","cytokine production involved in inflammatory response"
33,0.0364672406751744,"Up",0.0965166458664118,0.999769115486285,"GO:1900015","regulation of cytokine production involved in inflammatory response"
69,0.0367675402679664,"Up",0.0982776649079889,0.999769115486285,"GO:0055088","lipid homeostasis"
70,0.0705937951758532,"Up",0.0985355804681627,0.999769115486285,"GO:0055067","monovalent inorganic cation homeostasis"
34,0.00605807510379192,"Down",0.0988981331922859,0.999769115486285,"GO:0043551","regulation of phosphatidylinositol 3-kinase activity"
24,0.0565773942460195,"Up",0.09891998704269,0.999769115486285,"GO:1902110","positive regulation of mitochondrial membrane permeability involved in apoptotic process"
40,0.0309107676158191,"Down",0.0989623899870338,0.999769115486285,"GO:0021766","hippocampus development"
45,0.0295654195369646,"Up",0.0994354394803229,0.999769115486285,"GO:0032370","positive regulation of lipid transport"
21,-0.00266422458061484,"Up",0.100167262915415,0.999769115486285,"GO:0010043","response to zinc ion"
15,0.00520295970478616,"Down",0.100522918844863,0.999769115486285,"GO:0048333","mesodermal cell differentiation"
50,0.0891793605127748,"Down",0.101416516493589,0.999769115486285,"GO:0045995","regulation of embryonic development"
24,0.00971470430507123,"Up",0.101456157874096,0.999769115486285,"GO:0030574","collagen catabolic process"
16,0.0860464269649174,"Up",0.101499099128429,0.999769115486285,"GO:0039702","viral budding via host ESCRT complex"
36,0.0225101110692473,"Down",0.101548141728521,0.999769115486285,"GO:2000649","regulation of sodium ion transmembrane transporter activity"
25,0.00280068617993354,"Down",0.101649748663145,0.999769115486285,"GO:0010837","regulation of keratinocyte proliferation"
15,0.0407305334502533,"Down",0.103092798186788,0.999769115486285,"GO:0019934","cGMP-mediated signaling"
21,0.0797625972531708,"Up",0.103235992927753,0.999769115486285,"GO:0009595","detection of biotic stimulus"
32,0.0269184933521478,"Down",0.10416753874378,0.999769115486285,"GO:0097035","regulation of membrane lipid distribution"
20,0.114823095560056,"Up",0.10498750623394,0.999769115486285,"GO:0002474","antigen processing and presentation of peptide antigen via MHC class I"
16,0.0166119578658419,"Up",0.105343991070953,0.999769115486285,"GO:0071404","cellular response to low-density lipoprotein particle stimulus"
32,0.0599621426622516,"Up",0.106317864935073,0.999769115486285,"GO:0072595","maintenance of protein localization in organelle"
27,0.0070432770588893,"Down",0.106521842342052,0.999769115486285,"GO:0048168","regulation of neuronal synaptic plasticity"
25,0.0409642875351398,"Down",0.10679131899356,0.999769115486285,"GO:0007215","glutamate receptor signaling pathway"
89,0.167686690844701,"Up",0.107740253723413,0.999769115486285,"GO:0022904","respiratory electron transport chain"
49,0.0310406751515733,"Up",0.107855901073544,0.999769115486285,"GO:0006690","icosanoid metabolic process"
25,0.0673508086256085,"Up",0.109177192011526,0.999769115486285,"GO:1902108","regulation of mitochondrial membrane permeability involved in apoptotic process"
16,0.0750913040577612,"Down",0.109206178632622,0.999769115486285,"GO:2000279","negative regulation of DNA biosynthetic process"
52,0.0024905088304081,"Up",0.109280121305858,0.999769115486285,"GO:0071677","positive regulation of mononuclear cell migration"
29,0.0309064567257511,"Down",0.109618485841307,0.999769115486285,"GO:0045332","phospholipid translocation"
24,0.0244004659116014,"Down",0.109753152497774,0.999769115486285,"GO:0070570","regulation of neuron projection regeneration"
157,0.140277764635802,"Up",0.110185810947095,0.999769115486285,"GO:0045333","cellular respiration"
75,0.210753453204811,"Up",0.110930971379019,0.999769115486285,"GO:0042773","ATP synthesis coupled electron transport"
75,0.210753453204811,"Up",0.110930971379019,0.999769115486285,"GO:0042775","mitochondrial ATP synthesis coupled electron transport"
15,0.0241547003722009,"Down",0.111621380424671,0.999769115486285,"GO:0071731","response to nitric oxide"
90,0.0121634994152125,"Up",0.112239918691985,0.999769115486285,"GO:0042445","hormone metabolic process"
59,0.0311008515213324,"Down",0.113231666694389,0.999769115486285,"GO:0007498","mesoderm development"
130,0.179929964564515,"Up",0.114236068846626,0.999769115486285,"GO:0009060","aerobic respiration"
59,0.0436328210297508,"Up",0.114388705215442,0.999769115486285,"GO:1905954","positive regulation of lipid localization"
45,0.0538479928150647,"Up",0.117108125653891,0.999769115486285,"GO:0009063","cellular amino acid catabolic process"
103,0.02554561773972,"Down",0.117562372185131,0.999769115486285,"GO:1903034","regulation of response to wounding"
95,0.0387226777046348,"Up",0.119237760815947,0.999769115486285,"GO:1901136","carbohydrate derivative catabolic process"
55,0.075602585136619,"Up",0.119664726140663,0.999769115486285,"GO:0032642","regulation of chemokine production"
37,0.0272680730405973,"Up",0.119870236135989,0.999769115486285,"GO:0010883","regulation of lipid storage"
41,-0.000732530035183748,"Down",0.120650650630459,0.999769115486285,"GO:0061035","regulation of cartilage development"
28,0.0531884355551921,"Up",0.12107273692191,0.999769115486285,"GO:0043457","regulation of cellular respiration"
16,0.0938682350474403,"Up",0.121309425935636,0.999769115486285,"GO:0006084","acetyl-CoA metabolic process"
24,0.0349252266473126,"Up",0.121375864451834,0.999769115486285,"GO:0002347","response to tumor cell"
40,0.0341571876529352,"Up",0.124392972066768,0.999769115486285,"GO:0006801","superoxide metabolic process"
30,0.0205397197642239,"Down",0.125413234279718,0.999769115486285,"GO:0002448","mast cell mediated immunity"
74,0.0520449137293806,"Down",0.126042191425519,0.999769115486285,"GO:0007612","learning"
84,0.0319855695757188,"Down",0.126662407444986,0.999769115486285,"GO:0048736","appendage development"
84,0.0319855695757188,"Down",0.126662407444986,0.999769115486285,"GO:0060173","limb development"
43,0.0332353836131296,"Up",0.127228040243775,0.999769115486285,"GO:1905517","macrophage migration"
55,0.040921417356908,"Up",0.127303492232071,0.999769115486285,"GO:0019915","lipid storage"
18,0.0578065259396521,"Down",0.128251689138045,0.999769115486285,"GO:0007026","negative regulation of microtubule depolymerization"
25,0.0828031792541411,"Down",0.128692917035752,0.999769115486285,"GO:0061842","microtubule organizing center localization"
52,0.101462333649627,"Up",0.129275082535495,0.999769115486285,"GO:0072329","monocarboxylic acid catabolic process"
90,0.0349642925632657,"Up",0.129835883515012,0.999769115486285,"GO:0050729","positive regulation of inflammatory response"
64,0.0445536946321971,"Down",0.129987352593939,0.999769115486285,"GO:0050773","regulation of dendrite development"
19,0.0555483601512455,"Up",0.130714541794108,0.999769115486285,"GO:0006026","aminoglycan catabolic process"
18,0.00409296215122615,"Down",0.130794381179583,0.999769115486285,"GO:0010818","T cell chemotaxis"
21,0.0121234645788572,"Up",0.131527580828004,0.999769115486285,"GO:0045761","regulation of adenylate cyclase activity"
36,0.102627354191253,"Up",0.131904081931283,0.999769115486285,"GO:0051205","protein insertion into membrane"
28,0.0230089945607925,"Down",0.13242706841729,0.999769115486285,"GO:0060350","endochondral bone morphogenesis"
101,0.0317566736986323,"Down",0.132692067677081,0.999769115486285,"GO:0048167","regulation of synaptic plasticity"
40,0.0585259257485106,"Up",0.132752622634571,0.999769115486285,"GO:0034308","primary alcohol metabolic process"
56,0.072440716714609,"Up",0.133015543016039,0.999769115486285,"GO:0032602","chemokine production"
94,0.16593369930169,"Up",0.133039031153263,0.999769115486285,"GO:0009142","nucleoside triphosphate biosynthetic process"
31,0.025451021232641,"Up",0.134256080983179,0.999769115486285,"GO:0046456","icosanoid biosynthetic process"
29,0.0836498002682817,"Up",0.134482973036501,0.999769115486285,"GO:0034142","toll-like receptor 4 signaling pathway"
203,0.102297291577952,"Up",0.134998413958966,0.999769115486285,"GO:0015980","energy derivation by oxidation of organic compounds"
79,0.0243655711079918,"Down",0.135603373758081,0.999769115486285,"GO:0061041","regulation of wound healing"
16,0.0970158766660407,"Up",0.136211236758016,0.999769115486285,"GO:0044794","positive regulation by host of viral process"
60,0.287781031066147,"Up",0.136853752199069,0.999769115486285,"GO:0015986","proton motive force-driven ATP synthesis"
37,0.0173616047193032,"Down",0.137748619935239,0.999769115486285,"GO:0043506","regulation of JUN kinase activity"
102,0.215124257948691,"Up",0.138010721416013,0.999769115486285,"GO:0006119","oxidative phosphorylation"
84,0.196354632655208,"Up",0.138484782708528,0.999769115486285,"GO:0009206","purine ribonucleoside triphosphate biosynthetic process"
40,0.0130621687655138,"Up",0.138984318496938,0.999769115486285,"GO:0031100","animal organ regeneration"
55,0.285800224658245,"Up",0.138997631838416,0.999769115486285,"GO:0042776","proton motive force-driven mitochondrial ATP synthesis"
29,0.0436671682924266,"Up",0.139042011822112,0.999769115486285,"GO:0001912","positive regulation of leukocyte mediated cytotoxicity"
22,0.0182532918097178,"Down",0.139126137839651,0.999769115486285,"GO:0051894","positive regulation of focal adhesion assembly"
23,0.0216658173245729,"Down",0.139705584280578,0.999769115486285,"GO:0010922","positive regulation of phosphatase activity"
77,0.214056994723166,"Up",0.139810200501048,0.999769115486285,"GO:0006754","ATP biosynthetic process"
28,0.0485787926337704,"Up",0.140492049048538,0.999769115486285,"GO:0048246","macrophage chemotaxis"
16,0.00819798226385329,"Down",0.140677111417695,0.999769115486285,"GO:0030194","positive regulation of blood coagulation"
16,0.00819798226385329,"Down",0.140677111417695,0.999769115486285,"GO:1900048","positive regulation of hemostasis"
20,0.0519138366736782,"Down",0.140700938509563,0.999769115486285,"GO:0017145","stem cell division"
54,0.054615185351603,"Up",0.140765462629529,0.999769115486285,"GO:0019395","fatty acid oxidation"
18,0.0470306405481636,"Down",0.140912725613093,0.999769115486285,"GO:0098926","postsynaptic signal transduction"
49,0.0448993928774601,"Up",0.141417223371455,0.999769115486285,"GO:0032507","maintenance of protein location in cell"
133,0.0937733519775212,"Up",0.142327526235395,0.999769115486285,"GO:0007033","vacuole organization"
16,0.0908989946647657,"Up",0.142378662143834,0.999769115486285,"GO:0043032","positive regulation of macrophage activation"
23,0.0487591560015831,"Down",0.142661435597551,0.999769115486285,"GO:0007218","neuropeptide signaling pathway"
29,0.0276192438721186,"Up",0.143026476389176,0.999769115486285,"GO:0002707","negative regulation of lymphocyte mediated immunity"
92,0.0171548571766893,"Up",0.143131376664767,0.999769115486285,"GO:0002688","regulation of leukocyte chemotaxis"
16,0.0285289095451598,"Down",0.143136268298372,0.999769115486285,"GO:0140058","neuron projection arborization"
18,0.141958172562122,"Up",0.14355936791038,0.999769115486285,"GO:0007007","inner mitochondrial membrane organization"
15,0.0146584909897536,"Down",0.143665179985846,0.999769115486285,"GO:0010560","positive regulation of glycoprotein biosynthetic process"
292,0.027480295986637,"Up",0.1438534161344,0.999769115486285,"GO:0055080","cation homeostasis"
22,0.122384115299605,"Up",0.144227391183796,0.999769115486285,"GO:1901998","toxin transport"
53,0.0274198223739254,"Up",0.145551909535816,0.999769115486285,"GO:0006140","regulation of nucleotide metabolic process"
43,0.0455560992337461,"Up",0.146074713431045,0.999769115486285,"GO:0001910","regulation of leukocyte mediated cytotoxicity"
24,0.033351581810211,"Up",0.146669070419345,0.999769115486285,"GO:0042398","cellular modified amino acid biosynthetic process"
87,0.0220795373997272,"Down",0.14690486822537,0.999769115486285,"GO:0007188","adenylate cyclase-modulating G protein-coupled receptor signaling pathway"
71,0.0312329727874037,"Down",0.147111421938535,0.999769115486285,"GO:0035725","sodium ion transmembrane transport"
26,0.0667681282950651,"Up",0.147343419584391,0.999769115486285,"GO:1902686","mitochondrial outer membrane permeabilization involved in programmed cell death"
40,0.0751597198027623,"Up",0.147603571978898,0.999769115486285,"GO:0006635","fatty acid beta-oxidation"
30,0.091287791166375,"Down",0.148050830462024,0.999769115486285,"GO:0032786","positive regulation of DNA-templated transcription, elongation"
52,0.0283117082819128,"Up",0.148459700665436,0.999769115486285,"GO:0030301","cholesterol transport"
34,0.0249309330521055,"Down",0.148919485348802,0.999769115486285,"GO:0072577","endothelial cell apoptotic process"
85,0.196656528881062,"Up",0.149249806662956,0.999769115486285,"GO:0009145","purine nucleoside triphosphate biosynthetic process"
64,0.0473757680195544,"Up",0.149438981850386,0.999769115486285,"GO:0001909","leukocyte mediated cytotoxicity"
45,0.023228214588142,"Up",0.149497087512841,0.999769115486285,"GO:0034754","cellular hormone metabolic process"
248,0.0270983366344182,"Up",0.149901673743906,0.999769115486285,"GO:0030003","cellular cation homeostasis"
28,0.0114462907838616,"Down",0.150386063719276,0.999769115486285,"GO:0043647","inositol phosphate metabolic process"
64,0.0368555648935675,"Down",0.150682279233133,0.999769115486285,"GO:1901890","positive regulation of cell junction assembly"
42,0.0328569219351524,"Down",0.151271806334171,0.999769115486285,"GO:0071867","response to monoamine"
42,0.0328569219351524,"Down",0.151271806334171,0.999769115486285,"GO:0071869","response to catecholamine"
85,0.195952082952575,"Up",0.15187537049513,0.999769115486285,"GO:0009201","ribonucleoside triphosphate biosynthetic process"
28,0.0169443359960393,"Down",0.152266248360665,0.999769115486285,"GO:2000351","regulation of endothelial cell apoptotic process"
20,0.0519337012902079,"Up",0.152275531795401,0.999769115486285,"GO:1901661","quinone metabolic process"
25,0.0647700472564127,"Down",0.152844827007557,0.999769115486285,"GO:0006111","regulation of gluconeogenesis"
59,0.0529607081408202,"Up",0.15307132889087,0.999769115486285,"GO:0034440","lipid oxidation"
22,0.0981172760119126,"Up",0.154293066176917,0.999769115486285,"GO:0009395","phospholipid catabolic process"
15,0.0160426618691806,"Up",0.154574798058278,0.999769115486285,"GO:0046716","muscle cell cellular homeostasis"
20,0.0730451405828434,"Down",0.154763666511734,0.999769115486285,"GO:0031114","regulation of microtubule depolymerization"
15,0.119046532005615,"Up",0.155731266548907,0.999769115486285,"GO:0042572","retinol metabolic process"
69,0.0302012764885719,"Down",0.15607261702809,0.999769115486285,"GO:0035107","appendage morphogenesis"
69,0.0302012764885719,"Down",0.15607261702809,0.999769115486285,"GO:0035108","limb morphogenesis"
25,0.0744072621524689,"Up",0.156288541810579,0.999769115486285,"GO:0036230","granulocyte activation"
15,0.0181317610824145,"Down",0.156329998654132,0.999769115486285,"GO:0031445","regulation of heterochromatin formation"
15,0.0181317610824145,"Down",0.156329998654132,0.999769115486285,"GO:0120261","regulation of heterochromatin organization"
28,0.0728257034381595,"Up",0.156388517884785,0.999769115486285,"GO:0016101","diterpenoid metabolic process"
159,0.0469465995361145,"Up",0.156490815656936,0.999769115486285,"GO:0044282","small molecule catabolic process"
56,0.0583165226746212,"Down",0.15752841207144,0.999769115486285,"GO:0070828","heterochromatin organization"
23,0.0456700883894995,"Down",0.157711329286149,0.999769115486285,"GO:1901861","regulation of muscle tissue development"
17,0.0855768555195785,"Up",0.157841332820493,0.999769115486285,"GO:0034311","diol metabolic process"
133,0.0930637922912535,"Down",0.157868838088609,0.999769115486285,"GO:0006354","DNA-templated transcription elongation"
99,0.0406602027263653,"Down",0.158022594131129,0.999769115486285,"GO:0050770","regulation of axonogenesis"
105,0.0644371982395591,"Down",0.158324921639784,0.999769115486285,"GO:0007369","gastrulation"
35,0.00742213984206312,"Down",0.158630089134561,0.999769115486285,"GO:0007585","respiratory gaseous exchange by respiratory system"
37,0.0457153073118266,"Up",0.159471433034055,0.999769115486285,"GO:0045010","actin nucleation"
18,0.0290893976158784,"Up",0.159678371654316,0.999769115486285,"GO:0031281","positive regulation of cyclase activity"
43,0.0637025088460109,"Down",0.160423392695193,0.999769115486285,"GO:0045661","regulation of myoblast differentiation"
18,0.0440207326845025,"Down",0.160452424612436,0.999769115486285,"GO:0007212","dopamine receptor signaling pathway"
74,0.0452230515901348,"Up",0.160460670156973,0.999769115486285,"GO:0002832","negative regulation of response to biotic stimulus"
17,-0.0125878524359148,"Up",0.160845689287973,0.999769115486285,"GO:0009069","serine family amino acid metabolic process"
42,0.0472056587282675,"Down",0.162006835088373,0.999769115486285,"GO:0050853","B cell receptor signaling pathway"
63,0.0301814855024685,"Up",0.16250495591779,0.999769115486285,"GO:0015918","sterol transport"
27,0.078973463708757,"Up",0.162721202077568,0.999769115486285,"GO:0001523","retinoid metabolic process"
19,0.0635577290757496,"Down",0.16297336181134,0.999769115486285,"GO:0003382","epithelial cell morphogenesis"
31,0.0722058481467475,"Up",0.163308069150718,0.999769115486285,"GO:1905710","positive regulation of membrane permeability"
16,0.026627267366201,"Up",0.164280502749527,0.999769115486285,"GO:0032691","negative regulation of interleukin-1 beta production"
17,-0.0201578306419041,"Down",0.164376487106143,0.999769115486285,"GO:1904706","negative regulation of vascular associated smooth muscle cell proliferation"
31,0.00962604501529567,"Down",0.164571687063172,0.999769115486285,"GO:2000404","regulation of T cell migration"
292,0.0845390679632085,"Up",0.164993904927689,0.999769115486285,"GO:0006091","generation of precursor metabolites and energy"
17,0.00318419992952849,"Down",0.166129869471333,0.999769115486285,"GO:0006654","phosphatidic acid biosynthetic process"
17,0.00318419992952849,"Down",0.166129869471333,0.999769115486285,"GO:0046473","phosphatidic acid metabolic process"
29,0.0603491765940818,"Down",0.166244125921249,0.999769115486285,"GO:0001658","branching involved in ureteric bud morphogenesis"
23,0.0081126097706373,"Up",0.167316014281935,0.999769115486285,"GO:0009593","detection of chemical stimulus"
20,0.0749265919270841,"Down",0.167692133764737,0.999769115486285,"GO:0032878","regulation of establishment or maintenance of cell polarity"
83,0.0437552775614445,"Up",0.167878427481908,0.999769115486285,"GO:0001906","cell killing"
25,0.121951412466535,"Up",0.168320345423631,0.999769115486285,"GO:0045324","late endosome to vacuole transport"
17,0.0907127614118056,"Up",0.168763579118384,0.999769115486285,"GO:0034143","regulation of toll-like receptor 4 signaling pathway"
48,0.0510036882194318,"Down",0.169285135211476,0.999769115486285,"GO:0031507","heterochromatin formation"
56,0.0157636006202039,"Down",0.169398816045993,0.999769115486285,"GO:0007189","adenylate cyclase-activating G protein-coupled receptor signaling pathway"
299,0.028489410558499,"Up",0.169712399047192,0.999769115486285,"GO:0098771","inorganic ion homeostasis"
20,0.00683297604683765,"Up",0.170727251547658,0.999769115486285,"GO:0051602","response to electrical stimulus"
40,0.0108767673521352,"Down",0.171509645148096,0.999769115486285,"GO:0048010","vascular endothelial growth factor receptor signaling pathway"
39,0.0678557985843054,"Down",0.172122365458329,0.999769115486285,"GO:0048814","regulation of dendrite morphogenesis"
18,0.0137357193523941,"Up",0.172276229245961,0.999769115486285,"GO:0060907","positive regulation of macrophage cytokine production"
25,0.00721873220123763,"Down",0.172956888456611,0.999769115486285,"GO:0043114","regulation of vascular permeability"
21,0.126206881191123,"Down",0.173380818697681,0.999769115486285,"GO:1900151","regulation of nuclear-transcribed mRNA catabolic process, deadenylation-dependent decay"
17,0.00524936671230535,"Down",0.173876427964181,0.999769115486285,"GO:0044346","fibroblast apoptotic process"
21,0.0667389950808166,"Down",0.174541413387007,0.999769115486285,"GO:0032968","positive regulation of transcription elongation by RNA polymerase II"
58,0.031065215995438,"Down",0.174972314953104,0.999769115486285,"GO:0072089","stem cell proliferation"
35,0.0173097597008608,"Down",0.175066895717835,0.999769115486285,"GO:0045778","positive regulation of ossification"
18,0.0398252249314539,"Down",0.175207002309788,0.999769115486285,"GO:0090050","positive regulation of cell migration involved in sprouting angiogenesis"
31,0.029499284970386,"Down",0.175366261523365,0.999769115486285,"GO:1903350","response to dopamine"
31,0.029499284970386,"Down",0.175366261523365,0.999769115486285,"GO:1903351","cellular response to dopamine"
42,0.0356841401786845,"Down",0.176041325422893,0.999769115486285,"GO:0001954","positive regulation of cell-matrix adhesion"
29,0.0293971854919332,"Down",0.176401086377584,0.999769115486285,"GO:1903018","regulation of glycoprotein metabolic process"
23,0.0877942569017094,"Up",0.176736097308639,0.999769115486285,"GO:0036258","multivesicular body assembly"
49,0.0562964578030953,"Up",0.177252269444584,0.999769115486285,"GO:0032637","interleukin-8 production"
49,0.0562964578030953,"Up",0.177252269444584,0.999769115486285,"GO:0032677","regulation of interleukin-8 production"
26,0.00901083700068223,"Down",0.177448419771305,0.999769115486285,"GO:0001756","somitogenesis"
17,0.136758527408115,"Up",0.17871807473209,0.999769115486285,"GO:0150146","cell junction disassembly"
20,0.0570502632278895,"Up",0.178920714925003,0.999769115486285,"GO:0036296","response to increased oxygen levels"
23,0.147261403341911,"Up",0.179099402280626,0.999769115486285,"GO:1905523","positive regulation of macrophage migration"
24,0.0544341461821696,"Down",0.179139366222803,0.999769115486285,"GO:0032743","positive regulation of interleukin-2 production"
18,0.116989537990674,"Up",0.179299446912512,0.999769115486285,"GO:0002675","positive regulation of acute inflammatory response"
34,0.127939931161712,"Down",0.179399468217467,0.999769115486285,"GO:0070988","demethylation"
33,0.0160740672496635,"Up",0.179427073666549,0.999769115486285,"GO:0008652","cellular amino acid biosynthetic process"
28,0.0218649703586418,"Down",0.179469933891682,0.999769115486285,"GO:0035633","maintenance of blood-brain barrier"
32,0.0924423556583331,"Up",0.179803784922319,0.999769115486285,"GO:0043277","apoptotic cell clearance"
16,0.0806763680723723,"Down",0.180263818683454,0.999769115486285,"GO:0098815","modulation of excitatory postsynaptic potential"
30,0.120991152091804,"Up",0.180427901903135,0.999769115486285,"GO:0001774","microglial cell activation"
56,0.0542546601748009,"Down",0.180810489642335,0.999769115486285,"GO:0016575","histone deacetylation"
27,0.0335710024478148,"Up",0.180911717482849,0.999769115486285,"GO:0006956","complement activation"
176,0.0934075915719986,"Down",0.181057461983955,0.999769115486285,"GO:0006338","chromatin remodeling"
57,0.0258797073070985,"Up",0.181349072405735,0.999769115486285,"GO:0032611","interleukin-1 beta production"
57,0.0258797073070985,"Up",0.181349072405735,0.999769115486285,"GO:0032651","regulation of interleukin-1 beta production"
134,0.113891734268,"Up",0.181653249581995,0.999769115486285,"GO:0009152","purine ribonucleotide biosynthetic process"
47,0.0949156626141089,"Up",0.181793985852369,0.999769115486285,"GO:0009062","fatty acid catabolic process"
50,0.0597185587977917,"Down",0.181808218288958,0.999769115486285,"GO:0060993","kidney morphogenesis"
302,0.0281518455303296,"Up",0.182362914677738,0.999769115486285,"GO:0050801","ion homeostasis"
89,0.0426089212579063,"Down",0.18265068096053,0.999769115486285,"GO:0010811","positive regulation of cell-substrate adhesion"
16,0.000191504725447711,"Down",0.18306776647045,0.999769115486285,"GO:0071875","adrenergic receptor signaling pathway"
31,0.0262014937289127,"Down",0.183671227966821,0.999769115486285,"GO:0048662","negative regulation of smooth muscle cell proliferation"
256,0.0286097230000197,"Up",0.184431084158599,0.999769115486285,"GO:0006873","cellular ion homeostasis"
35,0.0251815234285561,"Down",0.18460267452257,0.999769115486285,"GO:0043370","regulation of CD4-positive, alpha-beta T cell differentiation"
34,0.140452824238001,"Up",0.185008596817381,0.999769115486285,"GO:0019884","antigen processing and presentation of exogenous antigen"
40,0.0311613789233107,"Down",0.185188293222525,0.999769115486285,"GO:0071868","cellular response to monoamine stimulus"
40,0.0311613789233107,"Down",0.185188293222525,0.999769115486285,"GO:0071870","cellular response to catecholamine stimulus"
16,0.245404307441069,"Up",0.18524385145455,0.999769115486285,"GO:0010743","regulation of macrophage derived foam cell differentiation"
18,0.0145005269655803,"Down",0.185621093498824,0.999769115486285,"GO:0001709","cell fate determination"
50,0.0258703984971597,"Up",0.185769870556995,0.999769115486285,"GO:1900542","regulation of purine nucleotide metabolic process"
40,0.100823629326895,"Down",0.186491637562092,0.999769115486285,"GO:0000381","regulation of alternative mRNA splicing, via spliceosome"
16,0.00250786761606799,"Up",0.187159213278077,0.999769115486285,"GO:0044827","modulation by host of viral genome replication"
31,0.0924637725206698,"Up",0.187172549414735,0.999769115486285,"GO:0062208","positive regulation of pattern recognition receptor signaling pathway"
20,0.0259044954622209,"Up",0.187278874675379,0.999769115486285,"GO:0021879","forebrain neuron differentiation"
42,0.0161065858393028,"Up",0.1873928414331,0.999769115486285,"GO:0032732","positive regulation of interleukin-1 production"
30,0.0172518339816347,"Up",0.187491356616493,0.999769115486285,"GO:0051353","positive regulation of oxidoreductase activity"
31,0.126964742185681,"Up",0.187582870421852,0.999769115486285,"GO:0002269","leukocyte activation involved in inflammatory response"
46,0.189634166816511,"Down",0.187723494207329,0.999769115486285,"GO:0034728","nucleosome organization"
41,0.0150711385067958,"Down",0.1877984682863,0.999769115486285,"GO:0061045","negative regulation of wound healing"
34,0.0377655725747656,"Down",0.187873636828266,0.999769115486285,"GO:0060324","face development"
51,0.0458877079643515,"Up",0.188392384130004,0.999769115486285,"GO:0031341","regulation of cell killing"
25,0.047944724195101,"Down",0.188539924537052,0.999769115486285,"GO:0045622","regulation of T-helper cell differentiation"
66,0.0621882757400645,"Up",0.189069220764112,0.999769115486285,"GO:0008637","apoptotic mitochondrial changes"
16,0.0549188761150329,"Down",0.18912444521257,0.999769115486285,"GO:0080111","DNA demethylation"
16,-0.00280785381988758,"Down",0.189844397593139,0.999769115486285,"GO:0097284","hepatocyte apoptotic process"
15,0.00968220842480765,"Down",0.189949751398611,0.999769115486285,"GO:0031643","positive regulation of myelination"
15,0.210008534362318,"Down",0.190381607227084,0.999769115486285,"GO:0016577","histone demethylation"
18,0.0581171087658666,"Down",0.190912164379891,0.999769115486285,"GO:0099174","regulation of presynapse organization"
18,0.0581171087658666,"Down",0.190912164379891,0.999769115486285,"GO:1905606","regulation of presynapse assembly"
35,0.0537816633871272,"Up",0.191765165411053,0.999769115486285,"GO:1905521","regulation of macrophage migration"
21,0.101452926280951,"Up",0.19232890306021,0.999769115486285,"GO:0010742","macrophage derived foam cell differentiation"
15,0.113525559573503,"Down",0.192718663439709,0.999769115486285,"GO:0002320","lymphoid progenitor cell differentiation"
31,0.0482624731951877,"Up",0.192791844421278,0.999769115486285,"GO:0006721","terpenoid metabolic process"
145,0.106520979066211,"Up",0.192978286392643,0.999769115486285,"GO:0072522","purine-containing compound biosynthetic process"
22,0.00549043034919912,"Down",0.1932508155788,0.999769115486285,"GO:0010644","cell communication by electrical coupling"
53,0.041026807239552,"Up",0.193323869755067,0.999769115486285,"GO:0120254","olefinic compound metabolic process"
73,0.0221882302779615,"Down",0.193838914539478,0.999769115486285,"GO:0007173","epidermal growth factor receptor signaling pathway"
26,0.0447544361442401,"Up",0.193983126428436,0.999769115486285,"GO:0006220","pyrimidine nucleotide metabolic process"
54,0.033022881736644,"Down",0.194267800616526,0.999769115486285,"GO:0006939","smooth muscle contraction"
21,0.0862468726489684,"Down",0.194294623644488,0.999769115486285,"GO:0008542","visual learning"
22,0.0745095112541047,"Up",0.194468900253073,0.999769115486285,"GO:0090077","foam cell differentiation"
25,0.00302196936780167,"Down",0.194527086953668,0.999769115486285,"GO:0042088","T-helper 1 type immune response"
67,0.0275931819618735,"Up",0.195178384492124,0.999769115486285,"GO:0032612","interleukin-1 production"
67,0.0275931819618735,"Up",0.195178384492124,0.999769115486285,"GO:0032652","regulation of interleukin-1 production"
17,0.150854842888505,"Down",0.195188705943263,0.999769115486285,"GO:0007097","nuclear migration"
19,0.0784898321548374,"Down",0.195567377481402,0.999769115486285,"GO:2000114","regulation of establishment of cell polarity"
16,0.046288834354645,"Down",0.195780465249392,0.999769115486285,"GO:0021587","cerebellum morphogenesis"
18,0.0264147837265352,"Down",0.195856401797836,0.999769115486285,"GO:0021575","hindbrain morphogenesis"
29,0.08358174800608,"Up",0.196811899494032,0.999769115486285,"GO:1901264","carbohydrate derivative transport"
16,0.037113851099062,"Up",0.196826659999917,0.999769115486285,"GO:0032094","response to food"
17,0.0430338805102027,"Down",0.196973805848707,0.999769115486285,"GO:0002063","chondrocyte development"
29,0.102033528699856,"Up",0.197505978059705,0.999769115486285,"GO:0046850","regulation of bone remodeling"
21,-0.00135383448405726,"Down",0.198529940979267,0.999769115486285,"GO:1902742","apoptotic process involved in development"
18,0.128054260842904,"Up",0.198650375987476,0.999769115486285,"GO:0032511","late endosome to vacuole transport via multivesicular body sorting pathway"
15,0.0518271094496221,"Up",0.199250680149115,0.999769115486285,"GO:0051882","mitochondrial depolarization"
28,0.0760340683789828,"Up",0.199291318743597,0.999769115486285,"GO:0035794","positive regulation of mitochondrial membrane permeability"
15,0.038691949508941,"Up",0.199883223519797,0.999769115486285,"GO:0043302","positive regulation of leukocyte degranulation"
39,0.0521740052621914,"Down",0.200359607069458,0.999769115486285,"GO:0072028","nephron morphogenesis"
31,0.0852666458099753,"Up",0.200822517817981,0.999769115486285,"GO:0046173","polyol biosynthetic process"
15,0.0210213027756197,"Down",0.20113136524445,0.999769115486285,"GO:0048730","epidermis morphogenesis"
34,0.137020129108164,"Up",0.201737694571488,0.999769115486285,"GO:0061900","glial cell activation"
62,0.0350634884643292,"Up",0.202595144064141,0.999769115486285,"GO:0032091","negative regulation of protein binding"
380,0.0550813667707043,"Up",0.202823934756781,0.999769115486285,"GO:0019752","carboxylic acid metabolic process"
73,0.0651677464109412,"Down",0.202884311196899,0.999769115486285,"GO:0001704","formation of primary germ layer"
60,0.0436804800530722,"Down",0.20309029775336,0.999769115486285,"GO:0030216","keratinocyte differentiation"
27,0.0336734397804543,"Down",0.203648374603094,0.999769115486285,"GO:0150117","positive regulation of cell-substrate junction organization"
34,0.106989575222731,"Up",0.20378953836345,0.999769115486285,"GO:0097352","autophagosome maturation"
40,0.013581077924609,"Down",0.205341636311455,0.999769115486285,"GO:0048008","platelet-derived growth factor receptor signaling pathway"
17,-0.0153525194545206,"Up",0.205699203976089,0.999769115486285,"GO:0090279","regulation of calcium ion import"
139,0.111559592418649,"Up",0.206055360355645,0.999769115486285,"GO:0006164","purine nucleotide biosynthetic process"
166,0.0902473018795686,"Up",0.206130969917847,0.999769115486285,"GO:0009165","nucleotide biosynthetic process"
22,0.00140506438835048,"Up",0.206165989157174,0.999769115486285,"GO:0035767","endothelial cell chemotaxis"
17,0.0794186959006433,"Down",0.206876943693472,0.999769115486285,"GO:1901522","positive regulation of transcription from RNA polymerase II promoter involved in cellular response to chemical stimulus"
41,0.0286353575043283,"Down",0.207298620596727,0.999769115486285,"GO:0008543","fibroblast growth factor receptor signaling pathway"
55,0.0513789301648637,"Down",0.207402365415834,0.999769115486285,"GO:0001657","ureteric bud development"
55,0.0513789301648637,"Down",0.207402365415834,0.999769115486285,"GO:0072163","mesonephric epithelium development"
55,0.0513789301648637,"Down",0.207402365415834,0.999769115486285,"GO:0072164","mesonephric tubule development"
33,0.0235049159648448,"Up",0.207520890918254,0.999769115486285,"GO:0046686","response to cadmium ion"
25,0.137498722427704,"Down",0.207791575097337,0.999769115486285,"GO:0031062","positive regulation of histone methylation"
84,0.0692973323720447,"Down",0.208396336274481,0.999769115486285,"GO:0040029","epigenetic regulation of gene expression"
88,0.0446947560496241,"Down",0.20855331665517,0.999769115486285,"GO:0021543","pallium development"
167,0.0896704185460001,"Up",0.208576193756304,0.999769115486285,"GO:1901293","nucleoside phosphate biosynthetic process"
225,0.0357317224124293,"Down",0.209112871924103,0.999769115486285,"GO:0050804","modulation of chemical synaptic transmission"
40,0.00966189669687299,"Down",0.20936095471823,0.999769115486285,"GO:0043550","regulation of lipid kinase activity"
24,0.0855267011275243,"Up",0.209380256781501,0.999769115486285,"GO:0036257","multivesicular body organization"
24,0.109807737107803,"Up",0.20954304301837,0.999769115486285,"GO:0045124","regulation of bone resorption"
21,0.0403323827743671,"Up",0.209782118872734,0.999769115486285,"GO:0031954","positive regulation of protein autophosphorylation"
23,0.0200061910106698,"Down",0.210034830377139,0.999769115486285,"GO:1900077","negative regulation of cellular response to insulin stimulus"
22,0.0640446896473857,"Down",0.210342176137136,0.999769115486285,"GO:0001825","blastocyst formation"
64,0.0154557445480086,"Down",0.210797193233303,0.999769115486285,"GO:0090288","negative regulation of cellular response to growth factor stimulus"
33,0.033783229049913,"Up",0.211392721680601,0.999769115486285,"GO:0051289","protein homotetramerization"
16,0.140778041261533,"Up",0.211410383862842,0.999769115486285,"GO:0008535","respiratory chain complex IV assembly"
15,0.0408251954141388,"Down",0.211438413588038,0.999769115486285,"GO:0060396","growth hormone receptor signaling pathway"
15,0.0408251954141388,"Down",0.211438413588038,0.999769115486285,"GO:0071378","cellular response to growth hormone stimulus"
32,0.0606212768217746,"Down",0.213137568419071,0.999769115486285,"GO:0010171","body morphogenesis"
22,0.0755098234173016,"Up",0.213557719913564,0.999769115486285,"GO:0042119","neutrophil activation"
42,0.0238930320137941,"Up",0.214770150196655,0.999769115486285,"GO:0015908","fatty acid transport"
16,0.0354885163728498,"Up",0.215124339093888,0.999769115486285,"GO:0009162","deoxyribonucleoside monophosphate metabolic process"
67,0.0815762934469636,"Up",0.215145038277186,0.999769115486285,"GO:0007006","mitochondrial membrane organization"
20,0.0551041307102556,"Up",0.215835592343007,0.999769115486285,"GO:0042417","dopamine metabolic process"
56,0.0553048512251441,"Down",0.216012064778385,0.999769115486285,"GO:0001823","mesonephros development"
20,-0.000496289946946615,"Up",0.216442944495021,0.999769115486285,"GO:0000305","response to oxygen radical"
17,0.00710626908459348,"Up",0.216630273025042,0.999769115486285,"GO:0070168","negative regulation of biomineral tissue development"
17,0.00710626908459348,"Up",0.216630273025042,0.999769115486285,"GO:0110150","negative regulation of biomineralization"
86,0.130208324999497,"Up",0.217044059622151,0.999769115486285,"GO:1902600","proton transmembrane transport"
28,0.0140428795899137,"Down",0.217487242979738,0.999769115486285,"GO:0043303","mast cell degranulation"
20,0.0497245695951798,"Down",0.217640479496389,0.999769115486285,"GO:0010907","positive regulation of glucose metabolic process"
36,0.0533887081194461,"Up",0.218028992185148,0.999769115486285,"GO:0045453","bone resorption"
16,0.0759679024671368,"Down",0.21874510584468,0.999769115486285,"GO:0097106","postsynaptic density organization"
67,0.0542678050252154,"Down",0.219173707473094,0.999769115486285,"GO:0006476","protein deacetylation"
54,0.0325650990540058,"Down",0.21924933401983,0.999769115486285,"GO:0050772","positive regulation of axonogenesis"
15,0.291907816532888,"Down",0.219513200205349,0.999769115486285,"GO:0045947","negative regulation of translational initiation"
22,0.0985773254810133,"Down",0.219623157781078,0.999769115486285,"GO:0061647","histone H3-K9 modification"
29,0.12141452375428,"Down",0.220181942674251,0.999769115486285,"GO:0035329","hippo signaling"
56,0.0269114411467343,"Down",0.221173826080981,0.999769115486285,"GO:0002028","regulation of sodium ion transport"
16,0.0138824193672289,"Down",0.221325084028736,0.999769115486285,"GO:0021591","ventricular system development"
16,0.00766882860898478,"Up",0.221522838704289,0.999769115486285,"GO:0002407","dendritic cell chemotaxis"
141,0.107214260427186,"Up",0.221719049984725,0.999769115486285,"GO:0009260","ribonucleotide biosynthetic process"
68,0.0590214384187069,"Down",0.222037412235696,0.999769115486285,"GO:0048041","focal adhesion assembly"
24,0.0739345038349966,"Down",0.222266881439375,0.999769115486285,"GO:0009187","cyclic nucleotide metabolic process"
391,0.0567842792827179,"Up",0.22258063943735,0.999769115486285,"GO:0043436","oxoacid metabolic process"
25,0.0365791729270338,"Down",0.222645803657952,0.999769115486285,"GO:0007193","adenylate cyclase-inhibiting G protein-coupled receptor signaling pathway"
21,0.0400571561188258,"Down",0.222732247475747,0.999769115486285,"GO:0045616","regulation of keratinocyte differentiation"
55,0.0405196420001105,"Down",0.223057638723105,0.999769115486285,"GO:0043367","CD4-positive, alpha-beta T cell differentiation"
22,0.0273954314969288,"Down",0.223536798449954,0.999769115486285,"GO:0050982","detection of mechanical stimulus"
145,0.105758946834837,"Up",0.223613307981732,0.999769115486285,"GO:0046390","ribose phosphate biosynthetic process"
146,0.0303541526134694,"Down",0.223645612303371,0.999769115486285,"GO:0046777","protein autophosphorylation"
21,0.22229482311168,"Up",0.224166867717869,0.999769115486285,"GO:0006099","tricarboxylic acid cycle"
31,0.0962797009121587,"Up",0.22430806610678,0.999769115486285,"GO:0061462","protein localization to lysosome"
226,0.035536089299745,"Down",0.224534100332205,0.999769115486285,"GO:0099177","regulation of trans-synaptic signaling"
116,0.0550322464611297,"Down",0.224977513299581,0.999769115486285,"GO:0098742","cell-cell adhesion via plasma-membrane adhesion molecules"
115,0.0420602067268262,"Up",0.225093683790915,0.999769115486285,"GO:0015850","organic hydroxy compound transport"
20,0.0117804466150409,"Down",0.225309179029285,0.999769115486285,"GO:0001569","branching involved in blood vessel morphogenesis"
65,0.036227533687093,"Up",0.225735490470837,0.999769115486285,"GO:0016125","sterol metabolic process"
15,-0.0234781680403375,"Up",0.226009311225054,0.999769115486285,"GO:0002689","negative regulation of leukocyte chemotaxis"
35,0.135983389297144,"Down",0.226053204441856,0.999769115486285,"GO:0006406","mRNA export from nucleus"
24,0.0613964016538592,"Up",0.226274364198556,0.999769115486285,"GO:0006749","glutathione metabolic process"
19,0.0751831102716946,"Up",0.226416739311734,0.999769115486285,"GO:0019369","arachidonic acid metabolic process"
27,0.0705487869458055,"Down",0.22642767644812,0.999769115486285,"GO:0099054","presynapse assembly"
393,0.0558522479001987,"Up",0.226622729660284,0.999769115486285,"GO:0006082","organic acid metabolic process"
17,-0.0172741350171424,"Up",0.226652934874406,0.999769115486285,"GO:0042181","ketone biosynthetic process"
189,0.054751623062506,"Down",0.226960767057755,0.999769115486285,"GO:0018105","peptidyl-serine phosphorylation"
17,-0.00979094358469193,"Down",0.227033071934158,0.999769115486285,"GO:2000316","regulation of T-helper 17 type immune response"
24,0.00481219121189771,"Up",0.227937588460919,0.999769115486285,"GO:0070509","calcium ion import"
15,0.128900433421074,"Down",0.228105913915227,0.999769115486285,"GO:0099560","synaptic membrane adhesion"
21,0.0582951114778435,"Up",0.22811705183276,0.999769115486285,"GO:0051937","catecholamine transport"
15,0.026333968886746,"Down",0.228625059654213,0.999769115486285,"GO:0002052","positive regulation of neuroblast proliferation"
16,0.214138006787848,"Down",0.228897079725301,0.999769115486285,"GO:0006482","protein demethylation"
16,0.214138006787848,"Down",0.228897079725301,0.999769115486285,"GO:0008214","protein dealkylation"
37,0.0327622731337598,"Down",0.229254850318583,0.999769115486285,"GO:0045576","mast cell activation"
16,0.117089171773082,"Down",0.230431242863682,0.999769115486285,"GO:0006359","regulation of transcription by RNA polymerase III"
199,0.05240887938457,"Down",0.230485157594264,0.999769115486285,"GO:0018209","peptidyl-serine modification"
27,0.0149680037954199,"Up",0.230547564742975,0.999769115486285,"GO:0010934","macrophage cytokine production"
27,0.0149680037954199,"Up",0.230547564742975,0.999769115486285,"GO:0010935","regulation of macrophage cytokine production"
52,0.0145523452781368,"Up",0.230863160437835,0.999769115486285,"GO:0051341","regulation of oxidoreductase activity"
20,0.0513730271228096,"Down",0.231118066120753,0.999769115486285,"GO:0090162","establishment of epithelial cell polarity"
49,0.0182300816212934,"Down",0.231760715699898,0.999769115486285,"GO:0010232","vascular transport"
49,0.0182300816212934,"Down",0.231760715699898,0.999769115486285,"GO:0150104","transport across blood-brain barrier"
72,0.0425500653006485,"Down",0.232200580226715,0.999769115486285,"GO:0030038","contractile actin filament bundle assembly"
72,0.0425500653006485,"Down",0.232200580226715,0.999769115486285,"GO:0043149","stress fiber assembly"
158,0.104095927560637,"Up",0.232314224765202,0.999769115486285,"GO:0009205","purine ribonucleoside triphosphate metabolic process"
23,0.0847770450265243,"Up",0.232611626209498,0.999769115486285,"GO:0051125","regulation of actin nucleation"
314,0.0732254074938604,"Up",0.232925622679914,0.999769115486285,"GO:0007005","mitochondrion organization"
36,0.0548331620756715,"Up",0.233242963008461,0.999769115486285,"GO:0001836","release of cytochrome c from mitochondria"
389,0.0327684025446909,"Up",0.233504664865004,0.999769115486285,"GO:0019725","cellular homeostasis"
141,0.114243812617557,"Up",0.233736930102155,0.999769115486285,"GO:0046034","ATP metabolic process"
24,0.0671168100800809,"Up",0.233745877183093,0.999769115486285,"GO:0014014","negative regulation of gliogenesis"
22,0.0633549025580389,"Down",0.233777387012031,0.999769115486285,"GO:1900181","negative regulation of protein localization to nucleus"
17,0.11016830973288,"Down",0.234339526814142,0.999769115486285,"GO:0048741","skeletal muscle fiber development"
99,0.0606537437470361,"Up",0.234438134097065,0.999769115486285,"GO:0006520","cellular amino acid metabolic process"
19,0.0892133161337149,"Down",0.234731351801246,0.999769115486285,"GO:0045740","positive regulation of DNA replication"
22,0.0508541089566531,"Down",0.234820618558356,0.999769115486285,"GO:0000289","nuclear-transcribed mRNA poly(A) tail shortening"
311,0.0883617692661857,"Down",0.235057274915358,0.999769115486285,"GO:0006325","chromatin organization"
53,0.113757698837488,"Down",0.235286028980434,0.999769115486285,"GO:0000380","alternative mRNA splicing, via spliceosome"
58,0.0178985348019372,"Down",0.235559718692609,0.999769115486285,"GO:0014897","striated muscle hypertrophy"
37,0.0314301404461389,"Down",0.235699984500834,0.999769115486285,"GO:0031103","axon regeneration"
34,0.129481095558216,"Down",0.236535201731468,0.999769115486285,"GO:1902373","negative regulation of mRNA catabolic process"
53,0.0506022213221976,"Down",0.236599825501353,0.999769115486285,"GO:0045814","negative regulation of gene expression, epigenetic"
48,0.0960029449678536,"Up",0.237044983833611,0.999769115486285,"GO:0010324","membrane invagination"
15,0.0629718530892596,"Down",0.237327579333089,0.999769115486285,"GO:0048668","collateral sprouting"
38,0.0338809625863312,"Down",0.237425132305712,0.999769115486285,"GO:0035306","positive regulation of dephosphorylation"
30,0.133402704439943,"Down",0.237706917222666,0.999769115486285,"GO:0048255","mRNA stabilization"
46,0.0851330948050028,"Up",0.23823447656361,0.999769115486285,"GO:0007029","endoplasmic reticulum organization"
53,0.0714575816842886,"Down",0.238611837121224,0.999769115486285,"GO:0007492","endoderm development"
15,0.0321203988966717,"Up",0.238621460322131,0.999769115486285,"GO:0034104","negative regulation of tissue remodeling"
51,0.0921104550551401,"Up",0.239202233976584,0.999769115486285,"GO:0070972","protein localization to endoplasmic reticulum"
34,0.0581160168381931,"Down",0.239629459232496,0.999769115486285,"GO:0072078","nephron tubule morphogenesis"
92,0.0266471317958422,"Down",0.239819682626929,0.999769115486285,"GO:0006813","potassium ion transport"
57,0.0179453498883091,"Down",0.240006142806461,0.999769115486285,"GO:0003300","cardiac muscle hypertrophy"
49,0.0536420081622159,"Down",0.24025514048614,0.999769115486285,"GO:0030330","DNA damage response, signal transduction by p53 class mediator"
43,0.0176065337441247,"Down",0.240278712339748,0.999769115486285,"GO:0003170","heart valve development"
18,0.020700333080798,"Down",0.240352532541436,0.999769115486285,"GO:1903205","regulation of hydrogen peroxide-induced cell death"
60,0.0786252384075349,"Up",0.240814695939229,0.999769115486285,"GO:0042157","lipoprotein metabolic process"
86,0.0241329661175789,"Up",0.240956081991169,0.999769115486285,"GO:0051260","protein homooligomerization"
46,0.0265597639601269,"Down",0.241692504850606,0.999769115486285,"GO:0072678","T cell migration"
72,0.0752882619076924,"Down",0.241692662822171,0.999769115486285,"GO:0051028","mRNA transport"
19,-0.00115086145148838,"Down",0.241978105421784,0.999769115486285,"GO:1904738","vascular associated smooth muscle cell migration"
21,0.0608910764935866,"Down",0.242221175014522,0.999769115486285,"GO:0060218","hematopoietic stem cell differentiation"
36,0.0584047307163998,"Down",0.242687267278095,0.999769115486285,"GO:0048013","ephrin receptor signaling pathway"
23,0.0904621337694013,"Up",0.242810053098023,0.999769115486285,"GO:1900027","regulation of ruffle assembly"
32,0.049770602409701,"Up",0.243340237159252,0.999769115486285,"GO:0031343","positive regulation of cell killing"
16,0.0150053036784352,"Down",0.243990742766369,0.999769115486285,"GO:0010092","specification of animal organ identity"
126,0.0443796751888062,"Down",0.244550433583753,0.999769115486285,"GO:0031032","actomyosin structure organization"
138,0.0418073100494073,"Up",0.244643670343312,0.999769115486285,"GO:0046394","carboxylic acid biosynthetic process"
39,0.10235721157228,"Up",0.244718282360109,0.999769115486285,"GO:0044088","regulation of vacuole organization"
26,0.0363795782778149,"Down",0.245058645827997,0.999769115486285,"GO:0007157","heterophilic cell-cell adhesion via plasma membrane cell adhesion molecules"
159,0.103931883458502,"Up",0.245140294104631,0.999769115486285,"GO:0009199","ribonucleoside triphosphate metabolic process"
19,0.0591638327121666,"Up",0.245439218549386,0.999769115486285,"GO:0010575","positive regulation of vascular endothelial growth factor production"
48,0.026513906027804,"Down",0.245701141094854,0.999769115486285,"GO:0048706","embryonic skeletal system development"
16,-0.0156313702240892,"Up",0.245762504012454,0.999769115486285,"GO:0050832","defense response to fungus"
16,0.0528148359447515,"Down",0.245772745632958,0.999769115486285,"GO:0048843","negative regulation of axon extension involved in axon guidance"
17,0.0519458093192619,"Up",0.246648493347821,0.999769115486285,"GO:0006027","glycosaminoglycan catabolic process"
140,0.0423021312408377,"Up",0.246793529208285,0.999769115486285,"GO:0016053","organic acid biosynthetic process"
61,0.0465501165512168,"Down",0.247078685173177,0.999769115486285,"GO:0045445","myoblast differentiation"
22,0.0431911492020874,"Down",0.247656024481503,0.999769115486285,"GO:0043268","positive regulation of potassium ion transport"
76,0.0664501416249117,"Down",0.247717914200138,0.999769115486285,"GO:0007044","cell-substrate junction assembly"
27,0.0397852005817017,"Down",0.248019330839168,0.999769115486285,"GO:0043516","regulation of DNA damage response, signal transduction by p53 class mediator"
161,0.102888984855243,"Up",0.248411103471847,0.999769115486285,"GO:0009144","purine nucleoside triphosphate metabolic process"
170,0.0994204495895938,"Up",0.249161298971877,0.999769115486285,"GO:0009141","nucleoside triphosphate metabolic process"
36,0.0351340683540492,"Up",0.249489594475286,0.999769115486285,"GO:1901606","alpha-amino acid catabolic process"
15,0.0479765292925476,"Up",0.249549363636986,0.999769115486285,"GO:0033238","regulation of cellular amine metabolic process"
37,0.0782265714012572,"Down",0.249555519622753,0.999769115486285,"GO:0007405","neuroblast proliferation"
23,0.0802603900218859,"Up",0.249670362122372,0.999769115486285,"GO:0010573","vascular endothelial growth factor production"
19,0.113037762521904,"Down",0.249708539929987,0.999769115486285,"GO:0051647","nucleus localization"
39,0.0757492161369285,"Down",0.249792020359529,0.999769115486285,"GO:0001706","endoderm formation"
232,0.0429538021283403,"Up",0.250186094825298,0.999769115486285,"GO:1901615","organic hydroxy compound metabolic process"
25,0.097259274652287,"Up",0.250209163325029,0.999769115486285,"GO:0019068","virion assembly"
243,0.0887229412647155,"Down",0.250213540679191,0.999769115486285,"GO:0016570","histone modification"
50,0.0397598968899708,"Up",0.250878133668771,0.999769115486285,"GO:0046849","bone remodeling"
24,0.0550520929145149,"Up",0.25097983489681,0.999769115486285,"GO:0021545","cranial nerve development"
17,0.119746899658231,"Up",0.251024397247707,0.999769115486285,"GO:0050433","regulation of catecholamine secretion"
42,0.0675169217835004,"Down",0.251163315807819,0.999769115486285,"GO:0042093","T-helper cell differentiation"
267,0.0453654076303731,"Up",0.251233984070041,0.999769115486285,"GO:0032787","monocarboxylic acid metabolic process"
15,-0.027809728013672,"Down",0.251341135004508,0.999769115486285,"GO:1901739","regulation of myoblast fusion"
56,0.0467979550533424,"Down",0.251592781403343,0.999769115486285,"GO:0099175","regulation of postsynapse organization"
89,0.0962814178520079,"Down",0.252011468030718,0.999769115486285,"GO:0018393","internal peptidyl-lysine acetylation"
22,0.0724168573381115,"Down",0.252297354241123,0.999769115486285,"GO:0050775","positive regulation of dendrite morphogenesis"
254,0.0214695965116382,"Up",0.253137748896949,0.999769115486285,"GO:0055065","metal ion homeostasis"
39,0.0713898544076207,"Up",0.253221431694789,0.999769115486285,"GO:0043030","regulation of macrophage activation"
19,0.0310051821139804,"Up",0.253688112239762,0.999769115486285,"GO:0032692","negative regulation of interleukin-1 production"
25,0.139669284500928,"Up",0.253934658231586,0.999769115486285,"GO:0045047","protein targeting to ER"
254,0.0571123522925335,"Down",0.254582650999609,0.999769115486285,"GO:0007409","axonogenesis"
21,0.142153823998507,"Up",0.254854858459657,0.999769115486285,"GO:0017004","cytochrome complex assembly"
19,0.0359962710873587,"Up",0.255333195290853,0.999769115486285,"GO:0018126","protein hydroxylation"
30,0.00908169572362399,"Up",0.255336474765078,0.999769115486285,"GO:0006805","xenobiotic metabolic process"
24,0.00466435064872787,"Down",0.255446287672345,0.999769115486285,"GO:0043507","positive regulation of JUN kinase activity"
17,0.00244829924181433,"Up",0.255745567994889,0.999769115486285,"GO:0060343","trabecula formation"
78,0.0614836465528602,"Down",0.255968630232768,0.999769115486285,"GO:0046822","regulation of nucleocytoplasmic transport"
133,0.0477067277155158,"Down",0.256252694459415,0.999769115486285,"GO:1901888","regulation of cell junction assembly"
99,0.0812934432622678,"Down",0.256265564214152,0.999769115486285,"GO:0006479","protein methylation"
99,0.0812934432622678,"Down",0.256265564214152,0.999769115486285,"GO:0008213","protein alkylation"
17,0.0928288986263763,"Up",0.257059976390192,0.999769115486285,"GO:0070861","regulation of protein exit from endoplasmic reticulum"
134,0.0540044989368015,"Down",0.257572854410322,0.999769115486285,"GO:0048588","developmental cell growth"
85,0.0334733237956889,"Down",0.257720139579772,0.999769115486285,"GO:0038127","ERBB signaling pathway"
63,0.0948243625800401,"Down",0.258679426938951,0.999769115486285,"GO:0034968","histone lysine methylation"
330,0.0340834125015565,"Up",0.259155986599433,0.999769115486285,"GO:0055082","cellular chemical homeostasis"
17,0.13430665738446,"Up",0.259450707210452,0.999769115486285,"GO:1903902","positive regulation of viral life cycle"
44,0.135981120991381,"Up",0.259527640281891,0.999769115486285,"GO:0150076","neuroinflammatory response"
72,0.0135015577278264,"Up",0.259657570462409,0.999769115486285,"GO:0002690","positive regulation of leukocyte chemotaxis"
15,0.134621594274215,"Up",0.260472228770851,0.999769115486285,"GO:0033617","mitochondrial cytochrome c oxidase assembly"
40,0.111362437626181,"Down",0.260705613797402,0.999769115486285,"GO:0031060","regulation of histone methylation"
74,0.0416098276445645,"Down",0.260770302521352,0.999769115486285,"GO:0008286","insulin receptor signaling pathway"
19,0.0647692861195341,"Down",0.261190157018439,0.999769115486285,"GO:2000737","negative regulation of stem cell differentiation"
29,0.0171744803010929,"Down",0.261372214717688,0.999769115486285,"GO:0002279","mast cell activation involved in immune response"
24,0.068151585666785,"Up",0.261382792796516,0.999769115486285,"GO:0035384","thioester biosynthetic process"
24,0.068151585666785,"Up",0.261382792796516,0.999769115486285,"GO:0071616","acyl-CoA biosynthetic process"
28,0.0194641812036032,"Up",0.261890129655914,0.999769115486285,"GO:1901607","alpha-amino acid biosynthetic process"
26,0.246001254893265,"Down",0.262368418539044,0.999769115486285,"GO:0006334","nucleosome assembly"
32,0.112904148507104,"Up",0.262521847874989,0.999769115486285,"GO:0032527","protein exit from endoplasmic reticulum"
18,0.142247483576903,"Down",0.262693686050451,0.999769115486285,"GO:0060765","regulation of androgen receptor signaling pathway"
25,0.0152363675494711,"Up",0.263564567124109,0.999769115486285,"GO:0036475","neuron death in response to oxidative stress"
81,0.0944118279669924,"Down",0.263592123816145,0.999769115486285,"GO:0016571","histone methylation"
52,0.0599373622490707,"Up",0.264390925628319,0.999769115486285,"GO:0006672","ceramide metabolic process"
23,0.0235348733945225,"Down",0.264573078741483,0.999769115486285,"GO:0032965","regulation of collagen biosynthetic process"
82,0.0625023505600799,"Down",0.26473357339702,0.999769115486285,"GO:0150115","cell-substrate junction organization"
33,0.0662575765827277,"Down",0.264832684729134,0.999769115486285,"GO:0060675","ureteric bud morphogenesis"
33,0.0662575765827277,"Down",0.264832684729134,0.999769115486285,"GO:0072171","mesonephric tubule morphogenesis"
120,0.0323260888781319,"Down",0.264892447849029,0.999769115486285,"GO:0060348","bone development"
35,0.0120053856305727,"Down",0.265446854526802,0.999769115486285,"GO:0061053","somite development"
87,0.0982884688103372,"Down",0.265699447047922,0.999769115486285,"GO:0016573","histone acetylation"
33,0.0131321011626952,"Up",0.265861489312336,0.999769115486285,"GO:0022617","extracellular matrix disassembly"
35,0.0557186944105575,"Down",0.266121451401219,0.999769115486285,"GO:0050805","negative regulation of synaptic transmission"
15,0.00703193431195851,"Down",0.266337721648637,0.999769115486285,"GO:0051150","regulation of smooth muscle cell differentiation"
143,0.0701419678496352,"Down",0.266594264960212,0.999769115486285,"GO:0000082","G1/S transition of mitotic cell cycle"
26,0.0990105515915187,"Down",0.266841912019178,0.999769115486285,"GO:1902229","regulation of intrinsic apoptotic signaling pathway in response to DNA damage"
101,0.0429009999210012,"Down",0.267148267278518,0.999769115486285,"GO:0042770","signal transduction in response to DNA damage"
36,0.0108869694052881,"Up",0.267153825474878,0.999769115486285,"GO:0032731","positive regulation of interleukin-1 beta production"
59,0.025291911154118,"Down",0.267619852553334,0.999769115486285,"GO:0030326","embryonic limb morphogenesis"
59,0.025291911154118,"Down",0.267619852553334,0.999769115486285,"GO:0035113","embryonic appendage morphogenesis"
90,0.0965753427177197,"Down",0.267640566822009,0.999769115486285,"GO:0006475","internal protein amino acid acetylation"
19,-0.00212920866677668,"Up",0.267731429871791,0.999769115486285,"GO:0000303","response to superoxide"
15,0.0253941903544,"Down",0.268390588020304,0.999769115486285,"GO:0003298","physiological muscle hypertrophy"
15,0.0253941903544,"Down",0.268390588020304,0.999769115486285,"GO:0003301","physiological cardiac muscle hypertrophy"
15,0.0253941903544,"Down",0.268390588020304,0.999769115486285,"GO:0061049","cell growth involved in cardiac muscle cell development"
22,0.0709234630226666,"Up",0.268903078157959,0.999769115486285,"GO:0009066","aspartate family amino acid metabolic process"
42,0.0987406247977956,"Up",0.269001935672247,0.999769115486285,"GO:0099024","plasma membrane invagination"
42,0.00623029803364121,"Down",0.269562398059833,0.999769115486285,"GO:1904705","regulation of vascular associated smooth muscle cell proliferation"
18,0.129383216468874,"Up",0.269760906384679,0.999769115486285,"GO:0000959","mitochondrial RNA metabolic process"
39,0.162555849052641,"Up",0.26988363023591,0.999769115486285,"GO:0008033","tRNA processing"
41,0.0759753987183109,"Up",0.269957394740619,0.999769115486285,"GO:0043648","dicarboxylic acid metabolic process"
287,0.0550622012220418,"Down",0.270098440426694,0.999769115486285,"GO:0061564","axon development"
29,0.0134593642184761,"Down",0.270572021508993,0.999769115486285,"GO:0030501","positive regulation of bone mineralization"
46,0.0326407336798778,"Up",0.271093722907243,0.999769115486285,"GO:0006576","cellular biogenic amine metabolic process"
31,0.0285467887120212,"Up",0.271804652992335,0.999769115486285,"GO:0007200","phospholipase C-activating G protein-coupled receptor signaling pathway"
15,0.0650705082371972,"Down",0.272207904191261,0.999769115486285,"GO:0035330","regulation of hippo signaling"
57,0.0565022125861744,"Down",0.272673037828762,0.999769115486285,"GO:0106027","neuron projection organization"
24,0.189709747258554,"Up",0.272704931274486,0.999769115486285,"GO:0043618","regulation of transcription from RNA polymerase II promoter in response to stress"
45,0.0340841306865473,"Up",0.273192389293148,0.999769115486285,"GO:1903578","regulation of ATP metabolic process"
36,0.0446085067187741,"Up",0.273389943954143,0.999769115486285,"GO:0072524","pyridine-containing compound metabolic process"
139,0.0465714837156164,"Down",0.273404500591363,0.999769115486285,"GO:0016358","dendrite development"
34,0.0588356740723245,"Down",0.273677884462993,0.999769115486285,"GO:0035196","miRNA processing"
162,0.0496450633338518,"Up",0.273772522821012,0.999769115486285,"GO:0006631","fatty acid metabolic process"
24,-0.00986116677908887,"Down",0.273835581681065,0.999769115486285,"GO:0014741","negative regulation of muscle hypertrophy"
211,0.0196816296777907,"Up",0.273846212634919,0.999769115486285,"GO:0006875","cellular metal ion homeostasis"
26,0.0326499905082918,"Down",0.274956452072213,0.999769115486285,"GO:0051898","negative regulation of protein kinase B signaling"
267,0.0460819887964742,"Down",0.275236144138033,0.999769115486285,"GO:0010975","regulation of neuron projection development"
20,0.0438706914767878,"Down",0.275480496234876,0.999769115486285,"GO:0035510","DNA dealkylation"
36,0.0518064565040781,"Down",0.275903734061032,0.999769115486285,"GO:0072088","nephron epithelium morphogenesis"
18,0.0520033653126283,"Up",0.276663435521279,0.999769115486285,"GO:0009309","amine biosynthetic process"
18,0.0520033653126283,"Up",0.276663435521279,0.999769115486285,"GO:0042401","cellular biogenic amine biosynthetic process"
32,0.0273573340620775,"Down",0.277231752100541,0.999769115486285,"GO:0071320","cellular response to cAMP"
22,0.167050919882744,"Up",0.277439555043578,0.999769115486285,"GO:0051085","chaperone cofactor-dependent protein refolding"
31,0.0483834877964339,"Up",0.277668818948981,0.999769115486285,"GO:0090199","regulation of release of cytochrome c from mitochondria"
18,0.234830382227266,"Down",0.277707292284689,0.999769115486285,"GO:2000819","regulation of nucleotide-excision repair"
28,0.0415168603017069,"Up",0.27778904102487,0.999769115486285,"GO:0038202","TORC1 signaling"
63,0.0481128301384927,"Down",0.277948314077017,0.999769115486285,"GO:0006275","regulation of DNA replication"
28,0.0976690035232849,"Up",0.278174993638382,0.999769115486285,"GO:0032509","endosome transport via multivesicular body sorting pathway"
492,0.0348253314672667,"Up",0.278648061063844,0.999769115486285,"GO:0048878","chemical homeostasis"
20,0.0574138915373556,"Down",0.278933066475924,0.999769115486285,"GO:1902230","negative regulation of intrinsic apoptotic signaling pathway in response to DNA damage"
18,0.0166610072626194,"Down",0.279000407293185,0.999769115486285,"GO:0050820","positive regulation of coagulation"
17,0.091746634113803,"Down",0.279171768396055,0.999769115486285,"GO:0051567","histone H3-K9 methylation"
138,0.0282141117556644,"Up",0.279204440933954,0.999769115486285,"GO:0072593","reactive oxygen species metabolic process"
15,0.0146176817779147,"Down",0.279217986886281,0.999769115486285,"GO:0036120","cellular response to platelet-derived growth factor stimulus"
66,0.0388414623499041,"Down",0.279304604873127,0.999769115486285,"GO:0110020","regulation of actomyosin structure organization"
16,0.0886337600110108,"Down",0.279341729699411,0.999769115486285,"GO:0046058","cAMP metabolic process"
18,0.0550764787702067,"Down",0.280363747525883,0.999769115486285,"GO:0055081","anion homeostasis"
30,0.0447735560263562,"Up",0.28110948387901,0.999769115486285,"GO:0034314","Arp2/3 complex-mediated actin nucleation"
78,0.105380634210978,"Up",0.281309028581498,0.999769115486285,"GO:0007041","lysosomal transport"
90,0.0461927359106379,"Up",0.281636058270201,0.999769115486285,"GO:0009746","response to hexose"
20,0.0840902100641001,"Down",0.282049667859314,0.999769115486285,"GO:0000731","DNA synthesis involved in DNA repair"
49,0.0272178547432102,"Up",0.282067272145746,0.999769115486285,"GO:0044106","cellular amine metabolic process"
136,0.0430208774940653,"Down",0.28231781682085,0.999769115486285,"GO:0021537","telencephalon development"
21,0.0321001467404342,"Down",0.282870572354078,0.999769115486285,"GO:0060055","angiogenesis involved in wound healing"
22,0.0583535032828685,"Up",0.283022586897464,0.999769115486285,"GO:0006739","NADP metabolic process"
19,0.0869296813576712,"Up",0.284178974666768,0.999769115486285,"GO:0046755","viral budding"
124,0.0488133847712938,"Down",0.28483667314194,0.999769115486285,"GO:0050807","regulation of synapse organization"
24,0.15654450012906,"Up",0.284919875434563,0.999769115486285,"GO:0051084","'de novo' post-translational protein folding"
20,0.094101700809184,"Up",0.284959554388797,0.999769115486285,"GO:0048199","vesicle targeting, to, from or within Golgi"
36,0.0516018840378241,"Down",0.285076461225328,0.999769115486285,"GO:0034332","adherens junction organization"
25,0.0498234651602524,"Up",0.285462549506727,0.999769115486285,"GO:0006584","catecholamine metabolic process"
25,0.0498234651602524,"Up",0.285462549506727,0.999769115486285,"GO:0009712","catechol-containing compound metabolic process"
50,0.0546782063325681,"Up",0.285918292782803,0.999769115486285,"GO:1903509","liposaccharide metabolic process"
60,0.0453904809191861,"Down",0.286048658118596,0.999769115486285,"GO:0051492","regulation of stress fiber assembly"
109,0.0234087661163781,"Up",0.28650600868913,0.999769115486285,"GO:0002687","positive regulation of leukocyte migration"
49,0.050989618968067,"Up",0.287020110606095,0.999769115486285,"GO:0006664","glycolipid metabolic process"
15,0.0018564471569378,"Down",0.287266930945808,0.999769115486285,"GO:0042659","regulation of cell fate specification"
23,0.0705400750630579,"Down",0.287312956640023,0.999769115486285,"GO:0007632","visual behavior"
34,0.0461192186209829,"Up",0.288166771875066,0.999769115486285,"GO:0009409","response to cold"
33,-0.00824044141514913,"Down",0.288379664529177,0.999769115486285,"GO:0030219","megakaryocyte differentiation"
23,0.0573181188772198,"Up",0.288510306499264,0.999769115486285,"GO:1901099","negative regulation of signal transduction in absence of ligand"
23,0.0573181188772198,"Up",0.288510306499264,0.999769115486285,"GO:2001240","negative regulation of extrinsic apoptotic signaling pathway in absence of ligand"
84,0.0839878106198961,"Up",0.288689914690035,0.999769115486285,"GO:0006888","endoplasmic reticulum to Golgi vesicle-mediated transport"
62,0.0480705006935336,"Up",0.288711580125982,0.999769115486285,"GO:1902652","secondary alcohol metabolic process"
37,0.085670188410559,"Down",0.289249734553776,0.999769115486285,"GO:0043967","histone H4 acetylation"
27,0.0135779087438152,"Down",0.289773593110068,0.999769115486285,"GO:1905314","semi-lunar valve development"
16,0.160415467735839,"Up",0.290459334334755,0.999769115486285,"GO:0009081","branched-chain amino acid metabolic process"
65,0.0571044786589089,"Up",0.290556833827169,0.999769115486285,"GO:0034620","cellular response to unfolded protein"
22,0.0547513300317031,"Up",0.290636371293216,0.999769115486285,"GO:0044458","motile cilium assembly"
37,0.0607338334903628,"Down",0.290760238918203,0.999769115486285,"GO:0061333","renal tubule morphogenesis"
55,0.0204292995460817,"Up",0.290771198846342,0.999769115486285,"GO:0002275","myeloid cell activation involved in immune response"
19,0.116312181496747,"Down",0.290893047828143,0.999769115486285,"GO:0071108","protein K48-linked deubiquitination"
68,0.0281562826215568,"Down",0.291651154498917,0.999769115486285,"GO:0032355","response to estradiol"
16,-0.000736433055826779,"Down",0.291774356636108,0.999769115486285,"GO:0070528","protein kinase C signaling"
89,0.0281064667292503,"Down",0.291826762161228,0.999769115486285,"GO:0003158","endothelium development"
21,0.138007867856485,"Up",0.291886638985608,0.999769115486285,"GO:0006953","acute-phase response"
210,0.0350588647619448,"Up",0.291994793812986,0.999769115486285,"GO:0051235","maintenance of location"
47,0.087257988773307,"Down",0.29229278643216,0.999769115486285,"GO:0032784","regulation of DNA-templated transcription elongation"
79,0.0491891143605338,"Down",0.292295363387049,0.999769115486285,"GO:0002244","hematopoietic progenitor cell differentiation"
21,0.0887430887667083,"Up",0.293419163652373,0.999769115486285,"GO:1902175","regulation of oxidative stress-induced intrinsic apoptotic signaling pathway"
125,0.046625998626593,"Down",0.294064713737634,0.999769115486285,"GO:0050803","regulation of synapse structure or activity"
15,0.0339753031832056,"Down",0.29422374181385,0.999769115486285,"GO:0030728","ovulation"
28,0.0672672406714256,"Down",0.29430047512629,0.999769115486285,"GO:0071711","basement membrane organization"
156,0.0667558218208626,"Down",0.29474525460182,0.999769115486285,"GO:0044843","cell cycle G1/S phase transition"
60,0.0169468075349015,"Down",0.294853174925699,0.999769115486285,"GO:0014896","muscle hypertrophy"
19,0.027738954444706,"Up",0.29525466495805,0.999769115486285,"GO:0032633","interleukin-4 production"
19,0.027738954444706,"Up",0.29525466495805,0.999769115486285,"GO:0032673","regulation of interleukin-4 production"
32,0.0353565322450786,"Up",0.295490856781034,0.999769115486285,"GO:0097028","dendritic cell differentiation"
17,0.0413373998896143,"Down",0.296274850611378,0.999769115486285,"GO:0032967","positive regulation of collagen biosynthetic process"
33,0.0295074469061332,"Up",0.296408256813011,0.999769115486285,"GO:0061383","trabecula morphogenesis"
29,0.0681988825652747,"Down",0.29649086829072,0.999769115486285,"GO:0099172","presynapse organization"
56,0.0447199815153643,"Up",0.29657662682763,0.999769115486285,"GO:1901216","positive regulation of neuron death"
51,0.0272140104290902,"Down",0.296813996264546,0.999769115486285,"GO:0021761","limbic system development"
39,0.0160101118136739,"Up",0.296885729082775,0.999769115486285,"GO:0050830","defense response to Gram-positive bacterium"
21,0.0040968959586224,"Down",0.29716962590391,0.999769115486285,"GO:0035825","homologous recombination"
74,0.045109305710302,"Down",0.297186021833507,0.999769115486285,"GO:0046632","alpha-beta T cell differentiation"
15,0.00686414228655395,"Down",0.297322820448808,0.999769115486285,"GO:1903672","positive regulation of sprouting angiogenesis"
74,0.0297949537695261,"Down",0.297925347906131,0.999769115486285,"GO:0043406","positive regulation of MAP kinase activity"
17,0.158546319266857,"Up",0.298428884783774,0.999769115486285,"GO:0070841","inclusion body assembly"
45,0.0704298619910083,"Down",0.298439608617872,0.999769115486285,"GO:0032922","circadian regulation of gene expression"
21,0.0170058568584666,"Down",0.298838489005715,0.999769115486285,"GO:0046326","positive regulation of glucose import"
20,0.0375986137157819,"Up",0.298996100481387,0.999769115486285,"GO:0010574","regulation of vascular endothelial growth factor production"
37,0.0332903460630043,"Down",0.299182034428633,0.999769115486285,"GO:0051653","spindle localization"
27,0.0227779740230391,"Down",0.29945732370268,0.999769115486285,"GO:1901031","regulation of response to reactive oxygen species"
31,0.0447629728421268,"Up",0.299583538868661,0.999769115486285,"GO:0043525","positive regulation of neuron apoptotic process"
23,-0.00492431215986139,"Up",0.299708848296472,0.999769115486285,"GO:0001893","maternal placenta development"
36,0.078499960826989,"Up",0.300329235353835,0.999769115486285,"GO:0046902","regulation of mitochondrial membrane permeability"
67,0.0930472979300269,"Down",0.300916274184391,0.999769115486285,"GO:0018022","peptidyl-lysine methylation"
32,0.0584875051838024,"Up",0.3010179497572,0.999769115486285,"GO:0002886","regulation of myeloid leukocyte mediated immunity"
22,0.0349208194539916,"Down",0.301157724723141,0.999769115486285,"GO:0060325","face morphogenesis"
358,0.0587480058532866,"Down",0.301516896946621,0.999769115486285,"GO:0048812","neuron projection morphogenesis"
93,0.126118798817213,"Down",0.301652743599119,0.999769115486285,"GO:0050684","regulation of mRNA processing"
69,0.0750110123837616,"Up",0.301744609180606,0.999769115486285,"GO:0042116","macrophage activation"
23,0.0783794151809473,"Down",0.302111841417792,0.999769115486285,"GO:0031057","negative regulation of histone modification"
18,0.0103903159508588,"Up",0.302131927970606,0.999769115486285,"GO:0002719","negative regulation of cytokine production involved in immune response"
29,0.0134956435428687,"Down",0.302350031980371,0.999769115486285,"GO:0032964","collagen biosynthetic process"
174,0.114800834781534,"Down",0.302351149379718,0.999769115486285,"GO:1903311","regulation of mRNA metabolic process"
56,0.0880534413152403,"Down",0.303132155695057,0.999769115486285,"GO:0071103","DNA conformation change"
45,0.0425345280000164,"Up",0.303351084299386,0.999769115486285,"GO:0034103","regulation of tissue remodeling"
54,0.0515307829581054,"Up",0.303449959478736,0.999769115486285,"GO:0032755","positive regulation of interleukin-6 production"
48,0.0484358654727842,"Up",0.303565949825203,0.999769115486285,"GO:0031663","lipopolysaccharide-mediated signaling pathway"
25,0.0264976521757964,"Down",0.303609466177218,0.999769115486285,"GO:0060323","head morphogenesis"
23,0.115560579531444,"Up",0.304151819551496,0.999769115486285,"GO:0030970","retrograde protein transport, ER to cytosol"
23,0.115560579531444,"Up",0.304151819551496,0.999769115486285,"GO:1903513","endoplasmic reticulum to cytosol transport"
22,0.034134564013723,"Down",0.30417538181688,0.999769115486285,"GO:0010765","positive regulation of sodium ion transport"
15,-0.0100666830753716,"Down",0.304968742249762,0.999769115486285,"GO:0051383","kinetochore organization"
21,0.0602514644689146,"Down",0.3054056628076,0.999769115486285,"GO:0021799","cerebral cortex radially oriented cell migration"
20,0.0664528347278878,"Up",0.30575414381167,0.999769115486285,"GO:0019076","viral release from host cell"
20,0.0664528347278878,"Up",0.30575414381167,0.999769115486285,"GO:0035891","exit from host cell"
27,0.0587149413257669,"Down",0.305890122211504,0.999769115486285,"GO:0045197","establishment or maintenance of epithelial cell apical/basal polarity"
30,0.00287503262696746,"Down",0.306108669777974,0.999769115486285,"GO:0007520","myoblast fusion"
52,0.0577743404648422,"Down",0.30612750446787,0.999769115486285,"GO:0097061","dendritic spine organization"
84,0.0295903811843983,"Down",0.306233998386673,0.999769115486285,"GO:0071805","potassium ion transmembrane transport"
78,0.0448807277202097,"Down",0.30625232657967,0.999769115486285,"GO:0009952","anterior/posterior pattern specification"
174,0.0593852819633408,"Down",0.306335358816938,0.999769115486285,"GO:0060070","canonical Wnt signaling pathway"
107,0.0454493857187081,"Down",0.306716950785306,0.999769115486285,"GO:0045580","regulation of T cell differentiation"
20,0.0615866371475403,"Up",0.307119578064594,0.999769115486285,"GO:1903077","negative regulation of protein localization to plasma membrane"
20,0.0615866371475403,"Up",0.307119578064594,0.999769115486285,"GO:1904376","negative regulation of protein localization to cell periphery"
33,0.0178200366452009,"Down",0.307350825983782,0.999769115486285,"GO:0045620","negative regulation of lymphocyte differentiation"
157,0.0448283727954793,"Down",0.307570377836314,0.999769115486285,"GO:0010810","regulation of cell-substrate adhesion"
18,0.0685989212993456,"Down",0.307583610681972,0.999769115486285,"GO:0099084","postsynaptic specialization organization"
18,0.0851625899122346,"Up",0.308530227885899,0.999769115486285,"GO:0050432","catecholamine secretion"
84,0.0342846127441897,"Down",0.308731523148057,0.999769115486285,"GO:0048592","eye morphogenesis"
46,0.0149615353084268,"Down",0.309176938861907,0.999769115486285,"GO:0042058","regulation of epidermal growth factor receptor signaling pathway"
71,0.034618293978132,"Up",0.30951510965795,0.999769115486285,"GO:0006575","cellular modified amino acid metabolic process"
31,0.0649833482394184,"Up",0.309884573430847,0.999769115486285,"GO:1903573","negative regulation of response to endoplasmic reticulum stress"
15,0.0310817732399482,"Up",0.310997790225612,0.999769115486285,"GO:0007628","adult walking behavior"
34,0.105369408660046,"Up",0.311532412941469,0.999769115486285,"GO:2000785","regulation of autophagosome assembly"
99,0.0825915109490141,"Down",0.311808558013886,0.999769115486285,"GO:0018394","peptidyl-lysine acetylation"
38,0.121774717182611,"Down",0.311880406367945,0.999769115486285,"GO:0043489","RNA stabilization"
26,0.070812068087566,"Down",0.311903976385104,0.999769115486285,"GO:0050869","negative regulation of B cell activation"
24,-0.00100791885541051,"Down",0.312102013345788,0.999769115486285,"GO:1902624","positive regulation of neutrophil migration"
70,0.0399195240806476,"Down",0.312390128829959,0.999769115486285,"GO:0007292","female gamete generation"
16,0.043993832253765,"Down",0.312552511860872,0.999769115486285,"GO:0036092","phosphatidylinositol-3-phosphate biosynthetic process"
24,0.0824702309607419,"Up",0.312611634082182,0.999769115486285,"GO:0046503","glycerolipid catabolic process"
41,0.040924229077664,"Down",0.313175985848804,0.999769115486285,"GO:0072091","regulation of stem cell proliferation"
43,0.0599039698706348,"Down",0.313191682782701,0.999769115486285,"GO:0002287","alpha-beta T cell activation involved in immune response"
43,0.0599039698706348,"Down",0.313191682782701,0.999769115486285,"GO:0002293","alpha-beta T cell differentiation involved in immune response"
43,0.0599039698706348,"Down",0.313191682782701,0.999769115486285,"GO:0002294","CD4-positive, alpha-beta T cell differentiation involved in immune response"
15,0.0735269893810796,"Up",0.313528651596078,0.999769115486285,"GO:0010884","positive regulation of lipid storage"
22,-0.0107681141128954,"Down",0.313588098155104,0.999769115486285,"GO:0010614","negative regulation of cardiac muscle hypertrophy"
30,0.10852649644612,"Down",0.313782125899134,0.999769115486285,"GO:1902459","positive regulation of stem cell population maintenance"
47,0.147170414493148,"Down",0.314196381284912,0.999769115486285,"GO:0006405","RNA export from nucleus"
18,0.0928502179323257,"Up",0.314434569890234,0.999769115486285,"GO:0031468","nuclear membrane reassembly"
140,0.0331858575768038,"Down",0.314477236498208,0.999769115486285,"GO:0050769","positive regulation of neurogenesis"
104,0.0471064450215538,"Up",0.314513606421624,0.999769115486285,"GO:0050777","negative regulation of immune response"
225,0.0298279469062648,"Down",0.314595983355922,0.999769115486285,"GO:0018108","peptidyl-tyrosine phosphorylation"
17,-0.00371449507424237,"Down",0.314878770256048,0.999769115486285,"GO:1904752","regulation of vascular associated smooth muscle cell migration"
16,0.0452523229647719,"Up",0.31524308335244,0.999769115486285,"GO:0070293","renal absorption"
216,0.0434670099188349,"Down",0.315535311569277,0.999769115486285,"GO:0031346","positive regulation of cell projection organization"
55,0.0914085980713528,"Down",0.315739453693584,0.999769115486285,"GO:0050779","RNA destabilization"
18,0.208015472961155,"Up",0.316148486834112,0.999769115486285,"GO:0021532","neural tube patterning"
19,0.0781186541160413,"Up",0.316506427788457,0.999769115486285,"GO:0034315","regulation of Arp2/3 complex-mediated actin nucleation"
37,0.0106998406485991,"Down",0.317077356505495,0.999769115486285,"GO:0051148","negative regulation of muscle cell differentiation"
30,0.0551528111458974,"Down",0.317192410551122,0.999769115486285,"GO:0061001","regulation of dendritic spine morphogenesis"
140,0.0676783009890967,"Down",0.317555402535601,0.999769115486285,"GO:0048863","stem cell differentiation"
317,0.0365120975658094,"Down",0.31784991362907,0.999769115486285,"GO:0007268","chemical synaptic transmission"
317,0.0365120975658094,"Down",0.31784991362907,0.999769115486285,"GO:0098916","anterograde trans-synaptic signaling"
17,0.0531289422323612,"Up",0.317890565353873,0.999769115486285,"GO:0070979","protein K11-linked ubiquitination"
30,0.0672882956134292,"Down",0.318295261896093,0.999769115486285,"GO:0070830","bicellular tight junction assembly"
36,0.0570555106095315,"Down",0.318430037176574,0.999769115486285,"GO:0050854","regulation of antigen receptor-mediated signaling pathway"
26,0.0150693716241549,"Down",0.318555749477793,0.999769115486285,"GO:0010828","positive regulation of glucose transmembrane transport"
17,-0.00647894146320437,"Down",0.319602126553237,0.999769115486285,"GO:0060603","mammary gland duct morphogenesis"
27,0.0376607192195778,"Up",0.319837446543081,0.999769115486285,"GO:0043300","regulation of leukocyte degranulation"
41,0.0770340324796765,"Up",0.320079050848549,0.999769115486285,"GO:0031529","ruffle organization"
160,0.0370330771575124,"Up",0.320301819519757,0.999769115486285,"GO:0006066","alcohol metabolic process"
25,0.139530814359949,"Up",0.320337835562555,0.999769115486285,"GO:0006400","tRNA modification"
89,0.023918738127137,"Up",0.320667538033035,0.999769115486285,"GO:0071675","regulation of mononuclear cell migration"
249,0.0603529254075231,"Down",0.32120600819473,0.999769115486285,"GO:0034329","cell junction assembly"
21,0.112405525892323,"Up",0.321758041716114,0.999769115486285,"GO:0006040","amino sugar metabolic process"
26,0.0275459557592771,"Up",0.321912877742146,0.999769115486285,"GO:0046640","regulation of alpha-beta T cell proliferation"
25,0.0603319886964985,"Up",0.321966035441421,0.999769115486285,"GO:0014002","astrocyte development"
43,0.0551523749312586,"Up",0.322151404032197,0.999769115486285,"GO:1901657","glycosyl compound metabolic process"
15,0.0315521353022058,"Up",0.322396234994251,0.999769115486285,"GO:0097734","extracellular exosome biogenesis"
15,0.0315521353022058,"Up",0.322396234994251,0.999769115486285,"GO:0140112","extracellular vesicle biogenesis"
20,0.10736491638202,"Up",0.322604022018797,0.999769115486285,"GO:0006622","protein targeting to lysosome"
350,0.058164706262727,"Up",0.322708146324087,0.999769115486285,"GO:0055086","nucleobase-containing small molecule metabolic process"
32,0.0729641788255396,"Up",0.322753487945723,0.999769115486285,"GO:0097178","ruffle assembly"
21,0.0962706889876295,"Down",0.322908333805173,0.999769115486285,"GO:0090503","RNA phosphodiester bond hydrolysis, exonucleolytic"
141,0.0338904788964165,"Up",0.322923316578913,0.999769115486285,"GO:0051651","maintenance of location in cell"
44,0.0333643769247419,"Down",0.322961813231128,0.999769115486285,"GO:0045123","cellular extravasation"
21,0.0208009689804802,"Down",0.323433251156706,0.999769115486285,"GO:0030261","chromosome condensation"
23,-0.0209306344725118,"Up",0.323608475974635,0.999769115486285,"GO:0140448","signaling receptor ligand precursor processing"
20,0.0142482987569327,"Down",0.323676469253668,0.999769115486285,"GO:0033280","response to vitamin D"
19,0.0262410880989322,"Down",0.32383321463327,0.999769115486285,"GO:0051497","negative regulation of stress fiber assembly"
169,0.0511740204170891,"Down",0.323885235126887,0.999769115486285,"GO:0048511","rhythmic process"
35,0.0460195156127098,"Down",0.324003255343359,0.999769115486285,"GO:0051496","positive regulation of stress fiber assembly"
32,0.0180822035997293,"Down",0.324576436591305,0.999769115486285,"GO:0061098","positive regulation of protein tyrosine kinase activity"
82,0.0467444152195764,"Down",0.325139748607852,0.999769115486285,"GO:0090090","negative regulation of canonical Wnt signaling pathway"
104,0.0564170149579171,"Down",0.326391882629198,0.999769115486285,"GO:1990138","neuron projection extension"
69,0.0616436126598297,"Down",0.326553278107269,0.999769115486285,"GO:0042177","negative regulation of protein catabolic process"
43,0.096262108820304,"Down",0.326656638779739,0.999769115486285,"GO:2000036","regulation of stem cell population maintenance"
103,0.0520909649863816,"Up",0.32675396093444,0.999769115486285,"GO:0006643","membrane lipid metabolic process"
17,0.0578836387020503,"Down",0.326906904613766,0.999769115486285,"GO:0000578","embryonic axis specification"
17,0.0737411494920124,"Up",0.327042791149304,0.999769115486285,"GO:0051457","maintenance of protein location in nucleus"
163,0.0366272507358876,"Down",0.327104349589899,0.999769115486285,"GO:0051962","positive regulation of nervous system development"
87,0.0489116389234921,"Up",0.327110824067266,0.999769115486285,"GO:0009749","response to glucose"
46,0.043871810858345,"Down",0.327194015012546,0.999769115486285,"GO:0072080","nephron tubule development"
106,0.0367433395653641,"Down",0.327382385940448,0.999769115486285,"GO:0061572","actin filament bundle organization"
30,0.0567392007514498,"Down",0.32740918481527,0.999769115486285,"GO:0090049","regulation of cell migration involved in sprouting angiogenesis"
62,0.060005349117157,"Down",0.327741050788842,0.999769115486285,"GO:0030516","regulation of axon extension"
17,0.0276149179225222,"Down",0.327758197284187,0.999769115486285,"GO:1903020","positive regulation of glycoprotein metabolic process"
111,0.034642572527584,"Down",0.327795943290975,0.999769115486285,"GO:0001763","morphogenesis of a branching structure"
23,0.0408932703523633,"Down",0.327856356337225,0.999769115486285,"GO:0090329","regulation of DNA-templated DNA replication"
101,0.0685920235977337,"Down",0.328156189214195,0.999769115486285,"GO:0030010","establishment of cell polarity"
48,0.122022924414489,"Up",0.328219302754863,0.999769115486285,"GO:0061077","chaperone-mediated protein folding"
34,0.0648156984784595,"Down",0.328242462453334,0.999769115486285,"GO:0009299","mRNA transcription"
80,0.0161240137485768,"Down",0.328258866398963,0.999769115486285,"GO:0045834","positive regulation of lipid metabolic process"
20,0.000838898381881892,"Up",0.328274592372035,0.999769115486285,"GO:0046320","regulation of fatty acid oxidation"
377,0.0316561627751021,"Down",0.328384576763269,0.999769115486285,"GO:0007169","transmembrane receptor protein tyrosine kinase signaling pathway"
25,0.0132739356430804,"Down",0.328620165440717,0.999769115486285,"GO:0003176","aortic valve development"
52,0.0228465189837919,"Down",0.328705222329631,0.999769115486285,"GO:0015914","phospholipid transport"
18,0.142785993271584,"Down",0.328815969677141,0.999769115486285,"GO:1904666","regulation of ubiquitin protein ligase activity"
24,0.0832123014555631,"Up",0.32916892645181,0.999769115486285,"GO:0043162","ubiquitin-dependent protein catabolic process via the multivesicular body sorting pathway"
66,0.0487010156552226,"Up",0.33042666989209,0.999769115486285,"GO:0045185","maintenance of protein location"
24,0.0650536669329159,"Up",0.330459697894597,0.999769115486285,"GO:0002673","regulation of acute inflammatory response"
20,0.0575827569493941,"Down",0.330655452057702,0.999769115486285,"GO:0048536","spleen development"
40,0.0611521246862332,"Down",0.331381358523449,0.999769115486285,"GO:0051966","regulation of synaptic transmission, glutamatergic"
43,0.0441807899008865,"Up",0.33145667130539,0.999769115486285,"GO:0018958","phenol-containing compound metabolic process"
320,0.0600121501888072,"Up",0.331570981925067,0.999769115486285,"GO:0006753","nucleoside phosphate metabolic process"
31,0.0122503369890348,"Down",0.332215176799077,0.999769115486285,"GO:0070169","positive regulation of biomineral tissue development"
31,0.0122503369890348,"Down",0.332215176799077,0.999769115486285,"GO:0110151","positive regulation of biomineralization"
22,0.0411168313288661,"Up",0.332444473960729,0.999769115486285,"GO:0010758","regulation of macrophage chemotaxis"
43,0.0111919251497466,"Down",0.332625198912793,0.999769115486285,"GO:1990874","vascular associated smooth muscle cell proliferation"
28,0.117467413907182,"Down",0.332754144673572,0.999769115486285,"GO:0018023","peptidyl-lysine trimethylation"
38,0.0476914599906798,"Down",0.332804056253346,0.999769115486285,"GO:0060998","regulation of dendritic spine development"
25,0.0694012491576486,"Down",0.332945611239804,0.999769115486285,"GO:0098751","bone cell development"
22,0.0524337133762921,"Up",0.332970654953268,0.999769115486285,"GO:0002714","positive regulation of B cell mediated immunity"
22,0.0524337133762921,"Up",0.332970654953268,0.999769115486285,"GO:0002891","positive regulation of immunoglobulin mediated immune response"
227,0.0303241783457823,"Down",0.333024093674525,0.999769115486285,"GO:0018212","peptidyl-tyrosine modification"
317,0.0614861502444469,"Up",0.333439015626719,0.999769115486285,"GO:0009117","nucleotide metabolic process"
149,0.0362963041979441,"Down",0.333939516563489,0.999769115486285,"GO:0001649","osteoblast differentiation"
101,0.105388198397354,"Up",0.333978938624459,0.999769115486285,"GO:0007034","vacuolar transport"
23,0.00391565631278118,"Up",0.333995266244793,0.999769115486285,"GO:0061384","heart trabecula morphogenesis"
129,0.0921381757692173,"Up",0.334782027724797,0.999769115486285,"GO:0006457","protein folding"
34,0.0532270713629054,"Down",0.335760866120876,0.999769115486285,"GO:1902476","chloride transmembrane transport"
293,0.042586716025227,"Down",0.335854796614063,0.999769115486285,"GO:0048598","embryonic morphogenesis"
64,0.0428954714766244,"Down",0.336006120354518,0.999769115486285,"GO:1901796","regulation of signal transduction by p53 class mediator"
50,0.0772393886104242,"Down",0.336301141451931,0.999769115486285,"GO:2000736","regulation of stem cell differentiation"
18,0.0771643055729364,"Down",0.336630252014145,0.999769115486285,"GO:0035520","monoubiquitinated protein deubiquitination"
17,0.134408666922543,"Up",0.337083338012016,0.999769115486285,"GO:0006613","cotranslational protein targeting to membrane"
29,0.124356685960376,"Up",0.337092789366199,0.999769115486285,"GO:0072599","establishment of protein localization to endoplasmic reticulum"
24,0.0397695016553066,"Up",0.337280753735804,0.999769115486285,"GO:0021872","forebrain generation of neurons"
30,0.0255414590904318,"Down",0.337322698069225,0.999769115486285,"GO:0022602","ovulation cycle process"
16,0.0337540357018825,"Up",0.337571495686192,0.999769115486285,"GO:0090659","walking behavior"
31,0.0553894892676422,"Up",0.337751292893108,0.999769115486285,"GO:0031952","regulation of protein autophosphorylation"
117,0.0535128628743368,"Up",0.337869486259884,0.999769115486285,"GO:0044000","movement in host"
51,0.0447831941035528,"Up",0.337953040452909,0.999769115486285,"GO:0030968","endoplasmic reticulum unfolded protein response"
57,0.0412848244740537,"Up",0.338426256224424,0.999769115486285,"GO:0008203","cholesterol metabolic process"
25,0.0769743291410273,"Up",0.338661690344844,0.999769115486285,"GO:0015844","monoamine transport"
58,0.0696901411964718,"Down",0.338894191783564,0.999769115486285,"GO:0051963","regulation of synapse assembly"
64,0.0746173444717563,"Down",0.338927943231522,0.999769115486285,"GO:0018107","peptidyl-threonine phosphorylation"
71,0.0537771212261644,"Down",0.339198658678766,0.999769115486285,"GO:0061387","regulation of extent of cell growth"
54,0.0922565758294872,"Down",0.339209486883353,0.999769115486285,"GO:0061014","positive regulation of mRNA catabolic process"
21,0.155115362873959,"Down",0.33939210594854,0.999769115486285,"GO:0045023","G0 to G1 transition"
21,0.155115362873959,"Down",0.33939210594854,0.999769115486285,"GO:0070316","regulation of G0 to G1 transition"
26,0.00651549076712097,"Down",0.33944129790201,0.999769115486285,"GO:0048538","thymus development"
72,0.0502632091464125,"Down",0.339495182873369,0.999769115486285,"GO:0035601","protein deacylation"
104,0.074782922463422,"Up",0.339626834927813,0.999769115486285,"GO:0006839","mitochondrial transport"
16,0.00574818654131975,"Up",0.340203279934994,0.999769115486285,"GO:0035357","peroxisome proliferator activated receptor signaling pathway"
98,0.0205908006223361,"Up",0.34041595526284,0.999769115486285,"GO:0042180","cellular ketone metabolic process"
55,0.138532149567849,"Down",0.340500606209503,0.999769115486285,"GO:1903312","negative regulation of mRNA metabolic process"
155,0.062658210433157,"Down",0.340514491043978,0.999769115486285,"GO:0060828","regulation of canonical Wnt signaling pathway"
205,0.0523338389819119,"Down",0.340582988042311,0.999769115486285,"GO:0016311","dephosphorylation"
57,0.0303423873086646,"Down",0.340657366276687,0.999769115486285,"GO:0001738","morphogenesis of a polarized epithelium"
27,0.0397845359563515,"Down",0.340666610556822,0.999769115486285,"GO:0030517","negative regulation of axon extension"
184,0.0451533911255913,"Down",0.340722696226206,0.999769115486285,"GO:0010720","positive regulation of cell development"
48,0.0486466921112781,"Down",0.340830118105579,0.999769115486285,"GO:0061326","renal tubule development"
19,-0.0129644568988723,"Down",0.341120679963206,0.999769115486285,"GO:2000108","positive regulation of leukocyte apoptotic process"
39,0.0359989289707968,"Down",0.341183785138168,0.999769115486285,"GO:0046323","glucose import"
18,0.0811242045053392,"Up",0.341316699694662,0.999769115486285,"GO:1904994","regulation of leukocyte adhesion to vascular endothelial cell"
202,0.0592889516855774,"Down",0.3416682392479,0.999769115486285,"GO:0030111","regulation of Wnt signaling pathway"
37,0.0639345109123998,"Down",0.341832283122001,0.999769115486285,"GO:0043297","apical junction assembly"
44,0.127182976398694,"Down",0.341919428596461,0.999769115486285,"GO:1902369","negative regulation of RNA catabolic process"
40,0.0532443679529073,"Up",0.34246900182705,0.999769115486285,"GO:0050766","positive regulation of phagocytosis"
18,0.00719922765215089,"Down",0.342712517704596,0.999769115486285,"GO:0061311","cell surface receptor signaling pathway involved in heart development"
28,0.0083177423913764,"Down",0.342897745775599,0.999769115486285,"GO:2001222","regulation of neuron migration"
160,0.0246248098688349,"Up",0.343249533973056,0.999769115486285,"GO:0097529","myeloid leukocyte migration"
101,0.0433262250587553,"Up",0.343657496227147,0.999769115486285,"GO:0032640","tumor necrosis factor production"
101,0.0433262250587553,"Up",0.343657496227147,0.999769115486285,"GO:0032680","regulation of tumor necrosis factor production"
28,0.0179434303138604,"Down",0.343856661910695,0.999769115486285,"GO:0050795","regulation of behavior"
23,0.0257518635304371,"Up",0.344097362481128,0.999769115486285,"GO:1903203","regulation of oxidative stress-induced neuron death"
38,0.0517295515169728,"Up",0.344224477655683,0.999769115486285,"GO:0003073","regulation of systemic arterial blood pressure"
33,0.0399420946679102,"Down",0.344302264982676,0.999769115486285,"GO:0085029","extracellular matrix assembly"
24,0.0308005234291685,"Up",0.344399455121203,0.999769115486285,"GO:0042446","hormone biosynthetic process"
160,0.0214514181352214,"Up",0.344532295266947,0.999769115486285,"GO:0030595","leukocyte chemotaxis"
40,0.0298782690640212,"Down",0.344942186311098,0.999769115486285,"GO:0046626","regulation of insulin receptor signaling pathway"
21,0.0329917259251824,"Down",0.345199761406287,0.999769115486285,"GO:0048841","regulation of axon extension involved in axon guidance"
336,0.0393060664328851,"Down",0.345389327177945,0.999769115486285,"GO:0099536","synaptic signaling"
22,0.0953939597623878,"Down",0.34613093486255,0.999769115486285,"GO:0035335","peptidyl-tyrosine dephosphorylation"
32,0.158641797980075,"Up",0.346380555402609,0.999769115486285,"GO:0090148","membrane fission"
69,0.0666186554009403,"Down",0.347308872642369,0.999769115486285,"GO:0018210","peptidyl-threonine modification"
85,0.0642611378049051,"Down",0.347552316541884,0.999769115486285,"GO:0048813","dendrite morphogenesis"
99,0.048892529160825,"Down",0.34758169858383,0.999769115486285,"GO:0030178","negative regulation of Wnt signaling pathway"
35,0.0707473116211921,"Down",0.347587280971384,0.999769115486285,"GO:0034243","regulation of transcription elongation by RNA polymerase II"
42,0.0643584446059447,"Down",0.347757419215591,0.999769115486285,"GO:0046824","positive regulation of nucleocytoplasmic transport"
29,0.0310445893968486,"Up",0.347909596156558,0.999769115486285,"GO:1903409","reactive oxygen species biosynthetic process"
74,0.135594901169579,"Down",0.348663977684037,0.999769115486285,"GO:0048024","regulation of mRNA splicing, via spliceosome"
125,0.0684848594355902,"Down",0.348674375304126,0.999769115486285,"GO:0043588","skin development"
27,0.08893197461631,"Down",0.348739592896961,0.999769115486285,"GO:0031111","negative regulation of microtubule polymerization or depolymerization"
114,0.0742931029637296,"Down",0.34886635187378,0.999769115486285,"GO:0006473","protein acetylation"
77,0.0323375627548747,"Up",0.349011006067354,0.999769115486285,"GO:1901605","alpha-amino acid metabolic process"
23,0.136805333326299,"Down",0.349178661175281,0.999769115486285,"GO:0006378","mRNA polyadenylation"
21,-0.0263422594871355,"Up",0.349254792824175,0.999769115486285,"GO:0016486","peptide hormone processing"
22,0.146867397376428,"Up",0.349406470130994,0.999769115486285,"GO:0090151","establishment of protein localization to mitochondrial membrane"
40,0.0762642223373834,"Down",0.349503336331513,0.999769115486285,"GO:0042306","regulation of protein import into nucleus"
15,-0.0274325612249736,"Up",0.349600778164341,0.999769115486285,"GO:0032369","negative regulation of lipid transport"
28,0.0278562147427465,"Up",0.349754855322591,0.999769115486285,"GO:2000378","negative regulation of reactive oxygen species metabolic process"
37,0.0185859020749352,"Down",0.350690558344396,0.999769115486285,"GO:0003179","heart valve morphogenesis"
35,0.0581465451558194,"Up",0.351142362015857,0.999769115486285,"GO:0035914","skeletal muscle cell differentiation"
43,0.0291008814843211,"Up",0.351221490461937,0.999769115486285,"GO:0009123","nucleoside monophosphate metabolic process"
16,0.0712771400262492,"Down",0.351330439706591,0.999769115486285,"GO:0030318","melanocyte differentiation"
24,0.133116229522223,"Down",0.351859552507092,0.999769115486285,"GO:0043631","RNA polyadenylation"
38,0.0370270689029721,"Down",0.351975180658499,0.999769115486285,"GO:0008306","associative learning"
33,0.0629981481500592,"Down",0.352400936799249,0.999769115486285,"GO:0045132","meiotic chromosome segregation"
20,0.073440607852466,"Down",0.352761193488603,0.999769115486285,"GO:0014904","myotube cell development"
322,0.0385262603679553,"Down",0.352883994020907,0.999769115486285,"GO:0099537","trans-synaptic signaling"
52,0.151366634103893,"Up",0.353325914813497,0.999769115486285,"GO:0006399","tRNA metabolic process"
78,0.0606800935924266,"Down",0.353553875645005,0.999769115486285,"GO:0000086","G2/M transition of mitotic cell cycle"
17,0.07645062504214,"Up",0.353728959820084,0.999769115486285,"GO:1901658","glycosyl compound catabolic process"
21,0.0577701590142565,"Up",0.354440782768891,0.999769115486285,"GO:0090322","regulation of superoxide metabolic process"
76,0.0657522312980733,"Down",0.354594656488042,0.999769115486285,"GO:0031047","gene silencing by RNA"
76,0.0609116135063401,"Up",0.355219114910895,0.999769115486285,"GO:0016064","immunoglobulin mediated immune response"
76,0.0609116135063401,"Up",0.355219114910895,0.999769115486285,"GO:0019724","B cell mediated immunity"
256,0.0591189450818349,"Down",0.355511362442475,0.999769115486285,"GO:0198738","cell-cell signaling by wnt"
104,0.0375339775873581,"Down",0.355574922210477,0.999769115486285,"GO:0051017","actin filament bundle assembly"
21,0.0752866823700604,"Up",0.355647014224713,0.999769115486285,"GO:0042026","protein refolding"
94,0.0928645779202025,"Down",0.355713334094704,0.999769115486285,"GO:0071824","protein-DNA complex subunit organization"
35,0.038208356040836,"Down",0.355863013486411,0.999769115486285,"GO:0033555","multicellular organismal response to stress"
43,0.0253000907539615,"Up",0.356007145374645,0.999769115486285,"GO:0009166","nucleotide catabolic process"
82,0.0446191893168503,"Down",0.356064798528362,0.999769115486285,"GO:0048754","branching morphogenesis of an epithelial tube"
62,0.0452476185781048,"Up",0.356141884679433,0.999769115486285,"GO:0071331","cellular response to hexose stimulus"
102,0.0806276405719004,"Down",0.356642685027872,0.999769115486285,"GO:0051170","import into nucleus"
83,0.0281217577168893,"Down",0.356650838722861,0.999769115486285,"GO:0045667","regulation of osteoblast differentiation"
72,0.105287139077712,"Down",0.357099132404205,0.999769115486285,"GO:1903313","positive regulation of mRNA metabolic process"
22,0.0140663938524543,"Down",0.358542668331844,0.999769115486285,"GO:0014888","striated muscle adaptation"
20,-0.00365705063625818,"Down",0.3587508358927,0.999769115486285,"GO:0003180","aortic valve morphogenesis"
25,-0.0324380589899034,"Down",0.35884824511956,0.999769115486285,"GO:0046164","alcohol catabolic process"
19,0.00699675340868084,"Down",0.358860287201482,0.999769115486285,"GO:0030204","chondroitin sulfate metabolic process"
255,0.060127498127195,"Down",0.359211425807586,0.999769115486285,"GO:0016055","Wnt signaling pathway"
16,0.0787517842647494,"Up",0.359398971528378,0.999769115486285,"GO:0010759","positive regulation of macrophage chemotaxis"
260,0.0465410327058668,"Up",0.35960045822121,0.999769115486285,"GO:0044283","small molecule biosynthetic process"
43,0.126018425939178,"Down",0.359614360251385,0.999769115486285,"GO:1903051","negative regulation of proteolysis involved in protein catabolic process"
33,0.0446286785596098,"Up",0.36038108892614,0.999769115486285,"GO:0019362","pyridine nucleotide metabolic process"
33,0.0446286785596098,"Up",0.36038108892614,0.999769115486285,"GO:0046496","nicotinamide nucleotide metabolic process"
119,0.0300409973387658,"Down",0.36073091112612,0.999769115486285,"GO:0043405","regulation of MAP kinase activity"
110,0.0818180109822686,"Down",0.360757758140186,0.999769115486285,"GO:0017148","negative regulation of translation"
19,0.1352535029385,"Up",0.361229621924905,0.999769115486285,"GO:0051204","protein insertion into mitochondrial membrane"
36,0.0562409213452506,"Up",0.361309617866291,0.999769115486285,"GO:0060612","adipose tissue development"
21,-0.0139616387951679,"Down",0.36234573438298,0.999769115486285,"GO:0030947","regulation of vascular endothelial growth factor receptor signaling pathway"
21,0.107905954441671,"Down",0.362447674805928,0.999769115486285,"GO:0034063","stress granule assembly"
15,0.063684932975867,"Up",0.363392854190012,0.999769115486285,"GO:0072574","hepatocyte proliferation"
15,0.063684932975867,"Up",0.363392854190012,0.999769115486285,"GO:0072575","epithelial cell proliferation involved in liver morphogenesis"
116,0.0338980671407397,"Down",0.363929469845747,0.999769115486285,"GO:0090596","sensory organ morphogenesis"
18,0.028001313293194,"Up",0.364080202552438,0.999769115486285,"GO:1902930","regulation of alcohol biosynthetic process"
22,0.00595257621313896,"Down",0.364255819226525,0.999769115486285,"GO:0002691","regulation of cellular extravasation"
52,0.111371471979931,"Down",0.36425612712568,0.999769115486285,"GO:0031058","positive regulation of histone modification"
39,0.00958354723023879,"Up",0.364409873051208,0.999769115486285,"GO:0048644","muscle organ morphogenesis"
17,0.115553751509439,"Down",0.364648492857097,0.999769115486285,"GO:0039529","RIG-I signaling pathway"
193,0.0454351948531414,"Down",0.364710233206911,0.999769115486285,"GO:0030900","forebrain development"
23,0.0423203680727722,"Down",0.364721852400197,0.999769115486285,"GO:0071715","icosanoid transport"
44,0.0807472149304153,"Up",0.364769165619291,0.999769115486285,"GO:0048524","positive regulation of viral process"
32,0.0839496613140748,"Down",0.365232216729514,0.999769115486285,"GO:0031122","cytoplasmic microtubule organization"
24,0.0176479223602187,"Up",0.365932129382672,0.999769115486285,"GO:0018198","peptidyl-cysteine modification"
106,0.0951038646831057,"Up",0.36593536636814,0.999769115486285,"GO:0016241","regulation of macroautophagy"
22,0.0701762819607813,"Down",0.366228539248452,0.999769115486285,"GO:1902692","regulation of neuroblast proliferation"
15,0.179134204713746,"Up",0.366290342467239,0.999769115486285,"GO:1903975","regulation of glial cell migration"
68,0.0260737847373625,"Down",0.366595413154967,0.999769115486285,"GO:0120034","positive regulation of plasma membrane bounded cell projection assembly"
387,0.0438914993953228,"Down",0.366667973229923,0.999769115486285,"GO:0031344","regulation of cell projection organization"
259,0.0651572078244989,"Up",0.367118520798774,0.999769115486285,"GO:0006163","purine nucleotide metabolic process"
18,0.0767342712553929,"Down",0.367187709358258,0.999769115486285,"GO:0043276","anoikis"
81,0.0309619761103687,"Down",0.367201834132894,0.999769115486285,"GO:0031532","actin cytoskeleton reorganization"
17,0.0482916508609816,"Up",0.367206790588514,0.999769115486285,"GO:0035886","vascular associated smooth muscle cell differentiation"
25,0.030671503227575,"Up",0.367283453300713,0.999769115486285,"GO:0050999","regulation of nitric-oxide synthase activity"
20,0.0273291715284363,"Down",0.367347036855899,0.999769115486285,"GO:0001945","lymph vessel development"
17,0.030773541554303,"Up",0.367560348227926,0.999769115486285,"GO:0002446","neutrophil mediated immunity"
324,0.0621843514136071,"Down",0.367736381112618,0.999769115486285,"GO:0048667","cell morphogenesis involved in neuron differentiation"
18,0.0554791333919432,"Down",0.367738806946389,0.999769115486285,"GO:0060674","placenta blood vessel development"
36,0.0650107341454766,"Down",0.368501721464139,0.999769115486285,"GO:0060997","dendritic spine morphogenesis"
15,-0.0242494544357988,"Down",0.368550864344121,0.999769115486285,"GO:1905144","response to acetylcholine"
16,0.0343322128290117,"Up",0.368661826334562,0.999769115486285,"GO:0006491","N-glycan processing"
130,0.0630033592275283,"Down",0.368695572076569,0.999769115486285,"GO:0006260","DNA replication"
41,0.0201226511278462,"Down",0.368975163031005,0.999769115486285,"GO:0031102","neuron projection regeneration"
371,0.0596047408559634,"Down",0.369038558885698,0.999769115486285,"GO:0120039","plasma membrane bounded cell projection morphogenesis"
270,0.0638916372657269,"Up",0.369096730180431,0.999769115486285,"GO:0072521","purine-containing compound metabolic process"
15,0.0516664744375972,"Up",0.369178463316455,0.999769115486285,"GO:1901673","regulation of mitotic spindle assembly"
112,0.0545830732484279,"Down",0.369426422780733,0.999769115486285,"GO:0008361","regulation of cell size"
126,0.0564235211521904,"Up",0.3697861371257,0.999769115486285,"GO:0051701","biological process involved in interaction with host"
21,0.0704887852940869,"Down",0.370217438308698,0.999769115486285,"GO:0070229","negative regulation of lymphocyte apoptotic process"
45,0.0712203248319101,"Up",0.370579492977259,0.999769115486285,"GO:0090559","regulation of membrane permeability"
382,0.0438361325882856,"Down",0.370700129415537,0.999769115486285,"GO:0120035","regulation of plasma membrane bounded cell projection organization"
103,0.0432105762050238,"Up",0.371743850992905,0.999769115486285,"GO:0071706","tumor necrosis factor superfamily cytokine production"
103,0.0432105762050238,"Up",0.371743850992905,0.999769115486285,"GO:1903555","regulation of tumor necrosis factor superfamily cytokine production"
18,0.0730780882560677,"Down",0.372130173382982,0.999769115486285,"GO:1901570","fatty acid derivative biosynthetic process"
17,0.0682867411771015,"Down",0.372251858106885,0.999769115486285,"GO:0039531","regulation of viral-induced cytoplasmic pattern recognition receptor signaling pathway"
70,0.0341949566002992,"Up",0.372263566933726,0.999769115486285,"GO:0051928","positive regulation of calcium ion transport"
85,0.0567868481289164,"Down",0.372335170842828,0.999769115486285,"GO:0044839","cell cycle G2/M phase transition"
49,0.0390794112514028,"Down",0.372407406676205,0.999769115486285,"GO:0022037","metencephalon development"
135,0.0469083589791605,"Up",0.372764155252637,0.999769115486285,"GO:0045732","positive regulation of protein catabolic process"
20,0.0346205722152495,"Up",0.372836890744718,0.999769115486285,"GO:1900101","regulation of endoplasmic reticulum unfolded protein response"
197,0.0772302474163357,"Down",0.3728997610654,0.999769115486285,"GO:0006913","nucleocytoplasmic transport"
197,0.0772302474163357,"Down",0.3728997610654,0.999769115486285,"GO:0051169","nuclear transport"
113,0.072577649115235,"Down",0.373536856702082,0.999769115486285,"GO:0007623","circadian rhythm"
46,0.0228686238445544,"Down",0.374065024155545,0.999769115486285,"GO:0033077","T cell differentiation in thymus"
18,0.0304539406415294,"Down",0.375191245951115,0.999769115486285,"GO:0039694","viral RNA genome replication"
133,0.0419823712151545,"Up",0.375268602314281,0.999769115486285,"GO:0071219","cellular response to molecule of bacterial origin"
27,0.0692864446818174,"Down",0.375309988213452,0.999769115486285,"GO:0007019","microtubule depolymerization"
55,0.0536854403672808,"Down",0.375555627977201,0.999769115486285,"GO:0051893","regulation of focal adhesion assembly"
55,0.0536854403672808,"Down",0.375555627977201,0.999769115486285,"GO:0090109","regulation of cell-substrate junction assembly"
191,0.0445955391446623,"Up",0.375946470700084,0.999769115486285,"GO:1901214","regulation of neuron death"
129,0.0180643086434586,"Up",0.376035545052492,0.999769115486285,"GO:0008202","steroid metabolic process"
87,0.0446693393239078,"Down",0.376115925412404,0.999769115486285,"GO:0072006","nephron development"
251,0.0680978629292619,"Up",0.376436759341051,0.999769115486285,"GO:0009150","purine ribonucleotide metabolic process"
374,0.0585563153891002,"Down",0.376447202962239,0.999769115486285,"GO:0048858","cell projection morphogenesis"
136,0.388008719532149,"Down",0.376703774372815,0.999769115486285,"GO:0002181","cytoplasmic translation"
29,0.0269351565703407,"Down",0.377205061376989,0.999769115486285,"GO:0097479","synaptic vesicle localization"
30,0.0834489232455466,"Down",0.377232026319867,0.999769115486285,"GO:0071526","semaphorin-plexin signaling pathway"
25,0.107993175222452,"Down",0.377237807915926,0.999769115486285,"GO:0033144","negative regulation of intracellular steroid hormone receptor signaling pathway"
97,0.0279741401160701,"Up",0.377487755595471,0.999769115486285,"GO:0048771","tissue remodeling"
53,0.0949703260339129,"Down",0.378104787186491,0.999769115486285,"GO:0061157","mRNA destabilization"
85,0.0385162917442536,"Down",0.378443230718503,0.999769115486285,"GO:0010977","negative regulation of neuron projection development"
71,0.0639723690479537,"Down",0.378943453120321,0.999769115486285,"GO:0006261","DNA-templated DNA replication"
28,0.131081985410037,"Up",0.379103187604506,0.999769115486285,"GO:0006458","'de novo' protein folding"
96,0.0465686855631786,"Up",0.379284129921094,0.999769115486285,"GO:0034284","response to monosaccharide"
38,0.0499425450457489,"Down",0.379345323873577,0.999769115486285,"GO:0016445","somatic diversification of immunoglobulins"
37,0.107172653024123,"Up",0.379477722477048,0.999769115486285,"GO:0006911","phagocytosis, engulfment"
47,0.0238968340863707,"Up",0.379594806032138,0.999769115486285,"GO:0006766","vitamin metabolic process"
17,0.157994569948882,"Down",0.379645855285517,0.999769115486285,"GO:0001783","B cell apoptotic process"
207,0.0229524009983801,"Up",0.379690239695598,0.999769115486285,"GO:0060326","cell chemotaxis"
39,0.0184084300206582,"Up",0.379889921462212,0.999769115486285,"GO:0006487","protein N-linked glycosylation"
52,0.101583321508564,"Down",0.380274607602842,0.999769115486285,"GO:0032392","DNA geometric change"
30,0.00757523426046877,"Down",0.380350701425927,0.999769115486285,"GO:0032330","regulation of chondrocyte differentiation"
91,0.0617936580239573,"Up",0.380943794836869,0.999769115486285,"GO:0006986","response to unfolded protein"
102,0.0912692149454937,"Down",0.381111218046854,0.999769115486285,"GO:0019827","stem cell population maintenance"
23,0.0194760899740945,"Down",0.381172651243161,0.999769115486285,"GO:0021695","cerebellar cortex development"
99,0.0869519494513522,"Down",0.381429072850232,0.999769115486285,"GO:0006606","protein import into nucleus"
17,0.0266893772194833,"Down",0.381459971596251,0.999769115486285,"GO:0036119","response to platelet-derived growth factor"
38,0.0842703669148672,"Up",0.381597608390994,0.999769115486285,"GO:0002763","positive regulation of myeloid leukocyte differentiation"
33,0.0945541678656972,"Up",0.382017094313324,0.999769115486285,"GO:0021762","substantia nigra development"
32,0.081114742192108,"Up",0.382025433930165,0.999769115486285,"GO:0008631","intrinsic apoptotic signaling pathway in response to oxidative stress"
21,0.0193855978559951,"Up",0.382273626000729,0.999769115486285,"GO:1903725","regulation of phospholipid metabolic process"
55,0.0260958605515075,"Down",0.382487132728115,0.999769115486285,"GO:1904659","glucose transmembrane transport"
203,0.0959192403026285,"Up",0.382506229598607,0.999769115486285,"GO:0016236","macroautophagy"
56,0.0249064269501463,"Down",0.382744550188705,0.999769115486285,"GO:0008645","hexose transmembrane transport"
99,0.0484030885601689,"Up",0.383378105940058,0.999769115486285,"GO:0044409","entry into host"
16,0.0802784331804064,"Down",0.383440610920011,0.999769115486285,"GO:0062237","protein localization to postsynapse"
16,0.0802784331804064,"Down",0.383440610920011,0.999769115486285,"GO:1903539","protein localization to postsynaptic membrane"
23,0.0714744465127838,"Up",0.383572536600042,0.999769115486285,"GO:1905476","negative regulation of protein localization to membrane"
110,0.0604310160268184,"Down",0.383643139275898,0.999769115486285,"GO:2000045","regulation of G1/S transition of mitotic cell cycle"
24,0.00427871692474489,"Down",0.384003808465175,0.999769115486285,"GO:0021955","central nervous system neuron axonogenesis"
261,0.0291258664120781,"Down",0.384112456341792,0.999769115486285,"GO:0007423","sensory organ development"
29,0.0175649346618403,"Down",0.385766355669698,0.999769115486285,"GO:0042733","embryonic digit morphogenesis"
15,0.00794476946080598,"Down",0.386063605753921,0.999769115486285,"GO:0035162","embryonic hemopoiesis"
22,0.083653053710734,"Down",0.386213799249335,0.999769115486285,"GO:0006929","substrate-dependent cell migration"
41,0.0133714002707013,"Up",0.386722476490905,0.999769115486285,"GO:0050886","endocrine process"
41,0.038130703489678,"Down",0.38690255111783,0.999769115486285,"GO:0006493","protein O-linked glycosylation"
18,-0.0188607455868453,"Down",0.387587721278398,0.999769115486285,"GO:0010830","regulation of myotube differentiation"
94,0.0731549398743415,"Down",0.387626493769988,0.999769115486285,"GO:0050657","nucleic acid transport"
94,0.0731549398743415,"Down",0.387626493769988,0.999769115486285,"GO:0050658","RNA transport"
49,0.0251060257252939,"Up",0.387804279924059,0.999769115486285,"GO:0003014","renal system process"
102,0.0336781842414962,"Down",0.388049965542834,0.999769115486285,"GO:0061138","morphogenesis of a branching epithelium"
47,0.047583103948871,"Down",0.388242561582307,0.999769115486285,"GO:0045638","negative regulation of myeloid cell differentiation"
97,0.0335795784155898,"Down",0.388300867179075,0.999769115486285,"GO:0001764","neuron migration"
37,0.0732300160351343,"Down",0.388322237014289,0.999769115486285,"GO:0043966","histone H3 acetylation"
72,0.0493102676744324,"Down",0.389116571446785,0.999769115486285,"GO:0045582","positive regulation of T cell differentiation"
38,0.0904837585974705,"Down",0.389139279574016,0.999769115486285,"GO:0007062","sister chromatid cohesion"
302,0.0527387044238538,"Down",0.389189687302784,0.999769115486285,"GO:0044770","cell cycle phase transition"
94,0.0484355985274389,"Up",0.390114315305193,0.999769115486285,"GO:0046718","viral entry into host cell"
73,0.0523156785720518,"Down",0.390624445087455,0.999769115486285,"GO:0098732","macromolecule deacylation"
18,0.0403097188178737,"Down",0.390784785170516,0.999769115486285,"GO:0050901","leukocyte tethering or rolling"
96,0.108173029333579,"Down",0.390819755197937,0.999769115486285,"GO:0061013","regulation of mRNA catabolic process"
63,0.0708326661800807,"Up",0.390830970712249,0.999769115486285,"GO:0006626","protein targeting to mitochondrion"
16,0.0155633469083782,"Up",0.391347893687218,0.999769115486285,"GO:0019430","removal of superoxide radicals"
20,0.0136063903995119,"Down",0.391992845151688,0.999769115486285,"GO:0031579","membrane raft organization"
22,0.0111015586847219,"Up",0.392347637423585,0.999769115486285,"GO:1903580","positive regulation of ATP metabolic process"
36,0.0524639962507606,"Down",0.392478985591094,0.999769115486285,"GO:0070918","small regulatory ncRNA processing"
39,0.04710542856887,"Down",0.392805735740728,0.999769115486285,"GO:0071384","cellular response to corticosteroid stimulus"
262,0.0567030181084172,"Down",0.39290920320842,0.999769115486285,"GO:0044772","mitotic cell cycle phase transition"
15,0.117119894706683,"Down",0.392929126470773,0.999769115486285,"GO:1902455","negative regulation of stem cell population maintenance"
56,0.032694766154984,"Down",0.393007073887272,0.999769115486285,"GO:0009791","post-embryonic development"
23,0.0653261288885771,"Up",0.393438991617475,0.999769115486285,"GO:0034405","response to fluid shear stress"
38,0.0584423602868288,"Down",0.393444448281897,0.999769115486285,"GO:0099518","vesicle cytoskeletal trafficking"
48,0.0591384678530124,"Down",0.393940247581771,0.999769115486285,"GO:0043255","regulation of carbohydrate biosynthetic process"
40,0.0906065711059342,"Down",0.393943295627184,0.999769115486285,"GO:0000288","nuclear-transcribed mRNA catabolic process, deadenylation-dependent decay"
427,0.0585970375361722,"Down",0.394175520829369,0.999769115486285,"GO:0000904","cell morphogenesis involved in differentiation"
36,0.0450762004155452,"Down",0.394261278465386,0.999769115486285,"GO:0071385","cellular response to glucocorticoid stimulus"
43,0.0297970894396623,"Up",0.394481451335618,0.999769115486285,"GO:0032729","positive regulation of interferon-gamma production"
38,0.0347273226701601,"Down",0.39453006203872,0.999769115486285,"GO:0035282","segmentation"
35,0.0588433966929242,"Down",0.394829444073745,0.999769115486285,"GO:0120192","tight junction assembly"
97,0.10381977587198,"Down",0.395598517221056,0.999769115486285,"GO:0043487","regulation of RNA stability"
74,0.0576567527598491,"Down",0.39596376436037,0.999769115486285,"GO:0031109","microtubule polymerization or depolymerization"
132,0.0686574225535033,"Down",0.39615069749361,0.999769115486285,"GO:0043543","protein acylation"
89,0.0485783448827952,"Down",0.396275826924028,0.999769115486285,"GO:0001952","regulation of cell-matrix adhesion"
19,0.0247294051291087,"Up",0.396464641365884,0.999769115486285,"GO:0035082","axoneme assembly"
33,0.0328939145024948,"Down",0.397027606846805,0.999769115486285,"GO:0051293","establishment of spindle localization"
97,0.0710143358788129,"Down",0.397128398759071,0.999769115486285,"GO:0051236","establishment of RNA localization"
17,0.0972732250178285,"Up",0.397576585666576,0.999769115486285,"GO:0008053","mitochondrial fusion"
69,0.0611116188893897,"Down",0.397666333529625,0.999769115486285,"GO:0010769","regulation of cell morphogenesis involved in differentiation"
19,-0.00345441680721426,"Up",0.397764869602322,0.999769115486285,"GO:0015695","organic cation transport"
438,0.0563353401261612,"Down",0.397947907032764,0.999769115486285,"GO:0032989","cellular component morphogenesis"
22,0.0353179436688451,"Down",0.398166521478932,0.999769115486285,"GO:0007606","sensory perception of chemical stimulus"
28,0.0163944834577111,"Down",0.398288526278272,0.999769115486285,"GO:0010712","regulation of collagen metabolic process"
20,0.0806447032330766,"Down",0.39886538596972,0.999769115486285,"GO:0010737","protein kinase A signaling"
52,0.0260024898050587,"Down",0.399108244026071,0.999769115486285,"GO:0006023","aminoglycan biosynthetic process"
24,0.0851837895508013,"Down",0.399182519783374,0.999769115486285,"GO:0047496","vesicle transport along microtubule"
89,0.10791917337367,"Down",0.399559902624762,0.999769115486285,"GO:0043488","regulation of mRNA stability"
27,0.0344221192823687,"Down",0.399817347299096,0.999769115486285,"GO:0051055","negative regulation of lipid biosynthetic process"
16,0.0444647031579994,"Down",0.399895085509629,0.999769115486285,"GO:0034114","regulation of heterotypic cell-cell adhesion"
19,0.0150101403049177,"Up",0.40020795033475,0.999769115486285,"GO:0048710","regulation of astrocyte differentiation"
16,0.0749532373642744,"Up",0.40028569769328,0.999769115486285,"GO:0034138","toll-like receptor 3 signaling pathway"
26,0.0192573357342704,"Up",0.400527561146842,0.999769115486285,"GO:2001258","negative regulation of cation channel activity"
119,0.114464382566963,"Down",0.401104220117257,0.999769115486285,"GO:0043484","regulation of RNA splicing"
15,-0.0138152878293472,"Down",0.401549757613818,0.999769115486285,"GO:0001975","response to amphetamine"
20,0.0283128104472737,"Down",0.40156756538645,0.999769115486285,"GO:0032232","negative regulation of actin filament bundle assembly"
35,0.0713578352367699,"Down",0.401621555887863,0.999769115486285,"GO:0022029","telencephalon cell migration"
15,0.0552908296908057,"Up",0.401930868442733,0.999769115486285,"GO:0046475","glycerophospholipid catabolic process"
79,0.0530605427097574,"Up",0.402336813611885,0.999769115486285,"GO:0035967","cellular response to topologically incorrect protein"
90,0.0177062406948324,"Up",0.402653316502863,0.999769115486285,"GO:0006959","humoral immune response"
34,0.0980550678972063,"Up",0.402773729330334,0.999769115486285,"GO:0010803","regulation of tumor necrosis factor-mediated signaling pathway"
21,0.107796433130436,"Down",0.403167130317789,0.999769115486285,"GO:0045005","DNA-templated DNA replication maintenance of fidelity"
18,0.0422047470158689,"Down",0.403462029446667,0.999769115486285,"GO:0060416","response to growth hormone"
77,0.035777779903683,"Down",0.403473093790575,0.999769115486285,"GO:0051147","regulation of muscle cell differentiation"
70,0.0451793043197114,"Down",0.403543750067189,0.999769115486285,"GO:0032231","regulation of actin filament bundle assembly"
64,0.00490065459882562,"Up",0.403690729406062,0.999769115486285,"GO:0071466","cellular response to xenobiotic stimulus"
43,0.0105096674460957,"Up",0.40383568962102,0.999769115486285,"GO:0019217","regulation of fatty acid metabolic process"
44,0.0717410255607993,"Down",0.40423391167505,0.999769115486285,"GO:0044728","DNA methylation or demethylation"
108,0.0700344066826388,"Down",0.404989144228893,0.999769115486285,"GO:0050851","antigen receptor-mediated signaling pathway"
37,0.0127339972217901,"Down",0.405042536439068,0.999769115486285,"GO:0050732","negative regulation of peptidyl-tyrosine phosphorylation"
25,0.0250687764505672,"Down",0.405283171636019,0.999769115486285,"GO:0044319","wound healing, spreading of cells"
25,0.0250687764505672,"Down",0.405283171636019,0.999769115486285,"GO:0090504","epiboly"
25,0.0250687764505672,"Down",0.405283171636019,0.999769115486285,"GO:0090505","epiboly involved in wound healing"
17,0.0133103958310109,"Down",0.405321376618135,0.999769115486285,"GO:0006688","glycosphingolipid biosynthetic process"
35,0.0316323213866816,"Up",0.405323969511744,0.999769115486285,"GO:0046513","ceramide biosynthetic process"
58,0.0551502395966057,"Down",0.405402228402087,0.999769115486285,"GO:0060996","dendritic spine development"
456,0.0567737702631439,"Down",0.405556786067785,0.999769115486285,"GO:0000122","negative regulation of transcription by RNA polymerase II"
20,0.0384782480379321,"Up",0.405631664046451,0.999769115486285,"GO:0090207","regulation of triglyceride metabolic process"
21,0.0774928501729212,"Down",0.40579086697484,0.999769115486285,"GO:0006301","postreplication repair"
50,0.0121653208458286,"Down",0.406285677219076,0.999769115486285,"GO:1903035","negative regulation of response to wounding"
58,0.0484204867886182,"Down",0.406430198333436,0.999769115486285,"GO:0007156","homophilic cell adhesion via plasma membrane adhesion molecules"
121,0.0793056230139211,"Down",0.406600355188632,0.999769115486285,"GO:2000113","negative regulation of cellular macromolecule biosynthetic process"
31,0.0661416868087839,"Down",0.406726092865022,0.999769115486285,"GO:0035418","protein localization to synapse"
30,0.119495988943601,"Down",0.407039171791756,0.999769115486285,"GO:0051568","histone H3-K4 methylation"
117,0.0459461295498258,"Down",0.407237859281532,0.999769115486285,"GO:0045216","cell-cell junction organization"
53,0.0803219523018022,"Down",0.407749506431466,0.999769115486285,"GO:0010770","positive regulation of cell morphogenesis involved in differentiation"
19,0.122112923976993,"Down",0.407940680349423,0.999769115486285,"GO:0035872","nucleotide-binding domain, leucine rich repeat containing receptor signaling pathway"
19,0.122112923976993,"Down",0.407940680349423,0.999769115486285,"GO:0070423","nucleotide-binding oligomerization domain containing signaling pathway"
15,0.0496941773452718,"Down",0.407949826793339,0.999769115486285,"GO:0032941","secretion by tissue"
16,0.141317706564774,"Up",0.408075895105553,0.999769115486285,"GO:0048207","vesicle targeting, rough ER to cis-Golgi"
16,0.141317706564774,"Up",0.408075895105553,0.999769115486285,"GO:0048208","COPII vesicle coating"
23,0.0463328645244152,"Down",0.408308468490511,0.999769115486285,"GO:0048753","pigment granule organization"
52,0.0582763556928309,"Up",0.408356615553792,0.999769115486285,"GO:0014909","smooth muscle cell migration"
48,0.0602389264156211,"Down",0.408887474701839,0.999769115486285,"GO:0042303","molting cycle"
48,0.0602389264156211,"Down",0.408887474701839,0.999769115486285,"GO:0042633","hair cycle"
36,0.0526514405494584,"Down",0.408944325052501,0.999769115486285,"GO:0043954","cellular component maintenance"
31,0.0332221065910599,"Down",0.410067097575017,0.999769115486285,"GO:0050919","negative chemotaxis"
43,0.0839471067878365,"Down",0.410708471729993,0.999769115486285,"GO:2001021","negative regulation of response to DNA damage stimulus"
54,0.03454684717243,"Up",0.411567609877327,0.999769115486285,"GO:0009308","amine metabolic process"
195,0.0339993167446517,"Up",0.411583612361091,0.999769115486285,"GO:0009410","response to xenobiotic stimulus"
20,0.169390503491555,"Up",0.412316256265943,0.999769115486285,"GO:0016073","snRNA metabolic process"
93,0.0804255763566648,"Down",0.412342510328427,0.999769115486285,"GO:0070507","regulation of microtubule cytoskeleton organization"
61,0.0457370162959515,"Up",0.412606323038533,0.999769115486285,"GO:0071333","cellular response to glucose stimulus"
105,0.0880286437660669,"Down",0.4126155802832,0.999769115486285,"GO:0098727","maintenance of cell number"
265,0.06609663808279,"Up",0.412697737347347,0.999769115486285,"GO:0019693","ribose phosphate metabolic process"
45,0.0699225038073354,"Up",0.412836982312474,0.999769115486285,"GO:0014910","regulation of smooth muscle cell migration"
121,0.0587360100730566,"Down",0.413149941383817,0.999769115486285,"GO:1902806","regulation of cell cycle G1/S phase transition"
35,0.0153016089856226,"Up",0.414487398083968,0.999769115486285,"GO:0031638","zymogen activation"
26,0.0226737219661874,"Up",0.414976785923951,0.999769115486285,"GO:0060251","regulation of glial cell proliferation"
35,0.107418792374043,"Up",0.415330712413287,0.999769115486285,"GO:2001259","positive regulation of cation channel activity"
24,0.0457439263405524,"Up",0.415577107823008,0.999769115486285,"GO:0002861","regulation of inflammatory response to antigenic stimulus"
22,0.0942745961070289,"Down",0.415743671951345,0.999769115486285,"GO:0039528","cytoplasmic pattern recognition receptor signaling pathway in response to virus"
88,0.0525450868095469,"Up",0.415848586318365,0.999769115486285,"GO:0032635","interleukin-6 production"
88,0.0525450868095469,"Up",0.415848586318365,0.999769115486285,"GO:0032675","regulation of interleukin-6 production"
47,0.0420936386602783,"Up",0.416004376195896,0.999769115486285,"GO:0003151","outflow tract morphogenesis"
101,0.0455224814706973,"Down",0.416105909918975,0.999769115486285,"GO:0099173","postsynapse organization"
17,0.045484970568921,"Up",0.4161431592765,0.999769115486285,"GO:0006925","inflammatory cell apoptotic process"
26,0.0959664234421173,"Up",0.416292163722436,0.999769115486285,"GO:1903146","regulation of autophagy of mitochondrion"
135,0.0729242228528239,"Down",0.41640453693221,0.999769115486285,"GO:0006310","DNA recombination"
60,0.050831602248401,"Down",0.416653597747349,0.999769115486285,"GO:0150116","regulation of cell-substrate junction organization"
38,0.0937910952984735,"Up",0.416818709054119,0.999769115486285,"GO:0008333","endosome to lysosome transport"
16,0.0607529347208074,"Down",0.41705562861512,0.999769115486285,"GO:0070886","positive regulation of calcineurin-NFAT signaling cascade"
16,0.0607529347208074,"Down",0.41705562861512,0.999769115486285,"GO:0106058","positive regulation of calcineurin-mediated signaling"
83,0.0490233527923519,"Down",0.417288455675211,0.999769115486285,"GO:0072073","kidney epithelium development"
19,0.0733389833337337,"Down",0.417519292971234,0.999769115486285,"GO:0035176","social behavior"
19,0.0733389833337337,"Down",0.417519292971234,0.999769115486285,"GO:0051703","biological process involved in intraspecies interaction between organisms"
26,-0.0113128489452205,"Down",0.417551383251933,0.999769115486285,"GO:0030857","negative regulation of epithelial cell differentiation"
107,0.024288397604205,"Up",0.417907111891839,0.999769115486285,"GO:0071248","cellular response to metal ion"
46,0.0337489998833709,"Down",0.418951618781314,0.999769115486285,"GO:0046637","regulation of alpha-beta T cell differentiation"
28,0.170369075423642,"Up",0.419365913153419,0.999769115486285,"GO:0043620","regulation of DNA-templated transcription in response to stress"
40,0.0389680210857759,"Down",0.420329614813517,0.999769115486285,"GO:0050771","negative regulation of axonogenesis"
24,0.00252806245889353,"Up",0.42036768556642,0.999769115486285,"GO:0009620","response to fungus"
284,0.0788442146916844,"Down",0.420498597705705,0.999769115486285,"GO:0051052","regulation of DNA metabolic process"
17,-0.00309528603823184,"Down",0.42055983977141,0.999769115486285,"GO:0072539","T-helper 17 cell differentiation"
23,0.037090461449236,"Down",0.420726990752714,0.999769115486285,"GO:0033003","regulation of mast cell activation"
390,0.0585327826261977,"Down",0.421132789928315,0.999769115486285,"GO:0032990","cell part morphogenesis"
15,0.0841888743494698,"Down",0.421219776235849,0.999769115486285,"GO:2000209","regulation of anoikis"
138,0.0571489632424953,"Down",0.421613780340146,0.999769115486285,"GO:0060560","developmental growth involved in morphogenesis"
46,0.048747845160174,"Down",0.42165064134289,0.999769115486285,"GO:0060291","long-term synaptic potentiation"
20,0.125587025127374,"Down",0.421896551582377,0.999769115486285,"GO:0050685","positive regulation of mRNA processing"
93,0.0952177375639326,"Down",0.422468073740356,0.999769115486285,"GO:0031056","regulation of histone modification"
63,0.0426131510573069,"Up",0.422746769350568,0.999769115486285,"GO:0071326","cellular response to monosaccharide stimulus"
49,0.0430533306056402,"Down",0.423260496735882,0.999769115486285,"GO:1902414","protein localization to cell junction"
15,-0.0339778431628338,"Up",0.423466861085251,0.999769115486285,"GO:0046697","decidualization"
133,0.0667478860494931,"Down",0.423499092717909,0.999769115486285,"GO:0007411","axon guidance"
133,0.0667478860494931,"Down",0.423499092717909,0.999769115486285,"GO:0097485","neuron projection guidance"
24,0.0141704463557152,"Down",0.423599105509768,0.999769115486285,"GO:2000406","positive regulation of T cell migration"
260,0.066827151500554,"Up",0.423690607204143,0.999769115486285,"GO:0009259","ribonucleotide metabolic process"
109,0.0396723332022369,"Up",0.423800353438127,0.999769115486285,"GO:0042742","defense response to bacterium"
28,0.00606681298916291,"Down",0.423886595907916,0.999769115486285,"GO:1903670","regulation of sprouting angiogenesis"
34,0.0318726364355858,"Up",0.424054834989252,0.999769115486285,"GO:0050994","regulation of lipid catabolic process"
44,0.0185947931764796,"Down",0.42419338303637,0.999769115486285,"GO:0010827","regulation of glucose transmembrane transport"
23,0.0236439248223555,"Down",0.42447656628107,0.999769115486285,"GO:0045191","regulation of isotype switching"
44,0.0571316817377401,"Down",0.424668659371968,0.999769115486285,"GO:0002200","somatic diversification of immune receptors"
43,0.00903506415425686,"Down",0.425204638972655,0.999769115486285,"GO:0019218","regulation of steroid metabolic process"
46,0.103717897315975,"Down",0.425237751821493,0.999769115486285,"GO:0032508","DNA duplex unwinding"
20,0.0462099279962945,"Up",0.425262164710525,0.999769115486285,"GO:0060119","inner ear receptor cell development"
423,0.0460755456845754,"Down",0.425342160990963,0.999769115486285,"GO:0060322","head development"
119,0.0145572642762176,"Up",0.425519519042004,0.999769115486285,"GO:0070374","positive regulation of ERK1 and ERK2 cascade"
47,0.0678130681290682,"Down",0.425673304860806,0.999769115486285,"GO:0002292","T cell differentiation involved in immune response"
55,0.0675423111993656,"Down",0.425872216549191,0.999769115486285,"GO:0048864","stem cell development"
332,0.0338146779189902,"Down",0.425900452171306,0.999769115486285,"GO:0007507","heart development"
31,0.0710499191036339,"Down",0.426112452924903,0.999769115486285,"GO:0043124","negative regulation of I-kappaB kinase/NF-kappaB signaling"
74,0.10563380656949,"Up",0.426580373506688,0.999769115486285,"GO:0000045","autophagosome assembly"
26,0.0993343589819525,"Down",0.426673680242032,0.999769115486285,"GO:1901985","positive regulation of protein acetylation"
18,0.0438877946340313,"Up",0.427105815979264,0.999769115486285,"GO:2000191","regulation of fatty acid transport"
33,0.0850957209577602,"Up",0.427328003408998,0.999769115486285,"GO:0007080","mitotic metaphase plate congression"
17,0.0279956897304742,"Up",0.4274826520819,0.999769115486285,"GO:0090382","phagosome maturation"
78,0.0534257186988083,"Down",0.428298254490914,0.999769115486285,"GO:0051983","regulation of chromosome segregation"
219,0.0453850860479971,"Up",0.428385261242533,0.999769115486285,"GO:0070997","neuron death"
20,0.0809873395646313,"Up",0.428405038289901,0.999769115486285,"GO:0045116","protein neddylation"
16,0.0462572722319438,"Down",0.42890144043391,0.999769115486285,"GO:0072337","modified amino acid transport"
51,0.0663047293477139,"Down",0.429405860968706,0.999769115486285,"GO:0048709","oligodendrocyte differentiation"
44,0.0999617962520444,"Up",0.429435994491919,0.999769115486285,"GO:0006497","protein lipidation"
44,0.0999617962520444,"Up",0.429435994491919,0.999769115486285,"GO:0042158","lipoprotein biosynthetic process"
19,0.0700463439419316,"Up",0.430649241017331,0.999769115486285,"GO:0097421","liver regeneration"
82,0.0629396825833169,"Down",0.430814857628221,0.999769115486285,"GO:0048675","axon extension"
25,0.0540294813234639,"Down",0.430878848550276,0.999769115486285,"GO:0010676","positive regulation of cellular carbohydrate metabolic process"
396,0.0461694258896374,"Down",0.430923515110515,0.999769115486285,"GO:0007420","brain development"
33,0.0330358737117192,"Down",0.430932090124757,0.999769115486285,"GO:0046324","regulation of glucose import"
37,0.0927786019170181,"Down",0.431042577450778,0.999769115486285,"GO:0070534","protein K63-linked ubiquitination"
37,0.00679614448013501,"Down",0.431306855625328,0.999769115486285,"GO:0003407","neural retina development"
207,0.0529534062792745,"Down",0.431659502722072,0.999769115486285,"GO:0022604","regulation of cell morphogenesis"
64,0.0960908400435501,"Down",0.431940072637546,0.999769115486285,"GO:0051053","negative regulation of DNA metabolic process"
162,0.0624750621665047,"Down",0.432084778654533,0.999769115486285,"GO:0006470","protein dephosphorylation"
45,0.0367405280260466,"Down",0.43247405008311,0.999769115486285,"GO:0021549","cerebellum development"
102,0.049972764732661,"Down",0.432659435640339,0.999769115486285,"GO:0072331","signal transduction by p53 class mediator"
51,0.0483772665577761,"Down",0.433347333152496,0.999769115486285,"GO:0051591","response to cAMP"
18,0.0754780732958995,"Down",0.43341184621782,0.999769115486285,"GO:0009948","anterior/posterior axis specification"
46,0.0261214241080419,"Up",0.433627381082758,0.999769115486285,"GO:1901292","nucleoside phosphate catabolic process"
53,0.04096132660004,"Down",0.433982741401552,0.999769115486285,"GO:0001824","blastocyst development"
138,0.0515043099864832,"Down",0.434216298995428,0.999769115486285,"GO:0007611","learning or memory"
26,0.133497743065771,"Down",0.434310056431655,0.999769115486285,"GO:0000184","nuclear-transcribed mRNA catabolic process, nonsense-mediated decay"
15,-0.0166066509166768,"Down",0.434649288105299,0.999769115486285,"GO:0071295","cellular response to vitamin"
52,0.0580869181038193,"Down",0.434903551240886,0.999769115486285,"GO:0035249","synaptic transmission, glutamatergic"
30,0.160070116489497,"Down",0.435259475457512,0.999769115486285,"GO:0030521","androgen receptor signaling pathway"
75,0.107362048217947,"Up",0.435568230775679,0.999769115486285,"GO:1905037","autophagosome organization"
30,0.0776686828142696,"Up",0.435672820812902,0.999769115486285,"GO:0032613","interleukin-10 production"
30,0.0776686828142696,"Up",0.435672820812902,0.999769115486285,"GO:0032653","regulation of interleukin-10 production"
30,0.0447571090088077,"Down",0.435718595907678,0.999769115486285,"GO:1990089","response to nerve growth factor"
30,0.0447571090088077,"Down",0.435718595907678,0.999769115486285,"GO:1990090","cellular response to nerve growth factor stimulus"
288,0.0614640918241166,"Down",0.43576368597716,0.999769115486285,"GO:1905114","cell surface receptor signaling pathway involved in cell-cell signaling"
81,0.040573561167389,"Down",0.436179567143902,0.999769115486285,"GO:0007043","cell-cell junction assembly"
50,0.0511304179302998,"Up",0.436341290012067,0.999769115486285,"GO:0002027","regulation of heart rate"
57,0.0126156556200887,"Down",0.436371238173873,0.999769115486285,"GO:0061097","regulation of protein tyrosine kinase activity"
30,0.0181691115641585,"Up",0.436401382255311,0.999769115486285,"GO:0031279","regulation of cyclase activity"
16,0.0574557737294199,"Down",0.436984412714966,0.999769115486285,"GO:0061162","establishment of monopolar cell polarity"
16,0.0574557737294199,"Down",0.436984412714966,0.999769115486285,"GO:0061339","establishment or maintenance of monopolar cell polarity"
169,0.0805880349423918,"Down",0.437053269573518,0.999769115486285,"GO:2001020","regulation of response to DNA damage stimulus"
33,0.0815597861533675,"Down",0.437337314342656,0.999769115486285,"GO:0035987","endodermal cell differentiation"
93,0.0313975091174685,"Down",0.437479896141305,0.999769115486285,"GO:0071772","response to BMP"
93,0.0313975091174685,"Down",0.437479896141305,0.999769115486285,"GO:0071773","cellular response to BMP stimulus"
29,0.154734254268424,"Up",0.437981923485182,0.999769115486285,"GO:0032008","positive regulation of TOR signaling"
60,0.042164257529339,"Up",0.4380741731327,0.999769115486285,"GO:0032609","interferon-gamma production"
60,0.042164257529339,"Up",0.4380741731327,0.999769115486285,"GO:0032649","regulation of interferon-gamma production"
31,0.053770815179976,"Down",0.438360935648786,0.999769115486285,"GO:0042789","mRNA transcription by RNA polymerase II"
74,0.091310624664129,"Down",0.438566763836299,0.999769115486285,"GO:0000725","recombinational repair"
126,0.0523897494870746,"Up",0.438605162926906,0.999769115486285,"GO:0043523","regulation of neuron apoptotic process"
17,-0.00294597667329701,"Down",0.438610471380867,0.999769115486285,"GO:0021952","central nervous system projection neuron axonogenesis"
15,-0.00540390808211826,"Up",0.438643658573524,0.999769115486285,"GO:0015740","C4-dicarboxylate transport"
33,0.0153440601243784,"Down",0.439330796717693,0.999769115486285,"GO:0050810","regulation of steroid biosynthetic process"
18,-0.0164116968399549,"Down",0.439438387091425,0.999769115486285,"GO:0040036","regulation of fibroblast growth factor receptor signaling pathway"
72,0.0307159716499594,"Up",0.439575483121009,0.999769115486285,"GO:0045471","response to ethanol"
24,0.0343756897112924,"Down",0.439775636262194,0.999769115486285,"GO:1901889","negative regulation of cell junction assembly"
211,0.0562681121476559,"Up",0.440035485494538,0.999769115486285,"GO:0019058","viral life cycle"
190,0.0349417727368873,"Down",0.440390999614248,0.999769115486285,"GO:0001654","eye development"
19,0.0457683365319833,"Up",0.44042343746483,0.999769115486285,"GO:0018196","peptidyl-asparagine modification"
19,0.0457683365319833,"Up",0.44042343746483,0.999769115486285,"GO:0018279","protein N-linked glycosylation via asparagine"
267,0.0285728971610906,"Down",0.440565845506689,0.999769115486285,"GO:0042060","wound healing"
16,0.003371617970937,"Down",0.440691313562801,0.999769115486285,"GO:0007131","reciprocal meiotic recombination"
16,0.003371617970937,"Down",0.440691313562801,0.999769115486285,"GO:0140527","reciprocal homologous recombination"
43,0.0613523423030221,"Up",0.440737337054436,0.999769115486285,"GO:0060411","cardiac septum morphogenesis"
23,0.119647292700392,"Up",0.441135358357131,0.999769115486285,"GO:0150077","regulation of neuroinflammatory response"
65,0.0654432456794179,"Down",0.441912893009566,0.999769115486285,"GO:0008630","intrinsic apoptotic signaling pathway in response to DNA damage"
39,0.0463821357451647,"Down",0.44198226461456,0.999769115486285,"GO:0046854","phosphatidylinositol phosphate biosynthetic process"
338,0.0827024440714629,"Up",0.442144338830311,0.999769115486285,"GO:0006914","autophagy"
338,0.0827024440714629,"Up",0.442144338830311,0.999769115486285,"GO:0061919","process utilizing autophagic mechanism"
21,0.0467855551184544,"Up",0.442527420422807,0.999769115486285,"GO:0032733","positive regulation of interleukin-10 production"
251,0.0372387342044399,"Down",0.443046382539048,0.999769115486285,"GO:0045860","positive regulation of protein kinase activity"
108,0.0838388083599222,"Up",0.443357586749545,0.999769115486285,"GO:0009266","response to temperature stimulus"
16,0.0910442789640908,"Up",0.443493048582796,0.999769115486285,"GO:0042491","inner ear auditory receptor cell differentiation"
62,0.0491473628986943,"Down",0.443873398306089,0.999769115486285,"GO:0010927","cellular component assembly involved in morphogenesis"
17,-0.00798448695217375,"Down",0.44438985900805,0.999769115486285,"GO:0071549","cellular response to dexamethasone stimulus"
26,0.00126459196197098,"Down",0.444617740376126,0.999769115486285,"GO:2000179","positive regulation of neural precursor cell proliferation"
24,0.0158499682521096,"Down",0.444762670915019,0.999769115486285,"GO:0043029","T cell homeostasis"
16,0.0128613700008365,"Down",0.444903485355026,0.999769115486285,"GO:0045684","positive regulation of epidermis development"
93,0.0746794253432971,"Down",0.445013626574527,0.999769115486285,"GO:0007416","synapse assembly"
418,0.0536467687255096,"Down",0.445857789835656,0.999769115486285,"GO:0034330","cell junction organization"
25,0.0381893189810571,"Down",0.446045013263011,0.999769115486285,"GO:0048846","axon extension involved in axon guidance"
25,0.0381893189810571,"Down",0.446045013263011,0.999769115486285,"GO:1902284","neuron projection extension involved in neuron projection guidance"
141,0.0358225626588723,"Down",0.446449546923367,0.999769115486285,"GO:0071902","positive regulation of protein serine/threonine kinase activity"
32,0.0459808543986362,"Up",0.446595610358046,0.999769115486285,"GO:0044788","modulation by host of viral process"
15,0.11877219070778,"Up",0.446746434299438,0.999769115486285,"GO:0044090","positive regulation of vacuole organization"
17,0.00900904413545024,"Up",0.447065849715151,0.999769115486285,"GO:0071450","cellular response to oxygen radical"
17,0.00900904413545024,"Up",0.447065849715151,0.999769115486285,"GO:0071451","cellular response to superoxide"
21,0.0670775758526662,"Down",0.44736492711107,0.999769115486285,"GO:0000423","mitophagy"
90,0.0534470225204527,"Up",0.448065495810942,0.999769115486285,"GO:0061025","membrane fusion"
95,0.0566830672012448,"Up",0.448163739501386,0.999769115486285,"GO:0010821","regulation of mitochondrion organization"
69,0.0182720120703073,"Down",0.448228631074489,0.999769115486285,"GO:0140013","meiotic nuclear division"
19,0.0836252739408823,"Down",0.448530791032058,0.999769115486285,"GO:0070498","interleukin-1-mediated signaling pathway"
62,0.0998486108411761,"Up",0.448592300697021,0.999769115486285,"GO:2001237","negative regulation of extrinsic apoptotic signaling pathway"
136,0.0926802943741495,"Down",0.448988085821838,0.999769115486285,"GO:0006402","mRNA catabolic process"
28,0.0872975728189885,"Up",0.449414754707168,0.999769115486285,"GO:0001913","T cell mediated cytotoxicity"
78,0.031312040096081,"Down",0.450063649101881,0.999769115486285,"GO:1904019","epithelial cell apoptotic process"
16,0.0328237440826448,"Down",0.450262719287913,0.999769115486285,"GO:0061484","hematopoietic stem cell homeostasis"
38,0.0445774713118777,"Up",0.450747653896298,0.999769115486285,"GO:0001676","long-chain fatty acid metabolic process"
133,0.031600252085322,"Down",0.450792540185785,0.999769115486285,"GO:0003018","vascular process in circulatory system"
55,0.0390516251568626,"Down",0.450895325396909,0.999769115486285,"GO:1902807","negative regulation of cell cycle G1/S phase transition"
16,-0.000793470852695692,"Up",0.450992916121422,0.999769115486285,"GO:0032770","positive regulation of monooxygenase activity"
34,0.102074691760176,"Down",0.451343182373208,0.999769115486285,"GO:0032210","regulation of telomere maintenance via telomerase"
59,0.0682100867009758,"Down",0.45157034016779,0.999769115486285,"GO:0021987","cerebral cortex development"
20,0.0221454384926303,"Down",0.451799612210215,0.999769115486285,"GO:0036474","cell death in response to hydrogen peroxide"
98,0.0700219293586515,"Down",0.451939282011549,0.999769115486285,"GO:0051168","nuclear export"
64,0.0727132651524954,"Up",0.452051688746184,0.999769115486285,"GO:0006612","protein targeting to membrane"
16,0.020708994875119,"Down",0.452113980332452,0.999769115486285,"GO:0071542","dopaminergic neuron differentiation"
57,0.027044392971388,"Down",0.452218428812464,0.999769115486285,"GO:0015749","monosaccharide transmembrane transport"
39,0.0625031122295229,"Down",0.453216656070279,0.999769115486285,"GO:0120193","tight junction organization"
42,0.0355495792559258,"Up",0.45425023829173,0.999769115486285,"GO:0002637","regulation of immunoglobulin production"
206,0.0713869692746447,"Down",0.454368785438371,0.999769115486285,"GO:0018205","peptidyl-lysine modification"
18,0.0736039802574634,"Up",0.454481429308054,0.999769115486285,"GO:0051016","barbed-end actin filament capping"
17,0.0547236848588838,"Up",0.454716164926458,0.999769115486285,"GO:0045776","negative regulation of blood pressure"
90,0.0361689705816387,"Down",0.455015344655037,0.999769115486285,"GO:0030509","BMP signaling pathway"
22,0.109933807363479,"Down",0.45511421135464,0.999769115486285,"GO:0060338","regulation of type I interferon-mediated signaling pathway"
453,0.0659087014454448,"Down",0.455257225338237,0.999769115486285,"GO:0006974","cellular response to DNA damage stimulus"
23,0.0800592068970126,"Down",0.455363302459139,0.999769115486285,"GO:0051955","regulation of amino acid transport"
16,0.0255058926340331,"Up",0.455509217218375,0.999769115486285,"GO:0045948","positive regulation of translational initiation"
72,0.0879944837793656,"Down",0.455595837949297,0.999769115486285,"GO:0000724","double-strand break repair via homologous recombination"
18,-0.00307483258126261,"Down",0.4558504252721,0.999769115486285,"GO:0060074","synapse maturation"
315,0.03974978954542,"Down",0.456128601254912,0.999769115486285,"GO:0044089","positive regulation of cellular component biogenesis"
77,0.0868379547541984,"Down",0.456176150397565,0.999769115486285,"GO:0000956","nuclear-transcribed mRNA catabolic process"
249,0.0408927760975271,"Down",0.456491627815272,0.999769115486285,"GO:0001503","ossification"
15,0.0411945968747533,"Up",0.456586959024484,0.999769115486285,"GO:0009583","detection of light stimulus"
68,0.112148125654087,"Up",0.456695081430672,0.999769115486285,"GO:0009408","response to heat"
18,0.0863811170784522,"Down",0.457077142631159,0.999769115486285,"GO:0046823","negative regulation of nucleocytoplasmic transport"
34,0.109391629696095,"Down",0.457470254466019,0.999769115486285,"GO:0051965","positive regulation of synapse assembly"
287,0.037206130796776,"Down",0.457527259066291,0.999769115486285,"GO:0002009","morphogenesis of an epithelium"
18,0.0360258251771485,"Down",0.457740748796173,0.999769115486285,"GO:0010714","positive regulation of collagen metabolic process"
77,0.0199619593271471,"Up",0.457821860926462,0.999769115486285,"GO:0046434","organophosphate catabolic process"
77,0.0277346645126208,"Down",0.458447203844898,0.999769115486285,"GO:1903046","meiotic cell cycle process"
32,0.139837575347499,"Up",0.458650742775743,0.999769115486285,"GO:0034205","amyloid-beta formation"
20,0.0219601080388247,"Down",0.459275412637772,0.999769115486285,"GO:0031646","positive regulation of nervous system process"
103,0.0682432848689042,"Down",0.459489350798679,0.999769115486285,"GO:0071897","DNA biosynthetic process"
46,0.0342933279099173,"Up",0.460280716431325,0.999769115486285,"GO:0033559","unsaturated fatty acid metabolic process"
68,0.0690435387808944,"Up",0.460438630219566,0.999769115486285,"GO:1903076","regulation of protein localization to plasma membrane"
28,0.00604635606400522,"Down",0.461222620176913,0.999769115486285,"GO:0031294","lymphocyte costimulation"
140,0.0950618698278651,"Down",0.461270908749437,0.999769115486285,"GO:0006302","double-strand break repair"
171,0.0370232634184387,"Down",0.46140962264524,0.999769115486285,"GO:0071375","cellular response to peptide hormone stimulus"
75,0.0780583217955042,"Up",0.461422871455681,0.999769115486285,"GO:0072655","establishment of protein localization to mitochondrion"
81,0.0108912031598191,"Down",0.461549026136057,0.999769115486285,"GO:0030856","regulation of epithelial cell differentiation"
41,0.0504305838676702,"Down",0.461549725279979,0.999769115486285,"GO:0034113","heterotypic cell-cell adhesion"
17,0.0497862122244816,"Down",0.46202358926052,0.999769115486285,"GO:0009119","ribonucleoside metabolic process"
29,0.0592035344105121,"Up",0.462230370105173,0.999769115486285,"GO:0032715","negative regulation of interleukin-6 production"
58,0.0604563437265339,"Down",0.462583005000662,0.999769115486285,"GO:0042100","B cell proliferation"
84,0.0543091556295973,"Down",0.462673285411335,0.999769115486285,"GO:0045621","positive regulation of lymphocyte differentiation"
26,0.155528216490221,"Down",0.463120407357114,0.999769115486285,"GO:0001782","B cell homeostasis"
30,0.0585341160575508,"Down",0.463428862777243,0.999769115486285,"GO:0035088","establishment or maintenance of apical/basal cell polarity"
30,0.0585341160575508,"Down",0.463428862777243,0.999769115486285,"GO:0061245","establishment or maintenance of bipolar cell polarity"
51,0.0289482883036164,"Down",0.464101259272949,0.999769115486285,"GO:0006024","glycosaminoglycan biosynthetic process"
84,0.0478881112689217,"Up",0.464138328654056,0.999769115486285,"GO:0006665","sphingolipid metabolic process"
130,0.041483505132662,"Up",0.464152449917724,0.999769115486285,"GO:0071222","cellular response to lipopolysaccharide"
39,0.0424134675315198,"Down",0.464207206321174,0.999769115486285,"GO:1900076","regulation of cellular response to insulin stimulus"
25,0.113612461329597,"Down",0.464290930171432,0.999769115486285,"GO:0006383","transcription by RNA polymerase III"
53,0.100751243092866,"Up",0.464720019580944,0.999769115486285,"GO:0030433","ubiquitin-dependent ERAD pathway"
35,0.102118101109252,"Down",0.464791512477589,0.999769115486285,"GO:0035065","regulation of histone acetylation"
23,0.0126008285714916,"Up",0.464930508679043,0.999769115486285,"GO:0045981","positive regulation of nucleotide metabolic process"
23,0.0126008285714916,"Up",0.464930508679043,0.999769115486285,"GO:1900544","positive regulation of purine nucleotide metabolic process"
34,0.0304513059116251,"Down",0.464956673015222,0.999769115486285,"GO:0046638","positive regulation of alpha-beta T cell differentiation"
28,0.0666635709461828,"Down",0.465034310033064,0.999769115486285,"GO:1901532","regulation of hematopoietic progenitor cell differentiation"
371,0.0357618581074985,"Down",0.465236340472619,0.999769115486285,"GO:0045596","negative regulation of cell differentiation"
51,0.0232766976339051,"Up",0.465388560070691,0.999769115486285,"GO:0048708","astrocyte differentiation"
38,0.0391458970845765,"Down",0.466035998597162,0.999769115486285,"GO:0045665","negative regulation of neuron differentiation"
29,0.0461176193754963,"Down",0.466053301150572,0.999769115486285,"GO:0045668","negative regulation of osteoblast differentiation"
307,0.0417511650252032,"Down",0.466160715201753,0.999769115486285,"GO:0060284","regulation of cell development"
241,0.0334425876285372,"Down",0.466288688108676,0.999769115486285,"GO:0071900","regulation of protein serine/threonine kinase activity"
15,0.175843733420421,"Down",0.466428967313056,0.999769115486285,"GO:1903901","negative regulation of viral life cycle"
39,0.0696729642507464,"Up",0.467009294234458,0.999769115486285,"GO:0019233","sensory perception of pain"
28,0.0497405842807295,"Up",0.467143667435233,0.999769115486285,"GO:0060113","inner ear receptor cell differentiation"
23,0.0592176858354116,"Down",0.467506127841801,0.999769115486285,"GO:0045736","negative regulation of cyclin-dependent protein serine/threonine kinase activity"
23,0.0592176858354116,"Down",0.467506127841801,0.999769115486285,"GO:1904030","negative regulation of cyclin-dependent protein kinase activity"
29,0.01626242886412,"Down",0.467960849362476,0.999769115486285,"GO:0006509","membrane protein ectodomain proteolysis"
153,0.0596660356362753,"Down",0.468359561973017,0.999769115486285,"GO:0002768","immune response-regulating cell surface receptor signaling pathway"
29,0.062507030714745,"Up",0.468754368872768,0.999769115486285,"GO:0060412","ventricular septum morphogenesis"
236,0.0490209908923152,"Down",0.46888967190883,0.999769115486285,"GO:1901987","regulation of cell cycle phase transition"
48,0.0900892351471466,"Down",0.468941480264714,0.999769115486285,"GO:1901983","regulation of protein acetylation"
30,0.0362908565319045,"Up",0.469187239462279,0.999769115486285,"GO:0002639","positive regulation of immunoglobulin production"
17,0.121448812828451,"Down",0.469260580151197,0.999769115486285,"GO:0035066","positive regulation of histone acetylation"
57,0.0515768563856984,"Down",0.469378899979951,0.999769115486285,"GO:0014033","neural crest cell differentiation"
62,0.0555866679579473,"Down",0.469387734437814,0.999769115486285,"GO:0033045","regulation of sister chromatid segregation"
34,0.0149131259671678,"Up",0.46949219646657,0.999769115486285,"GO:0060135","maternal process involved in female pregnancy"
24,0.0530496709480424,"Up",0.469634844193438,0.999769115486285,"GO:0030490","maturation of SSU-rRNA"
39,0.0815987789893848,"Up",0.469935317526151,0.999769115486285,"GO:0051310","metaphase plate congression"
96,0.0456015203914558,"Down",0.470119641076738,0.999769115486285,"GO:0035265","organ growth"
54,0.0643945530427549,"Down",0.470124662628323,0.999769115486285,"GO:0043242","negative regulation of protein-containing complex disassembly"
51,0.0685950021745246,"Down",0.470266797630528,0.999769115486285,"GO:0006368","transcription elongation by RNA polymerase II promoter"
17,0.0232439481560172,"Down",0.470362319357798,0.999769115486285,"GO:0097484","dendrite extension"
17,0.0661635789716675,"Down",0.470569520987576,0.999769115486285,"GO:0086010","membrane depolarization during action potential"
26,0.0608780094945959,"Down",0.471289374544187,0.999769115486285,"GO:0046329","negative regulation of JNK cascade"
103,0.0394008769635452,"Up",0.4715960573229,0.999769115486285,"GO:1901617","organic hydroxy compound biosynthetic process"
30,0.0878857587677587,"Down",0.471616537113392,0.999769115486285,"GO:1902017","regulation of cilium assembly"
196,0.0299338354164704,"Up",0.471797870743804,0.999769115486285,"GO:0010038","response to metal ion"
360,0.0518027033698639,"Up",0.472476110386503,0.999769115486285,"GO:1901137","carbohydrate derivative biosynthetic process"
182,0.055834838090372,"Up",0.472598693610154,0.999769115486285,"GO:0044403","biological process involved in symbiotic interaction"
64,0.0504225860609228,"Up",0.472751446642365,0.999769115486285,"GO:0032760","positive regulation of tumor necrosis factor production"
50,0.114644525669455,"Up",0.472849096779848,0.999769115486285,"GO:0072665","protein localization to vacuole"
92,0.0393891101219118,"Up",0.472950521120593,0.999769115486285,"GO:0072330","monocarboxylic acid biosynthetic process"
145,0.0525164500625276,"Down",0.473441964917241,0.999769115486285,"GO:0051091","positive regulation of DNA-binding transcription factor activity"
155,0.0204879069647032,"Up",0.473644679792882,0.999769115486285,"GO:0002685","regulation of leukocyte migration"
115,0.065813161583795,"Down",0.47369711348472,0.999769115486285,"GO:0015931","nucleobase-containing compound transport"
35,0.0189637418293508,"Up",0.474109409337802,0.999769115486285,"GO:0060415","muscle tissue morphogenesis"
424,0.0274902843601348,"Up",0.474385877738826,0.999769115486285,"GO:0006954","inflammatory response"
21,0.0282996010543708,"Down",0.474408910690114,0.999769115486285,"GO:0050931","pigment cell differentiation"
51,0.0538524340581156,"Down",0.474801656489754,0.999769115486285,"GO:0010906","regulation of glucose metabolic process"
79,0.0560733532496607,"Up",0.474931022997655,0.999769115486285,"GO:1901800","positive regulation of proteasomal protein catabolic process"
43,0.0299702715193224,"Down",0.475019661887948,0.999769115486285,"GO:0060349","bone morphogenesis"
31,0.108237662911595,"Down",0.475084862511296,0.999769115486285,"GO:0031124","mRNA 3'-end processing"
23,0.0338862422327203,"Down",0.475129231270364,0.999769115486285,"GO:1904037","positive regulation of epithelial cell apoptotic process"
16,0.112849997533287,"Down",0.475150462255655,0.999769115486285,"GO:0045738","negative regulation of DNA repair"
20,0.0610955830940213,"Down",0.475177319863364,0.999769115486285,"GO:0033260","nuclear DNA replication"
20,0.0610955830940213,"Down",0.475177319863364,0.999769115486285,"GO:0044786","cell cycle DNA replication"
68,0.0323130632543563,"Down",0.475437751089678,0.999769115486285,"GO:0048593","camera-type eye morphogenesis"
23,0.0539053941970594,"Down",0.47548820448679,0.999769115486285,"GO:0016578","histone deubiquitination"
354,0.0533510431432139,"Down",0.475716916694888,0.999769115486285,"GO:0048589","developmental growth"
268,0.0322262365045845,"Down",0.476180661102498,0.999769115486285,"GO:0001501","skeletal system development"
19,0.131011364554636,"Down",0.476243449112138,0.999769115486285,"GO:0031297","replication fork processing"
68,0.0572536779801483,"Down",0.476390151704259,0.999769115486285,"GO:0090263","positive regulation of canonical Wnt signaling pathway"
19,0.00762963689316602,"Up",0.476439195101683,0.999769115486285,"GO:0051385","response to mineralocorticoid"
51,0.067581027376343,"Up",0.476477431232152,0.999769115486285,"GO:1903533","regulation of protein targeting"
127,0.0387578040633348,"Down",0.476836494296429,0.999769115486285,"GO:0002064","epithelial cell development"
43,0.0330630274223047,"Down",0.477213775560331,0.999769115486285,"GO:0032233","positive regulation of actin filament bundle assembly"
21,-0.0103156053309453,"Down",0.477222492553253,0.999769115486285,"GO:0001754","eye photoreceptor cell differentiation"
27,0.0833327157945283,"Down",0.477456985729331,0.999769115486285,"GO:0042307","positive regulation of protein import into nucleus"
53,0.0534614832997878,"Down",0.477487832234483,0.999769115486285,"GO:0046785","microtubule polymerization"
18,0.147408326320271,"Down",0.477963071370432,0.999769115486285,"GO:0045943","positive regulation of transcription by RNA polymerase I"
17,0.0238675008743235,"Down",0.478076449636403,0.999769115486285,"GO:0006517","protein deglycosylation"
37,0.0679291477525767,"Down",0.478685783173228,0.999769115486285,"GO:0021885","forebrain cell migration"
23,0.00183533331606148,"Up",0.478714392577915,0.999769115486285,"GO:0021536","diencephalon development"
21,0.0412050299875052,"Down",0.479160903859192,0.999769115486285,"GO:0043372","positive regulation of CD4-positive, alpha-beta T cell differentiation"
15,0.126779660277003,"Up",0.479477317255679,0.999769115486285,"GO:0003148","outflow tract septum morphogenesis"
34,0.063491627462647,"Down",0.479944278965206,0.999769115486285,"GO:0034637","cellular carbohydrate biosynthetic process"
15,-0.0372682139841016,"Down",0.480175652670494,0.999769115486285,"GO:0045652","regulation of megakaryocyte differentiation"
22,0.0533229656005802,"Up",0.480290799642103,0.999769115486285,"GO:0014911","positive regulation of smooth muscle cell migration"
193,0.0244480043030118,"Up",0.480515457483667,0.999769115486285,"GO:0050727","regulation of inflammatory response"
27,0.0478688292778252,"Down",0.480689918619669,0.999769115486285,"GO:1900087","positive regulation of G1/S transition of mitotic cell cycle"
65,0.0270209251047964,"Down",0.480802498735547,0.999769115486285,"GO:0014902","myotube differentiation"
48,0.0544870209448598,"Down",0.480831528254937,0.999769115486285,"GO:0035195","miRNA-mediated gene silencing"
341,0.0370262898127463,"Down",0.481424621598498,0.999769115486285,"GO:0048729","tissue morphogenesis"
15,-0.0101692695473506,"Down",0.481477162089163,0.999769115486285,"GO:0003177","pulmonary valve development"
32,0.0614987833949209,"Up",0.481850705384382,0.999769115486285,"GO:0033866","nucleoside bisphosphate biosynthetic process"
32,0.0614987833949209,"Up",0.481850705384382,0.999769115486285,"GO:0034030","ribonucleoside bisphosphate biosynthetic process"
32,0.0614987833949209,"Up",0.481850705384382,0.999769115486285,"GO:0034033","purine nucleoside bisphosphate biosynthetic process"
85,0.0716711297246965,"Down",0.481945688921932,0.999769115486285,"GO:0009411","response to UV"
15,0.0060971161853066,"Up",0.482025226440819,0.999769115486285,"GO:0071459","protein localization to chromosome, centromeric region"
142,0.0475911281080043,"Down",0.482249298146339,0.999769115486285,"GO:0044262","cellular carbohydrate metabolic process"
16,0.0436262786899446,"Down",0.482276114813026,0.999769115486285,"GO:0070873","regulation of glycogen metabolic process"
105,0.0290363930830782,"Up",0.482290339701111,0.999769115486285,"GO:0050921","positive regulation of chemotaxis"
17,0.00735734586436962,"Down",0.482309739926734,0.999769115486285,"GO:0038083","peptidyl-tyrosine autophosphorylation"
37,0.102957623643537,"Up",0.482315722840951,0.999769115486285,"GO:0050435","amyloid-beta metabolic process"
293,0.0383016631143993,"Down",0.48231780316078,0.999769115486285,"GO:0033674","positive regulation of kinase activity"
21,-0.00306675793295973,"Down",0.482625249541935,0.999769115486285,"GO:0048546","digestive tract morphogenesis"
175,0.0557692096974947,"Down",0.483139109178204,0.999769115486285,"GO:0060485","mesenchyme development"
16,0.00373336557553445,"Up",0.48361634594563,0.999769115486285,"GO:0060155","platelet dense granule organization"
27,0.00769265095616165,"Down",0.483809945456338,0.999769115486285,"GO:0060688","regulation of morphogenesis of a branching structure"
99,0.045013632384395,"Down",0.48461489525238,0.999769115486285,"GO:0010976","positive regulation of neuron projection development"
80,0.0237363103653635,"Down",0.48509277829029,0.999769115486285,"GO:0071901","negative regulation of protein serine/threonine kinase activity"
59,0.0270919147714184,"Up",0.485973927752032,0.999769115486285,"GO:0042102","positive regulation of T cell proliferation"
162,0.0887885515841484,"Down",0.486422355856375,0.999769115486285,"GO:0006401","RNA catabolic process"
18,0.193949750061479,"Down",0.486615199534935,0.999769115486285,"GO:0051444","negative regulation of ubiquitin-protein transferase activity"
26,0.00931498664553336,"Down",0.486680465691031,0.999769115486285,"GO:0072538","T-helper 17 type immune response"
21,0.0510685348572816,"Up",0.487250004700268,0.999769115486285,"GO:0071276","cellular response to cadmium ion"
123,0.0680059855112855,"Down",0.487269224128872,0.999769115486285,"GO:0032886","regulation of microtubule-based process"
126,0.0843968861068784,"Down",0.487418255447667,0.999769115486285,"GO:0006403","RNA localization"
23,0.127542635851433,"Up",0.487513795773559,0.999769115486285,"GO:0016242","negative regulation of macroautophagy"
139,0.0393221520490734,"Down",0.487779053328628,0.999769115486285,"GO:1901988","negative regulation of cell cycle phase transition"
78,0.0804027541018235,"Up",0.487947369063112,0.999769115486285,"GO:0070585","protein localization to mitochondrion"
29,0.0277333325775657,"Up",0.488091707249218,0.999769115486285,"GO:0055008","cardiac muscle tissue morphogenesis"
431,0.0453345416573616,"Up",0.48829662508257,0.999769115486285,"GO:0044255","cellular lipid metabolic process"
31,0.0199207839122738,"Up",0.488502872502507,0.999769115486285,"GO:0010543","regulation of platelet activation"
62,0.0275107937111394,"Down",0.489069052929622,0.999769115486285,"GO:0034219","carbohydrate transmembrane transport"
43,0.0760365718766532,"Down",0.489385745775714,0.999769115486285,"GO:0002260","lymphocyte homeostasis"
128,0.0407607762130383,"Down",0.489388677024327,0.999769115486285,"GO:0045619","regulation of lymphocyte differentiation"
21,0.0245099705410514,"Up",0.489431170826586,0.999769115486285,"GO:0090313","regulation of protein targeting to membrane"
32,0.042322535295711,"Up",0.489496286483556,0.999769115486285,"GO:0006687","glycosphingolipid metabolic process"
139,0.0646792657794913,"Down",0.489628840371071,0.999769115486285,"GO:0002429","immune response-activating cell surface receptor signaling pathway"
139,0.0646792657794913,"Down",0.489628840371071,0.999769115486285,"GO:0002757","immune response-activating signal transduction"
16,0.0425180487393333,"Down",0.490184008425926,0.999769115486285,"GO:0046639","negative regulation of alpha-beta T cell differentiation"
193,0.0481273150434312,"Up",0.490424839613136,0.999769115486285,"GO:0002237","response to molecule of bacterial origin"
25,0.00697750536314648,"Down",0.490446638885928,0.999769115486285,"GO:0048066","developmental pigmentation"
109,0.036070686387375,"Up",0.490474190942131,0.999769115486285,"GO:0071453","cellular response to oxygen levels"
132,0.0342004729637258,"Up",0.49080179273213,0.999769115486285,"GO:0031348","negative regulation of defense response"
106,0.057523965358819,"Up",0.490992947353725,0.999769115486285,"GO:0035966","response to topologically incorrect protein"
82,0.033613259069192,"Up",0.491353940252282,0.999769115486285,"GO:0051606","detection of stimulus"
15,0.0267561798039894,"Down",0.491387601051454,0.999769115486285,"GO:0032516","positive regulation of phosphoprotein phosphatase activity"
30,0.0984814007945146,"Down",0.491388425696444,0.999769115486285,"GO:1901799","negative regulation of proteasomal protein catabolic process"
26,0.0804475324408785,"Down",0.492268756214354,0.999769115486285,"GO:0070536","protein K63-linked deubiquitination"
22,-0.00264171486445674,"Down",0.492796774880276,0.999769115486285,"GO:0051154","negative regulation of striated muscle cell differentiation"
23,0.00353461282224798,"Down",0.492814061647803,0.999769115486285,"GO:0034110","regulation of homotypic cell-cell adhesion"
110,0.0411143349254484,"Down",0.493190190208557,0.999769115486285,"GO:0031345","negative regulation of cell projection organization"
18,0.0325879419726963,"Up",0.493214669558547,0.999769115486285,"GO:0090314","positive regulation of protein targeting to membrane"
23,0.143528661745803,"Down",0.49323477280691,0.999769115486285,"GO:0006356","regulation of transcription by RNA polymerase I"
73,0.0424879265129734,"Up",0.493461767517772,0.999769115486285,"GO:0002705","positive regulation of leukocyte mediated immunity"
88,0.0803006322853841,"Up",0.493643390613925,0.999769115486285,"GO:1903008","organelle disassembly"
56,0.0820955460905567,"Down",0.493716473289107,0.999769115486285,"GO:0016441","post-transcriptional gene silencing"
22,0.0167663173268328,"Down",0.493743877078732,0.999769115486285,"GO:0035094","response to nicotine"
38,0.0482228463627766,"Down",0.494086424716241,0.999769115486285,"GO:0030838","positive regulation of actin filament polymerization"
16,0.00913198026859781,"Up",0.494534130787096,0.999769115486285,"GO:0046641","positive regulation of alpha-beta T cell proliferation"
28,0.10048865665845,"Down",0.494621742680221,0.999769115486285,"GO:0021795","cerebral cortex cell migration"
17,0.157825036107024,"Down",0.494730450242786,0.999769115486285,"GO:0019081","viral translation"
18,0.121987748425664,"Down",0.495253516156707,0.999769115486285,"GO:0002220","innate immune response activating cell surface receptor signaling pathway"
98,0.0210905489526003,"Down",0.495428379823774,0.999769115486285,"GO:0007565","female pregnancy"
338,0.0500379176834403,"Down",0.495693639004667,0.999769115486285,"GO:0032870","cellular response to hormone stimulus"
15,0.0469203693894913,"Up",0.495709328573073,0.999769115486285,"GO:0055093","response to hyperoxia"
57,0.047107370987202,"Down",0.495870226947193,0.999769115486285,"GO:0010965","regulation of mitotic sister chromatid separation"
115,0.0453920001173712,"Up",0.49590092324464,0.999769115486285,"GO:0009743","response to carbohydrate"
24,0.00797025120399486,"Up",0.496275235554056,0.999769115486285,"GO:0032365","intracellular lipid transport"
31,0.013977682291349,"Up",0.496557279773865,0.999769115486285,"GO:2000249","regulation of actin cytoskeleton reorganization"
75,0.0963669510717159,"Down",0.496862915691775,0.999769115486285,"GO:0065004","protein-DNA complex assembly"
19,0.094430167181274,"Down",0.496863744401523,0.999769115486285,"GO:0021801","cerebral cortex radial glia-guided migration"
19,0.094430167181274,"Down",0.496863744401523,0.999769115486285,"GO:0022030","telencephalon glial cell migration"
32,0.020276636967991,"Down",0.497055328950334,0.999769115486285,"GO:0030239","myofibril assembly"
32,0.020276636967991,"Down",0.497055328950334,0.999769115486285,"GO:0055002","striated muscle cell development"
118,0.0381956767272861,"Down",0.497316227138057,0.999769115486285,"GO:0030308","negative regulation of cell growth"
195,0.0740998910508347,"Down",0.49751971009406,0.999769115486285,"GO:0009895","negative regulation of catabolic process"
81,0.0294535798553281,"Up",0.497710259644788,0.999769115486285,"GO:0071346","cellular response to interferon-gamma"
152,0.0570836203712001,"Down",0.498245969891115,0.999769115486285,"GO:0048762","mesenchymal cell differentiation"
32,0.0491462790561048,"Up",0.498323842397715,0.999769115486285,"GO:0043903","regulation of biological process involved in symbiotic interaction"
32,0.0491462790561048,"Up",0.498323842397715,0.999769115486285,"GO:0052372","modulation by symbiont of entry into host"
30,0.0374387981893753,"Down",0.498755529585071,0.999769115486285,"GO:0035307","positive regulation of protein dephosphorylation"
176,0.0501509109894912,"Down",0.498810603437163,0.999769115486285,"GO:0048638","regulation of developmental growth"
68,0.0316261200522013,"Down",0.498812032378416,0.999769115486285,"GO:0035710","CD4-positive, alpha-beta T cell activation"
73,0.0553989442895996,"Down",0.498829856039871,0.999769115486285,"GO:0014066","regulation of phosphatidylinositol 3-kinase signaling"
23,0.0538070703862598,"Down",0.499410997909336,0.999769115486285,"GO:0010165","response to X-ray"
28,0.0381554611603131,"Down",0.499922969847091,0.999769115486285,"GO:0045581","negative regulation of T cell differentiation"
29,0.0412142324146643,"Down",0.500088616780627,0.999769115486285,"GO:0045773","positive regulation of axon extension"
174,0.034790291252202,"Down",0.500691600769547,0.999769115486285,"GO:0046651","lymphocyte proliferation"
99,0.0372221431251324,"Up",0.500741839747327,0.999769115486285,"GO:0051100","negative regulation of binding"
148,0.077436893837648,"Down",0.500935342922783,0.999769115486285,"GO:0033044","regulation of chromosome organization"
22,0.0140034839262684,"Up",0.501004387702711,0.999769115486285,"GO:0033622","integrin activation"
199,0.0538749100745318,"Down",0.501442772674515,0.999769115486285,"GO:1901990","regulation of mitotic cell cycle phase transition"
15,0.040928155958615,"Down",0.501761273680388,0.999769115486285,"GO:0034698","response to gonadotropin"
55,0.0444894398327366,"Up",0.502145817194235,0.999769115486285,"GO:0032088","negative regulation of NF-kappaB transcription factor activity"
159,0.0420833547587247,"Down",0.502209791687311,0.999769115486285,"GO:0010948","negative regulation of cell cycle process"
26,0.0074856789486535,"Down",0.502272283504958,0.999769115486285,"GO:0060443","mammary gland morphogenesis"
81,0.0759250994128857,"Up",0.50230292127777,0.999769115486285,"GO:0002224","toll-like receptor signaling pathway"
48,0.0355655464996433,"Down",0.502914229761113,0.999769115486285,"GO:0006919","activation of cysteine-type endopeptidase activity involved in apoptotic process"
68,0.0588800695339466,"Up",0.503242592802707,0.999769115486285,"GO:0045807","positive regulation of endocytosis"
30,0.0621784880840494,"Down",0.5032781180635,0.999769115486285,"GO:0010762","regulation of fibroblast migration"
15,0.0122488717884206,"Down",0.503476633523687,0.999769115486285,"GO:0046037","GMP metabolic process"
134,0.039751281973016,"Down",0.503486221540363,0.999769115486285,"GO:0045930","negative regulation of mitotic cell cycle"
30,0.0827188983223184,"Up",0.503599957545947,0.999769115486285,"GO:1903214","regulation of protein targeting to mitochondrion"
26,-0.00888838024801634,"Up",0.503642459233604,0.999769115486285,"GO:0051445","regulation of meiotic cell cycle"
25,0.0512960677169405,"Down",0.503984011122031,0.999769115486285,"GO:0050856","regulation of T cell receptor signaling pathway"
99,0.0339162312567374,"Down",0.504076792818682,0.999769115486285,"GO:0051321","meiotic cell cycle"
30,0.0817115479281249,"Up",0.50444292935685,0.999769115486285,"GO:2001239","regulation of extrinsic apoptotic signaling pathway in absence of ligand"
127,0.0479655073734149,"Up",0.504646071456083,0.999769115486285,"GO:1901215","negative regulation of neuron death"
19,0.0543847255951949,"Down",0.504720575240314,0.999769115486285,"GO:0071392","cellular response to estradiol stimulus"
285,0.0392891657000321,"Down",0.504988679497776,0.999769115486285,"GO:0007346","regulation of mitotic cell cycle"
63,0.0367445945982533,"Up",0.505395623234505,0.999769115486285,"GO:0046165","alcohol biosynthetic process"
47,0.0607051720245747,"Down",0.505737351653484,0.999769115486285,"GO:1901880","negative regulation of protein depolymerization"
404,0.103230107079117,"Down",0.506076285427368,0.999769115486285,"GO:0016071","mRNA metabolic process"
69,0.11939571292098,"Down",0.506131768986171,0.999769115486285,"GO:0030518","intracellular steroid hormone receptor signaling pathway"
53,0.0715200154208219,"Down",0.50622285929097,0.999769115486285,"GO:0031110","regulation of microtubule polymerization or depolymerization"
41,0.0578769344908549,"Up",0.506728672889443,0.999769115486285,"GO:0072527","pyrimidine-containing compound metabolic process"
56,0.0449153171719708,"Down",0.506951395914798,0.999769115486285,"GO:0014068","positive regulation of phosphatidylinositol 3-kinase signaling"
36,0.0944436959966104,"Up",0.507030280723793,0.999769115486285,"GO:0060393","regulation of pathway-restricted SMAD protein phosphorylation"
18,0.050963019993039,"Down",0.507262146976056,0.999769115486285,"GO:0002209","behavioral defense response"
183,0.074879880681817,"Up",0.50746527711481,0.999769115486285,"GO:0006605","protein targeting"
83,0.0614754111249032,"Up",0.507649778850319,0.999769115486285,"GO:0048284","organelle fusion"
73,0.0161687858220677,"Down",0.508189360124146,0.999769115486285,"GO:0072676","lymphocyte migration"
319,0.0619723532046175,"Up",0.508306771813349,0.999769115486285,"GO:0090407","organophosphate biosynthetic process"
26,0.088887609698129,"Down",0.508467706709909,0.999769115486285,"GO:0007020","microtubule nucleation"
16,0.133915118769442,"Up",0.508541404797459,0.999769115486285,"GO:0070584","mitochondrion morphogenesis"
41,0.0919162683603957,"Down",0.508763030567478,0.999769115486285,"GO:0002753","cytoplasmic pattern recognition receptor signaling pathway"
28,0.0407172121359993,"Up",0.509331437350076,0.999769115486285,"GO:0046633","alpha-beta T cell proliferation"
452,0.0515071815091591,"Down",0.509346122942013,0.999769115486285,"GO:1903047","mitotic cell cycle process"
36,0.0299685027491939,"Up",0.509460972062845,0.999769115486285,"GO:0002437","inflammatory response to antigenic stimulus"
31,0.103218029943437,"Down",0.509545886395585,0.999769115486285,"GO:0031648","protein destabilization"
94,0.0555963542193266,"Down",0.510095361860517,0.999769115486285,"GO:0030177","positive regulation of Wnt signaling pathway"
40,0.0179879120233161,"Down",0.510650915553653,0.999769115486285,"GO:0007586","digestion"
34,0.0265438971932599,"Down",0.510677016899656,0.999769115486285,"GO:2000243","positive regulation of reproductive process"
152,0.0447958688387008,"Up",0.510831290604371,0.999769115486285,"GO:0071216","cellular response to biotic stimulus"
61,0.0471668677004789,"Down",0.510894684864805,0.999769115486285,"GO:0072009","nephron epithelium development"
21,0.0283467425807497,"Down",0.510989467597711,0.999769115486285,"GO:0045737","positive regulation of cyclin-dependent protein serine/threonine kinase activity"
23,0.0421778878892005,"Up",0.511145476738981,0.999769115486285,"GO:0050829","defense response to Gram-negative bacterium"
66,0.057635222377736,"Down",0.512009124246397,0.999769115486285,"GO:1905818","regulation of chromosome separation"
51,0.0255330938896821,"Down",0.512080147613242,0.999769115486285,"GO:1901184","regulation of ERBB signaling pathway"
17,0.116128049060424,"Down",0.512122369008336,0.999769115486285,"GO:2001044","regulation of integrin-mediated signaling pathway"
351,0.0436001366876859,"Down",0.512855988703692,0.999769115486285,"GO:0051347","positive regulation of transferase activity"
52,0.0503987901386568,"Down",0.512939622943062,0.999769115486285,"GO:0010389","regulation of G2/M transition of mitotic cell cycle"
82,0.0487007619782266,"Down",0.513201413796343,0.999769115486285,"GO:0035051","cardiocyte differentiation"
17,0.29679304081366,"Up",0.51348768345654,0.999769115486285,"GO:0019883","antigen processing and presentation of endogenous antigen"
25,0.0927866130299682,"Down",0.513630624123482,0.999769115486285,"GO:0031146","SCF-dependent proteasomal ubiquitin-dependent protein catabolic process"
15,0.0374576800499249,"Down",0.513860624558856,0.999769115486285,"GO:0045143","homologous chromosome segregation"
65,0.0385260427448374,"Down",0.513868531729703,0.999769115486285,"GO:0048640","negative regulation of developmental growth"
18,0.0267001462271815,"Down",0.514143210875511,0.999769115486285,"GO:1901381","positive regulation of potassium ion transmembrane transport"
62,0.0530443491037473,"Down",0.514204358279691,0.999769115486285,"GO:1901655","cellular response to ketone"
84,0.0525692104183922,"Down",0.51429229084182,0.999769115486285,"GO:0009913","epidermal cell differentiation"
94,0.0392552076182526,"Down",0.514537064016243,0.999769115486285,"GO:0045664","regulation of neuron differentiation"
23,0.0405229268588559,"Down",0.514589430245678,0.999769115486285,"GO:1904031","positive regulation of cyclin-dependent protein kinase activity"
57,0.0656068376649233,"Up",0.514616929577374,0.999769115486285,"GO:0000281","mitotic cytokinesis"
15,0.0701426377180277,"Down",0.514662452801913,0.999769115486285,"GO:0045822","negative regulation of heart contraction"
15,0.0701426377180277,"Down",0.514662452801913,0.999769115486285,"GO:1903523","negative regulation of blood circulation"
256,0.0487433002432829,"Down",0.514701064856444,0.999769115486285,"GO:0031589","cell-substrate adhesion"
48,0.0409456372632706,"Down",0.514728800246485,0.999769115486285,"GO:0032835","glomerulus development"
56,0.0517291724414094,"Down",0.515155286349531,0.999769115486285,"GO:0007091","metaphase/anaphase transition of mitotic cell cycle"
22,0.0836365796963501,"Down",0.515822860535663,0.999769115486285,"GO:2000758","positive regulation of peptidyl-lysine acetylation"
47,0.0257607913476084,"Down",0.51633058962784,0.999769115486285,"GO:0045669","positive regulation of osteoblast differentiation"
36,0.144050017397277,"Down",0.517079164074089,0.999769115486285,"GO:2000059","negative regulation of ubiquitin-dependent protein catabolic process"
18,0.0313755254268845,"Down",0.517271081161935,0.999769115486285,"GO:0050687","negative regulation of defense response to virus"
78,0.100167172969464,"Down",0.51730337978481,0.999769115486285,"GO:0043401","steroid hormone mediated signaling pathway"
16,-0.0292372508227495,"Down",0.51788254687172,0.999769115486285,"GO:2000352","negative regulation of endothelial cell apoptotic process"
265,0.0417326458501888,"Down",0.518187055623275,0.999769115486285,"GO:0051960","regulation of nervous system development"
66,0.0499604270304565,"Up",0.518187126531662,0.999769115486285,"GO:1903557","positive regulation of tumor necrosis factor superfamily cytokine production"
42,0.0692794354331974,"Down",0.518282455387974,0.999769115486285,"GO:0022404","molting cycle process"
42,0.0692794354331974,"Down",0.518282455387974,0.999769115486285,"GO:0022405","hair cycle process"
73,0.0561809442861139,"Down",0.51864290940041,0.999769115486285,"GO:0051304","chromosome separation"
73,0.0541958877044982,"Down",0.51883684869453,0.999769115486285,"GO:0010675","regulation of cellular carbohydrate metabolic process"
82,0.0484433402358968,"Down",0.519233565245731,0.999769115486285,"GO:0061351","neural precursor cell proliferation"
33,0.0965565178052414,"Up",0.519306815480267,0.999769115486285,"GO:0071985","multivesicular body sorting pathway"
34,0.119655514335463,"Up",0.519789912913846,0.999769115486285,"GO:1904645","response to amyloid-beta"
22,0.0411411546500082,"Down",0.519834115364184,0.999769115486285,"GO:0060999","positive regulation of dendritic spine development"
41,0.0538786767667884,"Down",0.52000786082532,0.999769115486285,"GO:0002562","somatic diversification of immune receptors via germline recombination within a single locus"
41,0.0538786767667884,"Down",0.52000786082532,0.999769115486285,"GO:0016444","somatic cell DNA recombination"
27,0.0102228128082392,"Down",0.520316762036309,0.999769115486285,"GO:0031295","T cell costimulation"
162,0.0551662314081919,"Down",0.520384426172743,0.999769115486285,"GO:0007160","cell-matrix adhesion"
70,0.0261001020546954,"Down",0.520720949088229,0.999769115486285,"GO:0015748","organophosphate ester transport"
34,0.0801743808665984,"Up",0.520993694253793,0.999769115486285,"GO:0016601","Rac protein signal transduction"
24,0.0139031582237945,"Up",0.521418642038739,0.999769115486285,"GO:1903426","regulation of reactive oxygen species biosynthetic process"
48,0.0584260287091458,"Up",0.52157971861696,0.999769115486285,"GO:0010822","positive regulation of mitochondrion organization"
203,0.0415477492373341,"Down",0.521680032201533,0.999769115486285,"GO:0045786","negative regulation of cell cycle"
90,0.0563568260098,"Up",0.52175253390843,0.999769115486285,"GO:0043524","negative regulation of neuron apoptotic process"
87,0.0435143284389353,"Down",0.521943238223858,0.999769115486285,"GO:0048639","positive regulation of developmental growth"
15,0.123728952046363,"Down",0.522214514760684,0.999769115486285,"GO:0035337","fatty-acyl-CoA metabolic process"
57,0.0539741418392675,"Down",0.522530023166289,0.999769115486285,"GO:0044784","metaphase/anaphase transition of cell cycle"
26,0.0428994195066907,"Up",0.522725772933041,0.999769115486285,"GO:0009311","oligosaccharide metabolic process"
35,0.0630356691380217,"Down",0.522990445944743,0.999769115486285,"GO:0090497","mesenchymal cell migration"
15,0.429090077596557,"Up",0.523088666551436,0.999769115486285,"GO:0006123","mitochondrial electron transport, cytochrome c to oxygen"
19,0.0616426654587229,"Down",0.523210382310497,0.999769115486285,"GO:1903649","regulation of cytoplasmic transport"
69,0.0773472066945034,"Down",0.523605492483625,0.999769115486285,"GO:2000278","regulation of DNA biosynthetic process"
41,0.0661022242780993,"Down",0.524420307095478,0.999769115486285,"GO:0098773","skin epidermis development"
102,0.0401554135338152,"Down",0.524535232729382,0.999769115486285,"GO:0006814","sodium ion transport"
32,0.0499827507323418,"Down",0.525909865076224,0.999769115486285,"GO:0002067","glandular epithelial cell differentiation"
43,0.106340265197448,"Up",0.525998635372629,0.999769115486285,"GO:0008347","glial cell migration"
15,0.0899744328853965,"Down",0.526721561052626,0.999769115486285,"GO:0002726","positive regulation of T cell cytokine production"
61,0.0938699134661748,"Up",0.526895183034122,0.999769115486285,"GO:0009451","RNA modification"
59,0.0464619568080433,"Down",0.526919570300219,0.999769115486285,"GO:0051306","mitotic sister chromatid separation"
76,0.0483001008459263,"Down",0.527375346925956,0.999769115486285,"GO:0046488","phosphatidylinositol metabolic process"
30,0.108903578391957,"Up",0.527503218833461,0.999769115486285,"GO:1904646","cellular response to amyloid-beta"
146,0.0401614559167906,"Down",0.527626663037162,0.999769115486285,"GO:0006650","glycerophospholipid metabolic process"
62,0.0792062273936069,"Down",0.527722194884037,0.999769115486285,"GO:0000018","regulation of DNA recombination"
46,0.0778489851188873,"Down",0.528441362379861,0.999769115486285,"GO:0006513","protein monoubiquitination"
20,0.151464950613105,"Down",0.52936836889902,0.999769115486285,"GO:0061844","antimicrobial humoral immune response mediated by antimicrobial peptide"
151,0.051496361644119,"Up",0.529494366273322,0.999769115486285,"GO:0051402","neuron apoptotic process"
48,0.0648591795945746,"Up",0.529517097230589,0.999769115486285,"GO:0034121","regulation of toll-like receptor signaling pathway"
17,0.120967452501749,"Up",0.529936767219598,0.999769115486285,"GO:0032069","regulation of nuclease activity"
271,0.124828984542383,"Down",0.530457960750678,0.999769115486285,"GO:0006397","mRNA processing"
30,0.119759060229988,"Down",0.530579815447653,0.999769115486285,"GO:0016574","histone ubiquitination"
79,0.0789859051441664,"Down",0.530655158637098,0.999769115486285,"GO:0050852","T cell receptor signaling pathway"
37,0.113046975081979,"Down",0.530661608123407,0.999769115486285,"GO:1904356","regulation of telomere maintenance via telomere lengthening"
15,0.0326544195752104,"Up",0.53113120602265,0.999769115486285,"GO:0045980","negative regulation of nucleotide metabolic process"
15,0.0217592027997924,"Up",0.531141112598012,0.999769115486285,"GO:0007099","centriole replication"
15,0.0217592027997924,"Up",0.531141112598012,0.999769115486285,"GO:0098534","centriole assembly"
50,0.0635624871565981,"Down",0.531269625342262,0.999769115486285,"GO:0006304","DNA modification"
54,0.0629966094177514,"Down",0.532485391153001,0.999769115486285,"GO:2001251","negative regulation of chromosome organization"
15,0.00549806480828577,"Down",0.532798931148898,0.999769115486285,"GO:0060561","apoptotic process involved in morphogenesis"
153,0.0417172384573859,"Up",0.533064599815835,0.999769115486285,"GO:0006898","receptor-mediated endocytosis"
29,0.0624702543707357,"Up",0.533173247366632,0.999769115486285,"GO:0009116","nucleoside metabolic process"
246,0.0497436259838792,"Down",0.533457541337552,0.999769115486285,"GO:0050808","synapse organization"
15,0.0771173738334079,"Down",0.533770977399344,0.999769115486285,"GO:1904353","regulation of telomere capping"
16,-0.000122234219446549,"Up",0.533992820719268,0.999769115486285,"GO:0046039","GTP metabolic process"
25,0.0445684014380157,"Down",0.534181452789486,0.999769115486285,"GO:1901798","positive regulation of signal transduction by p53 class mediator"
21,0.0742623734382569,"Down",0.534219280279738,0.999769115486285,"GO:0033522","histone H2A ubiquitination"
68,0.120545449168682,"Up",0.534694055392858,0.999769115486285,"GO:0019882","antigen processing and presentation"
284,0.0595096295735504,"Up",0.53476989380821,0.999769115486285,"GO:0016032","viral process"
154,0.0249112495098267,"Up",0.534949050337531,0.999769115486285,"GO:0050920","regulation of chemotaxis"
32,0.031182078029759,"Down",0.535231352865081,0.999769115486285,"GO:1901016","regulation of potassium ion transmembrane transporter activity"
69,0.0856858227004905,"Up",0.535512664761755,0.999769115486285,"GO:0036503","ERAD pathway"
29,0.0447351442424586,"Down",0.535958977721075,0.999769115486285,"GO:0042551","neuron maturation"
22,0.0182826469551598,"Down",0.535964445888088,0.999769115486285,"GO:0015804","neutral amino acid transport"
21,0.0123167550765476,"Up",0.536247933829777,0.999769115486285,"GO:0090140","regulation of mitochondrial fission"
145,0.0689366676984381,"Up",0.536448798081581,0.999769115486285,"GO:0090150","establishment of protein localization to membrane"
47,0.0282947963496227,"Down",0.536790375329609,0.999769115486285,"GO:0070527","platelet aggregation"
97,0.0397670320375993,"Up",0.537145432567976,0.999769115486285,"GO:0034614","cellular response to reactive oxygen species"
125,0.0679097710567259,"Down",0.537339917998251,0.999769115486285,"GO:0071383","cellular response to steroid hormone stimulus"
25,0.0524947627957343,"Up",0.537718895968621,0.999769115486285,"GO:0060236","regulation of mitotic spindle organization"
39,0.088147948625488,"Up",0.537799806173692,0.999769115486285,"GO:0060760","positive regulation of response to cytokine stimulus"
15,0.0405658688187406,"Down",0.53800716100454,0.999769115486285,"GO:0051767","nitric-oxide synthase biosynthetic process"
15,0.0405658688187406,"Down",0.53800716100454,0.999769115486285,"GO:0051769","regulation of nitric-oxide synthase biosynthetic process"
24,0.0329765700205022,"Up",0.538183352685054,0.999769115486285,"GO:0030224","monocyte differentiation"
143,0.0794467980167554,"Down",0.538188784797801,0.999769115486285,"GO:0043414","macromolecule methylation"
63,0.0265759535762363,"Up",0.538271326881321,0.999769115486285,"GO:0001938","positive regulation of endothelial cell proliferation"
47,0.0484105122417205,"Up",0.538350385626977,0.999769115486285,"GO:0001570","vasculogenesis"
53,0.0365613590774354,"Down",0.538403844310314,0.999769115486285,"GO:2000134","negative regulation of G1/S transition of mitotic cell cycle"
473,0.0427149422006762,"Down",0.538587129680249,0.999769115486285,"GO:0097435","supramolecular fiber organization"
15,0.0717952891466837,"Down",0.538773075611729,0.999769115486285,"GO:0035136","forelimb morphogenesis"
36,0.0562365775154881,"Down",0.539065620466243,0.999769115486285,"GO:0016447","somatic recombination of immunoglobulin gene segments"
375,0.0455456700779909,"Down",0.539423661365694,0.999769115486285,"GO:0010564","regulation of cell cycle process"
69,0.0777422780539232,"Up",0.539844992824243,0.999769115486285,"GO:0045639","positive regulation of myeloid cell differentiation"
40,0.0525826829582798,"Down",0.539900156932758,0.999769115486285,"GO:0030101","natural killer cell activation"
24,0.154478574408834,"Down",0.540168897150544,0.999769115486285,"GO:0033119","negative regulation of RNA splicing"
18,0.101595920880063,"Up",0.540498164290265,0.999769115486285,"GO:0009225","nucleotide-sugar metabolic process"
27,0.0228690796757705,"Down",0.54058902776124,0.999769115486285,"GO:0019226","transmission of nerve impulse"
18,-0.0215471627912025,"Down",0.540680049848726,0.999769115486285,"GO:0060914","heart formation"
25,0.0737401560764884,"Down",0.540892253636947,0.999769115486285,"GO:0009994","oocyte differentiation"
25,0.0737401560764884,"Down",0.540892253636947,0.999769115486285,"GO:0048599","oocyte development"
203,0.0704748000851135,"Up",0.541360609897219,0.999769115486285,"GO:0016050","vesicle organization"
24,0.0492699415808413,"Up",0.542000923286516,0.999769115486285,"GO:1903307","positive regulation of regulated secretory pathway"
32,0.0649275502358924,"Down",0.542020321174556,0.999769115486285,"GO:0099072","regulation of postsynaptic membrane neurotransmitter receptor levels"
19,0.167047424338333,"Down",0.542055022269071,0.999769115486285,"GO:0048025","negative regulation of mRNA splicing, via spliceosome"
180,0.0236919793897172,"Up",0.542193301872328,0.999769115486285,"GO:0051604","protein maturation"
128,0.0208792780834469,"Up",0.542495783235136,0.999769115486285,"GO:0016485","protein processing"
193,0.0843058975391326,"Up",0.542556422082046,0.999769115486285,"GO:0048193","Golgi vesicle transport"
15,0.109308687677367,"Down",0.543167057813311,0.999769115486285,"GO:2000780","negative regulation of double-strand break repair"
19,-0.00989780647312494,"Down",0.543231462985474,0.999769115486285,"GO:0003016","respiratory system process"
56,0.112866559115136,"Up",0.543426387031149,0.999769115486285,"GO:0042147","retrograde transport, endosome to Golgi"
35,0.0459565744471638,"Down",0.543595985963481,0.999769115486285,"GO:0001708","cell fate specification"
33,0.100178245963532,"Down",0.543866839365077,0.999769115486285,"GO:0006303","double-strand break repair via nonhomologous end joining"
221,0.0401623495502993,"Down",0.543900896459739,0.999769115486285,"GO:0050767","regulation of neurogenesis"
76,0.0425353722794749,"Down",0.54406655902018,0.999769115486285,"GO:0021953","central nervous system neuron differentiation"
26,0.0403260085821352,"Down",0.544161058013232,0.999769115486285,"GO:0045103","intermediate filament-based process"
26,0.0403260085821352,"Down",0.544161058013232,0.999769115486285,"GO:0045104","intermediate filament cytoskeleton organization"
124,0.0764218777555176,"Down",0.544204329065538,0.999769115486285,"GO:0034249","negative regulation of cellular amide metabolic process"
46,0.0571816515853038,"Down",0.544271029781899,0.999769115486285,"GO:0051588","regulation of neurotransmitter transport"
30,0.0733014402681704,"Up",0.544820666700605,0.999769115486285,"GO:0040014","regulation of multicellular organism growth"
27,0.0494532886577944,"Down",0.545385053945606,0.999769115486285,"GO:2000300","regulation of synaptic vesicle exocytosis"
96,0.063922121026535,"Down",0.545542947446286,0.999769115486285,"GO:0051494","negative regulation of cytoskeleton organization"
30,0.0751104560381077,"Down",0.546017248630981,0.999769115486285,"GO:0097120","receptor localization to synapse"
54,0.0573748377154215,"Down",0.546912507677549,0.999769115486285,"GO:0005976","polysaccharide metabolic process"
30,0.0454365109184876,"Down",0.547348182584037,0.999769115486285,"GO:0002204","somatic recombination of immunoglobulin genes involved in immune response"
30,0.0454365109184876,"Down",0.547348182584037,0.999769115486285,"GO:0002208","somatic diversification of immunoglobulins involved in immune response"
30,0.0454365109184876,"Down",0.547348182584037,0.999769115486285,"GO:0045190","isotype switching"
150,0.0682260526156241,"Up",0.54744116360742,0.999769115486285,"GO:0016197","endosomal transport"
25,0.0848476947802423,"Down",0.547876619629806,0.999769115486285,"GO:0070192","chromosome organization involved in meiotic cell cycle"
22,0.00861065394529286,"Down",0.547887827887784,0.999769115486285,"GO:0014075","response to amine"
195,0.0372632057035584,"Down",0.548329530434235,0.999769115486285,"GO:0048880","sensory system development"
65,0.0596162871400442,"Down",0.54867711412333,0.999769115486285,"GO:0001776","leukocyte homeostasis"
128,0.0523346727366945,"Up",0.548849891872297,0.999769115486285,"GO:0030100","regulation of endocytosis"
31,0.0822595770903645,"Down",0.548922700561245,0.999769115486285,"GO:0002711","positive regulation of T cell mediated immunity"
26,-0.00374834872204979,"Down",0.549448088409668,0.999769115486285,"GO:0046530","photoreceptor cell differentiation"
41,0.0697152466589658,"Down",0.54954353736709,0.999769115486285,"GO:0048477","oogenesis"
60,0.0689164078441887,"Down",0.549549776039453,0.999769115486285,"GO:0042752","regulation of circadian rhythm"
19,0.0123281963253923,"Up",0.54989536201708,0.999769115486285,"GO:0070633","transepithelial transport"
53,0.0770652123974752,"Down",0.549900838010358,0.999769115486285,"GO:0035194","post-transcriptional gene silencing by RNA"
178,0.0406231109310514,"Down",0.549923304417039,0.999769115486285,"GO:0060562","epithelial tube morphogenesis"
39,0.0794096912401328,"Up",0.55014298982652,0.999769115486285,"GO:0045670","regulation of osteoclast differentiation"
17,-0.0163112703318469,"Down",0.550413033455342,0.999769115486285,"GO:1902883","negative regulation of response to oxidative stress"
84,0.0514806481312174,"Down",0.550533395008464,0.999769115486285,"GO:0032147","activation of protein kinase activity"
52,0.0398685828495604,"Down",0.550919105328414,0.999769115486285,"GO:0043266","regulation of potassium ion transport"
32,0.0412355302240457,"Down",0.551501008027846,0.999769115486285,"GO:0009880","embryonic pattern specification"
17,0.0164761014103332,"Down",0.551570541623648,0.999769115486285,"GO:0042461","photoreceptor cell development"
33,0.0591499065640088,"Down",0.552002243880464,0.999769115486285,"GO:0001755","neural crest cell migration"
109,0.100345960802948,"Down",0.552062604938992,0.999769115486285,"GO:0006282","regulation of DNA repair"
22,0.0200183805964879,"Up",0.552550677216,0.999769115486285,"GO:0055010","ventricular cardiac muscle tissue morphogenesis"
19,0.126458688351351,"Down",0.553138699813597,0.999769115486285,"GO:0002758","innate immune response-activating signal transduction"
38,0.0213832623625831,"Down",0.553502198543449,0.999769115486285,"GO:0002011","morphogenesis of an epithelial sheet"
66,0.0478459302928654,"Down",0.553566750612375,0.999769115486285,"GO:0031644","regulation of nervous system process"
38,0.0825273988593698,"Up",0.553970648074735,0.999769115486285,"GO:0060389","pathway-restricted SMAD protein phosphorylation"
17,-0.00866855857866771,"Up",0.554570084566331,0.999769115486285,"GO:0060143","positive regulation of syncytium formation by plasma membrane fusion"
214,0.0395330825808353,"Down",0.555429981943168,0.999769115486285,"GO:0042692","muscle cell differentiation"
220,0.0412223143728304,"Down",0.555430309255412,0.999769115486285,"GO:0060537","muscle tissue development"
79,0.044173032833569,"Down",0.555518879013124,0.999769115486285,"GO:0035303","regulation of dephosphorylation"
55,0.0528045312042996,"Up",0.555537821984786,0.999769115486285,"GO:1905897","regulation of response to endoplasmic reticulum stress"
61,0.0293569245650633,"Down",0.555540919712315,0.999769115486285,"GO:0001841","neural tube formation"
133,0.0395317584094966,"Down",0.555684624489533,0.999769115486285,"GO:0014706","striated muscle tissue development"
31,0.0740354503748493,"Down",0.55585067833043,0.999769115486285,"GO:0010972","negative regulation of G2/M transition of mitotic cell cycle"
34,0.0541362086476685,"Down",0.555929775275596,0.999769115486285,"GO:0032873","negative regulation of stress-activated MAPK cascade"
34,0.0541362086476685,"Down",0.555929775275596,0.999769115486285,"GO:0070303","negative regulation of stress-activated protein kinase signaling cascade"
20,0.0497571923669132,"Up",0.556028105242476,0.999769115486285,"GO:0032469","endoplasmic reticulum calcium ion homeostasis"
36,0.0791299181089622,"Up",0.556285896088862,0.999769115486285,"GO:0006890","retrograde vesicle-mediated transport, Golgi to endoplasmic reticulum"
19,0.0646684997196294,"Down",0.556290116120054,0.999769115486285,"GO:0001941","postsynaptic membrane organization"
69,0.0382017469288635,"Down",0.556592689388239,0.999769115486285,"GO:0046683","response to organophosphorus"
50,0.0333885208385505,"Down",0.556644574087913,0.999769115486285,"GO:0010921","regulation of phosphatase activity"
30,0.0213509456622133,"Up",0.557152835176533,0.999769115486285,"GO:0006767","water-soluble vitamin metabolic process"
225,0.0341255078428266,"Up",0.557200937357065,0.999769115486285,"GO:0010876","lipid localization"
83,0.043814985223257,"Up",0.557502736753988,0.999769115486285,"GO:0008217","regulation of blood pressure"
147,0.068041080933004,"Down",0.557648953865588,0.999769115486285,"GO:0009416","response to light stimulus"
194,0.037635140408207,"Down",0.557830380461984,0.999769115486285,"GO:0150063","visual system development"
17,0.00712337445889959,"Down",0.557928300322882,0.999769115486285,"GO:0051480","regulation of cytosolic calcium ion concentration"
105,0.0537116141244737,"Down",0.558112158077718,0.999769115486285,"GO:0001837","epithelial to mesenchymal transition"
164,0.0606187454140617,"Up",0.558539144517989,0.999769115486285,"GO:0034976","response to endoplasmic reticulum stress"
20,0.111164463010489,"Up",0.559064515376353,0.999769115486285,"GO:0006734","NADH metabolic process"
66,0.0312365671673712,"Down",0.559285257597633,0.999769115486285,"GO:0001838","embryonic epithelial tube formation"
113,0.0428051267282203,"Down",0.559636124132778,0.999769115486285,"GO:0002695","negative regulation of leukocyte activation"
46,0.0504310265400716,"Down",0.559850417418557,0.999769115486285,"GO:1900024","regulation of substrate adhesion-dependent cell spreading"
22,0.0469278394689251,"Down",0.560443372859694,0.999769115486285,"GO:0032438","melanosome organization"
103,0.0443421693255831,"Down",0.560822480369127,0.999769115486285,"GO:0046474","glycerophospholipid biosynthetic process"
23,0.0453473028334012,"Up",0.561094164890556,0.999769115486285,"GO:0045730","respiratory burst"
22,0.0149296543649556,"Down",0.561756104295153,0.999769115486285,"GO:0033574","response to testosterone"
25,0.0392386587381068,"Up",0.561819354609209,0.999769115486285,"GO:0001947","heart looping"
25,0.0392386587381068,"Up",0.561819354609209,0.999769115486285,"GO:0061371","determination of heart left/right asymmetry"
34,0.0740050261945592,"Down",0.562269448641665,0.999769115486285,"GO:0060079","excitatory postsynaptic potential"
162,0.0519550743696571,"Down",0.56231985238179,0.999769115486285,"GO:0050890","cognition"
52,0.0427579162315017,"Up",0.562785901048515,0.999769115486285,"GO:1901224","positive regulation of NIK/NF-kappaB signaling"
33,0.0528292480967508,"Down",0.562856323362416,0.999769115486285,"GO:0035019","somatic stem cell population maintenance"
245,0.0487538156968705,"Up",0.563317829566983,0.999769115486285,"GO:0031667","response to nutrient levels"
291,0.0726408023414393,"Down",0.563540224908658,0.999769115486285,"GO:2000112","regulation of cellular macromolecule biosynthetic process"
15,0.0162666709276512,"Down",0.564775008420489,0.999769115486285,"GO:0031128","developmental induction"
29,0.13543217963288,"Down",0.565099686093873,0.999769115486285,"GO:0006360","transcription by RNA polymerase I"
188,0.0475758010290986,"Up",0.565227244071834,0.999769115486285,"GO:0032496","response to lipopolysaccharide"
209,0.0346310072732206,"Up",0.565277355230514,0.999769115486285,"GO:0002697","regulation of immune effector process"
93,0.0336451983067567,"Down",0.565793096127355,0.999769115486285,"GO:0030183","B cell differentiation"
316,0.0608150564460586,"Up",0.565844817915167,0.999769115486285,"GO:0010256","endomembrane system organization"
52,0.0846287641892345,"Up",0.56584750848027,0.999769115486285,"GO:0009799","specification of symmetry"
52,0.0846287641892345,"Up",0.56584750848027,0.999769115486285,"GO:0009855","determination of bilateral symmetry"
42,0.0508001745813989,"Down",0.565993834062452,0.999769115486285,"GO:0002042","cell migration involved in sprouting angiogenesis"
42,0.0711950465497758,"Up",0.566147897576704,0.999769115486285,"GO:0048857","neural nucleus development"
23,0.0379375508600096,"Down",0.566589833474374,0.999769115486285,"GO:0031063","regulation of histone deacetylation"
84,0.0830864423644314,"Down",0.566978541638632,0.999769115486285,"GO:0007229","integrin-mediated signaling pathway"
173,0.0475147951910754,"Down",0.567190482990044,0.999769115486285,"GO:0042113","B cell activation"
43,0.00294586778000195,"Up",0.567604564544915,0.999769115486285,"GO:0045600","positive regulation of fat cell differentiation"
156,0.068999474784211,"Down",0.56761360526917,0.999769115486285,"GO:0007163","establishment or maintenance of cell polarity"
22,0.110911603280484,"Up",0.567920989392655,0.999769115486285,"GO:0086091","regulation of heart rate by cardiac conduction"
20,0.0645747949957888,"Up",0.568156554220653,0.999769115486285,"GO:0042073","intraciliary transport"
16,0.0553253316894968,"Up",0.56843979081104,0.999769115486285,"GO:0072576","liver morphogenesis"
29,0.0622222274983666,"Up",0.568659824505281,0.999769115486285,"GO:0042490","mechanoreceptor differentiation"
37,0.059952515633119,"Down",0.568898525680505,0.999769115486285,"GO:0045913","positive regulation of carbohydrate metabolic process"
123,0.0270058406359952,"Up",0.568939543415319,0.999769115486285,"GO:0071241","cellular response to inorganic substance"
55,0.05265197266773,"Down",0.568941315366634,0.999769115486285,"GO:0030071","regulation of mitotic metaphase/anaphase transition"
35,0.0662106619921597,"Up",0.569428007710374,0.999769115486285,"GO:0030225","macrophage differentiation"
161,0.0736890642844251,"Down",0.56956572729034,0.999769115486285,"GO:0030522","intracellular receptor signaling pathway"
66,0.0515842651903835,"Up",0.569624805360679,0.999769115486285,"GO:0032411","positive regulation of transporter activity"
136,0.0543567296985087,"Down",0.569719400461708,0.999769115486285,"GO:0008544","epidermis development"
269,0.0449744377131494,"Up",0.56990232847609,0.999769115486285,"GO:0006979","response to oxidative stress"
75,0.0766124322640451,"Down",0.569921818171544,0.999769115486285,"GO:0031398","positive regulation of protein ubiquitination"
84,0.0379039709998982,"Down",0.570002719826199,0.999769115486285,"GO:0035148","tube formation"
54,0.0357193557532427,"Up",0.57010146321182,0.999769115486285,"GO:0046209","nitric oxide metabolic process"
54,0.0357193557532427,"Up",0.57010146321182,0.999769115486285,"GO:2001057","reactive nitrogen species metabolic process"
15,0.00131279669288594,"Up",0.57077477090054,0.999769115486285,"GO:0042558","pteridine-containing compound metabolic process"
25,0.0892531868744062,"Up",0.571020698711013,0.999769115486285,"GO:0010862","positive regulation of pathway-restricted SMAD protein phosphorylation"
46,0.0180354553504712,"Down",0.571468020683678,0.999769115486285,"GO:2000514","regulation of CD4-positive, alpha-beta T cell activation"
43,0.0447394559800479,"Down",0.571504797833548,0.999769115486285,"GO:0010812","negative regulation of cell-substrate adhesion"
48,0.0478012339734153,"Down",0.571615546906582,0.999769115486285,"GO:0032456","endocytic recycling"
17,0.0861069033173774,"Up",0.57173650034911,0.999769115486285,"GO:0035315","hair cell differentiation"
60,0.0190850750578619,"Down",0.571759085500167,0.999769115486285,"GO:0034109","homotypic cell-cell adhesion"
20,0.0244811392476456,"Up",0.571773451236926,0.999769115486285,"GO:0031664","regulation of lipopolysaccharide-mediated signaling pathway"
38,0.103326241540291,"Up",0.571969965331898,0.999769115486285,"GO:1902743","regulation of lamellipodium organization"
20,0.0137396182338793,"Down",0.571986566915191,0.999769115486285,"GO:0021988","olfactory lobe development"
139,0.0448527096166336,"Up",0.572147983670723,0.999769115486285,"GO:0071356","cellular response to tumor necrosis factor"
21,0.11242881953535,"Up",0.57214979062691,0.999769115486285,"GO:0001914","regulation of T cell mediated cytotoxicity"
36,0.0344444539643611,"Down",0.572969674045865,0.999769115486285,"GO:0070228","regulation of lymphocyte apoptotic process"
24,0.0877345683514432,"Up",0.57315878882372,0.999769115486285,"GO:0006901","vesicle coating"
328,0.0396146512806359,"Up",0.573173302406608,0.999769115486285,"GO:0009617","response to bacterium"
15,0.0233555313250854,"Down",0.573327799436164,0.999769115486285,"GO:0034508","centromere complex assembly"
43,0.0858127245302841,"Down",0.573436326205865,0.999769115486285,"GO:2000756","regulation of peptidyl-lysine acetylation"
43,0.0652188310039719,"Up",0.5742329545204,0.999769115486285,"GO:0038034","signal transduction in absence of ligand"
43,0.0652188310039719,"Up",0.5742329545204,0.999769115486285,"GO:0097192","extrinsic apoptotic signaling pathway in absence of ligand"
81,0.0419760187251294,"Down",0.574493878317441,0.999769115486285,"GO:0098739","import across plasma membrane"
320,0.0422765325093515,"Down",0.574545556184798,0.999769115486285,"GO:0043009","chordate embryonic development"
132,0.0455030124648963,"Down",0.574590790181182,0.999769115486285,"GO:0008654","phospholipid biosynthetic process"
29,0.0260990838236931,"Up",0.574722170243175,0.999769115486285,"GO:0006414","translational elongation"
56,0.0549263570565262,"Down",0.575043378199564,0.999769115486285,"GO:1902099","regulation of metaphase/anaphase transition of cell cycle"
18,0.0718301395050035,"Up",0.575245535528991,0.999769115486285,"GO:0006891","intra-Golgi vesicle-mediated transport"
448,0.039745161122186,"Down",0.575669222028141,0.999769115486285,"GO:0046649","lymphocyte activation"
22,0.0334338624022559,"Up",0.575731021513581,0.999769115486285,"GO:0003254","regulation of membrane depolarization"
122,0.15983262133133,"Down",0.576162188534866,0.999769115486285,"GO:0022618","ribonucleoprotein complex assembly"
84,0.0194741682229333,"Up",0.576229458030549,0.999769115486285,"GO:1990266","neutrophil migration"
86,0.0941648065108276,"Up",0.576514572699904,0.999769115486285,"GO:0007030","Golgi organization"
130,0.0241006090660161,"Up",0.576622326450358,0.999769115486285,"GO:0071674","mononuclear cell migration"
87,0.0273844193343354,"Down",0.577630888593429,0.999769115486285,"GO:0002040","sprouting angiogenesis"
62,0.0346009302591855,"Down",0.577797548507045,0.999769115486285,"GO:1903510","mucopolysaccharide metabolic process"
18,0.0672996413135529,"Down",0.578002210229724,0.999769115486285,"GO:0042596","fear response"
15,0.0558732017003535,"Down",0.578127554158362,0.999769115486285,"GO:0034390","smooth muscle cell apoptotic process"
15,0.0558732017003535,"Down",0.578127554158362,0.999769115486285,"GO:0034391","regulation of smooth muscle cell apoptotic process"
31,0.0145971030899454,"Up",0.578166990038591,0.999769115486285,"GO:0032768","regulation of monooxygenase activity"
15,-0.0153542132006691,"Down",0.578482725138614,0.999769115486285,"GO:0030325","adrenal gland development"
370,0.0338490591249195,"Down",0.578680173060978,0.999769115486285,"GO:0061061","muscle structure development"
136,0.0660917339343907,"Down",0.578910365095644,0.999769115486285,"GO:0000819","sister chromatid segregation"
25,0.0206705556370728,"Up",0.57909603252436,0.999769115486285,"GO:0046688","response to copper ion"
330,0.0446375904269541,"Down",0.579169535639398,0.999769115486285,"GO:0009792","embryo development ending in birth or egg hatching"
67,0.0284223380281321,"Down",0.579295924090553,0.999769115486285,"GO:0030534","adult behavior"
72,0.0174651147963822,"Up",0.579346901075237,0.999769115486285,"GO:0030593","neutrophil chemotaxis"
21,0.0396534865132663,"Up",0.57948107227369,0.999769115486285,"GO:1903432","regulation of TORC1 signaling"
18,0.0200561822888892,"Down",0.579982474892429,0.999769115486285,"GO:0086064","cell communication by electrical coupling involved in cardiac conduction"
70,0.121005757758308,"Down",0.580083534988828,0.999769115486285,"GO:2000779","regulation of double-strand break repair"
17,0.0232457286788796,"Down",0.580332755453621,0.999769115486285,"GO:0101023","vascular endothelial cell proliferation"
17,0.0232457286788796,"Down",0.580332755453621,0.999769115486285,"GO:1905562","regulation of vascular endothelial cell proliferation"
146,0.0353385041904856,"Up",0.580677679729414,0.999769115486285,"GO:0043270","positive regulation of ion transport"
20,0.00221470458712689,"Down",0.580712830338634,0.999769115486285,"GO:0071624","positive regulation of granulocyte chemotaxis"
20,0.00221470458712689,"Down",0.580712830338634,0.999769115486285,"GO:0090023","positive regulation of neutrophil chemotaxis"
23,0.119794013370903,"Down",0.581393398441792,0.999769115486285,"GO:0060261","positive regulation of transcription initiation by RNA polymerase II"
103,0.0406422387604583,"Down",0.581459316800092,0.999769115486285,"GO:0046631","alpha-beta T cell activation"
110,0.0525723747235918,"Down",0.581462545071617,0.999769115486285,"GO:0008360","regulation of cell shape"
125,0.160296238084098,"Down",0.58158814544149,0.999769115486285,"GO:0071826","ribonucleoprotein complex subunit organization"
20,0.0631207484676614,"Down",0.581867570846435,0.999769115486285,"GO:0009124","nucleoside monophosphate biosynthetic process"
40,0.0700386413594508,"Down",0.581922706507316,0.999769115486285,"GO:0001942","hair follicle development"
203,0.0433004191547773,"Up",0.582053776706456,0.999769115486285,"GO:0002443","leukocyte mediated immunity"
18,0.146551036055363,"Down",0.582413335140607,0.999769115486285,"GO:0032205","negative regulation of telomere maintenance"
48,0.0581685349084058,"Down",0.583036945155164,0.999769115486285,"GO:0044264","cellular polysaccharide metabolic process"
264,0.0466209238245196,"Up",0.58325799447872,0.999769115486285,"GO:0009991","response to extracellular stimulus"
43,0.0767343881553616,"Down",0.583441113601204,0.999769115486285,"GO:0002709","regulation of T cell mediated immunity"
45,0.0247126098964658,"Down",0.58383250592788,0.999769115486285,"GO:0014855","striated muscle cell proliferation"
17,0.0129349158922008,"Up",0.584227903270045,0.999769115486285,"GO:0032515","negative regulation of phosphoprotein phosphatase activity"
59,0.0315870982552146,"Down",0.584343778322465,0.999769115486285,"GO:0044344","cellular response to fibroblast growth factor stimulus"
15,0.0748665786344875,"Up",0.584493578258296,0.999769115486285,"GO:0060547","negative regulation of necrotic cell death"
37,0.0341437605045411,"Up",0.584701869610841,0.999769115486285,"GO:0002931","response to ischemia"
26,0.0781016984034337,"Up",0.585054048615114,0.999769115486285,"GO:0097242","amyloid-beta clearance"
17,0.183590400804142,"Down",0.585347511574861,0.999769115486285,"GO:1902914","regulation of protein polyubiquitination"
39,0.0776106174183019,"Down",0.585634322056138,0.999769115486285,"GO:0060078","regulation of postsynaptic membrane potential"
87,0.0746585441033333,"Down",0.585845487141406,0.999769115486285,"GO:1903322","positive regulation of protein modification by small protein conjugation or removal"
44,0.0208005330986675,"Down",0.587057676442546,0.999769115486285,"GO:0098661","inorganic anion transmembrane transport"
45,0.0788488749626225,"Up",0.587112681479533,0.999769115486285,"GO:0051303","establishment of chromosome localization"
26,0.0137648246805583,"Up",0.587175122681763,0.999769115486285,"GO:0046622","positive regulation of organ growth"
17,0.062382362264311,"Up",0.587278055951429,0.999769115486285,"GO:0072529","pyrimidine-containing compound catabolic process"
61,0.0444048848715393,"Up",0.587334458038416,0.999769115486285,"GO:0007601","visual perception"
462,0.0483884814852377,"Down",0.587605380939677,0.999769115486285,"GO:0030036","actin cytoskeleton organization"
102,0.0210356498602072,"Up",0.587655639441535,0.999769115486285,"GO:0097530","granulocyte migration"
33,0.121777820517798,"Up",0.58790122308471,0.999769115486285,"GO:0009953","dorsal/ventral pattern formation"
47,0.0719925208647132,"Down",0.588344290489651,0.999769115486285,"GO:0030888","regulation of B cell proliferation"
23,0.0185004166314016,"Up",0.588409957397553,0.999769115486285,"GO:0002792","negative regulation of peptide secretion"
51,0.0528588808588474,"Down",0.588742012642461,0.999769115486285,"GO:0034644","cellular response to UV"
80,0.0626110810104767,"Down",0.58924801295075,0.999769115486285,"GO:0016579","protein deubiquitination"
16,0.0142549706776094,"Up",0.589456297570925,0.999769115486285,"GO:0015813","L-glutamate transmembrane transport"
16,0.0142549706776094,"Up",0.589456297570925,0.999769115486285,"GO:0051938","L-glutamate import"
201,0.0592425950189965,"Down",0.58974915774221,0.999769115486285,"GO:0140694","non-membrane-bounded organelle assembly"
24,0.0561385588376735,"Down",0.589803709985521,0.999769115486285,"GO:0032007","negative regulation of TOR signaling"
173,0.0339188198815932,"Up",0.589972553291415,0.999769115486285,"GO:0060249","anatomical structure homeostasis"
28,0.0508582712901877,"Up",0.590286418649856,0.999769115486285,"GO:0009262","deoxyribonucleotide metabolic process"
28,0.0508582712901877,"Up",0.590286418649856,0.999769115486285,"GO:0019692","deoxyribose phosphate metabolic process"
28,0.115643157997273,"Down",0.59036900072286,0.999769115486285,"GO:0060147","regulation of post-transcriptional gene silencing"
278,0.0805943178004553,"Down",0.590373998586106,0.999769115486285,"GO:0006281","DNA repair"
46,0.0906866435754264,"Up",0.590726362244886,0.999769115486285,"GO:0007368","determination of left/right symmetry"
15,0.115817804793042,"Up",0.59090994099013,0.999769115486285,"GO:1904861","excitatory synapse assembly"
401,0.0361286492442225,"Down",0.591229828900425,0.999769115486285,"GO:0045859","regulation of protein kinase activity"
16,0.019474160176552,"Down",0.591729281869983,0.999769115486285,"GO:0045214","sarcomere organization"
23,0.0713677335683775,"Up",0.592037163258785,0.999769115486285,"GO:1901185","negative regulation of ERBB signaling pathway"
66,0.0421909453116254,"Down",0.592126326759944,0.999769115486285,"GO:1990823","response to leukemia inhibitory factor"
15,0.119121756934143,"Up",0.592610380356292,0.999769115486285,"GO:0090670","RNA localization to Cajal body"
15,0.119121756934143,"Up",0.592610380356292,0.999769115486285,"GO:0090671","telomerase RNA localization to Cajal body"
15,0.119121756934143,"Up",0.592610380356292,0.999769115486285,"GO:0090672","telomerase RNA localization"
15,0.119121756934143,"Up",0.592610380356292,0.999769115486285,"GO:0090685","RNA localization to nucleus"
15,0.119121756934143,"Up",0.592610380356292,0.999769115486285,"GO:1904872","regulation of telomerase RNA localization to Cajal body"
287,0.0452230054958073,"Down",0.592986719716245,0.999769115486285,"GO:0007015","actin filament organization"
41,0.120113638407805,"Down",0.593118343444588,0.999769115486285,"GO:0033143","regulation of intracellular steroid hormone receptor signaling pathway"
63,0.049963479362985,"Down",0.593440110288816,0.999769115486285,"GO:0033627","cell adhesion mediated by integrin"
173,0.0477240975366463,"Down",0.593552248811113,0.999769115486285,"GO:0030217","T cell differentiation"
21,0.0460270145669969,"Up",0.594080456161084,0.999769115486285,"GO:0051281","positive regulation of release of sequestered calcium ion into cytosol"
23,0.0336036575276731,"Up",0.594114646415911,0.999769115486285,"GO:0009167","purine ribonucleoside monophosphate metabolic process"
288,0.0544098519343026,"Down",0.594130437480667,0.999769115486285,"GO:0016049","cell growth"
26,0.156202691151994,"Up",0.594184690796075,0.999769115486285,"GO:1902003","regulation of amyloid-beta formation"
38,0.108934474821633,"Up",0.594283805096996,0.999769115486285,"GO:0072666","establishment of protein localization to vacuole"
92,0.0526544095585443,"Up",0.594304064444809,0.999769115486285,"GO:1903052","positive regulation of proteolysis involved in protein catabolic process"
15,0.14664115015735,"Up",0.594472209042453,0.999769115486285,"GO:0045672","positive regulation of osteoclast differentiation"
120,0.0399965135974133,"Down",0.594565333427482,0.999769115486285,"GO:0048738","cardiac muscle tissue development"
27,0.0373246406170397,"Down",0.594602704687757,0.999769115486285,"GO:0040001","establishment of mitotic spindle localization"
30,0.0905983072449838,"Down",0.595070396663021,0.999769115486285,"GO:0051972","regulation of telomerase activity"
45,0.0635841488767625,"Down",0.595102522483803,0.999769115486285,"GO:0055006","cardiac cell development"
43,0.0303862320642989,"Down",0.595213932230571,0.999769115486285,"GO:0021954","central nervous system neuron development"
243,0.0444992058940201,"Down",0.59545591545136,0.999769115486285,"GO:0030098","lymphocyte differentiation"
16,0.0722963379625446,"Up",0.596268745567696,0.999769115486285,"GO:0045589","regulation of regulatory T cell differentiation"
439,0.0374433477252362,"Down",0.596755469730896,0.999769115486285,"GO:0070848","response to growth factor"
281,0.0487914752237884,"Up",0.596756422026107,0.999769115486285,"GO:0005975","carbohydrate metabolic process"
68,0.0233545440069652,"Down",0.597550129181013,0.999769115486285,"GO:0043535","regulation of blood vessel endothelial cell migration"
22,0.00935470600335774,"Down",0.597677116510253,0.999769115486285,"GO:0051491","positive regulation of filopodium assembly"
20,0.0836695229760936,"Down",0.597804525356851,0.999769115486285,"GO:1901797","negative regulation of signal transduction by p53 class mediator"
53,0.0458382966347879,"Up",0.598673803895371,0.999769115486285,"GO:0051851","modulation by host of symbiont process"
27,0.152611314250438,"Up",0.59882771405516,0.999769115486285,"GO:0090114","COPII-coated vesicle budding"
171,0.030874425757403,"Down",0.599154949817004,0.999769115486285,"GO:0051348","negative regulation of transferase activity"
65,0.0717474899912297,"Down",0.59923174358707,0.999769115486285,"GO:1903321","negative regulation of protein modification by small protein conjugation or removal"
157,0.0255498599434953,"Down",0.599271512000665,0.999769115486285,"GO:0050730","regulation of peptidyl-tyrosine phosphorylation"
194,0.0623498260055235,"Down",0.599666997843124,0.999769115486285,"GO:0007059","chromosome segregation"
53,0.0887682780162381,"Up",0.599789729068475,0.999769115486285,"GO:0010507","negative regulation of autophagy"
72,0.0407051615234794,"Up",0.59983832317519,0.999769115486285,"GO:0046467","membrane lipid biosynthetic process"
21,0.0786634289879123,"Up",0.59987327062896,0.999769115486285,"GO:0010665","regulation of cardiac muscle cell apoptotic process"
51,0.0505036695392726,"Up",0.600026526776459,0.999769115486285,"GO:0016239","positive regulation of macroautophagy"
110,0.0563309407738568,"Down",0.600329367215392,0.999769115486285,"GO:0048015","phosphatidylinositol-mediated signaling"
146,0.0534855340344508,"Up",0.600698382474793,0.999769115486285,"GO:0097191","extrinsic apoptotic signaling pathway"
34,0.036427182680419,"Up",0.600713818774137,0.999769115486285,"GO:0050918","positive chemotaxis"
96,0.0719131226216415,"Down",0.600762892278793,0.999769115486285,"GO:2001022","positive regulation of response to DNA damage stimulus"
109,0.0420373714562646,"Down",0.600914788345646,0.999769115486285,"GO:1901991","negative regulation of mitotic cell cycle phase transition"
25,0.0611501405563073,"Down",0.601729899913637,0.999769115486285,"GO:0001953","negative regulation of cell-matrix adhesion"
23,0.0463523311696114,"Up",0.601939525357542,0.999769115486285,"GO:0044275","cellular carbohydrate catabolic process"
20,0.0257534396407869,"Up",0.602222912467057,0.999769115486285,"GO:0030279","negative regulation of ossification"
41,0.0414916053583563,"Down",0.602641812791298,0.999769115486285,"GO:0046928","regulation of neurotransmitter secretion"
19,0.109155627869677,"Down",0.602947688810929,0.999769115486285,"GO:0002369","T cell cytokine production"
19,0.109155627869677,"Down",0.602947688810929,0.999769115486285,"GO:0002724","regulation of T cell cytokine production"
150,0.0439747493172906,"Up",0.602967206833305,0.999769115486285,"GO:0002449","lymphocyte mediated immunity"
32,0.0325081681913694,"Up",0.603305803258838,0.999769115486285,"GO:0060193","positive regulation of lipase activity"
26,0.026245211283308,"Down",0.603364854632584,0.999769115486285,"GO:1904707","positive regulation of vascular associated smooth muscle cell proliferation"
15,0.0460064230551178,"Down",0.60409519759202,0.999769115486285,"GO:1900120","regulation of receptor binding"
156,0.0355091344053574,"Down",0.604295514807518,0.999769115486285,"GO:0019932","second-messenger-mediated signaling"
180,0.034770968386961,"Down",0.604509977286609,0.999769115486285,"GO:0032943","mononuclear cell proliferation"
88,0.0431811931711023,"Down",0.604722920377128,0.999769115486285,"GO:0099504","synaptic vesicle cycle"
89,0.0394891317789806,"Down",0.604793054118211,0.999769115486285,"GO:0048660","regulation of smooth muscle cell proliferation"
61,0.0714571098724492,"Up",0.60481323545179,0.999769115486285,"GO:0000422","autophagy of mitochondrion"
61,0.0714571098724492,"Up",0.60481323545179,0.999769115486285,"GO:0061726","mitochondrion disassembly"
23,0.0346055481279366,"Up",0.605845010671311,0.999769115486285,"GO:0060317","cardiac epithelial to mesenchymal transition"
56,0.0536270032419026,"Down",0.606219508708802,0.999769115486285,"GO:1902749","regulation of cell cycle G2/M phase transition"
18,0.0164187395420413,"Down",0.606264351435454,0.999769115486285,"GO:0045932","negative regulation of muscle contraction"
66,0.0349173221702313,"Up",0.606508441980376,0.999769115486285,"GO:0006633","fatty acid biosynthetic process"
118,0.0327647380108964,"Up",0.606782205723033,0.999769115486285,"GO:0050679","positive regulation of epithelial cell proliferation"
49,0.0318371001760024,"Down",0.606997569552131,0.999769115486285,"GO:1901379","regulation of potassium ion transmembrane transport"
16,0.131698640099068,"Up",0.607356351617856,0.999769115486285,"GO:0001916","positive regulation of T cell mediated cytotoxicity"
44,0.043609294369261,"Up",0.608110524956124,0.999769115486285,"GO:0080164","regulation of nitric oxide metabolic process"
21,0.102951909157957,"Up",0.608329113035864,0.999769115486285,"GO:0042311","vasodilation"
45,0.0162078450718884,"Down",0.608428226439414,0.999769115486285,"GO:0062014","negative regulation of small molecule metabolic process"
70,0.0747179907141338,"Up",0.608452491483668,0.999769115486285,"GO:0062207","regulation of pattern recognition receptor signaling pathway"
28,0.113751585133558,"Down",0.609416370962695,0.999769115486285,"GO:1904358","positive regulation of telomere maintenance via telomere lengthening"
178,0.1382669319686,"Down",0.609479907645754,0.999769115486285,"GO:0000377","RNA splicing, via transesterification reactions with bulged adenosine as nucleophile"
178,0.1382669319686,"Down",0.609479907645754,0.999769115486285,"GO:0000398","mRNA splicing, via spliceosome"
39,0.11263035045188,"Up",0.609864983647656,0.999769115486285,"GO:0042987","amyloid precursor protein catabolic process"
92,0.0418688768113934,"Down",0.61024544750031,0.999769115486285,"GO:0048659","smooth muscle cell proliferation"
27,0.0249151189016531,"Up",0.610609181447238,0.999769115486285,"GO:0060976","coronary vasculature development"
19,-0.000666617594019869,"Up",0.610901156564051,0.999769115486285,"GO:0048806","genitalia development"
41,0.0553878425703168,"Down",0.611073956785653,0.999769115486285,"GO:0006094","gluconeogenesis"
16,0.0342266085781391,"Down",0.611544488446055,0.999769115486285,"GO:0019098","reproductive behavior"
190,0.0738190827799358,"Down",0.612003303798008,0.999769115486285,"GO:0034504","protein localization to nucleus"
19,0.0376639850561944,"Down",0.61220378404943,0.999769115486285,"GO:0098703","calcium ion import across plasma membrane"
209,0.0387273292635606,"Down",0.612710233823789,0.999769115486285,"GO:1901653","cellular response to peptide"
71,0.0650736093246894,"Up",0.612839740535159,0.999769115486285,"GO:0002377","immunoglobulin production"
27,0.115182479424856,"Up",0.612842869983168,0.999769115486285,"GO:0098781","ncRNA transcription"
105,0.0206282344256859,"Down",0.612920622093571,0.999769115486285,"GO:0044703","multi-organism reproductive process"
173,0.0797064851574528,"Down",0.613131683106531,0.999769115486285,"GO:0051054","positive regulation of DNA metabolic process"
411,0.0479776648735337,"Up",0.613157359021156,0.999769115486285,"GO:0045087","innate immune response"
420,0.0795834642643215,"Down",0.614148432620806,0.999769115486285,"GO:0016567","protein ubiquitination"
19,0.0087008311445116,"Up",0.614845823894462,0.999769115486285,"GO:0032148","activation of protein kinase B activity"
158,0.0622339976954814,"Down",0.614895013021178,0.999769115486285,"GO:0098813","nuclear chromosome segregation"
109,0.0349594839731957,"Down",0.614964746291988,0.999769115486285,"GO:0051216","cartilage development"
162,0.0340315468462187,"Up",0.614965020078555,0.999769115486285,"GO:0031349","positive regulation of defense response"
298,0.038540600888571,"Down",0.615115848213366,0.999769115486285,"GO:0051249","regulation of lymphocyte activation"
223,0.0517230099415022,"Down",0.61550676839383,0.999769115486285,"GO:0032535","regulation of cellular component size"
51,0.0359989735596406,"Up",0.615656752892384,0.999769115486285,"GO:0006809","nitric oxide biosynthetic process"
39,0.0495694616800009,"Down",0.61567440327487,0.999769115486285,"GO:0008589","regulation of smoothened signaling pathway"
16,0.030821406081032,"Up",0.615774830462134,0.999769115486285,"GO:0000002","mitochondrial genome maintenance"
62,0.0414416897054197,"Up",0.616020269808298,0.999769115486285,"GO:0050953","sensory perception of light stimulus"
91,0.0637829208207671,"Down",0.616031024035503,0.999769115486285,"GO:0070646","protein modification by small protein removal"
23,0.0515305523271317,"Up",0.616084918598304,0.999769115486285,"GO:0060043","regulation of cardiac muscle cell proliferation"
21,0.149921925480433,"Down",0.616470918664577,0.999769115486285,"GO:0050686","negative regulation of mRNA processing"
48,0.0418806606533497,"Down",0.61681714260694,0.999769115486285,"GO:1901019","regulation of calcium ion transmembrane transporter activity"
17,0.0406262268053528,"Up",0.616827324229048,0.999769115486285,"GO:0044342","type B pancreatic cell proliferation"
151,0.039241090098367,"Down",0.616835456946316,0.999769115486285,"GO:0051146","striated muscle cell differentiation"
74,0.0761899348809728,"Up",0.617107188846438,0.999769115486285,"GO:0043200","response to amino acid"
62,0.11791090809794,"Down",0.617128531510562,0.999769115486285,"GO:0032204","regulation of telomere maintenance"
29,0.0639053277918292,"Down",0.617511488044256,0.999769115486285,"GO:0033692","cellular polysaccharide biosynthetic process"
73,0.0380176085139259,"Up",0.617572835700105,0.999769115486285,"GO:0071322","cellular response to carbohydrate stimulus"
37,0.0411044724449224,"Down",0.617796205491032,0.999769115486285,"GO:0032623","interleukin-2 production"
37,0.0411044724449224,"Down",0.617796205491032,0.999769115486285,"GO:0032663","regulation of interleukin-2 production"
162,0.0291478486829328,"Down",0.617798597755538,0.999769115486285,"GO:0006936","muscle contraction"
232,0.0444957492219353,"Down",0.617934397886273,0.999769115486285,"GO:0043434","response to peptide hormone"
65,0.0487490288893618,"Down",0.618222950357058,0.999769115486285,"GO:0010586","miRNA metabolic process"
36,0.0720007346968561,"Down",0.61824259202705,0.999769115486285,"GO:0099565","chemical synaptic transmission, postsynaptic"
182,0.136742451906194,"Down",0.618544077996459,0.999769115486285,"GO:0000375","RNA splicing, via transesterification reactions"
437,0.0504284218394455,"Down",0.61897116753639,0.999769115486285,"GO:0080135","regulation of cellular response to stress"
19,0.0196199384010802,"Down",0.619081547138499,0.999769115486285,"GO:0016266","O-glycan processing"
310,0.0340126376940888,"Down",0.619272279940998,0.999769115486285,"GO:0045785","positive regulation of cell adhesion"
30,0.0781869635680248,"Down",0.619453257628571,0.999769115486285,"GO:1900026","positive regulation of substrate adhesion-dependent cell spreading"
135,0.044626655496606,"Down",0.619693422171505,0.999769115486285,"GO:0090068","positive regulation of cell cycle process"
16,0.0325678085575427,"Down",0.619968533433589,0.999769115486285,"GO:0061042","vascular wound healing"
29,0.0255647179649836,"Down",0.619970045869535,0.999769115486285,"GO:0045604","regulation of epidermal cell differentiation"
116,0.0423619114540703,"Up",0.620021590076999,0.999769115486285,"GO:0042593","glucose homeostasis"
33,0.0353396336348461,"Down",0.620456354840731,0.999769115486285,"GO:0045682","regulation of epidermis development"
138,0.0863293972002039,"Down",0.621472764553285,0.999769115486285,"GO:0031396","regulation of protein ubiquitination"
23,0.0869667330491532,"Up",0.62304756014059,0.999769115486285,"GO:0010662","regulation of striated muscle cell apoptotic process"
16,0.0971740574993003,"Up",0.623153064421324,0.999769115486285,"GO:2000679","positive regulation of transcription regulatory region DNA binding"
49,0.0336580489521556,"Down",0.623458301309397,0.999769115486285,"GO:0055017","cardiac muscle tissue growth"
463,0.0546108382337486,"Up",0.62353181438313,0.999769115486285,"GO:0061024","membrane organization"
211,0.0825622085915118,"Up",0.623729504173795,0.999769115486285,"GO:0010506","regulation of autophagy"
422,0.0349567923260042,"Down",0.623823083722836,0.999769115486285,"GO:0071363","cellular response to growth factor stimulus"
61,0.0319947757119262,"Down",0.623875503426203,0.999769115486285,"GO:0000077","DNA damage checkpoint signaling"
56,0.0238060199734545,"Up",0.624224625127808,0.999769115486285,"GO:0046330","positive regulation of JNK cascade"
77,0.0176089157867237,"Up",0.624455119420835,0.999769115486285,"GO:0007204","positive regulation of cytosolic calcium ion concentration"
317,0.0473081215156815,"Down",0.624812698220254,0.999769115486285,"GO:1902532","negative regulation of intracellular signal transduction"
60,0.074679610480583,"Down",0.625722108182621,0.999769115486285,"GO:0031397","negative regulation of protein ubiquitination"
76,0.0636615349753861,"Up",0.626366414011016,0.999769115486285,"GO:0002761","regulation of myeloid leukocyte differentiation"
32,0.0226407834590019,"Down",0.626480704514351,0.999769115486285,"GO:0002686","negative regulation of leukocyte migration"
19,0.126571086525373,"Down",0.626558892405856,0.999769115486285,"GO:0016233","telomere capping"
22,0.134192476019829,"Down",0.626959110192849,0.999769115486285,"GO:0006376","mRNA splice site selection"
115,0.0364317398053374,"Down",0.627006017884161,0.999769115486285,"GO:0022408","negative regulation of cell-cell adhesion"
28,0.015023098584792,"Down",0.627136233036567,0.999769115486285,"GO:0071548","response to dexamethasone"
50,0.0629552477801991,"Down",0.627393826811682,0.999769115486285,"GO:0014032","neural crest cell development"
71,0.0430956461023413,"Down",0.627463875205306,0.999769115486285,"GO:0002062","chondrocyte differentiation"
141,0.110577563484194,"Down",0.627717932714943,0.999769115486285,"GO:0000209","protein polyubiquitination"
28,0.0782045845791856,"Down",0.628341617390906,0.999769115486285,"GO:0098927","vesicle-mediated transport between endosomal compartments"
103,0.0531645372959016,"Up",0.628552175084826,0.999769115486285,"GO:0030324","lung development"
15,0.0982210948591258,"Up",0.628670174160416,0.999769115486285,"GO:0000096","sulfur amino acid metabolic process"
17,0.0613314392259018,"Down",0.628849557383667,0.999769115486285,"GO:0009649","entrainment of circadian clock"
41,0.0647593754397491,"Down",0.629092773144419,0.999769115486285,"GO:0098659","inorganic cation import across plasma membrane"
41,0.0647593754397491,"Down",0.629092773144419,0.999769115486285,"GO:0099587","inorganic ion import across plasma membrane"
180,0.040664220015429,"Down",0.629313522382603,0.999769115486285,"GO:0045787","positive regulation of cell cycle"
46,0.0103800445882191,"Down",0.629547202660402,0.999769115486285,"GO:0033273","response to vitamin"
32,0.0745568994882628,"Down",0.629841533552191,0.999769115486285,"GO:1902750","negative regulation of cell cycle G2/M phase transition"
59,0.0647727443310514,"Down",0.630450487894922,0.999769115486285,"GO:0055007","cardiac muscle cell differentiation"
353,0.0423987884619244,"Down",0.630752415633435,0.999769115486285,"GO:0071417","cellular response to organonitrogen compound"
88,0.0354201197678724,"Down",0.631087720999022,0.999769115486285,"GO:0033135","regulation of peptidyl-serine phosphorylation"
43,0.0281981299017227,"Down",0.631121118527131,0.999769115486285,"GO:0038066","p38MAPK cascade"
40,0.0818149662034907,"Down",0.63114807557418,0.999769115486285,"GO:0051438","regulation of ubiquitin-protein transferase activity"
47,0.13924185389037,"Down",0.631263821021716,0.999769115486285,"GO:0000245","spliceosomal complex assembly"
15,-0.0035048865042196,"Down",0.632042053453867,0.999769115486285,"GO:0060669","embryonic placenta morphogenesis"
93,0.0358315001594554,"Down",0.632308805365066,0.999769115486285,"GO:0055001","muscle cell development"
23,0.0216525720043197,"Up",0.632622256240808,0.999769115486285,"GO:0035909","aorta morphogenesis"
89,0.0206927193830223,"Up",0.632913000594177,0.999769115486285,"GO:0071621","granulocyte chemotaxis"
34,0.0870022130541042,"Up",0.633380715030683,0.999769115486285,"GO:0001961","positive regulation of cytokine-mediated signaling pathway"
104,0.0400906359568674,"Up",0.633425424982894,0.999769115486285,"GO:0043433","negative regulation of DNA-binding transcription factor activity"
15,0.126110907782806,"Down",0.633664110854056,0.999769115486285,"GO:0060148","positive regulation of post-transcriptional gene silencing"
15,0.126110907782806,"Down",0.633664110854056,0.999769115486285,"GO:1900370","positive regulation of post-transcriptional gene silencing by RNA"
15,0.126110907782806,"Down",0.633664110854056,0.999769115486285,"GO:2000637","positive regulation of miRNA-mediated gene silencing"
208,0.0335187591924875,"Up",0.633925768982215,0.999769115486285,"GO:0070482","response to oxygen levels"
55,0.0318407116207228,"Up",0.634070702821815,0.999769115486285,"GO:0030901","midbrain development"
90,0.0367198584972038,"Up",0.634339294298247,0.999769115486285,"GO:0001936","regulation of endothelial cell proliferation"
25,0.0827736998837677,"Up",0.634427023903475,0.999769115486285,"GO:0046636","negative regulation of alpha-beta T cell activation"
29,0.127402297401702,"Up",0.634445322091467,0.999769115486285,"GO:1902991","regulation of amyloid precursor protein catabolic process"
33,0.0979681079624253,"Up",0.63464622577177,0.999769115486285,"GO:1903747","regulation of establishment of protein localization to mitochondrion"
25,0.0782853005517863,"Down",0.634820622056178,0.999769115486285,"GO:0045022","early endosome to late endosome transport"
52,0.0410652685719598,"Up",0.634988691749632,0.999769115486285,"GO:0051781","positive regulation of cell division"
30,0.0579981913460107,"Down",0.635119140396405,0.999769115486285,"GO:0042149","cellular response to glucose starvation"
79,0.0515898870319583,"Down",0.635197186606027,0.999769115486285,"GO:0050806","positive regulation of synaptic transmission"
175,0.0401449519881285,"Down",0.635526587592251,0.999769115486285,"GO:0046486","glycerolipid metabolic process"
65,0.0422434295590253,"Down",0.635584937969899,0.999769115486285,"GO:1990830","cellular response to leukemia inhibitory factor"
29,0.0191204579063006,"Up",0.6360306027559,0.999769115486285,"GO:0002820","negative regulation of adaptive immune response"
33,0.0337657868819428,"Down",0.636065265392014,0.999769115486285,"GO:0051145","smooth muscle cell differentiation"
153,0.0423950716436282,"Up",0.636552481708186,0.999769115486285,"GO:0034612","response to tumor necrosis factor"
96,0.0419698322839247,"Down",0.636588976340177,0.999769115486285,"GO:0051250","negative regulation of lymphocyte activation"
34,0.0538603618832284,"Down",0.636797736471228,0.999769115486285,"GO:1902808","positive regulation of cell cycle G1/S phase transition"
77,0.0583897823980914,"Down",0.637109470125338,0.999769115486285,"GO:0043244","regulation of protein-containing complex disassembly"
34,-0.00871399937424129,"Down",0.637538643944783,0.999769115486285,"GO:0046888","negative regulation of hormone secretion"
257,0.116034710774329,"Down",0.637690447443436,0.999769115486285,"GO:0008380","RNA splicing"
18,0.0763489641567713,"Down",0.637720379068539,0.999769115486285,"GO:0031365","N-terminal protein amino acid modification"
17,0.0486558932911581,"Down",0.637907156893688,0.999769115486285,"GO:0097150","neuronal stem cell population maintenance"
33,0.0533592876419896,"Down",0.638120006550474,0.999769115486285,"GO:1904888","cranial skeletal system development"
95,0.0365614166681424,"Up",0.638181678045868,0.999769115486285,"GO:0034341","response to interferon-gamma"
154,0.0729175098696795,"Down",0.638215181169847,0.999769115486285,"GO:0032259","methylation"
45,0.0312436466292116,"Down",0.638294623250297,0.999769115486285,"GO:0032418","lysosome localization"
45,0.0312436466292116,"Down",0.638294623250297,0.999769115486285,"GO:1990849","vacuolar localization"
73,0.0450465046678497,"Down",0.638350844878771,0.999769115486285,"GO:0030902","hindbrain development"
305,0.0287677788933031,"Down",0.638451503610922,0.999769115486285,"GO:0007186","G protein-coupled receptor signaling pathway"
15,0.0135661356571089,"Down",0.638757258279584,0.999769115486285,"GO:0051450","myoblast proliferation"
31,0.0480174446155222,"Down",0.639109666909478,0.999769115486285,"GO:0002762","negative regulation of myeloid leukocyte differentiation"
166,0.0370798882737041,"Down",0.639940344925344,0.999769115486285,"GO:0043010","camera-type eye development"
18,0.0307908901611219,"Down",0.639960135635615,0.999769115486285,"GO:0002068","glandular epithelial cell development"
45,0.0612037633147241,"Down",0.640009342782176,0.999769115486285,"GO:1902117","positive regulation of organelle assembly"
50,0.0436221582280568,"Up",0.640194375628757,0.999769115486285,"GO:0002526","acute inflammatory response"
209,0.0213973100339488,"Up",0.64033802551827,0.999769115486285,"GO:0010817","regulation of hormone levels"
74,0.0525159132319882,"Up",0.64060699372321,0.999769115486285,"GO:0001678","cellular glucose homeostasis"
81,0.0722757664361491,"Up",0.641288387534729,0.999769115486285,"GO:0001101","response to acid chemical"
80,0.0304757273516015,"Up",0.641607411848529,0.999769115486285,"GO:0070304","positive regulation of stress-activated protein kinase signaling cascade"
29,0.0348301170198331,"Up",0.642025315719305,0.999769115486285,"GO:0003143","embryonic heart tube morphogenesis"
38,0.0924383883143933,"Down",0.642151781291621,0.999769115486285,"GO:0002218","activation of innate immune response"
285,0.0491983052552848,"Up",0.642494942776828,0.999769115486285,"GO:0022411","cellular component disassembly"
67,0.107971747623352,"Down",0.642670048333654,0.999769115486285,"GO:2001252","positive regulation of chromosome organization"
104,0.089228339296969,"Down",0.642892265240183,0.999769115486285,"GO:0009755","hormone-mediated signaling pathway"
27,0.0449040832726311,"Up",0.643230135928989,0.999769115486285,"GO:0009394","2'-deoxyribonucleotide metabolic process"
49,0.0469806214587519,"Up",0.643296279836059,0.999769115486285,"GO:0051262","protein tetramerization"
21,0.0109468148155549,"Down",0.64346455682633,0.999769115486285,"GO:0007176","regulation of epidermal growth factor-activated receptor activity"
93,0.0580895988631881,"Down",0.644348086544414,0.999769115486285,"GO:0014065","phosphatidylinositol 3-kinase signaling"
29,0.0629135820245359,"Up",0.644397393853139,0.999769115486285,"GO:2000273","positive regulation of signaling receptor activity"
148,0.0295641378903686,"Down",0.644453607741747,0.999769115486285,"GO:0033673","negative regulation of kinase activity"
378,0.0491122475720685,"Down",0.64448097189997,0.999769115486285,"GO:0051301","cell division"
39,0.055511290904834,"Down",0.645168981733849,0.999769115486285,"GO:2001238","positive regulation of extrinsic apoptotic signaling pathway"
227,0.0383212149958001,"Down",0.645205280451651,0.999769115486285,"GO:0040013","negative regulation of locomotion"
94,0.0345534424242988,"Up",0.645274915165885,0.999769115486285,"GO:0007568","aging"
295,0.071079773987282,"Down",0.645759506682248,0.999769115486285,"GO:0051276","chromosome organization"
132,0.0270025953426873,"Up",0.646370572785742,0.999769115486285,"GO:0015849","organic acid transport"
106,0.0507950139634675,"Up",0.646971776484856,0.999769115486285,"GO:0001659","temperature homeostasis"
135,0.0323209506951767,"Up",0.647493894197312,0.999769115486285,"GO:0010466","negative regulation of peptidase activity"
15,0.101966485673845,"Up",0.647616995374707,0.999769115486285,"GO:1902774","late endosome to lysosome transport"
153,0.0474209526679278,"Up",0.647639301462875,0.999769115486285,"GO:0001818","negative regulation of cytokine production"
288,0.0307806798778145,"Down",0.647968348638381,0.999769115486285,"GO:0022407","regulation of cell-cell adhesion"
17,0.00315936140552604,"Up",0.648011441876305,0.999769115486285,"GO:0071312","cellular response to alkaloid"
82,0.0743201154597179,"Up",0.648087603638091,0.999769115486285,"GO:1904375","regulation of protein localization to cell periphery"
42,0.0571340234714909,"Down",0.648741089546704,0.999769115486285,"GO:0010761","fibroblast migration"
34,0.0542058686160141,"Down",0.648773000541842,0.999769115486285,"GO:0043113","receptor clustering"
128,0.0380589806358296,"Down",0.648969239557007,0.999769115486285,"GO:0050866","negative regulation of cell activation"
319,0.0801926908980989,"Down",0.649488864463145,0.999769115486285,"GO:0010608","post-transcriptional regulation of gene expression"
135,0.0364479225507357,"Up",0.649796903505547,0.999769115486285,"GO:0000302","response to reactive oxygen species"
181,0.0555454068180705,"Up",0.650176023798732,0.999769115486285,"GO:0034599","cellular response to oxidative stress"
26,0.0386411057340681,"Up",0.650788570017111,0.999769115486285,"GO:0008608","attachment of spindle microtubules to kinetochore"
62,0.0476318213145689,"Down",0.651022200675126,0.999769115486285,"GO:0071482","cellular response to light stimulus"
20,0.0424573825381389,"Up",0.651144620670972,0.999769115486285,"GO:0046460","neutral lipid biosynthetic process"
20,0.0424573825381389,"Up",0.651144620670972,0.999769115486285,"GO:0046463","acylglycerol biosynthetic process"
20,0.0119394490737922,"Up",0.652128178923673,0.999769115486285,"GO:0060421","positive regulation of heart growth"
71,0.0402774303714359,"Down",0.652257846352681,0.999769115486285,"GO:0001508","action potential"
103,0.0530302152305868,"Down",0.652385531971415,0.999769115486285,"GO:1902904","negative regulation of supramolecular fiber organization"
283,0.0484683063030074,"Down",0.652524414066632,0.999769115486285,"GO:0090066","regulation of anatomical structure size"
65,0.0573272366542178,"Up",0.653234988058477,0.999769115486285,"GO:0006906","vesicle fusion"
65,0.0573272366542178,"Up",0.653234988058477,0.999769115486285,"GO:0090174","organelle membrane fusion"
72,0.0318535021904231,"Down",0.653455147285644,0.999769115486285,"GO:0072175","epithelial tube formation"
304,0.041954864176726,"Down",0.65390849307142,0.999769115486285,"GO:0007610","behavior"
42,0.0416262640209235,"Down",0.6539409633308,0.999769115486285,"GO:0006821","chloride transport"
110,0.0631502945468633,"Up",0.654024272118994,0.999769115486285,"GO:1905475","regulation of protein localization to membrane"
83,0.0290963684568259,"Up",0.654168227718309,0.999769115486285,"GO:0046890","regulation of lipid biosynthetic process"
310,0.0357389555603308,"Down",0.654216318581039,0.999769115486285,"GO:0042110","T cell activation"
50,0.114051661388001,"Down",0.654223944167743,0.999769115486285,"GO:2000781","positive regulation of double-strand break repair"
232,0.0435212640232459,"Down",0.654900242804552,0.999769115486285,"GO:0000280","nuclear division"
88,0.0400083432122013,"Up",0.655007487402596,0.999769115486285,"GO:0010469","regulation of signaling receptor activity"
45,0.0133511311609056,"Down",0.655012414487099,0.999769115486285,"GO:0014743","regulation of muscle hypertrophy"
37,0.0408754476714648,"Down",0.655346133564827,0.999769115486285,"GO:1903317","regulation of protein maturation"
24,0.0550924866888634,"Up",0.655742423466789,0.999769115486285,"GO:0046605","regulation of centrosome cycle"
16,0.0312093042206093,"Down",0.655779160087675,0.999769115486285,"GO:0010623","programmed cell death involved in cell development"
463,0.0359353207566314,"Down",0.656031069137541,0.999769115486285,"GO:0043549","regulation of kinase activity"
23,-0.00209270970639247,"Down",0.656038436244715,0.999769115486285,"GO:0050798","activated T cell proliferation"
18,0.0884596289661147,"Down",0.656356014271203,0.999769115486285,"GO:0006972","hyperosmotic response"
146,0.0473297682368917,"Up",0.656358963352006,0.999769115486285,"GO:2001234","negative regulation of apoptotic signaling pathway"
37,0.0733613890326617,"Up",0.656876191580919,0.999769115486285,"GO:0006637","acyl-CoA metabolic process"
37,0.0733613890326617,"Up",0.656876191580919,0.999769115486285,"GO:0035383","thioester metabolic process"
29,0.00396121869057353,"Down",0.657411960635588,0.999769115486285,"GO:0046677","response to antibiotic"
108,0.0585220796399424,"Up",0.657540808576202,0.999769115486285,"GO:0002262","myeloid cell homeostasis"
20,0.0129898146243844,"Up",0.658560146207644,0.999769115486285,"GO:0098901","regulation of cardiac muscle cell action potential"
117,0.0411699703997352,"Up",0.659974153788623,0.999769115486285,"GO:0033500","carbohydrate homeostasis"
130,0.0375897444471446,"Down",0.660207553638008,0.999769115486285,"GO:0033002","muscle cell proliferation"
66,0.0363157659336883,"Down",0.660284757827495,0.999769115486285,"GO:0033138","positive regulation of peptidyl-serine phosphorylation"
49,0.0694477068609034,"Down",0.660307440036484,0.999769115486285,"GO:0061515","myeloid cell development"
27,0.022476817620257,"Up",0.660681318953042,0.999769115486285,"GO:0002823","negative regulation of adaptive immune response based on somatic recombination of immune receptors built from immunoglobulin superfamily domains"
26,0.0959374531928339,"Down",0.660692118723891,0.999769115486285,"GO:0032212","positive regulation of telomere maintenance via telomerase"
78,0.0265560172298203,"Up",0.66101372884275,0.999769115486285,"GO:0032874","positive regulation of stress-activated MAPK cascade"
46,0.0319008589585198,"Down",0.66104718833818,0.999769115486285,"GO:0060395","SMAD protein signal transduction"
27,0.025161564513899,"Down",0.6610505315854,0.999769115486285,"GO:0030201","heparan sulfate proteoglycan metabolic process"
187,0.0330308532523096,"Up",0.661210919145242,0.999769115486285,"GO:0036293","response to decreased oxygen levels"
290,0.031857473328278,"Down",0.66142918683555,0.999769115486285,"GO:0034762","regulation of transmembrane transport"
40,0.0564843256556414,"Up",0.661736091490919,0.999769115486285,"GO:0070265","necrotic cell death"
144,0.055452280855154,"Up",0.662064231320048,0.999769115486285,"GO:0051047","positive regulation of secretion"
103,0.0332828763626686,"Down",0.662559013103502,0.999769115486285,"GO:0043409","negative regulation of MAPK cascade"
80,0.0645307597722016,"Up",0.662611249329508,0.999769115486285,"GO:0016052","carbohydrate catabolic process"
32,0.0565512793680414,"Down",0.662896405012388,0.999769115486285,"GO:0006940","regulation of smooth muscle contraction"
20,0.0667625836609891,"Down",0.663637182390531,0.999769115486285,"GO:0032881","regulation of polysaccharide metabolic process"
17,0.054790256734629,"Up",0.663674661109871,0.999769115486285,"GO:0090200","positive regulation of release of cytochrome c from mitochondria"
26,0.0538864951524527,"Up",0.663689574287582,0.999769115486285,"GO:0090224","regulation of spindle organization"
75,0.0425533369202138,"Up",0.664156428370418,0.999769115486285,"GO:1901222","regulation of NIK/NF-kappaB signaling"
208,0.0389245612129431,"Down",0.66434196521644,0.999769115486285,"GO:0001701","in utero embryonic development"
18,0.0124498279232206,"Down",0.664352770314899,0.999769115486285,"GO:0046426","negative regulation of receptor signaling pathway via JAK-STAT"
32,0.158861126550145,"Down",0.664430463759297,0.999769115486285,"GO:0002183","cytoplasmic translational initiation"
22,0.153816102055978,"Up",0.664473983900422,0.999769115486285,"GO:0099022","vesicle tethering"
203,0.0342557788117437,"Down",0.664957548703478,0.999769115486285,"GO:0070661","leukocyte proliferation"
132,0.0233269639475839,"Down",0.66518512777734,0.999769115486285,"GO:0007599","hemostasis"
15,0.0296149431418404,"Down",0.665225667325738,0.999769115486285,"GO:0050860","negative regulation of T cell receptor signaling pathway"
380,0.04371417913934,"Down",0.665250112584914,0.999769115486285,"GO:1901699","cellular response to nitrogen compound"
78,0.0314366247025704,"Down",0.665801139188246,0.999769115486285,"GO:0016331","morphogenesis of embryonic epithelium"
18,0.0600210887413756,"Up",0.665885360600724,0.999769115486285,"GO:0033598","mammary gland epithelial cell proliferation"
127,0.0396460164303108,"Up",0.665946061856252,0.999769115486285,"GO:0002703","regulation of leukocyte mediated immunity"
192,0.0315446852209796,"Down",0.665964435305143,0.999769115486285,"GO:0043062","extracellular structure organization"
112,0.0325268678003189,"Down",0.665997528872072,0.999769115486285,"GO:0050731","positive regulation of peptidyl-tyrosine phosphorylation"
61,0.0470925926458028,"Up",0.66608862585097,0.999769115486285,"GO:0032414","positive regulation of ion transmembrane transporter activity"
26,0.0427000895731899,"Down",0.666089523619467,0.999769115486285,"GO:0060711","labyrinthine layer development"
30,0.0723609153300307,"Up",0.667003187068219,0.999769115486285,"GO:0071806","protein transmembrane transport"
310,0.0646912039323381,"Down",0.667045013832859,0.999769115486285,"GO:0000226","microtubule cytoskeleton organization"
28,0.00675809375855342,"Up",0.667259269727424,0.999769115486285,"GO:0009064","glutamine family amino acid metabolic process"
62,0.0767226814298607,"Up",0.667758369217834,0.999769115486285,"GO:0003279","cardiac septum development"
158,0.025508603243558,"Up",0.667973454015394,0.999769115486285,"GO:0062012","regulation of small molecule metabolic process"
26,0.0623560482483265,"Down",0.668235581245412,0.999769115486285,"GO:1901568","fatty acid derivative metabolic process"
60,0.0338937895521713,"Down",0.668282819221371,0.999769115486285,"GO:0071774","response to fibroblast growth factor"
25,0.0265137371308503,"Down",0.668368878140503,0.999769115486285,"GO:0051294","establishment of spindle orientation"
35,0.097558073319806,"Down",0.668479601174821,0.999769115486285,"GO:0072698","protein localization to microtubule cytoskeleton"
56,0.0331859995216754,"Down",0.668585949618401,0.999769115486285,"GO:0014020","primary neural tube formation"
21,0.0530479572634526,"Up",0.668960027972326,0.999769115486285,"GO:0007431","salivary gland development"
21,0.0530479572634526,"Up",0.668960027972326,0.999769115486285,"GO:0007435","salivary gland morphogenesis"
44,0.0170504937846145,"Down",0.669805150619456,0.999769115486285,"GO:0051153","regulation of striated muscle cell differentiation"
22,0.0582309700324713,"Down",0.670166307680588,0.999769115486285,"GO:0010677","negative regulation of cellular carbohydrate metabolic process"
74,0.0359290579688767,"Down",0.670249543290883,0.999769115486285,"GO:0014074","response to purine-containing compound"
69,0.0219872680305817,"Up",0.670431226680642,0.999769115486285,"GO:0003206","cardiac chamber morphogenesis"
56,0.0352913773947694,"Up",0.670695840600238,0.999769115486285,"GO:0002444","myeloid leukocyte mediated immunity"
245,0.0359480249560972,"Down",0.670825163965738,0.999769115486285,"GO:0007159","leukocyte cell-cell adhesion"
191,0.0324118715132906,"Down",0.671619799861439,0.999769115486285,"GO:0030198","extracellular matrix organization"
191,0.0324118715132906,"Down",0.671619799861439,0.999769115486285,"GO:0045229","external encapsulating structure organization"
316,0.047056372596544,"Down",0.67165408806262,0.999769115486285,"GO:0071407","cellular response to organic cyclic compound"
100,0.0437807064822843,"Down",0.67196491916853,0.999769115486285,"GO:0099003","vesicle-mediated transport in synapse"
36,0.0343573811507428,"Down",0.672312679267274,0.999769115486285,"GO:0031641","regulation of myelination"
22,0.0669190820037323,"Up",0.67277848775182,0.999769115486285,"GO:0003203","endocardial cushion morphogenesis"
44,0.0364999228311097,"Down",0.672863490794954,0.999769115486285,"GO:0001736","establishment of planar polarity"
44,0.0364999228311097,"Down",0.672863490794954,0.999769115486285,"GO:0007164","establishment of tissue polarity"
84,0.118438138304547,"Down",0.672876820164285,0.999769115486285,"GO:0006413","translational initiation"
90,0.0630430517486291,"Down",0.673024348561194,0.999769115486285,"GO:0098876","vesicle-mediated transport to the plasma membrane"
16,0.0177819286046188,"Down",0.673060809250553,0.999769115486285,"GO:0008045","motor neuron axon guidance"
18,-0.00636856986788916,"Up",0.673404070622578,0.999769115486285,"GO:0032366","intracellular sterol transport"
19,0.0525618029217152,"Up",0.673411711823075,0.999769115486285,"GO:0006221","pyrimidine nucleotide biosynthetic process"
33,0.0671721689822351,"Up",0.673750374817367,0.999769115486285,"GO:0045646","regulation of erythrocyte differentiation"
15,0.0943202966660657,"Down",0.67375980137548,0.999769115486285,"GO:0051569","regulation of histone H3-K4 methylation"
34,0.0409935759162128,"Down",0.673826129408749,0.999769115486285,"GO:0045599","negative regulation of fat cell differentiation"
192,0.0319319525469893,"Down",0.674052106036233,0.999769115486285,"GO:0090287","regulation of cellular response to growth factor stimulus"
25,0.0659193310912038,"Up",0.674055142295462,0.999769115486285,"GO:0010939","regulation of necrotic cell death"
29,0.0997813478448582,"Down",0.674770942186206,0.999769115486285,"GO:2000144","positive regulation of DNA-templated transcription initiation"
20,0.0262319044573425,"Up",0.674884565903372,0.999769115486285,"GO:1900745","positive regulation of p38MAPK cascade"
120,0.0475651718297101,"Down",0.674975916301951,0.999769115486285,"GO:0045165","cell fate commitment"
21,0.0540961953010336,"Up",0.675080583582778,0.999769115486285,"GO:0072528","pyrimidine-containing compound biosynthetic process"
113,0.0547901871060776,"Down",0.675183367941548,0.999769115486285,"GO:0048017","inositol lipid-mediated signaling"
39,0.0155226372210624,"Down",0.675240039816315,0.999769115486285,"GO:0043407","negative regulation of MAP kinase activity"
24,0.146227826041454,"Down",0.675407623816789,0.999769115486285,"GO:0070266","necroptotic process"
29,0.0264043465103109,"Down",0.675639758657053,0.999769115486285,"GO:0030850","prostate gland development"
36,0.0962860514548293,"Down",0.675773915185836,0.999769115486285,"GO:0044380","protein localization to cytoskeleton"
24,0.0222982334502611,"Up",0.675790331817063,0.999769115486285,"GO:0001974","blood vessel remodeling"
98,0.0441761058323691,"Down",0.6758933472462,0.999769115486285,"GO:0048705","skeletal system morphogenesis"
219,0.0335822961572205,"Down",0.675903589412338,0.999769115486285,"GO:0050863","regulation of T cell activation"
223,0.0664469646643742,"Down",0.675915630415378,0.999769115486285,"GO:0034655","nucleobase-containing compound catabolic process"
224,0.0330460795800611,"Up",0.676184774818888,0.999769115486285,"GO:0032102","negative regulation of response to external stimulus"
90,0.0536125369667573,"Down",0.67619998076988,0.999769115486285,"GO:0051092","positive regulation of NF-kappaB transcription factor activity"
17,0.0586180144812044,"Down",0.676841248078303,0.999769115486285,"GO:0001662","behavioral fear response"
18,-0.00252964343955669,"Up",0.677300268046799,0.999769115486285,"GO:0031571","mitotic G1 DNA damage checkpoint signaling"
18,-0.00252964343955669,"Up",0.677300268046799,0.999769115486285,"GO:0044819","mitotic G1/S transition checkpoint signaling"
183,0.0248608667092721,"Up",0.677303182667507,0.999769115486285,"GO:0070371","ERK1 and ERK2 cascade"
63,0.0790017067053616,"Up",0.677972564621825,0.999769115486285,"GO:0071347","cellular response to interleukin-1"
17,0.00243855187192091,"Up",0.67830046070131,0.999769115486285,"GO:0055023","positive regulation of cardiac muscle tissue growth"
19,0.0202776109892242,"Down",0.67863685581667,0.999769115486285,"GO:0032924","activin receptor signaling pathway"
63,0.00758515132715398,"Up",0.678840880314611,0.999769115486285,"GO:0010565","regulation of cellular ketone metabolic process"
37,0.012517340122821,"Down",0.67906721895862,0.999769115486285,"GO:0022600","digestive system process"
38,0.0717660368849013,"Up",0.679204339936976,0.999769115486285,"GO:0043388","positive regulation of DNA binding"
19,-0.00139328680810746,"Down",0.679428835766017,0.999769115486285,"GO:0048384","retinoic acid receptor signaling pathway"
32,0.0166258704163839,"Down",0.679524757125125,0.999769115486285,"GO:0033628","regulation of cell adhesion mediated by integrin"
25,0.0354860696182226,"Up",0.679615718056452,0.999769115486285,"GO:0009126","purine nucleoside monophosphate metabolic process"
25,0.0566448470887061,"Down",0.680099356357274,0.999769115486285,"GO:0048713","regulation of oligodendrocyte differentiation"
130,0.0223950865994965,"Down",0.680335785572432,0.999769115486285,"GO:0050817","coagulation"
108,0.0226975292524715,"Down",0.680844019982471,0.999769115486285,"GO:0044706","multi-multicellular organism process"
15,0.051543605422325,"Down",0.681150422418876,0.999769115486285,"GO:0035020","regulation of Rac protein signal transduction"
26,0.0984895286261086,"Down",0.68135699396965,0.999769115486285,"GO:0060964","regulation of miRNA-mediated gene silencing"
53,0.0314110363392127,"Down",0.681504526931508,0.999769115486285,"GO:0001843","neural tube closure"
53,0.0314110363392127,"Down",0.681504526931508,0.999769115486285,"GO:0060606","tube closure"
369,0.0353113103622425,"Up",0.68231714430615,0.999769115486285,"GO:0098662","inorganic cation transmembrane transport"
19,0.0362815345135933,"Down",0.682774031181257,0.999769115486285,"GO:0015012","heparan sulfate proteoglycan biosynthetic process"
31,0.0743807579147241,"Down",0.68282802342279,0.999769115486285,"GO:0006305","DNA alkylation"
31,0.0743807579147241,"Down",0.68282802342279,0.999769115486285,"GO:0006306","DNA methylation"
77,0.0251606572046091,"Down",0.682830509907698,0.999769115486285,"GO:0008037","cell recognition"
127,0.0261318673914815,"Down",0.682962115380856,0.999769115486285,"GO:0042098","T cell proliferation"
237,0.0411593123709689,"Down",0.683126429973508,0.999769115486285,"GO:0042326","negative regulation of phosphorylation"
275,0.0300624045732737,"Up",0.684071750364068,0.999769115486285,"GO:0032103","positive regulation of response to external stimulus"
57,0.064903122944449,"Down",0.684074158535405,0.999769115486285,"GO:0002456","T cell mediated immunity"
23,0.039266132784805,"Down",0.684207065590296,0.999769115486285,"GO:0033032","regulation of myeloid cell apoptotic process"
38,0.173044067666899,"Up",0.684207144911717,0.999769115486285,"GO:0051058","negative regulation of small GTPase mediated signal transduction"
17,0.000555581765460347,"Up",0.684673995392779,0.999769115486285,"GO:0033688","regulation of osteoblast proliferation"
58,0.0235367348482388,"Down",0.68504099606356,0.999769115486285,"GO:0046545","development of primary female sexual characteristics"
81,0.0205406801956889,"Up",0.68505303177165,0.999769115486285,"GO:0007584","response to nutrient"
46,0.0127596034715911,"Down",0.685406709474112,0.999769115486285,"GO:2000401","regulation of lymphocyte migration"
337,0.0371792607811935,"Up",0.68548300107148,0.999769115486285,"GO:0031347","regulation of defense response"
48,0.0310508476550145,"Down",0.685652767908721,0.999769115486285,"GO:0007260","tyrosine phosphorylation of STAT protein"
175,0.0410158086849786,"Down",0.685788132848046,0.999769115486285,"GO:0001822","kidney development"
26,0.0285229715966714,"Down",0.685907880772236,0.999769115486285,"GO:0089718","amino acid import across plasma membrane"
103,0.0742956503348404,"Up",0.686027879522267,0.999769115486285,"GO:2001236","regulation of extrinsic apoptotic signaling pathway"
22,0.0227846762080336,"Down",0.686066927597314,0.999769115486285,"GO:0002335","mature B cell differentiation"
19,0.0879516729970325,"Up",0.686098815832288,0.999769115486285,"GO:0072210","metanephric nephron development"
395,0.0333004741864211,"Up",0.686105098004702,0.999769115486285,"GO:0098660","inorganic ion transmembrane transport"
21,0.111702615502158,"Up",0.686254813107861,0.999769115486285,"GO:0050891","multicellular organismal water homeostasis"
38,0.051582852934146,"Down",0.68628400347121,0.999769115486285,"GO:0061951","establishment of protein localization to plasma membrane"
25,0.0391979190944615,"Up",0.686386522907358,0.999769115486285,"GO:0017156","calcium-ion regulated exocytosis"
30,0.0568201787666052,"Up",0.686780114439162,0.999769115486285,"GO:0060294","cilium movement involved in cell motility"
16,0.00376154858005728,"Up",0.687653853321741,0.999769115486285,"GO:0051180","vitamin transport"
21,0.0718888479107421,"Up",0.68766808183399,0.999769115486285,"GO:0032620","interleukin-17 production"
21,0.0718888479107421,"Up",0.68766808183399,0.999769115486285,"GO:0032660","regulation of interleukin-17 production"
18,0.0881221253011668,"Down",0.687946957895334,0.999769115486285,"GO:0045879","negative regulation of smoothened signaling pathway"
18,0.0934341458274139,"Up",0.688681638876262,0.999769115486285,"GO:0120033","negative regulation of plasma membrane bounded cell projection assembly"
84,0.0521819410974383,"Up",0.689196225342952,0.999769115486285,"GO:0070555","response to interleukin-1"
46,0.0343590217788927,"Up",0.689276443351504,0.999769115486285,"GO:0001960","negative regulation of cytokine-mediated signaling pathway"
56,0.0217020135393048,"Down",0.689975666208461,0.999769115486285,"GO:0008585","female gonad development"
22,0.0421055367773353,"Up",0.68997821091521,0.999769115486285,"GO:0070050","neuron cellular homeostasis"
169,0.0231239801456986,"Up",0.690036308372355,0.999769115486285,"GO:0070372","regulation of ERK1 and ERK2 cascade"
27,0.103405174942791,"Up",0.690071382249057,0.999769115486285,"GO:0050850","positive regulation of calcium-mediated signaling"
28,0.0394490844406387,"Up",0.690258972810317,0.999769115486285,"GO:0030317","flagellated sperm motility"
28,0.0394490844406387,"Up",0.690258972810317,0.999769115486285,"GO:0097722","sperm motility"
129,0.0214827043900832,"Down",0.690386012457779,0.999769115486285,"GO:0007596","blood coagulation"
105,0.075454681931933,"Up",0.690453634258374,0.999769115486285,"GO:0050792","regulation of viral process"
26,-0.00208325501183164,"Up",0.690617903005928,0.999769115486285,"GO:0045577","regulation of B cell differentiation"
17,0.0183428811982791,"Up",0.690704201751487,0.999769115486285,"GO:0019432","triglyceride biosynthetic process"
42,0.0680209007661315,"Up",0.690704691605299,0.999769115486285,"GO:0043112","receptor metabolic process"
156,0.0455407973741876,"Up",0.690788217003024,0.999769115486285,"GO:0043542","endothelial cell migration"
51,0.0372440884071058,"Down",0.690927656527276,0.999769115486285,"GO:0045833","negative regulation of lipid metabolic process"
178,0.0326973446725559,"Up",0.690930819803649,0.999769115486285,"GO:0001666","response to hypoxia"
38,0.0190870422082205,"Down",0.691253495476982,0.999769115486285,"GO:0007127","meiosis I"
96,0.0289815854568494,"Down",0.691606315378755,0.999769115486285,"GO:1903169","regulation of calcium ion transmembrane transport"
31,0.0295943242406655,"Down",0.692293517509132,0.999769115486285,"GO:1904036","negative regulation of epithelial cell apoptotic process"
18,0.0386260217933901,"Up",0.693097203537218,0.999769115486285,"GO:0046189","phenol-containing compound biosynthetic process"
15,0.021866229826156,"Up",0.693239891773992,0.999769115486285,"GO:0090141","positive regulation of mitochondrial fission"
25,0.0489732811043962,"Down",0.693472034158227,0.999769115486285,"GO:0044818","mitotic G2/M transition checkpoint"
29,0.034050638156708,"Down",0.693652527837057,0.999769115486285,"GO:0007528","neuromuscular junction development"
47,0.0452895401010378,"Down",0.694368115451495,0.999769115486285,"GO:0051279","regulation of release of sequestered calcium ion into cytosol"
22,0.138907856703924,"Up",0.694484878922415,0.999769115486285,"GO:0070741","response to interleukin-6"
20,0.0570426751999217,"Up",0.695493758161173,0.999769115486285,"GO:0042059","negative regulation of epidermal growth factor receptor signaling pathway"
19,0.0423628851131692,"Down",0.695687016195282,0.999769115486285,"GO:0007095","mitotic G2 DNA damage checkpoint signaling"
140,0.0374627447010524,"Up",0.695974762956065,0.999769115486285,"GO:0001894","tissue homeostasis"
38,0.0324824919182045,"Up",0.696153435008118,0.999769115486285,"GO:0070542","response to fatty acid"
117,0.078181193302084,"Down",0.697112612517891,0.999769115486285,"GO:2000058","regulation of ubiquitin-dependent protein catabolic process"
20,0.0577701266110136,"Up",0.697128151719332,0.999769115486285,"GO:0001881","receptor recycling"
18,0.000699676672002593,"Down",0.697453252494262,0.999769115486285,"GO:0090330","regulation of platelet aggregation"
186,0.0426851458791121,"Down",0.697674057042917,0.999769115486285,"GO:0071559","response to transforming growth factor beta"
48,0.0123139730977291,"Down",0.69781381722975,0.999769115486285,"GO:0035924","cellular response to vascular endothelial growth factor stimulus"
19,0.0269881209213064,"Down",0.698131458494677,0.999769115486285,"GO:1901385","regulation of voltage-gated calcium channel activity"
37,0.0990924633772262,"Down",0.698132722477552,0.999769115486285,"GO:0060337","type I interferon signaling pathway"
26,-0.00217340683721001,"Down",0.698249294622738,0.999769115486285,"GO:0072348","sulfur compound transport"
34,0.0294133845495815,"Down",0.698354658193127,0.999769115486285,"GO:0033047","regulation of mitotic sister chromatid segregation"
59,0.044629604326101,"Up",0.698473841939147,0.999769115486285,"GO:0043473","pigmentation"
183,0.0352723714634557,"Up",0.698508780604594,0.999769115486285,"GO:0045765","regulation of angiogenesis"
43,0.0539046176816833,"Down",0.69855009353631,0.999769115486285,"GO:0019319","hexose biosynthetic process"
33,0.0591472588197856,"Down",0.699227878384917,0.999769115486285,"GO:0008038","neuron recognition"
122,0.0384048385543904,"Up",0.699348389917666,0.999769115486285,"GO:0051259","protein complex oligomerization"
22,0.0758204097140195,"Up",0.699790880321758,0.999769115486285,"GO:0014912","negative regulation of smooth muscle cell migration"
19,0.0871155393977996,"Down",0.699946627696359,0.999769115486285,"GO:0010390","histone monoubiquitination"
47,0.0402681221977772,"Up",0.700059706397824,0.999769115486285,"GO:0030865","cortical cytoskeleton organization"
66,0.0542733112789575,"Up",0.70006420543731,0.999769115486285,"GO:0030316","osteoclast differentiation"
148,0.093181872239157,"Down",0.700427545011564,0.999769115486285,"GO:0031330","negative regulation of cellular catabolic process"
19,0.094340209211531,"Up",0.700530109666707,0.999769115486285,"GO:0071353","cellular response to interleukin-4"
91,0.0488726304701296,"Up",0.70059766093672,0.999769115486285,"GO:0019079","viral genome replication"
131,0.0547377346537402,"Down",0.701572638872041,0.999769115486285,"GO:0045927","positive regulation of growth"
20,0.0587026566716065,"Down",0.701836223118599,0.999769115486285,"GO:0032309","icosanoid secretion"
40,0.058385217617107,"Up",0.7019232694579,0.999769115486285,"GO:0021675","nerve development"
78,0.0651980873444607,"Up",0.701942993274062,0.999769115486285,"GO:0043467","regulation of generation of precursor metabolites and energy"
76,0.103785628301088,"Down",0.702178777444001,0.999769115486285,"GO:0006997","nucleus organization"
41,0.0362431460268288,"Down",0.70228552165089,0.999769115486285,"GO:0043536","positive regulation of blood vessel endothelial cell migration"
26,0.0596297071393971,"Up",0.702332174013899,0.999769115486285,"GO:0003197","endocardial cushion development"
74,0.0918282851480954,"Down",0.702369307325404,0.999769115486285,"GO:0045739","positive regulation of DNA repair"
25,0.0745263887198883,"Down",0.702394076481565,0.999769115486285,"GO:0034661","ncRNA catabolic process"
116,0.0563986155455866,"Up",0.702782550033535,0.999769115486285,"GO:0060541","respiratory system development"
50,0.108444239580535,"Down",0.702849214853917,0.999769115486285,"GO:0070936","protein K48-linked ubiquitination"
63,0.0298274634673065,"Down",0.702994880666942,0.999769115486285,"GO:0031570","DNA integrity checkpoint signaling"
35,0.0339435072284596,"Down",0.703110038800098,0.999769115486285,"GO:0071470","cellular response to osmotic stress"
59,0.0397986061836519,"Down",0.703299547878626,0.999769115486285,"GO:0000079","regulation of cyclin-dependent protein serine/threonine kinase activity"
238,0.031926290172884,"Down",0.703490294727527,0.999769115486285,"GO:0034765","regulation of ion transmembrane transport"
67,0.0546322208847695,"Down",0.703770301619683,0.999769115486285,"GO:0006661","phosphatidylinositol biosynthetic process"
16,0.0950269653738034,"Up",0.704555754941667,0.999769115486285,"GO:0010664","negative regulation of striated muscle cell apoptotic process"
20,-0.016470793263791,"Up",0.704834549917883,0.999769115486285,"GO:0060142","regulation of syncytium formation by plasma membrane fusion"
75,0.0531137939848877,"Up",0.705196139807116,0.999769115486285,"GO:0071887","leukocyte apoptotic process"
19,-0.00285740471986042,"Down",0.705765499128467,0.999769115486285,"GO:0048048","embryonic eye morphogenesis"
43,0.0417755656141433,"Up",0.705967812322524,0.999769115486285,"GO:0045428","regulation of nitric oxide biosynthetic process"
42,0.016571491518432,"Down",0.70600251704387,0.999769115486285,"GO:0050818","regulation of coagulation"
196,0.0328979219873832,"Up",0.706093118903577,0.999769115486285,"GO:0006869","lipid transport"
249,0.0511315137680291,"Down",0.706123758377803,0.999769115486285,"GO:0001558","regulation of cell growth"
469,0.0778607658675029,"Down",0.706554079549393,0.999769115486285,"GO:0032446","protein modification by small protein conjugation"
246,0.0784358855332068,"Down",0.706775752102051,0.999769115486285,"GO:0006417","regulation of translation"
65,0.0894187956080447,"Up",0.707114544089374,0.999769115486285,"GO:0097581","lamellipodium organization"
46,0.0484910648315912,"Down",0.707268731723607,0.999769115486285,"GO:0070227","lymphocyte apoptotic process"
33,0.166076869273394,"Up",0.70751082516371,0.999769115486285,"GO:0046580","negative regulation of Ras protein signal transduction"
50,0.0451028782384181,"Down",0.707513296558276,0.999769115486285,"GO:0002312","B cell activation involved in immune response"
27,0.0466822539679723,"Up",0.707589470661833,0.999769115486285,"GO:0015909","long-chain fatty acid transport"
424,0.0372964829528172,"Down",0.707680074199623,0.999769115486285,"GO:0001934","positive regulation of protein phosphorylation"
44,0.0338898760113442,"Up",0.70837149437749,0.999769115486285,"GO:0045685","regulation of glial cell differentiation"
23,-0.00285063336307185,"Down",0.708498029757568,0.999769115486285,"GO:0050654","chondroitin sulfate proteoglycan metabolic process"
165,0.0520740859243613,"Down",0.708627734196179,0.999769115486285,"GO:0043547","positive regulation of GTPase activity"
240,0.0417814966121357,"Up",0.708933810108234,0.999769115486285,"GO:2001233","regulation of apoptotic signaling pathway"
19,0.0961786896504597,"Down",0.709510606245665,0.999769115486285,"GO:0035459","vesicle cargo loading"
42,0.136083428953083,"Down",0.709911249617776,0.999769115486285,"GO:0032206","positive regulation of telomere maintenance"
34,0.0173304909792715,"Down",0.709926447581447,0.999769115486285,"GO:0030514","negative regulation of BMP signaling pathway"
59,0.0374321581971359,"Up",0.710015190366245,0.999769115486285,"GO:0050764","regulation of phagocytosis"
134,0.0348984213578197,"Down",0.710083605706168,0.999769115486285,"GO:0031334","positive regulation of protein-containing complex assembly"
60,0.04171793994746,"Up",0.710094770731266,0.999769115486285,"GO:0048678","response to axon injury"
31,0.0218535892285512,"Up",0.710771555832262,0.999769115486285,"GO:0006195","purine nucleotide catabolic process"
29,0.0247376626154994,"Down",0.711044073717922,0.999769115486285,"GO:0043392","negative regulation of DNA binding"
56,0.0610168260418607,"Down",0.711045791341264,0.999769115486285,"GO:1901879","regulation of protein depolymerization"
35,0.0355375278410659,"Down",0.711340622248158,0.999769115486285,"GO:0048488","synaptic vesicle endocytosis"
35,0.0355375278410659,"Down",0.711340622248158,0.999769115486285,"GO:0140238","presynaptic endocytosis"
39,0.0827935917511251,"Down",0.711493932345333,0.999769115486285,"GO:0055013","cardiac muscle cell development"
17,0.0820604522752406,"Up",0.711546480455059,0.999769115486285,"GO:0003272","endocardial cushion formation"
68,0.0568995519320733,"Up",0.712601360838249,0.999769115486285,"GO:0007098","centrosome cycle"
23,0.0167148575712057,"Up",0.712628409003022,0.999769115486285,"GO:0070296","sarcoplasmic reticulum calcium ion transport"
43,0.0159225430494894,"Down",0.712921926627349,0.999769115486285,"GO:0010611","regulation of cardiac muscle hypertrophy"
30,0.0520950073119966,"Down",0.713099928975614,0.999769115486285,"GO:0035305","negative regulation of dephosphorylation"
167,0.0802130875045307,"Down",0.713362456376505,0.999769115486285,"GO:1903320","regulation of protein modification by small protein conjugation or removal"
26,0.0384915031041383,"Down",0.713454560940687,0.999769115486285,"GO:0086009","membrane repolarization"
136,0.0290014892174917,"Down",0.713637213448457,0.999769115486285,"GO:0006469","negative regulation of protein kinase activity"
484,0.0476710303362629,"Down",0.713698512806029,0.999769115486285,"GO:0009725","response to hormone"
39,0.0152104914268965,"Down",0.714351353445518,0.999769115486285,"GO:0030193","regulation of blood coagulation"
39,0.0152104914268965,"Down",0.714351353445518,0.999769115486285,"GO:1900046","regulation of hemostasis"
33,0.0519438016072206,"Down",0.714365427943846,0.999769115486285,"GO:0090311","regulation of protein deacetylation"
17,0.0447180714393173,"Down",0.714367450770192,0.999769115486285,"GO:0051984","positive regulation of chromosome segregation"
98,0.035564708083178,"Up",0.714405830198287,0.999769115486285,"GO:0036294","cellular response to decreased oxygen levels"
107,0.0239328469352353,"Up",0.714971478656707,0.999769115486285,"GO:0045766","positive regulation of angiogenesis"
107,0.0239328469352353,"Up",0.714971478656707,0.999769115486285,"GO:1904018","positive regulation of vasculature development"
85,0.0255985592216433,"Down",0.715021435103014,0.999769115486285,"GO:0043534","blood vessel endothelial cell migration"
52,0.0499520813844368,"Down",0.715271857402951,0.999769115486285,"GO:0035270","endocrine system development"
51,0.0458489135432907,"Down",0.715365796820069,0.999769115486285,"GO:1901992","positive regulation of mitotic cell cycle phase transition"
18,0.104367328741313,"Up",0.715690369919495,0.999769115486285,"GO:0046365","monosaccharide catabolic process"
486,0.0984277366739841,"Down",0.716008326132929,0.999769115486285,"GO:0006396","RNA processing"
30,0.0262717746906887,"Down",0.716090608046833,0.999769115486285,"GO:0038084","vascular endothelial growth factor signaling pathway"
35,0.0217112978370303,"Up",0.717062357765481,0.999769115486285,"GO:0072523","purine-containing compound catabolic process"
22,0.099186417827525,"Down",0.717204764619323,0.999769115486285,"GO:0050691","regulation of defense response to virus by host"
58,0.0365050382706417,"Down",0.717496352375273,0.999769115486285,"GO:1904035","regulation of epithelial cell apoptotic process"
121,0.0732691100130489,"Up",0.717634629286892,0.999769115486285,"GO:0002221","pattern recognition receptor signaling pathway"
64,0.037720830301722,"Up",0.717719167376935,0.999769115486285,"GO:0014013","regulation of gliogenesis"
288,0.0444472013843482,"Down",0.717867376558225,0.999769115486285,"GO:0001667","ameboidal-type cell migration"
44,0.141749173649462,"Down",0.717933409432766,0.999769115486285,"GO:0042273","ribosomal large subunit biogenesis"
118,0.0424978329044446,"Down",0.718160972950124,0.999769115486285,"GO:0045017","glycerolipid biosynthetic process"
17,0.203812701830134,"Up",0.718211315760412,0.999769115486285,"GO:1902042","negative regulation of extrinsic apoptotic signaling pathway via death domain receptors"
30,0.0480535804225094,"Down",0.718878286642892,0.999769115486285,"GO:0032570","response to progesterone"
25,0.0163402787560281,"Up",0.719282400402511,0.999769115486285,"GO:0045806","negative regulation of endocytosis"
133,0.0577578021581046,"Up",0.719631468918257,0.999769115486285,"GO:1903532","positive regulation of secretion by cell"
154,0.0368644309170181,"Down",0.719667600681522,0.999769115486285,"GO:2000116","regulation of cysteine-type endopeptidase activity"
224,0.0536306440695339,"Down",0.719773738016334,0.999769115486285,"GO:0009314","response to radiation"
225,0.0570613340490526,"Up",0.72062186751193,0.999769115486285,"GO:0062197","cellular response to chemical stress"
65,0.0648216878946799,"Up",0.720731205852297,0.999769115486285,"GO:0032436","positive regulation of proteasomal ubiquitin-dependent protein catabolic process"
27,0.106443329196284,"Down",0.720919769745887,0.999769115486285,"GO:1900368","regulation of post-transcriptional gene silencing by RNA"
47,0.090361515311601,"Down",0.721184636415521,0.999769115486285,"GO:0006096","glycolytic process"
128,0.0312325197197276,"Up",0.721203785031794,0.999769115486285,"GO:0010951","negative regulation of endopeptidase activity"
123,0.0527413762039696,"Up",0.721385865518949,0.999769115486285,"GO:0005996","monosaccharide metabolic process"
101,0.0418422914642296,"Up",0.721863665985989,0.999769115486285,"GO:0001935","endothelial cell proliferation"
32,0.126974914399538,"Down",0.722305091191837,0.999769115486285,"GO:0019730","antimicrobial humoral response"
66,0.0459791218727479,"Down",0.723006015076316,0.999769115486285,"GO:0032273","positive regulation of protein polymerization"
18,0.0666961687028977,"Up",0.723180138969818,0.999769115486285,"GO:0010955","negative regulation of protein processing"
18,0.0666961687028977,"Up",0.723180138969818,0.999769115486285,"GO:1903318","negative regulation of protein maturation"
16,0.0336317637914973,"Up",0.723209621831083,0.999769115486285,"GO:0009218","pyrimidine ribonucleotide metabolic process"
65,0.0327806769949809,"Down",0.723336096370741,0.999769115486285,"GO:2000117","negative regulation of cysteine-type endopeptidase activity"
19,0.0285947623575596,"Up",0.723471911681246,0.999769115486285,"GO:0001516","prostaglandin biosynthetic process"
19,0.0285947623575596,"Up",0.723471911681246,0.999769115486285,"GO:0046457","prostanoid biosynthetic process"
16,0.338129830656669,"Down",0.723718084024878,0.999769115486285,"GO:1903241","U2-type prespliceosome assembly"
334,0.0485535379679985,"Up",0.723833940160108,0.999769115486285,"GO:0072657","protein localization to membrane"
42,0.022792341278861,"Up",0.724149468936881,0.999769115486285,"GO:0046889","positive regulation of lipid biosynthetic process"
33,0.0782144453867552,"Down",0.724159404716383,0.999769115486285,"GO:0000271","polysaccharide biosynthetic process"
143,0.0424968935817235,"Up",0.724618980252816,0.999769115486285,"GO:0002699","positive regulation of immune effector process"
48,0.0910572906383914,"Down",0.725489636455851,0.999769115486285,"GO:0006757","ATP generation from ADP"
20,0.0229493752088832,"Up",0.725559073685593,0.999769115486285,"GO:0003171","atrioventricular valve development"
20,0.0229493752088832,"Up",0.725559073685593,0.999769115486285,"GO:0003181","atrioventricular valve morphogenesis"
15,0.0719508887830718,"Down",0.726057815433613,0.999769115486285,"GO:0014829","vascular associated smooth muscle contraction"
25,0.0244151706094356,"Up",0.726167310481791,0.999769115486285,"GO:0003229","ventricular cardiac muscle tissue development"
19,0.00892827387625184,"Up",0.726215704260862,0.999769115486285,"GO:0048147","negative regulation of fibroblast proliferation"
324,0.0420333322534761,"Down",0.727062049574265,0.999769115486285,"GO:0031400","negative regulation of protein modification process"
251,0.0373776207800368,"Up",0.727181521771409,0.999769115486285,"GO:0002683","negative regulation of immune system process"
101,0.0594653678198002,"Down",0.72736538009101,0.999769115486285,"GO:0007272","ensheathment of neurons"
101,0.0594653678198002,"Down",0.72736538009101,0.999769115486285,"GO:0008366","axon ensheathment"
52,0.103000595823164,"Up",0.727543698227059,0.999769115486285,"GO:0006900","vesicle budding from membrane"
22,0.0822614556453368,"Up",0.728155754294205,0.999769115486285,"GO:0030104","water homeostasis"
467,0.0374780537836566,"Down",0.728215543608037,0.999769115486285,"GO:0042327","positive regulation of phosphorylation"
29,0.09617031605835,"Up",0.730045400039495,0.999769115486285,"GO:0010591","regulation of lamellipodium assembly"
18,0.0961233342855663,"Up",0.730319989036463,0.999769115486285,"GO:0035455","response to interferon-alpha"
77,0.0169599410990188,"Down",0.730452752408121,0.999769115486285,"GO:0030168","platelet activation"
45,0.0390582069423071,"Down",0.730671611752138,0.999769115486285,"GO:0046635","positive regulation of alpha-beta T cell activation"
39,0.0352399777190137,"Up",0.731017395940066,0.999769115486285,"GO:0061180","mammary gland epithelium development"
35,0.204392631725773,"Down",0.731341389516302,0.999769115486285,"GO:0042255","ribosome assembly"
29,0.0947197930730645,"Down",0.731719251398592,0.999769115486285,"GO:0060260","regulation of transcription initiation by RNA polymerase II"
19,0.0956252901214267,"Up",0.732188602188903,0.999769115486285,"GO:0090169","regulation of spindle assembly"
181,0.0475302959637194,"Down",0.732192107859097,0.999769115486285,"GO:0002253","activation of immune response"
348,0.0367154829306533,"Down",0.732303993322719,0.999769115486285,"GO:0002694","regulation of leukocyte activation"
54,0.0434303420333155,"Down",0.73239978356496,0.999769115486285,"GO:0060419","heart growth"
60,0.066674242410145,"Up",0.732625941591243,0.999769115486285,"GO:0050714","positive regulation of protein secretion"
78,0.0540427695175333,"Up",0.732730129595406,0.999769115486285,"GO:0001889","liver development"
15,0.0546051286779511,"Down",0.73283621818183,0.999769115486285,"GO:0070920","regulation of production of small RNA involved in gene silencing by RNA"
107,0.0508229549323519,"Up",0.73290017926562,0.999769115486285,"GO:0030323","respiratory tube development"
92,0.0306138490901165,"Up",0.733168159832154,0.999769115486285,"GO:2000377","regulation of reactive oxygen species metabolic process"
24,0.0860747881294781,"Down",0.733203371959375,0.999769115486285,"GO:0051973","positive regulation of telomerase activity"
208,0.0366235035888071,"Down",0.733759107115567,0.999769115486285,"GO:2000146","negative regulation of cell motility"
120,0.0422151123361829,"Down",0.733886916585627,0.999769115486285,"GO:1901654","response to ketone"
21,0.0691301875991653,"Down",0.734249281045611,0.999769115486285,"GO:2000765","regulation of cytoplasmic translation"
85,0.0377333943049829,"Up",0.73433414211542,0.999769115486285,"GO:0032946","positive regulation of mononuclear cell proliferation"
60,0.0841410639906163,"Up",0.735151509329737,0.999769115486285,"GO:0071229","cellular response to acid chemical"
36,0.0523741650974181,"Down",0.736052405246506,0.999769115486285,"GO:0009798","axis specification"
85,0.0556864194347516,"Up",0.736151209029654,0.999769115486285,"GO:0050768","negative regulation of neurogenesis"
28,0.0918919448443054,"Up",0.736273250821284,0.999769115486285,"GO:0006623","protein targeting to vacuole"
100,0.0622355722694016,"Down",0.736506699326669,0.999769115486285,"GO:0031503","protein-containing complex localization"
38,0.100205710076949,"Up",0.736514919175362,0.999769115486285,"GO:0045071","negative regulation of viral genome replication"
60,0.0431418197607983,"Down",0.736569768382312,0.999769115486285,"GO:1904029","regulation of cyclin-dependent protein kinase activity"
137,0.0257078645816816,"Up",0.737330318004039,0.999769115486285,"GO:0051924","regulation of calcium ion transport"
93,0.0255353697731061,"Down",0.737388569683515,0.999769115486285,"GO:0043583","ear development"
159,0.0318620974486921,"Down",0.737826788000918,0.999769115486285,"GO:0009101","glycoprotein biosynthetic process"
257,0.0442675917016479,"Down",0.738053569504287,0.999769115486285,"GO:0048285","organelle fission"
28,0.0537596291686511,"Up",0.738139826186945,0.999769115486285,"GO:0035773","insulin secretion involved in cellular response to glucose stimulus"
31,0.0558515813081047,"Up",0.738516085761165,0.999769115486285,"GO:0034198","cellular response to amino acid starvation"
99,0.0350768083738441,"Up",0.738943063412069,0.999769115486285,"GO:0008016","regulation of heart contraction"
45,0.0209674971014154,"Up",0.739200024693908,0.999769115486285,"GO:0043299","leukocyte degranulation"
17,0.0433125000793781,"Up",0.739622590313742,0.999769115486285,"GO:0035025","positive regulation of Rho protein signal transduction"
49,0.0724979656536448,"Up",0.740001142715685,0.999769115486285,"GO:0050000","chromosome localization"
33,0.114659283280533,"Down",0.740576109048666,0.999769115486285,"GO:0010569","regulation of double-strand break repair via homologous recombination"
46,0.122196032786647,"Down",0.740884441125507,0.999769115486285,"GO:0006289","nucleotide-excision repair"
24,0.0432843878646534,"Down",0.740899505402119,0.999769115486285,"GO:1905898","positive regulation of response to endoplasmic reticulum stress"
38,0.0545523252223801,"Up",0.741101794773526,0.999769115486285,"GO:0060420","regulation of heart growth"
148,0.0278442256739201,"Down",0.742049710196878,0.999769115486285,"GO:0015711","organic anion transport"
50,0.0602068151676531,"Down",0.742670947264768,0.999769115486285,"GO:0008088","axo-dendritic transport"
187,0.0337966819363233,"Up",0.742988483256901,0.999769115486285,"GO:1901342","regulation of vasculature development"
19,0.00140043802298753,"Down",0.743190257931062,0.999769115486285,"GO:0006882","cellular zinc ion homeostasis"
182,0.0512575648054507,"Down",0.743199123225074,0.999769115486285,"GO:0048872","homeostasis of number of cells"
74,0.0575936854227355,"Up",0.743248170052348,0.999769115486285,"GO:0061640","cytoskeleton-dependent cytokinesis"
25,0.028870605353817,"Up",0.743711371945263,0.999769115486285,"GO:2000008","regulation of protein localization to cell surface"
223,0.0301846065458752,"Down",0.743754232105911,0.999769115486285,"GO:0003012","muscle system process"
133,0.064440178309723,"Up",0.74382744108768,0.999769115486285,"GO:0045088","regulation of innate immune response"
21,0.0700512500297655,"Up",0.74386500891643,0.999769115486285,"GO:2000515","negative regulation of CD4-positive, alpha-beta T cell activation"
28,0.0171036325977704,"Up",0.743929218662603,0.999769115486285,"GO:0030851","granulocyte differentiation"
36,0.0345965519647276,"Up",0.743944550177981,0.999769115486285,"GO:0140115","export across plasma membrane"
68,0.0357596436790177,"Down",0.744154495041364,0.999769115486285,"GO:0008643","carbohydrate transport"
244,0.0618501434342378,"Down",0.745050735776498,0.999769115486285,"GO:0044270","cellular nitrogen compound catabolic process"
179,0.0434525242878618,"Down",0.74506410572197,0.999769115486285,"GO:0072001","renal system development"
126,0.0588110925022207,"Up",0.745286525613581,0.999769115486285,"GO:0045637","regulation of myeloid cell differentiation"
23,0.0416203202538729,"Up",0.745422055421589,0.999769115486285,"GO:0048483","autonomic nervous system development"
17,0.0509037361949931,"Up",0.745460640403173,0.999769115486285,"GO:0045649","regulation of macrophage differentiation"
290,0.0496202779303141,"Up",0.746312897084944,0.999769115486285,"GO:0060627","regulation of vesicle-mediated transport"
29,0.0674032406118684,"Down",0.747798214282583,0.999769115486285,"GO:0032024","positive regulation of insulin secretion"
57,0.0375405583022125,"Up",0.74786214718552,0.999769115486285,"GO:0120162","positive regulation of cold-induced thermogenesis"
19,0.0245899453056517,"Up",0.748378786576436,0.999769115486285,"GO:0060390","regulation of SMAD protein signal transduction"
140,0.0558746051012995,"Up",0.748532222065884,0.999769115486285,"GO:0002274","myeloid leukocyte activation"
34,0.0739566534010947,"Up",0.74855485093259,0.999769115486285,"GO:0030834","regulation of actin filament depolymerization"
28,0.0578358237749958,"Down",0.748930624963342,0.999769115486285,"GO:0070884","regulation of calcineurin-NFAT signaling cascade"
28,0.0578358237749958,"Down",0.748930624963342,0.999769115486285,"GO:0106056","regulation of calcineurin-mediated signaling"
186,0.0515829640010553,"Down",0.750376650370917,0.999769115486285,"GO:0140014","mitotic nuclear division"
16,0.051129407026693,"Down",0.750547629340717,0.999769115486285,"GO:0001556","oocyte maturation"
85,0.0312311380646901,"Down",0.750704797901003,0.999769115486285,"GO:0050680","negative regulation of epithelial cell proliferation"
94,0.035088438696813,"Up",0.750786936299275,0.999769115486285,"GO:0034767","positive regulation of ion transmembrane transport"
39,0.118331075800724,"Up",0.750839576230876,0.999769115486285,"GO:0006903","vesicle targeting"
23,0.0135250343332192,"Down",0.751510041533027,0.999769115486285,"GO:0043368","positive T cell selection"
21,0.040563753107906,"Down",0.751591715950751,0.999769115486285,"GO:0043403","skeletal muscle tissue regeneration"
24,0.0494193520828901,"Up",0.752239211151962,0.999769115486285,"GO:0035308","negative regulation of protein dephosphorylation"
50,0.0443366873629753,"Down",0.752310098632249,0.999769115486285,"GO:2000177","regulation of neural precursor cell proliferation"
61,0.029643359056219,"Up",0.752505558477676,0.999769115486285,"GO:0032963","collagen metabolic process"
281,0.0446129401654369,"Down",0.752979591753816,0.999769115486285,"GO:1901652","response to peptide"
91,0.053133450996499,"Down",0.753320058167525,0.999769115486285,"GO:0006109","regulation of carbohydrate metabolic process"
427,0.0403170142902769,"Down",0.753400825948016,0.999769115486285,"GO:0050877","nervous system process"
84,0.00458958502045295,"Down",0.753892785504714,0.999769115486285,"GO:2000241","regulation of reproductive process"
25,0.10720411523567,"Down",0.754105232959018,0.999769115486285,"GO:0032435","negative regulation of proteasomal ubiquitin-dependent protein catabolic process"
19,0.00395944950965237,"Up",0.754256793399578,0.999769115486285,"GO:0033687","osteoblast proliferation"
19,-0.000774294465629186,"Down",0.754410314085411,0.999769115486285,"GO:0010453","regulation of cell fate commitment"
121,0.0481411935285565,"Down",0.754677069961888,0.999769115486285,"GO:1902905","positive regulation of supramolecular fiber organization"
170,0.0313975254939043,"Down",0.754719676744222,0.999769115486285,"GO:0070588","calcium ion transmembrane transport"
55,0.0316858218442913,"Down",0.75482200061306,0.999769115486285,"GO:0006029","proteoglycan metabolic process"
58,0.026351933450297,"Down",0.755681862297629,0.999769115486285,"GO:0043154","negative regulation of cysteine-type endopeptidase activity involved in apoptotic process"
19,0.0639004806196869,"Up",0.755835611093398,0.999769115486285,"GO:0055078","sodium ion homeostasis"
488,0.0458731069610761,"Up",0.756054562064095,0.999769115486285,"GO:0051050","positive regulation of transport"
151,0.0337901896464281,"Down",0.756072360575459,0.999769115486285,"GO:0045926","negative regulation of growth"
15,0.0691624594808644,"Up",0.756518554171373,0.999769115486285,"GO:0071359","cellular response to dsRNA"
30,-0.00454640807628407,"Down",0.756530530401218,0.999769115486285,"GO:2000403","positive regulation of lymphocyte migration"
241,0.0616728186615727,"Down",0.756846935604866,0.999769115486285,"GO:0046700","heterocycle catabolic process"
35,0.0912980427240104,"Down",0.756848445580977,0.999769115486285,"GO:0031016","pancreas development"
21,0.0311174067688784,"Up",0.757182411923828,0.999769115486285,"GO:0048663","neuron fate commitment"
260,0.0657894659342139,"Up",0.75723199579056,0.999769115486285,"GO:1903829","positive regulation of protein localization"
88,0.051174227957082,"Up",0.757810850290788,0.999769115486285,"GO:0051961","negative regulation of nervous system development"
16,0.0483105770258882,"Up",0.758698224779081,0.999769115486285,"GO:0036314","response to sterol"
94,0.0333903325456355,"Down",0.758708595378265,0.999769115486285,"GO:0000075","cell cycle checkpoint signaling"
32,0.120440561425119,"Up",0.759418040412004,0.999769115486285,"GO:0072583","clathrin-dependent endocytosis"
21,-0.000433705756202651,"Down",0.760183758607994,0.999769115486285,"GO:0033137","negative regulation of peptidyl-serine phosphorylation"
59,0.0235799297419839,"Up",0.760608683372969,0.999769115486285,"GO:0034766","negative regulation of ion transmembrane transport"
20,0.0807653900482029,"Up",0.760831750953604,0.999769115486285,"GO:0007622","rhythmic behavior"
197,0.0320137994072854,"Down",0.761223074254167,0.999769115486285,"GO:1904062","regulation of cation transmembrane transport"
44,0.0641328834977131,"Up",0.761403540018236,0.999769115486285,"GO:0045921","positive regulation of exocytosis"
22,0.0163616396591194,"Up",0.761456352837438,0.999769115486285,"GO:0090278","negative regulation of peptide hormone secretion"
128,0.0465219374679582,"Down",0.761774811795788,0.999769115486285,"GO:0051495","positive regulation of cytoskeleton organization"
27,0.100372789435853,"Up",0.762079771414431,0.999769115486285,"GO:1902745","positive regulation of lamellipodium organization"
29,0.0951043617285724,"Up",0.762182198363464,0.999769115486285,"GO:0001510","RNA methylation"
418,0.0956631124794522,"Down",0.7623654518611,0.999769115486285,"GO:0006412","translation"
54,0.0766942012703033,"Up",0.762409511749969,0.999769115486285,"GO:0071230","cellular response to amino acid stimulus"
22,0.0182261527459014,"Down",0.763396770769416,0.999769115486285,"GO:0010923","negative regulation of phosphatase activity"
44,0.0465831813029376,"Up",0.763448562924866,0.999769115486285,"GO:2000379","positive regulation of reactive oxygen species metabolic process"
17,0.00837943747980797,"Up",0.763642215362233,0.999769115486285,"GO:0042304","regulation of fatty acid biosynthetic process"
26,0.0104060968321827,"Up",0.76364803820861,0.999769115486285,"GO:0006692","prostanoid metabolic process"
26,0.0104060968321827,"Up",0.76364803820861,0.999769115486285,"GO:0006693","prostaglandin metabolic process"
185,0.0270315508797839,"Up",0.763701933333391,0.999769115486285,"GO:0007600","sensory perception"
177,0.0671789767803202,"Up",0.763920122224214,0.999769115486285,"GO:1904951","positive regulation of establishment of protein localization"
49,0.0328769854046142,"Up",0.764011715456885,0.999769115486285,"GO:1904427","positive regulation of calcium ion transmembrane transport"
51,0.0604880978197163,"Up",0.764151247638999,0.999769115486285,"GO:0050848","regulation of calcium-mediated signaling"
107,0.11292826902837,"Up",0.764405123682018,0.999769115486285,"GO:0016482","cytosolic transport"
210,0.059095803028078,"Down",0.765260235905352,0.999769115486285,"GO:0032386","regulation of intracellular transport"
92,0.0441491419208079,"Down",0.765324871395976,0.999769115486285,"GO:0050864","regulation of B cell activation"
17,0.0639451758019754,"Down",0.765445500278317,0.999769115486285,"GO:0002313","mature B cell differentiation involved in immune response"
20,0.026637630954182,"Down",0.76548909380523,0.999769115486285,"GO:0046621","negative regulation of organ growth"
33,0.0633520640647809,"Up",0.765617742286744,0.999769115486285,"GO:1990928","response to amino acid starvation"
17,0.106350443002292,"Down",0.76570625585259,0.999769115486285,"GO:0032288","myelin assembly"
18,0.0697418976211904,"Up",0.766040788313635,0.999769115486285,"GO:0071676","negative regulation of mononuclear cell migration"
78,0.0361743332385546,"Up",0.766159860441528,0.999769115486285,"GO:0002791","regulation of peptide secretion"
18,0.0304988034835362,"Down",0.76669073661763,0.999769115486285,"GO:0051788","response to misfolded protein"
119,0.0428200219164191,"Up",0.767299599050108,0.999769115486285,"GO:0060047","heart contraction"
83,0.0383175544233879,"Up",0.767568433431974,0.999769115486285,"GO:1904064","positive regulation of cation transmembrane transport"
35,0.0530664845374186,"Down",0.767733729080105,0.999769115486285,"GO:0070613","regulation of protein processing"
431,0.0926188380586141,"Down",0.768218236597427,0.999769115486285,"GO:0043043","peptide biosynthetic process"
72,0.0203130385502468,"Up",0.768779675059372,0.999769115486285,"GO:0062013","positive regulation of small molecule metabolic process"
18,0.0406560582360726,"Up",0.768881198662431,0.999769115486285,"GO:0006516","glycoprotein catabolic process"
182,0.0426257469660772,"Down",0.76889510536396,0.999769115486285,"GO:0071560","cellular response to transforming growth factor beta stimulus"
30,0.043957793281357,"Up",0.769036912634263,0.999769115486285,"GO:0001937","negative regulation of endothelial cell proliferation"
25,0.062449859451066,"Up",0.769534775811542,0.999769115486285,"GO:0010659","cardiac muscle cell apoptotic process"
27,0.0255672586395715,"Up",0.76962859081507,0.999769115486285,"GO:0010518","positive regulation of phospholipase activity"
39,0.021380006281753,"Up",0.769866002488442,0.999769115486285,"GO:0042130","negative regulation of T cell proliferation"
119,0.0603788972698442,"Down",0.770109084423034,0.999769115486285,"GO:0000070","mitotic sister chromatid segregation"
77,0.0296685481588572,"Down",0.770318188678189,0.999769115486285,"GO:0030048","actin filament-based movement"
344,0.0441624696400649,"Down",0.770558637780797,0.999769115486285,"GO:0040008","regulation of growth"
37,0.0826128718010456,"Up",0.770661327876196,0.999769115486285,"GO:1902895","positive regulation of miRNA transcription"
17,0.121193876697699,"Up",0.770996663907299,0.999769115486285,"GO:0070199","establishment of protein localization to chromosome"
288,0.0387784245948151,"Up",0.771174002832077,0.999769115486285,"GO:0051046","regulation of secretion"
99,0.0607554670143993,"Down",0.771275534751847,0.999769115486285,"GO:0042552","myelination"
42,0.115264911081198,"Down",0.77148955809323,0.999769115486285,"GO:0006278","RNA-templated DNA biosynthetic process"
42,0.115264911081198,"Down",0.77148955809323,0.999769115486285,"GO:0007004","telomere maintenance via telomerase"
63,0.0352874032120464,"Up",0.771502233342944,0.999769115486285,"GO:0048259","regulation of receptor-mediated endocytosis"
15,0.0720416832661689,"Up",0.771710498055942,0.999769115486285,"GO:0003159","morphogenesis of an endothelium"
15,0.0720416832661689,"Up",0.771710498055942,0.999769115486285,"GO:0061154","endothelial tube morphogenesis"
76,0.0270879382345092,"Down",0.771892743012202,0.999769115486285,"GO:0030203","glycosaminoglycan metabolic process"
25,0.0414753062512665,"Up",0.771900627117772,0.999769115486285,"GO:0000266","mitochondrial fission"
67,0.0810163874640284,"Down",0.772071941842465,0.999769115486285,"GO:2001243","negative regulation of intrinsic apoptotic signaling pathway"
39,0.0290136952040298,"Up",0.772153264738871,0.999769115486285,"GO:0048146","positive regulation of fibroblast proliferation"
18,-0.00425280604540905,"Down",0.773465132952543,0.999769115486285,"GO:0038095","Fc-epsilon receptor signaling pathway"
17,0.0186980933408629,"Down",0.773743087090216,0.999769115486285,"GO:0043304","regulation of mast cell degranulation"
23,0.0440411902375046,"Down",0.774473528891043,0.999769115486285,"GO:0006695","cholesterol biosynthetic process"
23,0.0440411902375046,"Down",0.774473528891043,0.999769115486285,"GO:1902653","secondary alcohol biosynthetic process"
15,0.0568624411396672,"Down",0.774792989955955,0.999769115486285,"GO:0046629","gamma-delta T cell activation"
30,0.0172746098817397,"Down",0.775342017962905,0.999769115486285,"GO:0120163","negative regulation of cold-induced thermogenesis"
30,0.0664897627955592,"Up",0.775435946071552,0.999769115486285,"GO:0140467","integrated stress response signaling"
40,0.0456166793279253,"Up",0.775906772444629,0.999769115486285,"GO:0014823","response to activity"
93,0.0342505508656111,"Up",0.775941185156815,0.999769115486285,"GO:0071456","cellular response to hypoxia"
21,0.0204736485696156,"Down",0.775953521419977,0.999769115486285,"GO:0071168","protein localization to chromatin"
201,0.0367801001329883,"Down",0.775971879836065,0.999769115486285,"GO:0030336","negative regulation of cell migration"
135,0.0409664107284039,"Down",0.775979146359445,0.999769115486285,"GO:0032412","regulation of ion transmembrane transporter activity"
86,0.0415555461028765,"Down",0.776669663528832,0.999769115486285,"GO:0006836","neurotransmitter transport"
27,0.0705466053938215,"Up",0.776704425592254,0.999769115486285,"GO:0010658","striated muscle cell apoptotic process"
49,0.0860676953308274,"Up",0.777096736752313,0.999769115486285,"GO:0042982","amyloid precursor protein metabolic process"
328,0.053386233047229,"Down",0.777359377596806,0.999769115486285,"GO:0051493","regulation of cytoskeleton organization"
46,0.0312716109943044,"Down",0.777429010144782,0.999769115486285,"GO:0042509","regulation of tyrosine phosphorylation of STAT protein"
34,0.0729334209252367,"Down",0.777659139442272,0.999769115486285,"GO:0051149","positive regulation of muscle cell differentiation"
32,0.0580927334418738,"Up",0.777962390125536,0.999769115486285,"GO:0019083","viral transcription"
165,0.0465549853146329,"Up",0.77829433023306,0.999769115486285,"GO:0009306","protein secretion"
165,0.0465549853146329,"Up",0.77829433023306,0.999769115486285,"GO:0035592","establishment of protein localization to extracellular region"
62,0.0570903667150525,"Up",0.778413890003879,0.999769115486285,"GO:0006090","pyruvate metabolic process"
194,0.0534152780926093,"Down",0.779409269913964,0.999769115486285,"GO:0097193","intrinsic apoptotic signaling pathway"
48,0.0926373012572415,"Down",0.779860050309981,0.999769115486285,"GO:0031123","RNA 3'-end processing"
41,0.037475090246685,"Down",0.780428353162057,0.999769115486285,"GO:0007589","body fluid secretion"
318,0.0311170420203087,"Up",0.780760985251479,0.999769115486285,"GO:0010035","response to inorganic substance"
19,0.0742926568732774,"Up",0.780875580316651,0.999769115486285,"GO:0060306","regulation of membrane repolarization"
201,0.0494370622911449,"Down",0.781936476446001,0.999769115486285,"GO:0001655","urogenital system development"
50,0.104643284768649,"Up",0.782300901092848,0.999769115486285,"GO:0051865","protein autoubiquitination"
258,0.0318501496293088,"Up",0.782507487192412,0.999769115486285,"GO:0052547","regulation of peptidase activity"
90,0.0738884641889468,"Down",0.782773136204952,0.999769115486285,"GO:1900180","regulation of protein localization to nucleus"
34,0.040573541794122,"Up",0.783227666567883,0.999769115486285,"GO:0033059","cellular pigmentation"
381,0.0345972400210629,"Down",0.783389036444652,0.999769115486285,"GO:0050865","regulation of cell activation"
30,0.0907487166750806,"Down",0.783434408447334,0.999769115486285,"GO:0030520","intracellular estrogen receptor signaling pathway"
30,0.170048249723724,"Up",0.784208881082669,0.999769115486285,"GO:0014037","Schwann cell differentiation"
61,0.0825558884952939,"Down",0.784333095446181,0.999769115486285,"GO:0090630","activation of GTPase activity"
67,0.0482080658333378,"Up",0.784655840968246,0.999769115486285,"GO:0033209","tumor necrosis factor-mediated signaling pathway"
35,0.0288910093200901,"Up",0.785246814704493,0.999769115486285,"GO:0002712","regulation of B cell mediated immunity"
35,0.0288910093200901,"Up",0.785246814704493,0.999769115486285,"GO:0002889","regulation of immunoglobulin mediated immune response"
122,0.0617312521812942,"Up",0.785429750647995,0.999769115486285,"GO:0061136","regulation of proteasomal protein catabolic process"
17,0.040451199750291,"Up",0.785624294604712,0.999769115486285,"GO:0006471","protein ADP-ribosylation"
85,0.0611324372783664,"Up",0.785654767623895,0.999769115486285,"GO:0034101","erythrocyte homeostasis"
43,0.0875448353355229,"Down",0.785792397005595,0.999769115486285,"GO:0006367","transcription initiation at RNA polymerase II promoter"
16,0.137796556728278,"Down",0.785892664703864,0.999769115486285,"GO:0035024","negative regulation of Rho protein signal transduction"
16,0.131747610002076,"Down",0.785897074651468,0.999769115486285,"GO:0007063","regulation of sister chromatid cohesion"
26,0.136401929851748,"Down",0.786050832853376,0.999769115486285,"GO:0033120","positive regulation of RNA splicing"
57,0.0414880493464099,"Down",0.78609072635322,0.999769115486285,"GO:0007613","memory"
40,0.0291484257880613,"Down",0.786419507779104,0.999769115486285,"GO:0061982","meiosis I cell cycle process"
48,0.0415605335162627,"Down",0.786554281185421,0.999769115486285,"GO:0043279","response to alkaloid"
26,0.0833427023890827,"Up",0.786702854349823,0.999769115486285,"GO:0071634","regulation of transforming growth factor beta production"
125,0.0456694347370415,"Up",0.787034603787332,0.999769115486285,"GO:0010594","regulation of endothelial cell migration"
78,0.0433171757876006,"Up",0.787089739610073,0.999769115486285,"GO:0051897","positive regulation of protein kinase B signaling"
115,0.046867272426623,"Up",0.787259869484695,0.999769115486285,"GO:0045055","regulated exocytosis"
79,0.0515472313398929,"Up",0.787712796490319,0.999769115486285,"GO:0061008","hepaticobiliary system development"
399,0.0407021072902431,"Up",0.787893826491641,0.999769115486285,"GO:0032940","secretion by cell"
25,0.018040801022315,"Up",0.788012824729945,0.999769115486285,"GO:0007595","lactation"
169,0.0476647149340669,"Up",0.788157297490625,0.999769115486285,"GO:0071692","protein localization to extracellular region"
277,0.0485745190379688,"Up",0.788740662911298,0.999769115486285,"GO:0001819","positive regulation of cytokine production"
38,0.0953781358232893,"Down",0.788743476636992,0.999769115486285,"GO:0071357","cellular response to type I interferon"
17,0.083353100296203,"Down",0.78884883616602,0.999769115486285,"GO:1902993","positive regulation of amyloid precursor protein catabolic process"
89,0.0733382041839979,"Up",0.789086836490696,0.999769115486285,"GO:1903900","regulation of viral life cycle"
205,0.0615604278406729,"Up",0.789599120837596,0.999769115486285,"GO:0002831","regulation of response to biotic stimulus"
59,0.0514934296257954,"Down",0.789648663691824,0.999769115486285,"GO:0022406","membrane docking"
373,0.0432631251768944,"Up",0.789673996813882,0.999769115486285,"GO:0097190","apoptotic signaling pathway"
34,0.0320712695620782,"Down",0.789745046149594,0.999769115486285,"GO:0048645","animal organ formation"
67,0.0338170256785933,"Down",0.790251756850875,0.999769115486285,"GO:0007269","neurotransmitter secretion"
67,0.0338170256785933,"Down",0.790251756850875,0.999769115486285,"GO:0099643","signal release from synapse"
35,0.0209248900143233,"Up",0.790523743829608,0.999769115486285,"GO:0051926","negative regulation of calcium ion transport"
226,0.0519514935427492,"Up",0.791071804104757,0.999769115486285,"GO:0042176","regulation of protein catabolic process"
37,0.0653155307833043,"Up",0.791741744392749,0.999769115486285,"GO:0010332","response to gamma radiation"
182,0.0395489158088391,"Down",0.79174506564773,0.999769115486285,"GO:0006644","phospholipid metabolic process"
40,0.0635435888178325,"Down",0.791800266429375,0.999769115486285,"GO:0042246","tissue regeneration"
66,0.0245658113158876,"Down",0.792061776922973,0.999769115486285,"GO:0042476","odontogenesis"
281,0.0483467013468819,"Down",0.79224268727712,0.999769115486285,"GO:0007276","gamete generation"
32,0.0268369081935267,"Down",0.792319639255402,0.999769115486285,"GO:0046470","phosphatidylcholine metabolic process"
154,0.0439894947249905,"Down",0.792717135882511,0.999769115486285,"GO:0022412","cellular process involved in reproduction in multicellular organism"
54,0.0706752688231774,"Up",0.792889766259073,0.999769115486285,"GO:0008625","extrinsic apoptotic signaling pathway via death domain receptors"
79,0.0493848410060514,"Up",0.793302189951127,0.999769115486285,"GO:0010595","positive regulation of endothelial cell migration"
36,0.0932595581471052,"Down",0.7940657595724,0.999769115486285,"GO:2000142","regulation of DNA-templated transcription initiation"
33,0.0669550604009749,"Up",0.794369224795047,0.999769115486285,"GO:2000677","regulation of transcription regulatory region DNA binding"
26,0.0249701965930516,"Down",0.794382164042055,0.999769115486285,"GO:2000516","positive regulation of CD4-positive, alpha-beta T cell activation"
48,0.0476440623775682,"Up",0.79526358004049,0.999769115486285,"GO:1903201","regulation of oxidative stress-induced cell death"
33,0.0239076792051297,"Down",0.795425850555895,0.999769115486285,"GO:0045839","negative regulation of mitotic nuclear division"
35,0.023900243049248,"Up",0.795527605761917,0.999769115486285,"GO:0010517","regulation of phospholipase activity"
17,0.00841593757551795,"Down",0.795772284992694,0.999769115486285,"GO:0050892","intestinal absorption"
326,0.0826414729300914,"Up",0.795816074675777,0.999769115486285,"GO:0010498","proteasomal protein catabolic process"
166,0.0679371755432861,"Up",0.795985317232986,0.999769115486285,"GO:0051222","positive regulation of protein transport"
155,0.0489324382214273,"Up",0.796100812032875,0.999769115486285,"GO:0006790","sulfur compound metabolic process"
28,0.0192771124954242,"Up",0.796449269793986,0.999769115486285,"GO:0042472","inner ear morphogenesis"
63,0.0336097411586529,"Down",0.796578268610988,0.999769115486285,"GO:1902106","negative regulation of leukocyte differentiation"
67,0.0305408382807975,"Up",0.797098756918763,0.999769115486285,"GO:0048144","fibroblast proliferation"
461,0.0387517106303504,"Down",0.797137265588398,0.999769115486285,"GO:0001944","vasculature development"
15,0.0245584171329935,"Up",0.797156361465828,0.999769115486285,"GO:0045494","photoreceptor cell maintenance"
40,0.0374494203511946,"Down",0.7976433249443,0.999769115486285,"GO:0032890","regulation of organic acid transport"
19,0.0810317949626644,"Down",0.798376930117144,0.999769115486285,"GO:0032607","interferon-alpha production"
19,0.0810317949626644,"Down",0.798376930117144,0.999769115486285,"GO:0032647","regulation of interferon-alpha production"
111,0.0317313288470363,"Down",0.798506924559657,0.999769115486285,"GO:0007254","JNK cascade"
441,0.0364879396368437,"Down",0.798697857276011,0.999769115486285,"GO:0001568","blood vessel development"
34,0.0403804474583406,"Up",0.798911065023649,0.999769115486285,"GO:0055021","regulation of cardiac muscle tissue growth"
21,0.0237053255901704,"Up",0.799614276047888,0.999769115486285,"GO:0036336","dendritic cell migration"
56,0.0587676901606052,"Up",0.800102527139942,0.999769115486285,"GO:0048565","digestive tract development"
23,0.027915576574101,"Down",0.800155643481653,0.999769115486285,"GO:0048489","synaptic vesicle transport"
63,0.0471455110373052,"Down",0.800336625500894,0.999769115486285,"GO:0060840","artery development"
43,0.0585543787340344,"Down",0.800715961598572,0.999769115486285,"GO:0071709","membrane assembly"
185,0.0378120778914345,"Down",0.800973389676601,0.999769115486285,"GO:0007162","negative regulation of cell adhesion"
16,0.103967189019239,"Up",0.801276227006412,0.999769115486285,"GO:0060441","epithelial tube branching involved in lung morphogenesis"
20,0.00707424546005508,"Down",0.801317259321587,0.999769115486285,"GO:0090075","relaxation of muscle"
22,0.0795275147304377,"Up",0.801345140945527,0.999769115486285,"GO:0030511","positive regulation of transforming growth factor beta receptor signaling pathway"
22,0.0795275147304377,"Up",0.801345140945527,0.999769115486285,"GO:1903846","positive regulation of cellular response to transforming growth factor beta stimulus"
272,0.0418826451294499,"Up",0.802071788728458,0.999769115486285,"GO:0048871","multicellular organismal homeostasis"
18,0.0745326368894257,"Up",0.802271688717861,0.999769115486285,"GO:0006298","mismatch repair"
20,0.0400163034500335,"Up",0.802755436038231,0.999769115486285,"GO:0050885","neuromuscular process controlling balance"
45,0.12036651986263,"Up",0.803150707317327,0.999769115486285,"GO:0034605","cellular response to heat"
20,0.0867503610694602,"Down",0.803752898335135,0.999769115486285,"GO:0048009","insulin-like growth factor receptor signaling pathway"
85,0.0348134499172136,"Down",0.804113568509511,0.999769115486285,"GO:0006937","regulation of muscle contraction"
21,0.134415571595871,"Up",0.804503598107639,0.999769115486285,"GO:0071354","cellular response to interleukin-6"
21,0.0369520594409861,"Up",0.804524396562024,0.999769115486285,"GO:1901020","negative regulation of calcium ion transmembrane transporter activity"
199,0.0320880571597516,"Down",0.804559633892574,0.999769115486285,"GO:0009100","glycoprotein metabolic process"
20,0.0351174514370137,"Up",0.804876323837387,0.999769115486285,"GO:0050879","multicellular organismal movement"
20,0.0351174514370137,"Up",0.804876323837387,0.999769115486285,"GO:0050881","musculoskeletal movement"
79,0.0360014042962274,"Up",0.805070875489337,0.999769115486285,"GO:0090087","regulation of peptide transport"
39,0.0439158468146051,"Down",0.805213893890938,0.999769115486285,"GO:0051057","positive regulation of small GTPase mediated signal transduction"
19,0.0350711468866517,"Up",0.805450037297276,0.999769115486285,"GO:0051155","positive regulation of striated muscle cell differentiation"
75,0.0192378881308825,"Up",0.805473893186991,0.999769115486285,"GO:0006694","steroid biosynthetic process"
26,0.0608157996555363,"Up",0.80556729654029,0.999769115486285,"GO:1902116","negative regulation of organelle assembly"
65,0.033932508182244,"Down",0.805619932402294,0.999769115486285,"GO:0090398","cellular senescence"
76,0.027333648898676,"Down",0.805858360333999,0.999769115486285,"GO:0030879","mammary gland development"
20,0.0941966103097932,"Up",0.806177802942411,0.999769115486285,"GO:0010613","positive regulation of cardiac muscle hypertrophy"
20,0.0941966103097932,"Up",0.806177802942411,0.999769115486285,"GO:0014742","positive regulation of muscle hypertrophy"
68,0.0256855039814092,"Down",0.806186406258983,0.999769115486285,"GO:0030282","bone mineralization"
96,0.0559452052574043,"Down",0.806599101532407,0.999769115486285,"GO:0016051","carbohydrate biosynthetic process"
280,0.0471650308813264,"Down",0.80663056695709,0.999769115486285,"GO:0050778","positive regulation of immune response"
19,0.0434083848274753,"Down",0.806928127311879,0.999769115486285,"GO:0010880","regulation of release of sequestered calcium ion into cytosol by sarcoplasmic reticulum"
42,0.0676479009709161,"Down",0.806951701760837,0.999769115486285,"GO:0090307","mitotic spindle assembly"
16,0.0897693977174926,"Down",0.807225518755994,0.999769115486285,"GO:2001032","regulation of double-strand break repair via nonhomologous end joining"
77,0.029472090126807,"Up",0.807322856048936,0.999769115486285,"GO:0034763","negative regulation of transmembrane transport"
244,0.111153972954416,"Down",0.807841168609304,0.999769115486285,"GO:0022613","ribonucleoprotein complex biogenesis"
429,0.0393359041591391,"Up",0.807974726223394,0.999769115486285,"GO:0140352","export from cell"
18,0.0829132688495726,"Down",0.807997788919998,0.999769115486285,"GO:0090312","positive regulation of protein deacetylation"
56,0.100378283707722,"Up",0.80802582629102,0.999769115486285,"GO:0048525","negative regulation of viral process"
140,0.032924426356855,"Up",0.808098083438884,0.999769115486285,"GO:0097305","response to alcohol"
18,0.0608972160786472,"Down",0.808222786393897,0.999769115486285,"GO:0032885","regulation of polysaccharide biosynthetic process"
43,0.0649652105723225,"Up",0.808320023668542,0.999769115486285,"GO:0030199","collagen fibril organization"
349,0.0516854706040353,"Up",0.808369779882578,0.999769115486285,"GO:0006897","endocytosis"
153,0.0625873891723692,"Down",0.808655246999891,0.999769115486285,"GO:0044782","cilium organization"
27,0.0704598015180549,"Up",0.809074934408336,0.999769115486285,"GO:0071604","transforming growth factor beta production"
19,0.0904511734038039,"Down",0.809089428165286,0.999769115486285,"GO:0043555","regulation of translation in response to stress"
57,0.0391668665286017,"Up",0.809389605364903,0.999769115486285,"GO:0030148","sphingolipid biosynthetic process"
195,0.0299184786772887,"Down",0.809450121268799,0.999769115486285,"GO:0022409","positive regulation of cell-cell adhesion"
61,0.0376694079104176,"Up",0.809533630793846,0.999769115486285,"GO:0014812","muscle cell migration"
416,0.0341666372272099,"Up",0.809728960731151,0.999769115486285,"GO:0098655","cation transmembrane transport"
20,0.0773665863623377,"Up",0.810389554304327,0.999769115486285,"GO:0070670","response to interleukin-4"
121,0.0393138207375242,"Up",0.811268764755477,0.999769115486285,"GO:1903522","regulation of blood circulation"
245,0.0424909632481833,"Down",0.811330977316785,0.999769115486285,"GO:0051090","regulation of DNA-binding transcription factor activity"
53,0.0546749316449207,"Down",0.811607744918619,0.999769115486285,"GO:2000628","regulation of miRNA metabolic process"
21,0.0495744482685598,"Up",0.81191608673333,0.999769115486285,"GO:0034260","negative regulation of GTPase activity"
26,0.0363940555219613,"Up",0.811927308655273,0.999769115486285,"GO:0061081","positive regulation of myeloid leukocyte cytokine production involved in immune response"
39,0.0525548715524244,"Down",0.812088794999032,0.999769115486285,"GO:0032615","interleukin-12 production"
39,0.0525548715524244,"Down",0.812088794999032,0.999769115486285,"GO:0032655","regulation of interleukin-12 production"
62,0.0484739031759727,"Down",0.812123912506669,0.999769115486285,"GO:1901989","positive regulation of cell cycle phase transition"
141,0.0405439465110567,"Down",0.812281684881794,0.999769115486285,"GO:0022898","regulation of transmembrane transporter activity"
433,0.066599282925023,"Down",0.812364970431485,0.999769115486285,"GO:0007017","microtubule-based process"
29,0.0097763956541244,"Down",0.812614934874343,0.999769115486285,"GO:0030858","positive regulation of epithelial cell differentiation"
64,0.0606297965204595,"Up",0.81267447773062,0.999769115486285,"GO:1905477","positive regulation of protein localization to membrane"
27,0.0499666901131149,"Up",0.812924135815944,0.999769115486285,"GO:0033028","myeloid cell apoptotic process"
24,0.195048666194115,"Up",0.8131854574217,0.999769115486285,"GO:0014044","Schwann cell development"
84,0.118983640435803,"Down",0.813213495178488,0.999769115486285,"GO:0000723","telomere maintenance"
83,0.0328616511908904,"Down",0.813500551900993,0.999769115486285,"GO:0001890","placenta development"
46,0.0348490155164568,"Up",0.813732735098029,0.999769115486285,"GO:0071277","cellular response to calcium ion"
53,0.0898606767356155,"Up",0.81387237627101,0.999769115486285,"GO:0007422","peripheral nervous system development"
29,0.0334410476593648,"Up",0.814089270756388,0.999769115486285,"GO:0071300","cellular response to retinoic acid"
19,0.0881615207471405,"Up",0.814880336595726,0.999769115486285,"GO:0060333","interferon-gamma-mediated signaling pathway"
496,0.0434644559074319,"Down",0.815059177011865,0.999769115486285,"GO:0014070","response to organic cyclic compound"
79,0.0623162758856821,"Up",0.81527150993583,0.999769115486285,"GO:0030218","erythrocyte differentiation"
52,0.0559370243494342,"Down",0.815290676576011,0.999769115486285,"GO:0072384","organelle transport along microtubule"
20,0.0878046930783324,"Down",0.815329903892236,0.999769115486285,"GO:0035994","response to muscle stretch"
97,0.0441632985415767,"Up",0.815561046339021,0.999769115486285,"GO:0070665","positive regulation of leukocyte proliferation"
61,0.0496892451180134,"Up",0.815628278766523,0.999769115486285,"GO:0051702","biological process involved in interaction with symbiont"
15,0.0330862111229964,"Down",0.815849257588563,0.999769115486285,"GO:0050926","regulation of positive chemotaxis"
68,0.0818921608264963,"Down",0.816208013122618,0.999769115486285,"GO:0051225","spindle assembly"
41,0.0336086440751172,"Up",0.816278249473078,0.999769115486285,"GO:0035904","aorta development"
18,0.000758204404732105,"Down",0.817215553053754,0.999769115486285,"GO:0001773","myeloid dendritic cell activation"
60,0.053055299003169,"Up",0.817587571777012,0.999769115486285,"GO:0036473","cell death in response to oxidative stress"
92,0.0382832321017867,"Up",0.81800486459441,0.999769115486285,"GO:0097696","receptor signaling pathway via STAT"
28,0.0929911039139965,"Down",0.818229858809557,0.999769115486285,"GO:0060966","regulation of gene silencing by RNA"
43,0.0664676568100972,"Down",0.818424839573763,0.999769115486285,"GO:0070059","intrinsic apoptotic signaling pathway in response to endoplasmic reticulum stress"
213,0.0435839717189328,"Down",0.818436661655604,0.999769115486285,"GO:0001933","negative regulation of protein phosphorylation"
36,0.00349623254598104,"Up",0.818872623346226,0.999769115486285,"GO:0007566","embryo implantation"
64,0.0458630625710526,"Down",0.818977159918675,0.999769115486285,"GO:0002286","T cell activation involved in immune response"
306,0.0366682150751599,"Down",0.819178388823752,0.999769115486285,"GO:0043065","positive regulation of apoptotic process"
97,0.0430444173956747,"Up",0.819245752837962,0.999769115486285,"GO:0002790","peptide secretion"
266,0.0396591562513599,"Up",0.819358023981442,0.999769115486285,"GO:1903530","regulation of secretion by cell"
72,0.0698171344243974,"Down",0.819369655076424,0.999769115486285,"GO:0045089","positive regulation of innate immune response"
32,0.0242949361082448,"Up",0.820261954599696,0.999769115486285,"GO:0009247","glycolipid biosynthetic process"
124,0.0504859905741625,"Down",0.820771826407907,0.999769115486285,"GO:0032869","cellular response to insulin stimulus"
45,0.125556904498355,"Down",0.820897182850064,0.999769115486285,"GO:0010833","telomere maintenance via telomere lengthening"
16,0.0123048875668447,"Down",0.821008094216234,0.999769115486285,"GO:0002862","negative regulation of inflammatory response to antigenic stimulus"
489,0.0798516262800741,"Up",0.821425107009167,0.999769115486285,"GO:0051603","proteolysis involved in protein catabolic process"
62,0.0816556143911137,"Down",0.821997845621675,0.999769115486285,"GO:0006352","DNA-templated transcription initiation"
31,0.0862819543239586,"Up",0.823009680717491,0.999769115486285,"GO:0061512","protein localization to cilium"
22,0.0929403996483516,"Up",0.823700818394602,0.999769115486285,"GO:0060428","lung epithelium development"
256,0.0548245923844158,"Down",0.823716212651871,0.999769115486285,"GO:0002764","immune response-regulating signaling pathway"
23,0.0481063351355695,"Down",0.824103106075888,0.999769115486285,"GO:0032814","regulation of natural killer cell activation"
225,0.0617024220047446,"Down",0.82465108732044,0.999769115486285,"GO:0043087","regulation of GTPase activity"
16,-0.00499630876769028,"Down",0.82475534402848,0.999769115486285,"GO:0007143","female meiotic nuclear division"
77,0.0336677809015344,"Up",0.824802653387795,0.999769115486285,"GO:0090276","regulation of peptide hormone secretion"
25,0.0511075107799072,"Down",0.824859119649044,0.999769115486285,"GO:0032735","positive regulation of interleukin-12 production"
332,0.0396471738897821,"Up",0.825564525192578,0.999769115486285,"GO:0002252","immune effector process"
17,0.0587338686075315,"Down",0.82564898789139,0.999769115486285,"GO:0006862","nucleotide transport"
57,0.0266565936775883,"Up",0.826612161470707,0.999769115486285,"GO:0019751","polyol metabolic process"
19,0.030129907745694,"Up",0.826625178003239,0.999769115486285,"GO:0002828","regulation of type 2 immune response"
33,0.0281097764721466,"Down",0.827048521802427,0.999769115486285,"GO:1900744","regulation of p38MAPK cascade"
89,0.0402595843670791,"Up",0.827342141866489,0.999769115486285,"GO:0106106","cold-induced thermogenesis"
89,0.0402595843670791,"Up",0.827342141866489,0.999769115486285,"GO:0120161","regulation of cold-induced thermogenesis"
40,0.0582132605775879,"Down",0.828020384354066,0.999769115486285,"GO:0002088","lens development in camera-type eye"
73,0.0582249841601374,"Up",0.828080459665278,0.999769115486285,"GO:0035264","multicellular organism growth"
93,0.0456678528631327,"Up",0.828124640794009,0.999769115486285,"GO:0090305","nucleic acid phosphodiester bond hydrolysis"
40,0.041572035176354,"Down",0.828489398542957,0.999769115486285,"GO:0036465","synaptic vesicle recycling"
192,0.0359301892150694,"Down",0.828907870988325,0.999769115486285,"GO:0048568","embryonic organ development"
408,0.0329897430699832,"Down",0.829231824474717,0.999769115486285,"GO:0008285","negative regulation of cell population proliferation"
46,0.0258501905283175,"Down",0.82949799364576,0.999769115486285,"GO:0055117","regulation of cardiac muscle contraction"
60,0.035866937619507,"Down",0.829659941001482,0.999769115486285,"GO:0030510","regulation of BMP signaling pathway"
24,0.0706304380286653,"Down",0.829764328726038,0.999769115486285,"GO:0045744","negative regulation of G protein-coupled receptor signaling pathway"
96,0.0476563321533,"Down",0.829874600459394,0.999769115486285,"GO:1903844","regulation of cellular response to transforming growth factor beta stimulus"
143,0.0648083657044567,"Down",0.83003968799613,0.999769115486285,"GO:0060271","cilium assembly"
56,0.0193756762418396,"Down",0.830745550097988,0.999769115486285,"GO:0050905","neuromuscular process"
215,0.0339798762670364,"Up",0.830751671344247,0.999769115486285,"GO:0023061","signal release"
74,0.0324523818261565,"Down",0.830860136972533,0.999769115486285,"GO:0035637","multicellular organismal signaling"
324,0.049623521073483,"Down",0.830906039037003,0.999769115486285,"GO:0019953","sexual reproduction"
29,0.112794739619118,"Down",0.830990898688225,0.999769115486285,"GO:0001541","ovarian follicle development"
275,0.0437607965005631,"Down",0.831057888022801,0.999769115486285,"GO:1903131","mononuclear cell differentiation"
45,0.0781732297681514,"Down",0.831770166360006,0.999769115486285,"GO:0010657","muscle cell apoptotic process"
26,0.0834620490191986,"Down",0.832061413238821,0.999769115486285,"GO:0010656","negative regulation of muscle cell apoptotic process"
32,0.0203503469632654,"Down",0.83229468121896,0.999769115486285,"GO:0060038","cardiac muscle cell proliferation"
17,-0.00706934002237168,"Up",0.832635910585318,0.999769115486285,"GO:0060563","neuroepithelial cell differentiation"
108,0.0318150878746291,"Down",0.832730462302783,0.999769115486285,"GO:0051896","regulation of protein kinase B signaling"
20,0.0503705546988834,"Down",0.833015791676966,0.999769115486285,"GO:0045933","positive regulation of muscle contraction"
343,0.031858265068994,"Down",0.83362742039377,0.999769115486285,"GO:0001525","angiogenesis"
194,0.0365686212768496,"Up",0.833703602595436,0.999769115486285,"GO:0051346","negative regulation of hydrolase activity"
16,0.143323649467464,"Up",0.833796617469102,0.999769115486285,"GO:0019320","hexose catabolic process"
20,0.0514171212655164,"Up",0.834093953269256,0.999769115486285,"GO:0010824","regulation of centrosome duplication"
253,0.0624273915256183,"Down",0.834321045193026,0.999769115486285,"GO:0031331","positive regulation of cellular catabolic process"
15,0.0431026439314579,"Up",0.834474934822012,0.999769115486285,"GO:0032816","positive regulation of natural killer cell activation"
23,0.0558935086735805,"Down",0.834629556987973,0.999769115486285,"GO:1902253","regulation of intrinsic apoptotic signaling pathway by p53 class mediator"
119,0.0554233534417593,"Down",0.834772737587822,0.999769115486285,"GO:1902107","positive regulation of leukocyte differentiation"
119,0.0554233534417593,"Down",0.834772737587822,0.999769115486285,"GO:1903708","positive regulation of hemopoiesis"
33,0.0643284546963221,"Down",0.83551739126119,0.999769115486285,"GO:0002793","positive regulation of peptide secretion"
33,0.0643284546963221,"Down",0.83551739126119,0.999769115486285,"GO:0090277","positive regulation of peptide hormone secretion"
33,0.0965438578965587,"Up",0.835591578608751,0.999769115486285,"GO:1905515","non-motile cilium assembly"
283,0.0733835621793991,"Down",0.836012003455055,0.999769115486285,"GO:0034248","regulation of cellular amide metabolic process"
28,0.102246862607594,"Up",0.836239436228,0.999769115486285,"GO:0099601","regulation of neurotransmitter receptor activity"
57,0.0948976281750142,"Down",0.837351078706092,0.999769115486285,"GO:0006446","regulation of translational initiation"
388,0.0521837884685525,"Up",0.837627343648252,0.999769115486285,"GO:0051668","localization within membrane"
54,0.0279983470447655,"Up",0.837882588804684,0.999769115486285,"GO:0043502","regulation of muscle adaptation"
201,0.0529018862431031,"Down",0.838378272308408,0.999769115486285,"GO:0048545","response to steroid hormone"
26,0.0360492594953319,"Down",0.838677421330874,0.999769115486285,"GO:1901976","regulation of cell cycle checkpoint"
23,0.146629799672951,"Down",0.838866726800966,0.999769115486285,"GO:0071539","protein localization to centrosome"
32,0.0389456652961447,"Down",0.839071025219758,0.999769115486285,"GO:0045058","T cell selection"
144,0.0498179780290382,"Up",0.839234318317338,0.999769115486285,"GO:0002573","myeloid leukocyte differentiation"
20,0.079448962593861,"Up",0.839489748750311,0.999769115486285,"GO:0005978","glycogen biosynthetic process"
20,0.079448962593861,"Up",0.839489748750311,0.999769115486285,"GO:0009250","glucan biosynthetic process"
22,0.0178547022658733,"Down",0.839667886973524,0.999769115486285,"GO:0071398","cellular response to fatty acid"
95,0.0425075772568654,"Up",0.84016908244141,0.999769115486285,"GO:1990845","adaptive thermogenesis"
248,0.0476858409822834,"Down",0.840223601838885,0.999769115486285,"GO:1902903","regulation of supramolecular fiber organization"
37,0.0252263981518656,"Down",0.840554252054706,0.999769115486285,"GO:0033619","membrane protein proteolysis"
108,0.0363780749670066,"Down",0.840664125876558,0.999769115486285,"GO:0010950","positive regulation of endopeptidase activity"
203,0.0546661320560612,"Up",0.840926820876712,0.999769115486285,"GO:0071496","cellular response to external stimulus"
15,0.0254105146415802,"Up",0.841522095603683,0.999769115486285,"GO:1905820","positive regulation of chromosome separation"
18,0.0235984488004543,"Down",0.841664871533362,0.999769115486285,"GO:0033006","regulation of mast cell activation involved in immune response"
21,0.0484199416741703,"Down",0.841735833503641,0.999769115486285,"GO:0003230","cardiac atrium development"
48,0.0499831695029963,"Down",0.842055171042854,0.999769115486285,"GO:0016079","synaptic vesicle exocytosis"
53,0.0307807267229862,"Down",0.842307200702092,0.999769115486285,"GO:0002065","columnar/cuboidal epithelial cell differentiation"
30,0.00389135699010476,"Down",0.842318181918128,0.999769115486285,"GO:0060042","retina morphogenesis in camera-type eye"
24,0.0702330390355624,"Up",0.842523290405879,0.999769115486285,"GO:1902235","regulation of endoplasmic reticulum stress-induced intrinsic apoptotic signaling pathway"
139,0.0360079731159086,"Down",0.843122928894072,0.999769115486285,"GO:0043281","regulation of cysteine-type endopeptidase activity involved in apoptotic process"
18,0.100066344011545,"Down",0.843214558707212,0.999769115486285,"GO:0007064","mitotic sister chromatid cohesion"
145,0.0618052552690716,"Up",0.843570330924222,0.999769115486285,"GO:0006909","phagocytosis"
38,0.0542782848155042,"Down",0.843583450880072,0.999769115486285,"GO:0030837","negative regulation of actin filament polymerization"
32,0.0234385164798387,"Down",0.843947990795252,0.999769115486285,"GO:1903202","negative regulation of oxidative stress-induced cell death"
19,0.0518352978709313,"Down",0.843994429033582,0.999769115486285,"GO:0006515","protein quality control for misfolded or incompletely synthesized proteins"
73,0.0512237005885395,"Down",0.843996174147263,0.999769115486285,"GO:0051261","protein depolymerization"
21,0.0239330302350997,"Up",0.844170199289285,0.999769115486285,"GO:0046676","negative regulation of insulin secretion"
414,0.0458666808360417,"Up",0.844582286331751,0.999769115486285,"GO:0001817","regulation of cytokine production"
15,0.0599959173523012,"Down",0.845084197163558,0.999769115486285,"GO:1902254","negative regulation of intrinsic apoptotic signaling pathway by p53 class mediator"
43,0.048415068806876,"Down",0.84511630131495,0.999769115486285,"GO:0009581","detection of external stimulus"
15,0.076241482463943,"Down",0.845210455521852,0.999769115486285,"GO:0009648","photoperiodism"
19,0.0437080610991385,"Down",0.845256572389731,0.999769115486285,"GO:0050858","negative regulation of antigen receptor-mediated signaling pathway"
27,0.0537599691940991,"Up",0.845834874332364,0.999769115486285,"GO:0035272","exocrine system development"
31,0.104461945740999,"Down",0.845941814959503,0.999769115486285,"GO:0042771","intrinsic apoptotic signaling pathway in response to DNA damage by p53 class mediator"
130,0.0299959688673357,"Up",0.846388268668451,0.999769115486285,"GO:0070302","regulation of stress-activated protein kinase signaling cascade"
41,0.0901458352294883,"Down",0.846448742627393,0.999769115486285,"GO:0006893","Golgi to plasma membrane transport"
16,0.0974376721344661,"Up",0.847018291433608,0.999769115486285,"GO:1903959","regulation of anion transmembrane transport"
26,0.0647950451885645,"Down",0.847171101708607,0.999769115486285,"GO:0043001","Golgi to plasma membrane protein transport"
30,0.0589152112717788,"Down",0.847458566600308,0.999769115486285,"GO:0061756","leukocyte adhesion to vascular endothelial cell"
393,0.0323851693411382,"Down",0.848045925715502,0.999769115486285,"GO:0048514","blood vessel morphogenesis"
38,0.0133216550261678,"Up",0.848128178706931,0.999769115486285,"GO:0015807","L-amino acid transport"
31,0.0690364241695572,"Down",0.848129209374422,0.999769115486285,"GO:0033173","calcineurin-NFAT signaling cascade"
31,0.0690364241695572,"Down",0.848129209374422,0.999769115486285,"GO:0097720","calcineurin-mediated signaling"
220,0.0340843438279255,"Down",0.848198140255643,0.999769115486285,"GO:1903037","regulation of leukocyte cell-cell adhesion"
25,0.0806483984719146,"Down",0.848341710801752,0.999769115486285,"GO:0045912","negative regulation of carbohydrate metabolic process"
52,0.0493478293788642,"Up",0.848385037164188,0.999769115486285,"GO:0002720","positive regulation of cytokine production involved in immune response"
132,0.0286246662522791,"Down",0.848791230459399,0.999769115486285,"GO:0003007","heart morphogenesis"
112,0.0564108009090856,"Up",0.849320164408117,0.999769115486285,"GO:0019318","hexose metabolic process"
93,0.0398292326123197,"Up",0.849365447542057,0.999769115486285,"GO:0030258","lipid modification"
17,0.0226658024292061,"Down",0.849384840403336,0.999769115486285,"GO:0072010","glomerular epithelium development"
103,0.0251050298224897,"Up",0.849415897686906,0.999769115486285,"GO:0046883","regulation of hormone secretion"
127,0.0515675756990095,"Up",0.849436397902612,0.999769115486285,"GO:0009612","response to mechanical stimulus"
60,0.0287402188556999,"Down",0.849449754597015,0.999769115486285,"GO:0007605","sensory perception of sound"
18,0.0110397253152207,"Down",0.849472231883708,0.999769115486285,"GO:0021772","olfactory bulb development"
16,0.175277132298701,"Up",0.849574631721154,0.999769115486285,"GO:0062098","regulation of programmed necrotic cell death"
18,0.0699046168368895,"Up",0.850150818108416,0.999769115486285,"GO:0006270","DNA replication initiation"
38,0.0586634619708137,"Down",0.85020240671563,0.999769115486285,"GO:0006073","cellular glucan metabolic process"
38,0.0586634619708137,"Down",0.85020240671563,0.999769115486285,"GO:0044042","glucan metabolic process"
26,0.0521582873744534,"Up",0.850322923906756,0.999769115486285,"GO:0140353","lipid export from cell"
351,0.0283951152886909,"Down",0.850346005706254,0.999769115486285,"GO:0009611","response to wounding"
82,0.0353048450370353,"Up",0.850454895705429,0.999769115486285,"GO:0050671","positive regulation of lymphocyte proliferation"
34,0.0342369431145268,"Down",0.85054213437621,0.999769115486285,"GO:0090175","regulation of establishment of planar polarity"
290,0.0913283386750669,"Up",0.850657731003011,0.999769115486285,"GO:0043161","proteasome-mediated ubiquitin-dependent protein catabolic process"
92,0.0457404827755542,"Up",0.8508345788453,0.999769115486285,"GO:0021915","neural tube development"
45,0.0699816297219373,"Up",0.851221654701846,0.999769115486285,"GO:0003281","ventricular septum development"
119,0.0341056797599951,"Down",0.851333315192691,0.999769115486285,"GO:0045137","development of primary sexual characteristics"
66,0.0335752285394888,"Up",0.851509614712741,0.999769115486285,"GO:0043500","muscle adaptation"
42,0.019220644312873,"Up",0.852188214308738,0.999769115486285,"GO:1903053","regulation of extracellular matrix organization"
249,0.0578620789298108,"Down",0.852230530485867,0.999769115486285,"GO:0019439","aromatic compound catabolic process"
429,0.0335519962076417,"Down",0.852334571434298,0.999769115486285,"GO:0043086","negative regulation of catalytic activity"
19,0.00502674615231676,"Up",0.852565991445617,0.999769115486285,"GO:1901623","regulation of lymphocyte chemotaxis"
31,0.0185164170115401,"Down",0.852623239792514,0.999769115486285,"GO:0051985","negative regulation of chromosome segregation"
31,0.0185164170115401,"Down",0.852623239792514,0.999769115486285,"GO:1905819","negative regulation of chromosome separation"
275,0.0387757849242972,"Down",0.853026531210403,0.999769115486285,"GO:0045936","negative regulation of phosphate metabolic process"
346,0.041011439269297,"Down",0.85303143796268,0.999769115486285,"GO:0051345","positive regulation of hydrolase activity"
54,0.0270052791638533,"Up",0.853334221757339,0.999769115486285,"GO:0032526","response to retinoic acid"
158,0.0321441935204658,"Down",0.853776899739222,0.999769115486285,"GO:0061458","reproductive system development"
18,0.0666055105864883,"Down",0.854149311032882,0.999769115486285,"GO:0036037","CD8-positive, alpha-beta T cell activation"
63,0.0478393255273718,"Up",0.85425852183246,0.999769115486285,"GO:1903305","regulation of regulated secretory pathway"
23,0.0115862332496206,"Down",0.854585419703268,0.999769115486285,"GO:1900274","regulation of phospholipase C activity"
16,0.0461096061098732,"Up",0.854874277690051,0.999769115486285,"GO:0071280","cellular response to copper ion"
27,0.0393386444946568,"Down",0.85491972545992,0.999769115486285,"GO:1900271","regulation of long-term synaptic potentiation"
453,0.0374089971463119,"Up",0.854987476637959,0.999769115486285,"GO:0046903","secretion"
51,0.0718827952324267,"Up",0.855277869048264,0.999769115486285,"GO:0061912","selective autophagy"
123,0.0308337602898424,"Up",0.855453456027702,0.999769115486285,"GO:0043393","regulation of protein binding"
24,0.0370512590880433,"Down",0.856080194393056,0.999769115486285,"GO:0046427","positive regulation of receptor signaling pathway via JAK-STAT"
92,0.0323324800018449,"Down",0.856110179492845,0.999769115486285,"GO:0007219","Notch signaling pathway"
42,0.0594590232499385,"Down",0.856503620172924,0.999769115486285,"GO:0032387","negative regulation of intracellular transport"
17,0.0529559728679796,"Up",0.856535636133068,0.999769115486285,"GO:0045066","regulatory T cell differentiation"
30,0.0557845180648866,"Down",0.856582142191026,0.999769115486285,"GO:0060425","lung morphogenesis"
55,0.0523081989845387,"Up",0.856750853424256,0.999769115486285,"GO:0048661","positive regulation of smooth muscle cell proliferation"
38,0.0629346164917788,"Down",0.856761002903718,0.999769115486285,"GO:0048016","inositol phosphate-mediated signaling"
111,0.0624391891884585,"Down",0.856990525757342,0.999769115486285,"GO:0007281","germ cell development"
50,0.0171666186742178,"Down",0.857115444598503,0.999769115486285,"GO:0006942","regulation of striated muscle contraction"
18,0.0495262886833255,"Up",0.857183365044373,0.999769115486285,"GO:0034643","establishment of mitochondrion localization, microtubule-mediated"
18,0.0495262886833255,"Up",0.857183365044373,0.999769115486285,"GO:0047497","mitochondrion transport along microtubule"
106,0.0646603020722455,"Down",0.857216582823017,0.999769115486285,"GO:0007051","spindle organization"
62,0.0671678589035705,"Up",0.85759757663197,0.999769115486285,"GO:0055123","digestive system development"
70,0.0729146857953689,"Up",0.857795198271073,0.999769115486285,"GO:0031929","TOR signaling"
45,0.0419411776691709,"Up",0.857876358482299,0.999769115486285,"GO:0006835","dicarboxylic acid transport"
117,0.0338270184215171,"Down",0.858661108223079,0.999769115486285,"GO:0008406","gonad development"
39,0.0389905942007536,"Up",0.858743302119645,0.999769115486285,"GO:0045666","positive regulation of neuron differentiation"
26,0.01023243048273,"Down",0.858757125075621,0.999769115486285,"GO:0060986","endocrine hormone secretion"
95,0.0472293097337204,"Down",0.859161489897453,0.999769115486285,"GO:0017015","regulation of transforming growth factor beta receptor signaling pathway"
90,0.0327951807449984,"Down",0.859372906154767,0.999769115486285,"GO:2001056","positive regulation of cysteine-type endopeptidase activity"
51,0.0659550857196723,"Up",0.85939488345006,0.999769115486285,"GO:0140056","organelle localization by membrane tethering"
33,0.123033645026178,"Down",0.85972199503347,0.999769115486285,"GO:1902041","regulation of extrinsic apoptotic signaling pathway via death domain receptors"
31,0.061854539565798,"Up",0.859878511917754,0.999769115486285,"GO:0018208","peptidyl-proline modification"
113,0.046530311523738,"Down",0.860142199918502,0.999769115486285,"GO:0002285","lymphocyte activation involved in immune response"
66,0.0426012230024054,"Down",0.860397958063252,0.999769115486285,"GO:0002821","positive regulation of adaptive immune response"
31,0.000916944674075119,"Down",0.860694331213207,0.999769115486285,"GO:0050873","brown fat cell differentiation"
43,0.0301456256981426,"Down",0.86097334390943,0.999769115486285,"GO:0044773","mitotic DNA damage checkpoint signaling"
19,0.0508407003799128,"Down",0.861288172609985,0.999769115486285,"GO:0072012","glomerulus vasculature development"
52,0.0659112999377855,"Down",0.861669972835721,0.999769115486285,"GO:0072332","intrinsic apoptotic signaling pathway by p53 class mediator"
19,0.0977784776685776,"Up",0.861759106644936,0.999769115486285,"GO:0048821","erythrocyte development"
22,0.0648479909380882,"Down",0.862143151337387,0.999769115486285,"GO:0042092","type 2 immune response"
61,0.0657850087046893,"Up",0.862203154674396,0.999769115486285,"GO:0090100","positive regulation of transmembrane receptor protein serine/threonine kinase signaling pathway"
24,0.152159432589809,"Down",0.8624718706467,0.999769115486285,"GO:1905508","protein localization to microtubule organizing center"
140,0.0366744192922979,"Down",0.862702569441216,0.999769115486285,"GO:0050670","regulation of lymphocyte proliferation"
276,0.0389009671015899,"Down",0.862888821025459,0.999769115486285,"GO:0010563","negative regulation of phosphorus metabolic process"
158,0.0372067018179817,"Down",0.863521180321694,0.999769115486285,"GO:0061448","connective tissue development"
313,0.0377076925541203,"Down",0.863792670890875,0.999769115486285,"GO:0043068","positive regulation of programmed cell death"
62,0.036933370752124,"Up",0.863896446964531,0.999769115486285,"GO:0030512","negative regulation of transforming growth factor beta receptor signaling pathway"
180,0.0473306382239077,"Down",0.864119808575411,0.999769115486285,"GO:0110053","regulation of actin filament organization"
30,0.018443052967032,"Down",0.864139887176316,0.999769115486285,"GO:0033046","negative regulation of sister chromatid segregation"
30,0.018443052967032,"Down",0.864139887176316,0.999769115486285,"GO:0033048","negative regulation of mitotic sister chromatid segregation"
30,0.018443052967032,"Down",0.864139887176316,0.999769115486285,"GO:2000816","negative regulation of mitotic sister chromatid separation"
26,0.105806951419416,"Up",0.864336541092218,0.999769115486285,"GO:0046596","regulation of viral entry into host cell"
56,0.0651798597521852,"Down",0.864341247546089,0.999769115486285,"GO:0006970","response to osmotic stress"
423,0.0456924214507339,"Up",0.864594060637119,0.999769115486285,"GO:0001816","cytokine production"
38,0.0138379804156756,"Up",0.864904824971854,0.999769115486285,"GO:1902475","L-alpha-amino acid transmembrane transport"
44,0.0210578440433876,"Down",0.865235529380424,0.999769115486285,"GO:0042698","ovulation cycle"
20,0.0134320817679221,"Down",0.865538034897533,0.999769115486285,"GO:0055069","zinc ion homeostasis"
22,0.121126839926194,"Up",0.865833454453022,0.999769115486285,"GO:0032728","positive regulation of interferon-beta production"
49,0.0336154904268881,"Up",0.866181364268185,0.999769115486285,"GO:0060761","negative regulation of response to cytokine stimulus"
253,0.0254719586849914,"Up",0.866419759863444,0.999769115486285,"GO:0050900","leukocyte migration"
17,0.00174764555146006,"Down",0.866600096895158,0.999769115486285,"GO:0008207","C21-steroid hormone metabolic process"
130,0.0315419497385613,"Up",0.867042017199827,0.999769115486285,"GO:0042886","amide transport"
25,0.0875432428863112,"Down",0.867095315589963,0.999769115486285,"GO:0051646","mitochondrion localization"
37,0.0544239600173852,"Down",0.867109825523742,0.999769115486285,"GO:0015800","acidic amino acid transport"
123,0.0682509970591133,"Up",0.867550751898996,0.999769115486285,"GO:0042594","response to starvation"
16,0.00402645667011008,"Up",0.867577561715697,0.999769115486285,"GO:0043267","negative regulation of potassium ion transport"
313,0.0488380900018991,"Down",0.867959911299234,0.999769115486285,"GO:0010638","positive regulation of organelle organization"
15,0.042490438604439,"Down",0.868207817205167,0.999769115486285,"GO:0044060","regulation of endocrine process"
32,0.0483121609698421,"Down",0.868372649491729,0.999769115486285,"GO:0070849","response to epidermal growth factor"
43,0.0395431868470879,"Up",0.868372659911464,0.999769115486285,"GO:0007338","single fertilization"
39,0.130282527029827,"Down",0.868622377125796,0.999769115486285,"GO:0042274","ribosomal small subunit biogenesis"
31,0.0333584043336746,"Down",0.868916433527869,0.999769115486285,"GO:0097194","execution phase of apoptosis"
204,0.0323229356997118,"Down",0.869025285042994,0.999769115486285,"GO:0006820","anion transport"
63,0.0714551621095294,"Down",0.869286835081228,0.999769115486285,"GO:0007224","smoothened signaling pathway"
88,0.0336883059814819,"Down",0.870086686446358,0.999769115486285,"GO:2001235","positive regulation of apoptotic signaling pathway"
30,0.0354615096817707,"Up",0.870272829181374,0.999769115486285,"GO:0016126","sterol biosynthetic process"
134,0.0532165772810064,"Down",0.870346717141493,0.999769115486285,"GO:0010001","glial cell differentiation"
21,-0.000253011468846392,"Up",0.8704647702212,0.999769115486285,"GO:0046006","regulation of activated T cell proliferation"
18,0.0733007776260689,"Down",0.870657780512812,0.999769115486285,"GO:0048873","homeostasis of number of cells within a tissue"
71,0.0520608264273424,"Down",0.870662989065517,0.999769115486285,"GO:2000027","regulation of animal organ morphogenesis"
128,0.0281257147550397,"Up",0.870687505756436,0.999769115486285,"GO:0032872","regulation of stress-activated MAPK cascade"
20,0.015075776063167,"Up",0.871049185119802,0.999769115486285,"GO:0008206","bile acid metabolic process"
226,0.0410858623013992,"Up",0.871151274013073,0.999769115486285,"GO:0002696","positive regulation of leukocyte activation"
36,0.0047552096886372,"Down",0.871937516726391,0.999769115486285,"GO:0043627","response to estrogen"
30,0.0131589407178556,"Up",0.872018779901128,0.999769115486285,"GO:0070231","T cell apoptotic process"
264,0.0734800953625792,"Up",0.872099704264273,0.999769115486285,"GO:0072594","establishment of protein localization to organelle"
29,0.0331921833051335,"Down",0.872399543524226,0.999769115486285,"GO:0019229","regulation of vasoconstriction"
250,0.0368172054349069,"Up",0.872409005989655,0.999769115486285,"GO:0008015","blood circulation"
93,0.0761077615693112,"Down",0.872555425430713,0.999769115486285,"GO:0030307","positive regulation of cell growth"
35,0.0558487914749549,"Up",0.872587460035801,0.999769115486285,"GO:0051298","centrosome duplication"
74,0.0349315534056407,"Down",0.872776192969757,0.999769115486285,"GO:0030278","regulation of ossification"
325,0.0371130297410428,"Down",0.87278764966756,0.999769115486285,"GO:0030855","epithelial cell differentiation"
23,0.0199770702243977,"Down",0.872890869269792,0.999769115486285,"GO:0032350","regulation of hormone metabolic process"
37,0.0654274894618605,"Up",0.873096112136056,0.999769115486285,"GO:0030042","actin filament depolymerization"
77,0.0582933835353308,"Up",0.873437951342196,0.999769115486285,"GO:0031023","microtubule organizing center organization"
128,0.0581538586037285,"Down",0.873488327817317,0.999769115486285,"GO:0050821","protein stabilization"
31,0.0494766172955471,"Down",0.87357808180076,0.999769115486285,"GO:0048704","embryonic skeletal system morphogenesis"
81,0.0286717193858389,"Down",0.874113593766485,0.999769115486285,"GO:0043271","negative regulation of ion transport"
40,0.0428817088881421,"Up",0.874299987536425,0.999769115486285,"GO:0010596","negative regulation of endothelial cell migration"
30,0.0530823979946702,"Down",0.874781057923521,0.999769115486285,"GO:0030890","positive regulation of B cell proliferation"
58,0.0266195899651483,"Up",0.875264819127677,0.999769115486285,"GO:0048145","regulation of fibroblast proliferation"
107,0.0501061072671306,"Up",0.875423553949438,0.999769115486285,"GO:0008064","regulation of actin polymerization or depolymerization"
107,0.0501061072671306,"Up",0.875423553949438,0.999769115486285,"GO:0030832","regulation of actin filament length"
312,0.0579462703557559,"Up",0.875553853850841,0.999769115486285,"GO:0009896","positive regulation of catabolic process"
109,0.0407523622968841,"Up",0.875728619398228,0.999769115486285,"GO:0002700","regulation of production of molecular mediator of immune response"
15,0.110926379845229,"Up",0.876007929527268,0.999769115486285,"GO:0070102","interleukin-6-mediated signaling pathway"
20,0.0367092979736511,"Up",0.876512123768667,0.999769115486285,"GO:0030513","positive regulation of BMP signaling pathway"
24,0.0118329498734561,"Up",0.876564307163592,0.999769115486285,"GO:0045747","positive regulation of Notch signaling pathway"
18,0.01854850347772,"Up",0.876909905655819,0.999769115486285,"GO:0051560","mitochondrial calcium ion homeostasis"
44,0.0427512825475261,"Down",0.877791902262737,0.999769115486285,"GO:0009582","detection of abiotic stimulus"
79,0.0279503630539936,"Down",0.877818654437903,0.999769115486285,"GO:0006022","aminoglycan metabolic process"
77,0.0268410996915459,"Down",0.878361142693593,0.999769115486285,"GO:0060041","retina development in camera-type eye"
15,0.0389408598039325,"Down",0.878410941747734,0.999769115486285,"GO:0045830","positive regulation of isotype switching"
46,0.0802193457909704,"Up",0.87851715963957,0.999769115486285,"GO:0001656","metanephros development"
26,0.0326664324237899,"Down",0.878554190389792,0.999769115486285,"GO:0002066","columnar/cuboidal epithelial cell development"
51,0.0311486044413601,"Up",0.878620086197239,0.999769115486285,"GO:0008593","regulation of Notch signaling pathway"
44,0.0677169373061981,"Down",0.878638142514972,0.999769115486285,"GO:0050688","regulation of defense response to virus"
135,0.0513466724515189,"Up",0.878699138961866,0.999769115486285,"GO:0008154","actin polymerization or depolymerization"
19,0.0251788144103133,"Up",0.878808590475815,0.999769115486285,"GO:1901223","negative regulation of NIK/NF-kappaB signaling"
55,0.062227578148572,"Down",0.878811910185662,0.999769115486285,"GO:0097306","cellular response to alcohol"
22,0.0271816413617826,"Up",0.878979905290894,0.999769115486285,"GO:0014808","release of sequestered calcium ion into cytosol by sarcoplasmic reticulum"
22,0.0271816413617826,"Up",0.878979905290894,0.999769115486285,"GO:1903514","release of sequestered calcium ion into cytosol by endoplasmic reticulum"
25,0.0218452514367858,"Up",0.879283631641788,0.999769115486285,"GO:1903115","regulation of actin filament-based movement"
17,0.0315887684291295,"Up",0.879298958868927,0.999769115486285,"GO:1905332","positive regulation of morphogenesis of an epithelium"
45,0.0593854835757755,"Down",0.879334647539237,0.999769115486285,"GO:0044091","membrane biogenesis"
68,0.078820978933446,"Down",0.879439856699386,0.999769115486285,"GO:0010717","regulation of epithelial to mesenchymal transition"
42,0.0503736279333186,"Up",0.87952787032967,0.999769115486285,"GO:0051899","membrane depolarization"
273,0.0356810942761112,"Down",0.879549804186001,0.999769115486285,"GO:0044057","regulation of system process"
23,0.0203086952509121,"Down",0.879932081308211,0.999769115486285,"GO:0000132","establishment of mitotic spindle orientation"
60,0.0420324187827871,"Down",0.880174364508788,0.999769115486285,"GO:0002824","positive regulation of adaptive immune response based on somatic recombination of immune receptors built from immunoglobulin superfamily domains"
111,0.0440947204669125,"Down",0.881072887689095,0.999769115486285,"GO:0002819","regulation of adaptive immune response"
88,0.112276628463251,"Down",0.881594830854212,0.999769115486285,"GO:0032200","telomere organization"
44,0.0208968889678012,"Up",0.881614472253287,0.999769115486285,"GO:0014015","positive regulation of gliogenesis"
21,0.0122478436570722,"Up",0.88174205848962,0.999769115486285,"GO:0071425","hematopoietic stem cell proliferation"
23,0.0216535584493423,"Down",0.882085700025332,0.999769115486285,"GO:0086004","regulation of cardiac muscle cell contraction"
235,0.0395023799140538,"Up",0.882374686728132,0.999769115486285,"GO:0050867","positive regulation of cell activation"
15,0.0366077972351329,"Down",0.882457458714954,0.999769115486285,"GO:0035458","cellular response to interferon-beta"
105,0.0696760246010151,"Down",0.882497093506266,0.999769115486285,"GO:0034250","positive regulation of cellular amide metabolic process"
21,0.058175041947698,"Up",0.882741747021658,0.999769115486285,"GO:0046685","response to arsenic-containing substance"
157,0.0323472836138755,"Down",0.882820113252771,0.999769115486285,"GO:0048608","reproductive structure development"
107,0.027530762188632,"Up",0.882829271864179,0.999769115486285,"GO:0042129","regulation of T cell proliferation"
50,0.0332999570003265,"Up",0.882833285977585,0.999769115486285,"GO:1904892","regulation of receptor signaling pathway via STAT"
22,-0.00652534415584636,"Down",0.882841494961522,0.999769115486285,"GO:0120009","intermembrane lipid transfer"
133,0.0628836359307028,"Up",0.883054367596035,0.999769115486285,"GO:0031669","cellular response to nutrient levels"
166,0.0464463335838926,"Up",0.88324900057872,0.999769115486285,"GO:0002460","adaptive immune response based on somatic recombination of immune receptors built from immunoglobulin superfamily domains"
16,0.101872955878621,"Down",0.883342251620848,0.999769115486285,"GO:0002230","positive regulation of defense response to virus by host"
41,0.0514682711923669,"Up",0.883600527868746,0.999769115486285,"GO:0043462","regulation of ATP-dependent activity"
340,0.0457285885441962,"Down",0.884349907755097,0.999769115486285,"GO:0071396","cellular response to lipid"
43,0.0764212333358566,"Up",0.884832562302608,0.999769115486285,"GO:2000630","positive regulation of miRNA metabolic process"
30,0.0232404399936769,"Down",0.884864464839333,0.999769115486285,"GO:1902100","negative regulation of metaphase/anaphase transition of cell cycle"
160,0.0603460369266782,"Down",0.8849271236697,0.999769115486285,"GO:0043122","regulation of I-kappaB kinase/NF-kappaB signaling"
44,0.0419282751982585,"Down",0.88496526618547,0.999769115486285,"GO:0035567","non-canonical Wnt signaling pathway"
23,0.00807823508542986,"Down",0.885060878046773,0.999769115486285,"GO:1903055","positive regulation of extracellular matrix organization"
73,0.137346748631827,"Up",0.885224717352838,0.999769115486285,"GO:0006892","post-Golgi vesicle-mediated transport"
198,0.025178977239479,"Down",0.885394981112466,0.999769115486285,"GO:0050878","regulation of body fluid levels"
98,0.0575621913760367,"Down",0.885924230248322,0.999769115486285,"GO:0017157","regulation of exocytosis"
15,0.0821964537022237,"Down",0.886130318265294,0.999769115486285,"GO:0062009","secondary palate development"
22,0.0696482709322778,"Down",0.886209703107189,0.999769115486285,"GO:0070306","lens fiber cell differentiation"
137,0.0318677702941834,"Down",0.886254622753706,0.999769115486285,"GO:0007548","sex differentiation"
15,0.077742326574431,"Up",0.886954789722283,0.999769115486285,"GO:0097320","plasma membrane tubulation"
21,0.0513973605167485,"Down",0.887168373080022,0.999769115486285,"GO:0051443","positive regulation of ubiquitin-protein transferase activity"
496,0.0750013129247367,"Down",0.88770414332854,0.999769115486285,"GO:0043604","amide biosynthetic process"
119,0.0578439818721826,"Up",0.887987806503024,0.999769115486285,"GO:0043123","positive regulation of I-kappaB kinase/NF-kappaB signaling"
83,0.0368458804223217,"Up",0.888098870935972,0.999769115486285,"GO:0006941","striated muscle contraction"
112,0.0307284766541515,"Down",0.888700497406601,0.999769115486285,"GO:0031099","regeneration"
33,0.0325505981495471,"Up",0.889162071752202,0.999769115486285,"GO:0098900","regulation of action potential"
124,0.0733000117452193,"Down",0.889314908083987,0.999769115486285,"GO:0032388","positive regulation of intracellular transport"
105,0.0366340767325946,"Up",0.889401299269164,0.999769115486285,"GO:0048562","embryonic organ morphogenesis"
127,0.0403448768491822,"Up",0.88988461824583,0.999769115486285,"GO:0003015","heart process"
23,0.190129368557217,"Up",0.890664271012163,0.999769115486285,"GO:0022011","myelination in peripheral nervous system"
23,0.190129368557217,"Up",0.890664271012163,0.999769115486285,"GO:0032292","peripheral nervous system axon ensheathment"
27,0.0394455409958111,"Down",0.890897543580046,0.999769115486285,"GO:1990000","amyloid fibril formation"
185,0.0787518386751742,"Up",0.890982859461909,0.999769115486285,"GO:0034470","ncRNA processing"
23,0.145803451789329,"Down",0.891747156361966,0.999769115486285,"GO:1903749","positive regulation of establishment of protein localization to mitochondrion"
56,0.0420768428401816,"Up",0.89183699256624,0.999769115486285,"GO:0071260","cellular response to mechanical stimulus"
17,0.0151732813846259,"Up",0.891879145721366,0.999769115486285,"GO:0010971","positive regulation of G2/M transition of mitotic cell cycle"
457,0.0317353688224497,"Down",0.892138853245431,0.999769115486285,"GO:0000165","MAPK cascade"
349,0.0384937142629358,"Down",0.892360243123971,0.999769115486285,"GO:0032504","multicellular organism reproduction"
47,0.0363756840430902,"Down",0.892536503862862,0.999769115486285,"GO:0046425","regulation of receptor signaling pathway via JAK-STAT"
463,0.0468310397688598,"Down",0.892794240964516,0.999769115486285,"GO:0050776","regulation of immune response"
60,0.0326394592742475,"Up",0.892961680128416,0.999769115486285,"GO:0002708","positive regulation of lymphocyte mediated immunity"
118,0.079765487154167,"Up",0.892994464220228,0.999769115486285,"GO:0046578","regulation of Ras protein signal transduction"
16,0.125135211921197,"Down",0.893264496145851,0.999769115486285,"GO:0045910","negative regulation of DNA recombination"
20,0.094636067943418,"Down",0.893531643665944,0.999769115486285,"GO:0051954","positive regulation of amine transport"
45,0.0731777912282587,"Down",0.893876321017764,0.999769115486285,"GO:1904377","positive regulation of protein localization to cell periphery"
76,0.0289251714943352,"Down",0.893876519432934,0.999769115486285,"GO:0022612","gland morphogenesis"
129,0.0334291763459824,"Up",0.893877074615635,0.999769115486285,"GO:0046879","hormone secretion"
26,0.0194289156335274,"Down",0.894046362401754,0.999769115486285,"GO:0043537","negative regulation of blood vessel endothelial cell migration"
26,-0.00166143455686625,"Down",0.894086863615786,0.999769115486285,"GO:0050906","detection of stimulus involved in sensory perception"
114,0.0572007105765639,"Up",0.894281227912563,0.999769115486285,"GO:0071695","anatomical structure maturation"
76,0.0367298990550878,"Down",0.894622033564498,0.999769115486285,"GO:0007093","mitotic cell cycle checkpoint signaling"
102,0.0401241446613818,"Up",0.894871227659154,0.999769115486285,"GO:0051302","regulation of cell division"
154,0.0578845860316156,"Up",0.895335456219333,0.999769115486285,"GO:0031668","cellular response to extracellular stimulus"
22,0.0398867003362354,"Down",0.895348583055048,0.999769115486285,"GO:0048701","embryonic cranial skeleton morphogenesis"
45,0.0598376967877813,"Up",0.89538413888235,0.999769115486285,"GO:0046847","filopodium assembly"
56,0.0793678572756666,"Up",0.895437220808201,0.999769115486285,"GO:0032006","regulation of TOR signaling"
254,0.0398413706635185,"Up",0.895598823480785,0.999769115486285,"GO:0050673","epithelial cell proliferation"
158,0.0626547288378999,"Down",0.895792128964445,0.999769115486285,"GO:0032868","response to insulin"
20,0.100808845213865,"Down",0.895845998437976,0.999769115486285,"GO:0006284","base-excision repair"
102,0.0677756563320108,"Up",0.895950530457724,0.999769115486285,"GO:0090316","positive regulation of intracellular protein transport"
81,0.0441639461558137,"Up",0.896139057345124,0.999769115486285,"GO:0002702","positive regulation of production of molecular mediator of immune response"
19,0.0264271827000403,"Up",0.896289283646861,0.999769115486285,"GO:1902751","positive regulation of cell cycle G2/M phase transition"
122,0.0455537357649224,"Down",0.896361989193299,0.999769115486285,"GO:0060491","regulation of cell projection assembly"
122,0.0455537357649224,"Down",0.896361989193299,0.999769115486285,"GO:0120032","regulation of plasma membrane bounded cell projection assembly"
29,0.0229135501985395,"Down",0.896542583422772,0.999769115486285,"GO:0045841","negative regulation of mitotic metaphase/anaphase transition"
31,0.0264552603536726,"Down",0.896900169368755,0.999769115486285,"GO:0043687","post-translational protein modification"
37,0.121030817356764,"Down",0.897112778142181,0.999769115486285,"GO:0032481","positive regulation of type I interferon production"
44,0.0946171742189562,"Up",0.897162236423916,0.999769115486285,"GO:0002381","immunoglobulin production involved in immunoglobulin-mediated immune response"
68,0.0583825512762489,"Down",0.897201824385205,0.999769115486285,"GO:0009185","ribonucleoside diphosphate metabolic process"
399,0.0307837684442525,"Down",0.897395891749402,0.999769115486285,"GO:0043408","regulation of MAPK cascade"
28,0.102988704335385,"Down",0.89789830943219,0.999769115486285,"GO:0070897","transcription preinitiation complex assembly"
56,0.0539959179043868,"Down",0.897913702631162,0.999769115486285,"GO:0050871","positive regulation of B cell activation"
35,0.00804740928039857,"Down",0.898001683534921,0.999769115486285,"GO:0003208","cardiac ventricle morphogenesis"
24,0.0578662935172211,"Up",0.89825954573048,0.999769115486285,"GO:0019082","viral protein processing"
214,0.0344473591823693,"Up",0.898778810833983,0.999769115486285,"GO:0050678","regulation of epithelial cell proliferation"
80,0.0541049946234236,"Down",0.899317487347564,0.999769115486285,"GO:0034446","substrate adhesion-dependent cell spreading"
381,0.042409561349309,"Down",0.899476025569983,0.999769115486285,"GO:0003006","developmental process involved in reproduction"
49,0.0321134393900725,"Up",0.899665369140447,0.999769115486285,"GO:0061337","cardiac conduction"
77,0.0561691153643975,"Up",0.899893261036288,0.999769115486285,"GO:0009132","nucleoside diphosphate metabolic process"
73,0.0291593828616842,"Down",0.900235743886229,0.999769115486285,"GO:0045931","positive regulation of mitotic cell cycle"
38,0.0387469801489057,"Up",0.900368508220382,0.999769115486285,"GO:0043666","regulation of phosphoprotein phosphatase activity"
334,0.0391334555080185,"Up",0.900660141406147,0.999769115486285,"GO:0008610","lipid biosynthetic process"
90,0.0325404700988542,"Up",0.900674993384509,0.999769115486285,"GO:0003205","cardiac chamber development"
38,0.0219203489663258,"Up",0.900839571060795,0.999769115486285,"GO:0006641","triglyceride metabolic process"
95,0.0594216385290613,"Up",0.900997417570467,0.999769115486285,"GO:0001959","regulation of cytokine-mediated signaling pathway"
51,0.0442880651472566,"Down",0.901415802105097,0.999769115486285,"GO:0001892","embryonic placenta development"
21,-0.0035581823696988,"Down",0.90214046896977,0.999769115486285,"GO:0070232","regulation of T cell apoptotic process"
21,0.0486294605207372,"Up",0.902284366316674,0.999769115486285,"GO:2000050","regulation of non-canonical Wnt signaling pathway"
46,0.0569037015147061,"Down",0.90234924093685,0.999769115486285,"GO:0046364","monosaccharide biosynthetic process"
191,0.0417710898626207,"Up",0.902353504587316,0.999769115486285,"GO:0042391","regulation of membrane potential"
41,0.0362798472402073,"Down",0.902984321010198,0.999769115486285,"GO:0070373","negative regulation of ERK1 and ERK2 cascade"
74,0.0340008800192662,"Down",0.903077639096145,0.999769115486285,"GO:0051283","negative regulation of sequestering of calcium ion"
19,0.0581493313413702,"Down",0.903168891482218,0.999769115486285,"GO:0031018","endocrine pancreas development"
70,0.043611347559509,"Up",0.903273502993906,0.999769115486285,"GO:0031623","receptor internalization"
103,0.0601951458299081,"Up",0.904126544962747,0.999769115486285,"GO:0060759","regulation of response to cytokine stimulus"
15,0.0640984781291953,"Up",0.904254546410529,0.999769115486285,"GO:0001504","neurotransmitter uptake"
166,0.041549879743859,"Down",0.904499690040272,0.999769115486285,"GO:0002263","cell activation involved in immune response"
178,0.0483145302328748,"Up",0.905630138723593,0.999769115486285,"GO:0072659","protein localization to plasma membrane"
35,0.0770974396301466,"Down",0.905726183750636,0.999769115486285,"GO:0045911","positive regulation of DNA recombination"
490,0.057752039956923,"Up",0.905886279503217,0.999769115486285,"GO:0032880","regulation of protein localization"
24,0.0228620938302606,"Down",0.906171301688534,0.999769115486285,"GO:0038179","neurotrophin signaling pathway"
65,0.0367156085264824,"Down",0.906344230331178,0.999769115486285,"GO:1903707","negative regulation of hemopoiesis"
282,0.0589164979803281,"Down",0.906961450507025,0.999769115486285,"GO:0120031","plasma membrane bounded cell projection assembly"
73,0.0460196567968972,"Up",0.906970488011137,0.999769115486285,"GO:0002718","regulation of cytokine production involved in immune response"
221,0.0513039305497688,"Down",0.907069264620348,0.999769115486285,"GO:0007178","transmembrane receptor protein serine/threonine kinase signaling pathway"
161,0.0928578679944374,"Up",0.907239521699106,0.999769115486285,"GO:0051607","defense response to virus"
161,0.0928578679944374,"Up",0.907239521699106,0.999769115486285,"GO:0140546","defense response to symbiont"
51,0.0809608334163476,"Down",0.907675351414078,0.999769115486285,"GO:0030032","lamellipodium assembly"
18,0.0928857951603294,"Down",0.907684095410527,0.999769115486285,"GO:0033146","regulation of intracellular estrogen receptor signaling pathway"
15,0.00377410688990476,"Up",0.907688883506417,0.999769115486285,"GO:0031639","plasminogen activation"
83,0.0303838977828005,"Up",0.907753059012521,0.999769115486285,"GO:0051592","response to calcium ion"
97,0.0278565476511538,"Down",0.907847758374885,0.999769115486285,"GO:0097553","calcium ion transmembrane import into cytosol"
104,0.0541346679446234,"Down",0.907924027680998,0.999769115486285,"GO:0071478","cellular response to radiation"
84,0.0551338345591752,"Down",0.908373371401656,0.999769115486285,"GO:0007009","plasma membrane organization"
21,0.0280352745192416,"Down",0.908463915105885,0.999769115486285,"GO:0010863","positive regulation of phospholipase C activity"
87,0.0262892003121684,"Down",0.908812240234789,0.999769115486285,"GO:0110148","biomineralization"
69,0.0283806457221033,"Down",0.909279258545712,0.999769115486285,"GO:0050954","sensory perception of mechanical stimulus"
21,0.0223549859936011,"Up",0.909294500744821,0.999769115486285,"GO:0045746","negative regulation of Notch signaling pathway"
37,0.0323592808364156,"Up",0.909495425278147,0.999769115486285,"GO:0021510","spinal cord development"
29,0.0313161878817136,"Up",0.909561826512457,0.999769115486285,"GO:0008089","anterograde axonal transport"
19,-0.0059049174926374,"Down",0.909782937354569,0.999769115486285,"GO:0090102","cochlea development"
158,0.0464284210305541,"Down",0.909877924187147,0.999769115486285,"GO:0090092","regulation of transmembrane receptor protein serine/threonine kinase signaling pathway"
16,0.0208047563024664,"Down",0.910016040624707,0.999769115486285,"GO:1903204","negative regulation of oxidative stress-induced neuron death"
136,0.053374999898104,"Down",0.910300621778416,0.999769115486285,"GO:0003002","regionalization"
76,0.0524701099446223,"Up",0.910334966462428,0.999769115486285,"GO:0051101","regulation of DNA binding"
39,0.0767047103130529,"Down",0.910636089968331,0.999769115486285,"GO:0006998","nuclear envelope organization"
94,0.0699743772308105,"Up",0.910691781879168,0.999769115486285,"GO:0002833","positive regulation of response to biotic stimulus"
132,0.0301692150395644,"Down",0.910969541180766,0.999769115486285,"GO:0090257","regulation of muscle system process"
25,0.0513119413426763,"Down",0.911054426477118,0.999769115486285,"GO:0032892","positive regulation of organic acid transport"
114,0.0546591834145283,"Up",0.911322841636955,0.999769115486285,"GO:2001242","regulation of intrinsic apoptotic signaling pathway"
106,0.0684591502619926,"Up",0.911375436235036,0.999769115486285,"GO:0009267","cellular response to starvation"
91,0.0827924788386702,"Down",0.911445228754643,0.999769115486285,"GO:0007266","Rho protein signal transduction"
162,0.0397940796470144,"Down",0.911507251215221,0.999769115486285,"GO:0002366","leukocyte activation involved in immune response"
197,0.0490810488095194,"Down",0.911606221145828,0.999769115486285,"GO:0048232","male gamete generation"
18,0.0552026030140294,"Down",0.911878576323386,0.999769115486285,"GO:0010719","negative regulation of epithelial to mesenchymal transition"
15,0.0547551931741707,"Up",0.912170437119636,0.999769115486285,"GO:0060314","regulation of ryanodine-sensitive calcium-release channel activity"
16,0.0281925815330567,"Down",0.912956070183217,0.999769115486285,"GO:0097205","renal filtration"
15,-0.0281757608402519,"Down",0.912999413349285,0.999769115486285,"GO:0060252","positive regulation of glial cell proliferation"
123,0.0346670252332378,"Up",0.913092114602771,0.999769115486285,"GO:0043491","protein kinase B signaling"
21,0.091700445164157,"Up",0.913337949360298,0.999769115486285,"GO:0034067","protein localization to Golgi apparatus"
65,0.085717562555359,"Down",0.913376095501306,0.999769115486285,"GO:0032479","regulation of type I interferon production"
65,0.085717562555359,"Down",0.913376095501306,0.999769115486285,"GO:0032606","type I interferon production"
41,0.0845090842774577,"Down",0.914254572031241,0.999769115486285,"GO:0010660","regulation of muscle cell apoptotic process"
443,0.0867571773759703,"Up",0.91489151592756,0.999769115486285,"GO:0043632","modification-dependent macromolecule catabolic process"
16,0.0419457166975486,"Up",0.915732149395789,0.999769115486285,"GO:0046717","acid secretion"
51,0.0765505222423987,"Up",0.915825210950678,0.999769115486285,"GO:0033865","nucleoside bisphosphate metabolic process"
51,0.0765505222423987,"Up",0.915825210950678,0.999769115486285,"GO:0033875","ribonucleoside bisphosphate metabolic process"
51,0.0765505222423987,"Up",0.915825210950678,0.999769115486285,"GO:0034032","purine nucleoside bisphosphate metabolic process"
20,0.0343923665899192,"Down",0.915914256140018,0.999769115486285,"GO:0031076","embryonic camera-type eye development"
190,0.0523588342504153,"Down",0.915949436098785,0.999769115486285,"GO:0007283","spermatogenesis"
59,0.0706715450605559,"Up",0.916873612964902,0.999769115486285,"GO:0045069","regulation of viral genome replication"
79,0.0656828121257044,"Up",0.917135236620786,0.999769115486285,"GO:0007052","mitotic spindle organization"
28,0.0423955502766036,"Up",0.917425854118566,0.999769115486285,"GO:0009154","purine ribonucleotide catabolic process"
17,0.0938891051813336,"Down",0.91776609612936,0.999769115486285,"GO:0110110","positive regulation of animal organ morphogenesis"
34,0.096872468507222,"Up",0.918176087758302,0.999769115486285,"GO:0032608","interferon-beta production"
34,0.096872468507222,"Up",0.918176087758302,0.999769115486285,"GO:0032648","regulation of interferon-beta production"
19,0.0425329563673427,"Down",0.918471833442171,0.999769115486285,"GO:0045671","negative regulation of osteoclast differentiation"
35,0.0259710261975035,"Down",0.918877069430808,0.999769115486285,"GO:0035050","embryonic heart tube development"
25,0.0484944271916679,"Down",0.918909038506689,0.999769115486285,"GO:0031112","positive regulation of microtubule polymerization or depolymerization"
20,-0.00747040696320179,"Up",0.918948739377494,0.999769115486285,"GO:0031670","cellular response to nutrient"
84,0.0585445607420624,"Down",0.919276016010005,0.999769115486285,"GO:0031333","negative regulation of protein-containing complex assembly"
34,0.0433169052537273,"Up",0.919319940588943,0.999769115486285,"GO:0043470","regulation of carbohydrate catabolic process"
142,0.0471041824018168,"Down",0.919367234852479,0.999769115486285,"GO:0021700","developmental maturation"
16,0.0781688745263203,"Down",0.919566085639791,0.999769115486285,"GO:0046931","pore complex assembly"
29,0.0408950707129921,"Down",0.919586510479139,0.999769115486285,"GO:0071364","cellular response to epidermal growth factor stimulus"
435,0.0871249857194763,"Up",0.920084431778021,0.999769115486285,"GO:0019941","modification-dependent protein catabolic process"
39,0.0565930660970388,"Up",0.920292833091224,0.999769115486285,"GO:0014009","glial cell proliferation"
96,0.06568782308803,"Up",0.920324000217196,0.999769115486285,"GO:0010970","transport along microtubule"
49,0.0301883596070944,"Up",0.921366987668515,0.999769115486285,"GO:0070098","chemokine-mediated signaling pathway"
46,0.0176706233064964,"Down",0.921697644374583,0.999769115486285,"GO:0060191","regulation of lipase activity"
25,0.0535906296850942,"Up",0.921857951648551,0.999769115486285,"GO:0051693","actin filament capping"
17,0.0349509262259896,"Down",0.922395514844976,0.999769115486285,"GO:0071218","cellular response to misfolded protein"
98,0.0376541232178473,"Down",0.922534576291155,0.999769115486285,"GO:0002822","regulation of adaptive immune response based on somatic recombination of immune receptors built from immunoglobulin superfamily domains"
49,0.0189188639906848,"Down",0.922680514565499,0.999769115486285,"GO:0030500","regulation of bone mineralization"
178,0.0244546396926212,"Down",0.922741095227746,0.999769115486285,"GO:0019216","regulation of lipid metabolic process"
118,0.059990096961256,"Up",0.923049643830001,0.999769115486285,"GO:0030705","cytoskeleton-dependent intracellular transport"
42,0.05919711589681,"Down",0.923058518747147,0.999769115486285,"GO:0016925","protein sumoylation"
339,0.0394928183751298,"Down",0.923762032449089,0.999769115486285,"GO:0048609","multicellular organismal reproductive process"
88,0.0567886174695411,"Down",0.924070810471152,0.999769115486285,"GO:0042542","response to hydrogen peroxide"
40,0.0738209048345619,"Down",0.924075670276486,0.999769115486285,"GO:1903078","positive regulation of protein localization to plasma membrane"
15,0.0644920360493983,"Up",0.924920349892311,0.999769115486285,"GO:0003338","metanephros morphogenesis"
39,0.0226428939669124,"Up",0.925182244438139,0.999769115486285,"GO:2001244","positive regulation of intrinsic apoptotic signaling pathway"
232,0.0406542461874411,"Down",0.925489825017446,0.999769115486285,"GO:0048732","gland development"
34,0.0455293009753159,"Down",0.925993737096985,0.999769115486285,"GO:0046579","positive regulation of Ras protein signal transduction"
429,0.0897272766741432,"Up",0.926566944501583,0.999769115486285,"GO:0006511","ubiquitin-dependent protein catabolic process"
31,-0.0073542175108584,"Up",0.926789804493491,0.999769115486285,"GO:2000242","negative regulation of reproductive process"
126,0.100742444395465,"Down",0.926962241748788,0.999769115486285,"GO:0016072","rRNA metabolic process"
49,0.0553971565664952,"Up",0.927086392900829,0.999769115486285,"GO:0010633","negative regulation of epithelial cell migration"
32,0.0045160527454391,"Down",0.92709336049606,0.999769115486285,"GO:1902622","regulation of neutrophil migration"
214,0.026424050405929,"Down",0.927346146002932,0.999769115486285,"GO:0006816","calcium ion transport"
22,0.0880619663821206,"Down",0.927521493727345,0.999769115486285,"GO:0043330","response to exogenous dsRNA"
138,0.0555072008427444,"Up",0.927639400838262,0.999769115486285,"GO:0002440","production of molecular mediator of immune response"
150,0.0588405678263536,"Up",0.927811874625013,0.999769115486285,"GO:0033157","regulation of intracellular protein transport"
91,0.0328193419052089,"Up",0.927955827396774,0.999769115486285,"GO:0002706","regulation of lymphocyte mediated immunity"
39,0.00993147144569961,"Down",0.92799241741903,0.999769115486285,"GO:0048247","lymphocyte chemotaxis"
259,0.0540790195070347,"Down",0.928640763297343,0.999769115486285,"GO:1901361","organic cyclic compound catabolic process"
69,0.0386988212287933,"Down",0.928651130135536,0.999769115486285,"GO:0050796","regulation of insulin secretion"
80,0.0274655017798244,"Up",0.929391120107533,0.999769115486285,"GO:0045598","regulation of fat cell differentiation"
22,0.0433406732766843,"Down",0.930456371971838,0.999769115486285,"GO:0034331","cell junction maintenance"
58,0.0504452244636749,"Down",0.930621140681012,0.999769115486285,"GO:1900407","regulation of cellular response to oxidative stress"
78,0.0352786297875127,"Up",0.93063656437262,0.999769115486285,"GO:0051208","sequestering of calcium ion"
37,0.0717406721730439,"Up",0.930750498059729,0.999769115486285,"GO:0051952","regulation of amine transport"
23,0.162792395133632,"Down",0.930846719332273,0.999769115486285,"GO:0065002","intracellular protein transmembrane transport"
35,0.0384223845731999,"Up",0.931370116682501,0.999769115486285,"GO:0042531","positive regulation of tyrosine phosphorylation of STAT protein"
83,0.0430395211570346,"Down",0.931469980642891,0.999769115486285,"GO:0007519","skeletal muscle tissue development"
463,0.0580175421647634,"Down",0.932321536736624,0.999769115486285,"GO:0070925","organelle assembly"
19,0.00444285082991843,"Down",0.932478910278306,0.999769115486285,"GO:1904893","negative regulation of receptor signaling pathway via STAT"
90,0.0212287108603655,"Down",0.932493560288833,0.999769115486285,"GO:0051048","negative regulation of secretion"
48,0.0691005790096901,"Down",0.932833952246057,0.999769115486285,"GO:0032272","negative regulation of protein polymerization"
145,0.0535198580745705,"Up",0.932844161717977,0.999769115486285,"GO:0007179","transforming growth factor beta receptor signaling pathway"
21,0.135303394682665,"Down",0.932965341914615,0.999769115486285,"GO:1903955","positive regulation of protein targeting to mitochondrion"
29,0.0184959631637409,"Down",0.933379911642823,0.999769115486285,"GO:0031577","spindle checkpoint signaling"
95,0.0407726642645098,"Up",0.933590447298348,0.999769115486285,"GO:0030072","peptide hormone secretion"
67,0.0284585239835731,"Down",0.933641316288214,0.999769115486285,"GO:0003231","cardiac ventricle development"
54,0.0316692266605634,"Up",0.934454815395499,0.999769115486285,"GO:0007286","spermatid development"
162,0.0333086788825065,"Up",0.934533983362905,0.999769115486285,"GO:0031098","stress-activated protein kinase signaling cascade"
110,0.0843365624393886,"Up",0.934699207819539,0.999769115486285,"GO:0051650","establishment of vesicle localization"
111,0.056563079754542,"Down",0.934931486831964,0.999769115486285,"GO:0010634","positive regulation of epithelial cell migration"
59,0.0301352348878859,"Up",0.935159970211459,0.999769115486285,"GO:0048515","spermatid differentiation"
63,0.0549866866156183,"Down",0.935206057134967,0.999769115486285,"GO:1901343","negative regulation of vasculature development"
27,0.0113685044950945,"Up",0.935236676860868,0.999769115486285,"GO:0050819","negative regulation of coagulation"
76,0.0219182585013443,"Down",0.935615859886722,0.999769115486285,"GO:0050728","negative regulation of inflammatory response"
22,0.0781005849257398,"Down",0.935668275506969,0.999769115486285,"GO:0051123","RNA polymerase II preinitiation complex assembly"
63,0.0488096955275309,"Down",0.935766287412728,0.999769115486285,"GO:1902882","regulation of response to oxidative stress"
19,0.0515789370633084,"Down",0.935902659595677,0.999769115486285,"GO:0010800","positive regulation of peptidyl-threonine phosphorylation"
21,0.1018642656767,"Down",0.936018964812654,0.999769115486285,"GO:0070198","protein localization to chromosome, telomeric region"
34,0.062929721346888,"Up",0.936103652756394,0.999769115486285,"GO:2000107","negative regulation of leukocyte apoptotic process"
74,0.0298929534979308,"Down",0.936136542889559,0.999769115486285,"GO:0060048","cardiac muscle contraction"
35,0.02214309286745,"Down",0.936879029715167,0.999769115486285,"GO:0051784","negative regulation of nuclear division"
28,0.0335646600314359,"Down",0.936884597500542,0.999769115486285,"GO:0032781","positive regulation of ATP-dependent activity"
53,0.0862986009792059,"Up",0.936985578603846,0.999769115486285,"GO:0035023","regulation of Rho protein signal transduction"
119,0.0290998304629095,"Down",0.937170498609651,0.999769115486285,"GO:0046942","carboxylic acid transport"
32,0.044664420351622,"Up",0.937390924965418,0.999769115486285,"GO:0072132","mesenchyme morphogenesis"
226,0.0698502499025852,"Up",0.937607040987806,0.999769115486285,"GO:0007265","Ras protein signal transduction"
15,0.0666757377313028,"Down",0.937961011374221,0.999769115486285,"GO:0035883","enteroendocrine cell differentiation"
348,0.0374023471983871,"Down",0.93830999176689,0.999769115486285,"GO:0010942","positive regulation of cell death"
15,0.203727467334778,"Up",0.938458480868242,0.999769115486285,"GO:0007413","axonal fasciculation"
15,0.203727467334778,"Up",0.938458480868242,0.999769115486285,"GO:0106030","neuron projection fasciculation"
27,0.0840569256894523,"Down",0.938779056280648,0.999769115486285,"GO:1901021","positive regulation of calcium ion transmembrane transporter activity"
54,0.0431966873728071,"Up",0.939223517237866,0.999769115486285,"GO:0046620","regulation of organ growth"
23,0.0822897094354938,"Up",0.939237915310494,0.999769115486285,"GO:0045648","positive regulation of erythrocyte differentiation"
26,0.0163924919944692,"Up",0.939247196346152,0.999769115486285,"GO:0045687","positive regulation of glial cell differentiation"
29,0.0319395411623208,"Up",0.939255077545786,0.999769115486285,"GO:0006636","unsaturated fatty acid biosynthetic process"
34,0.0793636079374721,"Down",0.93952139234563,0.999769115486285,"GO:0031113","regulation of microtubule polymerization"
127,0.0448304740172276,"Down",0.939626412982572,0.999769115486285,"GO:1903828","negative regulation of protein localization"
238,0.0332476957862365,"Up",0.939678607661866,0.999769115486285,"GO:0052548","regulation of endopeptidase activity"
390,0.0297118976401377,"Up",0.939729922830666,0.999769115486285,"GO:0030001","metal ion transport"
132,0.0341418579807364,"Up",0.939858940916397,0.999769115486285,"GO:0009914","hormone transport"
21,0.0361033096257242,"Up",0.939946178756596,0.999769115486285,"GO:0061437","renal system vasculature development"
21,0.0361033096257242,"Up",0.939946178756596,0.999769115486285,"GO:0061440","kidney vasculature development"
42,0.0232059838583059,"Up",0.939980434216344,0.999769115486285,"GO:0050922","negative regulation of chemotaxis"
15,0.110916457645929,"Down",0.940284456360014,0.999769115486285,"GO:0000413","protein peptidyl-prolyl isomerization"
18,-0.00508339692127904,"Down",0.940288157829234,0.999769115486285,"GO:0021517","ventral spinal cord development"
51,0.0463485732198142,"Down",0.940459380732702,0.999769115486285,"GO:0032465","regulation of cytokinesis"
15,0.0473775846035024,"Down",0.94046726232298,0.999769115486285,"GO:0010881","regulation of cardiac muscle contraction by regulation of the release of sequestered calcium ion"
145,0.0235642504751038,"Up",0.940584366355186,0.999769115486285,"GO:0006874","cellular calcium ion homeostasis"
15,0.00683181275629362,"Up",0.940585369200679,0.999769115486285,"GO:0045662","negative regulation of myoblast differentiation"
62,0.0586839172738289,"Down",0.940933288510007,0.999769115486285,"GO:2000181","negative regulation of blood vessel morphogenesis"
89,0.0383123339302467,"Up",0.941151503632749,0.999769115486285,"GO:0007259","receptor signaling pathway via JAK-STAT"
118,0.0737394008480438,"Down",0.941554574041478,0.999769115486285,"GO:0051648","vesicle localization"
45,0.0270364044763547,"Down",0.942418376731322,0.999769115486285,"GO:0015718","monocarboxylic acid transport"
77,0.0638938163890379,"Down",0.942777484413665,0.999769115486285,"GO:2000060","positive regulation of ubiquitin-dependent protein catabolic process"
24,0.0107746590601259,"Down",0.94284797325887,0.999769115486285,"GO:0045840","positive regulation of mitotic nuclear division"
20,0.0445001768061769,"Up",0.942886334213508,0.999769115486285,"GO:0034122","negative regulation of toll-like receptor signaling pathway"
79,0.0378698083706147,"Down",0.943663929247137,0.999769115486285,"GO:1904950","negative regulation of establishment of protein localization"
49,0.0458308822655388,"Down",0.943766436193752,0.999769115486285,"GO:0046887","positive regulation of hormone secretion"
55,0.0427550252832346,"Up",0.944814213384646,0.999769115486285,"GO:0009566","fertilization"
39,0.0226611713753573,"Up",0.944816920943342,0.999769115486285,"GO:0042471","ear morphogenesis"
113,0.033925487865967,"Up",0.945128777537634,0.999769115486285,"GO:0015833","peptide transport"
17,0.00437124384008906,"Up",0.945209712496995,0.999769115486285,"GO:0050650","chondroitin sulfate proteoglycan biosynthetic process"
21,0.0172052066748327,"Down",0.945219599273625,0.999769115486285,"GO:0061099","negative regulation of protein tyrosine kinase activity"
24,0.0430238442269507,"Down",0.945445471646744,0.999769115486285,"GO:0032480","negative regulation of type I interferon production"
29,0.0441778511958187,"Down",0.945643837543518,0.999769115486285,"GO:0006110","regulation of glycolytic process"
22,0.0217520434782497,"Down",0.945712215952338,0.999769115486285,"GO:0032467","positive regulation of cytokinesis"
20,-0.000124704550204688,"Down",0.945932359805198,0.999769115486285,"GO:0045923","positive regulation of fatty acid metabolic process"
202,0.065399344996377,"Down",0.946502482277905,0.999769115486285,"GO:0031647","regulation of protein stability"
115,0.0497901836102096,"Up",0.946596264364513,0.999769115486285,"GO:0030041","actin filament polymerization"
15,0.0931376890502455,"Down",0.946717594324885,0.999769115486285,"GO:1901984","negative regulation of protein acetylation"
143,0.0368084778123214,"Down",0.946754037091108,0.999769115486285,"GO:0032944","regulation of mononuclear cell proliferation"
248,0.0615248860546507,"Down",0.947218072427579,0.999769115486285,"GO:0051656","establishment of organelle localization"
88,0.049775646572698,"Down",0.947249431703767,0.999769115486285,"GO:0060538","skeletal muscle organ development"
28,0.0182227309202277,"Down",0.947499411142683,0.999769115486285,"GO:0007094","mitotic spindle assembly checkpoint signaling"
28,0.0182227309202277,"Down",0.947499411142683,0.999769115486285,"GO:0071173","spindle assembly checkpoint signaling"
28,0.0182227309202277,"Down",0.947499411142683,0.999769115486285,"GO:0071174","mitotic spindle checkpoint signaling"
49,0.0829531367795214,"Down",0.947931173439441,0.999769115486285,"GO:2000573","positive regulation of DNA biosynthetic process"
41,0.0702691915770637,"Up",0.948281105743579,0.999769115486285,"GO:0048278","vesicle docking"
85,0.0388868673623882,"Down",0.948323521539853,0.999769115486285,"GO:0051384","response to glucocorticoid"
35,0.0585548052558064,"Up",0.948402643453792,0.999769115486285,"GO:0001539","cilium or flagellum-dependent cell motility"
35,0.0585548052558064,"Up",0.948402643453792,0.999769115486285,"GO:0060285","cilium-dependent cell motility"
83,0.0463954563280773,"Down",0.948487388079289,0.999769115486285,"GO:0030073","insulin secretion"
41,0.0650034474536868,"Up",0.948728889633214,0.999769115486285,"GO:0003341","cilium movement"
21,0.0780611144054851,"Up",0.948902883926829,0.999769115486285,"GO:0032801","receptor catabolic process"
205,0.0501391382729204,"Up",0.949103545854882,0.999769115486285,"GO:1990778","protein localization to cell periphery"
23,0.0615107079018067,"Down",0.949367350166776,0.999769115486285,"GO:0006968","cellular defense response"
109,0.0482024449601322,"Down",0.949425459582898,0.999769115486285,"GO:0019722","calcium-mediated signaling"
251,0.0389154679075865,"Down",0.949708418642791,0.999769115486285,"GO:0051051","negative regulation of transport"
75,0.0187735430767383,"Up",0.949718265862518,0.999769115486285,"GO:0051783","regulation of nuclear division"
64,0.0190941019814503,"Down",0.950320515079075,0.999769115486285,"GO:0046660","female sex differentiation"
18,0.0395576395356105,"Down",0.950496684260567,0.999769115486285,"GO:0046885","regulation of hormone biosynthetic process"
29,0.0631217577263282,"Up",0.950538216599052,0.999769115486285,"GO:0030835","negative regulation of actin filament depolymerization"
24,0.0168533322320102,"Up",0.950803348547826,0.999769115486285,"GO:0046825","regulation of protein export from nucleus"
258,0.0415987886389599,"Down",0.950854918535959,0.999769115486285,"GO:0032970","regulation of actin filament-based process"
44,0.0452824350831653,"Down",0.950861258184919,0.999769115486285,"GO:0140029","exocytic process"
28,0.0378293431884503,"Down",0.95122127244701,0.999769115486285,"GO:0010799","regulation of peptidyl-threonine phosphorylation"
60,0.0808545751221768,"Up",0.951377172594686,0.999769115486285,"GO:1900182","positive regulation of protein localization to nucleus"
44,0.0524439855247603,"Down",0.95158000930478,0.999769115486285,"GO:0086003","cardiac muscle cell contraction"
410,0.0490315358280365,"Down",0.951636359070877,0.999769115486285,"GO:0051129","negative regulation of cellular component organization"
99,0.0579169017001769,"Down",0.951817635202643,0.999769115486285,"GO:1902850","microtubule cytoskeleton organization involved in mitosis"
120,0.0683417408313516,"Up",0.951859463953487,0.999769115486285,"GO:1902115","regulation of organelle assembly"
45,0.0683591899562821,"Down",0.951991889993532,0.999769115486285,"GO:1990542","mitochondrial transmembrane transport"
57,0.0269614830561704,"Down",0.952237440662542,0.999769115486285,"GO:1990868","response to chemokine"
57,0.0269614830561704,"Down",0.952237440662542,0.999769115486285,"GO:1990869","cellular response to chemokine"
36,0.0291272937334556,"Up",0.952291822683184,0.999769115486285,"GO:0048260","positive regulation of receptor-mediated endocytosis"
175,0.0433357877201987,"Up",0.952622081849694,0.999769115486285,"GO:0007517","muscle organ development"
120,0.0401617465524159,"Up",0.95273713309022,0.999769115486285,"GO:0050708","regulation of protein secretion"
149,0.0441848738005481,"Down",0.952866326423391,0.999769115486285,"GO:0032409","regulation of transporter activity"
22,0.0401191025767632,"Down",0.953699963705912,0.999769115486285,"GO:0001778","plasma membrane repair"
115,0.054113067838345,"Down",0.954249545628319,0.999769115486285,"GO:0000910","cytokinesis"
63,0.0519614672210777,"Down",0.95426782958311,0.999769115486285,"GO:0009135","purine nucleoside diphosphate metabolic process"
63,0.0519614672210777,"Down",0.95426782958311,0.999769115486285,"GO:0009179","purine ribonucleoside diphosphate metabolic process"
41,0.0390713011896669,"Down",0.954526989881799,0.999769115486285,"GO:0098930","axonal transport"
95,0.0575867929396197,"Up",0.954555454029824,0.999769115486285,"GO:0007626","locomotory behavior"
81,0.030046523320484,"Up",0.954628883079922,0.999769115486285,"GO:0046546","development of primary male sexual characteristics"
96,0.0338628180421694,"Up",0.954698032190688,0.999769115486285,"GO:0031960","response to corticosteroid"
68,0.0372230254914976,"Down",0.954898073418179,0.999769115486285,"GO:0046634","regulation of alpha-beta T cell activation"
74,0.0488668172553244,"Up",0.955359525021064,0.999769115486285,"GO:0002367","cytokine production involved in immune response"
268,0.0691888776116941,"Up",0.955620311543289,0.999769115486285,"GO:0034660","ncRNA metabolic process"
109,0.0309373146356776,"Down",0.955808227239959,0.999769115486285,"GO:0006486","protein glycosylation"
109,0.0309373146356776,"Down",0.955808227239959,0.999769115486285,"GO:0043413","macromolecule glycosylation"
290,0.0283058308388715,"Up",0.955841265462925,0.999769115486285,"GO:0043410","positive regulation of MAPK cascade"
28,0.0294012078727646,"Down",0.955911636605197,0.999769115486285,"GO:0035850","epithelial cell differentiation involved in kidney development"
81,0.0362457757311656,"Down",0.956359994399855,0.999769115486285,"GO:0043280","positive regulation of cysteine-type endopeptidase activity involved in apoptotic process"
39,0.0631071426276485,"Down",0.956557709691303,0.999769115486285,"GO:0015837","amine transport"
33,0.0362309314696144,"Down",0.957000501514236,0.999769115486285,"GO:0061005","cell differentiation involved in kidney development"
23,-0.00495233237178544,"Up",0.957104816654624,0.999769115486285,"GO:0019748","secondary metabolic process"
303,0.0345701288328358,"Down",0.957387455055781,0.999769115486285,"GO:0003013","circulatory system process"
20,0.0362324189908277,"Down",0.957425888746206,0.999769115486285,"GO:0048286","lung alveolus development"
44,0.0454148853168324,"Down",0.9575797648663,0.999769115486285,"GO:0048844","artery morphogenesis"
86,0.0278610124877595,"Down",0.957723754486104,0.999769115486285,"GO:0031214","biomineral tissue development"
48,0.0325245612685524,"Down",0.9577732495205,0.999769115486285,"GO:0032945","negative regulation of mononuclear cell proliferation"
48,0.0325245612685524,"Down",0.9577732495205,0.999769115486285,"GO:0050672","negative regulation of lymphocyte proliferation"
29,0.0456376380639685,"Up",0.957867039528467,0.999769115486285,"GO:2000772","regulation of cellular senescence"
299,0.052805383385003,"Up",0.958378331008586,0.999769115486285,"GO:0070201","regulation of establishment of protein localization"
166,0.0636326088349764,"Down",0.958480520689659,0.999769115486285,"GO:0007018","microtubule-based movement"
327,0.0314483365352218,"Down",0.958808929206163,0.999769115486285,"GO:0043269","regulation of ion transport"
55,0.0656885311963454,"Down",0.958827539691107,0.999769115486285,"GO:0046031","ADP metabolic process"
32,0.0641677569522644,"Up",0.959256129863072,0.999769115486285,"GO:0090317","negative regulation of intracellular protein transport"
180,0.0568228751976544,"Up",0.959377616746625,0.999769115486285,"GO:0007249","I-kappaB kinase/NF-kappaB signaling"
17,0.0694503584013042,"Down",0.960714828310929,0.999769115486285,"GO:0045823","positive regulation of heart contraction"
17,0.0694503584013042,"Down",0.960714828310929,0.999769115486285,"GO:1903524","positive regulation of blood circulation"
31,0.024872310773515,"Down",0.960817195925438,0.999769115486285,"GO:0086065","cell communication involved in cardiac conduction"
16,0.0229874389556944,"Down",0.960826746200024,0.999769115486285,"GO:2001026","regulation of endothelial cell chemotaxis"
26,0.0327015490953285,"Up",0.960848488783763,0.999769115486285,"GO:1904894","positive regulation of receptor signaling pathway via STAT"
25,0.0120652041365172,"Up",0.960969721240928,0.999769115486285,"GO:0030195","negative regulation of blood coagulation"
25,0.0120652041365172,"Up",0.960969721240928,0.999769115486285,"GO:1900047","negative regulation of hemostasis"
176,0.053716429974447,"Up",0.961296770245369,0.999769115486285,"GO:0007389","pattern specification process"
71,0.0314336943112968,"Down",0.961590524037897,0.999769115486285,"GO:0050868","negative regulation of T cell activation"
42,0.0770409577026219,"Up",0.961628156236556,0.999769115486285,"GO:0010718","positive regulation of epithelial to mesenchymal transition"
22,0.00283936468499574,"Up",0.961663176353386,0.999769115486285,"GO:0030212","hyaluronan metabolic process"
18,0.0104787034631857,"Up",0.961865212096267,0.999769115486285,"GO:0043243","positive regulation of protein-containing complex disassembly"
63,0.0511685431613506,"Up",0.961954075972062,0.999769115486285,"GO:0035150","regulation of tube size"
63,0.0511685431613506,"Up",0.961954075972062,0.999769115486285,"GO:0035296","regulation of tube diameter"
63,0.0511685431613506,"Up",0.961954075972062,0.999769115486285,"GO:0097746","blood vessel diameter maintenance"
38,0.0253384526862772,"Down",0.962039886520799,0.999769115486285,"GO:0000768","syncytium formation by plasma membrane fusion"
38,0.0253384526862772,"Down",0.962039886520799,0.999769115486285,"GO:0140253","cell-cell fusion"
29,0.113171730512581,"Up",0.962071784914806,0.999769115486285,"GO:0097300","programmed necrotic cell death"
15,0.0107446115936342,"Down",0.962149673782675,0.999769115486285,"GO:1902547","regulation of cellular response to vascular endothelial growth factor stimulus"
21,0.0421305276934592,"Up",0.96230853059247,0.999769115486285,"GO:0045070","positive regulation of viral genome replication"
275,0.0378286229680698,"Up",0.962382866645223,0.999769115486285,"GO:0019221","cytokine-mediated signaling pathway"
329,0.0682392913402846,"Up",0.963322760077975,0.999769115486285,"GO:0007264","small GTPase mediated signal transduction"
230,0.040695771336612,"Up",0.963601340222771,0.999769115486285,"GO:0051098","regulation of binding"
19,0.0199288861556301,"Up",0.963936153750653,0.999769115486285,"GO:0086005","ventricular cardiac muscle cell action potential"
80,0.0287755000722723,"Down",0.963950841547793,0.999769115486285,"GO:0008584","male gonad development"
111,0.0408938738591252,"Up",0.964127656480955,0.999769115486285,"GO:0010721","negative regulation of cell development"
166,0.033450624033142,"Down",0.964229775231296,0.999769115486285,"GO:1903039","positive regulation of leukocyte cell-cell adhesion"
181,0.0526908263738261,"Up",0.964267392930743,0.999769115486285,"GO:0006887","exocytosis"
115,0.0327996797082193,"Up",0.96443096424745,0.999769115486285,"GO:0070085","glycosylation"
22,0.0211221700012715,"Down",0.964562383544801,0.999769115486285,"GO:0061178","regulation of insulin secretion involved in cellular response to glucose stimulus"
92,0.0454270526302254,"Down",0.964583891484799,0.999769115486285,"GO:0038061","NIK/NF-kappaB signaling"
44,0.0618184987680296,"Down",0.964724021477599,0.999769115486285,"GO:0086001","cardiac muscle cell action potential"
16,0.0808892891609012,"Down",0.9648007443118,0.999769115486285,"GO:0099068","postsynapse assembly"
15,0.0111940211735171,"Down",0.964823622062919,0.999769115486285,"GO:0055022","negative regulation of cardiac muscle tissue growth"
15,0.0111940211735171,"Down",0.964823622062919,0.999769115486285,"GO:0061117","negative regulation of heart growth"
17,0.0286322643343009,"Down",0.964984024969875,0.999769115486285,"GO:0002360","T cell lineage commitment"
202,0.0432746526710972,"Down",0.965608821796742,0.999769115486285,"GO:0051251","positive regulation of lymphocyte activation"
38,0.0466033537467127,"Down",0.966935472798676,0.999769115486285,"GO:0001578","microtubule bundle formation"
238,0.0476429448276288,"Down",0.967306078205258,0.999769115486285,"GO:0002250","adaptive immune response"
79,0.020042387890605,"Down",0.967379646466366,0.999769115486285,"GO:0048839","inner ear development"
37,0.041695161679308,"Up",0.967468056996931,0.999769115486285,"GO:0061082","myeloid leukocyte cytokine production"
64,0.0469456638861472,"Up",0.967635349490987,0.999769115486285,"GO:0090501","RNA phosphodiester bond hydrolysis"
35,0.0401938539186678,"Up",0.968462981666326,0.999769115486285,"GO:0051489","regulation of filopodium assembly"
31,0.0273885524947129,"Down",0.968483915168671,0.999769115486285,"GO:0009161","ribonucleoside monophosphate metabolic process"
17,0.103615691369726,"Down",0.968608728410865,0.999769115486285,"GO:0000470","maturation of LSU-rRNA"
38,0.0573621144053113,"Down",0.968735869832992,0.999769115486285,"GO:0030166","proteoglycan biosynthetic process"
59,0.0781740891441354,"Up",0.969228353942214,0.999769115486285,"GO:0046939","nucleotide phosphorylation"
23,0.0545430521836296,"Down",0.969581699253754,0.999769115486285,"GO:0042220","response to cocaine"
32,0.0339774276626992,"Down",0.969975983107172,0.999769115486285,"GO:0060071","Wnt signaling pathway, planar cell polarity pathway"
156,0.0233123822428057,"Up",0.970012506952489,0.999769115486285,"GO:0055074","calcium ion homeostasis"
317,0.0595677551915057,"Down",0.970172103362937,0.999769115486285,"GO:0051640","organelle localization"
54,0.0307201038819842,"Up",0.970801618910332,0.999769115486285,"GO:0070664","negative regulation of leukocyte proliferation"
95,0.0562754275477079,"Up",0.970819386340541,0.999769115486285,"GO:0006006","glucose metabolic process"
196,0.0786428951846959,"Down",0.970854070641781,0.999769115486285,"GO:0051056","regulation of small GTPase mediated signal transduction"
358,0.0434875661691515,"Down",0.971079940481024,0.999769115486285,"GO:0002521","leukocyte differentiation"
43,0.026294244882257,"Up",0.97129627733978,0.999769115486285,"GO:0008344","adult locomotory behavior"
42,0.0194915837814651,"Down",0.971311157850327,0.999769115486285,"GO:0032413","negative regulation of ion transmembrane transporter activity"
252,0.0515021969242825,"Up",0.971360288360399,0.999769115486285,"GO:0030099","myeloid cell differentiation"
44,0.0291934108422039,"Down",0.972030759629398,0.999769115486285,"GO:0044774","mitotic DNA integrity checkpoint signaling"
164,0.0184830268872518,"Up",0.972061029187729,0.999769115486285,"GO:0072503","cellular divalent inorganic cation homeostasis"
17,0.0460725945524648,"Down",0.972283339663008,0.999769115486285,"GO:0022616","DNA strand elongation"
192,0.0576857404553335,"Up",0.972402792815621,0.999769115486285,"GO:0042063","gliogenesis"
90,0.028353424431177,"Up",0.972414067705686,0.999769115486285,"GO:0090101","negative regulation of transmembrane receptor protein serine/threonine kinase signaling pathway"
230,0.0683484860786981,"Down",0.972471438584278,0.999769115486285,"GO:0009615","response to virus"
73,0.0315250551647187,"Down",0.973014408190021,0.999769115486285,"GO:0051209","release of sequestered calcium ion into cytosol"
19,0.225062314123863,"Down",0.973516338408941,0.999769115486285,"GO:0000387","spliceosomal snRNP assembly"
36,0.0314885658878477,"Down",0.973627669183132,0.999769115486285,"GO:0042310","vasoconstriction"
60,0.0494324140115827,"Down",0.974304044275316,0.999769115486285,"GO:0035304","regulation of protein dephosphorylation"
55,0.0251296242712109,"Down",0.974423073691452,0.999769115486285,"GO:1904063","negative regulation of cation transmembrane transport"
105,0.0656793218996249,"Up",0.974807916679039,0.999769115486285,"GO:0099111","microtubule-based transport"
21,0.0450549740153662,"Down",0.974839077530037,0.999769115486285,"GO:0010463","mesenchymal cell proliferation"
28,0.0527932555046913,"Up",0.974851420554206,0.999769115486285,"GO:1903170","negative regulation of calcium ion transmembrane transport"
152,0.0339841836883576,"Up",0.975178399432312,0.999769115486285,"GO:0050870","positive regulation of T cell activation"
18,0.0151758154575656,"Up",0.975454878706164,0.999769115486285,"GO:0010882","regulation of cardiac muscle contraction by calcium ion signaling"
61,0.0471322528938276,"Up",0.975984483615777,0.999769115486285,"GO:2000106","regulation of leukocyte apoptotic process"
289,0.0586734199102531,"Down",0.976388838365159,0.999769115486285,"GO:0030031","cell projection assembly"
387,0.0394239172332288,"Down",0.97687682513353,0.999769115486285,"GO:0040017","positive regulation of locomotion"
72,0.0691366312082361,"Down",0.976991081298122,0.999769115486285,"GO:0019080","viral gene expression"
57,0.0296468944455852,"Down",0.97719453870206,0.999769115486285,"GO:0032092","positive regulation of protein binding"
28,0.108736264478781,"Down",0.977218726295573,0.999769115486285,"GO:0043331","response to dsRNA"
196,0.051884596874807,"Up",0.977394151185017,0.999769115486285,"GO:0071214","cellular response to abiotic stimulus"
196,0.051884596874807,"Up",0.977394151185017,0.999769115486285,"GO:0104004","cellular response to environmental stimulus"
38,0.0192978623298294,"Up",0.977489895812406,0.999769115486285,"GO:0071622","regulation of granulocyte chemotaxis"
180,0.0545372376349362,"Down",0.977574376100372,0.999769115486285,"GO:0051258","protein polymerization"
32,0.0577034085390396,"Down",0.977867625429874,0.999769115486285,"GO:0033363","secretory granule organization"
473,0.0681926763495109,"Down",0.978264966089471,0.999769115486285,"GO:0031329","regulation of cellular catabolic process"
42,0.0398058646757628,"Down",0.97826972427701,0.999769115486285,"GO:0006611","protein export from nucleus"
378,0.0328682410480961,"Down",0.978706532847323,0.999769115486285,"GO:0006935","chemotaxis"
378,0.0328682410480961,"Down",0.978706532847323,0.999769115486285,"GO:0042330","taxis"
16,0.0247119691655417,"Up",0.978720187842153,0.999769115486285,"GO:0008299","isoprenoid biosynthetic process"
48,0.0856444862970445,"Up",0.978852116111437,0.999769115486285,"GO:0060021","roof of mouth development"
89,0.0754935617104192,"Up",0.978949290356852,0.999769115486285,"GO:0010508","positive regulation of autophagy"
91,0.0441794450464304,"Up",0.979642440062853,0.999769115486285,"GO:0001505","regulation of neurotransmitter levels"
17,0.00794373871036065,"Up",0.979771219129149,0.999769115486285,"GO:0002507","tolerance induction"
430,0.0420411433562093,"Up",0.979998206840581,0.999769115486285,"GO:0030162","regulation of proteolysis"
82,0.0486442130253329,"Up",0.980077422963014,0.999769115486285,"GO:2001257","regulation of cation channel activity"
93,0.0500281660003439,"Down",0.980117332540176,0.999769115486285,"GO:0030833","regulation of actin filament polymerization"
58,0.07956989910287,"Up",0.980124640811004,0.999769115486285,"GO:0006165","nucleoside diphosphate phosphorylation"
40,0.0323328506826327,"Up",0.980186447411308,0.999769115486285,"GO:0006949","syncytium formation"
143,0.0231954378733844,"Down",0.980200530343796,0.999769115486285,"GO:0045444","fat cell differentiation"
25,0.00332640939805135,"Down",0.980319818689676,0.999769115486285,"GO:0090022","regulation of neutrophil chemotaxis"
82,0.0623332573143143,"Down",0.981175763183474,0.999769115486285,"GO:0048469","cell maturation"
381,0.0386708804595752,"Down",0.981598315182219,0.999769115486285,"GO:2000147","positive regulation of cell motility"
31,-0.0240457539840356,"Down",0.981646549467605,0.999769115486285,"GO:1901616","organic hydroxy compound catabolic process"
45,0.0520785735362962,"Down",0.98215469583934,0.999769115486285,"GO:0061614","miRNA transcription"
48,0.0309697015962507,"Down",0.982420504021206,0.999769115486285,"GO:0032410","negative regulation of transporter activity"
81,0.0563642845495549,"Up",0.982429301691466,0.999769115486285,"GO:0044272","sulfur compound biosynthetic process"
141,0.0637569326028355,"Down",0.982464361799452,0.999769115486285,"GO:0032984","protein-containing complex disassembly"
33,0.0767931650096775,"Up",0.982635491527704,0.999769115486285,"GO:0071763","nuclear membrane organization"
86,0.0512031993031339,"Up",0.982977638018314,0.999769115486285,"GO:0010212","response to ionizing radiation"
20,0.061755873799478,"Up",0.983024867080572,0.999769115486285,"GO:0051654","establishment of mitochondrion localization"
16,0.0205643140517643,"Down",0.983175309759625,0.999769115486285,"GO:0009651","response to salt stress"
16,0.0743741608235427,"Down",0.983202847296222,0.999769115486285,"GO:0051968","positive regulation of synaptic transmission, glutamatergic"
15,0.00664787578048184,"Down",0.983474979990851,0.999769115486285,"GO:0032367","intracellular cholesterol transport"
113,0.030467499982126,"Down",0.983561856730859,0.999769115486285,"GO:0098656","anion transmembrane transport"
17,0.115707178909052,"Up",0.983567404070366,0.999769115486285,"GO:0002092","positive regulation of receptor internalization"
243,0.0463382955615208,"Up",0.983739425991631,0.999769115486285,"GO:1903706","regulation of hemopoiesis"
496,0.0406631208344552,"Down",0.983975848278325,0.999769115486285,"GO:0033993","response to lipid"
232,0.0455302289206136,"Up",0.984049835366217,0.999769115486285,"GO:0032956","regulation of actin cytoskeleton organization"
61,0.0614734934702232,"Down",0.984424872411654,0.999769115486285,"GO:0016525","negative regulation of angiogenesis"
70,0.0255346768195955,"Down",0.984472906795534,0.999769115486285,"GO:0015698","inorganic anion transport"
122,0.0330967723998444,"Up",0.984779662243585,0.999769115486285,"GO:0010952","positive regulation of peptidase activity"
37,0.00804790325683826,"Up",0.984866395627932,0.999769115486285,"GO:0050709","negative regulation of protein secretion"
160,0.0387551082330234,"Down",0.984933143869421,0.999769115486285,"GO:0070663","regulation of leukocyte proliferation"
32,0.0804315292025946,"Down",0.984941826157167,0.999769115486285,"GO:0002090","regulation of receptor internalization"
94,0.0733028889222405,"Up",0.985172337149688,0.999769115486285,"GO:0032434","regulation of proteasomal ubiquitin-dependent protein catabolic process"
16,-0.0164228653553575,"Down",0.985285209319119,0.999769115486285,"GO:0021515","cell differentiation in spinal cord"
282,0.053693225726422,"Down",0.985336504307466,0.999769115486285,"GO:0051223","regulation of protein transport"
18,0.0603524543164405,"Up",0.98537228926747,0.999769115486285,"GO:0048512","circadian behavior"
148,0.063972766447117,"Down",0.985397991423955,0.999769115486285,"GO:1903050","regulation of proteolysis involved in protein catabolic process"
67,0.0344104824653637,"Up",0.985868061775541,0.999769115486285,"GO:0006865","amino acid transport"
490,0.0404077189776347,"Up",0.98608027166968,0.999769115486285,"GO:0071345","cellular response to cytokine stimulus"
90,0.0266046945624599,"Up",0.98611326232267,0.999769115486285,"GO:0046328","regulation of JNK cascade"
19,0.080429067751517,"Down",0.986148995993037,0.999769115486285,"GO:1905168","positive regulation of double-strand break repair via homologous recombination"
26,0.0222089181938745,"Up",0.986155723572933,0.999769115486285,"GO:0009988","cell-cell recognition"
29,0.0616592464666432,"Up",0.986324534881789,0.999769115486285,"GO:0086002","cardiac muscle cell action potential involved in contraction"
75,0.0348472302732587,"Down",0.986360900624237,0.999769115486285,"GO:0051282","regulation of sequestering of calcium ion"
59,0.0806672053709361,"Down",0.98639875352072,0.999769115486285,"GO:0034502","protein localization to chromosome"
76,0.0368209392386665,"Down",0.986555505638745,0.999769115486285,"GO:0051224","negative regulation of protein transport"
47,0.0605477000182546,"Up",0.987182910419991,0.999769115486285,"GO:0044070","regulation of anion transport"
67,0.06737357059906,"Down",0.987530281057693,0.999769115486285,"GO:0021782","glial cell development"
31,0.00866933678747381,"Down",0.988000517782283,0.999769115486285,"GO:0051785","positive regulation of nuclear division"
17,0.0507733496836399,"Down",0.988090822174825,0.999769115486285,"GO:0036010","protein localization to endosome"
36,0.0295819060822807,"Up",0.988248869894288,0.999769115486285,"GO:1905330","regulation of morphogenesis of an epithelium"
213,0.049928630046555,"Up",0.988508364498084,0.999769115486285,"GO:0010631","epithelial cell migration"
213,0.049928630046555,"Up",0.988508364498084,0.999769115486285,"GO:0090132","epithelium migration"
58,0.0562038725152882,"Up",0.988713997095658,0.999769115486285,"GO:0070301","cellular response to hydrogen peroxide"
57,0.0425320767170198,"Down",0.989057046828961,0.999769115486285,"GO:0070252","actin-mediated cell contraction"
132,0.0535893078984362,"Up",0.989237825493674,0.999769115486285,"GO:0032271","regulation of protein polymerization"
215,0.048637277845788,"Up",0.989385543928908,0.999769115486285,"GO:0090130","tissue migration"
29,0.0683520442348265,"Down",0.989652097253945,0.999769115486285,"GO:0045429","positive regulation of nitric oxide biosynthetic process"
29,0.0683520442348265,"Down",0.989652097253945,0.999769115486285,"GO:1904407","positive regulation of nitric oxide metabolic process"
51,0.0337529787595514,"Up",0.989785872445244,0.999769115486285,"GO:0006638","neutral lipid metabolic process"
44,0.0400497042309545,"Up",0.989946091328212,0.999769115486285,"GO:0034394","protein localization to cell surface"
368,0.0423371459106798,"Down",0.990317107632444,0.999769115486285,"GO:0030335","positive regulation of cell migration"
153,0.0928875595234061,"Down",0.990324569720343,0.999769115486285,"GO:0042254","ribosome biogenesis"
15,0.0122521588360434,"Down",0.990543805830589,0.999769115486285,"GO:0010458","exit from mitosis"
22,0.0696800163822524,"Up",0.990702192552618,0.999769115486285,"GO:0035456","response to interferon-beta"
33,0.0764994254932872,"Up",0.990811308158633,0.999769115486285,"GO:0006984","ER-nucleus signaling pathway"
19,0.022583013682073,"Up",0.991182611966272,0.999769115486285,"GO:0042908","xenobiotic transport"
24,0.045548634097116,"Down",0.991408072805589,0.999769115486285,"GO:0031116","positive regulation of microtubule polymerization"
78,0.0362624630243872,"Down",0.991460361759089,0.999769115486285,"GO:1903038","negative regulation of leukocyte cell-cell adhesion"
178,0.0179701545610713,"Down",0.991491031986065,0.999769115486285,"GO:0072507","divalent inorganic cation homeostasis"
111,0.100790952037781,"Down",0.992318200716678,0.999769115486285,"GO:0006364","rRNA processing"
21,0.0891441179123847,"Down",0.992428943482039,0.999769115486285,"GO:0010592","positive regulation of lamellipodium assembly"
50,0.0320298484022981,"Down",0.992438186033049,0.999769115486285,"GO:0006639","acylglycerol metabolic process"
115,0.0431122586960931,"Up",0.992911550505679,0.999769115486285,"GO:0051099","positive regulation of binding"
233,0.0437457996824817,"Down",0.993117022583009,0.999769115486285,"GO:0045862","positive regulation of proteolysis"
47,0.0597770677212107,"Up",0.993206550369846,0.999769115486285,"GO:0071479","cellular response to ionizing radiation"
19,0.0748383169282598,"Down",0.993326194213999,0.999769115486285,"GO:0071480","cellular response to gamma radiation"
64,0.0228829762444229,"Down",0.993574145317345,0.999769115486285,"GO:0007088","regulation of mitotic nuclear division"
90,0.0758994039374282,"Up",0.993586914766147,0.999769115486285,"GO:0045727","positive regulation of translation"
15,0.0575461336064421,"Down",0.993761652083891,0.999769115486285,"GO:0036499","PERK-mediated unfolded protein response"
124,0.0344306515776112,"Down",0.993781543450924,0.999769115486285,"GO:0034764","positive regulation of transmembrane transport"
46,0.0157467084333165,"Down",0.994006482685782,0.999769115486285,"GO:0003333","amino acid transmembrane transport"
91,0.0295487180365808,"Up",0.994239071684374,0.999769115486285,"GO:0046661","male sex differentiation"
25,0.0784914081938683,"Up",0.994927248678789,0.999769115486285,"GO:0006904","vesicle docking involved in exocytosis"
19,0.0721164371509021,"Up",0.99536560014066,0.999769115486285,"GO:0099622","cardiac muscle cell membrane repolarization"
68,0.0445031118507271,"Down",0.995573139992481,0.999769115486285,"GO:0008277","regulation of G protein-coupled receptor signaling pathway"
43,0.0763123321707506,"Down",0.995832127430198,0.999769115486285,"GO:0034340","response to type I interferon"
208,0.0606534381845887,"Down",0.995866767104292,0.999769115486285,"GO:0010639","negative regulation of organelle organization"
159,0.0310779494799505,"Up",0.995934471738601,0.999769115486285,"GO:0051403","stress-activated MAPK cascade"
167,0.0550977295627788,"Up",0.996230148457594,0.999769115486285,"GO:0010632","regulation of epithelial cell migration"
61,0.0469431583172856,"Down",0.996563780995636,0.999769115486285,"GO:0098586","cellular response to virus"
213,0.0309783984933204,"Up",0.996914940589771,0.999769115486285,"GO:0010959","regulation of metal ion transport"
37,0.0544535387642548,"Up",0.997057291086011,0.999769115486285,"GO:0005977","glycogen metabolic process"
43,0.0571482654944807,"Down",0.997206349699188,0.999769115486285,"GO:0006112","energy reserve metabolic process"
80,0.0232586548553687,"Up",0.997715102754561,0.999769115486285,"GO:1903531","negative regulation of secretion by cell"
16,0.00334989020227227,"Down",0.997959082176824,0.999769115486285,"GO:0003209","cardiac atrium morphogenesis"
17,0.0798096602372543,"Down",0.997995172174817,0.999769115486285,"GO:0043094","cellular metabolic compound salvage"
44,0.0544039643863572,"Down",0.998460400976767,0.999769115486285,"GO:1902893","regulation of miRNA transcription"
69,0.0231030392774724,"Down",0.998472393410834,0.999769115486285,"GO:1903825","organic acid transmembrane transport"
69,0.0231030392774724,"Down",0.998472393410834,0.999769115486285,"GO:1905039","carboxylic acid transmembrane transport"
30,0.0451004952712278,"Up",0.998576177116203,0.999769115486285,"GO:0009261","ribonucleotide catabolic process"
185,0.0406588899416309,"Down",0.998952772351874,0.999769115486285,"GO:0045861","negative regulation of proteolysis"
193,0.0426627194247625,"Up",0.998953714451134,0.999769115486285,"GO:1902105","regulation of leukocyte differentiation"
45,0.00335449653070226,"Down",0.999001689365788,0.999769115486285,"GO:0042475","odontogenesis of dentin-containing tooth"
32,0.0145818188480994,"Down",0.999036342439524,0.999769115486285,"GO:0030866","cortical actin cytoskeleton organization"
101,0.0516993794600088,"Down",0.999136228945637,0.999769115486285,"GO:0098657","import into cell"
250,0.043123892700471,"Up",0.999281400169676,0.999769115486285,"GO:0043254","regulation of protein-containing complex assembly"
58,0.0210357919313886,"Up",0.999322387595812,0.999769115486285,"GO:0070167","regulation of biomineral tissue development"
58,0.0210357919313886,"Up",0.999322387595812,0.999769115486285,"GO:0110149","regulation of biomineralization"
27,0.0508305960325929,"Up",0.999505115191729,0.999769115486285,"GO:1903793","positive regulation of anion transport"
22,0.0809389716471849,"Up",0.999821338379287,0.999821338379287,"GO:0045920","negative regulation of exocytosis"
