"NGenes","Correlation","Direction","PValue","FDR","GO_ID","description"
287,0.0085517390502384,"Up",0.00209430764151856,0.822760809427292,"GO:0006091","generation of precursor metabolites and energy"
445,0.00067587373356943,"Up",0.00238318406708876,0.822760809427292,"GO:0061024","membrane organization"
202,0.00904754368741473,"Up",0.00264032169114562,0.822760809427292,"GO:0015980","energy derivation by oxidation of organic compounds"
67,-0.00499427650154219,"Up",0.0050264498548393,0.822760809427292,"GO:0007006","mitochondrial membrane organization"
123,-0.00100918243864386,"Down",0.00677135821915514,0.822760809427292,"GO:0021537","telencephalon development"
251,0.00808611920354982,"Up",0.00742344999244648,0.822760809427292,"GO:0009259","ribonucleotide metabolic process"
340,0.00842409422518798,"Up",0.00743805406610323,0.822760809427292,"GO:0055086","nucleobase-containing small molecule metabolic process"
251,0.00860734469581178,"Up",0.00745189849818793,0.822760809427292,"GO:0006163","purine nucleotide metabolic process"
256,0.00910774105092338,"Up",0.00750266780380853,0.822760809427292,"GO:0019693","ribose phosphate metabolic process"
142,0.0094152310156212,"Up",0.00782803657725654,0.822760809427292,"GO:0090150","establishment of protein localization to membrane"
166,0.0038205613109408,"Down",0.00844243814053992,0.822760809427292,"GO:0007389","pattern specification process"
165,0.0164754303528693,"Up",0.00850164912286319,0.822760809427292,"GO:0009141","nucleoside triphosphate metabolic process"
20,-0.0327536740053038,"Up",0.00850890803801182,0.822760809427292,"GO:0048199","vesicle targeting, to, from or within Golgi"
262,0.00830529624043128,"Up",0.00862533156866111,0.822760809427292,"GO:0072521","purine-containing compound metabolic process"
243,0.00918828172052804,"Up",0.00877044738530996,0.822760809427292,"GO:0009150","purine ribonucleotide metabolic process"
156,0.030991186506073,"Up",0.00929091807617067,0.822760809427292,"GO:0045333","cellular respiration"
307,0.0121803185779557,"Up",0.00948541145913341,0.822760809427292,"GO:0009117","nucleotide metabolic process"
104,0.00281099382738106,"Up",0.00965163534540697,0.822760809427292,"GO:0006839","mitochondrial transport"
154,0.0195648842355551,"Up",0.00984732336849245,0.822760809427292,"GO:0009199","ribonucleoside triphosphate metabolic process"
44,0.0205534218102622,"Up",0.0103083412876373,0.822760809427292,"GO:1990542","mitochondrial transmembrane transport"
310,0.0129100767344016,"Up",0.0107111313669874,0.822760809427292,"GO:0006753","nucleoside phosphate metabolic process"
86,-0.00193912117124388,"Up",0.0110314387825343,0.822760809427292,"GO:1903008","organelle disassembly"
24,-0.0148561511028285,"Up",0.0110373661241021,0.822760809427292,"GO:0006901","vesicle coating"
153,0.0213103040987656,"Up",0.0111893279979257,0.822760809427292,"GO:0009205","purine ribonucleoside triphosphate metabolic process"
277,0.000928858428578979,"Up",0.0111991018816375,0.822760809427292,"GO:0022411","cellular component disassembly"
96,0.000232161837708349,"Down",0.0114161170993748,0.822760809427292,"GO:0048562","embryonic organ morphogenesis"
36,0.0245693371650197,"Up",0.0114279448095959,0.822760809427292,"GO:0051205","protein insertion into membrane"
316,0.00251343375939122,"Up",0.0115788325314455,0.822760809427292,"GO:0072657","protein localization to membrane"
144,-0.0042829321142751,"Up",0.0116352867070377,0.822760809427292,"GO:1903050","regulation of proteolysis involved in protein catabolic process"
40,-0.00431843284422813,"Down",0.0116721976273712,0.822760809427292,"GO:0002088","lens development in camera-type eye"
156,0.0218572246497752,"Up",0.0116976602701105,0.822760809427292,"GO:0009144","purine nucleoside triphosphate metabolic process"
37,0.00586327447172593,"Down",0.0116994760277286,0.822760809427292,"GO:0098659","inorganic cation import across plasma membrane"
37,0.00586327447172593,"Down",0.0116994760277286,0.822760809427292,"GO:0099587","inorganic ion import across plasma membrane"
137,0.0200337351011848,"Up",0.0117314031578928,0.822760809427292,"GO:0046034","ATP metabolic process"
130,0.0485231495707228,"Up",0.0123869562897341,0.822760809427292,"GO:0009060","aerobic respiration"
339,0.00288464802874842,"Up",0.012754791242973,0.822760809427292,"GO:1901137","carbohydrate derivative biosynthetic process"
16,-0.057599678655316,"Up",0.0135025399706807,0.822760809427292,"GO:0048207","vesicle targeting, rough ER to cis-Golgi"
16,-0.057599678655316,"Up",0.0135025399706807,0.822760809427292,"GO:0048208","COPII vesicle coating"
222,-0.0021969811722163,"Up",0.0136343776980153,0.822760809427292,"GO:0042176","regulation of protein catabolic process"
117,0.0268353135075174,"Up",0.0143243982941865,0.822760809427292,"GO:0022900","electron transport chain"
66,-0.00638065465752956,"Up",0.0144458083494291,0.822760809427292,"GO:0042177","negative regulation of protein catabolic process"
17,-0.0108036714523288,"Up",0.0149031077879832,0.822760809427292,"GO:0030808","regulation of nucleotide biosynthetic process"
17,-0.0108036714523288,"Up",0.0149031077879832,0.822760809427292,"GO:1900371","regulation of purine nucleotide biosynthetic process"
128,0.00542138956169254,"Down",0.0150528163534775,0.822760809427292,"GO:0003002","regionalization"
31,0.00658887154631616,"Up",0.0151267370021776,0.822760809427292,"GO:1903573","negative regulation of response to endoplasmic reticulum stress"
369,0.00244300407027234,"Up",0.0151326127136182,0.822760809427292,"GO:0051668","localization within membrane"
86,0.0335187690278289,"Up",0.0160321412019113,0.822760809427292,"GO:1902600","proton transmembrane transport"
161,0.0228575222656873,"Up",0.0168466541993542,0.822760809427292,"GO:0009165","nucleotide biosynthetic process"
140,0.0316408241276373,"Up",0.0169463423846407,0.822760809427292,"GO:0046390","ribose phosphate biosynthetic process"
162,0.02373572412429,"Up",0.0173484453959006,0.822760809427292,"GO:1901293","nucleoside phosphate biosynthetic process"
140,0.0275836575063214,"Up",0.0173542381961894,0.822760809427292,"GO:0072522","purine-containing compound biosynthetic process"
121,-0.00317045238639201,"Up",0.0174204373121337,0.822760809427292,"GO:0061136","regulation of proteasomal protein catabolic process"
19,-0.0395253834560793,"Up",0.0196125436140355,0.822760809427292,"GO:0071353","cellular response to interleukin-4"
32,0.0115027533807078,"Up",0.0197242712725157,0.822760809427292,"GO:0043277","apoptotic cell clearance"
27,-0.0265008036474261,"Up",0.0199631705367927,0.822760809427292,"GO:0043457","regulation of cellular respiration"
33,-0.00724315217799483,"Up",0.0200126077729201,0.822760809427292,"GO:0071763","nuclear membrane organization"
37,-0.0113143622875676,"Up",0.0202529063647987,0.822760809427292,"GO:0061951","establishment of protein localization to plasma membrane"
19,-0.00371053646571004,"Up",0.0203346674464245,0.822760809427292,"GO:1903715","regulation of aerobic respiration"
29,0.0115993648512711,"Up",0.0206833065381845,0.822760809427292,"GO:0045454","cell redox homeostasis"
135,0.033982931615086,"Up",0.0208958201187918,0.822760809427292,"GO:0006164","purine nucleotide biosynthetic process"
75,0.00531356482459235,"Up",0.0211715916240776,0.822760809427292,"GO:0072655","establishment of protein localization to mitochondrion"
74,0.0128541095619237,"Up",0.0212555341369794,0.822760809427292,"GO:0002832","negative regulation of response to biotic stimulus"
47,0.00214380988103078,"Up",0.0212899085416466,0.822760809427292,"GO:1900542","regulation of purine nucleotide metabolic process"
50,-5.41590070577685e-05,"Up",0.0213129147234505,0.822760809427292,"GO:0006140","regulation of nucleotide metabolic process"
78,0.00538917660097868,"Up",0.0214859174170687,0.822760809427292,"GO:0070585","protein localization to mitochondrion"
312,0.00310985780362639,"Up",0.0215145404848788,0.822760809427292,"GO:0090407","organophosphate biosynthetic process"
136,0.0345578838919361,"Up",0.0221387611343686,0.822760809427292,"GO:0009260","ribonucleotide biosynthetic process"
238,0.00135778975938473,"Up",0.0223428019183134,0.822760809427292,"GO:0051051","negative regulation of transport"
41,-0.0129166319313564,"Down",0.0224299475070544,0.822760809427292,"GO:0003281","ventricular septum development"
177,0.00578873495609304,"Down",0.0226852414252095,0.822760809427292,"GO:0030900","forebrain development"
45,0.0064974014047666,"Down",0.0230974387063583,0.822760809427292,"GO:0007368","determination of left/right symmetry"
18,-0.0184245347701052,"Up",0.0237385110442743,0.822760809427292,"GO:0051016","barbed-end actin filament capping"
39,0.0626014300632531,"Up",0.0244462184885347,0.822760809427292,"GO:0006635","fatty acid beta-oxidation"
40,-0.014977242421194,"Up",0.0250044081443961,0.822760809427292,"GO:0009166","nucleotide catabolic process"
52,-0.0131778690551587,"Down",0.0251315286100942,0.822760809427292,"GO:2000134","negative regulation of G1/S transition of mitotic cell cycle"
20,-0.00361089123903838,"Up",0.025508248589557,0.822760809427292,"GO:0045920","negative regulation of exocytosis"
54,-0.00555065060244761,"Down",0.0256732060578852,0.822760809427292,"GO:0007498","mesoderm development"
20,-0.0332774643277261,"Up",0.0257324423946166,0.822760809427292,"GO:0070670","response to interleukin-4"
26,-0.0256545456895537,"Down",0.0257433773789443,0.822760809427292,"GO:0060412","ventricular septum morphogenesis"
112,-0.00230788765970108,"Down",0.0262408313401604,0.822760809427292,"GO:0045165","cell fate commitment"
27,0.0105621165310875,"Up",0.026914721377787,0.822760809427292,"GO:0090114","COPII-coated vesicle budding"
32,0.0464721553669333,"Up",0.0269373098736599,0.822760809427292,"GO:0002183","cytoplasmic translational initiation"
89,0.00107266795828223,"Down",0.0269677531740818,0.822760809427292,"GO:0021915","neural tube development"
54,-0.01203840227577,"Down",0.0275365487097854,0.822760809427292,"GO:1902807","negative regulation of cell cycle G1/S phase transition"
130,0.0408514702051856,"Up",0.0276815209672156,0.822760809427292,"GO:0009152","purine ribonucleotide biosynthetic process"
41,-0.0122517748182572,"Down",0.0277481387545697,0.822760809427292,"GO:0014855","striated muscle cell proliferation"
114,-0.00508272405561386,"Up",0.0278117437615042,0.822760809427292,"GO:2000058","regulation of ubiquitin-dependent protein catabolic process"
55,0.00233408055784187,"Down",0.0279200559051014,0.822760809427292,"GO:0071260","cellular response to mechanical stimulus"
23,-7.46495058190708e-05,"Up",0.0281360287006734,0.822760809427292,"GO:1905476","negative regulation of protein localization to membrane"
76,0.00656213135233197,"Down",0.0287131289105084,0.822760809427292,"GO:0098739","import across plasma membrane"
36,0.016020447536266,"Up",0.0289017956339959,0.822760809427292,"GO:0006890","retrograde vesicle-mediated transport, Golgi to endoplasmic reticulum"
92,0.000231718301136148,"Up",0.0295791537574261,0.822760809427292,"GO:0017157","regulation of exocytosis"
102,0.0718009675865146,"Up",0.0297896667561008,0.822760809427292,"GO:0006119","oxidative phosphorylation"
92,0.056186808015591,"Up",0.0299031886316182,0.822760809427292,"GO:0009142","nucleoside triphosphate biosynthetic process"
40,-0.00540455620221886,"Down",0.0302254512356584,0.822760809427292,"GO:0060411","cardiac septum morphogenesis"
311,0.0142053639992721,"Up",0.0306382124102621,0.822760809427292,"GO:0007005","mitochondrion organization"
25,0.00638869007885337,"Up",0.030812301563487,0.822760809427292,"GO:0032435","negative regulation of proteasomal ubiquitin-dependent protein catabolic process"
41,0.004666859381345,"Down",0.0309218941521372,0.822760809427292,"GO:0060349","bone morphogenesis"
88,0.0454185409385907,"Up",0.0316608906595574,0.822760809427292,"GO:0022904","respiratory electron transport chain"
44,0.00483649839939569,"Up",0.0321984569359498,0.822760809427292,"GO:0032418","lysosome localization"
44,0.00483649839939569,"Up",0.0321984569359498,0.822760809427292,"GO:1990849","vacuolar localization"
31,-0.00554727317381097,"Up",0.032257777276293,0.822760809427292,"GO:0018208","peptidyl-proline modification"
146,-0.00405097568759285,"Down",0.032349139483114,0.822760809427292,"GO:0050890","cognition"
80,-0.00926436171291756,"Down",0.0327529831110773,0.822760809427292,"GO:0021543","pallium development"
89,0.00731756335946465,"Up",0.0328230936270641,0.822760809427292,"GO:0030833","regulation of actin filament polymerization"
17,-0.000416574696593515,"Down",0.0336089832379704,0.822760809427292,"GO:0021544","subpallium development"
334,0.00184612335680828,"Up",0.0339642334963561,0.822760809427292,"GO:0006914","autophagy"
334,0.00184612335680828,"Up",0.0339642334963561,0.822760809427292,"GO:0061919","process utilizing autophagic mechanism"
55,0.0158120331582109,"Up",0.0341011091445297,0.822760809427292,"GO:1905897","regulation of response to endoplasmic reticulum stress"
76,-0.000361771303420303,"Down",0.0341291785044153,0.822760809427292,"GO:0046488","phosphatidylinositol metabolic process"
51,0.0482803685668959,"Up",0.0342260699639905,0.822760809427292,"GO:0019395","fatty acid oxidation"
279,0.00375857423793071,"Up",0.035555344815177,0.822760809427292,"GO:0060627","regulation of vesicle-mediated transport"
48,0.0469345471163182,"Up",0.0364966003787432,0.822760809427292,"GO:0045824","negative regulation of innate immune response"
32,0.0256096921175495,"Up",0.0365598179785131,0.822760809427292,"GO:0051452","intracellular pH reduction"
17,0.0063353155273938,"Up",0.0366589641670358,0.822760809427292,"GO:0043304","regulation of mast cell degranulation"
18,0.0494575728937887,"Up",0.0367070343751262,0.822760809427292,"GO:0007007","inner mitochondrial membrane organization"
308,0.00705818562069198,"Up",0.0370429251739572,0.822760809427292,"GO:0010256","endomembrane system organization"
67,0.0744008212782258,"Up",0.0371102999022475,0.822760809427292,"GO:0019646","aerobic electron transport chain"
83,0.0790005351508107,"Up",0.0371866918005022,0.822760809427292,"GO:0009201","ribonucleoside triphosphate biosynthetic process"
45,0.00563749941672344,"Down",0.037305991200103,0.822760809427292,"GO:0042303","molting cycle"
45,0.00563749941672344,"Down",0.037305991200103,0.822760809427292,"GO:0042633","hair cycle"
391,0.00388776072204273,"Down",0.0374971149344994,0.822760809427292,"GO:0060322","head development"
27,0.00625325994972343,"Down",0.0377939395467149,0.822760809427292,"GO:0060350","endochondral bone morphogenesis"
15,-0.0166679174843311,"Down",0.0378133556829684,0.822760809427292,"GO:0021756","striatum development"
366,0.00577175271504941,"Down",0.0380775353342178,0.822760809427292,"GO:0007420","brain development"
19,-0.0125314513138829,"Down",0.0381224481506333,0.822760809427292,"GO:0003171","atrioventricular valve development"
19,-0.0125314513138829,"Down",0.0381224481506333,0.822760809427292,"GO:0003181","atrioventricular valve morphogenesis"
61,0.00613324222969036,"Down",0.0385122196952374,0.822760809427292,"GO:0007224","smoothened signaling pathway"
18,-0.0344551073094419,"Down",0.0385742345478189,0.822760809427292,"GO:0046839","phospholipid dephosphorylation"
16,-0.0291717002104345,"Up",0.0386206686631274,0.822760809427292,"GO:0039702","viral budding via host ESCRT complex"
94,-0.00537340178459531,"Up",0.0390074999451911,0.822760809427292,"GO:0032434","regulation of proteasomal ubiquitin-dependent protein catabolic process"
106,-0.00305531033804843,"Up",0.0392242204173074,0.822760809427292,"GO:0051650","establishment of vesicle localization"
83,0.0835347530566193,"Up",0.0394577452429282,0.822760809427292,"GO:0009145","purine nucleoside triphosphate biosynthetic process"
18,0.0203185984630806,"Up",0.0397474346681029,0.822760809427292,"GO:0033006","regulation of mast cell activation involved in immune response"
45,-0.00148831072625763,"Down",0.0405004397136961,0.822760809427292,"GO:0060021","roof of mouth development"
82,0.0854604117576331,"Up",0.0408377229131413,0.822760809427292,"GO:0009206","purine ribonucleoside triphosphate biosynthetic process"
24,-0.00219229992837124,"Up",0.0416044154008688,0.822760809427292,"GO:0051693","actin filament capping"
46,0.0590839425107338,"Up",0.0416790490535174,0.822760809427292,"GO:0009062","fatty acid catabolic process"
73,-0.00852882279355094,"Down",0.0417447870244567,0.822760809427292,"GO:1903046","meiotic cell cycle process"
62,0.00690473452553999,"Up",0.0419584204178327,0.822760809427292,"GO:0006612","protein targeting to membrane"
51,-0.00196417295751502,"Down",0.0420543875102477,0.822760809427292,"GO:0060419","heart growth"
76,0.0872178912480077,"Up",0.0420609655008562,0.822760809427292,"GO:0006754","ATP biosynthetic process"
24,-0.0291814942339456,"Up",0.0427213522830768,0.822760809427292,"GO:0006220","pyrimidine nucleotide metabolic process"
40,0.0662427924294751,"Up",0.042779062211815,0.822760809427292,"GO:0006120","mitochondrial electron transport, NADH to ubiquinone"
75,0.0721826304488977,"Up",0.0430156322479328,0.822760809427292,"GO:0042773","ATP synthesis coupled electron transport"
75,0.0721826304488977,"Up",0.0430156322479328,0.822760809427292,"GO:0042775","mitochondrial ATP synthesis coupled electron transport"
19,-0.0052670661659414,"Up",0.0432381414844112,0.822760809427292,"GO:0046755","viral budding"
24,0.0353263702128689,"Up",0.0434809929248659,0.822760809427292,"GO:0007035","vacuolar acidification"
63,0.0140454521998921,"Up",0.0435071317474178,0.822760809427292,"GO:0006626","protein targeting to mitochondrion"
112,-0.00139013307926098,"Up",0.0440445573124157,0.822760809427292,"GO:0051648","vesicle localization"
168,0.00548135097889863,"Up",0.0441775058426973,0.822760809427292,"GO:0072659","protein localization to plasma membrane"
104,0.000505440877268353,"Up",0.0445539203842384,0.822760809427292,"GO:0010950","positive regulation of endopeptidase activity"
56,0.0559301142122163,"Up",0.0446637079501278,0.822760809427292,"GO:0034440","lipid oxidation"
21,0.0107261485670647,"Down",0.0448449253217144,0.822760809427292,"GO:0045737","positive regulation of cyclin-dependent protein serine/threonine kinase activity"
69,0.0163984998005219,"Up",0.0449084967953299,0.822760809427292,"GO:0036503","ERAD pathway"
22,0.0617992509503339,"Up",0.045122527725543,0.822760809427292,"GO:0090151","establishment of protein localization to mitochondrial membrane"
18,0.00633105605156682,"Up",0.0453500786722624,0.822760809427292,"GO:0031468","nuclear membrane reassembly"
201,0.00616297783279805,"Up",0.0454441320313647,0.822760809427292,"GO:0016236","macroautophagy"
39,-0.00464904628391736,"Down",0.0456989945322965,0.822760809427292,"GO:0098773","skin epidermis development"
30,-0.0243846680240636,"Down",0.0457222092360441,0.822760809427292,"GO:0060038","cardiac muscle cell proliferation"
22,0.0146650364775178,"Up",0.0459397646719272,0.822760809427292,"GO:0097345","mitochondrial outer membrane permeabilization"
24,-0.0111719420923014,"Down",0.0461254997344182,0.822760809427292,"GO:0003197","endocardial cushion development"
178,0.0132554813846595,"Up",0.0464985692414832,0.822760809427292,"GO:0006605","protein targeting"
51,0.0025999317890679,"Up",0.0466735616065355,0.822760809427292,"GO:0061912","selective autophagy"
46,-0.0173797845798249,"Up",0.046683070219115,0.822760809427292,"GO:0051881","regulation of mitochondrial membrane potential"
33,-0.00851916796319539,"Down",0.0470900031931655,0.822760809427292,"GO:0035050","embryonic heart tube development"
20,0.00869948014093654,"Up",0.0472762428918246,0.822760809427292,"GO:1903077","negative regulation of protein localization to plasma membrane"
20,0.00869948014093654,"Up",0.0472762428918246,0.822760809427292,"GO:1904376","negative regulation of protein localization to cell periphery"
71,0.00451828969356024,"Up",0.0474124178761124,0.822760809427292,"GO:0002377","immunoglobulin production"
36,0.0173876364798975,"Down",0.0478407518564719,0.822760809427292,"GO:0009798","axis specification"
68,0.00353594284335956,"Down",0.047853661045496,0.822760809427292,"GO:0072175","epithelial tube formation"
43,-0.0125852629115802,"Up",0.0478604107013328,0.822760809427292,"GO:1901292","nucleoside phosphate catabolic process"
63,0.00835711104947027,"Down",0.0479290428561424,0.822760809427292,"GO:0035107","appendage morphogenesis"
63,0.00835711104947027,"Down",0.0479290428561424,0.822760809427292,"GO:0035108","limb morphogenesis"
55,0.110688580539151,"Up",0.0479313822414909,0.822760809427292,"GO:0042776","proton motive force-driven mitochondrial ATP synthesis"
466,0.00145887254399346,"Up",0.0480043426941803,0.822760809427292,"GO:0032880","regulation of protein localization"
125,-0.00569258704915807,"Down",0.048079252983748,0.822760809427292,"GO:0007611","learning or memory"
36,0.0547429357249513,"Up",0.0481176146599656,0.822760809427292,"GO:0045010","actin nucleation"
52,0.0210816501258723,"Up",0.0484877192966409,0.822760809427292,"GO:0006900","vesicle budding from membrane"
202,0.0030541979639669,"Up",0.0487440124323536,0.822760809427292,"GO:0051235","maintenance of location"
36,0.0212935832544893,"Up",0.0492386566104109,0.822760809427292,"GO:2000059","negative regulation of ubiquitin-dependent protein catabolic process"
336,0.00420358069676491,"Up",0.0494111647516543,0.822760809427292,"GO:0098662","inorganic cation transmembrane transport"
415,0.00345073193502177,"Up",0.0494148478659008,0.822760809427292,"GO:0030162","regulation of proteolysis"
38,0.00124751352903271,"Down",0.049487673443102,0.822760809427292,"GO:0001942","hair follicle development"
16,-0.0123923219329445,"Up",0.0495004880494689,0.822760809427292,"GO:0006907","pinocytosis"
53,0.00408416570059269,"Down",0.049648219460426,0.822760809427292,"GO:0030326","embryonic limb morphogenesis"
53,0.00408416570059269,"Down",0.049648219460426,0.822760809427292,"GO:0035113","embryonic appendage morphogenesis"
489,0.022308465062269,"Up",0.0496652997033218,0.822760809427292,"GO:0043604","amide biosynthetic process"
19,-0.0041974090427049,"Up",0.0496719106290183,0.822760809427292,"GO:0009124","nucleoside monophosphate biosynthetic process"
17,-0.0332297867421749,"Up",0.0497429206555027,0.822760809427292,"GO:0019081","viral translation"
28,-0.0138632201228613,"Down",0.0498323604730957,0.822760809427292,"GO:0003143","embryonic heart tube morphogenesis"
58,0.00459668650358988,"Down",0.0503570972253747,0.822760809427292,"GO:0003279","cardiac septum development"
33,0.00982436528045431,"Down",0.0503639059778115,0.822760809427292,"GO:1905515","non-motile cilium assembly"
41,-0.0175609409900904,"Down",0.0503644899804301,0.822760809427292,"GO:0070373","negative regulation of ERK1 and ERK2 cascade"
93,-0.00150444071899132,"Up",0.0505050677419804,0.822760809427292,"GO:0010821","regulation of mitochondrion organization"
42,0.00705374316744376,"Up",0.0505523820073768,0.822760809427292,"GO:1903578","regulation of ATP metabolic process"
20,0.100446157516743,"Up",0.0506634437105395,0.822760809427292,"GO:0002474","antigen processing and presentation of peptide antigen via MHC class I"
278,0.00979283662739961,"Down",0.0506801935473352,0.822760809427292,"GO:0048598","embryonic morphogenesis"
93,0.003982380800522,"Down",0.0507271247657817,0.822760809427292,"GO:0035265","organ growth"
84,0.0280743099615928,"Up",0.0508833110562525,0.822760809427292,"GO:0006888","endoplasmic reticulum to Golgi vesicle-mediated transport"
57,0.022698603937098,"Down",0.051042662885474,0.822760809427292,"GO:0055123","digestive system development"
60,0.117496353165634,"Up",0.0511622206853861,0.822760809427292,"GO:0015986","proton motive force-driven ATP synthesis"
26,-0.00217489733044509,"Up",0.0512227111912848,0.822760809427292,"GO:1902686","mitochondrial outer membrane permeabilization involved in programmed cell death"
16,0.00852288944475858,"Up",0.0514445228015962,0.822760809427292,"GO:0046931","pore complex assembly"
35,-0.0171152837864007,"Down",0.0517178082339609,0.822760809427292,"GO:0002763","positive regulation of myeloid leukocyte differentiation"
60,0.0532502321980971,"Up",0.0517449720293196,0.822760809427292,"GO:0006090","pyruvate metabolic process"
175,-0.00138568832227289,"Down",0.0517940352748504,0.822760809427292,"GO:0018105","peptidyl-serine phosphorylation"
65,-0.00862285427115205,"Up",0.0518661521963215,0.822760809427292,"GO:0008637","apoptotic mitochondrial changes"
80,0.000236830901388333,"Down",0.0521954587147755,0.822760809427292,"GO:0035148","tube formation"
30,0.00266792566371731,"Up",0.0522508229432716,0.822760809427292,"GO:1901799","negative regulation of proteasomal protein catabolic process"
191,0.0162858840090642,"Up",0.0526974668705995,0.822760809427292,"GO:0048193","Golgi vesicle transport"
172,-7.71398970058753e-05,"Up",0.0528208162937724,0.822760809427292,"GO:0051604","protein maturation"
27,-0.00581037701117888,"Down",0.0529217557805609,0.822760809427292,"GO:0033028","myeloid cell apoptotic process"
40,0.00614950420135656,"Down",0.0529234347651346,0.822760809427292,"GO:0022404","molting cycle process"
40,0.00614950420135656,"Down",0.0529234347651346,0.822760809427292,"GO:0022405","hair cycle process"
24,-0.00863278538486519,"Down",0.0532489989756598,0.822760809427292,"GO:0031146","SCF-dependent proteasomal ubiquitin-dependent protein catabolic process"
88,0.0019376310410818,"Up",0.053784942728544,0.822760809427292,"GO:1903052","positive regulation of proteolysis involved in protein catabolic process"
39,0.015150121929069,"Up",0.0539604353025422,0.822760809427292,"GO:0006998","nuclear envelope organization"
241,0.00207430302364663,"Up",0.0539611490062581,0.822760809427292,"GO:0043254","regulation of protein-containing complex assembly"
36,-0.00267746756587704,"Down",0.0542829431100949,0.822760809427292,"GO:0048814","regulation of dendrite morphogenesis"
224,0.00320030571498826,"Up",0.0548649018727683,0.822760809427292,"GO:0045862","positive regulation of proteolysis"
15,-0.00160358817391668,"Up",0.0548652639806428,0.822760809427292,"GO:0046039","GTP metabolic process"
25,-0.00283574998923678,"Up",0.0549264582524785,0.822760809427292,"GO:1902108","regulation of mitochondrial membrane permeability involved in apoptotic process"
268,-0.00220548521887,"Down",0.0549524667068078,0.822760809427292,"GO:0007276","gamete generation"
185,-0.00175761090704493,"Down",0.0558266080003634,0.822760809427292,"GO:0018209","peptidyl-serine modification"
220,-0.00264831445958377,"Up",0.0558709033261846,0.822760809427292,"GO:0051098","regulation of binding"
20,0.00453372006305207,"Down",0.0560231430171058,0.822760809427292,"GO:0042073","intraciliary transport"
33,-0.0125577296231991,"Down",0.0562738790763433,0.822760809427292,"GO:0048332","mesoderm morphogenesis"
65,-0.00112165077523728,"Up",0.0562803808304102,0.822760809427292,"GO:0045185","maintenance of protein location"
24,0.00598852780414669,"Up",0.0564018252813348,0.822760809427292,"GO:1902110","positive regulation of mitochondrial membrane permeability involved in apoptotic process"
112,0.00595947363768531,"Up",0.0564607396139464,0.822760809427292,"GO:2001242","regulation of intrinsic apoptotic signaling pathway"
107,0.0039203732699456,"Up",0.0565042298242347,0.822760809427292,"GO:0002700","regulation of production of molecular mediator of immune response"
25,-0.0149131790263551,"Up",0.0565616638492117,0.822760809427292,"GO:0019068","virion assembly"
56,-0.00906726880849649,"Down",0.0566880578013789,0.822760809427292,"GO:0021987","cerebral cortex development"
16,0.0737023392877565,"Down",0.0569582442584263,0.822760809427292,"GO:0036092","phosphatidylinositol-3-phosphate biosynthetic process"
51,0.00651327894303551,"Down",0.0571288274834093,0.822760809427292,"GO:0009799","specification of symmetry"
51,0.00651327894303551,"Down",0.0571288274834093,0.822760809427292,"GO:0009855","determination of bilateral symmetry"
66,-0.00567299158738519,"Down",0.0576531163295193,0.822760809427292,"GO:0007612","learning"
29,-0.0288705091464304,"Up",0.0578053270224069,0.822760809427292,"GO:0006414","translational elongation"
157,0.023660097805245,"Up",0.0578489590025124,0.822760809427292,"GO:0006631","fatty acid metabolic process"
37,0.00675563061781163,"Down",0.0582625323487581,0.822760809427292,"GO:0061045","negative regulation of wound healing"
59,0.0353936086176744,"Up",0.0583298444579343,0.822760809427292,"GO:0007040","lysosome organization"
59,0.0353936086176744,"Up",0.0583298444579343,0.822760809427292,"GO:0080171","lytic vacuole organization"
23,0.0703920686294811,"Up",0.058537155161342,0.822760809427292,"GO:0006749","glutathione metabolic process"
479,0.00654702372371547,"Up",0.0586676451279087,0.822760809427292,"GO:0051603","proteolysis involved in protein catabolic process"
128,0.0153112921175473,"Up",0.0588756941178688,0.822760809427292,"GO:0031348","negative regulation of defense response"
84,0.047235316355272,"Up",0.0592103936606702,0.822760809427292,"GO:0006413","translational initiation"
67,0.00207246382646193,"Down",0.0599192307388752,0.822760809427292,"GO:0006661","phosphatidylinositol biosynthetic process"
32,-0.00968046184241668,"Down",0.0599658625936631,0.822760809427292,"GO:0001707","mesoderm formation"
75,-0.0042516166540908,"Up",0.0599734349570817,0.822760809427292,"GO:0043467","regulation of generation of precursor metabolites and energy"
30,-0.0213947767332585,"Up",0.060476781833689,0.822760809427292,"GO:1900026","positive regulation of substrate adhesion-dependent cell spreading"
141,0.00733117124290281,"Down",0.0604953589389762,0.822760809427292,"GO:0060271","cilium assembly"
16,0.0269982516385923,"Up",0.0611404983341227,0.822760809427292,"GO:1901658","glycosyl compound catabolic process"
172,0.000650147507269238,"Up",0.0613209103724581,0.822760809427292,"GO:1904951","positive regulation of establishment of protein localization"
150,0.00766649726477151,"Down",0.061512053086216,0.822760809427292,"GO:0044782","cilium organization"
61,-0.0056111898064683,"Up",0.0618727609573033,0.822760809427292,"GO:0000422","autophagy of mitochondrion"
61,-0.0056111898064683,"Up",0.0618727609573033,0.822760809427292,"GO:0061726","mitochondrion disassembly"
51,0.0844541166361326,"Up",0.0620121882270917,0.822760809427292,"GO:0072329","monocarboxylic acid catabolic process"
281,0.00248011571220786,"Down",0.0620572597257476,0.822760809427292,"GO:0007610","behavior"
161,0.0150977005913894,"Up",0.0621211146054893,0.822760809427292,"GO:0034976","response to endoplasmic reticulum stress"
103,0.00709879109025751,"Up",0.0621837383240952,0.822760809427292,"GO:0008064","regulation of actin polymerization or depolymerization"
103,0.00709879109025751,"Up",0.0621837383240952,0.822760809427292,"GO:0030832","regulation of actin filament length"
322,-0.00206253502983302,"Down",0.062233712528839,0.822760809427292,"GO:0048609","multicellular organismal reproductive process"
26,-0.00212740743186721,"Down",0.0623530257535376,0.822760809427292,"GO:0050850","positive regulation of calcium-mediated signaling"
332,-0.00193713061207357,"Down",0.0627620555229258,0.822760809427292,"GO:0032504","multicellular organism reproduction"
17,-0.00257483366960791,"Down",0.0628822885071177,0.822760809427292,"GO:0055081","anion homeostasis"
65,-0.00700820555051942,"Down",0.0631168645982822,0.822760809427292,"GO:0140013","meiotic nuclear division"
88,0.023094258906109,"Up",0.0631659716508115,0.822760809427292,"GO:0045727","positive regulation of translation"
19,0.0696942010843578,"Up",0.0632074310282759,0.822760809427292,"GO:0051204","protein insertion into mitochondrial membrane"
20,0.0373926983697184,"Up",0.0634180819024469,0.822760809427292,"GO:1900101","regulation of endoplasmic reticulum unfolded protein response"
21,0.0175253111513236,"Down",0.0637088227515741,0.822760809427292,"GO:0003230","cardiac atrium development"
38,-0.00832998077536223,"Down",0.0637506243539314,0.822760809427292,"GO:0048016","inositol phosphate-mediated signaling"
45,-0.00650014272387647,"Up",0.0637578756568847,0.822760809427292,"GO:1900024","regulation of substrate adhesion-dependent cell spreading"
237,-0.0015432005087191,"Up",0.0638106944719388,0.822760809427292,"GO:0030003","cellular cation homeostasis"
21,-0.00958782007530133,"Down",0.063861970517362,0.822760809427292,"GO:0060043","regulation of cardiac muscle cell proliferation"
44,-0.00953759027844968,"Down",0.0646342635078874,0.822760809427292,"GO:0014910","regulation of smooth muscle cell migration"
37,0.0356149471599199,"Up",0.0649530758386521,0.822760809427292,"GO:0042267","natural killer cell mediated cytotoxicity"
35,0.00431378577874828,"Down",0.0654563205340463,0.822760809427292,"GO:0060420","regulation of heart growth"
109,0.00840998410335224,"Up",0.0656897066505717,0.822760809427292,"GO:0030041","actin filament polymerization"
277,-0.000381779494887019,"Up",0.0659427044004131,0.822760809427292,"GO:0055080","cation homeostasis"
65,-0.00744058015170504,"Down",0.0660682541425673,0.822760809427292,"GO:0045639","positive regulation of myeloid cell differentiation"
46,-0.00960460561289133,"Down",0.0664963200823769,0.822760809427292,"GO:0055017","cardiac muscle tissue growth"
67,0.000171056531465723,"Up",0.0667790004444322,0.822760809427292,"GO:0055088","lipid homeostasis"
87,0.12723635659247,"Up",0.0668606398471809,0.822760809427292,"GO:0140053","mitochondrial gene expression"
31,-0.0283848297431094,"Up",0.0669070796834274,0.822760809427292,"GO:1905710","positive regulation of membrane permeability"
30,-0.0111788485161852,"Up",0.0669769118781973,0.822760809427292,"GO:0060193","positive regulation of lipase activity"
128,-0.00203497464249059,"Up",0.0673430122132101,0.822760809427292,"GO:0031334","positive regulation of protein-containing complex assembly"
67,0.000893292430445878,"Down",0.0677464563326842,0.822760809427292,"GO:0007292","female gamete generation"
66,0.00619063592978491,"Up",0.0680517911744689,0.822760809427292,"GO:1903076","regulation of protein localization to plasma membrane"
102,-0.00382833194186992,"Down",0.0681871855330303,0.822760809427292,"GO:0046474","glycerophospholipid biosynthetic process"
78,0.0107324932340833,"Down",0.0682531635470201,0.822760809427292,"GO:0048736","appendage development"
78,0.0107324932340833,"Down",0.0682531635470201,0.822760809427292,"GO:0060173","limb development"
26,-0.020937299761532,"Up",0.0687082674293928,0.822760809427292,"GO:0043001","Golgi to plasma membrane protein transport"
122,0.00373704931180592,"Down",0.0692262480277825,0.822760809427292,"GO:0033002","muscle cell proliferation"
67,0.0292725730261903,"Up",0.0693083318687387,0.822760809427292,"GO:1990748","cellular detoxification"
26,0.00709395828276363,"Down",0.0696891261830854,0.822760809427292,"GO:0071548","response to dexamethasone"
75,0.170977992823565,"Up",0.0697528444577764,0.822760809427292,"GO:0032543","mitochondrial translation"
73,0.00550309455479232,"Down",0.0699239104976165,0.822760809427292,"GO:0016331","morphogenesis of embryonic epithelium"
78,0.00144758494930723,"Up",0.0700333964829479,0.822760809427292,"GO:1901800","positive regulation of proteasomal protein catabolic process"
89,-0.00155776565525974,"Up",0.0702012090902389,0.822760809427292,"GO:0007568","aging"
120,-0.00418702034405588,"Down",0.0702194388167099,0.822760809427292,"GO:1902806","regulation of cell cycle G1/S phase transition"
15,-0.0128908549392525,"Down",0.0703261757160935,0.822760809427292,"GO:0046856","phosphatidylinositol dephosphorylation"
22,0.00834954432675425,"Up",0.0704744490643535,0.822760809427292,"GO:0033003","regulation of mast cell activation"
15,0.00349797461078519,"Down",0.0710184001529371,0.822760809427292,"GO:0055023","positive regulation of cardiac muscle tissue growth"
24,-0.00163108886231824,"Up",0.0714403869387217,0.822760809427292,"GO:0045806","negative regulation of endocytosis"
35,0.00435419349016793,"Down",0.0714786708726316,0.822760809427292,"GO:0003179","heart valve morphogenesis"
20,-0.0109959800142918,"Up",0.0718836576204957,0.822760809427292,"GO:0045116","protein neddylation"
356,0.00484190277525417,"Up",0.0720563817087719,0.822760809427292,"GO:0098660","inorganic ion transmembrane transport"
200,0.0123918295948283,"Up",0.072387671762687,0.822760809427292,"GO:0016050","vesicle organization"
33,-0.00410323043305732,"Down",0.0726028916782112,0.822760809427292,"GO:0042471","ear morphogenesis"
39,0.00327002450408859,"Up",0.0726047636532005,0.822760809427292,"GO:2001244","positive regulation of intrinsic apoptotic signaling pathway"
18,0.0380478872946301,"Up",0.0726872376467286,0.822760809427292,"GO:0006891","intra-Golgi vesicle-mediated transport"
44,-0.00519775229278696,"Down",0.0727279948314814,0.822760809427292,"GO:0048706","embryonic skeletal system development"
30,-0.026839638505135,"Up",0.0730396031622051,0.822760809427292,"GO:0002639","positive regulation of immunoglobulin production"
23,-0.0129133106103695,"Down",0.0744040667337999,0.822760809427292,"GO:0014014","negative regulation of gliogenesis"
28,-0.0150694913973225,"Up",0.0744205122553686,0.822760809427292,"GO:0035794","positive regulation of mitochondrial membrane permeability"
58,0.0178242967566261,"Up",0.0751913239356849,0.822760809427292,"GO:0050764","regulation of phagocytosis"
21,0.0113419346070487,"Up",0.0753718198503586,0.822760809427292,"GO:0010742","macrophage derived foam cell differentiation"
56,-0.00794737266861255,"Down",0.0756467680233344,0.822760809427292,"GO:0050773","regulation of dendrite development"
20,0.0221702367484923,"Up",0.0756615447599781,0.822760809427292,"GO:0032469","endoplasmic reticulum calcium ion homeostasis"
17,0.124881678910784,"Up",0.0759911646620508,0.822760809427292,"GO:0007042","lysosomal lumen acidification"
371,0.00281554833752283,"Up",0.076182139978126,0.822760809427292,"GO:0019725","cellular homeostasis"
238,0.00306091473972594,"Up",0.0767203585649202,0.822760809427292,"GO:0051656","establishment of organelle localization"
24,0.0412277519617956,"Up",0.076969145466637,0.822760809427292,"GO:0035384","thioester biosynthetic process"
24,0.0412277519617956,"Up",0.076969145466637,0.822760809427292,"GO:0071616","acyl-CoA biosynthetic process"
74,0.0114435112704086,"Down",0.0774419722278755,0.822760809427292,"GO:0009952","anterior/posterior pattern specification"
25,-0.009388373826202,"Down",0.0774784726756465,0.822760809427292,"GO:0001947","heart looping"
25,-0.009388373826202,"Down",0.0774784726756465,0.822760809427292,"GO:0061371","determination of heart left/right asymmetry"
59,0.0276369985804513,"Up",0.0776149481423672,0.822760809427292,"GO:0098869","cellular oxidant detoxification"
260,0.031465195875939,"Up",0.0778498386228356,0.822760809427292,"GO:0032787","monocarboxylic acid metabolic process"
31,-0.00737080502975878,"Down",0.0783324355490558,0.822760809427292,"GO:0055021","regulation of cardiac muscle tissue growth"
95,-0.00332764630343728,"Down",0.0791044878307784,0.822760809427292,"GO:0051321","meiotic cell cycle"
427,0.0320528348686007,"Up",0.079241644539979,0.822760809427292,"GO:0043043","peptide biosynthetic process"
249,-0.000412667544724272,"Up",0.0793657716804346,0.822760809427292,"GO:1903829","positive regulation of protein localization"
17,-0.0059788018810398,"Down",0.079397783720976,0.822760809427292,"GO:0006925","inflammatory cell apoptotic process"
35,-0.00680520527065127,"Down",0.0795172582345197,0.822760809427292,"GO:0015800","acidic amino acid transport"
23,0.0724104524033894,"Up",0.0800029447237593,0.822760809427292,"GO:0030970","retrograde protein transport, ER to cytosol"
23,0.0724104524033894,"Up",0.0800029447237593,0.822760809427292,"GO:1903513","endoplasmic reticulum to cytosol transport"
104,0.00536423460845592,"Up",0.0800808124100532,0.822760809427292,"GO:0016241","regulation of macroautophagy"
37,0.0145240485136091,"Up",0.0801224363812045,0.822760809427292,"GO:0010883","regulation of lipid storage"
41,0.0191699768534899,"Up",0.0801935743544841,0.822760809427292,"GO:1901657","glycosyl compound metabolic process"
15,-0.0431434478574408,"Down",0.0803539265946114,0.822760809427292,"GO:0034114","regulation of heterotypic cell-cell adhesion"
333,0.00121415730244799,"Up",0.080600456289955,0.822760809427292,"GO:0006897","endocytosis"
44,-0.0178882412854865,"Up",0.0810350633929011,0.822760809427292,"GO:0048524","positive regulation of viral process"
21,0.016462550470209,"Up",0.0812332467400632,0.822760809427292,"GO:0034123","positive regulation of toll-like receptor signaling pathway"
136,0.0103423912023588,"Up",0.0815217989992688,0.822760809427292,"GO:0002440","production of molecular mediator of immune response"
127,0.0121973937235723,"Up",0.0820917328865611,0.822760809427292,"GO:0032271","regulation of protein polymerization"
53,0.0372860820309011,"Up",0.0820921396917098,0.822760809427292,"GO:0030433","ubiquitin-dependent ERAD pathway"
37,-0.001939028460359,"Down",0.0824663745654767,0.822760809427292,"GO:0061982","meiosis I cell cycle process"
52,0.00951167584195912,"Up",0.0825519388476369,0.822760809427292,"GO:1901224","positive regulation of NIK/NF-kappaB signaling"
20,0.00884055083501572,"Down",0.0828282003443189,0.822760809427292,"GO:0099054","presynapse assembly"
51,0.0271285426789491,"Down",0.0829404403655934,0.822760809427292,"GO:0048565","digestive tract development"
63,0.00481658067340024,"Down",0.0831792897667979,0.822760809427292,"GO:0001838","embryonic epithelial tube formation"
74,0.011016480273481,"Up",0.0832646204045797,0.822760809427292,"GO:0016064","immunoglobulin mediated immune response"
74,0.011016480273481,"Up",0.0832646204045797,0.822760809427292,"GO:0019724","B cell mediated immunity"
23,-0.0190552274946199,"Down",0.0834232708618222,0.822760809427292,"GO:0033032","regulation of myeloid cell apoptotic process"
314,0.00108608885441789,"Up",0.0838064379154563,0.822760809427292,"GO:0055082","cellular chemical homeostasis"
18,0.023550172009515,"Down",0.0842826961789476,0.822760809427292,"GO:0021801","cerebral cortex radial glia-guided migration"
18,0.023550172009515,"Down",0.0842826961789476,0.822760809427292,"GO:0022030","telencephalon glial cell migration"
87,-0.000120834493680121,"Up",0.0848582725938078,0.822760809427292,"GO:0098876","vesicle-mediated transport to the plasma membrane"
17,-0.0284060857731431,"Up",0.0849228185146069,0.822760809427292,"GO:0090382","phagosome maturation"
20,-0.0212516035581328,"Up",0.085165962958897,0.822760809427292,"GO:0061178","regulation of insulin secretion involved in cellular response to glucose stimulus"
29,-0.00718265563966842,"Down",0.0853056756971594,0.822760809427292,"GO:0097194","execution phase of apoptosis"
42,-0.0215678766485784,"Up",0.08534825593896,0.822760809427292,"GO:0002637","regulation of immunoglobulin production"
46,0.00749827173633324,"Up",0.0857814198995132,0.822760809427292,"GO:0030865","cortical cytoskeleton organization"
190,-0.00234579585407699,"Up",0.0859486163806286,0.822760809427292,"GO:0009895","negative regulation of catabolic process"
43,0.0152372006299841,"Up",0.0862367335511493,0.822760809427292,"GO:1903051","negative regulation of proteolysis involved in protein catabolic process"
120,0.0100299970869419,"Down",0.0866081669656088,0.822760809427292,"GO:0043588","skin development"
28,-0.00458166314330035,"Up",0.0866544983010485,0.822760809427292,"GO:0030835","negative regulation of actin filament depolymerization"
415,0.0349370508289185,"Up",0.086846258047914,0.822760809427292,"GO:0006412","translation"
22,0.00389127640929289,"Down",0.0869556692511814,0.822760809427292,"GO:0099172","presynapse organization"
284,-0.000625186144479586,"Up",0.0870559777968776,0.822760809427292,"GO:0098771","inorganic ion homeostasis"
75,-0.00232542639717566,"Up",0.0870601427529431,0.822760809427292,"GO:1903531","negative regulation of secretion by cell"
427,0.000655158879793499,"Up",0.0872145867047893,0.822760809427292,"GO:0046903","secretion"
178,0.0152319075217589,"Down",0.0876951928910801,0.822760809427292,"GO:0048568","embryonic organ development"
18,0.0322082110627196,"Down",0.0877388386202428,0.822760809427292,"GO:0055078","sodium ion homeostasis"
24,0.00802301595837832,"Up",0.0877831620381992,0.822760809427292,"GO:0036257","multivesicular body organization"
19,0.0935481238829014,"Up",0.0877920179143622,0.822760809427292,"GO:0035751","regulation of lysosomal lumen pH"
20,0.0208291278516517,"Up",0.0878340386832704,0.822760809427292,"GO:0010592","positive regulation of lamellipodium assembly"
16,-0.0335524573859069,"Up",0.0878843711812343,0.822760809427292,"GO:0002407","dendritic cell chemotaxis"
41,-0.0103081716668413,"Up",0.0885904399868877,0.822760809427292,"GO:0009123","nucleoside monophosphate metabolic process"
23,0.0372095945699116,"Down",0.0888009431646151,0.822760809427292,"GO:1904031","positive regulation of cyclin-dependent protein kinase activity"
82,-0.000182725309810056,"Down",0.0890153722055405,0.822760809427292,"GO:0043583","ear development"
117,0.00465696471634268,"Up",0.0891969633218128,0.822760809427292,"GO:0010952","positive regulation of peptidase activity"
40,-0.00758073736624733,"Up",0.0897271896556306,0.822760809427292,"GO:0043112","receptor metabolic process"
28,-0.00721956917601896,"Down",0.0899826747986717,0.822760809427292,"GO:1904888","cranial skeletal system development"
164,0.0099388499994893,"Down",0.0900247064478618,0.822760809427292,"GO:0060562","epithelial tube morphogenesis"
468,0.00258413836472498,"Up",0.0902540563846595,0.822760809427292,"GO:0048878","chemical homeostasis"
171,0.000915888719127006,"Up",0.0906033299155678,0.822760809427292,"GO:0006887","exocytosis"
20,-0.0249537576749381,"Down",0.0908683949241546,0.822760809427292,"GO:0003203","endocardial cushion morphogenesis"
18,-0.00542616460571191,"Down",0.0909646162811783,0.822760809427292,"GO:0060421","positive regulation of heart growth"
15,-0.0363740851087477,"Down",0.0910588024325588,0.822760809427292,"GO:0003272","endocardial cushion formation"
28,-0.0180349586818375,"Down",0.0912132338312834,0.822760809427292,"GO:0070884","regulation of calcineurin-NFAT signaling cascade"
28,-0.0180349586818375,"Down",0.0912132338312834,0.822760809427292,"GO:0106056","regulation of calcineurin-mediated signaling"
40,-0.00425834235789847,"Up",0.0913882090738639,0.822760809427292,"GO:0019217","regulation of fatty acid metabolic process"
15,-0.0258728811112845,"Up",0.0915509140964159,0.822760809427292,"GO:0009162","deoxyribonucleoside monophosphate metabolic process"
51,-0.00510428897679603,"Down",0.0916702976987505,0.822760809427292,"GO:0014909","smooth muscle cell migration"
68,0.071453214360329,"Up",0.0920567833860692,0.822760809427292,"GO:0019882","antigen processing and presentation"
78,0.00174962999207865,"Down",0.0922365162262001,0.822760809427292,"GO:0048813","dendrite morphogenesis"
18,-0.00733695496861482,"Down",0.0924801291687994,0.822760809427292,"GO:0042908","xenobiotic transport"
271,-0.0006304531442344,"Up",0.0925032381479425,0.822760809427292,"GO:0051046","regulation of secretion"
102,0.0156186530089963,"Up",0.092650986474057,0.822760809427292,"GO:0034250","positive regulation of cellular amide metabolic process"
20,0.165214612215825,"Up",0.0926728258814317,0.822760809427292,"GO:0006734","NADH metabolic process"
51,0.0298793633580144,"Up",0.093827011037115,0.822760809427292,"GO:0030968","endoplasmic reticulum unfolded protein response"
35,0.100445144813831,"Up",0.093978139360408,0.822760809427292,"GO:0042255","ribosome assembly"
26,-0.00732324947657057,"Up",0.0942491785259528,0.822760809427292,"GO:0097006","regulation of plasma lipoprotein particle levels"
22,0.0442769724378155,"Up",0.0942925705638616,0.822760809427292,"GO:0051125","regulation of actin nucleation"
280,0.000563977689990112,"Up",0.0943409773962241,0.822760809427292,"GO:0016032","viral process"
234,0.0002266782673563,"Down",0.0944590318799773,0.822760809427292,"GO:0045860","positive regulation of protein kinase activity"
28,0.00459524582486755,"Up",0.0947184006843516,0.822760809427292,"GO:0032509","endosome transport via multivesicular body sorting pathway"
17,0.0203083860381366,"Down",0.0953257927351042,0.822760809427292,"GO:0072210","metanephric nephron development"
35,-0.000573374267308978,"Down",0.0956651306420707,0.822760809427292,"GO:0001736","establishment of planar polarity"
35,-0.000573374267308978,"Down",0.0956651306420707,0.822760809427292,"GO:0007164","establishment of tissue polarity"
16,0.0593001591772614,"Up",0.0960444720505273,0.822760809427292,"GO:0010743","regulation of macrophage derived foam cell differentiation"
245,-0.00217434229394328,"Up",0.0961229620928461,0.822760809427292,"GO:0006873","cellular ion homeostasis"
39,0.00818549164450402,"Up",0.0963694543631413,0.822760809427292,"GO:0071709","membrane assembly"
24,0.0946413740962499,"Up",0.0965181678936729,0.822760809427292,"GO:0030490","maturation of SSU-rRNA"
41,0.023498890591152,"Up",0.0965385019400335,0.822760809427292,"GO:0051279","regulation of release of sequestered calcium ion into cytosol"
80,0.00195186288017633,"Up",0.0967481229102141,0.822760809427292,"GO:0002702","positive regulation of production of molecular mediator of immune response"
22,-0.0212161410359915,"Down",0.096811812360142,0.822760809427292,"GO:0070306","lens fiber cell differentiation"
35,0.00430755185486459,"Down",0.0969177305674204,0.822760809427292,"GO:0007127","meiosis I"
29,0.0705098161523926,"Up",0.0973411149969331,0.822760809427292,"GO:0034314","Arp2/3 complex-mediated actin nucleation"
192,0.00616556466035685,"Up",0.0974602621462285,0.822760809427292,"GO:1990778","protein localization to cell periphery"
498,0.00259855587300053,"Up",0.09782748081505,0.822760809427292,"GO:0043066","negative regulation of apoptotic process"
185,0.000362360314724738,"Up",0.0980332691871066,0.822760809427292,"GO:0009410","response to xenobiotic stimulus"
287,-0.000699605893456168,"Up",0.098284098900845,0.822760809427292,"GO:0050801","ion homeostasis"
24,-0.026453958260756,"Up",0.0985845776435216,0.822760809427292,"GO:0032480","negative regulation of type I interferon production"
19,0.0137360778004985,"Up",0.0993518179162717,0.822760809427292,"GO:0019369","arachidonic acid metabolic process"
33,0.00194490621439235,"Down",0.0998850933165752,0.822760809427292,"GO:0140115","export across plasma membrane"
47,0.0154254055573087,"Up",0.100152292121393,0.822760809427292,"GO:0006885","regulation of pH"
301,0.0063469211669701,"Up",0.100425573622559,0.822760809427292,"GO:0051640","organelle localization"
26,-0.00329542156206204,"Up",0.100756077438778,0.822760809427292,"GO:0035773","insulin secretion involved in cellular response to glucose stimulus"
40,-0.0100694379704852,"Down",0.100995856088361,0.822760809427292,"GO:0006835","dicarboxylic acid transport"
109,-0.00265670684350068,"Down",0.101145112382251,0.822760809427292,"GO:2000045","regulation of G1/S transition of mitotic cell cycle"
143,0.0199261180846459,"Up",0.101387026696036,0.822760809427292,"GO:0006909","phagocytosis"
18,0.0287505552856095,"Up",0.101439620789633,0.822760809427292,"GO:0051560","mitochondrial calcium ion homeostasis"
70,-0.0017728767651728,"Up",0.101566738442974,0.822760809427292,"GO:0019080","viral gene expression"
72,0.0293613559012151,"Up",0.101593787440627,0.822760809427292,"GO:0097237","cellular response to toxic substance"
131,-0.00196700025471443,"Down",0.101711309102363,0.822760809427292,"GO:0008654","phospholipid biosynthetic process"
19,0.00451711017567109,"Up",0.101870941237114,0.822760809427292,"GO:0060333","interferon-gamma-mediated signaling pathway"
167,0.00506263979275482,"Up",0.10216572104948,0.822760809427292,"GO:1903320","regulation of protein modification by small protein conjugation or removal"
32,0.0280127112689657,"Up",0.102300433919072,0.822760809427292,"GO:0002886","regulation of myeloid leukocyte mediated immunity"
23,-0.00826623020198695,"Down",0.102330309730452,0.822760809427292,"GO:0042472","inner ear morphogenesis"
32,0.0515252228313379,"Up",0.102717285959905,0.822760809427292,"GO:0032527","protein exit from endoplasmic reticulum"
64,0.0043292113556266,"Up",0.102798246372682,0.822760809427292,"GO:0006633","fatty acid biosynthetic process"
259,0.0172494442541149,"Up",0.102832049293647,0.822760809427292,"GO:0072594","establishment of protein localization to organelle"
38,0.0304668457559368,"Up",0.102868890258427,0.822760809427292,"GO:0007589","body fluid secretion"
52,-0.00131284390173544,"Down",0.102949995534897,0.822760809427292,"GO:0007601","visual perception"
52,-0.00131284390173544,"Down",0.102949995534897,0.822760809427292,"GO:0050953","sensory perception of light stimulus"
23,0.0124349512547279,"Up",0.103076645852157,0.822760809427292,"GO:0043162","ubiquitin-dependent protein catabolic process via the multivesicular body sorting pathway"
22,0.00756920805458896,"Up",0.103338259997521,0.822760809427292,"GO:0090077","foam cell differentiation"
19,0.0293300267177554,"Down",0.103438642603366,0.822760809427292,"GO:0007622","rhythmic behavior"
369,0.024869443702885,"Up",0.103637209626255,0.822760809427292,"GO:0019752","carboxylic acid metabolic process"
253,0.000906150821544978,"Up",0.104454652326881,0.822760809427292,"GO:0044283","small molecule biosynthetic process"
38,-0.0177119832473026,"Down",0.105228323947808,0.822760809427292,"GO:0048477","oogenesis"
26,0.043400265024122,"Up",0.105298789004511,0.822760809427292,"GO:1902745","positive regulation of lamellipodium organization"
252,-0.00230713302883551,"Up",0.105588937167614,0.822760809427292,"GO:1903530","regulation of secretion by cell"
38,-0.0161402178074992,"Up",0.105727251554797,0.822760809427292,"GO:0043030","regulation of macrophage activation"
36,-0.0179747627276882,"Up",0.106149525156904,0.822760809427292,"GO:0046902","regulation of mitochondrial membrane permeability"
129,0.00728083917982016,"Up",0.106154360671419,0.822760809427292,"GO:0008154","actin polymerization or depolymerization"
16,0.00287045787668451,"Up",0.106295556900759,0.822760809427292,"GO:2000679","positive regulation of transcription regulatory region DNA binding"
27,-0.0283677121020388,"Up",0.106528176120225,0.822760809427292,"GO:0009262","deoxyribonucleotide metabolic process"
27,-0.0283677121020388,"Up",0.106528176120225,0.822760809427292,"GO:0019692","deoxyribose phosphate metabolic process"
96,0.0108350764398508,"Down",0.106621018850787,0.822760809427292,"GO:0098657","import into cell"
137,-0.00320640955223363,"Up",0.106813959435067,0.822760809427292,"GO:0051047","positive regulation of secretion"
269,-0.000706497616456543,"Down",0.1072658719233,0.822760809427292,"GO:0033674","positive regulation of kinase activity"
17,0.0190136986807544,"Down",0.107273751079344,0.822760809427292,"GO:0009948","anterior/posterior axis specification"
45,0.0382044295206965,"Down",0.108303864445617,0.822760809427292,"GO:0010232","vascular transport"
45,0.0382044295206965,"Down",0.108303864445617,0.822760809427292,"GO:0150104","transport across blood-brain barrier"
289,0.00169954598771924,"Up",0.108734250976864,0.822760809427292,"GO:0070201","regulation of establishment of protein localization"
232,0.00455034517052624,"Up",0.108847210579663,0.822760809427292,"GO:2001233","regulation of apoptotic signaling pathway"
381,0.022057741075347,"Up",0.108954391138849,0.822760809427292,"GO:0006082","organic acid metabolic process"
380,0.0224575073456805,"Up",0.108992982068433,0.822760809427292,"GO:0043436","oxoacid metabolic process"
37,0.0336684237598482,"Up",0.109271946494884,0.822760809427292,"GO:0006637","acyl-CoA metabolic process"
37,0.0336684237598482,"Up",0.109271946494884,0.822760809427292,"GO:0035383","thioester metabolic process"
23,0.0888367136959535,"Up",0.109329647193184,0.822760809427292,"GO:0042743","hydrogen peroxide metabolic process"
67,0.0148032291179681,"Down",0.109696750707129,0.822760809427292,"GO:0002062","chondrocyte differentiation"
87,0.0134380255908307,"Up",0.109738357636475,0.822760809427292,"GO:1903322","positive regulation of protein modification by small protein conjugation or removal"
28,-0.00729358865311693,"Down",0.110982150493267,0.822760809427292,"GO:0035088","establishment or maintenance of apical/basal cell polarity"
28,-0.00729358865311693,"Down",0.110982150493267,0.822760809427292,"GO:0061245","establishment or maintenance of bipolar cell polarity"
40,0.00308606503836063,"Up",0.110990165581201,0.822760809427292,"GO:0031529","ruffle organization"
20,-0.0250041049149948,"Down",0.111347791178858,0.822760809427292,"GO:0031076","embryonic camera-type eye development"
164,0.0165772918302397,"Down",0.111357776393096,0.822760809427292,"GO:0060485","mesenchyme development"
189,-0.00184488476851133,"Down",0.111422765096891,0.822760809427292,"GO:0071214","cellular response to abiotic stimulus"
189,-0.00184488476851133,"Down",0.111422765096891,0.822760809427292,"GO:0104004","cellular response to environmental stimulus"
39,0.0443160193353253,"Up",0.112075671191604,0.822760809427292,"GO:0002228","natural killer cell mediated immunity"
23,-0.0291388877683136,"Up",0.112153871401849,0.822760809427292,"GO:1901185","negative regulation of ERBB signaling pathway"
86,-0.00370091209470825,"Up",0.112323764166612,0.822760809427292,"GO:2001235","positive regulation of apoptotic signaling pathway"
21,-0.028340806625908,"Up",0.112403662013921,0.822760809427292,"GO:0061099","negative regulation of protein tyrosine kinase activity"
51,-0.000859802587992655,"Up",0.112737119640736,0.822760809427292,"GO:0009566","fertilization"
77,-0.00118535939941244,"Down",0.112856533405166,0.822760809427292,"GO:0001889","liver development"
20,-0.000701263009917831,"Up",0.113043896421672,0.822760809427292,"GO:0036296","response to increased oxygen levels"
381,-0.0011437718733112,"Up",0.113350086771619,0.822760809427292,"GO:0032940","secretion by cell"
82,0.00138192694246148,"Down",0.113548000122312,0.822760809427292,"GO:0050680","negative regulation of epithelial cell proliferation"
134,-0.00414456547075094,"Down",0.1135810176056,0.822760809427292,"GO:0071902","positive regulation of protein serine/threonine kinase activity"
38,-0.00827697798105253,"Up",0.114267530397925,0.822760809427292,"GO:0006903","vesicle targeting"
26,-0.0281857139341725,"Up",0.114494457807765,0.822760809427292,"GO:0009394","2'-deoxyribonucleotide metabolic process"
31,-0.00975347675727547,"Down",0.114657528530848,0.822760809427292,"GO:0033173","calcineurin-NFAT signaling cascade"
31,-0.00975347675727547,"Down",0.114657528530848,0.822760809427292,"GO:0097720","calcineurin-mediated signaling"
19,-0.0357459182161713,"Down",0.114813847718841,0.822760809427292,"GO:1901623","regulation of lymphocyte chemotaxis"
58,0.0120363694625533,"Down",0.114851763890641,0.822760809427292,"GO:0016525","negative regulation of angiogenesis"
58,0.0120363694625533,"Down",0.114851763890641,0.822760809427292,"GO:2000181","negative regulation of blood vessel morphogenesis"
20,0.023022271154606,"Down",0.115078582261336,0.822760809427292,"GO:0021799","cerebral cortex radially oriented cell migration"
123,0.00108755297664674,"Up",0.115278094438359,0.822760809427292,"GO:0030100","regulation of endocytosis"
322,0.0100486167600351,"Up",0.115322991897361,0.822760809427292,"GO:0010498","proteasomal protein catabolic process"
33,0.00110819061178254,"Up",0.115603735240563,0.822760809427292,"GO:0071985","multivesicular body sorting pathway"
208,-0.00312154861313534,"Up",0.11571042382826,0.822760809427292,"GO:0010506","regulation of autophagy"
78,-0.000415588987184946,"Down",0.115741822899396,0.822760809427292,"GO:0061008","hepaticobiliary system development"
154,0.0565243570561704,"Up",0.115763896118961,0.822760809427292,"GO:0044282","small molecule catabolic process"
32,-0.0161353707353307,"Down",0.115978664071517,0.822760809427292,"GO:0061053","somite development"
125,0.0562781586041345,"Up",0.1163821852579,0.822760809427292,"GO:0071826","ribonucleoprotein complex subunit organization"
134,-0.0015594318282896,"Up",0.116409658180935,0.822760809427292,"GO:0045732","positive regulation of protein catabolic process"
34,0.010416478486652,"Up",0.116683423272431,0.822760809427292,"GO:0032720","negative regulation of tumor necrosis factor production"
34,0.010416478486652,"Up",0.116683423272431,0.822760809427292,"GO:1903556","negative regulation of tumor necrosis factor superfamily cytokine production"
55,0.0311449946788511,"Down",0.117509935178466,0.822760809427292,"GO:0014033","neural crest cell differentiation"
58,0.0045752450077938,"Down",0.118340069095063,0.822760809427292,"GO:0001841","neural tube formation"
21,-0.0205356353678925,"Down",0.11858152246527,0.822760809427292,"GO:0032350","regulation of hormone metabolic process"
32,0.0117302159669136,"Up",0.118662976514732,0.822760809427292,"GO:0072595","maintenance of protein localization in organelle"
44,0.0248586230435695,"Down",0.11892952136068,0.822760809427292,"GO:0048844","artery morphogenesis"
272,-0.000292049820559245,"Up",0.119064918146808,0.822760809427292,"GO:0051223","regulation of protein transport"
23,-0.00712130318484369,"Down",0.119472175112087,0.822760809427292,"GO:1900047","negative regulation of hemostasis"
38,-0.0147910529274983,"Down",0.119822337700972,0.822760809427292,"GO:0048247","lymphocyte chemotaxis"
496,0.00879500992281558,"Down",0.119995246144807,0.822760809427292,"GO:0007417","central nervous system development"
29,0.0197178029858126,"Up",0.120033786050842,0.822760809427292,"GO:0071806","protein transmembrane transport"
50,0.0700055672283867,"Up",0.120659266836725,0.822760809427292,"GO:0070972","protein localization to endoplasmic reticulum"
45,0.0673547770469092,"Up",0.121470673199667,0.822760809427292,"GO:0006096","glycolytic process"
16,0.0532572856425718,"Down",0.121628130954651,0.822760809427292,"GO:0001709","cell fate determination"
203,0.00189812026569939,"Up",0.121673619882286,0.822760809427292,"GO:0032386","regulation of intracellular transport"
80,-0.00160602439473234,"Up",0.121901668550728,0.822760809427292,"GO:0043280","positive regulation of cysteine-type endopeptidase activity involved in apoptotic process"
15,-0.031381237220139,"Up",0.122034326427175,0.822760809427292,"GO:0097734","extracellular exosome biogenesis"
15,-0.031381237220139,"Up",0.122034326427175,0.822760809427292,"GO:0140112","extracellular vesicle biogenesis"
326,0.00102084191019289,"Down",0.122098825362114,0.822760809427292,"GO:0051347","positive regulation of transferase activity"
61,0.0159061744723248,"Up",0.122346208834117,0.822760809427292,"GO:0098586","cellular response to virus"
47,5.71984883950706e-05,"Up",0.1225404008749,0.822760809427292,"GO:0010324","membrane invagination"
44,0.0226019910563818,"Up",0.123104666646517,0.822760809427292,"GO:0030641","regulation of cellular pH"
163,0.00582727793875402,"Down",0.123528268463569,0.822760809427292,"GO:0007517","muscle organ development"
22,0.00136680276260604,"Up",0.124019717423448,0.822760809427292,"GO:0017156","calcium-ion regulated exocytosis"
335,0.00801623069977537,"Down",0.124316649969252,0.822760809427292,"GO:0048589","developmental growth"
27,0.0539052789782024,"Up",0.124317535554871,0.822760809427292,"GO:0043300","regulation of leukocyte degranulation"
15,0.00396623274977966,"Up",0.124339076934479,0.822760809427292,"GO:0046037","GMP metabolic process"
21,-0.019383708960689,"Up",0.124396445886379,0.822760809427292,"GO:0032801","receptor catabolic process"
428,0.0103404700974171,"Up",0.124832522021747,0.822760809427292,"GO:0019941","modification-dependent protein catabolic process"
21,0.0710595752130884,"Up",0.125061915558241,0.822760809427292,"GO:0017004","cytochrome complex assembly"
59,0.000887250156753685,"Down",0.125313732869525,0.822760809427292,"GO:0003231","cardiac ventricle development"
138,0.00627168220257594,"Up",0.125398892798991,0.822760809427292,"GO:0031396","regulation of protein ubiquitination"
41,0.0252021280021656,"Up",0.125478668226444,0.822760809427292,"GO:0051453","regulation of intracellular pH"
179,0.00221938397409525,"Down",0.125574350045414,0.822760809427292,"GO:0071559","response to transforming growth factor beta"
40,0.117714643522703,"Up",0.125704945742013,0.822760809427292,"GO:0048002","antigen processing and presentation of peptide antigen"
146,-0.00613919416274229,"Down",0.125912710956081,0.822760809427292,"GO:0022412","cellular process involved in reproduction in multicellular organism"
78,0.04486781577085,"Up",0.126111929602269,0.822760809427292,"GO:0098754","detoxification"
16,-0.0397674294428088,"Down",0.126235733241089,0.822760809427292,"GO:0098703","calcium ion import across plasma membrane"
39,-0.00305605439701656,"Down",0.126763289655169,0.822760809427292,"GO:0046854","phosphatidylinositol phosphate biosynthetic process"
16,0.0315427247901809,"Up",0.127177629986486,0.822760809427292,"GO:0006084","acetyl-CoA metabolic process"
20,0.0142070591129593,"Up",0.127303730169606,0.822760809427292,"GO:0010758","regulation of macrophage chemotaxis"
28,0.00220371571137693,"Up",0.127362008501252,0.822760809427292,"GO:0038202","TORC1 signaling"
86,0.00840551047528767,"Up",0.127411362511142,0.822760809427292,"GO:0061025","membrane fusion"
132,0.0204281229915026,"Up",0.127420981218717,0.822760809427292,"GO:0007033","vacuole organization"
44,-0.0185360807908828,"Down",0.127976206432085,0.822760809427292,"GO:0021761","limbic system development"
101,0.02027810675427,"Down",0.128346793525681,0.822760809427292,"GO:0001763","morphogenesis of a branching structure"
199,0.0128415583750605,"Up",0.128571222017621,0.822760809427292,"GO:0031647","regulation of protein stability"
16,-0.0413173939809253,"Down",0.128583789615444,0.822760809427292,"GO:0014829","vascular associated smooth muscle contraction"
124,0.00263285642165552,"Down",0.128878484028879,0.822760809427292,"GO:0016358","dendrite development"
100,-0.000146270318926828,"Down",0.129660667916001,0.822760809427292,"GO:0043409","negative regulation of MAPK cascade"
17,-0.0279516628466485,"Down",0.129914279366163,0.822760809427292,"GO:0090102","cochlea development"
18,0.0134037132348051,"Down",0.130031709451846,0.822760809427292,"GO:0038095","Fc-epsilon receptor signaling pathway"
18,0.0558049705959118,"Down",0.130319019195036,0.822760809427292,"GO:0061437","renal system vasculature development"
18,0.0558049705959118,"Down",0.130319019195036,0.822760809427292,"GO:0061440","kidney vasculature development"
22,-0.00152331573041098,"Down",0.130735108960312,0.822760809427292,"GO:0030195","negative regulation of blood coagulation"
16,-0.00691218984974099,"Down",0.13087138936927,0.822760809427292,"GO:0046885","regulation of hormone biosynthetic process"
41,0.012005479772895,"Up",0.131072447863156,0.822760809427292,"GO:0044091","membrane biogenesis"
232,0.00112122572348201,"Down",0.13135693809779,0.822760809427292,"GO:0071900","regulation of protein serine/threonine kinase activity"
33,-0.00140072114920285,"Up",0.131395647378636,0.822760809427292,"GO:0030834","regulation of actin filament depolymerization"
50,-0.00951336138198665,"Down",0.131545970627663,0.822760809427292,"GO:0097306","cellular response to alcohol"
415,0.00138521307561628,"Up",0.131684764577232,0.822760809427292,"GO:0043086","negative regulation of catalytic activity"
17,0.00146757622114375,"Down",0.131716691881404,0.822760809427292,"GO:0048512","circadian behavior"
60,-0.0010071680367249,"Down",0.132211000895352,0.822760809427292,"GO:0090630","activation of GTPase activity"
29,0.00332822874881485,"Down",0.132393425915631,0.822760809427292,"GO:0045429","positive regulation of nitric oxide biosynthetic process"
29,0.00332822874881485,"Down",0.132393425915631,0.822760809427292,"GO:1904407","positive regulation of nitric oxide metabolic process"
17,-0.0109782341522595,"Down",0.132484054576062,0.822760809427292,"GO:0045879","negative regulation of smoothened signaling pathway"
32,0.0225826108235451,"Up",0.132607056476458,0.822760809427292,"GO:0033866","nucleoside bisphosphate biosynthetic process"
32,0.0225826108235451,"Up",0.132607056476458,0.822760809427292,"GO:0034030","ribonucleoside bisphosphate biosynthetic process"
32,0.0225826108235451,"Up",0.132607056476458,0.822760809427292,"GO:0034033","purine nucleoside bisphosphate biosynthetic process"
161,-0.00340787836425667,"Up",0.132726013172242,0.822760809427292,"GO:0051222","positive regulation of protein transport"
19,0.00849693139825301,"Down",0.132812024139188,0.822760809427292,"GO:0007632","visual behavior"
103,0.0125028303606768,"Down",0.132861105948957,0.822760809427292,"GO:0090596","sensory organ morphogenesis"
133,0.0170580961304188,"Down",0.133018861723299,0.822760809427292,"GO:0048863","stem cell differentiation"
38,0.0103686248720569,"Up",0.133541411291394,0.822760809427292,"GO:0001676","long-chain fatty acid metabolic process"
93,0.0602750432067674,"Up",0.133939391027321,0.822760809427292,"GO:0016054","organic acid catabolic process"
79,0.0080462319001164,"Up",0.134143520177543,0.822760809427292,"GO:1904375","regulation of protein localization to cell periphery"
59,0.0165876240186105,"Down",0.134263189247477,0.822760809427292,"GO:1901343","negative regulation of vasculature development"
44,-0.011289425269568,"Up",0.13452143700905,0.822760809427292,"GO:0050688","regulation of defense response to virus"
25,0.0349249800525848,"Up",0.134739103867657,0.822760809427292,"GO:0045324","late endosome to vacuole transport"
18,0.011165824057009,"Up",0.134987740885693,0.822760809427292,"GO:0032511","late endosome to vacuole transport via multivesicular body sorting pathway"
173,0.00724504441640064,"Up",0.135048819924239,0.822760809427292,"GO:0051258","protein polymerization"
19,-0.039650340440118,"Down",0.135165177671141,0.822760809427292,"GO:0048048","embryonic eye morphogenesis"
17,0.066151302647813,"Up",0.135351055768106,0.822760809427292,"GO:1903902","positive regulation of viral life cycle"
18,-0.0432603362399571,"Down",0.135512671105155,0.822760809427292,"GO:0021532","neural tube patterning"
45,-0.0163786884006034,"Up",0.135564086719494,0.822760809427292,"GO:0090559","regulation of membrane permeability"
91,0.0572569869170279,"Up",0.135701990744565,0.822760809427292,"GO:0046395","carboxylic acid catabolic process"
187,-0.00329504768299862,"Down",0.135767165294445,0.822760809427292,"GO:0048232","male gamete generation"
122,0.0568804960319146,"Up",0.135780518261619,0.822760809427292,"GO:0022618","ribonucleoprotein complex assembly"
111,0.0153900915564286,"Up",0.135880246018906,0.822760809427292,"GO:0019318","hexose metabolic process"
80,0.00993719897373623,"Up",0.136155135980822,0.822760809427292,"GO:0048284","organelle fusion"
18,0.0759708906213133,"Up",0.13659822312371,0.822760809427292,"GO:0031342","negative regulation of cell killing"
49,0.0937134119047425,"Down",0.136706115398913,0.822760809427292,"GO:0007422","peripheral nervous system development"
19,0.0180617081978433,"Up",0.137902967234194,0.822760809427292,"GO:0002455","humoral immune response mediated by circulating immunoglobulin"
134,0.0094796173210959,"Up",0.137928539624109,0.822760809427292,"GO:0051651","maintenance of location in cell"
27,0.0121717094015347,"Up",0.137933117427003,0.822760809427292,"GO:0009116","nucleoside metabolic process"
377,0.00579679794320173,"Up",0.138003314662001,0.822760809427292,"GO:0098655","cation transmembrane transport"
19,0.0571154429870031,"Up",0.138640643403859,0.822760809427292,"GO:0043555","regulation of translation in response to stress"
23,-0.00315742800726239,"Down",0.138857325652259,0.822760809427292,"GO:0099601","regulation of neurotransmitter receptor activity"
37,0.0406876677587297,"Up",0.139516045527048,0.822760809427292,"GO:1902743","regulation of lamellipodium organization"
18,-0.000236240736404296,"Down",0.13952574341668,0.822760809427292,"GO:0035994","response to muscle stretch"
17,-0.00141216080667451,"Up",0.139831225605407,0.822760809427292,"GO:0042304","regulation of fatty acid biosynthetic process"
18,-0.0319335334432309,"Down",0.139885445959092,0.822760809427292,"GO:0051385","response to mineralocorticoid"
61,0.0230336395020977,"Down",0.139960673355834,0.822760809427292,"GO:2000027","regulation of animal organ morphogenesis"
27,0.0496403574562952,"Down",0.14003425944508,0.822760809427292,"GO:0060079","excitatory postsynaptic potential"
87,0.0212534740665602,"Up",0.140320140277181,0.822760809427292,"GO:0030258","lipid modification"
16,0.187215711483013,"Up",0.140941608988593,0.822760809427292,"GO:0019320","hexose catabolic process"
72,-0.00148708170812686,"Up",0.141070151034167,0.822760809427292,"GO:0034763","negative regulation of transmembrane transport"
36,0.000447452104388197,"Down",0.141194984453558,0.822760809427292,"GO:0021675","nerve development"
46,0.0113823915258773,"Up",0.141469233978674,0.822760809427292,"GO:0010822","positive regulation of mitochondrion organization"
15,0.0703455991676425,"Up",0.14148112132978,0.822760809427292,"GO:0045980","negative regulation of nucleotide metabolic process"
72,0.00237884693207387,"Down",0.141526544870027,0.822760809427292,"GO:0030278","regulation of ossification"
46,0.00582939826192516,"Up",0.141881484981398,0.822760809427292,"GO:0032272","negative regulation of protein polymerization"
229,0.0100859133054552,"Up",0.142137342053948,0.822760809427292,"GO:0052548","regulation of endopeptidase activity"
21,-0.0236255079539678,"Up",0.142394650515313,0.822760809427292,"GO:0036336","dendritic cell migration"
59,0.00471164252601724,"Up",0.142419505041559,0.822760809427292,"GO:0071326","cellular response to monosaccharide stimulus"
19,0.040841533521206,"Up",0.142492517385719,0.822760809427292,"GO:0018126","protein hydroxylation"
69,0.0107527416805016,"Down",0.142606995720113,0.822760809427292,"GO:0051606","detection of stimulus"
73,0.0185168338272542,"Down",0.142918440535903,0.822760809427292,"GO:0035264","multicellular organism growth"
308,-0.00173645836806905,"Down",0.142977285309231,0.822760809427292,"GO:0019953","sexual reproduction"
22,0.0564664319995852,"Up",0.143279683062865,0.822760809427292,"GO:0006956","complement activation"
31,-0.00782332963320597,"Up",0.14328754092117,0.822760809427292,"GO:0097178","ruffle assembly"
90,-0.00204287954378532,"Up",0.143363845495178,0.822760809427292,"GO:0072330","monocarboxylic acid biosynthetic process"
17,-0.0213035283402843,"Up",0.143766453290685,0.822760809427292,"GO:0090312","positive regulation of protein deacetylation"
31,0.00426363914577202,"Up",0.143799891910299,0.822760809427292,"GO:0051289","protein homotetramerization"
23,-0.0084035730161135,"Up",0.144057118386977,0.822760809427292,"GO:0002861","regulation of inflammatory response to antigenic stimulus"
28,-0.00729850741113639,"Up",0.144235794690376,0.822760809427292,"GO:2000378","negative regulation of reactive oxygen species metabolic process"
39,-0.0177561557851105,"Up",0.144329587202507,0.822760809427292,"GO:0072527","pyrimidine-containing compound metabolic process"
63,0.118811313850621,"Up",0.144499458633132,0.822760809427292,"GO:0033108","mitochondrial respiratory chain complex assembly"
50,0.00724177084442494,"Down",0.144818809610814,0.822760809427292,"GO:0046620","regulation of organ growth"
31,0.000579082025336379,"Up",0.144912983726085,0.822760809427292,"GO:0010823","negative regulation of mitochondrion organization"
16,0.0484399137880611,"Down",0.145101582174586,0.822760809427292,"GO:0021591","ventricular system development"
126,0.01709138274927,"Up",0.145420199528464,0.822760809427292,"GO:0050821","protein stabilization"
27,-0.0171312441737456,"Down",0.14544088347887,0.822760809427292,"GO:0035329","hippo signaling"
422,0.0115480045777764,"Up",0.145776396892462,0.822760809427292,"GO:0006511","ubiquitin-dependent protein catabolic process"
101,0.00958425748842831,"Down",0.145813446724788,0.822760809427292,"GO:0007369","gastrulation"
24,-0.0113652382018288,"Up",0.14657960329345,0.822760809427292,"GO:0019082","viral protein processing"
436,0.0113222990874194,"Up",0.146812811423393,0.822760809427292,"GO:0043632","modification-dependent macromolecule catabolic process"
469,0.00110666944491909,"Up",0.146884446273121,0.822760809427292,"GO:0051050","positive regulation of transport"
32,0.00163168972689606,"Down",0.147095080542942,0.822760809427292,"GO:0046324","regulation of glucose import"
45,-0.0172490121984309,"Up",0.147181367708517,0.822760809427292,"GO:0046364","monosaccharide biosynthetic process"
94,0.00881604829596439,"Up",0.147349188899466,0.822760809427292,"GO:0006006","glucose metabolic process"
148,0.0359285337207583,"Up",0.147355333286147,0.822760809427292,"GO:0002449","lymphocyte mediated immunity"
94,0.067051096819816,"Up",0.1475700284562,0.822760809427292,"GO:0044242","cellular lipid catabolic process"
25,-0.00464674508931234,"Up",0.148465639808756,0.822760809427292,"GO:0045022","early endosome to late endosome transport"
143,0.0233353933118243,"Down",0.148480586148956,0.822760809427292,"GO:0048762","mesenchymal cell differentiation"
16,-0.0287889825813355,"Down",0.148518916029755,0.822760809427292,"GO:0070886","positive regulation of calcineurin-NFAT signaling cascade"
16,-0.0287889825813355,"Down",0.148518916029755,0.822760809427292,"GO:0106058","positive regulation of calcineurin-mediated signaling"
35,0.0931775278598316,"Up",0.148728517736419,0.822760809427292,"GO:0072524","pyridine-containing compound metabolic process"
42,-0.0195897443321525,"Up",0.148886176736795,0.822760809427292,"GO:0043279","response to alkaloid"
84,0.00315971953423368,"Up",0.148916695449655,0.822760809427292,"GO:0051048","negative regulation of secretion"
136,0.000717984079696511,"Up",0.148966980916163,0.822760809427292,"GO:0046394","carboxylic acid biosynthetic process"
15,-0.048687910982442,"Up",0.148971784593981,0.822760809427292,"GO:0009119","ribonucleoside metabolic process"
15,0.0331180100479987,"Up",0.14911673781914,0.822760809427292,"GO:0044090","positive regulation of vacuole organization"
121,-0.0027483018351729,"Up",0.149306040672869,0.822760809427292,"GO:0032388","positive regulation of intracellular transport"
17,-0.0376374922622736,"Up",0.149380471373846,0.822760809427292,"GO:0046320","regulation of fatty acid oxidation"
78,0.00520216536406585,"Down",0.149851069957576,0.822760809427292,"GO:0043534","blood vessel endothelial cell migration"
74,0.00943530452448105,"Up",0.150059951941562,0.822760809427292,"GO:0046434","organophosphate catabolic process"
79,0.00917080512646422,"Down",0.150080658340857,0.822760809427292,"GO:0050768","negative regulation of neurogenesis"
104,0.0226829556612755,"Up",0.150179488221122,0.822760809427292,"GO:0050777","negative regulation of immune response"
21,-0.0316045559866177,"Down",0.150409683468637,0.822760809427292,"GO:0014912","negative regulation of smooth muscle cell migration"
59,0.0336003795672177,"Up",0.150594168697514,0.822760809427292,"GO:0007032","endosome organization"
46,0.0646235610329974,"Up",0.150984970879708,0.822760809427292,"GO:0006757","ATP generation from ADP"
19,0.0175473880728714,"Up",0.151064197344569,0.822760809427292,"GO:0032689","negative regulation of interferon-gamma production"
87,0.00229497654962517,"Up",0.151451102671139,0.822760809427292,"GO:2001056","positive regulation of cysteine-type endopeptidase activity"
38,0.00363606113373363,"Down",0.15148082680664,0.822760809427292,"GO:0002042","cell migration involved in sprouting angiogenesis"
28,0.0175139548377478,"Down",0.151868277777147,0.822760809427292,"GO:0071364","cellular response to epidermal growth factor stimulus"
175,0.00332853019828313,"Down",0.152172251439749,0.822760809427292,"GO:0071560","cellular response to transforming growth factor beta stimulus"
147,3.18726517785358e-05,"Up",0.152445648902537,0.822760809427292,"GO:0031330","negative regulation of cellular catabolic process"
132,0.0177546120417934,"Down",0.152552023910088,0.822760809427292,"GO:0045444","fat cell differentiation"
19,0.042860288859746,"Down",0.153043890933448,0.822760809427292,"GO:0010463","mesenchymal cell proliferation"
75,0.0169128129790078,"Up",0.153416353054018,0.822760809427292,"GO:0031398","positive regulation of protein ubiquitination"
56,0.0440361754003884,"Up",0.154142447924611,0.822760809427292,"GO:0046939","nucleotide phosphorylation"
16,-0.0288514003066231,"Up",0.154556874453639,0.822760809427292,"GO:0043094","cellular metabolic compound salvage"
172,0.00533969811856317,"Up",0.154644343390186,0.822760809427292,"GO:0110053","regulation of actin filament organization"
17,0.0996687733035884,"Up",0.155416054532361,0.822760809427292,"GO:0006613","cotranslational protein targeting to membrane"
32,0.0240148240727858,"Up",0.15598172842314,0.822760809427292,"GO:0021762","substantia nigra development"
81,0.00654905481697615,"Down",0.156008694652504,0.822760809427292,"GO:0051961","negative regulation of nervous system development"
58,0.00871426553877865,"Up",0.156050421840027,0.822760809427292,"GO:0071331","cellular response to hexose stimulus"
37,-0.00149015884782678,"Up",0.156126244759736,0.822760809427292,"GO:0098930","axonal transport"
79,-0.00700788984838005,"Down",0.156261025098508,0.822760809427292,"GO:0010469","regulation of signaling receptor activity"
255,-0.00221652487903133,"Up",0.156476457060537,0.822760809427292,"GO:0009991","response to extracellular stimulus"
41,0.00237132972502175,"Up",0.156688586074332,0.822760809427292,"GO:0099024","plasma membrane invagination"
46,0.0979404784397497,"Up",0.157052558206756,0.822760809427292,"GO:0007029","endoplasmic reticulum organization"
15,-0.00901829807087686,"Up",0.157066320089152,0.822760809427292,"GO:0010884","positive regulation of lipid storage"
28,0.0609577821507228,"Down",0.157367739846147,0.822760809427292,"GO:0045581","negative regulation of T cell differentiation"
16,-0.042301437707467,"Down",0.157424661747718,0.822760809427292,"GO:1904752","regulation of vascular associated smooth muscle cell migration"
16,-0.0227146851360774,"Up",0.157500715936177,0.822760809427292,"GO:0072529","pyrimidine-containing compound catabolic process"
37,0.0140628401371108,"Down",0.1581668154329,0.822760809427292,"GO:0008589","regulation of smoothened signaling pathway"
63,0.000427549698039662,"Up",0.158191863353479,0.822760809427292,"GO:0045471","response to ethanol"
43,0.0038311801426554,"Down",0.158659792954697,0.822760809427292,"GO:0003151","outflow tract morphogenesis"
99,-0.00765916817968823,"Up",0.158698677469322,0.822760809427292,"GO:0090316","positive regulation of intracellular protein transport"
15,-0.0366750293862974,"Up",0.160060492905518,0.822760809427292,"GO:0010885","regulation of cholesterol storage"
36,0.00411879404785017,"Up",0.160113209188118,0.822760809427292,"GO:0030838","positive regulation of actin filament polymerization"
52,0.0607814890209098,"Up",0.160155742658632,0.822760809427292,"GO:0046031","ADP metabolic process"
20,-0.038774218376546,"Up",0.160718230127864,0.822760809427292,"GO:0042059","negative regulation of epidermal growth factor receptor signaling pathway"
26,0.058414878985499,"Up",0.160843485215295,0.822760809427292,"GO:0009988","cell-cell recognition"
85,0.00767337317790477,"Up",0.161062966278725,0.822760809427292,"GO:1900180","regulation of protein localization to nucleus"
205,0.0179039926373484,"Up",0.161337885665083,0.822760809427292,"GO:0002697","regulation of immune effector process"
24,0.0168764518088061,"Down",0.161512953471913,0.822760809427292,"GO:0046622","positive regulation of organ growth"
30,0.0548032583917064,"Down",0.161515854011218,0.822760809427292,"GO:0060078","regulation of postsynaptic membrane potential"
181,0.00010734418170434,"Up",0.1621424098843,0.822760809427292,"GO:0010038","response to metal ion"
28,0.025603936663775,"Up",0.162342918839837,0.822760809427292,"GO:0010591","regulation of lamellipodium assembly"
50,0.00345068869994766,"Down",0.162718497982147,0.822760809427292,"GO:0001843","neural tube closure"
50,0.00345068869994766,"Down",0.162718497982147,0.822760809427292,"GO:0060606","tube closure"
42,0.0861943954747152,"Up",0.16284484217588,0.822760809427292,"GO:0006081","cellular aldehyde metabolic process"
29,0.0490475781471661,"Down",0.163136577328808,0.822760809427292,"GO:0099565","chemical synaptic transmission, postsynaptic"
46,-0.000693764058262126,"Up",0.163498242145833,0.822760809427292,"GO:0033559","unsaturated fatty acid metabolic process"
141,0.0231959068191446,"Up",0.163509883990134,0.822760809427292,"GO:0002699","positive regulation of immune effector process"
50,-0.0123233609936998,"Down",0.163624361995952,0.822760809427292,"GO:0050848","regulation of calcium-mediated signaling"
133,0.0683138056511448,"Up",0.16363844260935,0.822760809427292,"GO:0016042","lipid catabolic process"
18,0.168222072575553,"Up",0.163734996572044,0.822760809427292,"GO:0046365","monosaccharide catabolic process"
55,0.00266595715557426,"Down",0.16387565859852,0.822760809427292,"GO:0044344","cellular response to fibroblast growth factor stimulus"
100,0.00293546260292306,"Down",0.164006850881667,0.822760809427292,"GO:0099111","microtubule-based transport"
293,0.00405913018705572,"Up",0.164343724045876,0.822760809427292,"GO:0044089","positive regulation of cellular component biogenesis"
103,0.0064251464524475,"Up",0.164483186941374,0.822760809427292,"GO:1905475","regulation of protein localization to membrane"
35,0.0113714608605052,"Down",0.164673424529888,0.822760809427292,"GO:0035282","segmentation"
157,0.00787815082589181,"Down",0.164910743065489,0.822760809427292,"GO:0010632","regulation of epithelial cell migration"
28,0.00581641840969768,"Down",0.164919930785896,0.822760809427292,"GO:2000272","negative regulation of signaling receptor activity"
198,0.000453426347573351,"Down",0.165091181254171,0.822760809427292,"GO:0045786","negative regulation of cell cycle"
55,0.0532634495265308,"Up",0.165138623971395,0.822760809427292,"GO:0006165","nucleoside diphosphate phosphorylation"
18,-0.0153376685549458,"Down",0.165150946281735,0.822760809427292,"GO:0010818","T cell chemotaxis"
200,0.0239690153238763,"Up",0.165366537045425,0.822760809427292,"GO:0002443","leukocyte mediated immunity"
379,0.00689858371339634,"Down",0.165643524127497,0.822760809427292,"GO:0050877","nervous system process"
19,0.0397677165477432,"Down",0.166188639657178,0.822760809427292,"GO:0035872","nucleotide-binding domain, leucine rich repeat containing receptor signaling pathway"
19,0.0397677165477432,"Down",0.166188639657178,0.822760809427292,"GO:0070423","nucleotide-binding oligomerization domain containing signaling pathway"
85,0.00382876461747308,"Down",0.166203051243554,0.822760809427292,"GO:0007219","Notch signaling pathway"
53,0.00576326614185261,"Down",0.166366523745389,0.822760809427292,"GO:0014020","primary neural tube formation"
30,0.0143740145765582,"Down",0.166426787667962,0.822760809427292,"GO:0070169","positive regulation of biomineral tissue development"
30,0.0143740145765582,"Down",0.166426787667962,0.822760809427292,"GO:0110151","positive regulation of biomineralization"
23,0.019267896249734,"Down",0.166744976283842,0.822760809427292,"GO:0045736","negative regulation of cyclin-dependent protein serine/threonine kinase activity"
23,0.019267896249734,"Down",0.166744976283842,0.822760809427292,"GO:1904030","negative regulation of cyclin-dependent protein kinase activity"
129,0.0561378117667215,"Up",0.166891701301014,0.822760809427292,"GO:0006457","protein folding"
57,0.0521676927998773,"Up",0.166990162800223,0.822760809427292,"GO:0006446","regulation of translational initiation"
60,-0.00651082858539835,"Up",0.167118434995373,0.822760809427292,"GO:0035304","regulation of protein dephosphorylation"
42,0.154252072662086,"Up",0.167211035011675,0.822760809427292,"GO:0010257","NADH dehydrogenase complex assembly"
42,0.154252072662086,"Up",0.167211035011675,0.822760809427292,"GO:0032981","mitochondrial respiratory chain complex I assembly"
75,0.018672597095186,"Up",0.167487491438905,0.822760809427292,"GO:1901222","regulation of NIK/NF-kappaB signaling"
179,-0.00138232240193334,"Up",0.167739654407582,0.822760809427292,"GO:0044403","biological process involved in symbiotic interaction"
18,-0.0338264509024845,"Down",0.167841913914781,0.822760809427292,"GO:0071392","cellular response to estradiol stimulus"
36,0.0222914717617964,"Down",0.167880908738226,0.822760809427292,"GO:0009581","detection of external stimulus"
36,0.0222914717617964,"Down",0.167880908738226,0.822760809427292,"GO:0009582","detection of abiotic stimulus"
273,0.0211397419197391,"Up",0.168284646456395,0.822760809427292,"GO:0005975","carbohydrate metabolic process"
15,0.0118801640474906,"Up",0.168378132083873,0.822760809427292,"GO:0045947","negative regulation of translational initiation"
29,0.0431226477110822,"Up",0.16838960915884,0.822760809427292,"GO:2000249","regulation of actin cytoskeleton reorganization"
72,-0.00440249537766941,"Down",0.169477452173354,0.822760809427292,"GO:0002761","regulation of myeloid leukocyte differentiation"
61,0.0205710630181688,"Up",0.169482671635156,0.822760809427292,"GO:0097581","lamellipodium organization"
20,-0.00403176136696134,"Down",0.169781919192674,0.822760809427292,"GO:0046326","positive regulation of glucose import"
137,0.0101073019096917,"Up",0.17026396692965,0.822760809427292,"GO:0032984","protein-containing complex disassembly"
36,0.00944874031843528,"Up",0.170388577189267,0.822760809427292,"GO:0030837","negative regulation of actin filament polymerization"
70,0.0243729869701068,"Up",0.170447973951813,0.822760809427292,"GO:0006575","cellular modified amino acid metabolic process"
58,0.00866280402154477,"Down",0.170451211023506,0.822760809427292,"GO:0033627","cell adhesion mediated by integrin"
74,-0.0038677399771636,"Up",0.170834543104271,0.822760809427292,"GO:2000060","positive regulation of ubiquitin-dependent protein catabolic process"
324,0.023924488064314,"Up",0.170844557075626,0.822760809427292,"GO:0002252","immune effector process"
31,0.0221789272035956,"Down",0.172343477433175,0.822760809427292,"GO:0050810","regulation of steroid biosynthetic process"
17,-0.0173761818933661,"Up",0.172424107140668,0.822760809427292,"GO:0039529","RIG-I signaling pathway"
93,0.0175548250625364,"Down",0.172494214984173,0.822760809427292,"GO:0001935","endothelial cell proliferation"
58,0.0170598967376747,"Up",0.172594686599989,0.822760809427292,"GO:1900182","positive regulation of protein localization to nucleus"
47,-0.00327037604466494,"Up",0.172652308922613,0.822760809427292,"GO:0006639","acylglycerol metabolic process"
22,-0.0247296873202113,"Up",0.173471130043131,0.822760809427292,"GO:1900027","regulation of ruffle assembly"
69,0.000549728137056495,"Up",0.173613641304134,0.822760809427292,"GO:0071322","cellular response to carbohydrate stimulus"
17,-0.0150464055691686,"Down",0.173862009116154,0.822760809427292,"GO:0021988","olfactory lobe development"
147,0.00990540426465784,"Up",0.174063473948523,0.822760809427292,"GO:0016197","endosomal transport"
26,0.00450902159573913,"Up",0.174065037951983,0.822760809427292,"GO:0090502","RNA phosphodiester bond hydrolysis, endonucleolytic"
21,0.141129196277377,"Up",0.174439058477457,0.822760809427292,"GO:0006099","tricarboxylic acid cycle"
45,0.0078184064499226,"Up",0.174596680118865,0.822760809427292,"GO:0002381","immunoglobulin production involved in immunoglobulin-mediated immune response"
36,0.00585788111900383,"Up",0.175142551580262,0.822760809427292,"GO:0030042","actin filament depolymerization"
91,0.013163344083214,"Down",0.175371848033672,0.822760809427292,"GO:0048705","skeletal system morphogenesis"
125,-0.000782938280336321,"Up",0.175376868784929,0.822760809427292,"GO:0051701","biological process involved in interaction with host"
471,0.00897486208088624,"Up",0.1753936134865,0.822760809427292,"GO:0071345","cellular response to cytokine stimulus"
65,-0.00557492502568884,"Up",0.175602779508201,0.822760809427292,"GO:0032436","positive regulation of proteasomal ubiquitin-dependent protein catabolic process"
58,0.00105064081993913,"Up",0.175843267042075,0.822760809427292,"GO:1905954","positive regulation of lipid localization"
23,0.0547632127062986,"Up",0.175911101603986,0.822760809427292,"GO:0007595","lactation"
41,0.00888788817688782,"Down",0.176493676479503,0.822760809427292,"GO:0003170","heart valve development"
15,0.0602472299814245,"Up",0.176647344280514,0.822760809427292,"GO:0032816","positive regulation of natural killer cell activation"
42,0.00377354445741984,"Down",0.176700754906986,0.822760809427292,"GO:0051153","regulation of striated muscle cell differentiation"
19,-0.0250629676082636,"Down",0.176824664622777,0.822760809427292,"GO:0071715","icosanoid transport"
83,0.0081275415997908,"Up",0.17711085468278,0.822760809427292,"GO:0009749","response to glucose"
27,-0.00361871944785101,"Down",0.1771511833279,0.822760809427292,"GO:0034204","lipid translocation"
52,-0.00753123152728845,"Up",0.177674656502075,0.822760809427292,"GO:0030301","cholesterol transport"
239,0.0110180735411065,"Down",0.177786939681856,0.822760809427292,"GO:0050673","epithelial cell proliferation"
49,0.0120665028246644,"Up",0.178288346684783,0.822760809427292,"GO:0032507","maintenance of protein location in cell"
15,-0.0476850484732123,"Up",0.178294690449002,0.822760809427292,"GO:0032367","intracellular cholesterol transport"
300,0.00196427753383693,"Up",0.178368653129067,0.822760809427292,"GO:0010035","response to inorganic substance"
36,0.0214957576285777,"Down",0.178510677434642,0.822760809427292,"GO:0072091","regulation of stem cell proliferation"
154,-0.000917152439421044,"Up",0.178631209125009,0.822760809427292,"GO:0072503","cellular divalent inorganic cation homeostasis"
35,0.00475049938328376,"Down",0.17867405674719,0.822760809427292,"GO:0071385","cellular response to glucocorticoid stimulus"
17,0.0333481221408872,"Up",0.178852217748984,0.822760809427292,"GO:0010888","negative regulation of lipid storage"
22,-0.00136719697382955,"Down",0.179053307678239,0.822760809427292,"GO:0010837","regulation of keratinocyte proliferation"
76,0.00465454900830192,"Up",0.179603370001795,0.822760809427292,"GO:0034446","substrate adhesion-dependent cell spreading"
60,0.0379444170333778,"Up",0.179680756750249,0.822760809427292,"GO:1903305","regulation of regulated secretory pathway"
24,0.019133925718972,"Down",0.179688062233041,0.822760809427292,"GO:0045744","negative regulation of G protein-coupled receptor signaling pathway"
209,0.00679679307609703,"Down",0.179851795479079,0.822760809427292,"GO:0007178","transmembrane receptor protein serine/threonine kinase signaling pathway"
62,0.0161086118095633,"Down",0.180211386827819,0.822760809427292,"GO:0014902","myotube differentiation"
75,0.0259057670754388,"Up",0.180305542483869,0.822760809427292,"GO:0006997","nucleus organization"
23,-0.0227594349072739,"Down",0.180347934262183,0.822760809427292,"GO:0021545","cranial nerve development"
22,-0.00776228646330363,"Up",0.180493650649282,0.822760809427292,"GO:0019748","secondary metabolic process"
122,0.0178643224094741,"Up",0.180616569723089,0.822760809427292,"GO:0005996","monosaccharide metabolic process"
84,0.0240774085855288,"Down",0.180655802516483,0.822760809427292,"GO:0030509","BMP signaling pathway"
54,-0.00273040346985349,"Up",0.180965554306734,0.822760809427292,"GO:0034766","negative regulation of ion transmembrane transport"
89,0.0356110565062674,"Up",0.181681268345467,0.822760809427292,"GO:1901136","carbohydrate derivative catabolic process"
62,0.0105860702674569,"Up",0.182287227055529,0.822760809427292,"GO:0006906","vesicle fusion"
62,0.0105860702674569,"Up",0.182287227055529,0.822760809427292,"GO:0090174","organelle membrane fusion"
59,0.0324249168340384,"Down",0.182378743510339,0.822760809427292,"GO:0000079","regulation of cyclin-dependent protein serine/threonine kinase activity"
15,0.00166016588027053,"Down",0.182483779495071,0.822760809427292,"GO:0098868","bone growth"
36,0.0192402000274471,"Down",0.182507176773387,0.822760809427292,"GO:0098661","inorganic anion transmembrane transport"
23,0.0205498368774795,"Up",0.182711322071227,0.822760809427292,"GO:0036258","multivesicular body assembly"
56,0.00307804510719375,"Down",0.18301029931458,0.822760809427292,"GO:0071774","response to fibroblast growth factor"
175,0.0039935331486848,"Up",0.183168506248675,0.822760809427292,"GO:0007249","I-kappaB kinase/NF-kappaB signaling"
94,0.0198912600097541,"Up",0.183735590992071,0.822760809427292,"GO:0042180","cellular ketone metabolic process"
405,0.0238653530851055,"Up",0.1840368437632,0.822760809427292,"GO:0045087","innate immune response"
16,0.0461963953243876,"Up",0.184192226734077,0.822760809427292,"GO:0010875","positive regulation of cholesterol efflux"
22,0.0075586509982579,"Up",0.184732084344537,0.822760809427292,"GO:0039528","cytoplasmic pattern recognition receptor signaling pathway in response to virus"
319,0.0130172282712531,"Down",0.185187825857129,0.822760809427292,"GO:0009792","embryo development ending in birth or egg hatching"
19,-0.0393818064237541,"Down",0.185225556284451,0.822760809427292,"GO:0048483","autonomic nervous system development"
17,0.210845279457014,"Up",0.185623967455404,0.822760809427292,"GO:0019883","antigen processing and presentation of endogenous antigen"
85,0.0241214185458388,"Down",0.185681291915675,0.822760809427292,"GO:0071772","response to BMP"
85,0.0241214185458388,"Down",0.185681291915675,0.822760809427292,"GO:0071773","cellular response to BMP stimulus"
137,0.00153538106530053,"Up",0.185954580060116,0.822760809427292,"GO:0016053","organic acid biosynthetic process"
33,-0.0132112700873238,"Down",0.186101155884228,0.822760809427292,"GO:0021766","hippocampus development"
46,0.0108977639001217,"Down",0.186134989647183,0.822760809427292,"GO:1903035","negative regulation of response to wounding"
24,0.0173123522235243,"Down",0.186209117822316,0.822760809427292,"GO:0030224","monocyte differentiation"
22,0.0887015606848132,"Down",0.18639170125634,0.822760809427292,"GO:0000289","nuclear-transcribed mRNA poly(A) tail shortening"
48,-0.00255172911166527,"Up",0.186784187898525,0.822760809427292,"GO:0034121","regulation of toll-like receptor signaling pathway"
266,0.0140479518598201,"Down",0.1871568077105,0.822760809427292,"GO:0002009","morphogenesis of an epithelium"
16,-0.0125094372055689,"Down",0.187503106247793,0.822760809427292,"GO:0003209","cardiac atrium morphogenesis"
22,-0.00994707697617685,"Up",0.187543219031239,0.822760809427292,"GO:0048489","synaptic vesicle transport"
32,0.00953683702241408,"Down",0.1879749675558,0.822760809427292,"GO:0008306","associative learning"
31,-0.00443941204067523,"Down",0.18816756020632,0.822760809427292,"GO:0007405","neuroblast proliferation"
119,0.0206815227539112,"Down",0.188311980725664,0.822760809427292,"GO:0009612","response to mechanical stimulus"
28,0.00167285378032355,"Down",0.188406658760137,0.822760809427292,"GO:0051966","regulation of synaptic transmission, glutamatergic"
30,-0.0108716679242184,"Up",0.188534997533871,0.822760809427292,"GO:0002204","somatic recombination of immunoglobulin genes involved in immune response"
30,-0.0108716679242184,"Up",0.188534997533871,0.822760809427292,"GO:0002208","somatic diversification of immunoglobulins involved in immune response"
30,-0.0108716679242184,"Up",0.188534997533871,0.822760809427292,"GO:0045190","isotype switching"
38,0.0033745098535746,"Down",0.188644967892471,0.822760809427292,"GO:0046323","glucose import"
21,-0.0402889852284903,"Up",0.188667635821395,0.822760809427292,"GO:0000423","mitophagy"
16,-0.0244095041392636,"Up",0.188841288781771,0.822760809427292,"GO:0043032","positive regulation of macrophage activation"
53,0.035940709590161,"Down",0.189778681320724,0.825233715799318,"GO:0048864","stem cell development"
16,0.0832286891018787,"Down",0.189855066814063,0.825233715799318,"GO:0046639","negative regulation of alpha-beta T cell differentiation"
37,0.000949697255042853,"Up",0.190397813378854,0.825991568870245,"GO:0006487","protein N-linked glycosylation"
17,0.129847599237641,"Up",0.190799414014051,0.825991568870245,"GO:0001911","negative regulation of leukocyte mediated cytotoxicity"
29,0.00565329796065309,"Down",0.190805344750431,0.825991568870245,"GO:0009880","embryonic pattern specification"
32,0.018979386969825,"Up",0.191317769231838,0.825991568870245,"GO:0097028","dendritic cell differentiation"
165,0.00152391547650929,"Up",0.191572552814721,0.825991568870245,"GO:0072507","divalent inorganic cation homeostasis"
91,0.0231979928188637,"Up",0.191943511417104,0.825991568870245,"GO:0038061","NIK/NF-kappaB signaling"
22,-0.0010370842322327,"Down",0.192016634526141,0.825991568870245,"GO:0014911","positive regulation of smooth muscle cell migration"
309,0.0119857329367187,"Down",0.192538752266192,0.825991568870245,"GO:0043009","chordate embryonic development"
75,-0.000474284972126731,"Down",0.192767942157989,0.825991568870245,"GO:0061351","neural precursor cell proliferation"
110,0.00047471219634318,"Up",0.192804186249556,0.825991568870245,"GO:0051099","positive regulation of binding"
15,0.0210887473124991,"Up",0.192980904594933,0.825991568870245,"GO:0045652","regulation of megakaryocyte differentiation"
19,0.0531192149369934,"Up",0.19307106717785,0.825991568870245,"GO:0032373","positive regulation of sterol transport"
19,0.0531192149369934,"Up",0.19307106717785,0.825991568870245,"GO:0032376","positive regulation of cholesterol transport"
57,0.00623204943364968,"Up",0.19315563857063,0.825991568870245,"GO:0071333","cellular response to glucose stimulus"
16,0.0149200519275348,"Up",0.193499391693966,0.826046997382201,"GO:0010880","regulation of release of sequestered calcium ion into cytosol by sarcoplasmic reticulum"
146,0.00681014336828412,"Down",0.193615232963062,0.826046997382201,"GO:0051146","striated muscle cell differentiation"
287,0.0151966701245766,"Up",0.194341717445258,0.826531932294273,"GO:0043161","proteasome-mediated ubiquitin-dependent protein catabolic process"
79,0.000968082609310774,"Down",0.194362346246311,0.826531932294273,"GO:0007519","skeletal muscle tissue development"
29,-0.00510641821342417,"Down",0.194942333599025,0.826531932294273,"GO:0072132","mesenchyme morphogenesis"
145,0.000311055860128195,"Up",0.195068037093725,0.826531932294273,"GO:0033157","regulation of intracellular protein transport"
18,-0.000341509431965465,"Down",0.195620169919504,0.826531932294273,"GO:0002758","innate immune response-activating signal transduction"
19,-0.0149591721949381,"Down",0.195774925673647,0.826531932294273,"GO:0090162","establishment of epithelial cell polarity"
148,0.00062056697234294,"Up",0.195996318308909,0.826531932294273,"GO:0031668","cellular response to extracellular stimulus"
41,0.0175306080103583,"Up",0.196352426782534,0.826531932294273,"GO:0007338","single fertilization"
131,0.022993116565957,"Up",0.196544935621112,0.826531932294273,"GO:0045088","regulation of innate immune response"
19,0.106716557455077,"Up",0.196673996183801,0.826531932294273,"GO:0000387","spliceosomal snRNP assembly"
27,0.0123678910984392,"Down",0.19672899618535,0.826531932294273,"GO:0090175","regulation of establishment of planar polarity"
39,0.150883501687925,"Up",0.197140325530836,0.826531932294273,"GO:0042274","ribosomal small subunit biogenesis"
123,0.0115012088091539,"Up",0.197294501357215,0.826531932294273,"GO:1903828","negative regulation of protein localization"
63,0.00475905487149387,"Down",0.197634004419085,0.826531932294273,"GO:0043500","muscle adaptation"
47,0.0701069870983297,"Down",0.197646825709297,0.826531932294273,"GO:0060993","kidney morphogenesis"
60,0.0332294966414178,"Down",0.198032577071687,0.826531932294273,"GO:1904029","regulation of cyclin-dependent protein kinase activity"
21,0.0224033817818831,"Up",0.198407546420158,0.826531932294273,"GO:0051339","regulation of lyase activity"
39,0.0115780304943066,"Down",0.198416647914572,0.826531932294273,"GO:0035249","synaptic transmission, glutamatergic"
360,0.000393000381978496,"Down",0.198427441285062,0.826531932294273,"GO:0003006","developmental process involved in reproduction"
42,-0.00734143317896923,"Down",0.198659465488894,0.826531932294273,"GO:0015718","monocarboxylic acid transport"
151,0.0164691054798729,"Up",0.198954537456187,0.826531932294273,"GO:0006790","sulfur compound metabolic process"
465,0.00227551411847382,"Up",0.199059489229425,0.826531932294273,"GO:0031329","regulation of cellular catabolic process"
27,-0.0158291723840645,"Down",0.199187496563593,0.826531932294273,"GO:0042733","embryonic digit morphogenesis"
17,0.0397831460729045,"Down",0.199301328775259,0.826531932294273,"GO:0008542","visual learning"
32,0.037127700738971,"Down",0.199315080726275,0.826531932294273,"GO:0035914","skeletal muscle cell differentiation"
234,0.000626035971714848,"Down",0.199609319649529,0.826825166163054,"GO:1901987","regulation of cell cycle phase transition"
32,0.013826961012698,"Up",0.200243928354034,0.828526052552093,"GO:0043470","regulation of carbohydrate catabolic process"
121,0.0158635988633068,"Up",0.200864844554632,0.830166547494508,"GO:0009636","response to toxic substance"
31,0.00416771297438479,"Down",0.201311476295591,0.830420185298986,"GO:0061512","protein localization to cilium"
25,-0.00731021725192018,"Up",0.201675673298071,0.830420185298986,"GO:0045687","positive regulation of glial cell differentiation"
365,0.00331042174044644,"Up",0.201731070421726,0.830420185298986,"GO:0097190","apoptotic signaling pathway"
26,0.010159379716332,"Down",0.202098344034321,0.830420185298986,"GO:0050795","regulation of behavior"
41,0.00717011821493732,"Up",0.202414828772435,0.830420185298986,"GO:0045921","positive regulation of exocytosis"
135,0.142265375946041,"Up",0.202662914566177,0.830420185298986,"GO:0002181","cytoplasmic translation"
219,0.00842815035511632,"Up",0.202945652636467,0.830420185298986,"GO:0032956","regulation of actin cytoskeleton organization"
22,0.125806187692883,"Up",0.20306752219584,0.830420185298986,"GO:0030574","collagen catabolic process"
16,0.0123550816974626,"Down",0.20329550050503,0.830420185298986,"GO:0010719","negative regulation of epithelial to mesenchymal transition"
15,0.0810895081172103,"Up",0.203677112749918,0.830420185298986,"GO:0000413","protein peptidyl-prolyl isomerization"
51,-0.00688166161284119,"Up",0.204041079963312,0.830420185298986,"GO:1901184","regulation of ERBB signaling pathway"
40,0.0549569984032549,"Down",0.204460657516255,0.830420185298986,"GO:0008347","glial cell migration"
201,0.0217232390244574,"Up",0.20465982409125,0.830420185298986,"GO:0002831","regulation of response to biotic stimulus"
135,0.00964702487424263,"Down",0.204712312736244,0.830420185298986,"GO:0001894","tissue homeostasis"
47,-0.00861717130191403,"Up",0.204951619497804,0.830420185298986,"GO:0032456","endocytic recycling"
130,-0.000879065915644753,"Down",0.205523696186334,0.830420185298986,"GO:0045930","negative regulation of mitotic cell cycle"
101,0.0161617035349273,"Up",0.205861297765157,0.830420185298986,"GO:0071706","tumor necrosis factor superfamily cytokine production"
101,0.0161617035349273,"Up",0.205861297765157,0.830420185298986,"GO:1903555","regulation of tumor necrosis factor superfamily cytokine production"
24,0.0551195330292767,"Up",0.206118017262653,0.830420185298986,"GO:0015909","long-chain fatty acid transport"
247,0.0149240469550921,"Up",0.206743280652023,0.830420185298986,"GO:0052547","regulation of peptidase activity"
55,0.00642272779208462,"Down",0.206855666636925,0.830420185298986,"GO:0070167","regulation of biomineral tissue development"
55,0.00642272779208462,"Down",0.206855666636925,0.830420185298986,"GO:0110149","regulation of biomineralization"
25,0.137383689087386,"Up",0.207118356238162,0.830420185298986,"GO:0045047","protein targeting to ER"
56,0.000466452877267801,"Up",0.207254998753777,0.830420185298986,"GO:0022406","membrane docking"
25,0.0176742833208454,"Down",0.207382275852385,0.830420185298986,"GO:0060071","Wnt signaling pathway, planar cell polarity pathway"
63,-0.00592618073433251,"Down",0.208098371141692,0.830420185298986,"GO:1902882","regulation of response to oxidative stress"
64,0.0224718334305857,"Down",0.208279182027882,0.830420185298986,"GO:0008277","regulation of G protein-coupled receptor signaling pathway"
79,0.0242701417049195,"Down",0.208350425116652,0.830420185298986,"GO:0051384","response to glucocorticoid"
144,0.00396042529978301,"Up",0.208373829257733,0.830420185298986,"GO:0055074","calcium ion homeostasis"
44,0.212858744521393,"Up",0.20846212885598,0.830420185298986,"GO:0042273","ribosomal large subunit biogenesis"
51,0.00783142429477808,"Up",0.208897094913752,0.830420185298986,"GO:0033865","nucleoside bisphosphate metabolic process"
51,0.00783142429477808,"Up",0.208897094913752,0.830420185298986,"GO:0033875","ribonucleoside bisphosphate metabolic process"
51,0.00783142429477808,"Up",0.208897094913752,0.830420185298986,"GO:0034032","purine nucleoside bisphosphate metabolic process"
81,0.01977223502931,"Up",0.209407309563815,0.830420185298986,"GO:0071346","cellular response to interferon-gamma"
16,-0.0253225513230752,"Down",0.209681265745698,0.830420185298986,"GO:0071549","cellular response to dexamethasone stimulus"
314,0.0166367574186897,"Down",0.209720859176716,0.830420185298986,"GO:0048729","tissue morphogenesis"
48,0.000306388113766504,"Up",0.209915004132022,0.830420185298986,"GO:0006638","neutral lipid metabolic process"
33,-0.0109369533452751,"Up",0.210121566532821,0.830420185298986,"GO:0072523","purine-containing compound catabolic process"
61,0.0397506351508261,"Up",0.210202413398056,0.830420185298986,"GO:0032609","interferon-gamma production"
61,0.0397506351508261,"Up",0.210202413398056,0.830420185298986,"GO:0032649","regulation of interferon-gamma production"
20,0.0996011772132671,"Up",0.210322063953466,0.830420185298986,"GO:1901661","quinone metabolic process"
202,0.0105088455054914,"Down",0.21035515372402,0.830420185298986,"GO:0050678","regulation of epithelial cell proliferation"
99,0.0183177386276046,"Up",0.211330172808345,0.831621121673963,"GO:0032640","tumor necrosis factor production"
99,0.0183177386276046,"Up",0.211330172808345,0.831621121673963,"GO:0032680","regulation of tumor necrosis factor production"
60,0.0620332078516426,"Up",0.21155865787921,0.831621121673963,"GO:0009135","purine nucleoside diphosphate metabolic process"
60,0.0620332078516426,"Up",0.21155865787921,0.831621121673963,"GO:0009179","purine ribonucleoside diphosphate metabolic process"
42,-0.00356786262237276,"Up",0.212218341079193,0.832697901801291,"GO:0060191","regulation of lipase activity"
51,0.00338669236387662,"Up",0.212282811948802,0.832697901801291,"GO:1904063","negative regulation of cation transmembrane transport"
32,0.125359386630707,"Up",0.213006966145053,0.833492183288268,"GO:0019362","pyridine nucleotide metabolic process"
32,0.125359386630707,"Up",0.213006966145053,0.833492183288268,"GO:0046496","nicotinamide nucleotide metabolic process"
42,0.00344287848875981,"Up",0.21316128829162,0.833492183288268,"GO:0010761","fibroblast migration"
18,-0.0302705215177278,"Down",0.213829778220473,0.834875138105261,"GO:1904738","vascular associated smooth muscle cell migration"
145,-0.00305149310561529,"Up",0.2143826003341,0.834875138105261,"GO:0006898","receptor-mediated endocytosis"
155,-0.000242257798864499,"Down",0.214746759759702,0.834875138105261,"GO:0044843","cell cycle G1/S phase transition"
62,-0.00527531996448644,"Down",0.214813802466302,0.834875138105261,"GO:0043535","regulation of blood vessel endothelial cell migration"
93,0.0325305289507467,"Down",0.215032889685372,0.834875138105261,"GO:0061138","morphogenesis of a branching epithelium"
38,0.0125918154197457,"Down",0.215125385348893,0.834875138105261,"GO:0071384","cellular response to corticosteroid stimulus"
21,0.0200419293960723,"Up",0.215157096474735,0.834875138105261,"GO:0006301","postreplication repair"
201,0.000515429698767197,"Up",0.215320595229094,0.834875138105261,"GO:0006875","cellular metal ion homeostasis"
33,0.053197021363853,"Down",0.215764301713993,0.835719530931999,"GO:0045620","negative regulation of lymphocyte differentiation"
26,-0.00794944731393579,"Down",0.216213916031618,0.835818859128385,"GO:0045332","phospholipid translocation"
68,-0.00544582342208872,"Down",0.216986784212077,0.835818859128385,"GO:0048839","inner ear development"
73,0.0449529410038256,"Up",0.217015497505464,0.835818859128385,"GO:0009132","nucleoside diphosphate metabolic process"
31,0.05688092551563,"Down",0.217176736038521,0.835818859128385,"GO:0060675","ureteric bud morphogenesis"
31,0.05688092551563,"Down",0.217176736038521,0.835818859128385,"GO:0072171","mesonephric tubule morphogenesis"
33,-0.00669698687404917,"Down",0.217301293542816,0.835818859128385,"GO:0045778","positive regulation of ossification"
271,0.0194431588518398,"Up",0.217879434762898,0.835818859128385,"GO:0050778","positive regulation of immune response"
162,0.00752224661335034,"Down",0.218267922561524,0.835818859128385,"GO:0060249","anatomical structure homeostasis"
38,-0.00200469457088348,"Up",0.218651808965971,0.835818859128385,"GO:0042632","cholesterol homeostasis"
38,-0.00200469457088348,"Up",0.218651808965971,0.835818859128385,"GO:0055092","sterol homeostasis"
25,-0.0217749616227496,"Down",0.218779453912719,0.835818859128385,"GO:0010828","positive regulation of glucose transmembrane transport"
40,0.00853180650538648,"Up",0.21924498242507,0.835818859128385,"GO:0006893","Golgi to plasma membrane transport"
241,0.0120044802906816,"Up",0.219477565961091,0.835818859128385,"GO:0032970","regulation of actin filament-based process"
19,0.015021298629209,"Down",0.219529427095444,0.835818859128385,"GO:0035176","social behavior"
19,0.015021298629209,"Down",0.219529427095444,0.835818859128385,"GO:0051703","biological process involved in intraspecies interaction between organisms"
23,0.000733101718095657,"Up",0.219589998404851,0.835818859128385,"GO:0047496","vesicle transport along microtubule"
29,0.0010275316072183,"Up",0.219631233055634,0.835818859128385,"GO:0009161","ribonucleoside monophosphate metabolic process"
24,-0.0172787949469989,"Down",0.221077387984314,0.836930304360045,"GO:0050819","negative regulation of coagulation"
24,0.0778037538311287,"Up",0.221187679068765,0.836930304360045,"GO:1902235","regulation of endoplasmic reticulum stress-induced intrinsic apoptotic signaling pathway"
19,0.0259952388803721,"Up",0.221510884517469,0.836930304360045,"GO:0051281","positive regulation of release of sequestered calcium ion into cytosol"
40,0.00182652616032849,"Down",0.221618577194326,0.836930304360045,"GO:0035924","cellular response to vascular endothelial growth factor stimulus"
23,0.0820002480996704,"Up",0.22167159525055,0.836930304360045,"GO:0006356","regulation of transcription by RNA polymerase I"
86,0.0123699865265765,"Up",0.221724084165206,0.836930304360045,"GO:0009746","response to hexose"
64,0.00544891641566265,"Down",0.221792357531917,0.836930304360045,"GO:0030282","bone mineralization"
26,0.0425473424604787,"Down",0.221989775690116,0.836930304360045,"GO:1902476","chloride transmembrane transport"
450,0.00681822621093017,"Up",0.222165602088763,0.836930304360045,"GO:0034220","ion transmembrane transport"
244,0.103977616814345,"Up",0.222290586246153,0.836930304360045,"GO:0022613","ribonucleoprotein complex biogenesis"
27,0.00736709698214426,"Up",0.222412135492275,0.836930304360045,"GO:0032506","cytokinetic process"
445,0.0126680247430733,"Down",0.223518870799552,0.837199955810257,"GO:0000122","negative regulation of transcription by RNA polymerase II"
49,0.00168629049003965,"Up",0.223571464854356,0.837199955810257,"GO:0006690","icosanoid metabolic process"
67,0.0122613929083032,"Up",0.224414635533854,0.837199955810257,"GO:0002698","negative regulation of immune effector process"
128,-0.004179026518956,"Up",0.224616777628423,0.837199955810257,"GO:1903532","positive regulation of secretion by cell"
32,0.00903730702982803,"Up",0.224695040056992,0.837199955810257,"GO:1905521","regulation of macrophage migration"
149,0.0276882570437298,"Down",0.224777217735719,0.837199955810257,"GO:0061448","connective tissue development"
43,0.0291258766113653,"Up",0.224832158255938,0.837199955810257,"GO:0032729","positive regulation of interferon-gamma production"
43,0.0995831553908083,"Down",0.22504711140407,0.837199955810257,"GO:0032835","glomerulus development"
116,0.00218690976794789,"Up",0.225368328164719,0.837199955810257,"GO:0044000","movement in host"
102,0.0378598425482586,"Down",0.225743206041905,0.837199955810257,"GO:0051216","cartilage development"
24,-0.00445109450406075,"Up",0.226254557976134,0.837199955810257,"GO:0002347","response to tumor cell"
65,0.0511636981345885,"Up",0.226693143792477,0.837199955810257,"GO:0009185","ribonucleoside diphosphate metabolic process"
63,0.0103007457675695,"Up",0.226966114658061,0.837199955810257,"GO:0032273","positive regulation of protein polymerization"
36,-0.0116177998014207,"Down",0.227141139293859,0.837199955810257,"GO:0044380","protein localization to cytoskeleton"
236,-0.0015358789963073,"Up",0.227302140733366,0.837199955810257,"GO:0031667","response to nutrient levels"
95,0.0155781101760981,"Up",0.227795523084907,0.837199955810257,"GO:0006520","cellular amino acid metabolic process"
47,0.006424433616307,"Down",0.227872139139393,0.837199955810257,"GO:0030500","regulation of bone mineralization"
48,0.0396407629472379,"Down",0.227893028645012,0.837199955810257,"GO:0014032","neural crest cell development"
18,-0.0493397608798557,"Down",0.227926479923697,0.837199955810257,"GO:0033622","integrin activation"
32,-0.0107098687482341,"Up",0.228119671907416,0.837199955810257,"GO:0008631","intrinsic apoptotic signaling pathway in response to oxidative stress"
90,0.045042700800264,"Down",0.228279587581112,0.837199955810257,"GO:0006814","sodium ion transport"
19,-0.0449924065690567,"Down",0.228633335688363,0.837199955810257,"GO:0007606","sensory perception of chemical stimulus"
434,0.00152828159703983,"Down",0.228687563953135,0.837199955810257,"GO:0042327","positive regulation of phosphorylation"
83,0.00472453513738135,"Up",0.22966039085782,0.837199955810257,"GO:0038127","ERBB signaling pathway"
117,0.000255240586950478,"Down",0.229956656245798,0.837199955810257,"GO:0045017","glycerolipid biosynthetic process"
201,0.0124443983291986,"Down",0.229986244578454,0.837199955810257,"GO:0010631","epithelial cell migration"
201,0.0124443983291986,"Down",0.229986244578454,0.837199955810257,"GO:0090132","epithelium migration"
25,0.0430093143253239,"Down",0.230427329037419,0.837199955810257,"GO:0035633","maintenance of blood-brain barrier"
59,0.0242589488828649,"Down",0.230911252082898,0.837199955810257,"GO:0010927","cellular component assembly involved in morphogenesis"
28,-0.016067877049891,"Up",0.230975671258399,0.837199955810257,"GO:0009261","ribonucleotide catabolic process"
99,0.0137351614602458,"Down",0.230991120531372,0.837199955810257,"GO:0001837","epithelial to mesenchymal transition"
22,-0.00211074098294614,"Up",0.231030312919401,0.837199955810257,"GO:0043330","response to exogenous dsRNA"
17,-0.0497750174795325,"Up",0.231263281983857,0.837199955810257,"GO:0010878","cholesterol storage"
73,0.00454575438170529,"Up",0.231413007901153,0.837199955810257,"GO:1901605","alpha-amino acid metabolic process"
15,0.251423736775212,"Up",0.231848454578865,0.837199955810257,"GO:0006123","mitochondrial electron transport, cytochrome c to oxygen"
35,-0.00794498285417979,"Down",0.231979588991054,0.837199955810257,"GO:0030166","proteoglycan biosynthetic process"
27,-0.00921762071115282,"Up",0.232267474927671,0.837199955810257,"GO:0009064","glutamine family amino acid metabolic process"
18,-0.0416668599193332,"Up",0.232523635560526,0.837199955810257,"GO:0098926","postsynaptic signal transduction"
30,0.0219693537037083,"Up",0.232681253812562,0.837199955810257,"GO:0061462","protein localization to lysosome"
25,0.0976995872901499,"Up",0.233290578754522,0.837199955810257,"GO:0002504","antigen processing and presentation of peptide or polysaccharide antigen via MHC class II"
31,0.0218254722605808,"Down",0.233459591898043,0.837199955810257,"GO:0009953","dorsal/ventral pattern formation"
31,0.0189166201801897,"Down",0.233716307551826,0.837199955810257,"GO:0070849","response to epidermal growth factor"
60,-0.00251833632089468,"Down",0.233916533209716,0.837199955810257,"GO:0034219","carbohydrate transmembrane transport"
136,0.00247780498832275,"Up",0.234728388199823,0.837199955810257,"GO:0006874","cellular calcium ion homeostasis"
49,0.00417467494682456,"Up",0.234834631730032,0.837199955810257,"GO:0016239","positive regulation of macroautophagy"
18,0.0545842406700721,"Up",0.235404651914584,0.837199955810257,"GO:0002719","negative regulation of cytokine production involved in immune response"
28,0.0130243904153382,"Up",0.235912241587735,0.837199955810257,"GO:0033344","cholesterol efflux"
18,0.00515203114317397,"Down",0.236093019695401,0.837199955810257,"GO:0060055","angiogenesis involved in wound healing"
180,-0.0028656967472573,"Down",0.236287947889075,0.837199955810257,"GO:0007283","spermatogenesis"
381,0.000394162813564248,"Down",0.237078174133802,0.837199955810257,"GO:0045859","regulation of protein kinase activity"
78,0.0924831197522587,"Up",0.237097003539419,0.837199955810257,"GO:0016052","carbohydrate catabolic process"
28,0.031272289714089,"Up",0.237165342936439,0.837199955810257,"GO:0046633","alpha-beta T cell proliferation"
36,-0.0188852053777089,"Up",0.237185289460904,0.837199955810257,"GO:0061082","myeloid leukocyte cytokine production"
26,0.0104209142733179,"Down",0.237244098909343,0.837199955810257,"GO:0021795","cerebral cortex cell migration"
351,0.00729513348604311,"Down",0.237461922490764,0.837199955810257,"GO:0061061","muscle structure development"
15,0.0242046046897577,"Down",0.237479957319609,0.837199955810257,"GO:0021587","cerebellum morphogenesis"
16,0.0460543970394211,"Down",0.238208200200351,0.837199955810257,"GO:0000578","embryonic axis specification"
58,-0.00801049092835245,"Down",0.238311642003519,0.837199955810257,"GO:0014812","muscle cell migration"
29,-0.0210935584786123,"Up",0.23844379989929,0.837199955810257,"GO:0006195","purine nucleotide catabolic process"
71,0.000757087929021894,"Down",0.238583076857104,0.837199955810257,"GO:1904019","epithelial cell apoptotic process"
96,-0.00116772802586321,"Up",0.238815726322465,0.837199955810257,"GO:0051100","negative regulation of binding"
27,0.0150462966895316,"Down",0.23933118596707,0.837199955810257,"GO:0030501","positive regulation of bone mineralization"
33,0.0601216278516444,"Down",0.239347573226469,0.837199955810257,"GO:0090497","mesenchymal cell migration"
25,-0.00978806053564206,"Up",0.239450008310282,0.837199955810257,"GO:0097479","synaptic vesicle localization"
24,-0.0100621291634007,"Down",0.239645382646349,0.837199955810257,"GO:1900271","regulation of long-term synaptic potentiation"
150,0.00276270729198455,"Up",0.239857568798048,0.837199955810257,"GO:0062012","regulation of small molecule metabolic process"
68,0.00542365013499358,"Up",0.239883311874883,0.837199955810257,"GO:0042116","macrophage activation"
22,0.0615126290693166,"Up",0.240057292431504,0.837199955810257,"GO:0065002","intracellular protein transmembrane transport"
55,0.00190534121627591,"Down",0.240135002664569,0.837199955810257,"GO:0015749","monosaccharide transmembrane transport"
203,0.0127883106832434,"Down",0.240700433248714,0.837199955810257,"GO:0090130","tissue migration"
21,0.00061273524332881,"Up",0.240747977396739,0.837199955810257,"GO:0046685","response to arsenic-containing substance"
41,-0.00433093481163465,"Down",0.241038221601965,0.837199955810257,"GO:1904705","regulation of vascular associated smooth muscle cell proliferation"
68,0.0325521594492807,"Down",0.241064898657426,0.837199955810257,"GO:0021953","central nervous system neuron differentiation"
42,0.000445908469487904,"Down",0.241123669444651,0.837199955810257,"GO:1990874","vascular associated smooth muscle cell proliferation"
311,0.0131637060076396,"Down",0.241234589865844,0.837199955810257,"GO:0007507","heart development"
26,-0.0025577210571816,"Up",0.241289620708004,0.837199955810257,"GO:0048246","macrophage chemotaxis"
21,0.0787811793886999,"Down",0.241688747746827,0.837199955810257,"GO:0050906","detection of stimulus involved in sensory perception"
35,-0.00652530685678348,"Down",0.242608126881673,0.837199955810257,"GO:0072698","protein localization to microtubule cytoskeleton"
43,0.00729568424802163,"Down",0.243174767709124,0.837199955810257,"GO:0060395","SMAD protein signal transduction"
50,-0.00242087500913235,"Up",0.243642582821664,0.837199955810257,"GO:0055072","iron ion homeostasis"
48,0.0014215511155492,"Up",0.243912304484894,0.837199955810257,"GO:0000041","transition metal ion transport"
17,0.0613575663976402,"Down",0.243923694087965,0.837199955810257,"GO:0070841","inclusion body assembly"
47,-0.0056115925246788,"Down",0.244277468786213,0.837199955810257,"GO:0010633","negative regulation of epithelial cell migration"
29,0.0109484736622658,"Down",0.244310640002854,0.837199955810257,"GO:0007520","myoblast fusion"
300,0.00749931655515997,"Up",0.244413292461611,0.837199955810257,"GO:0010638","positive regulation of organelle organization"
82,-0.00412544524137417,"Up",0.244850021791915,0.837199955810257,"GO:0051260","protein homooligomerization"
64,0.0224531861938078,"Up",0.245146624324573,0.837199955810257,"GO:0032760","positive regulation of tumor necrosis factor production"
17,0.011548394792488,"Down",0.245304606204975,0.837199955810257,"GO:0050901","leukocyte tethering or rolling"
16,0.158743883121474,"Down",0.24540412152103,0.837199955810257,"GO:0072012","glomerulus vasculature development"
17,-0.0179180484443933,"Down",0.245609546251822,0.837199955810257,"GO:0032309","icosanoid secretion"
203,0.00564087476374506,"Down",0.245833949702046,0.837199955810257,"GO:0060537","muscle tissue development"
136,0.00452425351668127,"Down",0.245935607460306,0.837199955810257,"GO:1901988","negative regulation of cell cycle phase transition"
176,0.0106898528346507,"Down",0.245963602728069,0.837199955810257,"GO:0001654","eye development"
160,0.0122942129182949,"Up",0.245983122673681,0.837199955810257,"GO:0002366","leukocyte activation involved in immune response"
15,-0.0127154158130881,"Down",0.245989531218774,0.837199955810257,"GO:0002063","chondrocyte development"
153,0.14332884238086,"Up",0.246371149372818,0.837199955810257,"GO:0042254","ribosome biogenesis"
23,0.10547186290498,"Up",0.246510657051693,0.837199955810257,"GO:0044275","cellular carbohydrate catabolic process"
15,-0.00758497289649669,"Up",0.2467306024785,0.837199955810257,"GO:0055093","response to hyperoxia"
65,0.016747163143801,"Up",0.246930396576144,0.837199955810257,"GO:0032479","regulation of type I interferon production"
65,0.016747163143801,"Up",0.246930396576144,0.837199955810257,"GO:0032606","type I interferon production"
66,0.0199886868211453,"Up",0.246982283002877,0.837199955810257,"GO:1903557","positive regulation of tumor necrosis factor superfamily cytokine production"
44,0.0201616029683619,"Down",0.247290707137295,0.837199955810257,"GO:0032922","circadian regulation of gene expression"
397,0.00152151787485536,"Down",0.247343440057759,0.837199955810257,"GO:0001934","positive regulation of protein phosphorylation"
47,0.0269905479484687,"Down",0.247639884616762,0.837199955810257,"GO:0022037","metencephalon development"
17,-0.00472491154773808,"Down",0.247669151431502,0.837199955810257,"GO:0007026","negative regulation of microtubule depolymerization"
84,0.00249343476757362,"Down",0.247759653501594,0.837199955810257,"GO:0060538","skeletal muscle organ development"
25,-0.0242635448119318,"Up",0.247798902085714,0.837199955810257,"GO:0010518","positive regulation of phospholipase activity"
39,0.0329680153093342,"Up",0.248846361383349,0.837199955810257,"GO:0050766","positive regulation of phagocytosis"
33,0.0413055348184347,"Down",0.248928306554893,0.837199955810257,"GO:0045913","positive regulation of carbohydrate metabolic process"
104,0.00958661570560369,"Up",0.249516907381736,0.837199955810257,"GO:0008360","regulation of cell shape"
155,0.00616640332115499,"Up",0.24962401056178,0.837199955810257,"GO:0043122","regulation of I-kappaB kinase/NF-kappaB signaling"
72,0.00836327510588372,"Up",0.250063161138847,0.837199955810257,"GO:0050728","negative regulation of inflammatory response"
80,0.0232509773517201,"Down",0.250127850060352,0.837199955810257,"GO:0003205","cardiac chamber development"
20,-0.0301445945494632,"Down",0.250321966596804,0.837199955810257,"GO:0050775","positive regulation of dendrite morphogenesis"
29,0.0243346635891511,"Down",0.251335845146815,0.837199955810257,"GO:0033628","regulation of cell adhesion mediated by integrin"
15,0.0317435982314496,"Down",0.251549175045421,0.837199955810257,"GO:0007143","female meiotic nuclear division"
29,0.0898311592804238,"Down",0.251762070949562,0.837199955810257,"GO:0014037","Schwann cell differentiation"
27,0.0348159072896388,"Down",0.252029291451286,0.837199955810257,"GO:0001895","retina homeostasis"
43,0.00399933321092972,"Down",0.252094903434891,0.837199955810257,"GO:0010827","regulation of glucose transmembrane transport"
34,0.0510937232835027,"Down",0.252195053367052,0.837199955810257,"GO:0072088","nephron epithelium morphogenesis"
46,0.0365100703617047,"Down",0.252560820044095,0.837199955810257,"GO:0051963","regulation of synapse assembly"
15,-0.0151817163380876,"Down",0.252921178533156,0.837199955810257,"GO:0021772","olfactory bulb development"
29,0.0114581897875712,"Down",0.253081003801244,0.837199955810257,"GO:0001937","negative regulation of endothelial cell proliferation"
27,0.0116577150812044,"Up",0.253585679218907,0.837199955810257,"GO:0010934","macrophage cytokine production"
27,0.0116577150812044,"Up",0.253585679218907,0.837199955810257,"GO:0010935","regulation of macrophage cytokine production"
41,0.0191771558167384,"Up",0.253729433989131,0.837199955810257,"GO:0051438","regulation of ubiquitin-protein transferase activity"
195,0.00222328807103167,"Up",0.253978919571787,0.837199955810257,"GO:0022604","regulation of cell morphogenesis"
17,0.101954833651597,"Up",0.254306985345076,0.837199955810257,"GO:0071218","cellular response to misfolded protein"
23,0.0648328917030787,"Down",0.254366727679147,0.837199955810257,"GO:0048846","axon extension involved in axon guidance"
23,0.0648328917030787,"Down",0.254366727679147,0.837199955810257,"GO:1902284","neuron projection extension involved in neuron projection guidance"
55,0.00647501295365468,"Up",0.254419555533402,0.837199955810257,"GO:0030004","cellular monovalent inorganic cation homeostasis"
90,0.0196019093889723,"Down",0.254544254417834,0.837199955810257,"GO:0031960","response to corticosteroid"
42,0.0155307804822957,"Up",0.254578824047361,0.837199955810257,"GO:0009063","cellular amino acid catabolic process"
17,-0.0525476423364634,"Up",0.254731036576436,0.837199955810257,"GO:0006221","pyrimidine nucleotide biosynthetic process"
42,0.0421046679060172,"Down",0.254811899678989,0.837199955810257,"GO:0001656","metanephros development"
29,0.00861034214435387,"Up",0.254861798342413,0.837199955810257,"GO:0002448","mast cell mediated immunity"
24,0.0179252659962284,"Down",0.254900275879993,0.837199955810257,"GO:0060251","regulation of glial cell proliferation"
26,0.0092525646750925,"Down",0.255124358799606,0.837199955810257,"GO:0043616","keratinocyte proliferation"
65,0.0601937559133515,"Up",0.255330349849553,0.837199955810257,"GO:0001909","leukocyte mediated cytotoxicity"
301,-0.000303080178915767,"Down",0.255422719291289,0.837199955810257,"GO:0071407","cellular response to organic cyclic compound"
179,0.00636006211030381,"Up",0.255714910562098,0.837199955810257,"GO:0045861","negative regulation of proteolysis"
48,-0.00789488735121427,"Up",0.255801763224652,0.837199955810257,"GO:0046887","positive regulation of hormone secretion"
81,0.00493320365733155,"Down",0.256362153611501,0.837199955810257,"GO:0031214","biomineral tissue development"
81,0.00493320365733155,"Down",0.256362153611501,0.837199955810257,"GO:0110148","biomineralization"
33,-0.00611220894708997,"Down",0.256763462104944,0.837199955810257,"GO:0001708","cell fate specification"
34,0.011969799494868,"Down",0.256810796795789,0.837199955810257,"GO:0031016","pancreas development"
121,-0.00170426112750816,"Down",0.257231604355535,0.837199955810257,"GO:0071383","cellular response to steroid hormone stimulus"
18,0.0623696812945114,"Up",0.257295882516293,0.837199955810257,"GO:0034315","regulation of Arp2/3 complex-mediated actin nucleation"
17,0.0231949064597398,"Down",0.257327671071935,0.837199955810257,"GO:0048710","regulation of astrocyte differentiation"
234,0.0112970149743307,"Down",0.257393848047229,0.837199955810257,"GO:0007423","sensory organ development"
29,0.0573469008208147,"Up",0.257497443793281,0.837199955810257,"GO:0006360","transcription by RNA polymerase I"
88,0.00885540464734861,"Down",0.257688767786858,0.837199955810257,"GO:0048659","smooth muscle cell proliferation"
26,0.00185948026716073,"Up",0.257826657420384,0.837199955810257,"GO:0031295","T cell costimulation"
79,-0.00242804049249877,"Down",0.257865887650058,0.837199955810257,"GO:1903038","negative regulation of leukocyte cell-cell adhesion"
107,0.00827708160704486,"Down",0.25802225962372,0.837199955810257,"GO:0046942","carboxylic acid transport"
26,0.0318082045091701,"Up",0.258086966518462,0.837199955810257,"GO:0046640","regulation of alpha-beta T cell proliferation"
30,0.000492931955564374,"Up",0.258625543907682,0.837199955810257,"GO:0043687","post-translational protein modification"
32,0.00292332570683502,"Down",0.258686793415992,0.837199955810257,"GO:0022029","telencephalon cell migration"
24,-0.037194226154278,"Down",0.25875191327048,0.837199955810257,"GO:0009994","oocyte differentiation"
24,-0.037194226154278,"Down",0.25875191327048,0.837199955810257,"GO:0048599","oocyte development"
16,-0.0176698069040917,"Down",0.258923154757214,0.837199955810257,"GO:0097150","neuronal stem cell population maintenance"
155,0.00229035182773259,"Down",0.260146965032107,0.84042237873691,"GO:0010948","negative regulation of cell cycle process"
156,0.00813068284056083,"Down",0.260716531190785,0.841207376520862,"GO:0043010","camera-type eye development"
45,0.0441917473619725,"Down",0.261067270768895,0.841207376520862,"GO:0061326","renal tubule development"
40,0.0171754441219278,"Up",0.261072200120559,0.841207376520862,"GO:0048857","neural nucleus development"
73,0.00975508147186727,"Down",0.261929236510376,0.842751813050441,"GO:0051147","regulation of muscle cell differentiation"
37,0.0202295132688466,"Up",0.262421372947256,0.842751813050441,"GO:0043388","positive regulation of DNA binding"
173,0.0141932466007676,"Up",0.262462882380713,0.842751813050441,"GO:0002253","activation of immune response"
39,0.0302430693402062,"Down",0.262615273782948,0.842751813050441,"GO:0003341","cilium movement"
42,-0.0116568843767233,"Down",0.262772333286092,0.842751813050441,"GO:0045123","cellular extravasation"
207,0.00936384252429494,"Up",0.262918516426118,0.842751813050441,"GO:0032535","regulation of cellular component size"
43,0.0347839044718454,"Down",0.26320396722311,0.842936341782063,"GO:0021549","cerebellum development"
122,0.0209189644824633,"Down",0.263530929487137,0.843253380772421,"GO:0003007","heart morphogenesis"
40,-0.00992961750566008,"Down",0.264020485112285,0.84408969267964,"GO:0045669","positive regulation of osteoblast differentiation"
35,0.0588480337434858,"Down",0.26433962564687,0.844380203167333,"GO:0061333","renal tubule morphogenesis"
50,0.0295084954230951,"Down",0.265127595953865,0.846130270180815,"GO:0001892","embryonic placenta development"
15,0.0596099160298168,"Up",0.265344988756352,0.846130270180815,"GO:0043302","positive regulation of leukocyte degranulation"
66,-4.78164405504197e-05,"Down",0.266100780251054,0.847809462660336,"GO:0008643","carbohydrate transport"
17,0.297712052815662,"Up",0.267515700665033,0.848352907545376,"GO:0000470","maturation of LSU-rRNA"
328,0.0178196396037789,"Up",0.267829036646168,0.848352907545376,"GO:0031347","regulation of defense response"
15,0.0547074486261539,"Up",0.268004894749834,0.848352907545376,"GO:0035337","fatty-acyl-CoA metabolic process"
37,0.0029986685813765,"Up",0.268318982020276,0.848352907545376,"GO:0006641","triglyceride metabolic process"
77,-0.00366455214860144,"Up",0.268690747287743,0.848352907545376,"GO:0007584","response to nutrient"
39,-0.00151365427294654,"Up",0.26887500285894,0.848352907545376,"GO:0051310","metaphase plate congression"
17,0.00591975341037014,"Down",0.269228965535121,0.848352907545376,"GO:0002220","innate immune response activating cell surface receptor signaling pathway"
17,-0.0421060561433418,"Up",0.269231582859299,0.848352907545376,"GO:0032366","intracellular sterol transport"
231,0.0129058627851535,"Up",0.269433982633179,0.848352907545376,"GO:0050867","positive regulation of cell activation"
180,0.0116270270472342,"Down",0.269676904495915,0.848352907545376,"GO:0048880","sensory system development"
180,0.0116270270472342,"Down",0.269676904495915,0.848352907545376,"GO:0150063","visual system development"
27,-0.00624589432331557,"Up",0.269891404175015,0.848352907545376,"GO:0006110","regulation of glycolytic process"
63,0.0384667541166185,"Down",0.270307494246963,0.848352907545376,"GO:0035725","sodium ion transmembrane transport"
103,0.013484028050612,"Down",0.270361879092249,0.848352907545376,"GO:0010721","negative regulation of cell development"
78,0.0442668437782104,"Down",0.270617532660961,0.848352907545376,"GO:0030856","regulation of epithelial cell differentiation"
159,0.00350942019748157,"Down",0.27085410048358,0.848352907545376,"GO:0043547","positive regulation of GTPase activity"
66,0.0122948932900075,"Up",0.270977445280885,0.848352907545376,"GO:0033209","tumor necrosis factor-mediated signaling pathway"
104,-0.00649695308874118,"Down",0.27119949510168,0.848352907545376,"GO:0007281","germ cell development"
42,-0.0116689626854897,"Up",0.271318214875975,0.848352907545376,"GO:0019319","hexose biosynthetic process"
36,0.0404590374002123,"Down",0.271449987542589,0.848352907545376,"GO:0035567","non-canonical Wnt signaling pathway"
20,0.0621777505980002,"Down",0.271512876987349,0.848352907545376,"GO:0016073","snRNA metabolic process"
24,0.045378684827959,"Down",0.272691694398744,0.848352907545376,"GO:0070192","chromosome organization involved in meiotic cell cycle"
46,-0.00728345004938258,"Up",0.27276180990285,0.848352907545376,"GO:0042058","regulation of epidermal growth factor receptor signaling pathway"
58,-0.00838099154027237,"Down",0.273570904726644,0.848352907545376,"GO:1900407","regulation of cellular response to oxidative stress"
26,0.012052504088163,"Up",0.273800337776678,0.848352907545376,"GO:1903146","regulation of autophagy of mitochondrion"
490,0.0119136467035024,"Up",0.273909101880811,0.848352907545376,"GO:0006812","cation transport"
25,-0.00466384567113243,"Up",0.274030157167618,0.848352907545376,"GO:0031279","regulation of cyclase activity"
20,-0.0183261749162808,"Down",0.274072801096594,0.848352907545376,"GO:0048536","spleen development"
17,0.0596352696299579,"Down",0.274316350209671,0.848352907545376,"GO:0021575","hindbrain morphogenesis"
44,0.0119800067884482,"Up",0.274435927930811,0.848352907545376,"GO:0034103","regulation of tissue remodeling"
494,0.00709330157484791,"Up",0.274616781652418,0.848352907545376,"GO:0002684","positive regulation of immune system process"
47,0.0300570043690322,"Down",0.275188920559637,0.848352907545376,"GO:0008593","regulation of Notch signaling pathway"
55,0.0106938516435525,"Up",0.275497217154021,0.848352907545376,"GO:0019915","lipid storage"
78,0.00896942046235691,"Down",0.275525043609938,0.848352907545376,"GO:0071901","negative regulation of protein serine/threonine kinase activity"
65,0.00269870257495343,"Down",0.275873082939944,0.848352907545376,"GO:0001776","leukocyte homeostasis"
15,-0.018826947599568,"Up",0.276279653579965,0.848352907545376,"GO:0050860","negative regulation of T cell receptor signaling pathway"
26,0.00484605488082338,"Up",0.277027683383995,0.848352907545376,"GO:0006692","prostanoid metabolic process"
26,0.00484605488082338,"Up",0.277027683383995,0.848352907545376,"GO:0006693","prostaglandin metabolic process"
109,0.00406071832672437,"Down",0.27704480084004,0.848352907545376,"GO:0048738","cardiac muscle tissue development"
32,0.0123140536832969,"Down",0.277201632383423,0.848352907545376,"GO:0048013","ephrin receptor signaling pathway"
51,-0.0116594838708885,"Down",0.277487693025199,0.848352907545376,"GO:0099175","regulation of postsynapse organization"
83,0.0189541605978151,"Down",0.277584778207181,0.848352907545376,"GO:0001936","regulation of endothelial cell proliferation"
28,-0.0253372294518388,"Up",0.278649094247117,0.848352907545376,"GO:0098927","vesicle-mediated transport between endosomal compartments"
31,0.0677995995065289,"Down",0.278709563276682,0.848352907545376,"GO:0001755","neural crest cell migration"
191,0.00121063935545298,"Down",0.27924060397505,0.848352907545376,"GO:0048545","response to steroid hormone"
72,0.01703831460364,"Up",0.279380615348115,0.848352907545376,"GO:0051101","regulation of DNA binding"
34,-0.00766410425045273,"Down",0.279916226818877,0.848352907545376,"GO:1902808","positive regulation of cell cycle G1/S phase transition"
149,0.0167620940150954,"Up",0.280174539719389,0.848352907545376,"GO:0050870","positive regulation of T cell activation"
74,0.0456349071451027,"Down",0.280221590131476,0.848352907545376,"GO:0048754","branching morphogenesis of an epithelial tube"
23,0.0961468763927667,"Down",0.280310897358317,0.848352907545376,"GO:0035909","aorta morphogenesis"
19,0.00247457224272517,"Down",0.280668964100998,0.848352907545376,"GO:2000108","positive regulation of leukocyte apoptotic process"
21,-0.0134245919158739,"Up",0.280926448017634,0.848352907545376,"GO:0120009","intermembrane lipid transfer"
91,-0.000235969950030556,"Down",0.281348688596925,0.848352907545376,"GO:0010976","positive regulation of neuron projection development"
43,0.0444372553462849,"Down",0.281356141835338,0.848352907545376,"GO:0072080","nephron tubule development"
22,0.0888616990382641,"Up",0.281908568207017,0.848352907545376,"GO:0060338","regulation of type I interferon-mediated signaling pathway"
107,0.000767422130695441,"Down",0.282469211731818,0.848352907545376,"GO:1901991","negative regulation of mitotic cell cycle phase transition"
30,0.0584383893697387,"Up",0.282987927730487,0.848352907545376,"GO:0032371","regulation of sterol transport"
30,0.0584383893697387,"Up",0.282987927730487,0.848352907545376,"GO:0032374","regulation of cholesterol transport"
17,0.139348691546848,"Up",0.283774732712273,0.848352907545376,"GO:0070199","establishment of protein localization to chromosome"
87,-0.00416717316302968,"Up",0.283871928945873,0.848352907545376,"GO:0071675","regulation of mononuclear cell migration"
15,0.0668359829555341,"Down",0.284165004068846,0.848352907545376,"GO:0035020","regulation of Rac protein signal transduction"
32,0.0925992436374619,"Down",0.28427827487014,0.848352907545376,"GO:0061005","cell differentiation involved in kidney development"
46,0.0248867954135478,"Down",0.28451502224805,0.848352907545376,"GO:0048708","astrocyte differentiation"
18,0.0714245994459408,"Up",0.284568728876914,0.848352907545376,"GO:0051788","response to misfolded protein"
17,0.105508996374917,"Up",0.284668664449981,0.848352907545376,"GO:0006026","aminoglycan catabolic process"
126,0.134866725631505,"Up",0.28491335837699,0.848352907545376,"GO:0016072","rRNA metabolic process"
32,0.0615481627763415,"Down",0.285201438776061,0.848352907545376,"GO:0072078","nephron tubule morphogenesis"
108,0.0206048556871526,"Up",0.285243840690023,0.848352907545376,"GO:0045055","regulated exocytosis"
27,0.00247327891099552,"Up",0.285342270795067,0.848352907545376,"GO:0031294","lymphocyte costimulation"
20,-0.00322559864541712,"Up",0.285414283113082,0.848352907545376,"GO:0042168","heme metabolic process"
20,0.0121707171625854,"Up",0.285592603901727,0.848352907545376,"GO:0019076","viral release from host cell"
20,0.0121707171625854,"Up",0.285592603901727,0.848352907545376,"GO:0035891","exit from host cell"
26,-0.0181792311064335,"Up",0.285807074717657,0.848352907545376,"GO:0008089","anterograde axonal transport"
72,0.00673441688391863,"Down",0.286277322380076,0.848352907545376,"GO:0045667","regulation of osteoblast differentiation"
85,0.0100017703552785,"Down",0.286590214850132,0.848352907545376,"GO:0048660","regulation of smooth muscle cell proliferation"
54,0.0552762530721202,"Up",0.287029237819121,0.848352907545376,"GO:0002275","myeloid cell activation involved in immune response"
408,-0.000755395381423137,"Up",0.287532155337592,0.848352907545376,"GO:0140352","export from cell"
51,0.00807777478882169,"Down",0.287615095292086,0.848352907545376,"GO:0072089","stem cell proliferation"
38,0.010717865838057,"Down",0.287774733508858,0.848352907545376,"GO:0051058","negative regulation of small GTPase mediated signal transduction"
19,-0.00779459223936203,"Up",0.287791889915089,0.848352907545376,"GO:0032878","regulation of establishment or maintenance of cell polarity"
19,-0.00779459223936203,"Up",0.287791889915089,0.848352907545376,"GO:2000114","regulation of establishment of cell polarity"
28,0.0106822462215024,"Up",0.287882935468725,0.848352907545376,"GO:1905953","negative regulation of lipid localization"
222,0.0137527279340831,"Up",0.287893321245927,0.848352907545376,"GO:0002696","positive regulation of leukocyte activation"
24,-0.00894725189157194,"Down",0.287909281292845,0.848352907545376,"GO:0001756","somitogenesis"
47,0.0251836018721025,"Down",0.288449356825556,0.848352907545376,"GO:0001738","morphogenesis of a polarized epithelium"
127,-0.00264650896764239,"Up",0.288457627731195,0.848352907545376,"GO:0097305","response to alcohol"
15,0.0456100696078881,"Down",0.288539074249888,0.848352907545376,"GO:0030318","melanocyte differentiation"
436,0.00309198851851768,"Down",0.288834027182979,0.848352907545376,"GO:0000165","MAPK cascade"
21,0.0109092869591495,"Up",0.289546986832704,0.848352907545376,"GO:0033574","response to testosterone"
17,-0.0165121541680391,"Down",0.289710577614312,0.848352907545376,"GO:0010971","positive regulation of G2/M transition of mitotic cell cycle"
72,-0.00837545822999824,"Down",0.29027928554274,0.848352907545376,"GO:0072676","lymphocyte migration"
22,0.0368616324172065,"Up",0.291269878815792,0.848352907545376,"GO:0002701","negative regulation of production of molecular mediator of immune response"
44,-0.000433358479034569,"Up",0.291478298802303,0.848352907545376,"GO:0032370","positive regulation of lipid transport"
79,0.0856518547107518,"Down",0.291605709430152,0.848352907545376,"GO:0072006","nephron development"
16,0.0329978663500217,"Down",0.291701078054666,0.848352907545376,"GO:0001941","postsynaptic membrane organization"
27,-0.00937127572043729,"Down",0.291775120371067,0.848352907545376,"GO:0048704","embryonic skeletal system morphogenesis"
15,0.00747070586382169,"Up",0.291945902876412,0.848352907545376,"GO:0097320","plasma membrane tubulation"
21,0.180977680546351,"Up",0.292008979385173,0.848352907545376,"GO:0006739","NADP metabolic process"
19,-0.0379916611258552,"Up",0.292100192436063,0.848352907545376,"GO:0010863","positive regulation of phospholipase C activity"
67,-0.0113935465273192,"Up",0.292240571322955,0.848352907545376,"GO:0031623","receptor internalization"
412,0.00938190387646173,"Down",0.292275589188433,0.848352907545376,"GO:0070848","response to growth factor"
75,0.00947270182939367,"Up",0.292300702645769,0.848352907545376,"GO:0055076","transition metal ion homeostasis"
313,0.00664667380800576,"Up",0.292316278277003,0.848352907545376,"GO:0051493","regulation of cytoskeleton organization"
118,-0.000526809873480241,"Up",0.292435919161345,0.848352907545376,"GO:1901215","negative regulation of neuron death"
18,-0.011233427857459,"Up",0.292437430294246,0.848352907545376,"GO:0009309","amine biosynthetic process"
18,-0.011233427857459,"Up",0.292437430294246,0.848352907545376,"GO:0042401","cellular biogenic amine biosynthetic process"
137,0.00771097238256983,"Down",0.292752180478482,0.848352907545376,"GO:0001649","osteoblast differentiation"
164,0.0114806224718272,"Up",0.292795371978155,0.848352907545376,"GO:0002263","cell activation involved in immune response"
29,0.043599645152467,"Up",0.29304351782625,0.848352907545376,"GO:0032008","positive regulation of TOR signaling"
23,0.131034372793202,"Up",0.293050390305722,0.848352907545376,"GO:0002495","antigen processing and presentation of peptide antigen via MHC class II"
272,0.00430764113943167,"Down",0.293161393168491,0.848352907545376,"GO:0120031","plasma membrane bounded cell projection assembly"
18,0.0441500577969451,"Up",0.293478913968217,0.848352907545376,"GO:0018196","peptidyl-asparagine modification"
18,0.0441500577969451,"Up",0.293478913968217,0.848352907545376,"GO:0018279","protein N-linked glycosylation via asparagine"
36,0.0133898528326687,"Up",0.293631126600917,0.848352907545376,"GO:0006911","phagocytosis, engulfment"
15,0.3531472268481,"Up",0.293704658492338,0.848352907545376,"GO:0090670","RNA localization to Cajal body"
15,0.3531472268481,"Up",0.293704658492338,0.848352907545376,"GO:0090671","telomerase RNA localization to Cajal body"
15,0.3531472268481,"Up",0.293704658492338,0.848352907545376,"GO:0090672","telomerase RNA localization"
15,0.3531472268481,"Up",0.293704658492338,0.848352907545376,"GO:0090685","RNA localization to nucleus"
15,0.3531472268481,"Up",0.293704658492338,0.848352907545376,"GO:1904872","regulation of telomerase RNA localization to Cajal body"
22,0.0655039976603131,"Up",0.294192288840732,0.848352907545376,"GO:0042554","superoxide anion generation"
52,0.0068085577203456,"Down",0.294378498301149,0.848352907545376,"GO:0043502","regulation of muscle adaptation"
34,0.00796964891339554,"Up",0.294637203338127,0.848352907545376,"GO:0031638","zymogen activation"
77,0.0183181063426264,"Down",0.294767611570546,0.848352907545376,"GO:0048592","eye morphogenesis"
26,0.0171886946090792,"Down",0.294915397613431,0.848352907545376,"GO:1904707","positive regulation of vascular associated smooth muscle cell proliferation"
31,0.00366990136257134,"Up",0.295046648871499,0.848352907545376,"GO:0042440","pigment metabolic process"
24,-0.0101705054919612,"Up",0.29516901649389,0.848352907545376,"GO:0035308","negative regulation of protein dephosphorylation"
39,0.0137960646506234,"Up",0.296401527616691,0.849789681809547,"GO:0015908","fatty acid transport"
58,0.00581886672072466,"Up",0.296562984399921,0.849789681809547,"GO:0046916","cellular transition metal ion homeostasis"
50,0.0334488972499114,"Down",0.296746385251632,0.849789681809547,"GO:0006939","smooth muscle contraction"
70,0.0404780606134197,"Down",0.296779468251222,0.849789681809547,"GO:0030902","hindbrain development"
15,-0.025803620023893,"Down",0.296924862897256,0.849789681809547,"GO:0090279","regulation of calcium ion import"
92,0.0182336943731433,"Up",0.29704732592045,0.849789681809547,"GO:0034284","response to monosaccharide"
435,0.00111983185816325,"Down",0.297645620571782,0.849940787215264,"GO:0043549","regulation of kinase activity"
28,0.0186113760516379,"Up",0.298451227143286,0.849940787215264,"GO:0002279","mast cell activation involved in immune response"
42,-0.0191137908592537,"Down",0.298559930344377,0.849940787215264,"GO:0038066","p38MAPK cascade"
198,0.0128383974924837,"Up",0.298629387965039,0.849940787215264,"GO:0051251","positive regulation of lymphocyte activation"
18,-0.0452776387721451,"Down",0.298745392846215,0.849940787215264,"GO:0015012","heparan sulfate proteoglycan biosynthetic process"
110,0.00535062611242317,"Up",0.29911150339989,0.849940787215264,"GO:0033500","carbohydrate homeostasis"
120,0.00255304534552406,"Up",0.299602484836518,0.849940787215264,"GO:0043393","regulation of protein binding"
25,-0.0095972163214936,"Up",0.299780408063522,0.849940787215264,"GO:0050856","regulation of T cell receptor signaling pathway"
27,0.07113760617118,"Down",0.300604966421072,0.849940787215264,"GO:0001658","branching involved in ureteric bud morphogenesis"
58,0.0679120697221155,"Down",0.300709828668525,0.849940787215264,"GO:0072009","nephron epithelium development"
22,0.0146496754823116,"Up",0.300731678867257,0.849940787215264,"GO:0006778","porphyrin-containing compound metabolic process"
213,0.0100694676652741,"Up",0.301085901510603,0.849940787215264,"GO:0032102","negative regulation of response to external stimulus"
255,0.00695786906807,"Up",0.30114106815122,0.849940787215264,"GO:1901361","organic cyclic compound catabolic process"
28,0.17388142489897,"Up",0.301224350215488,0.849940787215264,"GO:0072599","establishment of protein localization to endoplasmic reticulum"
34,-0.00413655091735489,"Down",0.301390346953779,0.849940787215264,"GO:0046579","positive regulation of Ras protein signal transduction"
87,0.0115802488065167,"Up",0.301402447146974,0.849940787215264,"GO:1905952","regulation of lipid localization"
18,0.0398280811901456,"Up",0.301484447117921,0.849940787215264,"GO:0051444","negative regulation of ubiquitin-protein transferase activity"
62,0.0311127254784452,"Down",0.301651283319846,0.849940787215264,"GO:0060840","artery development"
30,0.0171071412467431,"Down",0.301685658480279,0.849940787215264,"GO:0050918","positive chemotaxis"
15,-0.0288733780040743,"Down",0.301954499828638,0.849940787215264,"GO:0061162","establishment of monopolar cell polarity"
15,-0.0288733780040743,"Down",0.301954499828638,0.849940787215264,"GO:0061339","establishment or maintenance of monopolar cell polarity"
16,0.0804766034990995,"Down",0.302305148143709,0.849940787215264,"GO:0032288","myelin assembly"
23,0.0531009420627914,"Down",0.302580368067486,0.849940787215264,"GO:0021695","cerebellar cortex development"
15,0.00773645970360532,"Up",0.303205624233658,0.849940787215264,"GO:1901984","negative regulation of protein acetylation"
65,0.0165069654734605,"Up",0.303363685836789,0.849940787215264,"GO:2001243","negative regulation of intrinsic apoptotic signaling pathway"
54,0.00212944464899276,"Down",0.3035494686131,0.849940787215264,"GO:0008645","hexose transmembrane transport"
54,0.00212944464899276,"Down",0.3035494686131,0.849940787215264,"GO:1904659","glucose transmembrane transport"
178,0.00260842534997358,"Down",0.30360784415269,0.849940787215264,"GO:0048872","homeostasis of number of cells"
21,0.0819347959360417,"Up",0.303763644417026,0.849940787215264,"GO:0010874","regulation of cholesterol efflux"
41,0.00112158701633177,"Up",0.304201272171391,0.850521924234297,"GO:0070265","necrotic cell death"
50,0.00710836288050545,"Down",0.304613398856738,0.850587877441938,"GO:0006029","proteoglycan metabolic process"
16,0.0925166757011347,"Down",0.304684762803614,0.850587877441938,"GO:0099084","postsynaptic specialization organization"
22,-0.00625392765111188,"Down",0.304984814618114,0.850669374054786,"GO:0032467","positive regulation of cytokinesis"
58,0.111480479474215,"Up",0.305173900884212,0.850669374054786,"GO:0002456","T cell mediated immunity"
32,0.0065731731435992,"Up",0.305408178315835,0.850681364149303,"GO:1902750","negative regulation of cell cycle G2/M phase transition"
23,-0.0172079973441149,"Up",0.306175841395164,0.852177906185638,"GO:0032365","intracellular lipid transport"
39,0.00269453064966407,"Down",0.306631731774959,0.852805094613212,"GO:0060291","long-term synaptic potentiation"
43,0.0374050655678203,"Up",0.307375969715177,0.853480549181491,"GO:0006576","cellular biogenic amine metabolic process"
15,-0.00239671126785205,"Down",0.307625724326508,0.853480549181491,"GO:0110110","positive regulation of animal organ morphogenesis"
335,0.00281217450116383,"Down",0.307769187350733,0.853480549181491,"GO:0071417","cellular response to organonitrogen compound"
25,0.0196368038058021,"Down",0.30779752706356,0.853480549181491,"GO:0030857","negative regulation of epithelial cell differentiation"
17,-0.00252134047350549,"Down",0.308859555333999,0.854539136352703,"GO:0001569","branching involved in blood vessel morphogenesis"
38,0.0184109389598116,"Up",0.309484840392709,0.854539136352703,"GO:0016445","somatic diversification of immunoglobulins"
20,0.00268877629270788,"Up",0.30960535397933,0.854539136352703,"GO:0070296","sarcoplasmic reticulum calcium ion transport"
92,0.00234572651721173,"Up",0.30968823397594,0.854539136352703,"GO:0016051","carbohydrate biosynthetic process"
16,-0.00753119393564428,"Up",0.309872614692088,0.854539136352703,"GO:1902410","mitotic cytokinetic process"
72,0.0289119893670743,"Up",0.310110931377946,0.854539136352703,"GO:0002718","regulation of cytokine production involved in immune response"
18,0.0376690562765079,"Down",0.310387969843017,0.854539136352703,"GO:0070633","transepithelial transport"
61,0.0266027249781123,"Down",0.310394340340298,0.854539136352703,"GO:0003206","cardiac chamber morphogenesis"
65,0.00521447976601951,"Up",0.310467543694071,0.854539136352703,"GO:0045807","positive regulation of endocytosis"
189,0.0332740865107924,"Down",0.310489483443642,0.854539136352703,"GO:0001655","urogenital system development"
31,-0.00593296188586556,"Down",0.310901446471193,0.854704367748165,"GO:0033555","multicellular organismal response to stress"
46,0.0319444737889199,"Up",0.31128058355153,0.854704367748165,"GO:0044106","cellular amine metabolic process"
41,-0.000714020439774388,"Up",0.3112886607036,0.854704367748165,"GO:0043648","dicarboxylic acid metabolic process"
15,0.0829457965247452,"Up",0.311553549229461,0.854704367748165,"GO:0006027","glycosaminoglycan catabolic process"
494,0.0116817672670825,"Down",0.311704837007914,0.854704367748165,"GO:0031175","neuron projection development"
56,-0.00282437208340186,"Down",0.31233327057046,0.85579316136306,"GO:0055007","cardiac muscle cell differentiation"
26,0.0408697626731258,"Up",0.313639984828681,0.858636212380564,"GO:1901568","fatty acid derivative metabolic process"
36,-0.0112442214120119,"Up",0.314127152184182,0.858636212380564,"GO:0001836","release of cytochrome c from mitochondria"
240,0.00195163863479479,"Up",0.314199584567579,0.858636212380564,"GO:0055065","metal ion homeostasis"
88,0.000221814632734851,"Up",0.314299386743251,0.858636212380564,"GO:0002688","regulation of leukocyte chemotaxis"
417,0.00968131318314778,"Up",0.314769868992283,0.85928689697598,"GO:0044255","cellular lipid metabolic process"
279,0.0168120440144862,"Up",0.315255446761146,0.859977800567462,"GO:0034248","regulation of cellular amide metabolic process"
18,-0.0139878437858831,"Down",0.315693651206221,0.860404245470269,"GO:0010453","regulation of cell fate commitment"
36,0.017697986640438,"Up",0.315876984414335,0.860404245470269,"GO:0016447","somatic recombination of immunoglobulin gene segments"
280,-0.00103614384439231,"Down",0.316139304581935,0.860485127040896,"GO:0007346","regulation of mitotic cell cycle"
26,-0.000779517746963227,"Down",0.317213974485281,0.860988815131861,"GO:0031111","negative regulation of microtubule polymerization or depolymerization"
22,0.0311365505342904,"Down",0.317378606732706,0.860988815131861,"GO:0050654","chondroitin sulfate proteoglycan metabolic process"
47,0.0182233610326734,"Up",0.317711593904283,0.860988815131861,"GO:0030032","lamellipodium assembly"
20,0.0170249920463484,"Up",0.317793478113864,0.860988815131861,"GO:0046460","neutral lipid biosynthetic process"
20,0.0170249920463484,"Up",0.317793478113864,0.860988815131861,"GO:0046463","acylglycerol biosynthetic process"
47,0.00355317624234775,"Up",0.317824785557144,0.860988815131861,"GO:0006766","vitamin metabolic process"
17,0.0296909222328146,"Up",0.317953695990841,0.860988815131861,"GO:0008053","mitochondrial fusion"
44,-0.010480648120242,"Up",0.318290464831475,0.861270248289411,"GO:0032410","negative regulation of transporter activity"
61,0.00936829412465268,"Down",0.31886213527581,0.861677408706411,"GO:0015698","inorganic anion transport"
84,0.0556349781122168,"Up",0.319097147348091,0.861677408706411,"GO:0001906","cell killing"
39,-0.00576957880576427,"Up",0.319316302857795,0.861677408706411,"GO:1905517","macrophage migration"
49,0.00192984223553291,"Up",0.319372729747632,0.861677408706411,"GO:1903533","regulation of protein targeting"
16,-0.016977105327876,"Down",0.320045274581155,0.86231485154508,"GO:0042596","fear response"
238,0.00713525893902154,"Up",0.320320800344714,0.86231485154508,"GO:1902903","regulation of supramolecular fiber organization"
35,0.0501260447817527,"Up",0.320502728251837,0.86231485154508,"GO:0002704","negative regulation of leukocyte mediated immunity"
66,-0.00498153979736872,"Up",0.321060533314148,0.86231485154508,"GO:0010769","regulation of cell morphogenesis involved in differentiation"
18,0.00625262645653807,"Up",0.321149243947201,0.86231485154508,"GO:0048384","retinoic acid receptor signaling pathway"
170,0.00212347205199767,"Up",0.321583664475877,0.86231485154508,"GO:0010720","positive regulation of cell development"
111,0.155218782296907,"Up",0.321829357224173,0.86231485154508,"GO:0006364","rRNA processing"
62,0.0137604462970828,"Down",0.32229419633351,0.86231485154508,"GO:1902106","negative regulation of leukocyte differentiation"
16,0.0886107108088919,"Down",0.322533515555416,0.86231485154508,"GO:0006346","DNA methylation-dependent heterochromatin formation"
30,-0.00140115060318277,"Down",0.323164694777215,0.86231485154508,"GO:0045132","meiotic chromosome segregation"
16,0.0446151381809351,"Up",0.323570589397597,0.86231485154508,"GO:0045948","positive regulation of translational initiation"
28,-0.019931560451004,"Down",0.323571303660591,0.86231485154508,"GO:0120163","negative regulation of cold-induced thermogenesis"
109,0.0258619828924081,"Down",0.323763025270191,0.86231485154508,"GO:0060541","respiratory system development"
63,0.0259416932436411,"Up",0.323833463031271,0.86231485154508,"GO:0120034","positive regulation of plasma membrane bounded cell projection assembly"
38,0.0245037873975125,"Down",0.324170903645785,0.86231485154508,"GO:0021954","central nervous system neuron development"
61,0.0083493784086092,"Down",0.324392416784432,0.86231485154508,"GO:0006865","amino acid transport"
35,0.00510372644967794,"Up",0.324964331440111,0.86231485154508,"GO:0045576","mast cell activation"
23,0.0314006347564144,"Up",0.325044038523723,0.86231485154508,"GO:0032814","regulation of natural killer cell activation"
54,-0.00479769615839341,"Down",0.325441958142913,0.86231485154508,"GO:0009791","post-embryonic development"
21,-0.0299613709913875,"Down",0.325976474977815,0.86231485154508,"GO:0048168","regulation of neuronal synaptic plasticity"
20,-0.00293113547308848,"Down",0.326737556627319,0.86231485154508,"GO:0051154","negative regulation of striated muscle cell differentiation"
36,-0.0141817119580585,"Down",0.326783136506868,0.86231485154508,"GO:0060998","regulation of dendritic spine development"
33,0.0168330690085207,"Up",0.326985475717902,0.86231485154508,"GO:0051926","negative regulation of calcium ion transport"
41,0.00412860802906794,"Up",0.327064888167743,0.86231485154508,"GO:0032722","positive regulation of chemokine production"
87,0.0697890629321962,"Down",0.327116007529249,0.86231485154508,"GO:0098742","cell-cell adhesion via plasma-membrane adhesion molecules"
34,-0.0199362940762363,"Down",0.328533304339287,0.86231485154508,"GO:0071470","cellular response to osmotic stress"
25,0.00464523316723999,"Down",0.328662672189086,0.86231485154508,"GO:0007019","microtubule depolymerization"
73,0.0273465349168382,"Up",0.328771014678455,0.86231485154508,"GO:0002367","cytokine production involved in immune response"
72,0.00658635973377762,"Down",0.329154178647738,0.86231485154508,"GO:0006694","steroid biosynthetic process"
121,0.00429159659701227,"Down",0.329186531055628,0.86231485154508,"GO:0014706","striated muscle tissue development"
266,0.0132807631628312,"Down",0.329861715263162,0.86231485154508,"GO:1905114","cell surface receptor signaling pathway involved in cell-cell signaling"
85,0.0155438561276956,"Up",0.329966083419267,0.86231485154508,"GO:0007030","Golgi organization"
71,0.0261399395659497,"Up",0.33022291608465,0.86231485154508,"GO:0051208","sequestering of calcium ion"
16,0.00135219798933745,"Down",0.330665823836592,0.86231485154508,"GO:0097284","hepatocyte apoptotic process"
92,0.0033452718859455,"Down",0.330845400915912,0.86231485154508,"GO:0031503","protein-containing complex localization"
30,0.0351346081680256,"Down",0.330943506041432,0.86231485154508,"GO:0030239","myofibril assembly"
30,0.0351346081680256,"Down",0.330943506041432,0.86231485154508,"GO:0055002","striated muscle cell development"
32,-0.00264467177322126,"Up",0.330953728899507,0.86231485154508,"GO:0002793","positive regulation of peptide secretion"
32,-0.00264467177322126,"Up",0.330953728899507,0.86231485154508,"GO:0090277","positive regulation of peptide hormone secretion"
65,0.0158430946399414,"Down",0.331102106573972,0.86231485154508,"GO:0010717","regulation of epithelial to mesenchymal transition"
49,0.0205691566037059,"Up",0.331121902220221,0.86231485154508,"GO:0072665","protein localization to vacuole"
36,0.0212161417148369,"Down",0.331333750450531,0.86231485154508,"GO:0001578","microtubule bundle formation"
33,0.00345228831326844,"Down",0.331453400522427,0.86231485154508,"GO:0046580","negative regulation of Ras protein signal transduction"
36,0.0663919812641057,"Down",0.332062256712365,0.86231485154508,"GO:0072028","nephron morphogenesis"
23,0.130097010078179,"Up",0.332270090359851,0.86231485154508,"GO:0042269","regulation of natural killer cell mediated cytotoxicity"
29,0.155102148534842,"Up",0.33228958131462,0.86231485154508,"GO:0002478","antigen processing and presentation of exogenous peptide antigen"
161,0.0453665505239792,"Up",0.332450772108709,0.86231485154508,"GO:0002460","adaptive immune response based on somatic recombination of immune receptors built from immunoglobulin superfamily domains"
55,0.00920682916031966,"Up",0.332530339272955,0.86231485154508,"GO:0002444","myeloid leukocyte mediated immunity"
63,0.0285548131284483,"Up",0.332799010970729,0.86231485154508,"GO:0090501","RNA phosphodiester bond hydrolysis"
27,0.066137361335918,"Up",0.332884808436536,0.86231485154508,"GO:1903170","negative regulation of calcium ion transmembrane transport"
34,-0.000693973864516986,"Up",0.332972341566838,0.86231485154508,"GO:0033059","cellular pigmentation"
21,-0.0267169231078801,"Down",0.333024419741625,0.86231485154508,"GO:0051955","regulation of amino acid transport"
25,-0.0281513619611119,"Up",0.333090724914079,0.86231485154508,"GO:2001258","negative regulation of cation channel activity"
40,0.118335049682592,"Down",0.333102505373681,0.86231485154508,"GO:0000288","nuclear-transcribed mRNA catabolic process, deadenylation-dependent decay"
20,-0.0310240894449646,"Up",0.33380615518837,0.86231485154508,"GO:0045981","positive regulation of nucleotide metabolic process"
20,-0.0310240894449646,"Up",0.33380615518837,0.86231485154508,"GO:1900544","positive regulation of purine nucleotide metabolic process"
30,-0.0226614824512754,"Up",0.3339447897856,0.86231485154508,"GO:0006767","water-soluble vitamin metabolic process"
48,0.0967937886158785,"Up",0.334066701012675,0.86231485154508,"GO:0061077","chaperone-mediated protein folding"
28,0.0239752643843274,"Down",0.33417746828469,0.86231485154508,"GO:1904646","cellular response to amyloid-beta"
37,0.135456822961517,"Up",0.334341537230514,0.86231485154508,"GO:0060337","type I interferon signaling pathway"
21,0.0721652563624681,"Down",0.334411825449758,0.86231485154508,"GO:0045005","DNA-templated DNA replication maintenance of fidelity"
98,0.0344838668520049,"Up",0.334590698239699,0.86231485154508,"GO:0045766","positive regulation of angiogenesis"
98,0.0344838668520049,"Up",0.334590698239699,0.86231485154508,"GO:1904018","positive regulation of vasculature development"
34,0.0234593594762877,"Up",0.33498541651525,0.86231485154508,"GO:0016601","Rac protein signal transduction"
150,0.00457519552635699,"Up",0.335028549186014,0.86231485154508,"GO:0002685","regulation of leukocyte migration"
25,0.0336316146648181,"Down",0.335148975398222,0.86231485154508,"GO:0022602","ovulation cycle process"
104,0.00887152416619665,"Down",0.335309616526518,0.86231485154508,"GO:0010634","positive regulation of epithelial cell migration"
109,0.00731760637354065,"Up",0.335461225026594,0.86231485154508,"GO:0042593","glucose homeostasis"
22,0.0240152632196736,"Up",0.335698095601213,0.862324483075615,"GO:0050691","regulation of defense response to virus by host"
16,0.0993053760291377,"Down",0.335933539055778,0.862330437867677,"GO:0060074","synapse maturation"
64,0.0404324507987846,"Up",0.336964027424387,0.864375823469354,"GO:0034620","cellular response to unfolded protein"
21,0.043441174094594,"Up",0.337437161452544,0.864989646717229,"GO:0090322","regulation of superoxide metabolic process"
31,0.0627567824058547,"Down",0.338948512718059,0.865353991187803,"GO:0045682","regulation of epidermis development"
22,0.00610356559148509,"Down",0.339894168769936,0.865353991187803,"GO:0060317","cardiac epithelial to mesenchymal transition"
15,0.0413798266593579,"Down",0.33993916626276,0.865353991187803,"GO:0045776","negative regulation of blood pressure"
50,-0.011390329380358,"Down",0.340216722522849,0.865353991187803,"GO:0007613","memory"
168,0.0417872259381913,"Down",0.340256527771641,0.865353991187803,"GO:0072001","renal system development"
72,0.00210158218076001,"Up",0.340403687380958,0.865353991187803,"GO:0043271","negative regulation of ion transport"
43,0.117196357423823,"Up",0.340462847960124,0.865353991187803,"GO:0034340","response to type I interferon"
17,0.0229762276690483,"Down",0.340471422964143,0.865353991187803,"GO:0101023","vascular endothelial cell proliferation"
17,0.0229762276690483,"Down",0.340471422964143,0.865353991187803,"GO:1905562","regulation of vascular endothelial cell proliferation"
19,0.0427990930172554,"Up",0.340516455275223,0.865353991187803,"GO:0006515","protein quality control for misfolded or incompletely synthesized proteins"
85,0.00125759750822952,"Up",0.340525973297045,0.865353991187803,"GO:0051092","positive regulation of NF-kappaB transcription factor activity"
19,-0.0166637475699877,"Down",0.340527618503922,0.865353991187803,"GO:0031114","regulation of microtubule depolymerization"
18,0.0662565358281827,"Down",0.340816835221615,0.865353991187803,"GO:0050982","detection of mechanical stimulus"
29,0.00323551533035088,"Down",0.341250405016986,0.865353991187803,"GO:0050805","negative regulation of synaptic transmission"
117,0.018582413716521,"Down",0.341636410735925,0.865353991187803,"GO:0034764","positive regulation of transmembrane transport"
155,-0.00456393349744807,"Down",0.342444708094055,0.865353991187803,"GO:0051403","stress-activated MAPK cascade"
59,0.00765884770444384,"Up",0.343021249354051,0.865353991187803,"GO:0010565","regulation of cellular ketone metabolic process"
27,0.0114907128051718,"Up",0.343351257705768,0.865353991187803,"GO:0043303","mast cell degranulation"
28,0.0811725877759963,"Down",0.343666837683931,0.865353991187803,"GO:0035850","epithelial cell differentiation involved in kidney development"
58,0.00849357365506184,"Up",0.343731043994488,0.865353991187803,"GO:0042102","positive regulation of T cell proliferation"
15,0.0461180640234434,"Down",0.343775902282243,0.865353991187803,"GO:0045823","positive regulation of heart contraction"
15,0.0461180640234434,"Down",0.343775902282243,0.865353991187803,"GO:1903524","positive regulation of blood circulation"
140,0.00774044415161184,"Up",0.343915358796269,0.865353991187803,"GO:0044262","cellular carbohydrate metabolic process"
198,-0.00125146596504415,"Down",0.344091226712432,0.865353991187803,"GO:1901990","regulation of mitotic cell cycle phase transition"
95,0.0357259729656504,"Up",0.344374883074358,0.865353991187803,"GO:0034341","response to interferon-gamma"
25,-0.00635301397365819,"Up",0.344558360799076,0.865353991187803,"GO:0042088","T-helper 1 type immune response"
38,0.145874733045484,"Up",0.344571933467288,0.865353991187803,"GO:0071357","cellular response to type I interferon"
438,0.00516209330099258,"Up",0.344641201727117,0.865353991187803,"GO:0046649","lymphocyte activation"
19,0.0530497521884789,"Down",0.344736989757655,0.865353991187803,"GO:0021879","forebrain neuron differentiation"
19,-0.00611453611340639,"Up",0.344831517440071,0.865353991187803,"GO:0014808","release of sequestered calcium ion into cytosol by sarcoplasmic reticulum"
19,-0.00611453611340639,"Up",0.344831517440071,0.865353991187803,"GO:1903514","release of sequestered calcium ion into cytosol by endoplasmic reticulum"
140,0.0119903477839219,"Up",0.34545689562706,0.866335631813216,"GO:2001234","negative regulation of apoptotic signaling pathway"
110,0.0188691058885328,"Up",0.345918725837567,0.866568832906258,"GO:0009743","response to carbohydrate"
59,0.00386302600044872,"Down",0.3460184282786,0.866568832906258,"GO:0032414","positive regulation of ion transmembrane transporter activity"
43,0.00768767763821607,"Down",0.346313578889774,0.866721196423054,"GO:0002548","monocyte chemotaxis"
36,0.000285101917067105,"Up",0.346913776456115,0.867636280670162,"GO:0022600","digestive system process"
59,0.00915926675293327,"Down",0.347562571173505,0.868615837028204,"GO:2001237","negative regulation of extrinsic apoptotic signaling pathway"
38,-0.00417291708474602,"Down",0.347807988228854,0.868615837028204,"GO:0010596","negative regulation of endothelial cell migration"
17,-0.0335643757682398,"Down",0.348009913618761,0.868615837028204,"GO:0045932","negative regulation of muscle contraction"
55,-0.0119043562038437,"Down",0.349313181727411,0.869712079768786,"GO:0006970","response to osmotic stress"
164,0.0416317630844703,"Down",0.349489101623857,0.869712079768786,"GO:0001822","kidney development"
31,-0.00356039973018657,"Up",0.349566211195084,0.869712079768786,"GO:0060324","face development"
40,-0.00459946583692324,"Up",0.349928870858018,0.869712079768786,"GO:0006094","gluconeogenesis"
109,0.0182654260199598,"Down",0.350148933628159,0.869712079768786,"GO:0050807","regulation of synapse organization"
58,0.00825537229066072,"Down",0.350316783586787,0.869712079768786,"GO:0090100","positive regulation of transmembrane receptor protein serine/threonine kinase signaling pathway"
41,0.00287008114088366,"Down",0.350619031325657,0.869712079768786,"GO:0010718","positive regulation of epithelial to mesenchymal transition"
18,-0.0335110531812554,"Up",0.350801256862924,0.869712079768786,"GO:0050687","negative regulation of defense response to virus"
108,-0.00561414463495612,"Down",0.351396829650068,0.869712079768786,"GO:0007254","JNK cascade"
159,0.0114657259460826,"Down",0.351648775470716,0.869712079768786,"GO:0048638","regulation of developmental growth"
202,0.0103343226632845,"Up",0.351677785459221,0.869712079768786,"GO:0010639","negative regulation of organelle organization"
22,0.0248750761323553,"Down",0.351817214064604,0.869712079768786,"GO:0045648","positive regulation of erythrocyte differentiation"
15,0.0343449614428121,"Down",0.351962534107902,0.869712079768786,"GO:0007099","centriole replication"
15,0.0343449614428121,"Down",0.351962534107902,0.869712079768786,"GO:0098534","centriole assembly"
16,0.0588214847324003,"Up",0.352070607993421,0.869712079768786,"GO:0046641","positive regulation of alpha-beta T cell proliferation"
30,-0.0143274441727463,"Up",0.352265462620189,0.869712079768786,"GO:0035305","negative regulation of dephosphorylation"
16,0.00882746321870185,"Up",0.352633340418391,0.869712079768786,"GO:0042181","ketone biosynthetic process"
44,0.0073973272088061,"Down",0.352681297554252,0.869712079768786,"GO:0044070","regulation of anion transport"
130,0.0137125667723414,"Down",0.353757893556685,0.871101522252971,"GO:0008544","epidermis development"
18,-0.0163432727205558,"Up",0.353840963381361,0.871101522252971,"GO:0001881","receptor recycling"
56,0.0127732992496986,"Up",0.354602784661753,0.871101522252971,"GO:0000281","mitotic cytokinesis"
29,0.00246131309684991,"Down",0.354847901756657,0.871101522252971,"GO:0097035","regulation of membrane lipid distribution"
72,0.0068103535929375,"Up",0.355033892425981,0.871101522252971,"GO:0007173","epidermal growth factor receptor signaling pathway"
473,0.00170925992420156,"Down",0.355136827307505,0.871101522252971,"GO:0010562","positive regulation of phosphorus metabolic process"
473,0.00170925992420156,"Down",0.355136827307505,0.871101522252971,"GO:0045937","positive regulation of phosphate metabolic process"
21,0.0120591779136074,"Up",0.355180878793964,0.871101522252971,"GO:0071276","cellular response to cadmium ion"
15,0.0240472718513027,"Down",0.355706481623477,0.871101522252971,"GO:0034390","smooth muscle cell apoptotic process"
15,0.0240472718513027,"Down",0.355706481623477,0.871101522252971,"GO:0034391","regulation of smooth muscle cell apoptotic process"
475,0.0268896001965394,"Down",0.355835198735939,0.871101522252971,"GO:0009887","animal organ morphogenesis"
145,-0.00110890688486843,"Down",0.356399073727549,0.871185398527088,"GO:0006650","glycerophospholipid metabolic process"
179,0.0336437728415378,"Down",0.356555455343637,0.871185398527088,"GO:0042063","gliogenesis"
31,-0.0156397244466094,"Up",0.35657601875372,0.871185398527088,"GO:0043124","negative regulation of I-kappaB kinase/NF-kappaB signaling"
15,0.10986936403382,"Up",0.357123358000096,0.871574965387752,"GO:0002825","regulation of T-helper 1 type immune response"
26,0.0108610426377212,"Down",0.357206717363567,0.871574965387752,"GO:0060688","regulation of morphogenesis of a branching structure"
38,0.00840187873828558,"Up",0.357532150756722,0.871793952306602,"GO:0043666","regulation of phosphoprotein phosphatase activity"
16,0.0366682114843367,"Down",0.358785856657646,0.873342500830557,"GO:1902993","positive regulation of amyloid precursor protein catabolic process"
115,0.00818511903907035,"Up",0.359189991690533,0.873342500830557,"GO:0043123","positive regulation of I-kappaB kinase/NF-kappaB signaling"
20,0.0594782146511947,"Down",0.359273728449476,0.873342500830557,"GO:0010613","positive regulation of cardiac muscle hypertrophy"
20,0.0594782146511947,"Down",0.359273728449476,0.873342500830557,"GO:0014742","positive regulation of muscle hypertrophy"
19,0.0775293420950761,"Down",0.35963374283798,0.873342500830557,"GO:0048841","regulation of axon extension involved in axon guidance"
304,-0.00179821673415603,"Up",0.359668667710732,0.873342500830557,"GO:0009896","positive regulation of catabolic process"
126,0.0161930775222156,"Up",0.360180135461925,0.873342500830557,"GO:0002703","regulation of leukocyte mediated immunity"
17,0.120241438814806,"Down",0.360450851367038,0.873342500830557,"GO:0035082","axoneme assembly"
58,0.0164656452749899,"Down",0.360481684403932,0.873342500830557,"GO:0090288","negative regulation of cellular response to growth factor stimulus"
46,0.00716512275643385,"Up",0.36064233768535,0.873342500830557,"GO:1901983","regulation of protein acetylation"
19,-0.0299223046881838,"Up",0.3607643528708,0.873342500830557,"GO:0045923","positive regulation of fatty acid metabolic process"
19,0.0358880758196852,"Up",0.361587896358751,0.874497680223871,"GO:0090313","regulation of protein targeting to membrane"
34,0.036540320115166,"Down",0.361714368949046,0.874497680223871,"GO:0006821","chloride transport"
18,0.0508046128068092,"Up",0.362180837028806,0.875053505009505,"GO:0010800","positive regulation of peptidyl-threonine phosphorylation"
160,0.0169865429881131,"Down",0.363070019977903,0.875586554830844,"GO:0007600","sensory perception"
51,0.0502547006785083,"Down",0.363631960237487,0.875586554830844,"GO:0001657","ureteric bud development"
51,0.0502547006785083,"Down",0.363631960237487,0.875586554830844,"GO:0072163","mesonephric epithelium development"
51,0.0502547006785083,"Down",0.363631960237487,0.875586554830844,"GO:0072164","mesonephric tubule development"
32,0.0239368447570629,"Up",0.364357147792662,0.875586554830844,"GO:2000677","regulation of transcription regulatory region DNA binding"
31,-0.00852943550392981,"Down",0.364531528916582,0.875586554830844,"GO:0051145","smooth muscle cell differentiation"
15,0.101034429869369,"Down",0.364563083548482,0.875586554830844,"GO:0048843","negative regulation of axon extension involved in axon guidance"
24,-0.0185639665948382,"Up",0.365098517967285,0.875586554830844,"GO:0098751","bone cell development"
42,0.0157428540306274,"Down",0.365928347716236,0.875586554830844,"GO:0051588","regulation of neurotransmitter transport"
17,-0.0291878585832615,"Up",0.366189165016137,0.875586554830844,"GO:0090200","positive regulation of release of cytochrome c from mitochondria"
142,0.00334846812073084,"Down",0.366469440301921,0.875586554830844,"GO:0000082","G1/S transition of mitotic cell cycle"
158,0.00118708392294956,"Down",0.366855126701342,0.875586554830844,"GO:0048511","rhythmic process"
37,0.0335754202466429,"Down",0.367469531679887,0.875586554830844,"GO:0000768","syncytium formation by plasma membrane fusion"
37,0.0335754202466429,"Down",0.367469531679887,0.875586554830844,"GO:0140253","cell-cell fusion"
112,0.00880548338260564,"Up",0.367864030463242,0.875586554830844,"GO:0002285","lymphocyte activation involved in immune response"
15,0.0245119291550488,"Down",0.367934494202683,0.875586554830844,"GO:0034508","centromere complex assembly"
17,0.00910340432150447,"Up",0.36812222597631,0.875586554830844,"GO:0019432","triglyceride biosynthetic process"
39,0.0217764970246666,"Down",0.368190522438567,0.875586554830844,"GO:0006949","syncytium formation"
36,0.0421593124609762,"Up",0.368432248154038,0.875586554830844,"GO:0007566","embryo implantation"
110,0.0175715875310238,"Down",0.368471469831496,0.875586554830844,"GO:0050803","regulation of synapse structure or activity"
205,0.0133003027823918,"Down",0.368624878985657,0.875586554830844,"GO:0042692","muscle cell differentiation"
120,0.00372916814665464,"Up",0.368916135003579,0.875586554830844,"GO:0051495","positive regulation of cytoskeleton organization"
396,0.00951397566737882,"Down",0.369002699501532,0.875586554830844,"GO:0071363","cellular response to growth factor stimulus"
57,0.0138128637713878,"Down",0.369239063569038,0.875586554830844,"GO:0048640","negative regulation of developmental growth"
37,-0.0139305905362514,"Down",0.370499844122331,0.875586554830844,"GO:0006493","protein O-linked glycosylation"
45,-0.00531602942086191,"Up",0.371071836684882,0.875586554830844,"GO:0051262","protein tetramerization"
20,0.00392170114704809,"Down",0.371224077670939,0.875586554830844,"GO:0030279","negative regulation of ossification"
18,0.00462108890889443,"Up",0.371506514240701,0.875586554830844,"GO:0000959","mitochondrial RNA metabolic process"
64,0.0134941520784185,"Down",0.371532414899415,0.875586554830844,"GO:1903707","negative regulation of hemopoiesis"
93,0.0165340859670126,"Down",0.371851906393665,0.875586554830844,"GO:0099173","postsynapse organization"
21,0.0172517554188818,"Up",0.372160272707893,0.875586554830844,"GO:1903432","regulation of TORC1 signaling"
70,0.0121012051700789,"Down",0.372262217126581,0.875586554830844,"GO:0071805","potassium ion transmembrane transport"
62,0.00482829601993942,"Down",0.372608219709286,0.875586554830844,"GO:0030534","adult behavior"
21,0.153517255480823,"Up",0.372694090344437,0.875586554830844,"GO:0070198","protein localization to chromosome, telomeric region"
78,0.0647348031561158,"Down",0.372853037158226,0.875586554830844,"GO:0072073","kidney epithelium development"
78,0.0494343471845978,"Up",0.372935682332229,0.875586554830844,"GO:0035967","cellular response to topologically incorrect protein"
57,0.0300666331326374,"Down",0.372999041503715,0.875586554830844,"GO:0001938","positive regulation of endothelial cell proliferation"
42,0.0213335121232952,"Down",0.373352690369975,0.875586554830844,"GO:0014743","regulation of muscle hypertrophy"
19,0.0147556197249214,"Down",0.37368700046288,0.875586554830844,"GO:1902692","regulation of neuroblast proliferation"
40,0.0293556812134445,"Up",0.373854267159483,0.875586554830844,"GO:0030101","natural killer cell activation"
50,0.0380571441367109,"Up",0.374276033334227,0.875586554830844,"GO:0009308","amine metabolic process"
137,0.00491296714258047,"Up",0.374400631482661,0.875586554830844,"GO:0051091","positive regulation of DNA-binding transcription factor activity"
55,0.0211287587362016,"Up",0.374750012987898,0.875586554830844,"GO:0042147","retrograde transport, endosome to Golgi"
33,0.0183246030252458,"Up",0.374988059400691,0.875586554830844,"GO:0007080","mitotic metaphase plate congression"
37,0.000169641133250446,"Up",0.374996496851968,0.875586554830844,"GO:0036465","synaptic vesicle recycling"
26,-0.0189224604479411,"Up",0.375008542067707,0.875586554830844,"GO:0009154","purine ribonucleotide catabolic process"
19,0.0240942224585006,"Down",0.375041539223939,0.875586554830844,"GO:0032924","activin receptor signaling pathway"
20,-0.0143372933731239,"Down",0.375126454320681,0.875586554830844,"GO:0043403","skeletal muscle tissue regeneration"
35,0.0159770902921219,"Down",0.375149020461428,0.875586554830844,"GO:0051148","negative regulation of muscle cell differentiation"
19,0.0249362741797616,"Down",0.375479032029228,0.875586554830844,"GO:0030204","chondroitin sulfate metabolic process"
23,0.0212542751562024,"Up",0.375541675779771,0.875586554830844,"GO:0046148","pigment biosynthetic process"
29,0.198412050093205,"Up",0.375739216797717,0.875586554830844,"GO:0001913","T cell mediated cytotoxicity"
49,0.000361826375431913,"Up",0.376037275822541,0.875586554830844,"GO:0140056","organelle localization by membrane tethering"
37,0.0196061010225687,"Up",0.376284683182704,0.875586554830844,"GO:0070534","protein K63-linked ubiquitination"
18,0.00388914308036954,"Up",0.376695975028718,0.875586554830844,"GO:0003016","respiratory system process"
38,-0.00971971082439324,"Up",0.376757935295609,0.875586554830844,"GO:0008333","endosome to lysosome transport"
25,0.00140439893383227,"Up",0.376814876780933,0.875586554830844,"GO:0044319","wound healing, spreading of cells"
25,0.00140439893383227,"Up",0.376814876780933,0.875586554830844,"GO:0090504","epiboly"
25,0.00140439893383227,"Up",0.376814876780933,0.875586554830844,"GO:0090505","epiboly involved in wound healing"
32,0.0645991038928949,"Down",0.377082603563981,0.875586554830844,"GO:1905330","regulation of morphogenesis of an epithelium"
315,0.0158090368428278,"Up",0.377384394375043,0.875586554830844,"GO:0010608","post-transcriptional regulation of gene expression"
166,0.0158349212460651,"Down",0.377712926278959,0.875586554830844,"GO:0060070","canonical Wnt signaling pathway"
23,0.0288038298782604,"Down",0.377724251593776,0.875586554830844,"GO:2001222","regulation of neuron migration"
17,0.0206065064474563,"Up",0.377875047398341,0.875586554830844,"GO:0090314","positive regulation of protein targeting to membrane"
19,0.0365800989121843,"Down",0.378032811651643,0.875586554830844,"GO:0140718","facultative heterochromatin formation"
37,0.0195522259670263,"Down",0.378445062384008,0.875586554830844,"GO:0046928","regulation of neurotransmitter secretion"
28,0.0149359121619977,"Down",0.378454423489316,0.875586554830844,"GO:0060425","lung morphogenesis"
24,0.0390122233400266,"Up",0.378885150884841,0.875586554830844,"GO:1905898","positive regulation of response to endoplasmic reticulum stress"
471,0.0152803836574895,"Down",0.378932366937339,0.875586554830844,"GO:0051093","negative regulation of developmental process"
243,0.0248554846685687,"Up",0.378971093345277,0.875586554830844,"GO:0006417","regulation of translation"
42,0.0135433363651778,"Down",0.379689038714778,0.876153279750883,"GO:0061337","cardiac conduction"
15,0.121976024611043,"Down",0.379926969645963,0.876153279750883,"GO:0031445","regulation of heterochromatin formation"
15,0.121976024611043,"Down",0.379926969645963,0.876153279750883,"GO:0120261","regulation of heterochromatin organization"
137,0.00733622605951413,"Up",0.38037462809817,0.87663909615896,"GO:0002274","myeloid leukocyte activation"
21,0.0336938729404997,"Down",0.381381848515716,0.877949409728945,"GO:0044458","motile cilium assembly"
25,0.0023706053739643,"Down",0.381533513812388,0.877949409728945,"GO:0045197","establishment or maintenance of epithelial cell apical/basal polarity"
24,0.00834095239807101,"Down",0.381655217854594,0.877949409728945,"GO:0051642","centrosome localization"
31,0.025632903814979,"Down",0.382253993459048,0.878780311873847,"GO:0051149","positive regulation of muscle cell differentiation"
41,0.0232687683023255,"Down",0.38290426043246,0.879728484061907,"GO:0010611","regulation of cardiac muscle hypertrophy"
17,-0.0136074965495172,"Up",0.38349583523285,0.880453722323636,"GO:0039531","regulation of viral-induced cytoplasmic pattern recognition receptor signaling pathway"
39,-0.00859713186941114,"Down",0.383695971988565,0.880453722323636,"GO:0051057","positive regulation of small GTPase mediated signal transduction"
37,-0.0059494459777879,"Down",0.385047046910624,0.881557845639122,"GO:0043407","negative regulation of MAP kinase activity"
15,0.0358324961212745,"Up",0.385708761674197,0.881557845639122,"GO:0009069","serine family amino acid metabolic process"
56,-0.00470913992085056,"Down",0.385786699715474,0.881557845639122,"GO:0060996","dendritic spine development"
113,0.00291426370390517,"Down",0.385845123284558,0.881557845639122,"GO:0060348","bone development"
129,0.0048078849421995,"Up",0.386050158680376,0.881557845639122,"GO:0031669","cellular response to nutrient levels"
34,0.0211649850724271,"Up",0.386149213696236,0.881557845639122,"GO:0035065","regulation of histone acetylation"
22,0.0677515989625254,"Down",0.386150497878049,0.881557845639122,"GO:0060428","lung epithelium development"
117,0.000248220978912319,"Up",0.386893320161124,0.881557845639122,"GO:0060491","regulation of cell projection assembly"
117,0.000248220978912319,"Up",0.386893320161124,0.881557845639122,"GO:0120032","regulation of plasma membrane bounded cell projection assembly"
19,-0.0069065651573331,"Down",0.386955405869944,0.881557845639122,"GO:0048663","neuron fate commitment"
82,-0.00384625486401103,"Up",0.387130234668689,0.881557845639122,"GO:0043524","negative regulation of neuron apoptotic process"
29,0.0179014630520015,"Down",0.387386609104748,0.881557845639122,"GO:0016126","sterol biosynthetic process"
24,0.0953404851089185,"Down",0.387478335722819,0.881557845639122,"GO:0030517","negative regulation of axon extension"
17,-0.00897246788914221,"Down",0.387513667750531,0.881557845639122,"GO:0002360","T cell lineage commitment"
452,0.0210099291582574,"Up",0.388213683092758,0.882607506920782,"GO:0050776","regulation of immune response"
68,0.0152267299452215,"Up",0.389091590327814,0.883772567358781,"GO:0032368","regulation of lipid transport"
63,0.00470150918214839,"Down",0.389443898785832,0.883772567358781,"GO:1901989","positive regulation of cell cycle phase transition"
32,-0.00115086802932318,"Up",0.389700427337761,0.883772567358781,"GO:0048488","synaptic vesicle endocytosis"
32,-0.00115086802932318,"Up",0.389700427337761,0.883772567358781,"GO:0140238","presynaptic endocytosis"
97,0.0276064934659218,"Down",0.39009304328281,0.883772567358781,"GO:0030324","lung development"
19,-0.000523017384802026,"Down",0.390293933256172,0.883772567358781,"GO:0048286","lung alveolus development"
22,-0.00559695535241657,"Down",0.39067154192705,0.883772567358781,"GO:0070509","calcium ion import"
23,0.0273881618116104,"Up",0.390749855686479,0.883772567358781,"GO:0042398","cellular modified amino acid biosynthetic process"
15,-0.0195549186407561,"Up",0.391067461562672,0.883772567358781,"GO:0071359","cellular response to dsRNA"
113,0.00855392129532029,"Down",0.391115353545911,0.883772567358781,"GO:0043405","regulation of MAP kinase activity"
101,0.0243686211594871,"Down",0.392412333440617,0.88567802062163,"GO:0030323","respiratory tube development"
44,0.0443937107960782,"Up",0.392437490078089,0.88567802062163,"GO:0043299","leukocyte degranulation"
16,-0.026905299469024,"Down",0.393991965131885,0.888201287318284,"GO:0072337","modified amino acid transport"
114,0.00484891941846236,"Up",0.394035769799758,0.888201287318284,"GO:1902905","positive regulation of supramolecular fiber organization"
274,0.0177604561885243,"Down",0.394817653242328,0.888271234936356,"GO:0001667","ameboidal-type cell migration"
34,0.122954274306633,"Up",0.395039562714665,0.888271234936356,"GO:0019884","antigen processing and presentation of exogenous antigen"
46,0.0375093736850599,"Down",0.395579342970818,0.888271234936356,"GO:0030888","regulation of B cell proliferation"
245,0.00881426703277718,"Up",0.395935101783479,0.888271234936356,"GO:0019439","aromatic compound catabolic process"
191,0.0162290506112441,"Up",0.396033840884355,0.888271234936356,"GO:0097193","intrinsic apoptotic signaling pathway"
189,0.0119844084694747,"Up",0.396055792683096,0.888271234936356,"GO:0022409","positive regulation of cell-cell adhesion"
28,-0.00645374356400617,"Down",0.396155391846979,0.888271234936356,"GO:0048662","negative regulation of smooth muscle cell proliferation"
215,0.0021433289820693,"Down",0.396313565459139,0.888271234936356,"GO:0043087","regulation of GTPase activity"
232,0.0103492456290624,"Down",0.396360096579233,0.888271234936356,"GO:0001503","ossification"
77,0.0266563680803835,"Down",0.396468182989977,0.888271234936356,"GO:0090090","negative regulation of canonical Wnt signaling pathway"
66,0.0278410791474005,"Down",0.39687132412425,0.888636215457386,"GO:0009408","response to heat"
21,0.240091972271189,"Down",0.397249675359725,0.8889452807959,"GO:1900151","regulation of nuclear-transcribed mRNA catabolic process, deadenylation-dependent decay"
35,-0.00612303277961454,"Down",0.39793792843435,0.889947035839577,"GO:0015837","amine transport"
28,-0.0227969387330605,"Down",0.398604574051637,0.890899286656802,"GO:0007200","phospholipase C-activating G protein-coupled receptor signaling pathway"
28,0.00756499592921903,"Up",0.399474961348138,0.890943112289495,"GO:0033013","tetrapyrrole metabolic process"
71,0.00823292843358964,"Down",0.399511951661752,0.890943112289495,"GO:0008286","insulin receptor signaling pathway"
325,0.0285086723564876,"Down",0.399556573974153,0.890943112289495,"GO:0048812","neuron projection morphogenesis"
20,0.0265762219405416,"Up",0.399587624571039,0.890943112289495,"GO:1903115","regulation of actin filament-based movement"
21,-0.0147871959308308,"Up",0.400037236970773,0.891120567945944,"GO:0055094","response to lipoprotein particle"
16,0.0548603431737507,"Up",0.400347161252531,0.891120567945944,"GO:0009081","branched-chain amino acid metabolic process"
18,0.063109571954761,"Down",0.400389938882443,0.891120567945944,"GO:0051155","positive regulation of striated muscle cell differentiation"
135,0.0243315508888939,"Up",0.400969332390254,0.891695569672641,"GO:0072593","reactive oxygen species metabolic process"
91,0.00648948320567472,"Down",0.40113042117742,0.891695569672641,"GO:0010970","transport along microtubule"
105,0.0141671330282858,"Up",0.402251012046875,0.893649545682518,"GO:0016482","cytosolic transport"
31,0.0432572023096829,"Down",0.40253670860853,0.893747470073802,"GO:1904645","response to amyloid-beta"
38,0.0133860216216845,"Down",0.404314294849352,0.897155714845683,"GO:0042246","tissue regeneration"
162,0.0230044478406125,"Up",0.40473402247145,0.897411243035448,"GO:1903039","positive regulation of leukocyte cell-cell adhesion"
16,-0.0312105250431466,"Down",0.404914670080066,0.897411243035448,"GO:0002209","behavioral defense response"
193,0.010271771524401,"Down",0.405629691070918,0.897525809233071,"GO:0051056","regulation of small GTPase mediated signal transduction"
30,0.0066075866093181,"Down",0.405644602220354,0.897525809233071,"GO:1902017","regulation of cilium assembly"
41,0.0276354333549569,"Up",0.406435903735892,0.897525809233071,"GO:0140029","exocytic process"
25,-0.033097850105339,"Up",0.406936602206464,0.897525809233071,"GO:0097242","amyloid-beta clearance"
18,-0.0360814556717915,"Up",0.406974396995282,0.897525809233071,"GO:0046189","phenol-containing compound biosynthetic process"
23,0.0277722552446666,"Down",0.406983191064762,0.897525809233071,"GO:0034405","response to fluid shear stress"
27,0.00483910029721235,"Down",0.407955775362491,0.897525809233071,"GO:1900087","positive regulation of G1/S transition of mitotic cell cycle"
149,0.0126882398340239,"Down",0.407979055287986,0.897525809233071,"GO:0090092","regulation of transmembrane receptor protein serine/threonine kinase signaling pathway"
66,0.0314717800782035,"Up",0.408187440916671,0.897525809233071,"GO:0051209","release of sequestered calcium ion into cytosol"
39,0.0135449154255203,"Up",0.40829524198796,0.897525809233071,"GO:0060760","positive regulation of response to cytokine stimulus"
39,0.0266585442206829,"Down",0.40852561163668,0.897525809233071,"GO:0045600","positive regulation of fat cell differentiation"
52,0.0156539269927645,"Up",0.408679067430107,0.897525809233071,"GO:0120254","olefinic compound metabolic process"
16,0.0179087506412961,"Down",0.409138155114145,0.897525809233071,"GO:0010830","regulation of myotube differentiation"
96,0.0483923326249023,"Down",0.409379336987817,0.897525809233071,"GO:0007272","ensheathment of neurons"
96,0.0483923326249023,"Down",0.409379336987817,0.897525809233071,"GO:0008366","axon ensheathment"
35,0.0128562428384787,"Down",0.409848383264685,0.897525809233071,"GO:0071868","cellular response to monoamine stimulus"
35,0.0128562428384787,"Down",0.409848383264685,0.897525809233071,"GO:0071870","cellular response to catecholamine stimulus"
31,0.0112154778171155,"Down",0.409884782005185,0.897525809233071,"GO:1902041","regulation of extrinsic apoptotic signaling pathway via death domain receptors"
115,0.0114195791772738,"Down",0.410257483510916,0.897525809233071,"GO:0010594","regulation of endothelial cell migration"
94,0.0519201735545427,"Down",0.410548123769777,0.897525809233071,"GO:0042552","myelination"
89,0.0493957124865407,"Down",0.410789559891228,0.897525809233071,"GO:0043488","regulation of mRNA stability"
28,-0.0104537019884243,"Up",0.410813894459817,0.897525809233071,"GO:0032024","positive regulation of insulin secretion"
271,0.00582273063456708,"Down",0.410997587796313,0.897525809233071,"GO:1901652","response to peptide"
36,-0.0155755865146786,"Up",0.411331994383756,0.897525809233071,"GO:0006879","cellular iron ion homeostasis"
31,0.0202227676999885,"Up",0.411408382525432,0.897525809233071,"GO:0072583","clathrin-dependent endocytosis"
20,0.173204644908451,"Up",0.412064425084043,0.897525809233071,"GO:0032620","interleukin-17 production"
20,0.173204644908451,"Up",0.412064425084043,0.897525809233071,"GO:0032660","regulation of interleukin-17 production"
21,0.102074400010897,"Up",0.412080408377521,0.897525809233071,"GO:1903307","positive regulation of regulated secretory pathway"
156,0.011594236882747,"Down",0.412479221235483,0.897525809233071,"GO:0007018","microtubule-based movement"
229,0.0520755110590116,"Up",0.412928837125761,0.897525809233071,"GO:0002250","adaptive immune response"
62,-0.012703673450027,"Up",0.413145842902941,0.897525809233071,"GO:0015918","sterol transport"
16,0.208882417020801,"Up",0.413196070081803,0.897525809233071,"GO:0046466","membrane lipid catabolic process"
92,0.0103956684220544,"Up",0.413383351062739,0.897525809233071,"GO:2000377","regulation of reactive oxygen species metabolic process"
88,0.0223429722052388,"Up",0.413389241976637,0.897525809233071,"GO:0042542","response to hydrogen peroxide"
32,-0.0138001677008398,"Up",0.413837728704228,0.897525809233071,"GO:0051293","establishment of spindle localization"
68,-0.00757629762427869,"Up",0.413939668312449,0.897525809233071,"GO:0002690","positive regulation of leukocyte chemotaxis"
27,0.0602219326689365,"Down",0.413944047188867,0.897525809233071,"GO:0045604","regulation of epidermal cell differentiation"
38,-0.0185741249512697,"Up",0.414228978332756,0.897617452169223,"GO:2001238","positive regulation of extrinsic apoptotic signaling pathway"
41,-0.00425855755556236,"Up",0.414672606033752,0.897757105575773,"GO:0014015","positive regulation of gliogenesis"
21,0.140328854467274,"Up",0.414965475010211,0.897757105575773,"GO:0019886","antigen processing and presentation of exogenous peptide antigen via MHC class II"
17,0.0989521942289913,"Down",0.415240920768544,0.897757105575773,"GO:0072010","glomerular epithelium development"
241,0.0116591229260157,"Down",0.415264235642105,0.897757105575773,"GO:0198738","cell-cell signaling by wnt"
20,0.0495566355931684,"Up",0.416159420090048,0.898634397685897,"GO:1901020","negative regulation of calcium ion transmembrane transporter activity"
30,-0.0232547247055867,"Up",0.416645694312871,0.898634397685897,"GO:0010762","regulation of fibroblast migration"
295,0.0273263382186551,"Down",0.416688904764346,0.898634397685897,"GO:0048667","cell morphogenesis involved in neuron differentiation"
32,0.0376391027294612,"Up",0.417015086036126,0.898634397685897,"GO:0046686","response to cadmium ion"
19,0.0327495725122395,"Up",0.417465555254223,0.898634397685897,"GO:1901223","negative regulation of NIK/NF-kappaB signaling"
22,0.0308689810733782,"Up",0.417510480319755,0.898634397685897,"GO:0009167","purine ribonucleoside monophosphate metabolic process"
279,0.00570378967875502,"Down",0.417549251020037,0.898634397685897,"GO:0030031","cell projection assembly"
16,-0.0194710327161612,"Up",0.417716051616425,0.898634397685897,"GO:0050832","defense response to fungus"
33,-0.00353825553925957,"Down",0.417856492030209,0.898634397685897,"GO:0051952","regulation of amine transport"
51,-0.0107547783960284,"Up",0.41823554207537,0.898926943716906,"GO:0010770","positive regulation of cell morphogenesis involved in differentiation"
29,0.0115760911054761,"Up",0.419373913587979,0.900285402559442,"GO:0070231","T cell apoptotic process"
19,0.0671960596984751,"Down",0.419518040025732,0.900285402559442,"GO:0010907","positive regulation of glucose metabolic process"
72,0.00205536091032975,"Down",0.419821266269369,0.900285402559442,"GO:0050868","negative regulation of T cell activation"
82,0.00627439574444546,"Up",0.419862905625586,0.900285402559442,"GO:0031333","negative regulation of protein-containing complex assembly"
136,-8.14075274715615e-05,"Down",0.420344941503365,0.900285402559442,"GO:0046777","protein autophosphorylation"
41,0.0280618733279644,"Down",0.420772523777537,0.900285402559442,"GO:0038034","signal transduction in absence of ligand"
41,0.0280618733279644,"Down",0.420772523777537,0.900285402559442,"GO:0097192","extrinsic apoptotic signaling pathway in absence of ligand"
65,0.0326089230960804,"Up",0.420979806814504,0.900285402559442,"GO:0002821","positive regulation of adaptive immune response"
16,0.0736078825891337,"Up",0.421183261807509,0.900285402559442,"GO:0060155","platelet dense granule organization"
31,0.00699357756927332,"Up",0.421301441424816,0.900285402559442,"GO:0010972","negative regulation of G2/M transition of mitotic cell cycle"
25,0.0253437069155944,"Down",0.421884915715543,0.900540993589643,"GO:0001541","ovarian follicle development"
41,0.00113483768517015,"Down",0.422187969725201,0.900540993589643,"GO:0003333","amino acid transmembrane transport"
201,0.00547398880044277,"Down",0.422531000939382,0.900540993589643,"GO:1901653","cellular response to peptide"
52,0.054312148432195,"Down",0.422858228758759,0.900540993589643,"GO:0001823","mesonephros development"
177,0.00630753694116841,"Down",0.423421285829734,0.900540993589643,"GO:0045787","positive regulation of cell cycle"
238,0.0121761398516227,"Down",0.423853176418301,0.900540993589643,"GO:0010975","regulation of neuron projection development"
362,0.00136407118591918,"Down",0.423939793259771,0.900540993589643,"GO:1901699","cellular response to nitrogen compound"
426,0.00214160717644169,"Up",0.424101279704306,0.900540993589643,"GO:0080135","regulation of cellular response to stress"
22,0.017892260138206,"Down",0.424289537344003,0.900540993589643,"GO:0032733","positive regulation of interleukin-10 production"
392,0.00222372845927126,"Up",0.42438884938104,0.900540993589643,"GO:0051129","negative regulation of cellular component organization"
67,0.0359519633286999,"Up",0.424424785606271,0.900540993589643,"GO:0051283","negative regulation of sequestering of calcium ion"
38,-0.00305869244752767,"Up",0.424737041685615,0.900540993589643,"GO:0032413","negative regulation of ion transmembrane transporter activity"
26,0.00331642654512607,"Down",0.424857263390584,0.900540993589643,"GO:0048538","thymus development"
265,0.0227394302285269,"Up",0.425079218451252,0.900540993589643,"GO:0019221","cytokine-mediated signaling pathway"
264,0.00791481528167678,"Up",0.425283037765698,0.900540993589643,"GO:0090066","regulation of anatomical structure size"
53,0.121229872144944,"Down",0.426450123290683,0.900540993589643,"GO:0061157","mRNA destabilization"
22,0.186274183935674,"Up",0.426920393488765,0.900540993589643,"GO:1901998","toxin transport"
17,0.0408645526941033,"Up",0.426944824657801,0.900540993589643,"GO:0032515","negative regulation of phosphoprotein phosphatase activity"
23,-0.00564204622519931,"Up",0.427449851755,0.900540993589643,"GO:0050798","activated T cell proliferation"
38,-0.00318064336923408,"Up",0.427572976708166,0.900540993589643,"GO:0007586","digestion"
87,0.00539912012209604,"Up",0.427604147812775,0.900540993589643,"GO:1903169","regulation of calcium ion transmembrane transport"
158,-0.00473718977791158,"Down",0.427865094935359,0.900540993589643,"GO:0031098","stress-activated protein kinase signaling cascade"
72,0.0191434845650071,"Up",0.428212150775127,0.900540993589643,"GO:0061640","cytoskeleton-dependent cytokinesis"
53,0.00418065542098429,"Up",0.428231013427262,0.900540993589643,"GO:0120162","positive regulation of cold-induced thermogenesis"
22,0.126813865589869,"Down",0.428397999921333,0.900540993589643,"GO:0022011","myelination in peripheral nervous system"
22,0.126813865589869,"Down",0.428397999921333,0.900540993589643,"GO:0032292","peripheral nervous system axon ensheathment"
372,0.00718457927318495,"Up",0.42858819150797,0.900540993589643,"GO:0050865","regulation of cell activation"
225,0.0171409751074991,"Up",0.428619739843917,0.900540993589643,"GO:1901615","organic hydroxy compound metabolic process"
54,0.12155837293093,"Down",0.428816097509992,0.900540993589643,"GO:0061014","positive regulation of mRNA catabolic process"
16,-0.0101622922065593,"Down",0.429520034676676,0.900540993589643,"GO:0050650","chondroitin sulfate proteoglycan biosynthetic process"
25,0.150896427203903,"Down",0.430330069470836,0.900540993589643,"GO:0006400","tRNA modification"
15,-0.0124158715104271,"Down",0.430338874700161,0.900540993589643,"GO:0045214","sarcomere organization"
70,-0.00706512972101226,"Up",0.430420722636164,0.900540993589643,"GO:0062207","regulation of pattern recognition receptor signaling pathway"
394,0.00283004297430454,"Down",0.430636016432344,0.900540993589643,"GO:0008285","negative regulation of cell population proliferation"
78,-0.0059343651317374,"Up",0.430876755041577,0.900540993589643,"GO:0035303","regulation of dephosphorylation"
168,-0.000146452595053824,"Up",0.430944378966942,0.900540993589643,"GO:0042113","B cell activation"
25,-0.028339542736959,"Down",0.431045394895468,0.900540993589643,"GO:1903793","positive regulation of anion transport"
96,0.0535889527112159,"Down",0.43145673794057,0.900540993589643,"GO:0061013","regulation of mRNA catabolic process"
80,0.0198430752571389,"Down",0.432163116596356,0.900540993589643,"GO:0009913","epidermal cell differentiation"
208,0.00621180674171954,"Up",0.432444229118338,0.900540993589643,"GO:0019058","viral life cycle"
25,0.0345158751663865,"Up",0.432527562781225,0.900540993589643,"GO:0048713","regulation of oligodendrocyte differentiation"
40,0.0162467605845603,"Up",0.432590656005444,0.900540993589643,"GO:0002562","somatic diversification of immune receptors via germline recombination within a single locus"
40,0.0162467605845603,"Up",0.432590656005444,0.900540993589643,"GO:0016444","somatic cell DNA recombination"
20,0.00285373624024471,"Down",0.432842096565078,0.900540993589643,"GO:0050931","pigment cell differentiation"
299,0.000790834853911889,"Down",0.432942351083316,0.900540993589643,"GO:0044770","cell cycle phase transition"
35,0.00587794152381969,"Down",0.432950920292572,0.900540993589643,"GO:0042310","vasoconstriction"
17,0.0997834382691963,"Down",0.433115369930092,0.900540993589643,"GO:0072539","T-helper 17 cell differentiation"
23,0.0596243348224363,"Down",0.43342037672173,0.900540993589643,"GO:0086009","membrane repolarization"
185,0.0805576187078546,"Up",0.433683605628686,0.900540993589643,"GO:0034470","ncRNA processing"
22,0.0141125619214269,"Up",0.433728887863629,0.900540993589643,"GO:0010923","negative regulation of phosphatase activity"
15,0.167085696435538,"Down",0.433837266984792,0.900540993589643,"GO:0036314","response to sterol"
145,0.0160244490731613,"Down",0.434792175141407,0.901161731989806,"GO:0043542","endothelial cell migration"
19,-0.0190587907237806,"Up",0.434804806298961,0.901161731989806,"GO:0090218","positive regulation of lipid kinase activity"
36,0.0087684055330308,"Up",0.434867178048609,0.901161731989806,"GO:0099518","vesicle cytoskeletal trafficking"
56,0.0311886971995734,"Down",0.43557619921852,0.901254074637102,"GO:0042100","B cell proliferation"
97,-0.000126465343432936,"Down",0.435621529692912,0.901254074637102,"GO:0030010","establishment of cell polarity"
43,0.0210428077160347,"Up",0.435642683279573,0.901254074637102,"GO:0002200","somatic diversification of immune receptors"
19,0.0315898982608136,"Up",0.436054959727222,0.901602736741752,"GO:0003254","regulation of membrane depolarization"
78,0.0108721742162442,"Down",0.436708298571389,0.902449160008697,"GO:0006813","potassium ion transport"
187,0.00307132282398166,"Up",0.437576976173659,0.902552868480886,"GO:0051346","negative regulation of hydrolase activity"
32,0.00984019474893231,"Up",0.437714921105577,0.902552868480886,"GO:0046470","phosphatidylcholine metabolic process"
37,0.00806709220838352,"Down",0.437734481225929,0.902552868480886,"GO:0071867","response to monoamine"
37,0.00806709220838352,"Down",0.437734481225929,0.902552868480886,"GO:0071869","response to catecholamine"
85,0.00477458496141168,"Down",0.43845421642422,0.90324132105014,"GO:0071621","granulocyte chemotaxis"
45,0.013568064624504,"Up",0.43877749856639,0.90324132105014,"GO:0046635","positive regulation of alpha-beta T cell activation"
115,0.0147283586505095,"Down",0.439196251502079,0.90324132105014,"GO:0022408","negative regulation of cell-cell adhesion"
26,0.0160579321475544,"Down",0.439525436435688,0.90324132105014,"GO:0045668","negative regulation of osteoblast differentiation"
45,-0.00586739626169866,"Up",0.439676633005226,0.90324132105014,"GO:1901880","negative regulation of protein depolymerization"
33,-0.00825903155820591,"Down",0.440065353645699,0.90324132105014,"GO:0010803","regulation of tumor necrosis factor-mediated signaling pathway"
43,-0.00814687286583381,"Down",0.44023400973969,0.90324132105014,"GO:0045428","regulation of nitric oxide biosynthetic process"
69,0.0247679381926085,"Down",0.440481050032451,0.90324132105014,"GO:0001704","formation of primary germ layer"
34,0.0719610265363756,"Up",0.440668977146625,0.90324132105014,"GO:0032608","interferon-beta production"
34,0.0719610265363756,"Up",0.440668977146625,0.90324132105014,"GO:0032648","regulation of interferon-beta production"
40,0.0588724143030241,"Down",0.440754415922007,0.90324132105014,"GO:0035904","aorta development"
73,0.0477736913040225,"Down",0.441103609557137,0.903336423455937,"GO:0045598","regulation of fat cell differentiation"
20,0.187599931895324,"Up",0.44162738113906,0.903336423455937,"GO:0002369","T cell cytokine production"
20,0.187599931895324,"Up",0.44162738113906,0.903336423455937,"GO:0002724","regulation of T cell cytokine production"
379,0.00705469273722212,"Down",0.44180411138847,0.903336423455937,"GO:0043408","regulation of MAPK cascade"
27,0.0880730477363222,"Down",0.442021877927885,0.903336423455937,"GO:0032964","collagen biosynthetic process"
16,0.079690196254201,"Up",0.442704603796604,0.903475641515667,"GO:0002230","positive regulation of defense response to virus by host"
51,0.0168713442720999,"Down",0.442831300399847,0.903475641515667,"GO:0007492","endoderm development"
68,0.0323963998160446,"Up",0.442907024151361,0.903475641515667,"GO:0051282","regulation of sequestering of calcium ion"
31,0.038707084134522,"Down",0.44306699478492,0.903475641515667,"GO:0048645","animal organ formation"
65,0.02629627630689,"Down",0.443614230304363,0.903938380369094,"GO:0010586","miRNA metabolic process"
18,0.0710820072275083,"Down",0.443782670654305,0.903938380369094,"GO:0060674","placenta blood vessel development"
228,0.0464534325591546,"Up",0.444990796028977,0.904685769241094,"GO:0009615","response to virus"
26,-0.0209878975695447,"Down",0.44501851424628,0.904685769241094,"GO:0030201","heparan sulfate proteoglycan metabolic process"
240,0.0117825913649368,"Down",0.445066297462936,0.904685769241094,"GO:0016055","Wnt signaling pathway"
52,0.0175585967757942,"Up",0.445641429867942,0.904685769241094,"GO:0002720","positive regulation of cytokine production involved in immune response"
485,0.0223447870497435,"Down",0.445947932509785,0.904685769241094,"GO:0035239","tube morphogenesis"
46,0.0188613969905738,"Down",0.446330645303911,0.904685769241094,"GO:0045833","negative regulation of lipid metabolic process"
16,0.0345090748561817,"Up",0.446345172900899,0.904685769241094,"GO:0002507","tolerance induction"
403,0.0221350569143917,"Down",0.446430533818337,0.904685769241094,"GO:0032989","cellular component morphogenesis"
71,-0.00465626335588604,"Up",0.446463066302713,0.904685769241094,"GO:0008037","cell recognition"
19,0.0939106012545211,"Up",0.446595354050889,0.904685769241094,"GO:0003044","regulation of systemic arterial blood pressure mediated by a chemical signal"
33,0.0492014951395676,"Down",0.446944463629145,0.904897411584131,"GO:0021510","spinal cord development"
28,-0.00444180358528829,"Up",0.447417201739642,0.905358987546463,"GO:2000242","negative regulation of reproductive process"
55,0.030371136924335,"Down",0.447952216894645,0.905946008908306,"GO:0014897","striated muscle hypertrophy"
108,0.0197378253433542,"Down",0.448374568558268,0.906279064312778,"GO:0007623","circadian rhythm"
41,0.00210625374548299,"Up",0.44870113881717,0.906279064312778,"GO:2000756","regulation of peptidyl-lysine acetylation"
133,0.00567600264514117,"Up",0.448851918307924,0.906279064312778,"GO:0000302","response to reactive oxygen species"
304,0.00236836866949996,"Up",0.449565022253705,0.906723126062754,"GO:0043068","positive regulation of programmed cell death"
37,0.0153133546214216,"Up",0.449793014967672,0.906723126062754,"GO:0070542","response to fatty acid"
18,0.183298233839983,"Up",0.449807227987336,0.906723126062754,"GO:0045943","positive regulation of transcription by RNA polymerase I"
36,-0.00588725051074215,"Up",0.450273734800502,0.9071691421716,"GO:0051653","spindle localization"
91,0.0223893485516074,"Up",0.451151973776309,0.908432247110526,"GO:0002706","regulation of lymphocyte mediated immunity"
44,0.0522356926216955,"Up",0.45139185460642,0.908432247110526,"GO:1903036","positive regulation of response to wounding"
54,0.031098493310024,"Down",0.45174292771596,0.908498126867261,"GO:0003300","cardiac muscle hypertrophy"
21,-0.024507978225631,"Up",0.451915802496826,0.908498126867261,"GO:0046006","regulation of activated T cell proliferation"
40,0.00613596601779042,"Up",0.452289826024112,0.90850712769566,"GO:0018958","phenol-containing compound metabolic process"
24,0.022377060472561,"Up",0.452585879442977,0.90850712769566,"GO:0009126","purine nucleoside monophosphate metabolic process"
37,-0.0154311660450203,"Down",0.452758291370609,0.90850712769566,"GO:0045670","regulation of osteoclast differentiation"
46,0.00780244584673898,"Up",0.453347252750824,0.90850712769566,"GO:0008088","axo-dendritic transport"
69,0.0124944713973885,"Up",0.453384700318634,0.90850712769566,"GO:0001678","cellular glucose homeostasis"
125,0.0406337397257321,"Down",0.453423462696231,0.90850712769566,"GO:0060560","developmental growth involved in morphogenesis"
54,0.0262612420308828,"Down",0.453639541728544,0.90850712769566,"GO:0048661","positive regulation of smooth muscle cell proliferation"
40,0.0327243977691361,"Down",0.454233913924326,0.909205220566061,"GO:0046889","positive regulation of lipid biosynthetic process"
75,0.000393434814600725,"Up",0.454509482747182,0.909264779168105,"GO:0043244","regulation of protein-containing complex disassembly"
17,0.0339153187615406,"Down",0.454839135278246,0.90943241156445,"GO:2000648","positive regulation of stem cell proliferation"
64,0.00709095443854759,"Down",0.45526070435406,0.909783546950658,"GO:0032411","positive regulation of transporter activity"
22,-0.00722058857532596,"Up",0.45581111653266,0.910123440122042,"GO:0071402","cellular response to lipoprotein particle stimulus"
42,0.0283857064675379,"Down",0.455922880385548,0.910123440122042,"GO:0046425","regulation of receptor signaling pathway via JAK-STAT"
70,0.0165063009006004,"Down",0.456720278474723,0.910630032074628,"GO:0030593","neutrophil chemotaxis"
19,0.00410308259509599,"Down",0.456752559190588,0.910630032074628,"GO:1902751","positive regulation of cell cycle G2/M phase transition"
19,0.0214166045381143,"Up",0.457300830701167,0.910630032074628,"GO:0051894","positive regulation of focal adhesion assembly"
15,0.178037681876041,"Up",0.457639966419725,0.910630032074628,"GO:0033617","mitochondrial cytochrome c oxidase assembly"
55,0.113903628755597,"Down",0.457788432608897,0.910630032074628,"GO:0050779","RNA destabilization"
16,0.347604686383747,"Up",0.45796886119317,0.910630032074628,"GO:1903241","U2-type prespliceosome assembly"
21,-0.0251334997882081,"Up",0.458058867191461,0.910630032074628,"GO:1900274","regulation of phospholipase C activity"
19,-0.00837303696170937,"Up",0.458146117786127,0.910630032074628,"GO:0051491","positive regulation of filopodium assembly"
23,0.140426356528068,"Down",0.459045104931846,0.911715651529971,"GO:0014044","Schwann cell development"
19,0.112980332677692,"Up",0.459530536058906,0.911715651529971,"GO:0050685","positive regulation of mRNA processing"
148,0.0157130183155482,"Up",0.460140853808965,0.911715651529971,"GO:2000116","regulation of cysteine-type endopeptidase activity"
21,0.0224337678291999,"Up",0.460273173508271,0.911715651529971,"GO:1903955","positive regulation of protein targeting to mitochondrion"
18,0.00700250051177864,"Down",0.460295235288351,0.911715651529971,"GO:0042311","vasodilation"
274,0.0117412612244202,"Up",0.46031765311171,0.911715651529971,"GO:0007015","actin filament organization"
56,0.0247966906325558,"Down",0.460629853199662,0.911715651529971,"GO:0030510","regulation of BMP signaling pathway"
254,0.0100802693119876,"Down",0.460664112654641,0.911715651529971,"GO:0048871","multicellular organismal homeostasis"
22,-0.033136623169512,"Down",0.461228930467911,0.912345354973692,"GO:0042446","hormone biosynthetic process"
18,-0.0388335466579394,"Up",0.461867582100332,0.912665472963289,"GO:0002920","regulation of humoral immune response"
303,0.0111723155071384,"Up",0.462084774915312,0.912665472963289,"GO:0042110","T cell activation"
23,0.0221330569661649,"Down",0.463041978875541,0.912665472963289,"GO:1901798","positive regulation of signal transduction by p53 class mediator"
27,0.0518224509345144,"Up",0.463183165589885,0.912665472963289,"GO:0010799","regulation of peptidyl-threonine phosphorylation"
30,-0.00788151093791312,"Down",0.463555385322706,0.912665472963289,"GO:0072577","endothelial cell apoptotic process"
18,-0.0172726287377251,"Up",0.463912585035889,0.912665472963289,"GO:0033598","mammary gland epithelial cell proliferation"
47,0.00795157109359202,"Up",0.464480004434871,0.912665472963289,"GO:0050772","positive regulation of axonogenesis"
25,0.144656824669407,"Up",0.464763391141283,0.912665472963289,"GO:0002715","regulation of natural killer cell mediated immunity"
50,0.00168969421438242,"Up",0.465206519040071,0.912665472963289,"GO:0051341","regulation of oxidoreductase activity"
26,-0.0293755007643173,"Up",0.465269517358225,0.912665472963289,"GO:0045103","intermediate filament-based process"
26,-0.0293755007643173,"Up",0.465269517358225,0.912665472963289,"GO:0045104","intermediate filament cytoskeleton organization"
338,0.0257106901637663,"Down",0.46531875617014,0.912665472963289,"GO:0120039","plasma membrane bounded cell projection morphogenesis"
34,0.0238149025131642,"Up",0.465488926681578,0.912665472963289,"GO:0097352","autophagosome maturation"
16,0.157475437254191,"Up",0.465717989284998,0.912665472963289,"GO:0008535","respiratory chain complex IV assembly"
34,0.0123091867236562,"Up",0.465758358098197,0.912665472963289,"GO:0046638","positive regulation of alpha-beta T cell differentiation"
185,0.0274420590408135,"Up",0.465928404657152,0.912665472963289,"GO:0034504","protein localization to nucleus"
18,0.0260417070124164,"Down",0.466039931800686,0.912665472963289,"GO:0010955","negative regulation of protein processing"
18,0.0260417070124164,"Down",0.466039931800686,0.912665472963289,"GO:1903318","negative regulation of protein maturation"
36,-0.0122158613150692,"Down",0.46607869111318,0.912665472963289,"GO:0055013","cardiac muscle cell development"
288,0.0178157212618228,"Up",0.467127864795884,0.914235963957659,"GO:2000112","regulation of cellular macromolecule biosynthetic process"
23,0.051977687003331,"Down",0.468494435622212,0.91639235062211,"GO:0010676","positive regulation of cellular carbohydrate metabolic process"
76,0.0681475917719847,"Down",0.46872514933145,0.91639235062211,"GO:0007416","synapse assembly"
19,-0.0261336608704364,"Up",0.469503940989111,0.917430046338469,"GO:0035510","DNA dealkylation"
47,0.0109791204464308,"Down",0.47039244089238,0.917474598366676,"GO:0030330","DNA damage response, signal transduction by p53 class mediator"
33,0.0362232356169689,"Up",0.470658613063749,0.917474598366676,"GO:0090303","positive regulation of wound healing"
25,-0.0229746150271904,"Down",0.470894540649339,0.917474598366676,"GO:1901021","positive regulation of calcium ion transmembrane transporter activity"
35,-0.00645148233834302,"Up",0.471215012284467,0.917474598366676,"GO:0048260","positive regulation of receptor-mediated endocytosis"
17,-0.00838152302441528,"Up",0.471823914630422,0.917474598366676,"GO:0051457","maintenance of protein location in nucleus"
26,0.0437492629968865,"Down",0.471940236202567,0.917474598366676,"GO:0035272","exocrine system development"
42,-0.00134447227473384,"Down",0.472352722391121,0.917474598366676,"GO:0055006","cardiac cell development"
25,0.0323368948803629,"Down",0.472357941695808,0.917474598366676,"GO:0060711","labyrinthine layer development"
19,0.0158607975561039,"Down",0.472542462253622,0.917474598366676,"GO:0030513","positive regulation of BMP signaling pathway"
124,0.038307024350554,"Down",0.472578387466458,0.917474598366676,"GO:0003018","vascular process in circulatory system"
114,0.111735273091138,"Down",0.47294084453343,0.917474598366676,"GO:0007411","axon guidance"
114,0.111735273091138,"Down",0.47294084453343,0.917474598366676,"GO:0097485","neuron projection guidance"
83,0.0328441704786031,"Up",0.473116931299857,0.917474598366676,"GO:0045621","positive regulation of lymphocyte differentiation"
16,0.0166846566298183,"Down",0.473187416936785,0.917474598366676,"GO:0070873","regulation of glycogen metabolic process"
88,0.0250790595643992,"Down",0.473247238086947,0.917474598366676,"GO:0034767","positive regulation of ion transmembrane transport"
54,-0.00110531588461615,"Up",0.473800539294067,0.918001701478426,"GO:0032642","regulation of chemokine production"
31,-0.0157673077900936,"Up",0.474284356629101,0.918001701478426,"GO:0090311","regulation of protein deacetylation"
341,0.00810959032653635,"Up",0.474429231547195,0.918001701478426,"GO:0002694","regulation of leukocyte activation"
26,0.11568867498532,"Down",0.474511828393282,0.918001701478426,"GO:0051965","positive regulation of synapse assembly"
138,0.0032136041386046,"Down",0.475442427278959,0.919100653373702,"GO:0007179","transforming growth factor beta receptor signaling pathway"
21,0.0632891380342164,"Down",0.475576818209588,0.919100653373702,"GO:0046427","positive regulation of receptor signaling pathway via JAK-STAT"
77,0.0371489649373413,"Down",0.476351096625015,0.919998487526172,"GO:1904064","positive regulation of cation transmembrane transport"
121,0.00779630813409436,"Up",0.476793681531811,0.919998487526172,"GO:0016485","protein processing"
247,0.0128862398800246,"Up",0.47703199000405,0.919998487526172,"GO:0002683","negative regulation of immune system process"
27,0.0561838904442494,"Down",0.477483956007112,0.919998487526172,"GO:0032781","positive regulation of ATP-dependent activity"
110,0.0253213531078519,"Down",0.477727104219447,0.919998487526172,"GO:0050679","positive regulation of epithelial cell proliferation"
70,0.0192882908743607,"Up",0.477940421508256,0.919998487526172,"GO:0030879","mammary gland development"
261,0.00102535084238248,"Up",0.478996202389686,0.919998487526172,"GO:0006979","response to oxidative stress"
77,0.0382581080630862,"Up",0.479004221818878,0.919998487526172,"GO:0050852","T cell receptor signaling pathway"
65,-0.00463588367856841,"Down",0.479118600012491,0.919998487526172,"GO:0046683","response to organophosphorus"
19,-0.0441109645167313,"Up",0.479564363919752,0.919998487526172,"GO:0072528","pyrimidine-containing compound biosynthetic process"
16,0.112007432906346,"Down",0.479727328279507,0.919998487526172,"GO:0072576","liver morphogenesis"
36,-0.00561616342283966,"Down",0.47991052201889,0.919998487526172,"GO:0014009","glial cell proliferation"
30,0.0344337386660918,"Down",0.480024407967633,0.919998487526172,"GO:0002067","glandular epithelial cell differentiation"
17,0.0507825982248583,"Up",0.480505145697454,0.919998487526172,"GO:0045761","regulation of adenylate cyclase activity"
90,0.0363494520461547,"Up",0.480672048148564,0.919998487526172,"GO:0006986","response to unfolded protein"
60,0.0518998304853327,"Up",0.480930071082454,0.919998487526172,"GO:0002824","positive regulation of adaptive immune response based on somatic recombination of immune receptors built from immunoglobulin superfamily domains"
32,0.0497181824262198,"Up",0.481023983296494,0.919998487526172,"GO:0090148","membrane fission"
78,0.00709399650395329,"Down",0.481265251654339,0.919998487526172,"GO:0035051","cardiocyte differentiation"
34,0.0261904240198867,"Up",0.481993441218057,0.919998487526172,"GO:0001961","positive regulation of cytokine-mediated signaling pathway"
45,-0.0137407198877206,"Up",0.482065043170975,0.919998487526172,"GO:0045638","negative regulation of myeloid cell differentiation"
297,0.00242282226400392,"Up",0.482070737378908,0.919998487526172,"GO:0043065","positive regulation of apoptotic process"
65,-0.00360560953011458,"Up",0.482114265490708,0.919998487526172,"GO:0050796","regulation of insulin secretion"
28,0.0239351425438271,"Down",0.482137772089768,0.919998487526172,"GO:0006940","regulation of smooth muscle contraction"
27,-0.00635605818721689,"Down",0.482494967435632,0.919998487526172,"GO:0090049","regulation of cell migration involved in sprouting angiogenesis"
22,0.034787947945098,"Up",0.483459996762849,0.919998487526172,"GO:0042119","neutrophil activation"
21,0.0898447984141262,"Down",0.483502466355785,0.919998487526172,"GO:1901099","negative regulation of signal transduction in absence of ligand"
21,0.0898447984141262,"Down",0.483502466355785,0.919998487526172,"GO:2001240","negative regulation of extrinsic apoptotic signaling pathway in absence of ligand"
71,0.0231645716329854,"Up",0.483627448946969,0.919998487526172,"GO:0045582","positive regulation of T cell differentiation"
51,0.0599951162211274,"Down",0.48390148052592,0.919998487526172,"GO:0002028","regulation of sodium ion transport"
36,0.00572480203364956,"Down",0.483917166160047,0.919998487526172,"GO:0002218","activation of innate immune response"
28,0.0763539068813843,"Down",0.483934557946694,0.919998487526172,"GO:0043620","regulation of DNA-templated transcription in response to stress"
431,0.0248181654523434,"Down",0.484000285678813,0.919998487526172,"GO:0001944","vasculature development"
22,0.0427906073954918,"Up",0.484679944566093,0.920817213636353,"GO:0099022","vesicle tethering"
54,0.0464433839150073,"Down",0.484973685794512,0.920902291454774,"GO:0070828","heterochromatin organization"
54,-0.000280065203762653,"Up",0.485598724239802,0.921616049750142,"GO:1901879","regulation of protein depolymerization"
32,0.141081978740239,"Up",0.485965552458715,0.921839271048608,"GO:0002711","positive regulation of T cell mediated immunity"
165,0.00310074903973153,"Down",0.486715939049803,0.922027456023605,"GO:0071375","cellular response to peptide hormone stimulus"
29,0.0257639670633078,"Down",0.486778672237111,0.922027456023605,"GO:0099072","regulation of postsynaptic membrane neurotransmitter receptor levels"
22,0.0313874400217568,"Up",0.487138860974858,0.922027456023605,"GO:0038094","Fc-gamma receptor signaling pathway"
18,0.00656818542072212,"Up",0.487311077730778,0.922027456023605,"GO:0002433","immune response-regulating cell surface receptor signaling pathway involved in phagocytosis"
18,0.00656818542072212,"Up",0.487311077730778,0.922027456023605,"GO:0038096","Fc-gamma receptor signaling pathway involved in phagocytosis"
203,0.0151898656010834,"Down",0.488152439724542,0.923147175123251,"GO:0001701","in utero embryonic development"
38,0.12042377106496,"Up",0.488729877070282,0.923766895903409,"GO:0050830","defense response to Gram-positive bacterium"
32,0.014165290558258,"Up",0.489316869304631,0.924404034503489,"GO:0033363","secretory granule organization"
17,0.0886942228051324,"Up",0.490238345102057,0.925251332430051,"GO:0016486","peptide hormone processing"
15,-0.00136548730484749,"Up",0.490517183155753,0.925251332430051,"GO:0098901","regulation of cardiac muscle cell action potential"
34,0.00818115292721005,"Down",0.490572618537628,0.925251332430051,"GO:0015807","L-amino acid transport"
23,0.0485034704201231,"Up",0.490922271168396,0.925251332430051,"GO:0045730","respiratory burst"
55,0.0215608663594372,"Up",0.491165796322954,0.925251332430051,"GO:0061097","regulation of protein tyrosine kinase activity"
16,-0.0352957386986594,"Up",0.491454821279544,0.925251332430051,"GO:0002862","negative regulation of inflammatory response to antigenic stimulus"
15,0.0633736002783336,"Up",0.491967308444583,0.925251332430051,"GO:1902774","late endosome to lysosome transport"
25,0.124965626264193,"Up",0.49218020359894,0.925251332430051,"GO:0032212","positive regulation of telomere maintenance via telomerase"
17,0.00368568905654119,"Up",0.492710141096282,0.925251332430051,"GO:0032633","interleukin-4 production"
17,0.00368568905654119,"Up",0.492710141096282,0.925251332430051,"GO:0032673","regulation of interleukin-4 production"
348,0.0191461710998254,"Down",0.492752415896443,0.925251332430051,"GO:0045596","negative regulation of cell differentiation"
44,0.103266850060689,"Up",0.492766997806758,0.925251332430051,"GO:0002709","regulation of T cell mediated immunity"
62,0.0597758975081829,"Down",0.493845177012806,0.926805332202116,"GO:0035637","multicellular organismal signaling"
29,0.052041754758864,"Up",0.494429347884056,0.927278423461633,"GO:0002707","negative regulation of lymphocyte mediated immunity"
341,0.0259020230809341,"Down",0.494598629221358,0.927278423461633,"GO:0048858","cell projection morphogenesis"
37,-0.000776783392947385,"Down",0.495026443416,0.92743182518359,"GO:0032890","regulation of organic acid transport"
16,0.0505277039286945,"Down",0.495181901794428,0.92743182518359,"GO:1902042","negative regulation of extrinsic apoptotic signaling pathway via death domain receptors"
43,-4.49535633966161e-05,"Down",0.496607147312791,0.929630484772274,"GO:0010657","muscle cell apoptotic process"
282,0.0195099467800274,"Down",0.496959290509387,0.929819127766424,"GO:0099537","trans-synaptic signaling"
22,-0.0257414501938802,"Down",0.49724430252623,0.929882039961843,"GO:0010922","positive regulation of phosphatase activity"
35,0.00469506345067444,"Down",0.498378396329135,0.930206789085344,"GO:0032731","positive regulation of interleukin-1 beta production"
16,0.195921990216363,"Up",0.49838768169755,0.930206789085344,"GO:0002726","positive regulation of T cell cytokine production"
19,0.0154379067115481,"Up",0.498423859412585,0.930206789085344,"GO:0001516","prostaglandin biosynthetic process"
19,0.0154379067115481,"Up",0.498423859412585,0.930206789085344,"GO:0046457","prostanoid biosynthetic process"
46,0.0107205544906937,"Down",0.499469132483179,0.931263155897648,"GO:0006024","glycosaminoglycan biosynthetic process"
60,0.0631770822619287,"Up",0.499493403974299,0.931263155897648,"GO:0034502","protein localization to chromosome"
278,0.0205069086464861,"Down",0.500158802932058,0.93148822794857,"GO:0007268","chemical synaptic transmission"
278,0.0205069086464861,"Down",0.500158802932058,0.93148822794857,"GO:0098916","anterograde trans-synaptic signaling"
117,0.00493997020548718,"Down",0.500614318181418,0.93148822794857,"GO:0046578","regulation of Ras protein signal transduction"
74,0.0218519795986023,"Up",0.500621410424914,0.93148822794857,"GO:0000045","autophagosome assembly"
26,-0.0116900269425549,"Down",0.502585143847245,0.934584821278751,"GO:0045663","positive regulation of myoblast differentiation"
33,0.0160759277804738,"Down",0.503043627782102,0.934584821278751,"GO:0001539","cilium or flagellum-dependent cell motility"
33,0.0160759277804738,"Down",0.503043627782102,0.934584821278751,"GO:0060285","cilium-dependent cell motility"
15,-0.0363942581158724,"Up",0.503553323874227,0.934761647425395,"GO:1905144","response to acetylcholine"
44,0.0158947241690767,"Down",0.503644218253261,0.934761647425395,"GO:1904427","positive regulation of calcium ion transmembrane transport"
22,-0.0121915208776648,"Down",0.504048896995293,0.935043565689864,"GO:0014002","astrocyte development"
124,0.0549439316123666,"Down",0.504936649967433,0.936220886330593,"GO:0010001","glial cell differentiation"
18,0.0843203994355371,"Up",0.505764334513287,0.936818450358829,"GO:0140448","signaling receptor ligand precursor processing"
101,0.00987985290036317,"Up",0.505765462386207,0.936818450358829,"GO:0060759","regulation of response to cytokine stimulus"
71,0.0341478180846165,"Down",0.50608438795238,0.93694001553346,"GO:0022612","gland morphogenesis"
105,0.0411274524264377,"Up",0.507699311973867,0.937951487981562,"GO:0035966","response to topologically incorrect protein"
93,0.00988030763203644,"Up",0.508029868805497,0.937951487981562,"GO:0001959","regulation of cytokine-mediated signaling pathway"
33,0.00986425680025002,"Up",0.508031436272479,0.937951487981562,"GO:1901606","alpha-amino acid catabolic process"
22,-0.0400248299053966,"Up",0.508206591147011,0.937951487981562,"GO:0031063","regulation of histone deacetylation"
28,0.0124503958504188,"Up",0.508525066630934,0.937951487981562,"GO:0043331","response to dsRNA"
225,0.00298770677830671,"Down",0.508828798812189,0.937951487981562,"GO:0043434","response to peptide hormone"
22,0.0386022239470152,"Down",0.509139556507247,0.937951487981562,"GO:0021872","forebrain generation of neurons"
125,0.00917713434503437,"Down",0.509161769355513,0.937951487981562,"GO:0002064","epithelial cell development"
93,0.00997090996584185,"Up",0.510146500319178,0.937951487981562,"GO:0046718","viral entry into host cell"
27,0.0270811838442032,"Up",0.510462809794392,0.937951487981562,"GO:0045773","positive regulation of axon extension"
75,0.0189133959099495,"Down",0.510507251837478,0.937951487981562,"GO:0031047","gene silencing by RNA"
39,-0.00928351819339927,"Down",0.510889541357498,0.937951487981562,"GO:0034113","heterotypic cell-cell adhesion"
125,0.00193440090968904,"Up",0.511118403156698,0.937951487981562,"GO:0042098","T cell proliferation"
413,0.0272915603411899,"Down",0.511303596407134,0.937951487981562,"GO:0001568","blood vessel development"
15,0.143310227304004,"Down",0.511475891919208,0.937951487981562,"GO:0072574","hepatocyte proliferation"
15,0.143310227304004,"Down",0.511475891919208,0.937951487981562,"GO:0072575","epithelial cell proliferation involved in liver morphogenesis"
62,0.0344189936948289,"Up",0.511800840217613,0.937951487981562,"GO:0032091","negative regulation of protein binding"
22,0.00263123090893628,"Up",0.511804472467697,0.937951487981562,"GO:0051443","positive regulation of ubiquitin-protein transferase activity"
180,0.00263310704609734,"Up",0.511862358558813,0.937951487981562,"GO:1901214","regulation of neuron death"
18,-0.0403294666776302,"Down",0.512029622687142,0.937951487981562,"GO:0014075","response to amine"
357,0.0231415088345454,"Down",0.512132575557884,0.937951487981562,"GO:0032990","cell part morphogenesis"
16,0.000699567237826078,"Up",0.512397661521698,0.937951487981562,"GO:0044794","positive regulation by host of viral process"
156,0.00584878005090648,"Up",0.512462816223503,0.937951487981562,"GO:0070588","calcium ion transmembrane transport"
99,-0.00563170372208076,"Down",0.512745509252971,0.938004766927171,"GO:0019722","calcium-mediated signaling"
31,0.0260708240017149,"Down",0.513372145566272,0.938686884058152,"GO:0035019","somatic stem cell population maintenance"
39,0.0142926086131615,"Up",0.513715866110582,0.938851279023243,"GO:0048278","vesicle docking"
29,0.0100553850922181,"Up",0.514433872170735,0.939699206498542,"GO:0030521","androgen receptor signaling pathway"
46,-0.00108917341196782,"Down",0.515293553929441,0.940776533245055,"GO:0072678","T cell migration"
25,-0.0087464048803926,"Down",0.515532314919634,0.940776533245055,"GO:0051055","negative regulation of lipid biosynthetic process"
27,0.0429386518770871,"Up",0.516241773102702,0.941032276245932,"GO:0098781","ncRNA transcription"
69,0.00935471305177708,"Up",0.516335974822705,0.941032276245932,"GO:0051261","protein depolymerization"
16,-0.0263275898197344,"Down",0.516435663903553,0.941032276245932,"GO:0051984","positive regulation of chromosome segregation"
36,-0.018146920279901,"Up",0.516874355048733,0.941367916949908,"GO:0050732","negative regulation of peptidyl-tyrosine phosphorylation"
23,-0.0222752910397109,"Up",0.51734735671105,0.941765685272724,"GO:0045191","regulation of isotype switching"
240,0.0109952983403292,"Down",0.517803124734158,0.941798441037058,"GO:0051960","regulation of nervous system development"
35,0.04653724728141,"Down",0.51900692710476,0.941798441037058,"GO:0051298","centrosome duplication"
26,0.0672528323158495,"Down",0.519174117891313,0.941798441037058,"GO:0050869","negative regulation of B cell activation"
62,0.0340175635381652,"Down",0.519190587919435,0.941798441037058,"GO:0071347","cellular response to interleukin-1"
21,0.0405125720169124,"Down",0.519190975685338,0.941798441037058,"GO:0015804","neutral amino acid transport"
15,0.0464727885142343,"Down",0.520164155919107,0.941798441037058,"GO:0010560","positive regulation of glycoprotein biosynthetic process"
35,0.107521482640713,"Down",0.520219743951813,0.941798441037058,"GO:0019233","sensory perception of pain"
52,0.00156872181252224,"Down",0.520268557512979,0.941798441037058,"GO:1901992","positive regulation of mitotic cell cycle phase transition"
34,0.0432058513781776,"Down",0.520519049099026,0.941798441037058,"GO:0050771","negative regulation of axonogenesis"
15,-0.0186435843418287,"Up",0.520854185923717,0.941798441037058,"GO:0000002","mitochondrial genome maintenance"
19,0.0762722490840574,"Down",0.520902279590597,0.941798441037058,"GO:0031297","replication fork processing"
216,0.00960302137688979,"Up",0.520906864168794,0.941798441037058,"GO:0050863","regulation of T cell activation"
60,0.00287891883319891,"Down",0.521002645229409,0.941798441037058,"GO:2000106","regulation of leukocyte apoptotic process"
76,0.0256128394971084,"Up",0.521153305621302,0.941798441037058,"GO:0046822","regulation of nucleocytoplasmic transport"
21,0.013760545742958,"Up",0.521184484672306,0.941798441037058,"GO:1902175","regulation of oxidative stress-induced intrinsic apoptotic signaling pathway"
18,-0.0153503907004699,"Down",0.522178711764505,0.942356956687561,"GO:0050891","multicellular organismal water homeostasis"
37,0.0655786065167867,"Down",0.522391032872962,0.942356956687561,"GO:1902895","positive regulation of miRNA transcription"
23,0.0118438162221661,"Up",0.522996317091762,0.942356956687561,"GO:0002714","positive regulation of B cell mediated immunity"
23,0.0118438162221661,"Up",0.522996317091762,0.942356956687561,"GO:0002891","positive regulation of immunoglobulin mediated immune response"
139,-0.000644365739638529,"Down",0.523119977825163,0.942356956687561,"GO:0019932","second-messenger-mediated signaling"
136,0.0118901903556483,"Up",0.523379528949788,0.942356956687561,"GO:0043281","regulation of cysteine-type endopeptidase activity involved in apoptotic process"
60,0.00615879840726861,"Down",0.523871000024136,0.942356956687561,"GO:0014013","regulation of gliogenesis"
15,0.0391552497226102,"Up",0.524146692467656,0.942356956687561,"GO:0031281","positive regulation of cyclase activity"
56,0.0290599450935831,"Down",0.524579534570817,0.942356956687561,"GO:0014896","muscle hypertrophy"
18,0.0314454308855259,"Down",0.524596588606485,0.942356956687561,"GO:0031571","mitotic G1 DNA damage checkpoint signaling"
18,0.0314454308855259,"Down",0.524596588606485,0.942356956687561,"GO:0044819","mitotic G1/S transition checkpoint signaling"
98,0.00810536587101989,"Up",0.524954543239056,0.942356956687561,"GO:0044409","entry into host"
17,0.0235523228045504,"Down",0.525392633122798,0.942356956687561,"GO:0044342","type B pancreatic cell proliferation"
39,0.0553703401067924,"Up",0.525515207525868,0.942356956687561,"GO:0034308","primary alcohol metabolic process"
104,-0.00134167069915747,"Up",0.525521495723921,0.942356956687561,"GO:0002687","positive regulation of leukocyte migration"
15,-0.0351300412360226,"Down",0.525773017119745,0.942356956687561,"GO:0001662","behavioral fear response"
18,0.0418875541585656,"Down",0.52584285106099,0.942356956687561,"GO:1904994","regulation of leukocyte adhesion to vascular endothelial cell"
75,-0.00408893573866477,"Up",0.526899846211714,0.942356956687561,"GO:0046546","development of primary male sexual characteristics"
15,-0.0276070347092068,"Up",0.526946145106522,0.942356956687561,"GO:0046697","decidualization"
55,0.0120169714406327,"Down",0.527172833550981,0.942356956687561,"GO:0070664","negative regulation of leukocyte proliferation"
61,0.0398279217034455,"Up",0.527230375754504,0.942356956687561,"GO:0002708","positive regulation of lymphocyte mediated immunity"
86,0.0312493829070673,"Up",0.527274983184396,0.942356956687561,"GO:0030307","positive regulation of cell growth"
32,0.00682242876854366,"Up",0.52750238261286,0.942356956687561,"GO:0030866","cortical actin cytoskeleton organization"
31,0.0376341559147213,"Up",0.527607801378734,0.942356956687561,"GO:0062208","positive regulation of pattern recognition receptor signaling pathway"
241,0.0130470557677561,"Up",0.528589758676265,0.94283790344124,"GO:0044270","cellular nitrogen compound catabolic process"
25,0.0757010523217407,"Down",0.529066544393938,0.94283790344124,"GO:0072538","T-helper 17 type immune response"
16,0.0464057639482011,"Down",0.529078667187337,0.94283790344124,"GO:0099622","cardiac muscle cell membrane repolarization"
76,0.0298873161311606,"Up",0.529151480180614,0.94283790344124,"GO:0031532","actin cytoskeleton reorganization"
32,0.0078405452714708,"Up",0.529151524072456,0.94283790344124,"GO:1902622","regulation of neutrophil migration"
365,0.0150989081559331,"Up",0.529918522003024,0.943749933986127,"GO:0051301","cell division"
21,0.0323389032694715,"Up",0.531236845137232,0.94564248804746,"GO:0046676","negative regulation of insulin secretion"
61,0.0645472340339679,"Down",0.531713437756993,0.946035597048157,"GO:0021782","glial cell development"
23,0.00388728994979772,"Down",0.53233774255594,0.946620104949801,"GO:0090329","regulation of DNA-templated DNA replication"
44,-0.00753822160375768,"Down",0.532553781670867,0.946620104949801,"GO:0080164","regulation of nitric oxide metabolic process"
47,-0.00509761294550591,"Up",0.533063873273482,0.947071694158794,"GO:0006919","activation of cysteine-type endopeptidase activity involved in apoptotic process"
102,0.0135759201336594,"Down",0.533348027644977,0.947121629504931,"GO:0009266","response to temperature stimulus"
18,0.015210095080766,"Down",0.533813275342138,0.947492948891828,"GO:0043243","positive regulation of protein-containing complex disassembly"
28,-0.0120217809297487,"Down",0.534592670382202,0.948393770744046,"GO:0030850","prostate gland development"
48,-0.014328293988375,"Down",0.535114624187399,0.948393770744046,"GO:1903201","regulation of oxidative stress-induced cell death"
21,0.162836379507894,"Up",0.53514785961719,0.948393770744046,"GO:0032968","positive regulation of transcription elongation by RNA polymerase II"
16,0.0295603954698321,"Down",0.535346362074498,0.948393770744046,"GO:0090050","positive regulation of cell migration involved in sprouting angiogenesis"
157,0.0208821096512324,"Up",0.535610678571762,0.948407802794135,"GO:0031349","positive regulation of defense response"
16,0.0335356901870261,"Down",0.536621798111751,0.949743555605439,"GO:0001945","lymph vessel development"
36,0.0198047809938157,"Down",0.537342430078815,0.950264392755179,"GO:0038093","Fc receptor signaling pathway"
26,-0.0207809078577235,"Down",0.537644186657683,0.950264392755179,"GO:0140353","lipid export from cell"
29,-0.0285076424255174,"Down",0.537686773191833,0.950264392755179,"GO:0031952","regulation of protein autophosphorylation"
24,-0.0267308709131456,"Up",0.538755099569653,0.95116944448526,"GO:1901985","positive regulation of protein acetylation"
55,-0.00240032248892179,"Up",0.53896231001544,0.95116944448526,"GO:0032602","chemokine production"
61,-0.00346430793952914,"Up",0.539201967489949,0.95116944448526,"GO:1905477","positive regulation of protein localization to membrane"
40,0.0894410238456026,"Down",0.539559730526383,0.95116944448526,"GO:0030199","collagen fibril organization"
19,-0.0167622970874499,"Down",0.539907172749369,0.95116944448526,"GO:0048701","embryonic cranial skeleton morphogenesis"
30,-0.017171782893513,"Up",0.539934368221213,0.95116944448526,"GO:0035307","positive regulation of protein dephosphorylation"
29,0.0127466339331498,"Up",0.540254868645494,0.95116944448526,"GO:0006826","iron ion transport"
23,0.0186926489032733,"Up",0.540256015913363,0.95116944448526,"GO:1903749","positive regulation of establishment of protein localization to mitochondrion"
30,0.0677687818778777,"Up",0.540576651719272,0.951281177311887,"GO:1901616","organic hydroxy compound catabolic process"
18,0.00815174828323622,"Up",0.540899645482127,0.951396951325909,"GO:0051932","synaptic transmission, GABAergic"
16,-0.048219922637596,"Up",0.543549025214399,0.95452115056902,"GO:0071404","cellular response to low-density lipoprotein particle stimulus"
368,0.00316971530343534,"Down",0.543897577249094,0.95452115056902,"GO:0010564","regulation of cell cycle process"
70,0.0129753344698863,"Down",0.543908728020578,0.95452115056902,"GO:0043406","positive regulation of MAP kinase activity"
19,-0.0292809948277149,"Up",0.544343600549542,0.95452115056902,"GO:1903580","positive regulation of ATP metabolic process"
104,0.0662126532298779,"Up",0.544474692039559,0.95452115056902,"GO:0042742","defense response to bacterium"
17,0.127345621493037,"Down",0.544672044922752,0.95452115056902,"GO:0061311","cell surface receptor signaling pathway involved in heart development"
151,0.00925559744341387,"Up",0.544919694971362,0.95452115056902,"GO:0001818","negative regulation of cytokine production"
36,-0.00223695261738815,"Up",0.545155278795418,0.95452115056902,"GO:0033619","membrane protein proteolysis"
61,0.0198519379088343,"Down",0.545338422282907,0.95452115056902,"GO:1901796","regulation of signal transduction by p53 class mediator"
21,0.0535731454338495,"Down",0.545371676530522,0.95452115056902,"GO:0032965","regulation of collagen biosynthetic process"
41,-5.41405008771534e-06,"Up",0.545514385591486,0.95452115056902,"GO:0006611","protein export from nucleus"
15,-0.0194280347160173,"Up",0.546393078642318,0.955022663930687,"GO:0034104","negative regulation of tissue remodeling"
75,0.0230756114334166,"Up",0.546850035586945,0.955022663930687,"GO:1905037","autophagosome organization"
25,0.0534433350976198,"Up",0.547085166987359,0.955022663930687,"GO:0046164","alcohol catabolic process"
270,0.0144912620436969,"Down",0.547347831498494,0.955022663930687,"GO:0007186","G protein-coupled receptor signaling pathway"
50,0.00801630696287223,"Up",0.547807182605996,0.955022663930687,"GO:0031058","positive regulation of histone modification"
83,0.048872992167235,"Down",0.548170999580123,0.955022663930687,"GO:0040029","epigenetic regulation of gene expression"
24,0.0443964340919721,"Down",0.548505505560199,0.955022663930687,"GO:1905508","protein localization to microtubule organizing center"
103,0.0156777370211309,"Up",0.548639044323823,0.955022663930687,"GO:0009267","cellular response to starvation"
17,-0.014297998484061,"Up",0.549071215735318,0.955022663930687,"GO:0034143","regulation of toll-like receptor 4 signaling pathway"
193,0.0105864548633584,"Down",0.549096887934394,0.955022663930687,"GO:0030336","negative regulation of cell migration"
25,0.0194269786095123,"Up",0.549138339922814,0.955022663930687,"GO:0060236","regulation of mitotic spindle organization"
271,0.0170117745225674,"Up",0.549355642407643,0.955022663930687,"GO:0001819","positive regulation of cytokine production"
469,0.000157108905230418,"Down",0.549450954967452,0.955022663930687,"GO:0014070","response to organic cyclic compound"
62,0.0272655994095147,"Down",0.549705831305331,0.955022663930687,"GO:0048593","camera-type eye morphogenesis"
17,-0.0130272096374176,"Up",0.550146158798064,0.955022663930687,"GO:0032069","regulation of nuclease activity"
174,0.00831864441864416,"Down",0.550830918950047,0.955022663930687,"GO:0070371","ERK1 and ERK2 cascade"
63,0.0217619509480211,"Down",0.551483879186791,0.955022663930687,"GO:1990823","response to leukemia inhibitory factor"
16,0.0224799851925987,"Down",0.551596623176704,0.955022663930687,"GO:1901522","positive regulation of transcription from RNA polymerase II promoter involved in cellular response to chemical stimulus"
24,0.0816441409219197,"Down",0.551657157318293,0.955022663930687,"GO:0043618","regulation of transcription from RNA polymerase II promoter in response to stress"
250,0.0166997580155601,"Down",0.551661398514299,0.955022663930687,"GO:0001501","skeletal system development"
73,0.0243293475444353,"Down",0.551715560220849,0.955022663930687,"GO:0061041","regulation of wound healing"
22,-0.0288115099412079,"Down",0.551719663169374,0.955022663930687,"GO:0050999","regulation of nitric-oxide synthase activity"
40,0.0389964864429554,"Down",0.551739235690694,0.955022663930687,"GO:0019218","regulation of steroid metabolic process"
43,-0.0017276115132989,"Up",0.552287990959798,0.955525387539893,"GO:0034754","cellular hormone metabolic process"
24,0.0258313616064021,"Down",0.552729747579215,0.955526234391346,"GO:0010862","positive regulation of pathway-restricted SMAD protein phosphorylation"
19,0.0248296634857168,"Down",0.55296941043729,0.955526234391346,"GO:0009593","detection of chemical stimulus"
32,0.0229978293541978,"Up",0.553812632259269,0.955526234391346,"GO:1990928","response to amino acid starvation"
21,0.064855678580348,"Up",0.553984146602045,0.955526234391346,"GO:0001778","plasma membrane repair"
37,0.0472075211952326,"Up",0.554077980408591,0.955526234391346,"GO:0032481","positive regulation of type I interferon production"
24,0.0221494052525222,"Down",0.554174540409626,0.955526234391346,"GO:0038084","vascular endothelial growth factor signaling pathway"
78,-0.00588971261282143,"Up",0.554322500751995,0.955526234391346,"GO:2000241","regulation of reproductive process"
27,0.0231114528404067,"Up",0.554479968587832,0.955526234391346,"GO:1901532","regulation of hematopoietic progenitor cell differentiation"
17,0.239612076303316,"Up",0.554613361783785,0.955526234391346,"GO:0035455","response to interferon-alpha"
15,0.108704062757533,"Down",0.555668823641933,0.955911731438847,"GO:0046717","acid secretion"
34,-0.00557126227797333,"Up",0.556286419838633,0.955911731438847,"GO:0034637","cellular carbohydrate biosynthetic process"
34,0.00911558611435898,"Down",0.556624260947858,0.955911731438847,"GO:0021885","forebrain cell migration"
135,0.028964626909987,"Up",0.556658007235538,0.955911731438847,"GO:0002429","immune response-activating cell surface receptor signaling pathway"
135,0.028964626909987,"Up",0.556658007235538,0.955911731438847,"GO:0002757","immune response-activating signal transduction"
37,0.0247527266368228,"Down",0.557385364205471,0.955911731438847,"GO:1900046","regulation of hemostasis"
30,0.0105434084268172,"Up",0.558095060754362,0.955911731438847,"GO:0034198","cellular response to amino acid starvation"
97,0.0535962536062519,"Down",0.558261770771654,0.955911731438847,"GO:0043487","regulation of RNA stability"
20,0.0236392192387738,"Up",0.558412566177253,0.955911731438847,"GO:0000305","response to oxygen radical"
16,0.0269962840196765,"Down",0.558711506979375,0.955911731438847,"GO:0051180","vitamin transport"
17,0.036283102424661,"Down",0.559310967288417,0.955911731438847,"GO:0006517","protein deglycosylation"
73,-0.00729119414414466,"Up",0.559337713527333,0.955911731438847,"GO:0090276","regulation of peptide hormone secretion"
25,0.0232207858317604,"Down",0.55942101710945,0.955911731438847,"GO:0061842","microtubule organizing center localization"
53,0.0487886875322522,"Down",0.559799629136642,0.955911731438847,"GO:2000628","regulation of miRNA metabolic process"
41,0.128095192156677,"Up",0.559839432077059,0.955911731438847,"GO:0032206","positive regulation of telomere maintenance"
30,-0.0245350847270963,"Up",0.559906592872227,0.955911731438847,"GO:2000243","positive regulation of reproductive process"
488,0.00984810090602451,"Down",0.560331884077115,0.955911731438847,"GO:0040007","growth"
51,-0.000820075448908713,"Down",0.56055999700567,0.955911731438847,"GO:0006809","nitric oxide biosynthetic process"
17,0.0684235660043392,"Down",0.560580951975631,0.955911731438847,"GO:0039694","viral RNA genome replication"
39,0.029113705337449,"Down",0.560730617029411,0.955911731438847,"GO:0042698","ovulation cycle"
32,-0.00294384240343916,"Down",0.560878049479995,0.955911731438847,"GO:0045646","regulation of erythrocyte differentiation"
15,0.0373201563514871,"Down",0.561324326817073,0.955911731438847,"GO:0040036","regulation of fibroblast growth factor receptor signaling pathway"
260,0.0452580471998865,"Down",0.561348281850812,0.955911731438847,"GO:0061564","axon development"
101,0.0222563485301346,"Down",0.561780983484319,0.955911731438847,"GO:0098727","maintenance of cell number"
238,0.0152482692709989,"Up",0.561951760716569,0.955911731438847,"GO:0046700","heterocycle catabolic process"
18,0.0870691536221202,"Up",0.562109769845305,0.955911731438847,"GO:1901570","fatty acid derivative biosynthetic process"
178,0.0155514697432217,"Down",0.562441153492151,0.955911731438847,"GO:0007162","negative regulation of cell adhesion"
30,0.0100432766072052,"Down",0.562541383554646,0.955911731438847,"GO:0030890","positive regulation of B cell proliferation"
18,-0.0105020779061649,"Up",0.562573320714999,0.955911731438847,"GO:0034381","plasma lipoprotein particle clearance"
34,0.00127393639538325,"Down",0.562645344623842,0.955911731438847,"GO:1902475","L-alpha-amino acid transmembrane transport"
96,0.0388275370218959,"Down",0.562848270092946,0.955911731438847,"GO:1990138","neuron projection extension"
25,0.110269562675676,"Up",0.563721668357386,0.955934818918002,"GO:0046688","response to copper ion"
26,0.0231999908338018,"Down",0.563743071702982,0.955934818918002,"GO:0045601","regulation of endothelial cell differentiation"
15,0.0638724397174331,"Up",0.564133630526396,0.955934818918002,"GO:0006779","porphyrin-containing compound biosynthetic process"
15,0.0638724397174331,"Up",0.564133630526396,0.955934818918002,"GO:0033014","tetrapyrrole biosynthetic process"
393,0.024052033769794,"Down",0.564465118130913,0.955934818918002,"GO:0000904","cell morphogenesis involved in differentiation"
23,-0.0143450600938734,"Up",0.565690515065376,0.955934818918002,"GO:0031116","positive regulation of microtubule polymerization"
19,0.065929657713068,"Up",0.565859730480042,0.955934818918002,"GO:0010644","cell communication by electrical coupling"
187,0.0199561199460988,"Up",0.566605798519883,0.955934818918002,"GO:0050727","regulation of inflammatory response"
134,0.00897714309632777,"Down",0.566617989007543,0.955934818918002,"GO:0090068","positive regulation of cell cycle process"
29,-0.000399934956150364,"Up",0.567068857997309,0.955934818918002,"GO:0071300","cellular response to retinoic acid"
222,0.0163706419433917,"Down",0.56708472691647,0.955934818918002,"GO:0048732","gland development"
15,0.352000149890545,"Up",0.56721656723871,0.955934818918002,"GO:0036499","PERK-mediated unfolded protein response"
52,-0.0119245654879709,"Up",0.567469783051503,0.955934818918002,"GO:0043242","negative regulation of protein-containing complex disassembly"
201,0.00716583822457041,"Down",0.567705267617795,0.955934818918002,"GO:0050767","regulation of neurogenesis"
31,-0.0145509179351549,"Up",0.56828749138158,0.955934818918002,"GO:0090199","regulation of release of cytochrome c from mitochondria"
24,0.0335655755732332,"Up",0.568562559474522,0.955934818918002,"GO:0150117","positive regulation of cell-substrate junction organization"
20,0.0448723365936529,"Down",0.568715417376628,0.955934818918002,"GO:0007431","salivary gland development"
20,0.0448723365936529,"Down",0.568715417376628,0.955934818918002,"GO:0007435","salivary gland morphogenesis"
32,-0.0101614973746616,"Down",0.569031497327515,0.955934818918002,"GO:1903202","negative regulation of oxidative stress-induced cell death"
76,0.0361601978861582,"Down",0.569108039610129,0.955934818918002,"GO:0048675","axon extension"
71,-0.00251969990206807,"Down",0.56934151900054,0.955934818918002,"GO:0031109","microtubule polymerization or depolymerization"
36,-0.00295178784855421,"Down",0.570073382428738,0.955934818918002,"GO:0043536","positive regulation of blood vessel endothelial cell migration"
18,0.0963649813738831,"Down",0.57033503406401,0.955934818918002,"GO:0048546","digestive tract morphogenesis"
15,-0.0166523117059124,"Down",0.570521680613909,0.955934818918002,"GO:0071875","adrenergic receptor signaling pathway"
18,-0.0157138668827818,"Up",0.57108720229002,0.955934818918002,"GO:2000819","regulation of nucleotide-excision repair"
123,0.00937157479388486,"Up",0.571224937860023,0.955934818918002,"GO:0010951","negative regulation of endopeptidase activity"
19,-0.00738176279638162,"Down",0.571283523720797,0.955934818918002,"GO:0030104","water homeostasis"
23,0.044940652719233,"Down",0.571609631101456,0.955934818918002,"GO:0032743","positive regulation of interleukin-2 production"
16,0.0437182737317436,"Up",0.571698331570973,0.955934818918002,"GO:0086064","cell communication by electrical coupling involved in cardiac conduction"
48,-0.000786071205516245,"Down",0.571715002299173,0.955934818918002,"GO:0008585","female gonad development"
207,-0.000369615829585885,"Down",0.571948622224098,0.955934818918002,"GO:0001933","negative regulation of protein phosphorylation"
72,0.0379706472077512,"Up",0.572815736454859,0.955934818918002,"GO:0045739","positive regulation of DNA repair"
37,0.0207404277176191,"Up",0.573595542966528,0.955934818918002,"GO:0001954","positive regulation of cell-matrix adhesion"
18,0.055877244783731,"Up",0.57430709353363,0.955934818918002,"GO:0086004","regulation of cardiac muscle cell contraction"
28,0.0139993635444192,"Down",0.574819633410965,0.955934818918002,"GO:0042551","neuron maturation"
44,0.0497015498298841,"Down",0.574902847470846,0.955934818918002,"GO:1902893","regulation of miRNA transcription"
39,0.0823006863284981,"Up",0.575117662156075,0.955934818918002,"GO:0044088","regulation of vacuole organization"
17,0.0765501265988071,"Down",0.57521545774642,0.955934818918002,"GO:0031646","positive regulation of nervous system process"
45,-0.000597373863151358,"Up",0.575287830089254,0.955934818918002,"GO:0051303","establishment of chromosome localization"
16,0.0319864276211073,"Down",0.575314997860964,0.955934818918002,"GO:0044827","modulation by host of viral genome replication"
74,-0.00851331606769629,"Up",0.575370597767245,0.955934818918002,"GO:0002791","regulation of peptide secretion"
26,-0.0159586324392545,"Down",0.575402141941991,0.955934818918002,"GO:0007020","microtubule nucleation"
16,-0.022995943616208,"Up",0.575434651950478,0.955934818918002,"GO:0034138","toll-like receptor 3 signaling pathway"
77,0.0160758564784178,"Down",0.575447996327497,0.955934818918002,"GO:0031023","microtubule organizing center organization"
47,0.00751164892420905,"Down",0.575551500036757,0.955934818918002,"GO:0006023","aminoglycan biosynthetic process"
89,0.0179861546305368,"Down",0.575658886683906,0.955934818918002,"GO:0008016","regulation of heart contraction"
16,-0.0304773623936451,"Down",0.575686547463965,0.955934818918002,"GO:0042491","inner ear auditory receptor cell differentiation"
37,-0.00191419957498033,"Up",0.576253866216039,0.955934818918002,"GO:0005977","glycogen metabolic process"
19,0.00958599248404628,"Up",0.576318353509392,0.955934818918002,"GO:0000303","response to superoxide"
25,0.0306709753581755,"Up",0.576433214773062,0.955934818918002,"GO:1902229","regulation of intrinsic apoptotic signaling pathway in response to DNA damage"
20,0.112851068334699,"Up",0.576753713641598,0.955934818918002,"GO:0090207","regulation of triglyceride metabolic process"
99,-0.0048140628769688,"Up",0.576946667177783,0.955934818918002,"GO:0009755","hormone-mediated signaling pathway"
28,0.0400834325531048,"Down",0.577096329752084,0.955934818918002,"GO:2001239","regulation of extrinsic apoptotic signaling pathway in absence of ligand"
38,0.00418603820911753,"Down",0.577104107910183,0.955934818918002,"GO:0048008","platelet-derived growth factor receptor signaling pathway"
22,0.0165651033368279,"Down",0.57721953148334,0.955934818918002,"GO:0035335","peptidyl-tyrosine dephosphorylation"
19,0.147320778971238,"Up",0.577373204064649,0.955934818918002,"GO:0035459","vesicle cargo loading"
260,0.000252149676037713,"Down",0.578486743305884,0.955934818918002,"GO:0044772","mitotic cell cycle phase transition"
27,-0.0067315147559298,"Down",0.578556434190481,0.955934818918002,"GO:0002823","negative regulation of adaptive immune response based on somatic recombination of immune receptors built from immunoglobulin superfamily domains"
18,0.0684693286227464,"Down",0.578557169412613,0.955934818918002,"GO:0017145","stem cell division"
128,0.0177088848324455,"Up",0.578971753273095,0.955934818918002,"GO:0051924","regulation of calcium ion transport"
39,-0.0203630682783635,"Up",0.579053341609423,0.955934818918002,"GO:0033143","regulation of intracellular steroid hormone receptor signaling pathway"
29,0.0116707627815871,"Down",0.579846528423617,0.955934818918002,"GO:0061756","leukocyte adhesion to vascular endothelial cell"
216,0.0131568402279224,"Down",0.580478939862696,0.955934818918002,"GO:0040013","negative regulation of locomotion"
24,-0.0160641433299031,"Up",0.580773051338652,0.955934818918002,"GO:0031112","positive regulation of microtubule polymerization or depolymerization"
25,-0.0131660307988705,"Up",0.581007994340989,0.955934818918002,"GO:0051294","establishment of spindle orientation"
47,0.00870563596795981,"Up",0.581190927745808,0.955934818918002,"GO:0061515","myeloid cell development"
416,0.00883117220691101,"Down",0.582002330116961,0.955934818918002,"GO:0007017","microtubule-based process"
49,0.0431015862931984,"Up",0.582206317648426,0.955934818918002,"GO:0002532","production of molecular mediator involved in inflammatory response"
98,-0.00618841324197471,"Up",0.582523617611447,0.955934818918002,"GO:0046883","regulation of hormone secretion"
46,0.0692563736593295,"Up",0.582595657735741,0.955934818918002,"GO:0034728","nucleosome organization"
62,-0.00253095153574738,"Down",0.582885001754674,0.955934818918002,"GO:1903825","organic acid transmembrane transport"
62,-0.00253095153574738,"Down",0.582885001754674,0.955934818918002,"GO:1905039","carboxylic acid transmembrane transport"
25,0.218022985341899,"Down",0.583061355029475,0.955934818918002,"GO:0071711","basement membrane organization"
138,0.0134667791285651,"Down",0.58311592599946,0.955934818918002,"GO:0009416","response to light stimulus"
92,0.00933080415468125,"Up",0.583335223630744,0.955934818918002,"GO:0090305","nucleic acid phosphodiester bond hydrolysis"
15,0.0338221100457622,"Up",0.583449708913807,0.955934818918002,"GO:0010882","regulation of cardiac muscle contraction by calcium ion signaling"
20,0.10879988381831,"Down",0.583571579134474,0.955934818918002,"GO:2000050","regulation of non-canonical Wnt signaling pathway"
21,-0.00814039314314438,"Down",0.583931201042618,0.955934818918002,"GO:0021955","central nervous system neuron axonogenesis"
26,-0.00314821591544044,"Up",0.583989697653167,0.955934818918002,"GO:0010939","regulation of necrotic cell death"
19,-0.0412891313993865,"Up",0.584002009470415,0.955934818918002,"GO:0031670","cellular response to nutrient"
28,0.0252179610785191,"Down",0.584065243338285,0.955934818918002,"GO:0009247","glycolipid biosynthetic process"
91,0.00332121559602653,"Down",0.58431074984294,0.955934818918002,"GO:0007626","locomotory behavior"
107,-0.00206450160187793,"Up",0.584635268911051,0.955934818918002,"GO:0015833","peptide transport"
134,0.00848630528890378,"Down",0.585034312090491,0.955934818918002,"GO:0015711","organic anion transport"
17,-0.0202640914402601,"Down",0.585211161220029,0.955934818918002,"GO:0035315","hair cell differentiation"
157,-0.000796453978097046,"Down",0.585373819264612,0.955934818918002,"GO:0030522","intracellular receptor signaling pathway"
98,0.0115257405910009,"Down",0.585391425587281,0.955934818918002,"GO:0072331","signal transduction by p53 class mediator"
87,0.029181832027691,"Down",0.585686723891639,0.955934818918002,"GO:0045664","regulation of neuron differentiation"
40,0.0179618517818225,"Down",0.585893058782303,0.955934818918002,"GO:0031100","animal organ regeneration"
30,-0.0093447900241238,"Down",0.586467067823946,0.955934818918002,"GO:2000403","positive regulation of lymphocyte migration"
15,0.00203252071048389,"Up",0.586957467741473,0.955934818918002,"GO:1901673","regulation of mitotic spindle assembly"
21,-0.0223272169148177,"Up",0.587126695158101,0.955934818918002,"GO:0007176","regulation of epidermal growth factor-activated receptor activity"
230,0.0497804289831122,"Down",0.587138184524942,0.955934818918002,"GO:0007409","axonogenesis"
97,0.0096095562045129,"Down",0.587154341330549,0.955934818918002,"GO:0051250","negative regulation of lymphocyte activation"
21,0.0241843965461176,"Down",0.587478528718869,0.95603397845345,"GO:0045747","positive regulation of Notch signaling pathway"
15,-0.0228954331755764,"Up",0.587930304170329,0.95603397845345,"GO:0031639","plasminogen activation"
29,0.00808697154367169,"Up",0.587990619351608,0.95603397845345,"GO:0034142","toll-like receptor 4 signaling pathway"
406,0.0131854439308313,"Up",0.588842061733085,0.956846248634665,"GO:0001817","regulation of cytokine production"
139,-0.00022762154435548,"Down",0.589007544779976,0.956846248634665,"GO:0002573","myeloid leukocyte differentiation"
23,0.12125078723132,"Up",0.589826024663522,0.957178834452133,"GO:0042092","type 2 immune response"
21,0.11962458003682,"Down",0.589930472346894,0.957178834452133,"GO:0009187","cyclic nucleotide metabolic process"
53,0.0105534701349084,"Down",0.590389798615111,0.957178834452133,"GO:1904035","regulation of epithelial cell apoptotic process"
22,0.0176991406979622,"Down",0.590896076335993,0.957178834452133,"GO:0043368","positive T cell selection"
28,0.00920567950409507,"Down",0.591475716457308,0.957178834452133,"GO:0042490","mechanoreceptor differentiation"
29,0.0145534630861834,"Up",0.591492532646512,0.957178834452133,"GO:0097300","programmed necrotic cell death"
57,0.0195971345037051,"Down",0.592306709292705,0.957178834452133,"GO:0043154","negative regulation of cysteine-type endopeptidase activity involved in apoptotic process"
349,0.00749432811641051,"Down",0.592394740926077,0.957178834452133,"GO:0030335","positive regulation of cell migration"
20,-0.0209504952523269,"Up",0.592676267414654,0.957178834452133,"GO:0033137","negative regulation of peptidyl-serine phosphorylation"
29,0.0047968395093233,"Down",0.592835663361596,0.957178834452133,"GO:0060294","cilium movement involved in cell motility"
71,0.0464134994965793,"Down",0.593155582501698,0.957178834452133,"GO:0006261","DNA-templated DNA replication"
19,0.046734382818074,"Down",0.593463107423532,0.957178834452133,"GO:0045616","regulation of keratinocyte differentiation"
65,0.0343312453111722,"Down",0.593508754608319,0.957178834452133,"GO:0051928","positive regulation of calcium ion transport"
147,-0.000847046039283768,"Down",0.594002296738955,0.957178834452133,"GO:0009101","glycoprotein biosynthetic process"
207,0.00284359165534598,"Up",0.594044049521281,0.957178834452133,"GO:0070997","neuron death"
16,0.0477832624604778,"Down",0.594811662277306,0.957178834452133,"GO:0060306","regulation of membrane repolarization"
23,-0.00855697844730228,"Up",0.594995321674495,0.957178834452133,"GO:0016578","histone deubiquitination"
30,-0.0236929038786197,"Down",0.595062822159541,0.957178834452133,"GO:0002762","negative regulation of myeloid leukocyte differentiation"
20,0.0154090779243973,"Down",0.595199901353553,0.957178834452133,"GO:0032881","regulation of polysaccharide metabolic process"
19,0.155495714695247,"Down",0.595317289038886,0.957178834452133,"GO:0003382","epithelial cell morphogenesis"
98,0.00725297082022244,"Down",0.596408409097701,0.957178834452133,"GO:0042770","signal transduction in response to DNA damage"
237,0.00342392561049328,"Up",0.596513019122908,0.957178834452133,"GO:1903706","regulation of hemopoiesis"
200,0.0124966729887239,"Up",0.596595268325345,0.957178834452133,"GO:0006816","calcium ion transport"
19,0.0541884618107768,"Down",0.596965574990366,0.957178834452133,"GO:2000737","negative regulation of stem cell differentiation"
19,-0.0125637251348373,"Down",0.597071295849791,0.957178834452133,"GO:0097421","liver regeneration"
73,0.0231098210314264,"Up",0.597170601130562,0.957178834452133,"GO:0002705","positive regulation of leukocyte mediated immunity"
57,0.0308153621593692,"Down",0.598008381472485,0.957178834452133,"GO:0030216","keratinocyte differentiation"
121,0.0144929888926519,"Down",0.598139925785689,0.957178834452133,"GO:0090257","regulation of muscle system process"
45,0.0404992320851419,"Up",0.59841383376117,0.957178834452133,"GO:0070227","lymphocyte apoptotic process"
45,0.0435707203651882,"Down",0.598422049186992,0.957178834452133,"GO:0061614","miRNA transcription"
16,-0.0128130902300155,"Down",0.598485012277633,0.957178834452133,"GO:0046426","negative regulation of receptor signaling pathway via JAK-STAT"
16,-0.011246380851853,"Up",0.598789994815734,0.957178834452133,"GO:0035066","positive regulation of histone acetylation"
21,0.107499479602591,"Up",0.598932655264108,0.957178834452133,"GO:0090503","RNA phosphodiester bond hydrolysis, exonucleolytic"
296,0.0159183611711778,"Down",0.59904243767474,0.957178834452133,"GO:0099536","synaptic signaling"
78,0.00527741956915533,"Up",0.599108164387176,0.957178834452133,"GO:0044272","sulfur compound biosynthetic process"
29,0.116320583160449,"Down",0.599318046388957,0.957178834452133,"GO:0001510","RNA methylation"
34,0.00147129469313618,"Down",0.599490683021028,0.957178834452133,"GO:2001259","positive regulation of cation channel activity"
20,0.0875288960989092,"Up",0.599610909118588,0.957178834452133,"GO:0002828","regulation of type 2 immune response"
75,-0.00842923357080116,"Up",0.600179114302502,0.957178834452133,"GO:0090087","regulation of peptide transport"
112,0.00556982278872302,"Down",0.600241276816798,0.957178834452133,"GO:0030705","cytoskeleton-dependent intracellular transport"
213,0.0109410527561491,"Down",0.600598978375953,0.957178834452133,"GO:0009314","response to radiation"
56,0.0220117652781704,"Up",0.601158316601515,0.957178834452133,"GO:1902099","regulation of metaphase/anaphase transition of cell cycle"
185,0.00933793638259458,"Down",0.601480898624381,0.957178834452133,"GO:0006820","anion transport"
190,0.0321375440956689,"Up",0.601633832522492,0.957178834452133,"GO:0007059","chromosome segregation"
58,0.0306192840359279,"Down",0.601984620509616,0.957178834452133,"GO:1903510","mucopolysaccharide metabolic process"
33,0.122638811379331,"Up",0.602313689662578,0.957178834452133,"GO:0032210","regulation of telomere maintenance via telomerase"
60,0.00449622401263236,"Down",0.602393791005239,0.957178834452133,"GO:0033138","positive regulation of peptidyl-serine phosphorylation"
220,0.0181489833946211,"Up",0.602562594921072,0.957178834452133,"GO:0034655","nucleobase-containing compound catabolic process"
15,-0.0430562087118038,"Up",0.603512965555598,0.957178834452133,"GO:0071459","protein localization to chromosome, centromeric region"
32,-0.0189022251755002,"Down",0.604150215743637,0.957178834452133,"GO:1900744","regulation of p38MAPK cascade"
15,0.114588878376781,"Down",0.605682170354477,0.957178834452133,"GO:0030728","ovulation"
39,0.0288268942710546,"Up",0.606486691303484,0.957178834452133,"GO:0006801","superoxide metabolic process"
268,0.0508991197244364,"Up",0.606562993081946,0.957178834452133,"GO:0034660","ncRNA metabolic process"
22,0.0440749097731257,"Down",0.60673290959909,0.957178834452133,"GO:0007193","adenylate cyclase-inhibiting G protein-coupled receptor signaling pathway"
20,0.017412185596199,"Up",0.606785488960014,0.957178834452133,"GO:0071624","positive regulation of granulocyte chemotaxis"
20,0.017412185596199,"Up",0.606785488960014,0.957178834452133,"GO:0090023","positive regulation of neutrophil chemotaxis"
57,0.0231737935325273,"Up",0.60679085560903,0.957178834452133,"GO:0044784","metaphase/anaphase transition of cell cycle"
121,0.0255819716306265,"Down",0.60702405876298,0.957178834452133,"GO:0048588","developmental cell growth"
48,0.000839647337063358,"Up",0.607095324494248,0.957178834452133,"GO:0044264","cellular polysaccharide metabolic process"
19,0.0152818916715068,"Down",0.607137719406615,0.957178834452133,"GO:0060119","inner ear receptor cell development"
76,0.0328710023826534,"Down",0.607175951389403,0.957178834452133,"GO:0007043","cell-cell junction assembly"
29,-0.0227850944279493,"Down",0.607222505260505,0.957178834452133,"GO:2000273","positive regulation of signaling receptor activity"
19,0.0375895667679654,"Up",0.607296299851694,0.957178834452133,"GO:0030212","hyaluronan metabolic process"
56,0.0375009669713008,"Down",0.607622511446247,0.957178834452133,"GO:0031644","regulation of nervous system process"
55,0.024465252525602,"Up",0.607773396754756,0.957178834452133,"GO:0030071","regulation of mitotic metaphase/anaphase transition"
25,0.0770023674551557,"Down",0.607790205161945,0.957178834452133,"GO:1902275","regulation of chromatin organization"
254,0.0108724354802787,"Down",0.60800936221547,0.957178834452133,"GO:0042060","wound healing"
54,0.0124420436705127,"Up",0.608303456104371,0.957178834452133,"GO:0005976","polysaccharide metabolic process"
209,0.0181678123317361,"Down",0.608800894901834,0.957178834452133,"GO:0003012","muscle system process"
61,0.135545247083686,"Up",0.609001171939387,0.957178834452133,"GO:0006352","DNA-templated transcription initiation"
98,0.0244542047000817,"Down",0.60914396825105,0.957178834452133,"GO:0048015","phosphatidylinositol-mediated signaling"
68,0.0138794745452701,"Up",0.609218017128195,0.957178834452133,"GO:0055067","monovalent inorganic cation homeostasis"
15,0.0544863801421078,"Down",0.609326894095517,0.957178834452133,"GO:0007215","glutamate receptor signaling pathway"
33,-0.019506459428274,"Up",0.6095027286286,0.957178834452133,"GO:0008652","cellular amino acid biosynthetic process"
245,0.00685997232573346,"Up",0.609571818915249,0.957178834452133,"GO:0050900","leukocyte migration"
323,0.00818222558821189,"Down",0.609604736060778,0.957178834452133,"GO:0008610","lipid biosynthetic process"
47,-0.000505050216171846,"Down",0.609695188550474,0.957178834452133,"GO:2000177","regulation of neural precursor cell proliferation"
16,0.0413654467061961,"Down",0.609854867758699,0.957178834452133,"GO:0035024","negative regulation of Rho protein signal transduction"
17,-0.00649006236546112,"Up",0.610190245998074,0.957178834452133,"GO:0046823","negative regulation of nucleocytoplasmic transport"
37,-0.00173398558067969,"Down",0.610272312801297,0.957178834452133,"GO:0010332","response to gamma radiation"
324,0.00123254023769673,"Down",0.610529153247314,0.957178834452133,"GO:0032870","cellular response to hormone stimulus"
252,0.0919994689586698,"Up",0.610633372999389,0.957178834452133,"GO:0008380","RNA splicing"
223,0.0459546357765724,"Down",0.611104263559524,0.957178834452133,"GO:0034329","cell junction assembly"
19,0.0507128748283195,"Up",0.61119474580208,0.957178834452133,"GO:0051937","catecholamine transport"
17,0.21233153924645,"Up",0.611207463361973,0.957178834452133,"GO:0001916","positive regulation of T cell mediated cytotoxicity"
36,0.0325468337026948,"Down",0.611607960517869,0.957400696553364,"GO:0030193","regulation of blood coagulation"
479,0.0844001346362815,"Up",0.612015380313142,0.957428918432521,"GO:0006396","RNA processing"
59,0.0225191215755419,"Up",0.612314875025154,0.957428918432521,"GO:0051306","mitotic sister chromatid separation"
56,0.0254997768324899,"Up",0.612653420114821,0.957428918432521,"GO:0007091","metaphase/anaphase transition of mitotic cell cycle"
25,0.00389582554875286,"Down",0.612989955022337,0.957428918432521,"GO:0043516","regulation of DNA damage response, signal transduction by p53 class mediator"
148,0.0175392464020039,"Down",0.613012257732289,0.957428918432521,"GO:0060828","regulation of canonical Wnt signaling pathway"
20,0.0950488803822329,"Down",0.613196884509964,0.957428918432521,"GO:0014888","striated muscle adaptation"
101,0.0219430743814148,"Down",0.613437830950277,0.957428918432521,"GO:0048017","inositol lipid-mediated signaling"
55,-0.00657008579398507,"Down",0.613763596224404,0.957525387812646,"GO:0046330","positive regulation of JNK cascade"
181,-0.00146541626753382,"Down",0.614017361419734,0.957525387812646,"GO:0006644","phospholipid metabolic process"
16,0.0797689633970578,"Down",0.614587840824666,0.958011134939081,"GO:2000316","regulation of T-helper 17 type immune response"
58,0.00631478374258607,"Down",0.61502043183486,0.958281624834518,"GO:0071482","cellular response to light stimulus"
75,0.014792941600725,"Up",0.615346388976962,0.958385807505593,"GO:0051224","negative regulation of protein transport"
18,-0.0431144601833147,"Down",0.615633543915912,0.958429494505454,"GO:0016266","O-glycan processing"
86,0.0187988130449887,"Down",0.61657174361144,0.95867030182213,"GO:0048167","regulation of synaptic plasticity"
22,0.0530536410479459,"Down",0.616665569311119,0.95867030182213,"GO:0021536","diencephalon development"
48,0.00864371788314791,"Up",0.617046899210098,0.95867030182213,"GO:0050000","chromosome localization"
87,-0.00253403156415221,"Down",0.618069227172004,0.95867030182213,"GO:0046328","regulation of JNK cascade"
22,0.00526191301967282,"Up",0.618143120105028,0.95867030182213,"GO:2000008","regulation of protein localization to cell surface"
121,0.0253468919465814,"Down",0.618429724878372,0.95867030182213,"GO:0031032","actomyosin structure organization"
52,0.0326370422978394,"Down",0.61906032037741,0.95867030182213,"GO:0032392","DNA geometric change"
30,0.0223712906603105,"Up",0.61906213514943,0.95867030182213,"GO:0046173","polyol biosynthetic process"
58,-0.00100108022220162,"Up",0.619115865370333,0.95867030182213,"GO:0034109","homotypic cell-cell adhesion"
192,0.0200622981930395,"Down",0.619222751334088,0.95867030182213,"GO:0050804","modulation of chemical synaptic transmission"
59,0.00077922260851272,"Down",0.619324886819345,0.95867030182213,"GO:0045445","myoblast differentiation"
83,0.00180034197955418,"Up",0.61935987700269,0.95867030182213,"GO:0034101","erythrocyte homeostasis"
29,0.0888342868042518,"Up",0.619745829564886,0.95867030182213,"GO:0042149","cellular response to glucose starvation"
39,0.039390623827256,"Up",0.619893613801719,0.95867030182213,"GO:0032615","interleukin-12 production"
39,0.039390623827256,"Up",0.619893613801719,0.95867030182213,"GO:0032655","regulation of interleukin-12 production"
15,0.0500764372073169,"Down",0.619934945109093,0.95867030182213,"GO:0097484","dendrite extension"
87,0.00569024197666373,"Up",0.620668815549504,0.959404073847729,"GO:0006109","regulation of carbohydrate metabolic process"
17,0.00574861787372356,"Down",0.621852964222884,0.96043572845804,"GO:0050892","intestinal absorption"
84,0.0422943353239035,"Up",0.622145819811811,0.96043572845804,"GO:0006959","humoral immune response"
23,-0.0245338929224177,"Up",0.622365592927853,0.96043572845804,"GO:0000132","establishment of mitotic spindle orientation"
15,0.135242391571388,"Down",0.622824950310427,0.96043572845804,"GO:0014003","oligodendrocyte development"
66,0.0210406386704264,"Down",0.623521822555524,0.96043572845804,"GO:0018210","peptidyl-threonine modification"
20,-0.0373308922868688,"Up",0.623532705143112,0.96043572845804,"GO:0010665","regulation of cardiac muscle cell apoptotic process"
17,0.034369475458496,"Up",0.623580986330367,0.96043572845804,"GO:0070861","regulation of protein exit from endoplasmic reticulum"
15,0.114270831444922,"Down",0.624180240326725,0.96043572845804,"GO:1902307","positive regulation of sodium ion transmembrane transport"
74,-0.00334520473634747,"Up",0.624385204395744,0.96043572845804,"GO:0008584","male gonad development"
25,0.050717036959108,"Up",0.624400131607851,0.96043572845804,"GO:0036230","granulocyte activation"
41,0.184107125511742,"Up",0.624451994306998,0.96043572845804,"GO:0006278","RNA-templated DNA biosynthetic process"
41,0.184107125511742,"Up",0.624451994306998,0.96043572845804,"GO:0007004","telomere maintenance via telomerase"
294,0.00910665889384931,"Up",0.625656613727789,0.961601380653484,"GO:0045785","positive regulation of cell adhesion"
129,0.0136856479156903,"Up",0.62586485201215,0.961601380653484,"GO:0010466","negative regulation of peptidase activity"
126,0.00111313429801952,"Up",0.62631801858035,0.961601380653484,"GO:0050769","positive regulation of neurogenesis"
51,0.0106050881793433,"Up",0.626447556421585,0.961601380653484,"GO:0071677","positive regulation of mononuclear cell migration"
34,0.00814077407640916,"Up",0.627088215664784,0.961601380653484,"GO:0043627","response to estrogen"
31,0.0625355133380678,"Down",0.627119067436538,0.961601380653484,"GO:0043113","receptor clustering"
27,0.00666081662691039,"Down",0.627346265326671,0.961601380653484,"GO:0030317","flagellated sperm motility"
27,0.00666081662691039,"Down",0.627346265326671,0.961601380653484,"GO:0097722","sperm motility"
81,0.0159948323656653,"Up",0.627549535792785,0.961601380653484,"GO:0042445","hormone metabolic process"
160,0.0109586275564118,"Down",0.628243858631042,0.96214166245407,"GO:0070372","regulation of ERK1 and ERK2 cascade"
62,0.0195601955670452,"Down",0.628912169699162,0.96214166245407,"GO:1990830","cellular response to leukemia inhibitory factor"
60,0.00927599288379513,"Down",0.630069143888908,0.96214166245407,"GO:0000077","DNA damage checkpoint signaling"
118,0.00342118524005495,"Up",0.630124389504783,0.96214166245407,"GO:0043523","regulation of neuron apoptotic process"
86,0.0171411392511801,"Up",0.630293137754657,0.96214166245407,"GO:0097696","receptor signaling pathway via STAT"
22,0.227422883364154,"Up",0.630516190893381,0.96214166245407,"GO:0001914","regulation of T cell mediated cytotoxicity"
30,-0.00191959032395869,"Down",0.630730183053133,0.96214166245407,"GO:0043551","regulation of phosphatidylinositol 3-kinase activity"
38,-0.000719706279992999,"Up",0.631015294198111,0.96214166245407,"GO:1903078","positive regulation of protein localization to plasma membrane"
273,0.0124833600629724,"Down",0.631101050056112,0.96214166245407,"GO:0043410","positive regulation of MAPK cascade"
122,0.0172438605668111,"Down",0.631233394497287,0.96214166245407,"GO:0032412","regulation of ion transmembrane transporter activity"
27,-0.0292269357035864,"Down",0.632109157066945,0.96214166245407,"GO:0043647","inositol phosphate metabolic process"
27,0.0217438058745982,"Up",0.632129449480428,0.96214166245407,"GO:0043392","negative regulation of DNA binding"
16,0.0892822169486,"Up",0.632238818798331,0.96214166245407,"GO:0071280","cellular response to copper ion"
57,0.0248511411644497,"Up",0.632288937739235,0.96214166245407,"GO:0010965","regulation of mitotic sister chromatid separation"
81,-0.00218418044830677,"Down",0.632566458199655,0.96214166245407,"GO:0033135","regulation of peptidyl-serine phosphorylation"
86,-0.00311928287884335,"Up",0.633356558467578,0.96214166245407,"GO:0010508","positive regulation of autophagy"
26,0.0657707673039716,"Up",0.633482105388671,0.96214166245407,"GO:2000516","positive regulation of CD4-positive, alpha-beta T cell activation"
115,0.0108163321891068,"Down",0.633587680245092,0.96214166245407,"GO:0043491","protein kinase B signaling"
215,0.0419595056747231,"Down",0.634057017710633,0.96214166245407,"GO:0050808","synapse organization"
22,0.00475918879921446,"Down",0.634428049470453,0.96214166245407,"GO:0006695","cholesterol biosynthetic process"
22,0.00475918879921446,"Down",0.634428049470453,0.96214166245407,"GO:1902653","secondary alcohol biosynthetic process"
72,0.0118887738700774,"Up",0.634693070889205,0.96214166245407,"GO:0006892","post-Golgi vesicle-mediated transport"
107,0.00986639879370755,"Down",0.635057088034901,0.96214166245407,"GO:0060047","heart contraction"
78,0.0100603243832719,"Up",0.635504482898397,0.96214166245407,"GO:1904950","negative regulation of establishment of protein localization"
112,0.0148186560257305,"Up",0.635873224495384,0.96214166245407,"GO:0000910","cytokinesis"
80,0.0135738112506454,"Down",0.63673375115546,0.96214166245407,"GO:0046890","regulation of lipid biosynthetic process"
184,0.00286455019577378,"Down",0.636870722874652,0.96214166245407,"GO:0009100","glycoprotein metabolic process"
20,0.0367466439798007,"Down",0.636878549562811,0.96214166245407,"GO:0070229","negative regulation of lymphocyte apoptotic process"
40,-0.00227892191819404,"Down",0.637154342399583,0.96214166245407,"GO:0010660","regulation of muscle cell apoptotic process"
18,0.0583535777499723,"Down",0.637298517918839,0.96214166245407,"GO:0006270","DNA replication initiation"
17,-0.0401539507316383,"Up",0.637648464452256,0.96214166245407,"GO:0060765","regulation of androgen receptor signaling pathway"
15,-0.0161022106162873,"Up",0.63800049719718,0.96214166245407,"GO:0046174","polyol catabolic process"
56,0.0330579784896054,"Up",0.638022694921554,0.96214166245407,"GO:0150116","regulation of cell-substrate junction organization"
20,-0.00440948479792453,"Down",0.6380906019007,0.96214166245407,"GO:0035094","response to nicotine"
23,0.0734684368846473,"Down",0.638359917815428,0.96214166245407,"GO:0071539","protein localization to centrosome"
116,-0.00214642810282672,"Up",0.638534555494386,0.96214166245407,"GO:0071241","cellular response to inorganic substance"
119,0.013808365915413,"Up",0.638546241100813,0.96214166245407,"GO:0042594","response to starvation"
199,0.0110586838967564,"Down",0.639601754598354,0.96214166245407,"GO:2000146","negative regulation of cell motility"
16,0.02760898025165,"Up",0.639882524781025,0.96214166245407,"GO:0002092","positive regulation of receptor internalization"
29,0.0650143743245019,"Down",0.639912269904186,0.96214166245407,"GO:0040014","regulation of multicellular organism growth"
61,-0.0123527404906591,"Up",0.63992748123797,0.96214166245407,"GO:0048259","regulation of receptor-mediated endocytosis"
47,0.0234491830639351,"Down",0.639934622422422,0.96214166245407,"GO:0031663","lipopolysaccharide-mediated signaling pathway"
37,0.0393249912917953,"Down",0.640361579845912,0.96214166245407,"GO:0045665","negative regulation of neuron differentiation"
157,0.0150836593372953,"Up",0.64049478771693,0.96214166245407,"GO:0006066","alcohol metabolic process"
198,0.00917653870343369,"Up",0.640939845914187,0.96214166245407,"GO:0070482","response to oxygen levels"
37,0.0114163987795629,"Down",0.641398551187254,0.96214166245407,"GO:0120193","tight junction organization"
61,-0.000299970879996214,"Down",0.64143935983258,0.96214166245407,"GO:0090398","cellular senescence"
28,-0.028312109114742,"Up",0.641466642523971,0.96214166245407,"GO:2000772","regulation of cellular senescence"
126,0.000570645051234102,"Up",0.641601692330275,0.96214166245407,"GO:0009914","hormone transport"
24,0.0161801842795938,"Up",0.642176897852844,0.96214166245407,"GO:2000300","regulation of synaptic vesicle exocytosis"
78,0.00149966455077457,"Up",0.642176949861743,0.96214166245407,"GO:0030073","insulin secretion"
19,0.14570077057689,"Down",0.642248448887818,0.96214166245407,"GO:0048009","insulin-like growth factor receptor signaling pathway"
293,0.00739653019233086,"Up",0.642428223504532,0.96214166245407,"GO:0051249","regulation of lymphocyte activation"
32,-0.0130959719784725,"Up",0.642840523435457,0.96214166245407,"GO:0010517","regulation of phospholipase activity"
343,0.0211068791852206,"Down",0.642919129550859,0.96214166245407,"GO:0006935","chemotaxis"
343,0.0211068791852206,"Down",0.642919129550859,0.96214166245407,"GO:0042330","taxis"
26,0.118615322152622,"Down",0.643248341429954,0.96214166245407,"GO:0000184","nuclear-transcribed mRNA catabolic process, nonsense-mediated decay"
26,-0.00324912505440801,"Up",0.643249123760576,0.96214166245407,"GO:0042307","positive regulation of protein import into nucleus"
56,0.0269663899906406,"Down",0.643395430007166,0.96214166245407,"GO:0071103","DNA conformation change"
124,-0.00123473436081958,"Up",0.64373440889075,0.96214166245407,"GO:0042886","amide transport"
55,0.00450529173059748,"Up",0.64376875225029,0.96214166245407,"GO:0032088","negative regulation of NF-kappaB transcription factor activity"
353,0.00623126767072606,"Down",0.644749334976294,0.962290806767764,"GO:0031344","regulation of cell projection organization"
46,-0.0112664868459736,"Down",0.644872776276366,0.962290806767764,"GO:2000401","regulation of lymphocyte migration"
27,0.141429164786452,"Up",0.644909840451405,0.962290806767764,"GO:1904358","positive regulation of telomere maintenance via telomere lengthening"
175,0.114237116945062,"Up",0.64516928920899,0.962290806767764,"GO:0000377","RNA splicing, via transesterification reactions with bulged adenosine as nucleophile"
175,0.114237116945062,"Up",0.64516928920899,0.962290806767764,"GO:0000398","mRNA splicing, via spliceosome"
95,0.0309885489671046,"Up",0.645880699164965,0.96266651906581,"GO:0048771","tissue remodeling"
51,0.081009170229779,"Up",0.646454855321822,0.96266651906581,"GO:0006368","transcription elongation by RNA polymerase II promoter"
18,-0.0480170787462693,"Down",0.646610961509143,0.96266651906581,"GO:0090075","relaxation of muscle"
50,-0.00772539305057731,"Down",0.646612484512288,0.96266651906581,"GO:0051781","positive regulation of cell division"
66,0.0329253307144324,"Down",0.646723184340503,0.96266651906581,"GO:0018022","peptidyl-lysine methylation"
27,-0.00458092219834648,"Down",0.64698268894231,0.96266651906581,"GO:0071604","transforming growth factor beta production"
159,-0.00134936197044376,"Up",0.647493759321065,0.96272842446779,"GO:0006470","protein dephosphorylation"
33,-0.0123590566297181,"Up",0.64754482835249,0.96272842446779,"GO:0051496","positive regulation of stress fiber assembly"
415,0.0135252236914339,"Up",0.648062062212016,0.963110312624446,"GO:0001816","cytokine production"
21,0.112123400379417,"Up",0.648489278688813,0.963126474373087,"GO:0043372","positive regulation of CD4-positive, alpha-beta T cell differentiation"
15,0.0451245883422861,"Up",0.648593686851409,0.963126474373087,"GO:0002689","negative regulation of leukocyte chemotaxis"
68,-0.00522972843482513,"Down",0.649509599449544,0.963271618394038,"GO:0014074","response to purine-containing compound"
25,0.00601990020297302,"Down",0.649731821043063,0.963271618394038,"GO:0010656","negative regulation of muscle cell apoptotic process"
23,0.0266076555278405,"Down",0.650194623423206,0.963271618394038,"GO:1904894","positive regulation of receptor signaling pathway via STAT"
123,-0.00174406351565879,"Up",0.65050844168137,0.963271618394038,"GO:0046879","hormone secretion"
37,-0.000386896360548499,"Up",0.650618318172163,0.963271618394038,"GO:0002011","morphogenesis of an epithelial sheet"
72,0.00573339068490339,"Down",0.650791242161523,0.963271618394038,"GO:0045931","positive regulation of mitotic cell cycle"
47,0.053102183289197,"Down",0.650861241440376,0.963271618394038,"GO:0031507","heterochromatin formation"
15,0.0285787081736207,"Down",0.650907748099137,0.963271618394038,"GO:0007252","I-kappaB phosphorylation"
18,0.0564867631566745,"Down",0.651576580073078,0.963271618394038,"GO:0060390","regulation of SMAD protein signal transduction"
25,0.0647182702311889,"Up",0.651707568058033,0.963271618394038,"GO:0006904","vesicle docking involved in exocytosis"
179,0.117563189830343,"Up",0.652469888203634,0.963271618394038,"GO:0000375","RNA splicing, via transesterification reactions"
15,-0.00122862292742834,"Down",0.65252139934794,0.963271618394038,"GO:0010092","specification of animal organ identity"
58,0.0198181774203048,"Up",0.652978788560548,0.963271618394038,"GO:0070301","cellular response to hydrogen peroxide"
197,0.0169370087981429,"Up",0.653540831985225,0.963271618394038,"GO:0140694","non-membrane-bounded organelle assembly"
56,0.0156827884066997,"Down",0.653621830417602,0.963271618394038,"GO:0042752","regulation of circadian rhythm"
153,0.00481442004593305,"Down",0.653640150258244,0.963271618394038,"GO:0032868","response to insulin"
63,0.0195785142536258,"Down",0.653671112702239,0.963271618394038,"GO:2000117","negative regulation of cysteine-type endopeptidase activity"
193,0.0191788990708856,"Down",0.653702719852129,0.963271618394038,"GO:0099177","regulation of trans-synaptic signaling"
100,0.0381372460072901,"Up",0.653754881379721,0.963271618394038,"GO:0071897","DNA biosynthetic process"
31,0.0201519524833355,"Up",0.653899711756537,0.963271618394038,"GO:0045839","negative regulation of mitotic nuclear division"
64,-0.00319830769920575,"Down",0.65430521719019,0.963485270058325,"GO:0030316","osteoclast differentiation"
15,0.0185059467086891,"Up",0.654620637829029,0.963566151742769,"GO:0060547","negative regulation of necrotic cell death"
16,0.0183351556551965,"Up",0.655911658022044,0.96505929531551,"GO:0006471","protein ADP-ribosylation"
89,0.0116994677818706,"Down",0.65641941386852,0.96505929531551,"GO:0055001","muscle cell development"
18,-0.0130757970705259,"Up",0.656804726895455,0.96505929531551,"GO:0043552","positive regulation of phosphatidylinositol 3-kinase activity"
118,0.0264100569637476,"Down",0.656817608312546,0.96505929531551,"GO:1901888","regulation of cell junction assembly"
34,0.00958423741260813,"Up",0.657131424927697,0.96505929531551,"GO:0007585","respiratory gaseous exchange by respiratory system"
98,0.0248572191918763,"Down",0.657332027669201,0.96505929531551,"GO:0019827","stem cell population maintenance"
80,0.00510902095067012,"Up",0.657461320409593,0.96505929531551,"GO:0016579","protein deubiquitination"
27,0.065789452690815,"Down",0.659036592666266,0.96586704800239,"GO:1901031","regulation of response to reactive oxygen species"
18,-0.0305830486269007,"Up",0.660013437086206,0.96586704800239,"GO:0032148","activation of protein kinase B activity"
81,0.0196301830743394,"Up",0.660135630261983,0.96586704800239,"GO:0010811","positive regulation of cell-substrate adhesion"
24,0.0144351032042617,"Down",0.660202107900301,0.96586704800239,"GO:2000179","positive regulation of neural precursor cell proliferation"
61,-0.000957131002425623,"Up",0.660450607986776,0.96586704800239,"GO:0071466","cellular response to xenobiotic stimulus"
30,0.0556450083888363,"Up",0.660704648381028,0.96586704800239,"GO:0016574","histone ubiquitination"
21,0.138811411960327,"Down",0.661076345449073,0.96586704800239,"GO:0045746","negative regulation of Notch signaling pathway"
50,-0.0139527348982071,"Up",0.661088222153789,0.96586704800239,"GO:0002312","B cell activation involved in immune response"
365,0.00750375109423676,"Down",0.661272422433931,0.96586704800239,"GO:0040017","positive regulation of locomotion"
39,0.0649160769814023,"Down",0.661285865256483,0.96586704800239,"GO:0061035","regulation of cartilage development"
61,0.00753106022500922,"Up",0.661565745667127,0.96586704800239,"GO:1902652","secondary alcohol metabolic process"
160,0.078107899794534,"Up",0.661610248513983,0.96586704800239,"GO:0051607","defense response to virus"
160,0.078107899794534,"Up",0.661610248513983,0.96586704800239,"GO:0140546","defense response to symbiont"
22,0.0195731647233238,"Up",0.661667234289824,0.96586704800239,"GO:0090278","negative regulation of peptide hormone secretion"
233,0.023777748950885,"Up",0.662081324469589,0.965958149137837,"GO:0001558","regulation of cell growth"
15,0.203589868362946,"Up",0.662426002284848,0.965958149137837,"GO:0038083","peptidyl-tyrosine autophosphorylation"
24,-0.00307389730782464,"Up",0.662636209710348,0.965958149137837,"GO:0046503","glycerolipid catabolic process"
41,0.000170977431262526,"Down",0.662774204517932,0.965958149137837,"GO:0002753","cytoplasmic pattern recognition receptor signaling pathway"
40,-0.00950519293303823,"Up",0.663659054244607,0.966690974836791,"GO:0032233","positive regulation of actin filament bundle assembly"
26,0.0105322244262511,"Down",0.664266842880196,0.966690974836791,"GO:0060986","endocrine hormone secretion"
20,0.015090388934892,"Down",0.664414135626348,0.966690974836791,"GO:0033260","nuclear DNA replication"
20,0.015090388934892,"Down",0.664414135626348,0.966690974836791,"GO:0044786","cell cycle DNA replication"
106,0.040926777259984,"Up",0.664583711546353,0.966690974836791,"GO:0006282","regulation of DNA repair"
24,0.0237517601835099,"Up",0.664858350916327,0.966691244870353,"GO:0000266","mitochondrial fission"
89,0.00938981705383379,"Up",0.665106574261976,0.966691244870353,"GO:0007266","Rho protein signal transduction"
17,0.00653989936399289,"Down",0.665487344922622,0.9668647638919,"GO:0044331","cell-cell adhesion mediated by cadherin"
23,0.00894113264492264,"Up",0.66633317187126,0.967249944301849,"GO:0002792","negative regulation of peptide secretion"
46,0.030233507379802,"Down",0.666834418597528,0.967249944301849,"GO:0032508","DNA duplex unwinding"
185,0.0123261393906868,"Up",0.666916307541037,0.967249944301849,"GO:0050878","regulation of body fluid levels"
77,0.00808276597776405,"Down",0.667068324887309,0.967249944301849,"GO:0002244","hematopoietic progenitor cell differentiation"
49,0.0239397354520866,"Down",0.667171118446419,0.967249944301849,"GO:2000736","regulation of stem cell differentiation"
17,0.0162555349508707,"Down",0.667453270850988,0.967249944301849,"GO:1903020","positive regulation of glycoprotein metabolic process"
52,0.00128864254384393,"Down",0.667768613069179,0.967249944301849,"GO:0008625","extrinsic apoptotic signaling pathway via death domain receptors"
166,0.0336825188240525,"Up",0.667993391551651,0.967249944301849,"GO:0051054","positive regulation of DNA metabolic process"
86,0.0221838100798004,"Up",0.668855764459535,0.967249944301849,"GO:0097553","calcium ion transmembrane import into cytosol"
68,0.0160211720477796,"Up",0.669086606275328,0.967249944301849,"GO:0046634","regulation of alpha-beta T cell activation"
53,0.0547223568290943,"Up",0.669110639885572,0.967249944301849,"GO:2001251","negative regulation of chromosome organization"
19,0.0498777991731725,"Down",0.66924515267949,0.967249944301849,"GO:0036037","CD8-positive, alpha-beta T cell activation"
28,-0.0278883213196805,"Up",0.669612783353554,0.967249944301849,"GO:1901607","alpha-amino acid biosynthetic process"
50,-0.00126147320670685,"Down",0.669754280712916,0.967249944301849,"GO:0046545","development of primary female sexual characteristics"
31,-0.00423334772103688,"Down",0.669822189903334,0.967249944301849,"GO:0043525","positive regulation of neuron apoptotic process"
366,0.0274133470608703,"Down",0.670127995585375,0.967249944301849,"GO:0048514","blood vessel morphogenesis"
50,0.0383536803743131,"Down",0.670197785143455,0.967249944301849,"GO:0035270","endocrine system development"
45,0.0129804212700381,"Down",0.6705524195538,0.967287646505159,"GO:1904892","regulation of receptor signaling pathway via STAT"
36,0.133370443994452,"Up",0.670998347585053,0.967287646505159,"GO:1904356","regulation of telomere maintenance via telomere lengthening"
26,0.0312174557595548,"Up",0.671350014716206,0.967287646505159,"GO:0090224","regulation of spindle organization"
62,0.00170229138428759,"Up",0.671509637857693,0.967287646505159,"GO:0007088","regulation of mitotic nuclear division"
34,0.068278678771482,"Up",0.672046104170587,0.967287646505159,"GO:2000785","regulation of autophagosome assembly"
71,0.00231253728198137,"Up",0.67214138313115,0.967287646505159,"GO:0010675","regulation of cellular carbohydrate metabolic process"
15,0.0311849257740592,"Up",0.672454901012165,0.967287646505159,"GO:0042572","retinol metabolic process"
44,0.19019967897082,"Up",0.672733089935504,0.967287646505159,"GO:0010833","telomere maintenance via telomere lengthening"
15,0.00515722527887937,"Up",0.673326232961616,0.967287646505159,"GO:0045830","positive regulation of isotype switching"
60,0.010190209701778,"Down",0.673361905853145,0.967287646505159,"GO:0035150","regulation of tube size"
60,0.010190209701778,"Down",0.673361905853145,0.967287646505159,"GO:0035296","regulation of tube diameter"
60,0.010190209701778,"Down",0.673361905853145,0.967287646505159,"GO:0097746","blood vessel diameter maintenance"
19,0.0553812614396712,"Up",0.674305037112506,0.967532340637736,"GO:1904666","regulation of ubiquitin protein ligase activity"
22,0.0755221449919325,"Up",0.674312767905627,0.967532340637736,"GO:0015844","monoamine transport"
88,0.0381420525685914,"Up",0.674316943542602,0.967532340637736,"GO:0050729","positive regulation of inflammatory response"
41,-0.0129463179136135,"Down",0.675004099433652,0.968142754480449,"GO:0071277","cellular response to calcium ion"
103,0.00170198255095354,"Up",0.675446171836551,0.96840131380752,"GO:0043433","negative regulation of DNA-binding transcription factor activity"
74,0.0185498632791324,"Down",0.675971941672873,0.968687578753167,"GO:0045446","endothelial cell differentiation"
91,0.019323519083892,"Up",0.676237684950444,0.968687578753167,"GO:0002833","positive regulation of response to biotic stimulus"
49,-0.00284274043433747,"Up",0.677039397621514,0.968687578753167,"GO:0010921","regulation of phosphatase activity"
26,0.0766707356712009,"Down",0.677340449755123,0.968687578753167,"GO:0001782","B cell homeostasis"
19,-0.00455649725318345,"Up",0.677552156931185,0.968687578753167,"GO:0007095","mitotic G2 DNA damage checkpoint signaling"
92,-0.00232572989679379,"Up",0.677922308119075,0.968687578753167,"GO:0002790","peptide secretion"
71,0.113420343799292,"Down",0.677968343716394,0.968687578753167,"GO:1903313","positive regulation of mRNA metabolic process"
39,0.150662030604086,"Down",0.678032068149321,0.968687578753167,"GO:1903053","regulation of extracellular matrix organization"
269,0.00584582252550333,"Up",0.678122817724055,0.968687578753167,"GO:1903131","mononuclear cell differentiation"
93,0.0307385555205611,"Down",0.678264619889349,0.968687578753167,"GO:0030178","negative regulation of Wnt signaling pathway"
84,0.00960995744946257,"Down",0.679772443499659,0.970466332885079,"GO:0010212","response to ionizing radiation"
265,0.126998975505494,"Up",0.681027682871706,0.971367626612429,"GO:0006397","mRNA processing"
21,-0.0119667377450621,"Up",0.681496863086451,0.971367626612429,"GO:0009066","aspartate family amino acid metabolic process"
29,0.0616211636757747,"Up",0.681661641995337,0.971367626612429,"GO:0006805","xenobiotic metabolic process"
17,0.0314516297796758,"Down",0.681756628978081,0.971367626612429,"GO:0001754","eye photoreceptor cell differentiation"
17,0.0536534346744977,"Down",0.681770963699909,0.971367626612429,"GO:0022616","DNA strand elongation"
16,0.0443722848598106,"Down",0.682109944266213,0.971367626612429,"GO:0060914","heart formation"
338,0.00349522485729627,"Up",0.682343186282291,0.971367626612429,"GO:0010942","positive regulation of cell death"
34,-0.0139653577895966,"Down",0.682845397446472,0.971367626612429,"GO:0060997","dendritic spine morphogenesis"
49,0.00559601994131161,"Up",0.683164227536166,0.971367626612429,"GO:0072384","organelle transport along microtubule"
29,0.0282466104266774,"Up",0.683205714375453,0.971367626612429,"GO:0032570","response to progesterone"
49,-0.00130682432319151,"Down",0.683648267548532,0.971367626612429,"GO:0032637","interleukin-8 production"
49,-0.00130682432319151,"Down",0.683648267548532,0.971367626612429,"GO:0032677","regulation of interleukin-8 production"
45,0.0051938032018198,"Up",0.683957386820352,0.971367626612429,"GO:0033273","response to vitamin"
27,0.00619543641278771,"Down",0.684080202034436,0.971367626612429,"GO:0060113","inner ear receptor cell differentiation"
24,0.0669907570327423,"Down",0.684615590505702,0.971438727256231,"GO:0050919","negative chemotaxis"
176,0.014296375524546,"Down",0.684890655245719,0.971438727256231,"GO:0090287","regulation of cellular response to growth factor stimulus"
40,0.00969472063401062,"Up",0.686225698743593,0.971438727256231,"GO:0032387","negative regulation of intracellular transport"
21,0.0058821061204288,"Down",0.686255642343591,0.971438727256231,"GO:0034067","protein localization to Golgi apparatus"
22,0.152178757020567,"Up",0.686573589351047,0.971438727256231,"GO:0043114","regulation of vascular permeability"
25,0.000602095016570501,"Down",0.686663652400823,0.971438727256231,"GO:0097120","receptor localization to synapse"
118,0.0356269705260837,"Up",0.68667393637231,0.971438727256231,"GO:0000070","mitotic sister chromatid segregation"
65,0.0142831610551337,"Up",0.686737036263459,0.971438727256231,"GO:1905818","regulation of chromosome separation"
348,0.00581526607230115,"Down",0.686970998702116,0.971438727256231,"GO:0120035","regulation of plasma membrane bounded cell projection organization"
19,0.0556583424116088,"Up",0.687028139049751,0.971438727256231,"GO:0006284","base-excision repair"
16,0.135614074747855,"Up",0.687152873131354,0.971438727256231,"GO:0036010","protein localization to endosome"
150,0.028728335922489,"Up",0.687281738099367,0.971438727256231,"GO:0071216","cellular response to biotic stimulus"
41,0.0224369420704327,"Up",0.68758433526442,0.971495208610806,"GO:0046824","positive regulation of nucleocytoplasmic transport"
184,0.0152587080999352,"Up",0.688862058513888,0.972928886767038,"GO:0140014","mitotic nuclear division"
17,0.0233384195756569,"Up",0.689304182237509,0.972941417465678,"GO:0042417","dopamine metabolic process"
49,0.00902015237848908,"Up",0.689396987071517,0.972941417465678,"GO:0051591","response to cAMP"
29,0.0293142048118906,"Up",0.69073783037058,0.973239260187311,"GO:1901264","carbohydrate derivative transport"
106,0.000932249327601763,"Up",0.69152640167903,0.973239260187311,"GO:0042129","regulation of T cell proliferation"
109,0.0241924454146458,"Down",0.691544318984808,0.973239260187311,"GO:1903522","regulation of blood circulation"
62,0.0288939029513655,"Down",0.691548294751897,0.973239260187311,"GO:0018107","peptidyl-threonine phosphorylation"
18,0.0371169279095186,"Down",0.692055269335897,0.973239260187311,"GO:0043276","anoikis"
105,0.0325041058367593,"Up",0.692691051300825,0.973239260187311,"GO:0050851","antigen receptor-mediated signaling pathway"
17,-0.017186986603209,"Up",0.692716660751856,0.973239260187311,"GO:0051654","establishment of mitochondrion localization"
21,-0.0178934083385339,"Down",0.692729846134212,0.973239260187311,"GO:1904037","positive regulation of epithelial cell apoptotic process"
24,0.0477784934698481,"Down",0.693158208529432,0.973239260187311,"GO:0072348","sulfur compound transport"
31,0.130744321311452,"Down",0.693716255054655,0.973239260187311,"GO:0045599","negative regulation of fat cell differentiation"
30,0.158995392296569,"Up",0.693844489238858,0.973239260187311,"GO:0032786","positive regulation of DNA-templated transcription, elongation"
104,0.0548947782849202,"Up",0.694067459937255,0.973239260187311,"GO:0050792","regulation of viral process"
19,0.0377786547716733,"Up",0.694411221864266,0.973239260187311,"GO:0006622","protein targeting to lysosome"
25,0.0324866703244421,"Down",0.695079769976681,0.973239260187311,"GO:0089718","amino acid import across plasma membrane"
441,0.0222037569516112,"Up",0.695406157796097,0.973239260187311,"GO:0030036","actin cytoskeleton organization"
34,0.0391875412992914,"Down",0.69584934303763,0.973239260187311,"GO:1902373","negative regulation of mRNA catabolic process"
50,0.0341183448699859,"Down",0.695879115680011,0.973239260187311,"GO:0002065","columnar/cuboidal epithelial cell differentiation"
41,0.0688804976659935,"Down",0.695993950619204,0.973239260187311,"GO:0050853","B cell receptor signaling pathway"
18,0.0593889469015139,"Up",0.696272397854576,0.973239260187311,"GO:0050820","positive regulation of coagulation"
97,0.0286365206808204,"Up",0.69664812461803,0.973239260187311,"GO:0002822","regulation of adaptive immune response based on somatic recombination of immune receptors built from immunoglobulin superfamily domains"
62,0.0160565696431596,"Up",0.696781452972156,0.973239260187311,"GO:0033045","regulation of sister chromatid segregation"
317,0.00520665616447172,"Down",0.697008366017686,0.973239260187311,"GO:0030855","epithelial cell differentiation"
32,0.0725580487140973,"Down",0.69725786505876,0.973239260187311,"GO:0030514","negative regulation of BMP signaling pathway"
27,0.23448071927258,"Down",0.69734726742081,0.973239260187311,"GO:0071526","semaphorin-plexin signaling pathway"
45,0.0488411327034716,"Up",0.697720151697163,0.973239260187311,"GO:0001960","negative regulation of cytokine-mediated signaling pathway"
21,-0.0149259643079153,"Up",0.697751902282653,0.973239260187311,"GO:0019933","cAMP-mediated signaling"
92,0.00934089877853265,"Up",0.698682785198995,0.973239260187311,"GO:0051494","negative regulation of cytoskeleton organization"
42,0.136597435884338,"Up",0.698829132384749,0.973239260187311,"GO:0006367","transcription initiation at RNA polymerase II promoter"
21,0.0193103802569079,"Up",0.699034699837747,0.973239260187311,"GO:0048679","regulation of axon regeneration"
49,0.0361107463654373,"Up",0.69931097154244,0.973239260187311,"GO:2000781","positive regulation of double-strand break repair"
20,0.017053284197286,"Up",0.699406460962179,0.973239260187311,"GO:0033280","response to vitamin D"
72,0.00337124251722363,"Up",0.699696547308834,0.973239260187311,"GO:0051783","regulation of nuclear division"
137,0.0235842797851929,"Down",0.700245883431728,0.973239260187311,"GO:0043270","positive regulation of ion transport"
19,-0.0150020606032264,"Up",0.700318962179156,0.973239260187311,"GO:0050858","negative regulation of antigen receptor-mediated signaling pathway"
100,0.00843649243451921,"Down",0.70101890777039,0.973239260187311,"GO:0031345","negative regulation of cell projection organization"
142,0.00486749004112344,"Up",0.701166109399579,0.973239260187311,"GO:0051402","neuron apoptotic process"
15,0.0628211040483695,"Down",0.701320239985074,0.973239260187311,"GO:2001032","regulation of double-strand break repair via nonhomologous end joining"
148,0.0252158709306619,"Up",0.701374260880521,0.973239260187311,"GO:0002768","immune response-regulating cell surface receptor signaling pathway"
78,0.040670868667489,"Down",0.701624395072163,0.973239260187311,"GO:0002040","sprouting angiogenesis"
236,0.00300072200047592,"Up",0.701690413055626,0.973239260187311,"GO:0051090","regulation of DNA-binding transcription factor activity"
84,-0.000325141593656596,"Up",0.701761336710475,0.973239260187311,"GO:0044839","cell cycle G2/M phase transition"
15,0.0450474967563256,"Up",0.702062730392784,0.973239260187311,"GO:0070920","regulation of production of small RNA involved in gene silencing by RNA"
24,-0.00668857148127527,"Down",0.702226849712839,0.973239260187311,"GO:0048066","developmental pigmentation"
109,0.031918362366168,"Up",0.702645732327632,0.973239260187311,"GO:0002819","regulation of adaptive immune response"
28,0.172879969058745,"Up",0.702695440456664,0.973239260187311,"GO:0006458","'de novo' protein folding"
359,0.00747026075720699,"Down",0.703488474996303,0.973239260187311,"GO:2000147","positive regulation of cell motility"
18,-0.0490896635040508,"Down",0.703837398594142,0.973239260187311,"GO:0006972","hyperosmotic response"
61,0.120819984054104,"Up",0.704272102714423,0.973239260187311,"GO:0032204","regulation of telomere maintenance"
87,0.0182298307924517,"Down",0.704391246243019,0.973239260187311,"GO:0003158","endothelium development"
106,0.00122873312713356,"Down",0.704547821853696,0.973239260187311,"GO:0002262","myeloid cell homeostasis"
101,0.00524871117615853,"Down",0.704698120079641,0.973239260187311,"GO:0051896","regulation of protein kinase B signaling"
19,0.0193418948736957,"Up",0.705101655353183,0.973239260187311,"GO:1902230","negative regulation of intrinsic apoptotic signaling pathway in response to DNA damage"
74,0.026143091625166,"Down",0.705171016509326,0.973239260187311,"GO:0007188","adenylate cyclase-modulating G protein-coupled receptor signaling pathway"
86,0.00691807741895414,"Down",0.705202579687094,0.973239260187311,"GO:0090101","negative regulation of transmembrane receptor protein serine/threonine kinase signaling pathway"
90,-0.000579250238033921,"Up",0.705251817872837,0.973239260187311,"GO:0030072","peptide hormone secretion"
17,0.0477502681579511,"Down",0.705723580275365,0.973239260187311,"GO:0006862","nucleotide transport"
30,0.0162702697878138,"Down",0.706844917852043,0.973239260187311,"GO:1901016","regulation of potassium ion transmembrane transporter activity"
43,0.0650378313075067,"Down",0.706936449565323,0.973239260187311,"GO:2000630","positive regulation of miRNA metabolic process"
41,0.0123588734917372,"Up",0.707055120996297,0.973239260187311,"GO:0042475","odontogenesis of dentin-containing tooth"
100,0.0301478238568004,"Up",0.707475259195975,0.973239260187311,"GO:0051170","import into nucleus"
19,0.0947793719412298,"Up",0.707509476359336,0.973239260187311,"GO:0032607","interferon-alpha production"
19,0.0947793719412298,"Up",0.707509476359336,0.973239260187311,"GO:0032647","regulation of interferon-alpha production"
486,0.0163151321023372,"Down",0.707912514537868,0.973239260187311,"GO:0098609","cell-cell adhesion"
496,0.0363054782924178,"Up",0.708157561112063,0.973239260187311,"GO:0006259","DNA metabolic process"
26,-0.014995883511226,"Down",0.708669204121838,0.973239260187311,"GO:0046636","negative regulation of alpha-beta T cell activation"
125,0.00498068397611199,"Down",0.708820005531512,0.973239260187311,"GO:0007599","hemostasis"
18,0.0926878928307554,"Up",0.708964158699113,0.973239260187311,"GO:0070979","protein K11-linked ubiquitination"
41,-0.00615250939202875,"Down",0.709016734993768,0.973239260187311,"GO:0032732","positive regulation of interleukin-1 production"
121,0.0141519770275653,"Up",0.709442151825711,0.973239260187311,"GO:0045927","positive regulation of growth"
63,0.0542881012541715,"Up",0.709820930824828,0.973239260187311,"GO:0002286","T cell activation involved in immune response"
29,0.0171000946113293,"Up",0.710205823064234,0.973239260187311,"GO:1902100","negative regulation of metaphase/anaphase transition of cell cycle"
30,0.00948177204141189,"Up",0.710292030509333,0.973239260187311,"GO:1903214","regulation of protein targeting to mitochondrion"
88,0.0666715065867569,"Up",0.71033628111034,0.973239260187311,"GO:1903900","regulation of viral life cycle"
50,-0.00686399279997485,"Up",0.711033067361915,0.973239260187311,"GO:0007286","spermatid development"
36,0.0500786675776762,"Down",0.711085738750235,0.973239260187311,"GO:0043967","histone H4 acetylation"
99,0.0116142618108027,"Up",0.711395579679629,0.973239260187311,"GO:1902904","negative regulation of supramolecular fiber organization"
35,0.0349223815696761,"Up",0.711434955544742,0.973239260187311,"GO:0048010","vascular endothelial growth factor receptor signaling pathway"
375,0.0415705171367559,"Down",0.711791181137766,0.973239260187311,"GO:0034330","cell junction organization"
21,0.27173069305362,"Up",0.712047586277045,0.973239260187311,"GO:0035456","response to interferon-beta"
81,0.00662676778423209,"Down",0.712292919143487,0.973239260187311,"GO:0001890","placenta development"
24,-0.0146283863268037,"Up",0.712353075112927,0.973239260187311,"GO:0009620","response to fungus"
48,0.0109287162662824,"Down",0.71286023407514,0.973239260187311,"GO:0002526","acute inflammatory response"
32,0.110503172046838,"Up",0.712961676019963,0.973239260187311,"GO:0043903","regulation of biological process involved in symbiotic interaction"
32,0.110503172046838,"Up",0.712961676019963,0.973239260187311,"GO:0052372","modulation by symbiont of entry into host"
482,0.0251059884002978,"Up",0.713419382727566,0.973239260187311,"GO:0030029","actin filament-based process"
25,-0.00542373956882515,"Up",0.713511020562869,0.973239260187311,"GO:0045912","negative regulation of carbohydrate metabolic process"
66,0.00578522537154059,"Up",0.71371903414393,0.973239260187311,"GO:0007204","positive regulation of cytosolic calcium ion concentration"
22,0.0301883996647217,"Down",0.713746321889033,0.973239260187311,"GO:0046530","photoreceptor cell differentiation"
23,-0.0298726699343634,"Down",0.713768229578515,0.973239260187311,"GO:0032892","positive regulation of organic acid transport"
136,0.0531692437651651,"Down",0.713788136670675,0.973239260187311,"GO:0006402","mRNA catabolic process"
32,0.000371371665553287,"Down",0.713900134136298,0.973239260187311,"GO:0044788","modulation by host of viral process"
173,0.0346553597263453,"Down",0.713946009071869,0.973239260187311,"GO:0006338","chromatin remodeling"
48,0.0429950352074117,"Up",0.714077143051734,0.973239260187311,"GO:0060761","negative regulation of response to cytokine stimulus"
15,0.0254084925809758,"Up",0.714563228505752,0.973543050549825,"GO:0046475","glycerophospholipid catabolic process"
171,0.11249331796592,"Down",0.715223439122021,0.973646973048395,"GO:0043062","extracellular structure organization"
216,0.0110774174872815,"Up",0.716783078022623,0.973646973048395,"GO:1903037","regulation of leukocyte cell-cell adhesion"
304,0.0345401562252885,"Down",0.716890569764973,0.973646973048395,"GO:0006325","chromatin organization"
74,0.0114931211738995,"Up",0.717314597034775,0.973646973048395,"GO:0007093","mitotic cell cycle checkpoint signaling"
95,0.00680220880056013,"Up",0.718321746249092,0.973646973048395,"GO:0034614","cellular response to reactive oxygen species"
52,0.0646362420693458,"Down",0.71876831261602,0.973646973048395,"GO:0045814","negative regulation of gene expression, epigenetic"
70,0.0192019373115814,"Up",0.718860266360791,0.973646973048395,"GO:0098732","macromolecule deacylation"
92,0.0256916090888913,"Up",0.719292633003006,0.973646973048395,"GO:2001022","positive regulation of response to DNA damage stimulus"
35,-0.00247126151176347,"Up",0.719610082834359,0.973646973048395,"GO:0061180","mammary gland epithelium development"
240,0.00949956442267539,"Up",0.719770250491871,0.973646973048395,"GO:0007159","leukocyte cell-cell adhesion"
81,0.0120430111030143,"Up",0.719887279178889,0.973646973048395,"GO:0002224","toll-like receptor signaling pathway"
29,-0.0115645567485789,"Down",0.72011845830081,0.973646973048395,"GO:0050873","brown fat cell differentiation"
51,0.036825510834015,"Up",0.720171373896705,0.973646973048395,"GO:0051893","regulation of focal adhesion assembly"
51,0.036825510834015,"Up",0.720171373896705,0.973646973048395,"GO:0090109","regulation of cell-substrate junction assembly"
52,0.0146946959667126,"Up",0.720960505936125,0.973646973048395,"GO:0030901","midbrain development"
452,0.00915861756676373,"Up",0.721101802614662,0.973646973048395,"GO:0097435","supramolecular fiber organization"
263,0.00966007206812112,"Up",0.7211853257684,0.973646973048395,"GO:0032103","positive regulation of response to external stimulus"
28,-0.0229595203984261,"Down",0.72197234735501,0.973646973048395,"GO:0010543","regulation of platelet activation"
35,-0.00837292442123741,"Up",0.722010800295067,0.973646973048395,"GO:0002437","inflammatory response to antigenic stimulus"
28,0.0087113277606679,"Up",0.72226470938142,0.973646973048395,"GO:0031577","spindle checkpoint signaling"
28,0.0240924448649479,"Up",0.72237947125252,0.973646973048395,"GO:0045841","negative regulation of mitotic metaphase/anaphase transition"
29,0.0126006732637669,"Up",0.723172727473711,0.973646973048395,"GO:0006636","unsaturated fatty acid biosynthetic process"
409,0.0242986100852577,"Up",0.723677750674393,0.973646973048395,"GO:0006954","inflammatory response"
222,0.00713491295443276,"Up",0.724559292659787,0.973646973048395,"GO:0007265","Ras protein signal transduction"
22,0.138817171194964,"Down",0.724717153811785,0.973646973048395,"GO:0006376","mRNA splice site selection"
170,0.112333008169854,"Down",0.724717566683654,0.973646973048395,"GO:0030198","extracellular matrix organization"
170,0.112333008169854,"Down",0.724717566683654,0.973646973048395,"GO:0045229","external encapsulating structure organization"
69,0.0181436995138483,"Up",0.724814313186719,0.973646973048395,"GO:0035601","protein deacylation"
17,0.00828117848006062,"Up",0.725746302568316,0.973646973048395,"GO:0034311","diol metabolic process"
131,0.0339983676949668,"Up",0.725803615443837,0.973646973048395,"GO:0071219","cellular response to molecule of bacterial origin"
38,0.024835916665756,"Down",0.72639287232272,0.973646973048395,"GO:0042987","amyloid precursor protein catabolic process"
91,0.0150922791301676,"Up",0.726615645828722,0.973646973048395,"GO:0031056","regulation of histone modification"
31,0.0404168986198502,"Down",0.726849914762464,0.973646973048395,"GO:0060415","muscle tissue morphogenesis"
25,0.0088918699949817,"Up",0.727064116885493,0.973646973048395,"GO:0044818","mitotic G2/M transition checkpoint"
78,0.0128585167549885,"Down",0.727380599886943,0.973646973048395,"GO:0048639","positive regulation of developmental growth"
41,0.00836524676350681,"Down",0.727437024346977,0.973646973048395,"GO:2000036","regulation of stem cell population maintenance"
27,0.0684372451870641,"Up",0.727483958400564,0.973646973048395,"GO:1900368","regulation of post-transcriptional gene silencing by RNA"
22,0.00716001268729473,"Down",0.728137549999043,0.973646973048395,"GO:0001825","blastocyst formation"
18,0.0255096532128577,"Down",0.728617124564709,0.973646973048395,"GO:0032885","regulation of polysaccharide biosynthetic process"
128,0.0153646433858118,"Down",0.728717963761773,0.973646973048395,"GO:0022898","regulation of transmembrane transporter activity"
68,0.0359516617989588,"Up",0.728924307993899,0.973646973048395,"GO:2000779","regulation of double-strand break repair"
17,0.0307805825884838,"Down",0.728956669807241,0.973646973048395,"GO:1902883","negative regulation of response to oxidative stress"
18,-0.0275996858793809,"Up",0.729441776350164,0.973646973048395,"GO:0010039","response to iron ion"
21,0.0770089712527809,"Down",0.729507460435755,0.973646973048395,"GO:0061036","positive regulation of cartilage development"
87,0.00482034392710984,"Up",0.729517428742157,0.973646973048395,"GO:0032635","interleukin-6 production"
87,0.00482034392710984,"Up",0.729517428742157,0.973646973048395,"GO:0032675","regulation of interleukin-6 production"
89,0.011019022414142,"Up",0.729788545931679,0.973646973048395,"GO:0070507","regulation of microtubule cytoskeleton organization"
28,0.00643481739918343,"Down",0.730060034117947,0.973646973048395,"GO:0032715","negative regulation of interleukin-6 production"
34,0.0211115976952634,"Down",0.730289179541984,0.973646973048395,"GO:0046888","negative regulation of hormone secretion"
45,0.0146339288525646,"Up",0.730417665865127,0.973646973048395,"GO:0070527","platelet aggregation"
98,0.00976143845962874,"Down",0.730434981773677,0.973646973048395,"GO:0097530","granulocyte migration"
18,-0.0174859957170756,"Up",0.730507192140603,0.973646973048395,"GO:0050885","neuromuscular process controlling balance"
39,0.0194826267065215,"Down",0.731437661131218,0.973646973048395,"GO:0050818","regulation of coagulation"
120,-0.00498779754429046,"Down",0.73174640307558,0.973646973048395,"GO:0045637","regulation of myeloid cell differentiation"
111,0.00491899637088186,"Up",0.73198667299973,0.973646973048395,"GO:0015850","organic hydroxy compound transport"
298,0.0113162822206614,"Down",0.732208920020923,0.973646973048395,"GO:0000226","microtubule cytoskeleton organization"
27,0.0138185159996295,"Up",0.732365695728084,0.973646973048395,"GO:0007094","mitotic spindle assembly checkpoint signaling"
27,0.0138185159996295,"Up",0.732365695728084,0.973646973048395,"GO:0071173","spindle assembly checkpoint signaling"
27,0.0138185159996295,"Up",0.732365695728084,0.973646973048395,"GO:0071174","mitotic spindle checkpoint signaling"
35,-0.0236530950491652,"Up",0.732575420534136,0.973646973048395,"GO:0002712","regulation of B cell mediated immunity"
35,-0.0236530950491652,"Up",0.732575420534136,0.973646973048395,"GO:0002889","regulation of immunoglobulin mediated immune response"
20,0.0149671895570588,"Down",0.732626747114761,0.973646973048395,"GO:0050879","multicellular organismal movement"
20,0.0149671895570588,"Down",0.732626747114761,0.973646973048395,"GO:0050881","musculoskeletal movement"
25,-0.0349371491568674,"Down",0.733191008637953,0.973646973048395,"GO:0043537","negative regulation of blood vessel endothelial cell migration"
21,0.0905588924545167,"Down",0.733779433653238,0.973646973048395,"GO:0061384","heart trabecula morphogenesis"
55,0.0174402320540131,"Down",0.734222781353787,0.973646973048395,"GO:0016441","post-transcriptional gene silencing"
20,0.0425495658037399,"Up",0.734574596456754,0.973646973048395,"GO:0070232","regulation of T cell apoptotic process"
44,0.0573039958677797,"Up",0.73516286332728,0.973646973048395,"GO:2000379","positive regulation of reactive oxygen species metabolic process"
17,-0.00863056389961135,"Down",0.735278910840693,0.973646973048395,"GO:0033146","regulation of intracellular estrogen receptor signaling pathway"
19,0.0280008389401385,"Down",0.735345072058621,0.973646973048395,"GO:0031018","endocrine pancreas development"
76,0.0292695710342134,"Down",0.735350996136865,0.973646973048395,"GO:0006937","regulation of muscle contraction"
17,0.0760024234106633,"Up",0.735721179888508,0.973646973048395,"GO:1902914","regulation of protein polyubiquitination"
31,-0.0046547503153849,"Up",0.736065588468675,0.973646973048395,"GO:0046456","icosanoid biosynthetic process"
36,0.065429649377364,"Down",0.73622769040448,0.973646973048395,"GO:0051899","membrane depolarization"
22,0.200458470196233,"Down",0.736237267208599,0.973646973048395,"GO:0019226","transmission of nerve impulse"
45,-0.0087231205308992,"Down",0.736395066631809,0.973646973048395,"GO:0033077","T cell differentiation in thymus"
21,0.0164229582681922,"Down",0.736596267995322,0.973646973048395,"GO:0043268","positive regulation of potassium ion transport"
71,0.013478016994122,"Up",0.736875144429452,0.973646973048395,"GO:0051304","chromosome separation"
50,0.00182732675463681,"Up",0.737104879087791,0.973646973048395,"GO:0007605","sensory perception of sound"
135,0.0316448683827632,"Up",0.73732435244776,0.973646973048395,"GO:0000819","sister chromatid segregation"
61,0.0162633502803079,"Down",0.737502569559907,0.973646973048395,"GO:0007269","neurotransmitter secretion"
61,0.0162633502803079,"Down",0.737502569559907,0.973646973048395,"GO:0099643","signal release from synapse"
45,0.0365391078099324,"Up",0.737812795712726,0.973646973048395,"GO:1902117","positive regulation of organelle assembly"
25,0.0208893329838012,"Down",0.73815199051586,0.973646973048395,"GO:0051898","negative regulation of protein kinase B signaling"
45,0.0202230045384686,"Down",0.738413771036194,0.973646973048395,"GO:0006942","regulation of striated muscle contraction"
22,0.00385606572682217,"Up",0.738515374052269,0.973646973048395,"GO:1901186","positive regulation of ERBB signaling pathway"
53,-0.00955865690435136,"Up",0.738614445035692,0.973646973048395,"GO:0010507","negative regulation of autophagy"
63,0.0243515208134126,"Up",0.738944571244446,0.973646973048395,"GO:0008630","intrinsic apoptotic signaling pathway in response to DNA damage"
277,0.0412995139649262,"Up",0.739184736729255,0.973646973048395,"GO:0051052","regulation of DNA metabolic process"
129,0.0119048359037144,"Up",0.739296512680558,0.973646973048395,"GO:0043543","protein acylation"
15,0.130653349653972,"Down",0.739977804145055,0.973646973048395,"GO:0016577","histone demethylation"
83,0.129563753086274,"Up",0.739979289663914,0.973646973048395,"GO:0000723","telomere maintenance"
154,0.00625230418184366,"Up",0.740295920523723,0.973646973048395,"GO:0030595","leukocyte chemotaxis"
16,0.0798572123443302,"Down",0.740367808417572,0.973646973048395,"GO:0045910","negative regulation of DNA recombination"
24,0.0265500751131592,"Down",0.740613805967225,0.973646973048395,"GO:0045840","positive regulation of mitotic nuclear division"
26,0.072904730785506,"Up",0.741019399641857,0.973646973048395,"GO:0060964","regulation of miRNA-mediated gene silencing"
48,0.0534731263519329,"Down",0.741488600843925,0.973646973048395,"GO:0048709","oligodendrocyte differentiation"
77,0.101635365621031,"Down",0.742476954010939,0.973646973048395,"GO:0000956","nuclear-transcribed mRNA catabolic process"
48,0.0214592070745715,"Down",0.742589797168366,0.973646973048395,"GO:0007189","adenylate cyclase-activating G protein-coupled receptor signaling pathway"
18,0.0377047013946914,"Down",0.742659692882637,0.973646973048395,"GO:0048873","homeostasis of number of cells within a tissue"
122,0.00289331181319672,"Down",0.742664227897511,0.973646973048395,"GO:0007596","blood coagulation"
30,0.157563888705784,"Up",0.742674618688079,0.973646973048395,"GO:0140467","integrated stress response signaling"
29,0.0548548941321253,"Up",0.742924235422192,0.973646973048395,"GO:0046850","regulation of bone remodeling"
44,0.0557729781391343,"Down",0.743009221769701,0.973646973048395,"GO:0034605","cellular response to heat"
108,0.0273760170323115,"Down",0.743673706964121,0.973646973048395,"GO:0031099","regeneration"
58,-0.00516428486440513,"Up",0.743845102166003,0.973646973048395,"GO:0050714","positive regulation of protein secretion"
25,-0.0157272105830845,"Down",0.743886107421022,0.973646973048395,"GO:0001953","negative regulation of cell-matrix adhesion"
22,-0.00977446196285432,"Up",0.744189160037088,0.973646973048395,"GO:0071398","cellular response to fatty acid"
153,0.00821230991128666,"Up",0.744563268080765,0.973646973048395,"GO:0097529","myeloid leukocyte migration"
136,0.0068929116087409,"Down",0.744934074410007,0.973646973048395,"GO:0021700","developmental maturation"
127,0.0140031308852184,"Up",0.74544231237205,0.973646973048395,"GO:0045619","regulation of lymphocyte differentiation"
64,0.0108738069523011,"Down",0.745537748875601,0.973646973048395,"GO:0016125","sterol metabolic process"
127,-0.00222887697214066,"Up",0.74555923252517,0.973646973048395,"GO:0071674","mononuclear cell migration"
251,0.0194902835403239,"Up",0.745883487701635,0.973646973048395,"GO:0002764","immune response-regulating signaling pathway"
75,0.00135121794145747,"Up",0.746802421037894,0.973646973048395,"GO:0051592","response to calcium ion"
99,0.00237394241615818,"Down",0.746830816748254,0.973646973048395,"GO:0071478","cellular response to radiation"
23,0.00809844119310505,"Down",0.747713499415588,0.973646973048395,"GO:0031057","negative regulation of histone modification"
82,0.0251243434317468,"Down",0.747751825345094,0.973646973048395,"GO:1990266","neutrophil migration"
100,0.0163888387927874,"Down",0.748247987285241,0.973646973048395,"GO:0008361","regulation of cell size"
79,0.0276205248716234,"Up",0.748371284396287,0.973646973048395,"GO:0007009","plasma membrane organization"
52,0.0243151039896002,"Down",0.748417941007062,0.973646973048395,"GO:0035194","post-transcriptional gene silencing by RNA"
25,0.0365453704416757,"Down",0.748506743918918,0.973646973048395,"GO:1902003","regulation of amyloid-beta formation"
15,-0.00280192349778832,"Up",0.748606863735776,0.973646973048395,"GO:0032703","negative regulation of interleukin-2 production"
18,-0.0444682458801507,"Down",0.748635672524274,0.973646973048395,"GO:0045671","negative regulation of osteoclast differentiation"
22,0.146014073378313,"Down",0.74864142647052,0.973646973048395,"GO:0010765","positive regulation of sodium ion transport"
331,-0.000545501927603535,"Up",0.748744933189946,0.973646973048395,"GO:0051345","positive regulation of hydrolase activity"
19,0.019775696220745,"Down",0.749010054916366,0.973646973048395,"GO:0014904","myotube cell development"
30,0.0172055692454869,"Up",0.749239608148669,0.973646973048395,"GO:0051985","negative regulation of chromosome segregation"
30,0.0172055692454869,"Up",0.749239608148669,0.973646973048395,"GO:1905819","negative regulation of chromosome separation"
140,0.0160448064959774,"Down",0.749721493269817,0.973646973048395,"GO:0000209","protein polyubiquitination"
89,-0.00198989310050464,"Up",0.750157084897533,0.973646973048395,"GO:1990845","adaptive thermogenesis"
32,0.0156192423233121,"Up",0.750743291526222,0.973646973048395,"GO:0046513","ceramide biosynthetic process"
21,0.0608909747539541,"Down",0.750757627958445,0.973646973048395,"GO:0061647","histone H3-K9 modification"
19,-0.0197250712279369,"Up",0.751172153933563,0.973646973048395,"GO:0030947","regulation of vascular endothelial growth factor receptor signaling pathway"
22,-0.00558333116927519,"Down",0.751213816605835,0.973646973048395,"GO:2000515","negative regulation of CD4-positive, alpha-beta T cell activation"
43,0.18460444711183,"Down",0.751658030532627,0.973646973048395,"GO:0007156","homophilic cell adhesion via plasma membrane adhesion molecules"
54,0.0340855422966392,"Down",0.752051750796554,0.973646973048395,"GO:1990868","response to chemokine"
54,0.0340855422966392,"Down",0.752051750796554,0.973646973048395,"GO:1990869","cellular response to chemokine"
24,0.169521525959991,"Up",0.752133964860798,0.973646973048395,"GO:0006383","transcription by RNA polymerase III"
29,0.00121120974179931,"Up",0.752588484803985,0.973646973048395,"GO:0051353","positive regulation of oxidoreductase activity"
149,0.0465212714359907,"Down",0.753359203199983,0.973646973048395,"GO:0007160","cell-matrix adhesion"
462,0.0113740367491675,"Up",0.753979721963009,0.973646973048395,"GO:0032446","protein modification by small protein conjugation"
16,0.0247049091057861,"Up",0.754359153225828,0.973646973048395,"GO:0010714","positive regulation of collagen metabolic process"
30,0.218757990087476,"Up",0.75449948204525,0.973646973048395,"GO:0019730","antimicrobial humoral response"
54,0.0857031254486756,"Down",0.754855583931836,0.973646973048395,"GO:0043367","CD4-positive, alpha-beta T cell differentiation"
22,0.0146652662255595,"Down",0.755209554233301,0.973646973048395,"GO:0002691","regulation of cellular extravasation"
21,0.0526365943417077,"Up",0.755223506523353,0.973646973048395,"GO:0033522","histone H2A ubiquitination"
47,0.0277090757548308,"Down",0.755260674909925,0.973646973048395,"GO:0042982","amyloid precursor protein metabolic process"
22,0.0373600375332511,"Down",0.755689841615987,0.973646973048395,"GO:0010573","vascular endothelial growth factor production"
52,-0.00728117463784095,"Down",0.755794954265434,0.973646973048395,"GO:0010389","regulation of G2/M transition of mitotic cell cycle"
49,-0.00754314371896511,"Down",0.75696736689129,0.973646973048395,"GO:0097061","dendritic spine organization"
36,-0.000569622789616618,"Up",0.757020495013725,0.973646973048395,"GO:0071622","regulation of granulocyte chemotaxis"
84,0.027123876174329,"Down",0.757037618343739,0.973646973048395,"GO:0014065","phosphatidylinositol 3-kinase signaling"
87,0.110653492327757,"Up",0.757703839741939,0.973646973048395,"GO:0032200","telomere organization"
100,-0.00526521780076741,"Up",0.757947386363272,0.973646973048395,"GO:0071248","cellular response to metal ion"
16,-0.0147604759916277,"Up",0.758154187313385,0.973646973048395,"GO:0070584","mitochondrion morphogenesis"
33,0.0298940178866678,"Down",0.758247218738566,0.973646973048395,"GO:0070988","demethylation"
53,0.0592663855427844,"Down",0.759259692828074,0.973646973048395,"GO:1901890","positive regulation of cell junction assembly"
26,0.00583794012350848,"Down",0.759283898431502,0.973646973048395,"GO:0060976","coronary vasculature development"
51,-0.0100241055452454,"Down",0.760017799588008,0.973646973048395,"GO:0031110","regulation of microtubule polymerization or depolymerization"
123,0.00331140573577635,"Down",0.760193085460148,0.973646973048395,"GO:0050817","coagulation"
20,-0.000165112223539555,"Up",0.760478581021284,0.973646973048395,"GO:1905523","positive regulation of macrophage migration"
46,-0.00607818659537634,"Up",0.76097645154564,0.973646973048395,"GO:0043266","regulation of potassium ion transport"
36,0.00317001594835165,"Up",0.761075248562548,0.973646973048395,"GO:0043297","apical junction assembly"
81,0.0398596941505967,"Down",0.76126601887228,0.973646973048395,"GO:0007229","integrin-mediated signaling pathway"
38,0.0569095618712448,"Down",0.761289989992425,0.973646973048395,"GO:1902305","regulation of sodium ion transmembrane transport"
97,0.0348234955817162,"Up",0.761293579258533,0.973646973048395,"GO:0006606","protein import into nucleus"
41,0.0316645376805578,"Down",0.761919051901014,0.973646973048395,"GO:0090307","mitotic spindle assembly"
57,-0.00343829354518855,"Down",0.762440774525508,0.973646973048395,"GO:1901655","cellular response to ketone"
322,0.0061530074292496,"Up",0.762904981614457,0.973646973048395,"GO:0007264","small GTPase mediated signal transduction"
57,0.0499365640241853,"Down",0.76310289698381,0.973646973048395,"GO:0030516","regulation of axon extension"
29,0.0255145009467752,"Up",0.763113520422768,0.973646973048395,"GO:0033046","negative regulation of sister chromatid segregation"
29,0.0255145009467752,"Up",0.763113520422768,0.973646973048395,"GO:0033048","negative regulation of mitotic sister chromatid segregation"
29,0.0255145009467752,"Up",0.763113520422768,0.973646973048395,"GO:2000816","negative regulation of mitotic sister chromatid separation"
20,0.0134509731788423,"Down",0.763248253195768,0.973646973048395,"GO:0009595","detection of biotic stimulus"
115,-0.00668169959915815,"Down",0.764004592600316,0.973646973048395,"GO:0051259","protein complex oligomerization"
24,-0.00752824239821178,"Up",0.764165012126597,0.973646973048395,"GO:0018198","peptidyl-cysteine modification"
349,0.00367308622408464,"Up",0.764945934297247,0.973646973048395,"GO:0002521","leukocyte differentiation"
23,0.0376132080805404,"Up",0.765293906059035,0.973646973048395,"GO:0006968","cellular defense response"
60,-0.00873089018251772,"Up",0.765340494541199,0.973646973048395,"GO:0031397","negative regulation of protein ubiquitination"
55,-0.00521108196641499,"Down",0.765426715358584,0.973646973048395,"GO:1901216","positive regulation of neuron death"
30,0.0132469249498593,"Up",0.765784368626329,0.973646973048395,"GO:0042771","intrinsic apoptotic signaling pathway in response to DNA damage by p53 class mediator"
163,0.0281300474565491,"Up",0.766143648855992,0.973646973048395,"GO:2001020","regulation of response to DNA damage stimulus"
99,0.00646536238449578,"Down",0.766214266148815,0.973646973048395,"GO:2001236","regulation of extrinsic apoptotic signaling pathway"
46,0.0451943276248698,"Down",0.76628583175764,0.973646973048395,"GO:0070098","chemokine-mediated signaling pathway"
23,0.0246762794222828,"Up",0.766324628616299,0.973646973048395,"GO:1901889","negative regulation of cell junction assembly"
33,-0.000163487150695953,"Up",0.766400271648581,0.973646973048395,"GO:2000107","negative regulation of leukocyte apoptotic process"
489,0.0045486991907402,"Down",0.767177654848053,0.973646973048395,"GO:0045597","positive regulation of cell differentiation"
22,0.00940969693682986,"Up",0.768032706902835,0.973646973048395,"GO:0006584","catecholamine metabolic process"
22,0.00940969693682986,"Up",0.768032706902835,0.973646973048395,"GO:0009712","catechol-containing compound metabolic process"
21,0.0358896012054239,"Down",0.768076559183568,0.973646973048395,"GO:0060218","hematopoietic stem cell differentiation"
237,0.0445368575462504,"Down",0.768126592718573,0.973646973048395,"GO:0031589","cell-substrate adhesion"
142,0.00810039141731528,"Down",0.768235259513343,0.973646973048395,"GO:0097191","extrinsic apoptotic signaling pathway"
157,0.01336695446321,"Down",0.768275240049521,0.973646973048395,"GO:0070663","regulation of leukocyte proliferation"
33,0.0207518697202455,"Up",0.768293302229753,0.973646973048395,"GO:0051784","negative regulation of nuclear division"
24,0.0204144854817105,"Down",0.768365312509722,0.973646973048395,"GO:2000351","regulation of endothelial cell apoptotic process"
102,0.0363244608694936,"Up",0.768929477423865,0.973646973048395,"GO:0046631","alpha-beta T cell activation"
17,0.0109025790082272,"Down",0.769018855098291,0.973646973048395,"GO:1901381","positive regulation of potassium ion transmembrane transport"
30,0.0208867977023893,"Down",0.769200290639403,0.973646973048395,"GO:0019083","viral transcription"
104,0.0168123351699968,"Up",0.769553503530146,0.973646973048395,"GO:0007051","spindle organization"
20,0.0421898829450544,"Down",0.769623190362022,0.973646973048395,"GO:0032232","negative regulation of actin filament bundle assembly"
24,0.0544728444416304,"Up",0.769834854986031,0.973646973048395,"GO:0002431","Fc receptor mediated stimulatory signaling pathway"
69,0.0192137912567835,"Up",0.770106105729614,0.973646973048395,"GO:0031929","TOR signaling"
23,0.0443496514977393,"Down",0.770311615208027,0.973646973048395,"GO:0038179","neurotrophin signaling pathway"
60,0.0011596704249283,"Up",0.770817525679881,0.973646973048395,"GO:0046165","alcohol biosynthetic process"
56,0.00658205711884462,"Down",0.77087332810572,0.973646973048395,"GO:0008203","cholesterol metabolic process"
15,-0.0353868585923677,"Down",0.770932946814986,0.973646973048395,"GO:0015813","L-glutamate transmembrane transport"
15,-0.0353868585923677,"Down",0.770932946814986,0.973646973048395,"GO:0051938","L-glutamate import"
19,0.0735401254601541,"Down",0.771068526838696,0.973646973048395,"GO:1905168","positive regulation of double-strand break repair via homologous recombination"
59,0.050925999333486,"Down",0.771284918370482,0.973646973048395,"GO:0001508","action potential"
23,0.00206466068060702,"Up",0.771356068216903,0.973646973048395,"GO:0001893","maternal placenta development"
37,0.0336153788009155,"Up",0.771508842799802,0.973646973048395,"GO:0050709","negative regulation of protein secretion"
149,0.0347492648730996,"Down",0.771547354510217,0.973646973048395,"GO:0006936","muscle contraction"
18,0.0757599858125043,"Down",0.771823627200412,0.973646973048395,"GO:0006298","mismatch repair"
15,0.0980105096061312,"Down",0.771907872124609,0.973646973048395,"GO:0021515","cell differentiation in spinal cord"
30,0.0466976866406415,"Down",0.771990221694967,0.973646973048395,"GO:0051568","histone H3-K4 methylation"
16,0.00365253797732903,"Down",0.772055289241059,0.973646973048395,"GO:0006654","phosphatidic acid biosynthetic process"
16,0.00365253797732903,"Down",0.772055289241059,0.973646973048395,"GO:0046473","phosphatidic acid metabolic process"
41,-0.00216789753969986,"Down",0.772284460374152,0.973646973048395,"GO:0045661","regulation of myoblast differentiation"
62,0.0129464079683661,"Down",0.772779215052533,0.97365537872043,"GO:0031570","DNA integrity checkpoint signaling"
170,0.0887061782191706,"Down",0.773022059444807,0.97365537872043,"GO:1903311","regulation of mRNA metabolic process"
40,0.0363631773771237,"Down",0.773261535967184,0.97365537872043,"GO:0031060","regulation of histone methylation"
28,0.0861237097075955,"Up",0.773894819389061,0.97365537872043,"GO:0070897","transcription preinitiation complex assembly"
35,0.0623317122147904,"Down",0.773952289525217,0.97365537872043,"GO:0043370","regulation of CD4-positive, alpha-beta T cell differentiation"
17,0.00811248389153664,"Up",0.774000745236408,0.97365537872043,"GO:0001783","B cell apoptotic process"
24,0.0545424861061658,"Down",0.774133676349495,0.97365537872043,"GO:0010712","regulation of collagen metabolic process"
17,0.0476008340928388,"Up",0.775467637688604,0.974472853740532,"GO:0002446","neutrophil mediated immunity"
37,0.0889596150168326,"Down",0.775969958918478,0.974472853740532,"GO:0000381","regulation of alternative mRNA splicing, via spliceosome"
34,0.0578494385856152,"Up",0.776188813875983,0.974472853740532,"GO:0009299","mRNA transcription"
146,0.0584376807988212,"Up",0.776573332040756,0.974472853740532,"GO:0033044","regulation of chromosome organization"
19,-0.00115060907470372,"Up",0.776764082923088,0.974472853740532,"GO:0045740","positive regulation of DNA replication"
216,-0.00175909148786174,"Down",0.777532163606202,0.974472853740532,"GO:0062197","cellular response to chemical stress"
32,-0.000780456218631241,"Up",0.777609970743398,0.974472853740532,"GO:0030219","megakaryocyte differentiation"
63,0.00710924009974235,"Down",0.777754542978538,0.974472853740532,"GO:0110020","regulation of actomyosin structure organization"
154,0.0288530847262999,"Up",0.777773188494448,0.974472853740532,"GO:0098813","nuclear chromosome segregation"
95,-0.00305159715908892,"Down",0.777883319551633,0.974472853740532,"GO:0036294","cellular response to decreased oxygen levels"
43,0.0179072717366104,"Up",0.778262428528237,0.974472853740532,"GO:0016079","synaptic vesicle exocytosis"
47,0.147562880959318,"Down",0.778437046975686,0.974472853740532,"GO:0031123","RNA 3'-end processing"
178,0.0108997722988517,"Up",0.778482347927961,0.974472853740532,"GO:0036293","response to decreased oxygen levels"
33,0.0044791292140834,"Up",0.778689234022629,0.974472853740532,"GO:1903747","regulation of establishment of protein localization to mitochondrion"
136,0.0100750812706126,"Down",0.778735267817522,0.974472853740532,"GO:0032409","regulation of transporter activity"
167,0.0192068922016464,"Up",0.780296122488058,0.974496362147693,"GO:0019216","regulation of lipid metabolic process"
15,0.114523059719701,"Up",0.78073870969904,0.974496362147693,"GO:0060563","neuroepithelial cell differentiation"
81,0.024916798700642,"Down",0.781037692783608,0.974496362147693,"GO:0001764","neuron migration"
100,0.00400127543044154,"Up",0.78122645669413,0.974496362147693,"GO:1901617","organic hydroxy compound biosynthetic process"
90,0.0136893604422326,"Up",0.781232819756194,0.974496362147693,"GO:0030177","positive regulation of Wnt signaling pathway"
20,0.0503174100477892,"Up",0.781524533760622,0.974496362147693,"GO:0090140","regulation of mitochondrial fission"
31,0.0874929711705467,"Up",0.781590023206655,0.974496362147693,"GO:0022617","extracellular matrix disassembly"
141,0.00983178633808032,"Down",0.781680954796435,0.974496362147693,"GO:0032944","regulation of mononuclear cell proliferation"
30,0.170682787503911,"Down",0.781729687295369,0.974496362147693,"GO:0031124","mRNA 3'-end processing"
18,0.0950484243650736,"Up",0.781794067586507,0.974496362147693,"GO:0045933","positive regulation of muscle contraction"
44,0.113562802837263,"Up",0.78326763320065,0.974496362147693,"GO:0001910","regulation of leukocyte mediated cytotoxicity"
72,0.006048760296017,"Down",0.783443667101686,0.974496362147693,"GO:2001257","regulation of cation channel activity"
79,0.0252447774926307,"Up",0.784042933736308,0.974496362147693,"GO:0099504","synaptic vesicle cycle"
120,0.00318734046714783,"Down",0.784446116359945,0.974496362147693,"GO:0015849","organic acid transport"
164,-0.00260322761673428,"Up",0.784826644172237,0.974496362147693,"GO:0071692","protein localization to extracellular region"
111,0.023374609755953,"Up",0.785023621635108,0.974496362147693,"GO:0006473","protein acetylation"
37,8.68193234491536e-06,"Up",0.785091555275351,0.974496362147693,"GO:0046626","regulation of insulin receptor signaling pathway"
28,0.050288508175619,"Up",0.785313868258502,0.974496362147693,"GO:0060147","regulation of post-transcriptional gene silencing"
321,0.0286913847860364,"Down",0.785588155029218,0.974496362147693,"GO:0001525","angiogenesis"
49,0.0530587582894336,"Up",0.786069135148046,0.974496362147693,"GO:0006304","DNA modification"
26,0.0350866657790581,"Up",0.786440510519025,0.974496362147693,"GO:0045577","regulation of B cell differentiation"
37,0.00672416232122039,"Down",0.78656080685613,0.974496362147693,"GO:1903317","regulation of protein maturation"
128,0.0364960250784989,"Up",0.786857023205961,0.974496362147693,"GO:0071222","cellular response to lipopolysaccharide"
27,0.0525778744206752,"Down",0.787205315553358,0.974496362147693,"GO:0019229","regulation of vasoconstriction"
23,-0.0244856171280629,"Down",0.787226095287105,0.974496362147693,"GO:0016242","negative regulation of macroautophagy"
39,0.0262033495554133,"Up",0.787374576068031,0.974496362147693,"GO:0034394","protein localization to cell surface"
55,-0.0101226993473646,"Up",0.787397371397229,0.974496362147693,"GO:0048515","spermatid differentiation"
66,0.037580992453595,"Up",0.78763180871763,0.974496362147693,"GO:0032355","response to estradiol"
56,0.00732148243512639,"Up",0.787645397905961,0.974496362147693,"GO:0019751","polyol metabolic process"
19,-0.00835351843802485,"Down",0.787775129866238,0.974496362147693,"GO:0008206","bile acid metabolic process"
30,0.0420266587420116,"Down",0.788716427364408,0.974496362147693,"GO:0048255","mRNA stabilization"
463,0.0020526772370926,"Down",0.788937601554112,0.974496362147693,"GO:0009725","response to hormone"
41,-0.00799983317165535,"Down",0.789007951664148,0.974496362147693,"GO:0046847","filopodium assembly"
52,0.00763614182626221,"Up",0.789417823076734,0.974496362147693,"GO:0050905","neuromuscular process"
28,0.0088461140887564,"Up",0.790013769466754,0.974496362147693,"GO:1904036","negative regulation of epithelial cell apoptotic process"
269,0.0012255002208137,"Up",0.790493028099588,0.974496362147693,"GO:0010563","negative regulation of phosphorus metabolic process"
15,-0.0301690398467147,"Down",0.790502470396168,0.974496362147693,"GO:0009651","response to salt stress"
65,0.116469208567703,"Up",0.790747388092696,0.974496362147693,"GO:2001252","positive regulation of chromosome organization"
290,0.021433186513015,"Up",0.790954382146353,0.974496362147693,"GO:0043269","regulation of ion transport"
17,0.0263533661531817,"Up",0.791028143663935,0.974496362147693,"GO:0071450","cellular response to oxygen radical"
17,0.0263533661531817,"Up",0.791028143663935,0.974496362147693,"GO:0071451","cellular response to superoxide"
15,0.0171307486943148,"Up",0.791442314682393,0.974496362147693,"GO:0070102","interleukin-6-mediated signaling pathway"
193,0.0177352767911851,"Down",0.792224976695648,0.974496362147693,"GO:0030111","regulation of Wnt signaling pathway"
90,0.0151501151078227,"Up",0.79223332055491,0.974496362147693,"GO:0099003","vesicle-mediated transport in synapse"
67,0.0109682627127889,"Up",0.792549441122358,0.974496362147693,"GO:0062013","positive regulation of small molecule metabolic process"
47,0.0942602662022396,"Up",0.792699235492191,0.974496362147693,"GO:0032784","regulation of DNA-templated transcription elongation"
21,-0.0231919452639057,"Up",0.792920830847521,0.974496362147693,"GO:1901861","regulation of muscle tissue development"
77,0.0226447607633054,"Down",0.792985012513229,0.974496362147693,"GO:0032147","activation of protein kinase activity"
22,0.0410409823891112,"Down",0.793214389948636,0.974496362147693,"GO:0051646","mitochondrion localization"
21,0.0294119127114286,"Down",0.793499740086697,0.974496362147693,"GO:0060999","positive regulation of dendritic spine development"
40,0.0179496909383005,"Down",0.793608884023658,0.974496362147693,"GO:0010812","negative regulation of cell-substrate adhesion"
15,0.0658639592611192,"Up",0.793688438198398,0.974496362147693,"GO:0060343","trabecula formation"
31,0.0641386611692549,"Up",0.793891777210056,0.974496362147693,"GO:0042789","mRNA transcription by RNA polymerase II"
22,0.104814251289527,"Up",0.793995311777003,0.974496362147693,"GO:0032728","positive regulation of interferon-beta production"
65,0.0271701833214705,"Down",0.79440034358374,0.974496362147693,"GO:0050806","positive regulation of synaptic transmission"
44,0.0679939259668678,"Down",0.794764155175683,0.974496362147693,"GO:0006664","glycolipid metabolic process"
112,0.009641349390571,"Down",0.795312580759723,0.974496362147693,"GO:0002695","negative regulation of leukocyte activation"
54,0.00370104171819158,"Down",0.796102629750508,0.974496362147693,"GO:0046209","nitric oxide metabolic process"
54,0.00370104171819158,"Down",0.796102629750508,0.974496362147693,"GO:2001057","reactive nitrogen species metabolic process"
82,0.0181332688590209,"Up",0.796111637108925,0.974496362147693,"GO:0009411","response to UV"
146,0.00746943295569243,"Down",0.796241702971362,0.974496362147693,"GO:0061458","reproductive system development"
50,0.00955463041625807,"Down",0.796590484550617,0.974496362147693,"GO:0010906","regulation of glucose metabolic process"
35,0.176451363856886,"Down",0.796916688100885,0.974496362147693,"GO:0006406","mRNA export from nucleus"
16,0.146918527593376,"Up",0.797072008248174,0.974496362147693,"GO:0007063","regulation of sister chromatid cohesion"
47,0.0128047897035166,"Down",0.797148809182193,0.974496362147693,"GO:0001885","endothelial cell development"
23,0.00375626653331332,"Up",0.797664522088619,0.974496362147693,"GO:0070570","regulation of neuron projection regeneration"
54,0.071848478147012,"Down",0.79787818192163,0.974496362147693,"GO:1903312","negative regulation of mRNA metabolic process"
17,0.0157985517284198,"Down",0.798234800275776,0.974496362147693,"GO:1990776","response to angiotensin"
170,0.0138551845101849,"Up",0.798266603923934,0.974496362147693,"GO:0001666","response to hypoxia"
16,0.0532049856153036,"Up",0.798725557120284,0.974496362147693,"GO:2000279","negative regulation of DNA biosynthetic process"
55,-0.000585129886494348,"Up",0.798909766003384,0.974496362147693,"GO:0050871","positive regulation of B cell activation"
398,0.091630044927479,"Up",0.799664471025361,0.974496362147693,"GO:0016071","mRNA metabolic process"
19,0.0102507198915327,"Down",0.800694954742528,0.974496362147693,"GO:0071108","protein K48-linked deubiquitination"
36,0.0100109680608083,"Down",0.800873666057918,0.974496362147693,"GO:0070918","small regulatory ncRNA processing"
24,0.0253504967179166,"Up",0.801115085056636,0.974496362147693,"GO:0006111","regulation of gluconeogenesis"
49,0.00292697577390942,"Down",0.801173886362692,0.974496362147693,"GO:0032945","negative regulation of mononuclear cell proliferation"
49,0.00292697577390942,"Down",0.801173886362692,0.974496362147693,"GO:0050672","negative regulation of lymphocyte proliferation"
286,0.00778281104057476,"Down",0.802419360156092,0.974496362147693,"GO:0060284","regulation of cell development"
124,-0.00293201672862429,"Down",0.802982549117533,0.974496362147693,"GO:0032872","regulation of stress-activated MAPK cascade"
35,0.022487568270884,"Down",0.803277709285629,0.974496362147693,"GO:0048644","muscle organ morphogenesis"
16,-0.0437258128536243,"Up",0.803612510291442,0.974496362147693,"GO:0010458","exit from mitosis"
17,0.0826995488633787,"Up",0.803615286483113,0.974496362147693,"GO:0051647","nucleus localization"
15,0.0924630915296627,"Down",0.804144374438821,0.974496362147693,"GO:1905332","positive regulation of morphogenesis of an epithelium"
195,0.0202788486432593,"Up",0.804278447456642,0.974496362147693,"GO:0010959","regulation of metal ion transport"
75,0.0238809084913461,"Down",0.80460467992466,0.974496362147693,"GO:0006941","striated muscle contraction"
73,0.0460090028016822,"Down",0.80484721111595,0.974496362147693,"GO:0046632","alpha-beta T cell differentiation"
35,0.0948065389971465,"Up",0.804948120608251,0.974496362147693,"GO:0034243","regulation of transcription elongation by RNA polymerase II"
18,0.0750225344390604,"Up",0.805001871929824,0.974496362147693,"GO:0032205","negative regulation of telomere maintenance"
32,0.0749562576538208,"Down",0.805015957802142,0.974496362147693,"GO:0003407","neural retina development"
16,0.0559758380442179,"Up",0.805248291234056,0.974496362147693,"GO:0062098","regulation of programmed necrotic cell death"
145,0.00785190522815906,"Down",0.805393634883593,0.974496362147693,"GO:0048608","reproductive structure development"
27,0.0422117582925394,"Down",0.805709330894779,0.974496362147693,"GO:0006687","glycosphingolipid metabolic process"
268,0.000989350564541549,"Up",0.8059529930537,0.974496362147693,"GO:0045936","negative regulation of phosphate metabolic process"
81,0.0182671735100387,"Up",0.807096481113051,0.974496362147693,"GO:0050671","positive regulation of lymphocyte proliferation"
110,0.0139670847042476,"Up",0.807209467616731,0.974496362147693,"GO:0070374","positive regulation of ERK1 and ERK2 cascade"
18,0.0434251693748499,"Up",0.807483929799481,0.974496362147693,"GO:0006882","cellular zinc ion homeostasis"
16,-0.00257313629680238,"Up",0.807644541966974,0.974496362147693,"GO:0034643","establishment of mitochondrion localization, microtubule-mediated"
16,-0.00257313629680238,"Up",0.807644541966974,0.974496362147693,"GO:0047497","mitochondrion transport along microtubule"
271,0.0213041844733327,"Up",0.807795495162202,0.974496362147693,"GO:0016049","cell growth"
65,0.0157170898969058,"Up",0.808271100265381,0.974496362147693,"GO:0090263","positive regulation of canonical Wnt signaling pathway"
164,0.0250102387388982,"Up",0.808791677508451,0.974496362147693,"GO:0042391","regulation of membrane potential"
72,0.00458264671720787,"Down",0.808909993764269,0.974496362147693,"GO:0030168","platelet activation"
37,0.0287074844168774,"Down",0.809360501379583,0.974496362147693,"GO:0032623","interleukin-2 production"
37,0.0287074844168774,"Down",0.809360501379583,0.974496362147693,"GO:0032663","regulation of interleukin-2 production"
30,0.0249964904458502,"Up",0.809526411287974,0.974496362147693,"GO:0031122","cytoplasmic microtubule organization"
19,-0.0300010814608377,"Up",0.810445986223807,0.974496362147693,"GO:0010043","response to zinc ion"
279,0.0341711590521823,"Down",0.810941754628051,0.974496362147693,"GO:0003013","circulatory system process"
15,0.103272002126187,"Up",0.811596404480488,0.974496362147693,"GO:0045684","positive regulation of epidermis development"
20,0.185911125420241,"Up",0.811640404526736,0.974496362147693,"GO:2000765","regulation of cytoplasmic translation"
276,0.0495165479660071,"Up",0.81179882293256,0.974496362147693,"GO:0006281","DNA repair"
15,-0.0363112446093129,"Down",0.811878669794439,0.974496362147693,"GO:0034694","response to prostaglandin"
344,0.0227265511320914,"Down",0.811909289988539,0.974496362147693,"GO:0007169","transmembrane receptor protein tyrosine kinase signaling pathway"
15,0.0525309862986983,"Down",0.81228500328244,0.974496362147693,"GO:2001185","regulation of CD8-positive, alpha-beta T cell activation"
20,0.00623602804948394,"Up",0.812325956390297,0.974496362147693,"GO:0045742","positive regulation of epidermal growth factor receptor signaling pathway"
195,0.00576488722209881,"Up",0.812886472011006,0.974496362147693,"GO:0010817","regulation of hormone levels"
114,0.0131496787146207,"Down",0.81323714640508,0.974496362147693,"GO:0003015","heart process"
50,0.00916484916355025,"Down",0.813330009039236,0.974496362147693,"GO:0032465","regulation of cytokinesis"
32,0.0483316221682635,"Down",0.813657955318991,0.974496362147693,"GO:2000649","regulation of sodium ion transmembrane transporter activity"
79,0.0567470726446021,"Down",0.813724222940529,0.974496362147693,"GO:0008217","regulation of blood pressure"
45,0.022054116820407,"Up",0.813780780174999,0.974496362147693,"GO:0001570","vasculogenesis"
49,0.0366471213122872,"Up",0.813786847964734,0.974496362147693,"GO:0046849","bone remodeling"
15,-0.00891509211516545,"Up",0.813870314534,0.974496362147693,"GO:0036120","cellular response to platelet-derived growth factor stimulus"
317,0.0323638187400191,"Up",0.814559430924753,0.974496362147693,"GO:0009617","response to bacterium"
38,-0.00169933799842457,"Up",0.815252076377859,0.974496362147693,"GO:0006073","cellular glucan metabolic process"
38,-0.00169933799842457,"Up",0.815252076377859,0.974496362147693,"GO:0044042","glucan metabolic process"
131,0.0425055966185727,"Up",0.815589659123625,0.974496362147693,"GO:0006354","DNA-templated transcription elongation"
28,0.114927831317734,"Down",0.815605837081052,0.974496362147693,"GO:0030858","positive regulation of epithelial cell differentiation"
72,0.0588876655637718,"Down",0.816063833001248,0.974496362147693,"GO:0000724","double-strand break repair via homologous recombination"
34,0.00491133868173117,"Down",0.816098123420773,0.974496362147693,"GO:0120192","tight junction assembly"
60,0.00515732320581751,"Up",0.816213170341921,0.974496362147693,"GO:0030512","negative regulation of transforming growth factor beta receptor signaling pathway"
26,0.00160589897428955,"Down",0.8163202765309,0.974496362147693,"GO:0071634","regulation of transforming growth factor beta production"
55,0.147672610018645,"Down",0.816394004586724,0.974496362147693,"GO:0048525","negative regulation of viral process"
19,-0.0346002464259389,"Up",0.816865671357582,0.974496362147693,"GO:0060325","face morphogenesis"
102,0.00389152249492916,"Down",0.816958640323015,0.974496362147693,"GO:0098656","anion transmembrane transport"
15,0.0771991059352124,"Down",0.817014050997861,0.974496362147693,"GO:2000209","regulation of anoikis"
26,0.186877567154347,"Up",0.817356064762361,0.974496362147693,"GO:0046596","regulation of viral entry into host cell"
62,0.0467908216655918,"Down",0.817556627818471,0.974496362147693,"GO:0034968","histone lysine methylation"
16,-0.0315688118489603,"Down",0.817636282597974,0.974496362147693,"GO:0090330","regulation of platelet aggregation"
124,0.134797619471764,"Up",0.81812704366101,0.974496362147693,"GO:0006403","RNA localization"
41,0.0202874155242671,"Up",0.818812021610969,0.974496362147693,"GO:0016925","protein sumoylation"
15,0.0404160595045535,"Up",0.81885217563079,0.974496362147693,"GO:0060148","positive regulation of post-transcriptional gene silencing"
15,0.0404160595045535,"Up",0.81885217563079,0.974496362147693,"GO:1900370","positive regulation of post-transcriptional gene silencing by RNA"
15,0.0404160595045535,"Up",0.81885217563079,0.974496362147693,"GO:2000637","positive regulation of miRNA-mediated gene silencing"
173,0.0139158522913354,"Up",0.818969990952202,0.974496362147693,"GO:1904062","regulation of cation transmembrane transport"
55,0.00925367723028129,"Down",0.818978622739056,0.974496362147693,"GO:0032611","interleukin-1 beta production"
55,0.00925367723028129,"Down",0.818978622739056,0.974496362147693,"GO:0032651","regulation of interleukin-1 beta production"
65,-0.00729070892758188,"Up",0.819277205270978,0.974496362147693,"GO:1903321","negative regulation of protein modification by small protein conjugation or removal"
23,0.156561913581544,"Down",0.819305563984447,0.974496362147693,"GO:0043631","RNA polyadenylation"
77,0.0222955299271187,"Down",0.819410471608244,0.974496362147693,"GO:0006836","neurotransmitter transport"
77,0.0130380762839137,"Up",0.819623922069672,0.974496362147693,"GO:0051983","regulation of chromosome segregation"
22,0.0550526129069095,"Down",0.819925601590941,0.974496362147693,"GO:0150077","regulation of neuroinflammatory response"
25,0.0018378525081729,"Up",0.820158504547978,0.974496362147693,"GO:0090022","regulation of neutrophil chemotaxis"
41,0.0824688364099541,"Down",0.820414762351542,0.974496362147693,"GO:0042093","T-helper cell differentiation"
31,0.0359847400771994,"Up",0.820661790356033,0.974496362147693,"GO:0042531","positive regulation of tyrosine phosphorylation of STAT protein"
126,-0.00376231737578144,"Down",0.820706190741429,0.974496362147693,"GO:0070302","regulation of stress-activated protein kinase signaling cascade"
38,0.0333552524085033,"Down",0.820984473460055,0.974496362147693,"GO:0008543","fibroblast growth factor receptor signaling pathway"
15,0.0645849596081105,"Down",0.821120096152231,0.974496362147693,"GO:2001044","regulation of integrin-mediated signaling pathway"
32,0.0212816039659414,"Up",0.821262245038145,0.974496362147693,"GO:0002686","negative regulation of leukocyte migration"
44,0.020158903991101,"Up",0.821268962918723,0.974496362147693,"GO:1902414","protein localization to cell junction"
26,0.0261471773182545,"Up",0.821318569319013,0.974496362147693,"GO:1901976","regulation of cell cycle checkpoint"
42,0.025554020905241,"Up",0.82194887513998,0.974496362147693,"GO:0045685","regulation of glial cell differentiation"
15,0.00961222936694993,"Down",0.822076542408269,0.974496362147693,"GO:0051383","kinetochore organization"
37,0.026910822046681,"Up",0.822173628726675,0.974496362147693,"GO:0072666","establishment of protein localization to vacuole"
23,0.117712641097291,"Down",0.822544217664105,0.974496362147693,"GO:0033119","negative regulation of RNA splicing"
66,0.0226915774220763,"Up",0.822780083419294,0.974496362147693,"GO:0060048","cardiac muscle contraction"
76,0.00795843824365827,"Down",0.823248109896104,0.974496362147693,"GO:0010977","negative regulation of neuron projection development"
15,-0.0386542942062156,"Up",0.82327288034478,0.974496362147693,"GO:0071731","response to nitric oxide"
21,-0.0202414636913496,"Up",0.823813400256899,0.974496362147693,"GO:0034260","negative regulation of GTPase activity"
16,-0.0176768962324365,"Up",0.824113277924343,0.974496362147693,"GO:1903204","negative regulation of oxidative stress-induced neuron death"
43,0.0529559661249447,"Up",0.824700361837641,0.974496362147693,"GO:0070059","intrinsic apoptotic signaling pathway in response to endoplasmic reticulum stress"
16,0.0442898512428949,"Up",0.82472906704374,0.974496362147693,"GO:0050432","catecholamine secretion"
61,0.0224252543598115,"Down",0.825285382960682,0.974496362147693,"GO:0042476","odontogenesis"
31,0.0358705297081053,"Down",0.826484045626793,0.974496362147693,"GO:0006721","terpenoid metabolic process"
148,0.0192793743896408,"Up",0.826734347133084,0.974496362147693,"GO:0050730","regulation of peptidyl-tyrosine phosphorylation"
17,0.0351188570325827,"Up",0.827568516313302,0.974496362147693,"GO:0009649","entrainment of circadian clock"
38,-0.0127629203606904,"Up",0.827854987867321,0.974496362147693,"GO:0042306","regulation of protein import into nucleus"
99,0.00340474744017293,"Down",0.827987993518941,0.974496362147693,"GO:0001659","temperature homeostasis"
34,0.0251143033260761,"Up",0.8281304326906,0.974496362147693,"GO:0060612","adipose tissue development"
20,-0.00396884215400434,"Up",0.828435069096007,0.974496362147693,"GO:0000731","DNA synthesis involved in DNA repair"
54,-0.00109585079573752,"Down",0.828670295659544,0.974496362147693,"GO:0106027","neuron projection organization"
42,-0.00607494817957971,"Up",0.828923955609485,0.974496362147693,"GO:0062014","negative regulation of small molecule metabolic process"
41,0.0175167261724824,"Up",0.82899657210453,0.974496362147693,"GO:0055117","regulation of cardiac muscle contraction"
30,0.122410026463098,"Up",0.82912213783126,0.974496362147693,"GO:0001912","positive regulation of leukocyte mediated cytotoxicity"
32,-0.00178495290612421,"Down",0.829262137600397,0.974496362147693,"GO:0009409","response to cold"
78,0.00900042115418926,"Up",0.829838518947634,0.974496362147693,"GO:0006665","sphingolipid metabolic process"
119,0.00519819353451963,"Down",0.830033943318552,0.974496362147693,"GO:0032869","cellular response to insulin stimulus"
95,0.0194696420902058,"Up",0.830238704490103,0.974496362147693,"GO:0070665","positive regulation of leukocyte proliferation"
83,0.0240196441092188,"Up",0.830248525272661,0.974496362147693,"GO:0007259","receptor signaling pathway via JAK-STAT"
27,0.0925659368463931,"Down",0.830494622602666,0.974496362147693,"GO:0007528","neuromuscular junction development"
36,0.0652981599366369,"Up",0.830580117642569,0.974496362147693,"GO:0045453","bone resorption"
20,-0.0377702276344103,"Up",0.830772352239957,0.974496362147693,"GO:0042220","response to cocaine"
59,0.00637879908272828,"Up",0.831202637169794,0.974496362147693,"GO:0051702","biological process involved in interaction with symbiont"
28,0.00285269366928587,"Up",0.831471602732722,0.974496362147693,"GO:1903409","reactive oxygen species biosynthetic process"
24,0.177417901081819,"Up",0.832325645401897,0.974496362147693,"GO:0051084","'de novo' post-translational protein folding"
87,0.026830787264,"Down",0.832412865451945,0.974496362147693,"GO:0050770","regulation of axonogenesis"
33,0.139279503056462,"Up",0.832562472305884,0.974496362147693,"GO:0006984","ER-nucleus signaling pathway"
138,0.0128450252379289,"Down",0.833648204904338,0.974496362147693,"GO:0050670","regulation of lymphocyte proliferation"
43,0.0362762801485864,"Down",0.833926870000163,0.974496362147693,"GO:0150076","neuroinflammatory response"
22,0.0490614927182587,"Down",0.834192340920369,0.974496362147693,"GO:1902253","regulation of intrinsic apoptotic signaling pathway by p53 class mediator"
19,-0.036076384413655,"Down",0.834687090932612,0.974496362147693,"GO:0048147","negative regulation of fibroblast proliferation"
46,-0.00195866781993046,"Down",0.834867922843222,0.974496362147693,"GO:0071479","cellular response to ionizing radiation"
27,0.0160283515818557,"Down",0.835226003870177,0.974496362147693,"GO:1903350","response to dopamine"
27,0.0160283515818557,"Down",0.835226003870177,0.974496362147693,"GO:1903351","cellular response to dopamine"
70,0.0116582025233139,"Up",0.835259431129395,0.974496362147693,"GO:0045089","positive regulation of innate immune response"
109,0.0366915835100443,"Down",0.836288038853547,0.974496362147693,"GO:0045216","cell-cell junction organization"
15,0.0212095363327087,"Down",0.836336264732248,0.974496362147693,"GO:0032770","positive regulation of monooxygenase activity"
21,0.0112281405342153,"Down",0.836519205511102,0.974496362147693,"GO:0030511","positive regulation of transforming growth factor beta receptor signaling pathway"
21,0.0112281405342153,"Down",0.836519205511102,0.974496362147693,"GO:1903846","positive regulation of cellular response to transforming growth factor beta stimulus"
26,0.00460274899951937,"Up",0.83693490334893,0.974496362147693,"GO:0035418","protein localization to synapse"
31,0.0515296054353497,"Down",0.837022570490093,0.974496362147693,"GO:0032613","interleukin-10 production"
31,0.0515296054353497,"Down",0.837022570490093,0.974496362147693,"GO:0032653","regulation of interleukin-10 production"
23,0.0445284283337979,"Up",0.837270328883663,0.974496362147693,"GO:0060443","mammary gland morphogenesis"
19,0.0511714078752934,"Down",0.837517453303216,0.974496362147693,"GO:1901797","negative regulation of signal transduction by p53 class mediator"
189,0.00865645939822077,"Up",0.83775929773822,0.974496362147693,"GO:1902105","regulation of leukocyte differentiation"
26,-0.000875196755816732,"Up",0.837877528145455,0.974496362147693,"GO:0070536","protein K63-linked deubiquitination"
16,0.0593020106992693,"Down",0.837882259025717,0.974496362147693,"GO:0045649","regulation of macrophage differentiation"
17,-0.0263995651319193,"Up",0.838312304743299,0.974496362147693,"GO:0051602","response to electrical stimulus"
97,0.0834249040435954,"Up",0.838345707748015,0.974496362147693,"GO:0051168","nuclear export"
15,0.021268630298023,"Down",0.838383191463853,0.974496362147693,"GO:1902455","negative regulation of stem cell population maintenance"
140,0.0507220721131634,"Down",0.838393220379438,0.974496362147693,"GO:0043414","macromolecule methylation"
25,-0.0339493145959716,"Up",0.838825066408048,0.974496362147693,"GO:0061081","positive regulation of myeloid leukocyte cytokine production involved in immune response"
16,-0.0501126060311833,"Down",0.838854917412864,0.974496362147693,"GO:1904706","negative regulation of vascular associated smooth muscle cell proliferation"
30,0.0276921804681841,"Down",0.838939595281338,0.974496362147693,"GO:0051785","positive regulation of nuclear division"
15,0.0316185131449755,"Up",0.839454435034762,0.974496362147693,"GO:0035883","enteroendocrine cell differentiation"
47,0.13617850029981,"Up",0.839573982919906,0.974496362147693,"GO:0000245","spliceosomal complex assembly"
20,0.255586643234806,"Up",0.839600047084071,0.974496362147693,"GO:0034063","stress granule assembly"
22,0.0264174899025768,"Down",0.839746109450518,0.974496362147693,"GO:0010165","response to X-ray"
28,-0.00557091584711956,"Up",0.839941390140017,0.974496362147693,"GO:0006509","membrane protein ectodomain proteolysis"
216,0.00521106204958673,"Up",0.840109759955309,0.974496362147693,"GO:0010876","lipid localization"
16,0.0358717431237639,"Up",0.840269025213023,0.974496362147693,"GO:0030194","positive regulation of blood coagulation"
16,0.0358717431237639,"Up",0.840269025213023,0.974496362147693,"GO:1900048","positive regulation of hemostasis"
21,0.02084115558515,"Up",0.840339040870984,0.974496362147693,"GO:0045023","G0 to G1 transition"
21,0.02084115558515,"Up",0.840339040870984,0.974496362147693,"GO:0070316","regulation of G0 to G1 transition"
23,0.0102487282224771,"Down",0.840495581643121,0.974496362147693,"GO:0032007","negative regulation of TOR signaling"
93,0.0481520191875497,"Up",0.840748199820133,0.974496362147693,"GO:0007565","female pregnancy"
142,0.0232754720281361,"Down",0.840927923215852,0.974496362147693,"GO:0045926","negative regulation of growth"
36,-0.0122682049925523,"Up",0.841377095695462,0.974711518001101,"GO:0050854","regulation of antigen receptor-mediated signaling pathway"
29,0.0194307209536851,"Down",0.842168312339092,0.975322663538604,"GO:0008038","neuron recognition"
44,0.0641742083330862,"Down",0.842902759041459,0.975740817682671,"GO:1902369","negative regulation of RNA catabolic process"
19,-0.0294398980757325,"Down",0.843419114939719,0.975740817682671,"GO:1900181","negative regulation of protein localization to nucleus"
201,0.0149834914982735,"Down",0.843777178664932,0.975740817682671,"GO:0018205","peptidyl-lysine modification"
123,0.0216791482809359,"Up",0.843792359210468,0.975740817682671,"GO:0034249","negative regulation of cellular amide metabolic process"
23,-0.0322816702570425,"Up",0.843848303802883,0.975740817682671,"GO:0033144","negative regulation of intracellular steroid hormone receptor signaling pathway"
456,0.00408500395516107,"Down",0.844339069098282,0.976003192685795,"GO:0070925","organelle assembly"
17,0.00657846147739488,"Down",0.845131199461747,0.976613654110903,"GO:0033687","osteoblast proliferation"
23,-0.0156854721691342,"Up",0.845773381173142,0.97683891664501,"GO:0043507","positive regulation of JUN kinase activity"
79,0.00868025017806937,"Up",0.846158321901396,0.97683891664501,"GO:0048469","cell maturation"
24,0.151537793052034,"Down",0.846189760328521,0.97683891664501,"GO:0086002","cardiac muscle cell action potential involved in contraction"
71,0.149176574729459,"Down",0.846382462245812,0.97683891664501,"GO:0051028","mRNA transport"
150,0.0435162926884144,"Down",0.847148727069093,0.977037493300053,"GO:0032259","methylation"
31,0.02751092004765,"Up",0.847340859442476,0.977037493300053,"GO:0035987","endodermal cell differentiation"
74,0.00568320946047634,"Down",0.847702609820874,0.977037493300053,"GO:0071887","leukocyte apoptotic process"
15,0.0680997019468512,"Down",0.847832704564616,0.977037493300053,"GO:1901739","regulation of myoblast fusion"
25,-0.0301146467467067,"Down",0.847875196943274,0.977037493300053,"GO:0051445","regulation of meiotic cell cycle"
309,-0.00104184428984413,"Up",0.848879098703709,0.977889687357527,"GO:1902532","negative regulation of intracellular signal transduction"
16,0.129073146441768,"Down",0.849582361535357,0.978090617902049,"GO:0006482","protein demethylation"
16,0.129073146441768,"Down",0.849582361535357,0.978090617902049,"GO:0008214","protein dealkylation"
43,0.00228644129830144,"Down",0.850341141207816,0.978561613323903,"GO:0002260","lymphocyte homeostasis"
30,0.00994155456800337,"Up",0.850559012614172,0.978561613323903,"GO:0002269","leukocyte activation involved in inflammatory response"
20,-0.0133855696462549,"Up",0.850785117180231,0.978561613323903,"GO:0090025","regulation of monocyte chemotaxis"
54,0.0148512905274155,"Up",0.852274368924251,0.979260859442347,"GO:0032526","response to retinoic acid"
55,0.0214302707985248,"Up",0.852386911071475,0.979260859442347,"GO:0032006","regulation of TOR signaling"
63,0.0449545991183911,"Up",0.852390805993213,0.979260859442347,"GO:0048041","focal adhesion assembly"
112,-0.00679840632104363,"Up",0.852452005245839,0.979260859442347,"GO:1901654","response to ketone"
73,0.0325662861630339,"Up",0.8530996716588,0.979602430484633,"GO:0045834","positive regulation of lipid metabolic process"
20,-0.013756154915027,"Up",0.853307049911381,0.979602430484633,"GO:1900745","positive regulation of p38MAPK cascade"
20,-0.0273303100568138,"Down",0.853543831698289,0.979602430484633,"GO:0006929","substrate-dependent cell migration"
335,0.0136090276884815,"Down",0.854141286236098,0.979733391949152,"GO:0009611","response to wounding"
16,0.0305223878368209,"Down",0.854922106001323,0.979733391949152,"GO:1903959","regulation of anion transmembrane transport"
20,0.05268164923381,"Up",0.855114784394513,0.979733391949152,"GO:0036474","cell death in response to hydrogen peroxide"
25,-0.0321380798750948,"Down",0.855511762456976,0.979733391949152,"GO:0010658","striated muscle cell apoptotic process"
84,0.0144481488894693,"Up",0.855527362854627,0.979733391949152,"GO:0032946","positive regulation of mononuclear cell proliferation"
47,0.00624620852970196,"Up",0.855554371306007,0.979733391949152,"GO:0045995","regulation of embryonic development"
18,-0.00891080487053813,"Down",0.855571499167842,0.979733391949152,"GO:0009225","nucleotide-sugar metabolic process"
21,-0.0120023120306693,"Down",0.856074892226607,0.979733391949152,"GO:1903725","regulation of phospholipid metabolic process"
16,-0.0462104604163129,"Down",0.856235073897616,0.979733391949152,"GO:0035357","peroxisome proliferator activated receptor signaling pathway"
208,0.017094341226708,"Up",0.856559549502592,0.979733391949152,"GO:0034765","regulation of ion transmembrane transport"
15,-0.0486092432322739,"Down",0.856637057687599,0.979733391949152,"GO:0080111","DNA demethylation"
29,-0.0214509927022985,"Down",0.856836313315898,0.979733391949152,"GO:0030520","intracellular estrogen receptor signaling pathway"
27,0.0164742586992109,"Up",0.857247686198847,0.979748321883237,"GO:1990000","amyloid fibril formation"
160,-0.00228866687237417,"Up",0.858000003330307,0.979748321883237,"GO:0009306","protein secretion"
160,-0.00228866687237417,"Up",0.858000003330307,0.979748321883237,"GO:0035592","establishment of protein localization to extracellular region"
21,-0.0311906710595519,"Up",0.858282163682203,0.979748321883237,"GO:0034110","regulation of homotypic cell-cell adhesion"
18,0.0359980123043346,"Up",0.858367450613789,0.979748321883237,"GO:0120033","negative regulation of plasma membrane bounded cell projection assembly"
91,0.0115364060731895,"Up",0.858491128367009,0.979748321883237,"GO:0070646","protein modification by small protein removal"
17,-0.0112588916934081,"Down",0.859344259683644,0.979748321883237,"GO:1904893","negative regulation of receptor signaling pathway via STAT"
182,0.0296807570836309,"Down",0.859825052788026,0.979748321883237,"GO:0032496","response to lipopolysaccharide"
34,0.0150991738154867,"Down",0.859833223646129,0.979748321883237,"GO:0030225","macrophage differentiation"
68,0.0206731864133576,"Up",0.860134012791717,0.979748321883237,"GO:0060041","retina development in camera-type eye"
26,0.00314973769400012,"Down",0.860432852211296,0.979748321883237,"GO:0002066","columnar/cuboidal epithelial cell development"
19,0.121921607284848,"Down",0.860464137775869,0.979748321883237,"GO:1902742","apoptotic process involved in development"
99,-0.000594469153886766,"Down",0.860557528466785,0.979748321883237,"GO:0006486","protein glycosylation"
99,-0.000594469153886766,"Down",0.860557528466785,0.979748321883237,"GO:0043413","macromolecule glycosylation"
67,0.00213400503643808,"Up",0.861295474207507,0.980104899882531,"GO:0030518","intracellular steroid hormone receptor signaling pathway"
15,-0.0403426292722007,"Down",0.861400656804031,0.980104899882531,"GO:0008299","isoprenoid biosynthetic process"
115,-0.00359482665199793,"Up",0.862278335345892,0.980315118827014,"GO:0050708","regulation of protein secretion"
19,0.331707035813851,"Up",0.86266435170287,0.980315118827014,"GO:0061844","antimicrobial humoral immune response mediated by antimicrobial peptide"
79,0.0459376007065804,"Down",0.862714133644226,0.980315118827014,"GO:0016571","histone methylation"
19,0.0286834100863839,"Down",0.862822393436569,0.980315118827014,"GO:0035825","homologous recombination"
33,-0.000684552443134312,"Up",0.863066226857437,0.980315118827014,"GO:0031113","regulation of microtubule polymerization"
150,0.00422063756126222,"Down",0.863175545287803,0.980315118827014,"GO:0007163","establishment or maintenance of cell polarity"
25,0.063453386797471,"Down",0.863984828705701,0.98093305137581,"GO:0031062","positive regulation of histone methylation"
61,0.0704613185136172,"Down",0.864308086126598,0.98099895998229,"GO:0009451","RNA modification"
20,0.119560732047132,"Up",0.865977244227873,0.982307299774068,"GO:0006040","amino sugar metabolic process"
15,-0.0212719442108598,"Up",0.866307793020837,0.982307299774068,"GO:0010664","negative regulation of striated muscle cell apoptotic process"
20,-0.0216175629162269,"Down",0.866457841238806,0.982307299774068,"GO:0070050","neuron cellular homeostasis"
32,-0.00209075649343729,"Up",0.866610544270619,0.982307299774068,"GO:0051489","regulation of filopodium assembly"
31,0.00630195092611098,"Up",0.86690733424932,0.982307299774068,"GO:0002090","regulation of receptor internalization"
38,-0.00490410164307575,"Up",0.867054158897629,0.982307299774068,"GO:0048146","positive regulation of fibroblast proliferation"
19,-0.0344226314601475,"Up",0.867497027946584,0.982508115852546,"GO:0071425","hematopoietic stem cell proliferation"
22,0.065333527271695,"Up",0.868580823576761,0.983147519510965,"GO:0003229","ventricular cardiac muscle tissue development"
24,0.0639882981932964,"Up",0.8688972385189,0.983147519510965,"GO:0045124","regulation of bone resorption"
17,0.0155554497396103,"Up",0.869773040637262,0.983147519510965,"GO:0006516","glycoprotein catabolic process"
15,0.0352378100028927,"Up",0.869786448616292,0.983147519510965,"GO:0007218","neuropeptide signaling pathway"
36,-0.00447788868462003,"Up",0.870205455002615,0.983147519510965,"GO:0043966","histone H3 acetylation"
42,0.0260166587169066,"Down",0.870704339487019,0.983147519510965,"GO:0002027","regulation of heart rate"
59,0.0181694560952564,"Down",0.871272422896765,0.983147519510965,"GO:0050954","sensory perception of mechanical stimulus"
69,-0.00707203667651557,"Down",0.871409773061772,0.983147519510965,"GO:0043200","response to amino acid"
25,-0.0118178792587857,"Down",0.871433548270222,0.983147519510965,"GO:0010559","regulation of glycoprotein biosynthetic process"
72,0.0137108899180842,"Down",0.871461435107953,0.983147519510965,"GO:0010595","positive regulation of endothelial cell migration"
15,0.00914719365494251,"Up",0.871586907433032,0.983147519510965,"GO:0044060","regulation of endocrine process"
31,0.00852268621795504,"Up",0.871970069185886,0.983147519510965,"GO:0090317","negative regulation of intracellular protein transport"
77,0.00537424499868946,"Down",0.872001740015856,0.983147519510965,"GO:0007041","lysosomal transport"
483,0.0117478516623771,"Down",0.872038318038125,0.983147519510965,"GO:0030155","regulation of cell adhesion"
22,0.173318791337018,"Down",0.872048394570283,0.983147519510965,"GO:0006378","mRNA polyadenylation"
24,0.0745191429951816,"Up",0.873332349449624,0.984116321334883,"GO:0046825","regulation of protein export from nucleus"
110,0.00076989456118236,"Up",0.873617588403834,0.984116321334883,"GO:0045137","development of primary sexual characteristics"
52,0.08553710373693,"Up",0.873705866251353,0.984116321334883,"GO:0031341","regulation of cell killing"
31,-0.011344548379541,"Up",0.87596589306716,0.985920446063532,"GO:0045058","T cell selection"
133,-0.00125767918543804,"Down",0.876099250054727,0.985920446063532,"GO:0006469","negative regulation of protein kinase activity"
414,0.0108627868311479,"Up",0.876750541177894,0.985920446063532,"GO:0016567","protein ubiquitination"
19,0.0984869262830289,"Up",0.876793938769216,0.985920446063532,"GO:0010737","protein kinase A signaling"
17,-0.0243938799135505,"Down",0.877269066503175,0.985920446063532,"GO:0035886","vascular associated smooth muscle cell differentiation"
20,0.00317688598336288,"Down",0.878107225095199,0.985920446063532,"GO:0005978","glycogen biosynthetic process"
20,0.00317688598336288,"Down",0.878107225095199,0.985920446063532,"GO:0009250","glucan biosynthetic process"
57,0.00394797835994001,"Up",0.878309669089688,0.985920446063532,"GO:0071229","cellular response to acid chemical"
40,0.0295791269259943,"Up",0.878460891914687,0.985920446063532,"GO:0050886","endocrine process"
97,0.0198507860977325,"Up",0.878887635058102,0.985920446063532,"GO:1902850","microtubule cytoskeleton organization involved in mitosis"
16,0.074061570551851,"Up",0.878982875989237,0.985920446063532,"GO:0150146","cell junction disassembly"
27,0.0329467281534021,"Down",0.879433451727444,0.985920446063532,"GO:0001523","retinoid metabolic process"
37,0.0764314368317495,"Up",0.879518703398232,0.985920446063532,"GO:0045666","positive regulation of neuron differentiation"
17,-0.000890454347361375,"Up",0.879820622799449,0.985920446063532,"GO:0035025","positive regulation of Rho protein signal transduction"
35,0.012673688531517,"Down",0.879994951374571,0.985920446063532,"GO:0070613","regulation of protein processing"
97,0.0460978613022421,"Down",0.880095458813721,0.985920446063532,"GO:0006479","protein methylation"
97,0.0460978613022421,"Down",0.880095458813721,0.985920446063532,"GO:0008213","protein alkylation"
49,0.0128538680700497,"Up",0.880355168055942,0.985920446063532,"GO:0006672","ceramide metabolic process"
46,0.0130498647622773,"Down",0.880818533227603,0.985920446063532,"GO:0043255","regulation of carbohydrate biosynthetic process"
167,-0.000834483293812236,"Up",0.880984706489613,0.985920446063532,"GO:0051348","negative regulation of transferase activity"
34,0.0236492100242165,"Down",0.881486801681691,0.985920446063532,"GO:0060393","regulation of pathway-restricted SMAD protein phosphorylation"
41,0.00575545006013146,"Up",0.881488313562087,0.985920446063532,"GO:2001021","negative regulation of response to DNA damage stimulus"
144,-0.000630071126582324,"Down",0.881721434458397,0.985920446063532,"GO:0033673","negative regulation of kinase activity"
58,0.00312296630319706,"Up",0.881983338879621,0.985920446063532,"GO:0043473","pigmentation"
62,0.0369798351272352,"Down",0.882066658991871,0.985920446063532,"GO:0061387","regulation of extent of cell growth"
17,-0.00608216652232763,"Up",0.882237544328276,0.985920446063532,"GO:0031365","N-terminal protein amino acid modification"
132,0.0467663492124978,"Up",0.882877024921018,0.98633709307848,"GO:0006310","DNA recombination"
15,0.00355112005098297,"Down",0.883637114466497,0.986482295386914,"GO:0032094","response to food"
57,-0.00390006386837101,"Up",0.883733245984259,0.986482295386914,"GO:0048145","regulation of fibroblast proliferation"
125,0.0130585570563171,"Down",0.883807063236613,0.986482295386914,"GO:0050866","negative regulation of cell activation"
30,0.0183970271934954,"Down",0.885325201567754,0.987180079056563,"GO:0046677","response to antibiotic"
17,0.0351781524895656,"Down",0.885467440860143,0.987180079056563,"GO:2000191","regulation of fatty acid transport"
71,0.114418082666056,"Up",0.885752476193524,0.987180079056563,"GO:0048024","regulation of mRNA splicing, via spliceosome"
323,0.0148241698838634,"Up",0.885989705176166,0.987180079056563,"GO:0040008","regulation of growth"
111,0.0310453198760496,"Down",0.886231057365282,0.987180079056563,"GO:0030308","negative regulation of cell growth"
62,0.0583896125703028,"Up",0.886503402054361,0.987180079056563,"GO:0000018","regulation of DNA recombination"
23,-0.0363090937671909,"Up",0.886784177036373,0.987180079056563,"GO:0010659","cardiac muscle cell apoptotic process"
97,0.0334928678221641,"Down",0.88756620929099,0.987180079056563,"GO:1903034","regulation of response to wounding"
245,0.0224349054260951,"Down",0.887765446458422,0.987180079056563,"GO:0044057","regulation of system process"
90,0.0057232007005434,"Down",0.88820517681181,0.987180079056563,"GO:0050864","regulation of B cell activation"
77,0.0505293100222145,"Up",0.888692457590669,0.987180079056563,"GO:0150115","cell-substrate junction organization"
31,0.0303371810372737,"Up",0.888757145100997,0.987180079056563,"GO:0061383","trabecula morphogenesis"
64,0.013599663007349,"Up",0.889553794395817,0.987180079056563,"GO:0006476","protein deacetylation"
23,0.130618467789322,"Down",0.889677608915251,0.987180079056563,"GO:0060261","positive regulation of transcription initiation by RNA polymerase II"
31,0.0288077809955895,"Down",0.889801892128518,0.987180079056563,"GO:0034205","amyloid-beta formation"
23,0.0166240607423585,"Up",0.890874578876708,0.987180079056563,"GO:0002673","regulation of acute inflammatory response"
22,0.0449204785338028,"Up",0.890930073876001,0.987180079056563,"GO:0032438","melanosome organization"
29,-0.00199076424329641,"Down",0.891591742594818,0.987180079056563,"GO:0070830","bicellular tight junction assembly"
36,0.00373404764286743,"Down",0.891844169489275,0.987180079056563,"GO:0014823","response to activity"
169,0.0144829091696284,"Down",0.893452728748528,0.987180079056563,"GO:0030217","T cell differentiation"
22,-0.0114276258986213,"Up",0.893601722863967,0.987180079056563,"GO:0060323","head morphogenesis"
89,0.019109067444427,"Down",0.894180289217362,0.987180079056563,"GO:0019079","viral genome replication"
89,0.136078200716706,"Up",0.894198726689093,0.987180079056563,"GO:0050684","regulation of mRNA processing"
22,-0.0319293492776354,"Up",0.894218715156723,0.987180079056563,"GO:0010662","regulation of striated muscle cell apoptotic process"
19,0.0353230670448036,"Down",0.894229480138538,0.987180079056563,"GO:0031664","regulation of lipopolysaccharide-mediated signaling pathway"
194,0.0463295762776587,"Up",0.894355105565791,0.987180079056563,"GO:0006913","nucleocytoplasmic transport"
194,0.0463295762776587,"Up",0.894355105565791,0.987180079056563,"GO:0051169","nuclear transport"
16,0.112440150939112,"Down",0.894865061609235,0.987180079056563,"GO:0007549","dosage compensation"
16,0.112440150939112,"Down",0.894865061609235,0.987180079056563,"GO:0009048","dosage compensation by inactivation of X chromosome"
18,0.011690261456477,"Down",0.895339330693884,0.987180079056563,"GO:0046621","negative regulation of organ growth"
81,0.0257206544804299,"Down",0.895345762090989,0.987180079056563,"GO:0070555","response to interleukin-1"
193,0.00716174846737476,"Up",0.895627732379211,0.987180079056563,"GO:0060326","cell chemotaxis"
77,0.0203079312584288,"Up",0.895746521506594,0.987180079056563,"GO:0007052","mitotic spindle organization"
173,-0.00260204421477499,"Up",0.895757203957573,0.987180079056563,"GO:0034599","cellular response to oxidative stress"
28,-0.0169248683817798,"Down",0.895938481865439,0.987180079056563,"GO:0061001","regulation of dendritic spine morphogenesis"
77,0.000722829891835571,"Up",0.89599261079336,0.987180079056563,"GO:0030218","erythrocyte differentiation"
200,-0.00122817713445197,"Up",0.896186048452283,0.987180079056563,"GO:0016311","dephosphorylation"
28,0.045389070765509,"Down",0.896248353369589,0.987180079056563,"GO:1902991","regulation of amyloid precursor protein catabolic process"
106,0.0140972683425607,"Up",0.89682647020826,0.987180079056563,"GO:0045580","regulation of T cell differentiation"
25,0.0722998081535373,"Up",0.89745452670167,0.987180079056563,"GO:0060042","retina morphogenesis in camera-type eye"
31,-0.0174223518146532,"Down",0.897893366377432,0.987180079056563,"GO:0071320","cellular response to cAMP"
18,0.00322115793081134,"Up",0.898140169652836,0.987180079056563,"GO:0002068","glandular epithelial cell development"
24,0.00842641926586002,"Up",0.898173841929347,0.987180079056563,"GO:1902624","positive regulation of neutrophil migration"
18,0.0578301561250291,"Up",0.898341124865566,0.987180079056563,"GO:0032692","negative regulation of interleukin-1 production"
68,0.0150274819750021,"Down",0.899325498459265,0.987180079056563,"GO:0007098","centrosome cycle"
18,-0.0219454476082812,"Down",0.899367745928288,0.987180079056563,"GO:0071676","negative regulation of mononuclear cell migration"
104,0.0266117960623035,"Down",0.899626893241695,0.987180079056563,"GO:0050731","positive regulation of peptidyl-tyrosine phosphorylation"
55,-0.000688065663689395,"Up",0.899660817512773,0.987180079056563,"GO:0046660","female sex differentiation"
83,-0.00252013924947523,"Up",0.899708320558672,0.987180079056563,"GO:0106106","cold-induced thermogenesis"
83,-0.00252013924947523,"Up",0.899708320558672,0.987180079056563,"GO:0120161","regulation of cold-induced thermogenesis"
28,0.0507767696495004,"Up",0.900048131150401,0.987180079056563,"GO:0060966","regulation of gene silencing by RNA"
33,0.00945609640956002,"Up",0.900635442304212,0.987180079056563,"GO:0033047","regulation of mitotic sister chromatid segregation"
29,0.00427818794771099,"Down",0.900752985639839,0.987180079056563,"GO:0002820","negative regulation of adaptive immune response"
43,0.00860516465756452,"Up",0.901129374586953,0.987180079056563,"GO:0006112","energy reserve metabolic process"
21,-0.0342708956209215,"Up",0.901389660259149,0.987180079056563,"GO:0045070","positive regulation of viral genome replication"
49,0.0837131810398628,"Up",0.901842424179255,0.987180079056563,"GO:0070252","actin-mediated cell contraction"
92,0.0192338529123191,"Down",0.902044325542079,0.987180079056563,"GO:0000075","cell cycle checkpoint signaling"
176,0.00855113531089921,"Down",0.902063720836225,0.987180079056563,"GO:0032943","mononuclear cell proliferation"
19,-0.00567870127269133,"Down",0.902114264216878,0.987180079056563,"GO:0030261","chromosome condensation"
37,0.018129242232363,"Down",0.902136703903318,0.987180079056563,"GO:1900076","regulation of cellular response to insulin stimulus"
19,0.163375075865176,"Down",0.902199357394392,0.987180079056563,"GO:0007064","mitotic sister chromatid cohesion"
22,0.153127878143199,"Up",0.902426839624997,0.987180079056563,"GO:0051085","chaperone cofactor-dependent protein refolding"
50,0.0205614359456799,"Up",0.902562371668721,0.987180079056563,"GO:0072332","intrinsic apoptotic signaling pathway by p53 class mediator"
69,0.033976367130031,"Down",0.902682390728153,0.987180079056563,"GO:0030203","glycosaminoglycan metabolic process"
187,0.00126781859220421,"Down",0.902941472059397,0.987180079056563,"GO:0006869","lipid transport"
15,0.0603311844219132,"Up",0.90309582062063,0.987180079056563,"GO:0050433","regulation of catecholamine secretion"
67,0.00851976729182621,"Up",0.903743569379745,0.987180079056563,"GO:0032231","regulation of actin filament bundle assembly"
116,0.0136247018532322,"Up",0.903921430539003,0.987180079056563,"GO:1902107","positive regulation of leukocyte differentiation"
116,0.0136247018532322,"Up",0.903921430539003,0.987180079056563,"GO:1903708","positive regulation of hemopoiesis"
15,0.176567351858091,"Down",0.904220277696735,0.987180079056563,"GO:1903901","negative regulation of viral life cycle"
45,0.0685853089226761,"Down",0.904408648589463,0.987180079056563,"GO:1903509","liposaccharide metabolic process"
37,0.16756178199729,"Up",0.90452436008411,0.987180079056563,"GO:0045071","negative regulation of viral genome replication"
52,0.0229704081113008,"Up",0.9045737607118,0.987180079056563,"GO:0035023","regulation of Rho protein signal transduction"
32,0.0193617705862664,"Up",0.90480129227188,0.987180079056563,"GO:0060135","maternal process involved in female pregnancy"
30,0.0957914834944305,"Down",0.904912443232323,0.987180079056563,"GO:0006305","DNA alkylation"
30,0.0957914834944305,"Down",0.904912443232323,0.987180079056563,"GO:0006306","DNA methylation"
66,0.0516483978649313,"Up",0.905230441894447,0.987180079056563,"GO:2000278","regulation of DNA biosynthetic process"
29,-0.00253073833770984,"Down",0.905248669413318,0.987180079056563,"GO:1903018","regulation of glycoprotein metabolic process"
28,0.0372757483133881,"Down",0.905990264880523,0.987298295702989,"GO:0016101","diterpenoid metabolic process"
45,0.0816894261285791,"Down",0.906711600360257,0.987298295702989,"GO:0003014","renal system process"
33,0.0458579265722767,"Down",0.906732732341477,0.987298295702989,"GO:0043954","cellular component maintenance"
20,-0.0259843876352317,"Down",0.906763599259142,0.987298295702989,"GO:0034122","negative regulation of toll-like receptor signaling pathway"
33,0.0443966032181934,"Up",0.906986238129208,0.987298295702989,"GO:0034332","adherens junction organization"
37,0.0532019508599467,"Down",0.907065012109247,0.987298295702989,"GO:0086001","cardiac muscle cell action potential"
18,0.0313566276639949,"Down",0.908786950405557,0.987298295702989,"GO:0086091","regulation of heart rate by cardiac conduction"
15,0.249010774625853,"Down",0.909525878680483,0.987298295702989,"GO:0097205","renal filtration"
36,0.0293290564963682,"Up",0.909686997803241,0.987298295702989,"GO:0031103","axon regeneration"
16,-0.0243005413904579,"Down",0.91041550013452,0.987298295702989,"GO:0001556","oocyte maturation"
37,0.0309127035845198,"Down",0.910880273430808,0.987298295702989,"GO:0001706","endoderm formation"
35,0.00396577146603592,"Down",0.910894913123157,0.987298295702989,"GO:0061028","establishment of endothelial barrier"
29,0.00592294841876919,"Up",0.911989783397772,0.987298295702989,"GO:0001774","microglial cell activation"
18,0.102025439423811,"Down",0.912132369220968,0.987298295702989,"GO:0016233","telomere capping"
58,0.00625462056340344,"Up",0.913133960602262,0.987298295702989,"GO:0051492","regulation of stress fiber assembly"
17,0.0440701245757292,"Up",0.913352733820886,0.987298295702989,"GO:0002675","positive regulation of acute inflammatory response"
19,0.0780458001593677,"Up",0.91383778916321,0.987298295702989,"GO:0055010","ventricular cardiac muscle tissue morphogenesis"
353,0.0146813934044489,"Up",0.914057920879114,0.987298295702989,"GO:0030001","metal ion transport"
46,0.0547263227979961,"Up",0.914611866896315,0.987298295702989,"GO:2000573","positive regulation of DNA biosynthetic process"
28,0.0619596848037793,"Down",0.914770932682468,0.987298295702989,"GO:0032330","regulation of chondrocyte differentiation"
22,0.020267568447042,"Down",0.914858890202598,0.987298295702989,"GO:0071168","protein localization to chromatin"
171,0.0273631076578353,"Up",0.915031857634102,0.987298295702989,"GO:0045765","regulation of angiogenesis"
76,-0.0022695558883339,"Down",0.915040030764448,0.987298295702989,"GO:0001101","response to acid chemical"
27,-0.00446070438533204,"Up",0.91519430386458,0.987298295702989,"GO:0030851","granulocyte differentiation"
91,0.00602271391758147,"Up",0.915463654484935,0.987298295702989,"GO:0017015","regulation of transforming growth factor beta receptor signaling pathway"
36,-0.00705828998442129,"Down",0.915627877191151,0.987298295702989,"GO:0043550","regulation of lipid kinase activity"
60,0.0141130557881418,"Up",0.915943404346966,0.987298295702989,"GO:0042157","lipoprotein metabolic process"
26,0.0406873856023307,"Down",0.916132918267581,0.987298295702989,"GO:1903670","regulation of sprouting angiogenesis"
30,0.0339902983930434,"Down",0.916247523833959,0.987298295702989,"GO:0003208","cardiac ventricle morphogenesis"
237,0.00582432450274531,"Up",0.91758490424236,0.987298295702989,"GO:0030098","lymphocyte differentiation"
32,0.103073503538416,"Down",0.91785490095634,0.987298295702989,"GO:0050994","regulation of lipid catabolic process"
23,0.0708470114544037,"Up",0.917906524200984,0.987298295702989,"GO:0003176","aortic valve development"
16,0.0564920543954678,"Down",0.918279656743077,0.987298295702989,"GO:0044346","fibroblast apoptotic process"
37,-0.0150440920471336,"Down",0.918334159845369,0.987298295702989,"GO:0032757","positive regulation of interleukin-8 production"
96,0.0233801047956824,"Down",0.918667484331637,0.987298295702989,"GO:0018394","peptidyl-lysine acetylation"
46,0.0748171572849428,"Down",0.918933065877072,0.987298295702989,"GO:0002292","T cell differentiation involved in immune response"
37,0.0969133920136998,"Down",0.919114604556978,0.987298295702989,"GO:0003073","regulation of systemic arterial blood pressure"
22,-0.0116461731350112,"Up",0.919153164926419,0.987298295702989,"GO:0010677","negative regulation of cellular carbohydrate metabolic process"
56,0.0911965922805393,"Up",0.919415449371522,0.987298295702989,"GO:0032963","collagen metabolic process"
15,0.00844085976040394,"Down",0.919672689302299,0.987298295702989,"GO:0071542","dopaminergic neuron differentiation"
97,0.00467453740671406,"Down",0.919874215215259,0.987298295702989,"GO:0051302","regulation of cell division"
18,0.152145872444989,"Down",0.920473022442505,0.987298295702989,"GO:0048025","negative regulation of mRNA splicing, via spliceosome"
25,0.0369349175201979,"Up",0.920473504446404,0.987298295702989,"GO:0055008","cardiac muscle tissue morphogenesis"
170,0.0097401438190687,"Down",0.920519148117708,0.987298295702989,"GO:0046651","lymphocyte proliferation"
18,0.00465142586963006,"Down",0.920536870630549,0.987298295702989,"GO:0001773","myeloid dendritic cell activation"
120,0.00947609465960822,"Down",0.920753817542312,0.987298295702989,"GO:0002221","pattern recognition receptor signaling pathway"
36,0.168974496631529,"Up",0.921407012599864,0.987298295702989,"GO:2000142","regulation of DNA-templated transcription initiation"
196,-0.00148084587012379,"Up",0.921436591433432,0.987298295702989,"GO:0071496","cellular response to external stimulus"
20,0.0528558743364843,"Down",0.921450966661229,0.987298295702989,"GO:0060142","regulation of syncytium formation by plasma membrane fusion"
38,0.0543619538168348,"Down",0.921683346665467,0.987298295702989,"GO:0043489","RNA stabilization"
28,0.0188381860718734,"Down",0.921743493849661,0.987298295702989,"GO:1990089","response to nerve growth factor"
28,0.0188381860718734,"Down",0.921743493849661,0.987298295702989,"GO:1990090","cellular response to nerve growth factor stimulus"
187,0.0314249596415102,"Down",0.922358776019702,0.987298295702989,"GO:0002237","response to molecule of bacterial origin"
19,0.0593314769149003,"Up",0.922367117987581,0.987298295702989,"GO:0010390","histone monoubiquitination"
94,0.0639258385054647,"Up",0.922390369180969,0.987298295702989,"GO:0071824","protein-DNA complex subunit organization"
102,0.0442681489123079,"Up",0.922429376598248,0.987298295702989,"GO:0044706","multi-multicellular organism process"
40,0.0118894765970827,"Up",0.922430336356711,0.987298295702989,"GO:0006720","isoprenoid metabolic process"
46,0.0168432801571009,"Down",0.922548206291996,0.987298295702989,"GO:0046637","regulation of alpha-beta T cell differentiation"
16,0.0157113568132254,"Down",0.92279249161468,0.987298295702989,"GO:0048741","skeletal muscle fiber development"
21,0.0290021797130145,"Down",0.92283880602051,0.987298295702989,"GO:0071354","cellular response to interleukin-6"
39,0.141421396993878,"Up",0.923201101755968,0.987298295702989,"GO:0008033","tRNA processing"
31,0.0212074045381306,"Up",0.923210360411128,0.987298295702989,"GO:2000404","regulation of T cell migration"
43,-0.00358050510074625,"Up",0.923339095600052,0.987298295702989,"GO:1904377","positive regulation of protein localization to cell periphery"
28,0.118088721848305,"Down",0.923663797685086,0.987298295702989,"GO:0051972","regulation of telomerase activity"
18,-0.0508619312858338,"Up",0.92406793771921,0.987298295702989,"GO:1901385","regulation of voltage-gated calcium channel activity"
15,0.0294976572600091,"Up",0.924263668911901,0.987298295702989,"GO:0045738","negative regulation of DNA repair"
67,0.0411661210536962,"Up",0.924882916326609,0.987298295702989,"GO:0035710","CD4-positive, alpha-beta T cell activation"
74,0.0564284032871068,"Down",0.924923379589859,0.987298295702989,"GO:0000725","recombinational repair"
15,0.142819078110759,"Up",0.925163702245043,0.987298295702989,"GO:0006359","regulation of transcription by RNA polymerase III"
67,-0.00192813844029726,"Down",0.92534635843285,0.987298295702989,"GO:0015748","organophosphate ester transport"
58,0.0298944105365107,"Up",0.926115036253542,0.987298295702989,"GO:0048678","response to axon injury"
104,-0.000743730683049327,"Down",0.926202727052464,0.987298295702989,"GO:0070085","glycosylation"
117,0.0245168544247671,"Down",0.926240161507868,0.987298295702989,"GO:1902115","regulation of organelle assembly"
17,0.0126071239247376,"Down",0.926732660862639,0.987298295702989,"GO:0002313","mature B cell differentiation involved in immune response"
56,-0.000342098322108887,"Down",0.926811620544609,0.987298295702989,"GO:1902749","regulation of cell cycle G2/M phase transition"
43,-0.00372391359256766,"Down",0.926904373431825,0.987298295702989,"GO:1901379","regulation of potassium ion transmembrane transport"
44,-0.00429221696075554,"Down",0.927357932253931,0.987298295702989,"GO:0006497","protein lipidation"
44,-0.00429221696075554,"Down",0.927357932253931,0.987298295702989,"GO:0042158","lipoprotein biosynthetic process"
15,0.0165872096442243,"Down",0.927613200751214,0.987298295702989,"GO:0042558","pteridine-containing compound metabolic process"
20,-0.0243286605446304,"Up",0.92785794618542,0.987298295702989,"GO:2000758","positive regulation of peptidyl-lysine acetylation"
32,0.0650872816195456,"Down",0.927892631284544,0.987298295702989,"GO:0006303","double-strand break repair via nonhomologous end joining"
25,0.0463688008254476,"Up",0.927922996893771,0.987298295702989,"GO:0008608","attachment of spindle microtubules to kinetochore"
29,0.125687617804721,"Up",0.92810333063744,0.987298295702989,"GO:2000144","positive regulation of DNA-templated transcription initiation"
23,0.0406856662218443,"Up",0.928163110195961,0.987298295702989,"GO:0048753","pigment granule organization"
69,0.0812111277201369,"Up",0.928423885338682,0.987298295702989,"GO:0030048","actin filament-based movement"
35,0.0402144671108424,"Up",0.928527407842062,0.987298295702989,"GO:0045911","positive regulation of DNA recombination"
113,0.0911108835922781,"Up",0.928578202419762,0.987298295702989,"GO:0015931","nucleobase-containing compound transport"
19,0.0152880772484832,"Down",0.929362644365933,0.987465653317594,"GO:0010574","regulation of vascular endothelial growth factor production"
291,0.0525843245582102,"Up",0.929537487753291,0.987465653317594,"GO:0051276","chromosome organization"
259,0.0138798063702824,"Up",0.930912270468126,0.987465653317594,"GO:0034762","regulation of transmembrane transport"
75,-0.00152726544423668,"Up",0.930960420069928,0.987465653317594,"GO:0043401","steroid hormone mediated signaling pathway"
143,0.0147711384994446,"Up",0.931025642778828,0.987465653317594,"GO:0050920","regulation of chemotaxis"
77,0.00025407121986407,"Down",0.931910764456674,0.987465653317594,"GO:0032874","positive regulation of stress-activated MAPK cascade"
20,-0.00271769044610903,"Up",0.932044911851878,0.987465653317594,"GO:0010614","negative regulation of cardiac muscle hypertrophy"
97,0.0200671475826522,"Up",0.932129513284976,0.987465653317594,"GO:0006643","membrane lipid metabolic process"
17,-0.0106338806071772,"Down",0.932135993359303,0.987465653317594,"GO:0036119","response to platelet-derived growth factor"
26,0.163355756365103,"Up",0.932619123965837,0.987465653317594,"GO:0006334","nucleosome assembly"
23,0.00536016712059019,"Down",0.933097884097377,0.987465653317594,"GO:1903203","regulation of oxidative stress-induced neuron death"
22,0.010615419880565,"Up",0.933486699677225,0.987465653317594,"GO:0002335","mature B cell differentiation"
27,0.0295753872800108,"Down",0.933615191951628,0.987465653317594,"GO:0006623","protein targeting to vacuole"
32,0.0449789217525923,"Up",0.93371232678284,0.987465653317594,"GO:0002534","cytokine production involved in inflammatory response"
32,0.0449789217525923,"Up",0.93371232678284,0.987465653317594,"GO:1900015","regulation of cytokine production involved in inflammatory response"
24,-0.0166592549501357,"Down",0.93408111921787,0.987465653317594,"GO:0043029","T cell homeostasis"
20,0.0457885302421621,"Up",0.934348189589775,0.987465653317594,"GO:0006953","acute-phase response"
42,0.0798056827547007,"Down",0.934538201340188,0.987465653317594,"GO:0002287","alpha-beta T cell activation involved in immune response"
42,0.0798056827547007,"Down",0.934538201340188,0.987465653317594,"GO:0002293","alpha-beta T cell differentiation involved in immune response"
42,0.0798056827547007,"Down",0.934538201340188,0.987465653317594,"GO:0002294","CD4-positive, alpha-beta T cell differentiation involved in immune response"
25,0.0817176574320378,"Down",0.935009312312331,0.987465653317594,"GO:1905314","semi-lunar valve development"
118,0.011102976321582,"Down",0.935009501662,0.987465653317594,"GO:0032886","regulation of microtubule-based process"
20,0.117136257645399,"Down",0.935401915936159,0.987465653317594,"GO:0050686","negative regulation of mRNA processing"
99,0.0505284398736673,"Up",0.935608372117459,0.987465653317594,"GO:0044703","multi-organism reproductive process"
73,-0.0050517573970965,"Down",0.935904798778886,0.987465653317594,"GO:0051897","positive regulation of protein kinase B signaling"
246,0.000919890048037898,"Up",0.936176868310241,0.987465653317594,"GO:0031331","positive regulation of cellular catabolic process"
29,0.169785881752926,"Down",0.937320410096083,0.987465653317594,"GO:0060260","regulation of transcription initiation by RNA polymerase II"
149,0.0184998743539987,"Down",0.937560398533007,0.987465653317594,"GO:0034612","response to tumor necrosis factor"
48,0.0126229677205883,"Down",0.937728376661399,0.987465653317594,"GO:0014068","positive regulation of phosphatidylinositol 3-kinase signaling"
23,0.0623030061268358,"Down",0.938092067240347,0.987465653317594,"GO:0009311","oligosaccharide metabolic process"
44,-0.0110704375189963,"Up",0.938227872484667,0.987465653317594,"GO:1901019","regulation of calcium ion transmembrane transporter activity"
84,0.0284247884089674,"Down",0.938233810469131,0.987465653317594,"GO:0001505","regulation of neurotransmitter levels"
19,0.0177369173344706,"Down",0.9384640963684,0.987465653317594,"GO:0015695","organic cation transport"
36,0.0274734851869646,"Down",0.938975155481245,0.987465653317594,"GO:0060389","pathway-restricted SMAD protein phosphorylation"
92,0.132632868778162,"Up",0.939066013581824,0.987465653317594,"GO:0050657","nucleic acid transport"
92,0.132632868778162,"Up",0.939066013581824,0.987465653317594,"GO:0050658","RNA transport"
22,0.0690439347070557,"Up",0.939534779123974,0.987465653317594,"GO:0050829","defense response to Gram-negative bacterium"
39,0.0622034541036049,"Down",0.93964453308297,0.987465653317594,"GO:0007062","sister chromatid cohesion"
31,0.000628677759237273,"Up",0.939799478111114,0.987465653317594,"GO:0019935","cyclic-nucleotide-mediated signaling"
70,0.015613131702459,"Up",0.940458968224647,0.987465653317594,"GO:0030038","contractile actin filament bundle assembly"
70,0.015613131702459,"Up",0.940458968224647,0.987465653317594,"GO:0043149","stress fiber assembly"
15,0.126224886458492,"Down",0.940916417788376,0.987465653317594,"GO:0009648","photoperiodism"
19,0.0421211655789122,"Down",0.940969802885246,0.987465653317594,"GO:0051497","negative regulation of stress fiber assembly"
226,0.0106535014501568,"Down",0.940997134206127,0.987465653317594,"GO:0000280","nuclear division"
19,0.0501246937132884,"Down",0.941364217772336,0.987465653317594,"GO:0070498","interleukin-1-mediated signaling pathway"
98,0.00207933120287055,"Down",0.941384372025617,0.987465653317594,"GO:0050921","positive regulation of chemotaxis"
50,0.0975523658880046,"Down",0.941402607457976,0.987465653317594,"GO:0000380","alternative mRNA splicing, via spliceosome"
85,0.0344634324577782,"Down",0.941549434779982,0.987465653317594,"GO:0016573","histone acetylation"
15,-0.0173576196302321,"Down",0.942341731609676,0.987639493888071,"GO:0051569","regulation of histone H3-K4 methylation"
87,0.0342126445855767,"Down",0.94248587842836,0.987639493888071,"GO:0018393","internal peptidyl-lysine acetylation"
15,0.0189431059866987,"Down",0.942804854332343,0.987639493888071,"GO:0032967","positive regulation of collagen biosynthetic process"
75,0.0716973752182352,"Down",0.942904983023797,0.987639493888071,"GO:0065004","protein-DNA complex assembly"
48,0.00605764676387058,"Down",0.943496750647972,0.987639493888071,"GO:0034644","cellular response to UV"
17,-0.0470240583764609,"Down",0.943857879047557,0.987639493888071,"GO:0060416","response to growth hormone"
108,0.00186501291953559,"Up",0.943942418878991,0.987639493888071,"GO:0008406","gonad development"
31,0.218486736489509,"Up",0.9439915224315,0.987639493888071,"GO:0085029","extracellular matrix assembly"
238,0.0322556015393721,"Down",0.944329243112289,0.987639493888071,"GO:0016570","histone modification"
28,-0.0124886968214117,"Up",0.944504895657388,0.987639493888071,"GO:0032768","regulation of monooxygenase activity"
18,0.0362375488066374,"Up",0.944846671314682,0.987639493888071,"GO:0003180","aortic valve morphogenesis"
18,0.0454710735447133,"Up",0.944919212995372,0.987639493888071,"GO:0010575","positive regulation of vascular endothelial growth factor production"
32,-0.0159657180618084,"Up",0.945481103679185,0.987668625390937,"GO:0032873","negative regulation of stress-activated MAPK cascade"
32,-0.0159657180618084,"Up",0.945481103679185,0.987668625390937,"GO:0070303","negative regulation of stress-activated protein kinase signaling cascade"
18,-0.0356055635000215,"Up",0.94629562038861,0.988130858332383,"GO:0031579","membrane raft organization"
91,-0.00482447743050545,"Down",0.946886181466564,0.988130858332383,"GO:0030183","B cell differentiation"
18,-0.00637117558369126,"Up",0.947247115847597,0.988130858332383,"GO:0035520","monoubiquitinated protein deubiquitination"
30,0.0669546509327679,"Down",0.947475276932519,0.988130858332383,"GO:0031648","protein destabilization"
139,0.0501143354607912,"Up",0.947711808507938,0.988130858332383,"GO:0006302","double-strand break repair"
33,0.111586206861801,"Up",0.947882392738471,0.988130858332383,"GO:0031343","positive regulation of cell killing"
124,0.00987382247005858,"Down",0.948070415318401,0.988130858332383,"GO:0008202","steroid metabolic process"
24,-0.0038239462581096,"Up",0.948163250409994,0.988130858332383,"GO:1903426","regulation of reactive oxygen species biosynthetic process"
47,0.23017048732219,"Up",0.948353951166403,0.988130858332383,"GO:0006405","RNA export from nucleus"
25,0.109996862701891,"Down",0.948914474501445,0.988130858332383,"GO:0045622","regulation of T-helper cell differentiation"
39,0.0388259250352067,"Up",0.949020458051729,0.988130858332383,"GO:0050922","negative regulation of chemotaxis"
43,0.0583996270958432,"Down",0.949439384163567,0.988130858332383,"GO:0044728","DNA methylation or demethylation"
43,0.00584243915423118,"Up",0.950034905512915,0.988130858332383,"GO:0044774","mitotic DNA integrity checkpoint signaling"
15,-0.00480309869242339,"Up",0.950156122294308,0.988130858332383,"GO:0033688","regulation of osteoblast proliferation"
203,0.00115652078720816,"Up",0.95068801611678,0.988130858332383,"GO:0023061","signal release"
71,0.0574769254711205,"Up",0.95085330548554,0.988130858332383,"GO:0007044","cell-substrate junction assembly"
59,-0.0127171483304838,"Down",0.951400373850428,0.988130858332383,"GO:0036473","cell death in response to oxidative stress"
19,0.00415788722771451,"Up",0.951791102168487,0.988130858332383,"GO:0090169","regulation of spindle assembly"
23,0.113015155438046,"Down",0.952039356521252,0.988130858332383,"GO:1903055","positive regulation of extracellular matrix organization"
52,0.136091137396658,"Up",0.952292188371858,0.988130858332383,"GO:0006399","tRNA metabolic process"
77,-0.00545420149778877,"Down",0.952501156149395,0.988130858332383,"GO:0000086","G2/M transition of mitotic cell cycle"
15,0.114803630082663,"Down",0.95259573099515,0.988130858332383,"GO:0086005","ventricular cardiac muscle cell action potential"
72,0.033635706686975,"Up",0.953046117010488,0.988130858332383,"GO:0006022","aminoglycan metabolic process"
79,-0.00214664687471448,"Down",0.953222171860031,0.988130858332383,"GO:0070304","positive regulation of stress-activated protein kinase signaling cascade"
446,0.0242001509835944,"Down",0.953231340604346,0.988130858332383,"GO:0006974","cellular response to DNA damage stimulus"
54,-0.0102551438311398,"Down",0.953530795586672,0.988130858332383,"GO:0032755","positive regulation of interleukin-6 production"
90,-0.00285639597461088,"Down",0.95360743117551,0.988130858332383,"GO:0071456","cellular response to hypoxia"
100,0.0341048515361913,"Up",0.953725282029542,0.988130858332383,"GO:0051017","actin filament bundle assembly"
18,0.0755461792288935,"Down",0.954040811003995,0.988130858332383,"GO:1903205","regulation of hydrogen peroxide-induced cell death"
125,0.00251165341229163,"Down",0.95404361091124,0.988130858332383,"GO:0007548","sex differentiation"
120,0.0268686966170216,"Up",0.954365398282998,0.988130858332383,"GO:2000113","negative regulation of cellular macromolecule biosynthetic process"
279,0.00725497077002424,"Up",0.954471899654395,0.988130858332383,"GO:0022407","regulation of cell-cell adhesion"
65,0.00278697595683414,"Up",0.955138149959085,0.988267417258365,"GO:0032612","interleukin-1 production"
65,0.00278697595683414,"Up",0.955138149959085,0.988267417258365,"GO:0032652","regulation of interleukin-1 production"
33,0.0312131092603925,"Down",0.955791753795681,0.988553479335537,"GO:0061900","glial cell activation"
245,0.00153315180423797,"Down",0.956082242412917,0.988553479335537,"GO:0030099","myeloid cell differentiation"
28,0.0139215391633811,"Down",0.956216369035564,0.988553479335537,"GO:0018023","peptidyl-lysine trimethylation"
52,0.0134048421880695,"Up",0.956732578788926,0.988602011563169,"GO:0030148","sphingolipid biosynthetic process"
18,0.00745197954563712,"Down",0.956824791761412,0.988602011563169,"GO:0097009","energy homeostasis"
29,-0.000151863024667223,"Down",0.957506903613364,0.988602011563169,"GO:0033692","cellular polysaccharide biosynthetic process"
100,0.00968051590017339,"Up",0.957580449800766,0.988602011563169,"GO:0007034","vacuolar transport"
21,0.0497002588293552,"Down",0.957599623528206,0.988602011563169,"GO:0042026","protein refolding"
16,-0.0174499619244353,"Down",0.958191495624634,0.988937037476429,"GO:1902930","regulation of alcohol biosynthetic process"
16,0.0233592241043933,"Up",0.958676832268186,0.989161953294287,"GO:0019430","removal of superoxide radicals"
21,0.0111168639797633,"Up",0.959149243427588,0.989281875430084,"GO:1900077","negative regulation of cellular response to insulin stimulus"
19,-0.038285849677815,"Up",0.959327950031823,0.989281875430084,"GO:0071480","cellular response to gamma radiation"
18,0.0911580405104041,"Down",0.959703987777396,0.989393826864155,"GO:0035767","endothelial cell chemotaxis"
18,0.000553054059184357,"Down",0.959994601482195,0.989417673692572,"GO:0051954","positive regulation of amine transport"
15,0.0241677247819352,"Down",0.960448381142892,0.98944848927787,"GO:0032691","negative regulation of interleukin-1 beta production"
51,0.0537169102287415,"Up",0.960559482291654,0.98944848927787,"GO:0070936","protein K48-linked ubiquitination"
21,0.00366267154624151,"Up",0.961332452145764,0.989969025748101,"GO:0014741","negative regulation of muscle hypertrophy"
18,-0.0194372056683828,"Up",0.961637180527671,0.990007217025287,"GO:0060907","positive regulation of macrophage cytokine production"
55,-0.0140201026488094,"Down",0.962649771666932,0.990527946192755,"GO:0032092","positive regulation of protein binding"
211,0.0207252107124959,"Up",0.9631736694277,0.990527946192755,"GO:0018212","peptidyl-tyrosine modification"
25,0.0926256405852226,"Down",0.963174900178557,0.990527946192755,"GO:0034661","ncRNA catabolic process"
25,0.061593325905249,"Down",0.963214117992792,0.990527946192755,"GO:0032735","positive regulation of interleukin-12 production"
145,0.00975856739310312,"Up",0.963529898046022,0.990577290959488,"GO:0051962","positive regulation of nervous system development"
66,-0.00366209226209777,"Up",0.963977447369164,0.990762038849274,"GO:0048144","fibroblast proliferation"
196,0.0123495697710406,"Down",0.964600804352181,0.991127326471866,"GO:0070661","leukocyte proliferation"
33,0.00371123363237718,"Up",0.965673460294688,0.991953937692322,"GO:0000271","polysaccharide biosynthetic process"
27,0.0630304169255668,"Up",0.96664975808493,0.992412244702563,"GO:0086065","cell communication involved in cardiac conduction"
24,0.0949613262593536,"Down",0.966656209154727,0.992412244702563,"GO:0046605","regulation of centrosome cycle"
16,0.139728531335605,"Up",0.967399470721611,0.992789083915142,"GO:0021517","ventral spinal cord development"
474,0.00343653284368063,"Down",0.967704172507702,0.992789083915142,"GO:0033993","response to lipid"
26,0.0255573923247875,"Up",0.967828450012977,0.992789083915142,"GO:0098900","regulation of action potential"
19,-0.027659960856741,"Down",0.968967237334158,0.993681677543402,"GO:0031954","positive regulation of protein autophosphorylation"
17,0.117022053412129,"Down",0.969471438400506,0.993923184768146,"GO:0045066","regulatory T cell differentiation"
54,0.0117697500665644,"Up",0.969937164283768,0.99412512349284,"GO:0016575","histone deacetylation"
37,-0.00815959308366111,"Up",0.970463030862782,0.994254225184804,"GO:0035306","positive regulation of dephosphorylation"
484,0.00739131216285916,"Up",0.970893990167747,0.994254225184804,"GO:0008284","positive regulation of cell population proliferation"
15,0.0235404187292229,"Down",0.970895086012901,0.994254225184804,"GO:0001504","neurotransmitter uptake"
29,0.00645244587349418,"Down",0.971138284831765,0.994254225184804,"GO:1902459","positive regulation of stem cell population maintenance"
42,0.0043558147419859,"Down",0.971953132504249,0.994813125936142,"GO:0044773","mitotic DNA damage checkpoint signaling"
131,0.0443947212161591,"Up",0.972477141508516,0.994830876611435,"GO:0006260","DNA replication"
22,0.0320614745298541,"Up",0.972545823924287,0.994830876611435,"GO:0070741","response to interleukin-6"
110,0.00458712762757071,"Down",0.97311608608539,0.994830876611435,"GO:0071695","anatomical structure maturation"
231,0.0289392377447296,"Up",0.973262444573667,0.994830876611435,"GO:0008015","blood circulation"
17,0.0314817233486465,"Down",0.973315204773394,0.994830876611435,"GO:0060143","positive regulation of syncytium formation by plasma membrane fusion"
30,0.0628719266192325,"Down",0.97377106807313,0.99501346268635,"GO:0061098","positive regulation of protein tyrosine kinase activity"
40,-0.00941330829933355,"Up",0.974412913378407,0.99501346268635,"GO:0042130","negative regulation of T cell proliferation"
174,0.0261423944142675,"Up",0.974883446242975,0.99501346268635,"GO:1901342","regulation of vasculature development"
102,0.0373163161510949,"Up",0.974907302572613,0.99501346268635,"GO:0061572","actin filament bundle organization"
67,0.0195555111902138,"Up",0.975270254725301,0.99501346268635,"GO:0051225","spindle assembly"
34,0.0304339995110712,"Down",0.97542566144183,0.99501346268635,"GO:0035196","miRNA processing"
52,0.0454578713669056,"Down",0.975606523118783,0.99501346268635,"GO:0001824","blastocyst development"
35,0.0108452529282798,"Down",0.975645804045253,0.99501346268635,"GO:0043506","regulation of JUN kinase activity"
24,0.036405800370937,"Up",0.976680998350666,0.995794656256647,"GO:2000406","positive regulation of T cell migration"
135,0.0199830598219763,"Down",0.977679528875554,0.99653804830826,"GO:0071356","cellular response to tumor necrosis factor"
29,-0.0184519867120607,"Down",0.978335487230057,0.996931946904678,"GO:0010171","body morphogenesis"
23,0.0457233664306184,"Down",0.979236258404544,0.997575026119088,"GO:0001974","blood vessel remodeling"
88,0.0313741079902627,"Up",0.980186631089583,0.99820732832875,"GO:0006475","internal protein amino acid acetylation"
209,0.0209728535453193,"Up",0.980396654181765,0.99820732832875,"GO:0018108","peptidyl-tyrosine phosphorylation"
51,-0.0035796598002205,"Down",0.981233192724072,0.998716504159328,"GO:0071230","cellular response to amino acid stimulus"
34,0.0307892405837859,"Down",0.981535848947177,0.998716504159328,"GO:0031641","regulation of myelination"
22,0.0642082703738954,"Up",0.981706734015495,0.998716504159328,"GO:0009395","phospholipid catabolic process"
19,0.0425624512320271,"Down",0.982346766267041,0.998988700188148,"GO:0046627","negative regulation of insulin receptor signaling pathway"
115,0.0703562460975324,"Up",0.982697520906434,0.998988700188148,"GO:0043484","regulation of RNA splicing"
51,0.0127499707678291,"Up",0.982784503915834,0.998988700188148,"GO:0051851","modulation by host of symbiont process"
16,0.0764327221589417,"Down",0.983282646476875,0.999137339089009,"GO:0007097","nuclear migration"
147,0.0215392015252132,"Up",0.983884717843023,0.999137339089009,"GO:0010810","regulation of cell-substrate adhesion"
19,-0.00666647367765353,"Down",0.984556859627866,0.999137339089009,"GO:1903649","regulation of cytoplasmic transport"
250,0.0112226622506603,"Up",0.984579790490414,0.999137339089009,"GO:0048285","organelle fission"
34,0.0103676508766288,"Down",0.984596713713973,0.999137339089009,"GO:0002931","response to ischemia"
24,-0.0121825391171054,"Up",0.985487777612965,0.999137339089009,"GO:0046329","negative regulation of JNK cascade"
16,0.112433158208984,"Up",0.98598111533147,0.999137339089009,"GO:0045589","regulation of regulatory T cell differentiation"
46,0.0244398328369784,"Up",0.98632526104351,0.999137339089009,"GO:2000514","regulation of CD4-positive, alpha-beta T cell activation"
16,0.0275227342628618,"Down",0.9864776686324,0.999137339089009,"GO:0051567","histone H3-K9 methylation"
41,-0.015262098468006,"Down",0.986885349757426,0.999137339089009,"GO:0008344","adult locomotory behavior"
15,-0.0448108760535724,"Down",0.98699379725035,0.999137339089009,"GO:0032516","positive regulation of phosphoprotein phosphatase activity"
83,0.0210130154415402,"Down",0.987018456530511,0.999137339089009,"GO:0001952","regulation of cell-matrix adhesion"
67,0.0206459555466822,"Down",0.98706229824072,0.999137339089009,"GO:0046467","membrane lipid biosynthetic process"
22,0.141565071451773,"Up",0.987524649758804,0.999137339089009,"GO:0051123","RNA polymerase II preinitiation complex assembly"
47,0.0220404511408009,"Down",0.987561404541647,0.999137339089009,"GO:0035195","miRNA-mediated gene silencing"
25,-0.00470378992540831,"Up",0.98764363206288,0.999137339089009,"GO:1902116","negative regulation of organelle assembly"
24,0.00380167575313927,"Up",0.988098187538064,0.999137339089009,"GO:0036475","neuron death in response to oxidative stress"
18,0.0733959738624026,"Down",0.988248022554583,0.999137339089009,"GO:0048821","erythrocyte development"
27,-0.0119266650213346,"Down",0.988476325512217,0.999137339089009,"GO:0040001","establishment of mitotic spindle localization"
317,-0.0022578552874417,"Up",0.988539402698975,0.999137339089009,"GO:0031400","negative regulation of protein modification process"
83,-0.00242990283276488,"Down",0.988603044354089,0.999137339089009,"GO:0046661","male sex differentiation"
39,0.0240960895899758,"Up",0.989045382712457,0.999311354999557,"GO:0031102","neuron projection regeneration"
16,0.0359716036145268,"Up",0.989847223868065,0.999388097516277,"GO:0070168","negative regulation of biomineral tissue development"
16,0.0359716036145268,"Up",0.989847223868065,0.999388097516277,"GO:0110150","negative regulation of biomineralization"
20,0.0806723934085341,"Up",0.990360341028865,0.999388097516277,"GO:0034331","cell junction maintenance"
22,0.154113639888097,"Down",0.990484799547752,0.999388097516277,"GO:0051973","positive regulation of telomerase activity"
106,9.56696293663044e-07,"Down",0.990986298443392,0.999388097516277,"GO:0071453","cellular response to oxygen levels"
33,0.078505253015044,"Up",0.991409566775512,0.999388097516277,"GO:0010569","regulation of double-strand break repair via homologous recombination"
447,0.00352952697999373,"Up",0.991759934343296,0.999388097516277,"GO:1903047","mitotic cell cycle process"
34,0.0283474459641978,"Up",0.991811712906255,0.999388097516277,"GO:0050435","amyloid-beta metabolic process"
109,0.0360925510071106,"Down",0.991820523687526,0.999388097516277,"GO:0017148","negative regulation of translation"
230,0.0011508503551901,"Down",0.991823115972493,0.999388097516277,"GO:0042326","negative regulation of phosphorylation"
329,0.00139360326203208,"Down",0.992368090102565,0.999396473012137,"GO:0071396","cellular response to lipid"
20,0.0997354934788477,"Up",0.993121034354471,0.999396473012137,"GO:0010824","regulation of centrosome duplication"
162,0.0499970321318703,"Up",0.993256433217126,0.999396473012137,"GO:0006401","RNA catabolic process"
196,0.00798506851711919,"Up",0.993361480106734,0.999396473012137,"GO:0031346","positive regulation of cell projection organization"
16,0.0124715974108669,"Down",0.993366209047276,0.999396473012137,"GO:0008207","C21-steroid hormone metabolic process"
39,0.0169389620706088,"Down",0.993452509128312,0.999396473012137,"GO:0043462","regulation of ATP-dependent activity"
25,0.0435864964082871,"Down",0.994225718503326,0.999419292364538,"GO:0033120","positive regulation of RNA splicing"
58,0.0551888410133213,"Up",0.994663373037239,0.999419292364538,"GO:0045069","regulation of viral genome replication"
95,0.117236234011412,"Down",0.99485989951507,0.999419292364538,"GO:0051236","establishment of RNA localization"
51,-0.00384177477706752,"Up",0.994913766589725,0.999419292364538,"GO:0046785","microtubule polymerization"
42,0.0303930081801836,"Down",0.994986135648261,0.999419292364538,"GO:0042509","regulation of tyrosine phosphorylation of STAT protein"
46,0.0270095930128546,"Down",0.995096310834981,0.999419292364538,"GO:0006513","protein monoubiquitination"
65,0.0319875537924125,"Up",0.995417326589526,0.99947032873362,"GO:0014066","regulation of phosphatidylinositol 3-kinase signaling"
19,0.0402834332458468,"Up",0.995776301699646,0.999559440973403,"GO:0055069","zinc ion homeostasis"
15,0.025318667192257,"Down",0.996223922359921,0.999602402218326,"GO:0070528","protein kinase C signaling"
172,-0.000102782167930281,"Down",0.996449664900271,0.999602402218326,"GO:0046486","glycerolipid metabolic process"
36,0.067526633615765,"Down",0.99662980788894,0.999602402218326,"GO:0086003","cardiac muscle cell contraction"
49,-0.0108501358334586,"Up",0.997435175605521,0.999810575892951,"GO:0015914","phospholipid transport"
44,0.0189596664828777,"Up",0.997837760235645,0.999810575892951,"GO:0007260","tyrosine phosphorylation of STAT protein"
64,0.0279282622399451,"Up",0.998617921418647,0.999810575892951,"GO:0006275","regulation of DNA replication"
35,0.0435722720493779,"Up",0.998829927194008,0.999810575892951,"GO:0070228","regulation of lymphocyte apoptotic process"
16,-0.0169503178415492,"Up",0.998941847985086,0.999810575892951,"GO:0007157","heterophilic cell-cell adhesion via plasma membrane cell adhesion molecules"
33,-0.00579884583357562,"Up",0.999274820473426,0.999810575892951,"GO:0007631","feeding behavior"
24,0.0679352618695323,"Down",0.999394838554885,0.999810575892951,"GO:0070266","necroptotic process"
63,0.0410485048831292,"Up",0.999566262777224,0.999810575892951,"GO:0051053","negative regulation of DNA metabolic process"
50,-0.00281351477296553,"Up",0.999758464441092,0.999810575892951,"GO:0051865","protein autoubiquitination"
92,0.00539694053828153,"Down",0.999760810101775,0.999810575892951,"GO:1903844","regulation of cellular response to transforming growth factor beta stimulus"
46,0.0222558673216189,"Down",0.999810575892951,0.999810575892951,"GO:0006289","nucleotide-excision repair"
