"NGenes","Correlation","Direction","PValue","FDR","GO_ID","description"
91,0.0041179050106219,"Up",0.000992946276155597,0.837750894814794,"GO:0044242","cellular lipid catabolic process"
16,-0.0121586501677909,"Up",0.00131374394432237,0.837750894814794,"GO:0046466","membrane lipid catabolic process"
24,0.0204739379941816,"Up",0.00154294077172414,0.837750894814794,"GO:0007035","vacuolar acidification"
71,-0.000505767108760205,"Up",0.00197650626746888,0.837750894814794,"GO:0097237","cellular response to toxic substance"
66,0.000640188472954858,"Up",0.00327772092704395,0.837750894814794,"GO:1990748","cellular detoxification"
17,0.0443748262156321,"Up",0.00334666701897338,0.837750894814794,"GO:0007042","lysosomal lumen acidification"
92,-0.00208961316312979,"Up",0.00388901423352177,0.837750894814794,"GO:0006520","cellular amino acid metabolic process"
90,0.0107469744372598,"Up",0.00402271309797323,0.837750894814794,"GO:0016054","organic acid catabolic process"
88,0.0133539150646206,"Up",0.00414578067586832,0.837750894814794,"GO:0046395","carboxylic acid catabolic process"
19,0.030775509775207,"Up",0.00417946074713854,0.837750894814794,"GO:0035751","regulation of lysosomal lumen pH"
49,-0.00915994867906521,"Up",0.00447701582774147,0.837750894814794,"GO:0072329","monocarboxylic acid catabolic process"
59,0.0168114538617662,"Up",0.00461534100244761,0.837750894814794,"GO:0007040","lysosome organization"
59,0.0168114538617662,"Up",0.00461534100244761,0.837750894814794,"GO:0080171","lytic vacuole organization"
18,-0.00525241319511681,"Down",0.00523264623019076,0.837750894814794,"GO:0043552","positive regulation of phosphatidylinositol 3-kinase activity"
82,0.00546576902932625,"Down",0.00797631197280965,0.837750894814794,"GO:0040029","epigenetic regulation of gene expression"
15,0.00356507478878024,"Up",0.00850953789567879,0.837750894814794,"GO:0006779","porphyrin-containing compound biosynthetic process"
15,0.00356507478878024,"Up",0.00850953789567879,0.837750894814794,"GO:0033014","tetrapyrrole biosynthetic process"
54,0.000899276045858134,"Down",0.00864459149887256,0.837750894814794,"GO:0070828","heterochromatin organization"
130,0.0111143030518633,"Up",0.00911788926517911,0.837750894814794,"GO:0016042","lipid catabolic process"
47,0.00979273290500845,"Up",0.00916416595719373,0.837750894814794,"GO:0006885","regulation of pH"
376,0.0047792816490092,"Up",0.00938628732251163,0.837750894814794,"GO:0043436","oxoacid metabolic process"
31,-0.00635247471151063,"Up",0.00943871198711143,0.837750894814794,"GO:0010823","negative regulation of mitochondrion organization"
44,0.00478163092832895,"Down",0.00955385516288665,0.837750894814794,"GO:1903036","positive regulation of response to wounding"
32,0.013913334898755,"Up",0.0097234846769442,0.837750894814794,"GO:0051452","intracellular pH reduction"
173,0.016820223598106,"Down",0.00991460669903274,0.837750894814794,"GO:0006338","chromatin remodeling"
70,0.0105292562716693,"Down",0.00992233188454316,0.837750894814794,"GO:0051028","mRNA transport"
365,0.00520038356864831,"Up",0.00995002487312495,0.837750894814794,"GO:0019752","carboxylic acid metabolic process"
77,0.00330442699712904,"Up",0.0103973928973408,0.837750894814794,"GO:0098754","detoxification"
47,0.00134913972291609,"Down",0.0107727194535395,0.837750894814794,"GO:0001885","endothelial cell development"
377,0.00513241654149588,"Up",0.0112043020343389,0.837750894814794,"GO:0006082","organic acid metabolic process"
30,-0.0032844186515953,"Down",0.011440825546509,0.837750894814794,"GO:0032786","positive regulation of DNA-templated transcription, elongation"
44,-0.0098221165475773,"Up",0.0118972981748708,0.837750894814794,"GO:0009062","fatty acid catabolic process"
288,0.00545089213431432,"Down",0.0121869439939933,0.837750894814794,"GO:0044770","cell cycle phase transition"
58,0.000174101907652315,"Up",0.0122500153443588,0.837750894814794,"GO:0098869","cellular oxidant detoxification"
47,-0.0045469364798318,"Down",0.0122900669560759,0.837750894814794,"GO:0031507","heterochromatin formation"
250,0.00636931912907077,"Down",0.0126861645415238,0.837750894814794,"GO:0044772","mitotic cell cycle phase transition"
47,0.0148817685469841,"Down",0.0131904795822323,0.837750894814794,"GO:0045995","regulation of embryonic development"
19,-0.00597252624148873,"Down",0.0132511565124895,0.837750894814794,"GO:0090218","positive regulation of lipid kinase activity"
96,0.00310035641781581,"Down",0.0134917666248072,0.837750894814794,"GO:0042770","signal transduction in response to DNA damage"
22,0.0106970828138724,"Up",0.0135294905689388,0.837750894814794,"GO:0006778","porphyrin-containing compound metabolic process"
20,0.0147406677169604,"Up",0.0138607899140898,0.837750894814794,"GO:0042168","heme metabolic process"
23,-0.00309754257972859,"Down",0.0139690032826104,0.837750894814794,"GO:0051642","centrosome localization"
17,-0.0203087050849105,"Down",0.0140639941260866,0.837750894814794,"GO:0044331","cell-cell adhesion mediated by cadherin"
41,0.0128926022558039,"Up",0.0141764034823061,0.837750894814794,"GO:0051453","regulation of intracellular pH"
35,0.0132871289758182,"Down",0.0141866755170929,0.837750894814794,"GO:0061028","establishment of endothelial barrier"
132,0.0109692051857157,"Up",0.0142831190191201,0.837750894814794,"GO:0007033","vacuole organization"
42,0.00380347019299228,"Up",0.0143702259243033,0.837750894814794,"GO:0006081","cellular aldehyde metabolic process"
28,0.00930432550742883,"Up",0.0143849843300639,0.837750894814794,"GO:0033013","tetrapyrrole metabolic process"
89,0.00056302633234348,"Up",0.0146906666773361,0.837750894814794,"GO:1901136","carbohydrate derivative catabolic process"
66,0.00357064387130505,"Down",0.0147470604855393,0.837750894814794,"GO:0007612","learning"
52,0.00286857008309532,"Up",0.0152017687187587,0.837750894814794,"GO:0006399","tRNA metabolic process"
302,0.0164226877463159,"Down",0.0152192772756474,0.837750894814794,"GO:0006325","chromatin organization"
129,0.00299006512448963,"Down",0.0153552929383257,0.837750894814794,"GO:0006260","DNA replication"
153,0.00872186999313625,"Down",0.0153771365340309,0.837750894814794,"GO:0044843","cell cycle G1/S phase transition"
141,0.0107418888319788,"Down",0.0160827834131548,0.837750894814794,"GO:0000082","G1/S transition of mitotic cell cycle"
273,0.00301017298373737,"Down",0.0165792371506915,0.837750894814794,"GO:0007346","regulation of mitotic cell cycle"
435,0.00415087929795178,"Down",0.0167698668168234,0.837750894814794,"GO:1903047","mitotic cell cycle process"
44,0.0135406864667513,"Up",0.0172374200665731,0.837750894814794,"GO:0030641","regulation of cellular pH"
75,0.00760215790425216,"Down",0.0174163784286251,0.837750894814794,"GO:0045446","endothelial cell differentiation"
99,0.00524383017296689,"Down",0.0182512098193688,0.837750894814794,"GO:0019827","stem cell population maintenance"
16,-0.0218552859995672,"Down",0.0187968086568436,0.837750894814794,"GO:2000279","negative regulation of DNA biosynthetic process"
49,-0.00805638086834384,"Up",0.0195793300553741,0.837750894814794,"GO:0019395","fatty acid oxidation"
15,0.000167935422862975,"Down",0.0199735895763265,0.837750894814794,"GO:0034694","response to prostaglandin"
24,-0.00773133978753005,"Down",0.0200274686954712,0.837750894814794,"GO:0061842","microtubule organizing center localization"
151,0.00519164826225589,"Up",0.0204479320321081,0.837750894814794,"GO:0044282","small molecule catabolic process"
52,0.000371335451305869,"Down",0.0205820911835201,0.837750894814794,"GO:0045814","negative regulation of gene expression, epigenetic"
89,0.00576803412761055,"Down",0.0206591935702705,0.837750894814794,"GO:0048167","regulation of synaptic plasticity"
33,0.00772563074629518,"Down",0.0214575688451148,0.837750894814794,"GO:0090303","positive regulation of wound healing"
164,0.000896427776950519,"Down",0.0214900076858925,0.837750894814794,"GO:0051348","negative regulation of transferase activity"
54,-0.00662714397581114,"Up",0.0218257572597213,0.837750894814794,"GO:0034440","lipid oxidation"
102,0.00472757037556229,"Down",0.0219224563922129,0.837750894814794,"GO:0098727","maintenance of cell number"
31,0.00429271395682672,"Up",0.0219824574089928,0.837750894814794,"GO:0042440","pigment metabolic process"
91,0.0112252719149795,"Down",0.0220471757319868,0.837750894814794,"GO:0050657","nucleic acid transport"
91,0.0112252719149795,"Down",0.0220471757319868,0.837750894814794,"GO:0050658","RNA transport"
97,0.0136320015147308,"Down",0.0223668897024473,0.837750894814794,"GO:1903034","regulation of response to wounding"
173,0.00159231512512689,"Down",0.0227646740135897,0.837750894814794,"GO:0010720","positive regulation of cell development"
193,0.00855048644358354,"Down",0.0228192337215405,0.837750894814794,"GO:0006913","nucleocytoplasmic transport"
193,0.00855048644358354,"Down",0.0228192337215405,0.837750894814794,"GO:0051169","nuclear transport"
226,0.0032231096011332,"Down",0.0233946499807684,0.837750894814794,"GO:1901987","regulation of cell cycle phase transition"
47,0.0432291584677315,"Up",0.023736818997376,0.837750894814794,"GO:0000041","transition metal ion transport"
33,0.0288511018121286,"Down",0.0241024778803601,0.837750894814794,"GO:0070988","demethylation"
94,0.0105039637332055,"Down",0.0246432939793972,0.837750894814794,"GO:0051236","establishment of RNA localization"
23,0.0120707407425033,"Up",0.0247398009692868,0.837750894814794,"GO:0046148","pigment biosynthetic process"
37,-0.00913593837505583,"Up",0.0252920998794604,0.837750894814794,"GO:0006635","fatty acid beta-oxidation"
46,-0.00928102468142245,"Down",0.0257984340032854,0.837750894814794,"GO:0072678","T cell migration"
49,0.00935904121051263,"Up",0.0259045830448433,0.837750894814794,"GO:0055072","iron ion homeostasis"
55,0.0132417390408687,"Up",0.0259164319580583,0.837750894814794,"GO:0030004","cellular monovalent inorganic cation homeostasis"
135,0.000155202563426773,"Up",0.0263137131742881,0.837750894814794,"GO:0016053","organic acid biosynthetic process"
193,0.00144969766457995,"Down",0.0263387682916382,0.837750894814794,"GO:0022604","regulation of cell morphogenesis"
23,-0.0101942243494938,"Up",0.0265828000920443,0.837750894814794,"GO:0042743","hydrogen peroxide metabolic process"
16,0.100393609962305,"Down",0.0265835924985123,0.837750894814794,"GO:0007549","dosage compensation"
16,0.100393609962305,"Down",0.0265835924985123,0.837750894814794,"GO:0009048","dosage compensation by inactivation of X chromosome"
117,0.00184154992486354,"Up",0.0267486096139867,0.837750894814794,"GO:0009636","response to toxic substance"
21,-0.0121041229916345,"Up",0.0268533150646865,0.837750894814794,"GO:0009395","phospholipid catabolic process"
35,0.0322272744439258,"Down",0.0269354923896996,0.837750894814794,"GO:0006406","mRNA export from nucleus"
15,0.00752602142812646,"Down",0.0273514322126205,0.837750894814794,"GO:0046174","polyol catabolic process"
28,0.0343594359228972,"Up",0.027463636222371,0.837750894814794,"GO:0006826","iron ion transport"
191,0.00387824839960102,"Down",0.0274992219236263,0.837750894814794,"GO:1901990","regulation of mitotic cell cycle phase transition"
119,0.00255477230285883,"Down",0.0275050484120902,0.837750894814794,"GO:1902806","regulation of cell cycle G1/S phase transition"
33,0.0325082981539566,"Down",0.0275257956978598,0.837750894814794,"GO:0007631","feeding behavior"
16,0.00962237661015766,"Up",0.0275523863683708,0.837750894814794,"GO:0009081","branched-chain amino acid metabolic process"
76,0.00375909949587408,"Down",0.0277128189516974,0.837750894814794,"GO:0046822","regulation of nucleocytoplasmic transport"
45,-0.00760658454066603,"Up",0.0277843579270177,0.837750894814794,"GO:1903509","liposaccharide metabolic process"
108,0.00342583323615865,"Down",0.0278248301782823,0.837750894814794,"GO:2000045","regulation of G1/S transition of mitotic cell cycle"
22,-0.0117128391030759,"Down",0.0279349947903459,0.837750894814794,"GO:0001825","blastocyst formation"
225,0.00209218697122096,"Up",0.0280994054197739,0.837750894814794,"GO:1901615","organic hydroxy compound metabolic process"
41,0.0190985412859292,"Up",0.0281688093657185,0.837750894814794,"GO:0009063","cellular amino acid catabolic process"
134,5.96615558003226e-05,"Up",0.0282407304688652,0.837750894814794,"GO:0046394","carboxylic acid biosynthetic process"
47,0.00965032001715606,"Down",0.0291574608910833,0.837750894814794,"GO:0030330","DNA damage response, signal transduction by p53 class mediator"
40,-0.0083794574452233,"Up",0.0292381205208802,0.837750894814794,"GO:0006720","isoprenoid metabolic process"
62,0.00224021960962349,"Down",0.0292438863125772,0.837750894814794,"GO:0006275","regulation of DNA replication"
20,0.054335450717009,"Down",0.029564395687815,0.837750894814794,"GO:0045742","positive regulation of epidermal growth factor receptor signaling pathway"
28,9.20189704255406e-05,"Up",0.0298740753242425,0.837750894814794,"GO:0016101","diterpenoid metabolic process"
47,-0.00718951880265739,"Up",0.030858126759781,0.837750894814794,"GO:0051881","regulation of mitochondrial membrane potential"
60,-0.00402322931892214,"Up",0.0310409750103439,0.837750894814794,"GO:0042157","lipoprotein metabolic process"
19,-0.00874699991316856,"Down",0.0313089162440927,0.837750894814794,"GO:2000737","negative regulation of stem cell differentiation"
75,-0.00109694358288307,"Down",0.031418352359385,0.837750894814794,"GO:0048736","appendage development"
75,-0.00109694358288307,"Down",0.031418352359385,0.837750894814794,"GO:0060173","limb development"
35,0.0100431293405688,"Up",0.0315780334555173,0.837750894814794,"GO:0006879","cellular iron ion homeostasis"
22,0.0382025542023912,"Down",0.0316822010832435,0.837750894814794,"GO:1901186","positive regulation of ERBB signaling pathway"
30,0.000791330757071549,"Down",0.0318597929907901,0.837750894814794,"GO:0002448","mast cell mediated immunity"
59,0.00909128701469146,"Down",0.0321082429962503,0.837750894814794,"GO:0045445","myoblast differentiation"
77,0.0115237775779807,"Down",0.0321194176255799,0.837750894814794,"GO:0002244","hematopoietic progenitor cell differentiation"
74,0.00614567732662074,"Up",0.0321898616929089,0.837750894814794,"GO:0055076","transition metal ion homeostasis"
109,0.0171879937704577,"Down",0.0325872827897466,0.837750894814794,"GO:0017148","negative regulation of translation"
72,-0.000434961091744763,"Down",0.032655480468295,0.837750894814794,"GO:0007044","cell-substrate junction assembly"
78,0.0005594031733884,"Down",0.0326922019933455,0.837750894814794,"GO:0150115","cell-substrate junction organization"
17,-0.00830686816050705,"Up",0.033213044778459,0.837750894814794,"GO:0006026","aminoglycan catabolic process"
63,0.0121094404890227,"Down",0.0340585412212775,0.837750894814794,"GO:0008630","intrinsic apoptotic signaling pathway in response to DNA damage"
29,-0.00635402703780439,"Down",0.034428401166724,0.837750894814794,"GO:1902459","positive regulation of stem cell population maintenance"
258,0.00338952654715026,"Up",0.0345148687637567,0.837750894814794,"GO:0032787","monocarboxylic acid metabolic process"
21,-0.00497809926500364,"Down",0.0345312167333624,0.837750894814794,"GO:0061647","histone H3-K9 modification"
27,0.00461169694115234,"Up",0.0351454680839389,0.837750894814794,"GO:0001523","retinoid metabolic process"
54,0.0106910483484695,"Down",0.0354833903532268,0.837750894814794,"GO:0016575","histone deacetylation"
28,0.0548938935292916,"Up",0.0355659263558285,0.837750894814794,"GO:0033344","cholesterol efflux"
44,-0.00812538880807328,"Up",0.0360345216947027,0.837750894814794,"GO:0006664","glycolipid metabolic process"
21,-0.0227767747778774,"Down",0.0361388037601025,0.837750894814794,"GO:0032968","positive regulation of transcription elongation by RNA polymerase II"
25,-0.0194254520206617,"Down",0.036197235149206,0.837750894814794,"GO:0043516","regulation of DNA damage response, signal transduction by p53 class mediator"
68,0.0119470972665007,"Up",0.036274317119493,0.837750894814794,"GO:0055067","monovalent inorganic cation homeostasis"
26,0.0246594855786333,"Down",0.0366673078369694,0.837750894814794,"GO:0045601","regulation of endothelial cell differentiation"
18,-0.011640735457925,"Down",0.0367661251239756,0.837750894814794,"GO:0097009","energy homeostasis"
101,0.0043226884122558,"Down",0.0367982985980192,0.837750894814794,"GO:0071897","DNA biosynthetic process"
24,0.0512288881243649,"Down",0.0371752728306078,0.837750894814794,"GO:0002431","Fc receptor mediated stimulatory signaling pathway"
21,-0.00572391353269113,"Down",0.0373082013291884,0.837750894814794,"GO:0035335","peptidyl-tyrosine dephosphorylation"
105,0.0106475467514838,"Down",0.0374003294987454,0.837750894814794,"GO:0045580","regulation of T cell differentiation"
25,-0.0163039869320188,"Down",0.0375233383168875,0.837750894814794,"GO:1902275","regulation of chromatin organization"
41,-0.00374655848831421,"Down",0.0375902496393957,0.837750894814794,"GO:2000036","regulation of stem cell population maintenance"
24,-0.00789238077494361,"Down",0.0378772251730809,0.837750894814794,"GO:0010559","regulation of glycoprotein biosynthetic process"
96,0.0066867020545173,"Down",0.0379166859263704,0.837750894814794,"GO:0051168","nuclear export"
15,0.0101217247873651,"Down",0.0380495462358916,0.837750894814794,"GO:0002320","lymphoid progenitor cell differentiation"
66,0.00783559103233693,"Up",0.0389396506772948,0.837750894814794,"GO:0002698","negative regulation of immune effector process"
97,0.0192781978152384,"Down",0.0392732819967771,0.837750894814794,"GO:0006479","protein methylation"
97,0.0192781978152384,"Down",0.0392732819967771,0.837750894814794,"GO:0008213","protein alkylation"
41,0.0251674151569964,"Down",0.0394178399939136,0.837750894814794,"GO:0045661","regulation of myoblast differentiation"
482,0.00630296829574559,"Down",0.0401266484619876,0.837750894814794,"GO:0098609","cell-cell adhesion"
112,0.00916820034099031,"Down",0.0407225138338271,0.837750894814794,"GO:0015931","nucleobase-containing compound transport"
39,0.0202008641224613,"Up",0.0408056952698488,0.837750894814794,"GO:0008033","tRNA processing"
26,0.0754036862203235,"Down",0.0409928436661256,0.837750894814794,"GO:0045663","positive regulation of myoblast differentiation"
111,0.00268052240048907,"Down",0.0412086504084373,0.837750894814794,"GO:0060348","bone development"
131,0.0363677749647898,"Down",0.0428759487628516,0.837750894814794,"GO:0006354","DNA-templated transcription elongation"
72,0.00716041783213873,"Down",0.043140747418181,0.837750894814794,"GO:0051983","regulation of chromosome segregation"
18,-0.0213257709245998,"Down",0.0433492135109208,0.837750894814794,"GO:0008542","visual learning"
21,0.0444282985685532,"Down",0.0435309148646263,0.837750894814794,"GO:1900151","regulation of nuclear-transcribed mRNA catabolic process, deadenylation-dependent decay"
115,0.00406928250018431,"Down",0.0447682270769552,0.837750894814794,"GO:0031032","actomyosin structure organization"
85,-0.000290036483034483,"Down",0.0451231133932833,0.837750894814794,"GO:0050770","regulation of axonogenesis"
443,0.0105849393133791,"Down",0.0452105119841662,0.837750894814794,"GO:0006974","cellular response to DNA damage stimulus"
39,0.0131999943800168,"Up",0.0457873745830973,0.837750894814794,"GO:0034308","primary alcohol metabolic process"
493,0.00958254413138911,"Down",0.0457964112355606,0.837750894814794,"GO:0006259","DNA metabolic process"
67,0.000425088600239608,"Down",0.0459223698448508,0.837750894814794,"GO:0030038","contractile actin filament bundle assembly"
67,0.000425088600239608,"Down",0.0459223698448508,0.837750894814794,"GO:0043149","stress fiber assembly"
155,0.004416912116472,"Up",0.0459676703462619,0.837750894814794,"GO:0006631","fatty acid metabolic process"
39,0.0168699218043932,"Down",0.0462226241485739,0.837750894814794,"GO:0050853","B cell receptor signaling pathway"
82,0.0137168220735825,"Down",0.0467259232500144,0.837750894814794,"GO:0010811","positive regulation of cell-substrate adhesion"
168,0.00488277708843081,"Down",0.0471571833896789,0.837750894814794,"GO:0042113","B cell activation"
29,-0.0192133711579756,"Down",0.0473380185714811,0.837750894814794,"GO:0048662","negative regulation of smooth muscle cell proliferation"
98,0.0133200717103284,"Down",0.0475745406734898,0.837750894814794,"GO:0072331","signal transduction by p53 class mediator"
25,0.0402399877534508,"Down",0.0478420100726259,0.837750894814794,"GO:1902229","regulation of intrinsic apoptotic signaling pathway in response to DNA damage"
47,0.00612773941029235,"Down",0.0481027726208047,0.837750894814794,"GO:0032784","regulation of DNA-templated transcription elongation"
77,0.0120527456616912,"Up",0.048187089439774,0.837750894814794,"GO:0007041","lysosomal transport"
120,0.0180415150217368,"Down",0.0482498591196947,0.837750894814794,"GO:2000113","negative regulation of cellular macromolecule biosynthetic process"
62,0.0178582681932099,"Down",0.0483438058085026,0.837750894814794,"GO:1901796","regulation of signal transduction by p53 class mediator"
15,0.0444046086560172,"Down",0.0488384186809928,0.837750894814794,"GO:0046856","phosphatidylinositol dephosphorylation"
59,0.0268977815624913,"Up",0.049045147825632,0.837750894814794,"GO:0007032","endosome organization"
21,0.0418502953184339,"Down",0.0494224563403344,0.837750894814794,"GO:0048679","regulation of axon regeneration"
20,0.00951891447307969,"Up",0.0497385375463678,0.837750894814794,"GO:0006040","amino sugar metabolic process"
73,0.0179874113510348,"Down",0.0500108183261388,0.837750894814794,"GO:0061041","regulation of wound healing"
35,0.0133630939126998,"Down",0.050022535264427,0.837750894814794,"GO:0043370","regulation of CD4-positive, alpha-beta T cell differentiation"
18,0.0424658969447793,"Down",0.0504755128009814,0.837750894814794,"GO:0002433","immune response-regulating cell surface receptor signaling pathway involved in phagocytosis"
18,0.0424658969447793,"Down",0.0504755128009814,0.837750894814794,"GO:0038096","Fc-gamma receptor signaling pathway involved in phagocytosis"
51,0.00430136691333015,"Down",0.0505188761943958,0.837750894814794,"GO:0072089","stem cell proliferation"
36,0.0109228757937484,"Down",0.0505591487037411,0.837750894814794,"GO:0038093","Fc receptor signaling pathway"
192,0.0116964597869546,"Down",0.0506277653580698,0.837750894814794,"GO:0140694","non-membrane-bounded organelle assembly"
21,0.00159401256482503,"Down",0.050821981468668,0.837750894814794,"GO:0061036","positive regulation of cartilage development"
64,0.00422558863787641,"Down",0.0515381426917216,0.837750894814794,"GO:0048041","focal adhesion assembly"
49,0.0162461987652814,"Down",0.0525198914165562,0.837750894814794,"GO:2000736","regulation of stem cell differentiation"
64,0.0106989162214628,"Down",0.0532266108822839,0.837750894814794,"GO:0006476","protein deacetylation"
23,0.0676433705200298,"Up",0.0532347554597451,0.837750894814794,"GO:0002495","antigen processing and presentation of peptide antigen via MHC class II"
19,-0.00420692123347745,"Down",0.0534616464024365,0.837750894814794,"GO:1902230","negative regulation of intrinsic apoptotic signaling pathway in response to DNA damage"
28,0.00140684366626991,"Down",0.0540955633821102,0.837750894814794,"GO:1903018","regulation of glycoprotein metabolic process"
87,0.00278504953438911,"Down",0.0542179491963553,0.837750894814794,"GO:0070507","regulation of microtubule cytoskeleton organization"
80,-0.00182499462318827,"Down",0.0543406969389337,0.837750894814794,"GO:0038127","ERBB signaling pathway"
100,0.00934155992304148,"Up",0.0544763707545513,0.837750894814794,"GO:0007034","vacuolar transport"
47,0.0513780263597187,"Down",0.054791132594582,0.837750894814794,"GO:0006405","RNA export from nucleus"
27,-0.00255815103822728,"Down",0.055253991871501,0.837750894814794,"GO:0034204","lipid translocation"
237,0.0314114674672327,"Down",0.0555546986281786,0.837750894814794,"GO:0016570","histone modification"
29,-0.00873958377237716,"Down",0.0556062189267756,0.837750894814794,"GO:0097035","regulation of membrane lipid distribution"
37,0.057476870823731,"Down",0.0557997703205853,0.837750894814794,"GO:0000381","regulation of alternative mRNA splicing, via spliceosome"
187,0.0143685779948933,"Down",0.0560114375476243,0.837750894814794,"GO:0018209","peptidyl-serine modification"
15,0.160562181928959,"Down",0.0560427086837288,0.837750894814794,"GO:0045947","negative regulation of translational initiation"
46,0.0940538977727592,"Down",0.0564287692723254,0.837750894814794,"GO:0034728","nucleosome organization"
178,0.0149702875091528,"Down",0.0566917784781413,0.837750894814794,"GO:0018105","peptidyl-serine phosphorylation"
16,0.0145567261539596,"Up",0.0566946211597175,0.837750894814794,"GO:1902410","mitotic cytokinetic process"
33,0.0103367160840121,"Down",0.0573177034573884,0.837750894814794,"GO:0048332","mesoderm morphogenesis"
135,0.0069264592268287,"Down",0.0574730556428976,0.837750894814794,"GO:0046777","protein autophosphorylation"
24,0.00227160815252737,"Down",0.0581542103191471,0.837750894814794,"GO:0006111","regulation of gluconeogenesis"
52,0.00353777913547008,"Up",0.0583881074559225,0.837750894814794,"GO:0120254","olefinic compound metabolic process"
15,0.0226542523553835,"Up",0.0584942077219856,0.837750894814794,"GO:0042572","retinol metabolic process"
39,0.00773507801494583,"Up",0.0587424453692872,0.837750894814794,"GO:0044088","regulation of vacuole organization"
255,0.0054440184612641,"Down",0.0589209864259952,0.837750894814794,"GO:0042060","wound healing"
80,0.0133501662627424,"Down",0.0591180807216552,0.837750894814794,"GO:0044839","cell cycle G2/M phase transition"
142,0.000545890666001619,"Down",0.059581913483475,0.837750894814794,"GO:0033673","negative regulation of kinase activity"
21,0.0189690747128871,"Up",0.0599164959034619,0.837750894814794,"GO:0010874","regulation of cholesterol efflux"
94,0.0238028759637525,"Down",0.0601227346458278,0.837750894814794,"GO:0071824","protein-DNA complex subunit organization"
79,0.0276096554675357,"Down",0.0601915725570282,0.837750894814794,"GO:0016571","histone methylation"
27,0.000742093407369202,"Down",0.0604978692516076,0.837750894814794,"GO:0035329","hippo signaling"
131,-0.000186313155325168,"Down",0.0605657758189174,0.837750894814794,"GO:0090068","positive regulation of cell cycle process"
19,-0.010459399813831,"Down",0.0605806329560076,0.837750894814794,"GO:0017145","stem cell division"
71,0.019622543149995,"Down",0.060944665603153,0.837750894814794,"GO:1903313","positive regulation of mRNA metabolic process"
20,0.0744474964272652,"Up",0.0611429907010873,0.837750894814794,"GO:0090025","regulation of monocyte chemotaxis"
33,0.00146457566874062,"Down",0.0613797852919568,0.837750894814794,"GO:0032210","regulation of telomere maintenance via telomerase"
23,0.0171151905654328,"Down",0.0615020037464915,0.837750894814794,"GO:0070570","regulation of neuron projection regeneration"
19,-0.006745416045108,"Down",0.0615413101650117,0.837750894814794,"GO:0003382","epithelial cell morphogenesis"
126,0.006598978968191,"Down",0.0616030159285789,0.837750894814794,"GO:0045619","regulation of lymphocyte differentiation"
75,0.107409210772675,"Up",0.0616268377783027,0.837750894814794,"GO:0032543","mitochondrial translation"
141,0.0125804330053598,"Down",0.062377333575915,0.837750894814794,"GO:0033044","regulation of chromosome organization"
61,-0.00188956650870297,"Down",0.0626041545664659,0.837750894814794,"GO:0035107","appendage morphogenesis"
61,-0.00188956650870297,"Down",0.0626041545664659,0.837750894814794,"GO:0035108","limb morphogenesis"
16,0.0522826275457449,"Down",0.0627659996616356,0.837750894814794,"GO:0007097","nuclear migration"
88,0.00547330773656255,"Down",0.0630978846627952,0.837750894814794,"GO:0003158","endothelium development"
18,-0.0297205467824009,"Down",0.0634253205157781,0.837750894814794,"GO:0010818","T cell chemotaxis"
55,0.0150433432667918,"Down",0.063523728059012,0.837750894814794,"GO:0050779","RNA destabilization"
87,0.0980534206233053,"Up",0.0635714267603458,0.837750894814794,"GO:0140053","mitochondrial gene expression"
131,0.00289126156502802,"Down",0.0641519810895362,0.837750894814794,"GO:1901988","negative regulation of cell cycle phase transition"
21,0.0274146399297041,"Up",0.0643130527992293,0.837750894814794,"GO:0055094","response to lipoprotein particle"
275,0.0147072887335477,"Down",0.0646004862085602,0.837750894814794,"GO:0051052","regulation of DNA metabolic process"
16,-0.010492899652513,"Down",0.0646375410090257,0.837750894814794,"GO:0001709","cell fate determination"
70,-0.00321690704722065,"Down",0.0647509484080936,0.837750894814794,"GO:0007173","epidermal growth factor receptor signaling pathway"
16,-0.0302193076620924,"Down",0.0647850840485146,0.837750894814794,"GO:1990776","response to angiotensin"
15,0.0897962348996647,"Down",0.0652771056306209,0.837750894814794,"GO:0016577","histone demethylation"
65,-0.00150432631683036,"Down",0.0658539421914886,0.837750894814794,"GO:0010769","regulation of cell morphogenesis involved in differentiation"
359,0.00610078739566782,"Down",0.0658961303790584,0.837750894814794,"GO:0010564","regulation of cell cycle process"
60,0.00729074894050924,"Down",0.0662314387702631,0.837750894814794,"GO:1905818","regulation of chromosome separation"
50,0.061495631400903,"Down",0.0662943832440262,0.837750894814794,"GO:0000380","alternative mRNA splicing, via spliceosome"
40,0.0320234836586675,"Down",0.0663901951019648,0.837750894814794,"GO:0031060","regulation of histone methylation"
141,0.00518486465759918,"Down",0.0665661312703061,0.837750894814794,"GO:0009416","response to light stimulus"
19,-0.0390614713245882,"Down",0.0667527566299832,0.837750894814794,"GO:0140718","facultative heterochromatin formation"
22,0.0372251489290495,"Up",0.0667931135209522,0.837750894814794,"GO:0071402","cellular response to lipoprotein particle stimulus"
33,0.0114278399118244,"Down",0.0668173838356884,0.837750894814794,"GO:0021766","hippocampus development"
129,0.00125661683548397,"Down",0.0671143804011615,0.837750894814794,"GO:0050769","positive regulation of neurogenesis"
36,0.0110326466726108,"Down",0.0672478925752716,0.837750894814794,"GO:0045576","mast cell activation"
26,0.00128241954315135,"Down",0.067495800338207,0.837750894814794,"GO:0045332","phospholipid translocation"
69,0.00279012897434285,"Down",0.0680570762173482,0.837750894814794,"GO:0035601","protein deacylation"
198,0.00897389638396993,"Down",0.0681913165932447,0.837750894814794,"GO:0016311","dephosphorylation"
132,0.0154463825406806,"Down",0.0691966439259733,0.837750894814794,"GO:0048863","stem cell differentiation"
54,0.0126168235824816,"Down",0.0692575900981712,0.837750894814794,"GO:0061014","positive regulation of mRNA catabolic process"
285,0.00397970414351343,"Down",0.0696006755370816,0.837750894814794,"GO:0060284","regulation of cell development"
71,0.00535009501077788,"Down",0.0697268961525726,0.837750894814794,"GO:0006261","DNA-templated DNA replication"
25,0.0637238175563431,"Down",0.0699659210508483,0.837750894814794,"GO:0031062","positive regulation of histone methylation"
31,-0.0166647085122406,"Down",0.0699664826336145,0.837750894814794,"GO:2000404","regulation of T cell migration"
53,0.0321793429116515,"Down",0.0700105226661397,0.837750894814794,"GO:0043367","CD4-positive, alpha-beta T cell differentiation"
109,0.0164828569828408,"Down",0.0702543102983334,0.837750894814794,"GO:0006473","protein acetylation"
16,-0.047492976836317,"Down",0.0704200779882639,0.837750894814794,"GO:0006346","DNA methylation-dependent heterochromatin formation"
50,0.00111303196245363,"Down",0.0706160247934136,0.837750894814794,"GO:0010770","positive regulation of cell morphogenesis involved in differentiation"
19,0.00119680903251758,"Up",0.071176670253149,0.837750894814794,"GO:0019369","arachidonic acid metabolic process"
17,-0.013793895024665,"Up",0.0713002588782096,0.837750894814794,"GO:0030808","regulation of nucleotide biosynthetic process"
17,-0.013793895024665,"Up",0.0713002588782096,0.837750894814794,"GO:1900371","regulation of purine nucleotide biosynthetic process"
17,0.00196307320993651,"Down",0.07155934709827,0.837750894814794,"GO:0098926","postsynaptic signal transduction"
16,0.0864781575818181,"Down",0.0716046092712881,0.837750894814794,"GO:0006482","protein demethylation"
16,0.0864781575818181,"Down",0.0716046092712881,0.837750894814794,"GO:0008214","protein dealkylation"
49,0.00196475100857436,"Down",0.0717299746564001,0.837750894814794,"GO:2001251","negative regulation of chromosome organization"
73,0.0188990360202979,"Down",0.0717669814290419,0.837750894814794,"GO:0000086","G2/M transition of mitotic cell cycle"
35,0.000276620320199255,"Down",0.071986278326431,0.837750894814794,"GO:0051653","spindle localization"
31,-0.00768412469116221,"Up",0.0722174619618071,0.837750894814794,"GO:0006721","terpenoid metabolic process"
314,0.00399872860880097,"Down",0.0722543254771425,0.837750894814794,"GO:0031400","negative regulation of protein modification process"
66,0.0260378815403628,"Down",0.0728787189521229,0.837750894814794,"GO:0018022","peptidyl-lysine methylation"
353,0.00272564638737292,"Down",0.0729972113869938,0.837750894814794,"GO:0051301","cell division"
170,0.049306290803191,"Down",0.0733507038701171,0.837750894814794,"GO:1903311","regulation of mRNA metabolic process"
32,0.0123167347092283,"Up",0.0736348655699659,0.837750894814794,"GO:1901606","alpha-amino acid catabolic process"
15,-0.0275467653081277,"Down",0.0736782552182811,0.837750894814794,"GO:1902307","positive regulation of sodium ion transmembrane transport"
70,-0.00739784851044206,"Up",0.0738444237903889,0.837750894814794,"GO:1901605","alpha-amino acid metabolic process"
17,0.0531563331240383,"Down",0.0739058565394675,0.837750894814794,"GO:0060765","regulation of androgen receptor signaling pathway"
20,0.00339126312477344,"Down",0.0741043311358144,0.837750894814794,"GO:1901861","regulation of muscle tissue development"
57,0.00727071966162125,"Up",0.0743793829438229,0.837750894814794,"GO:0046916","cellular transition metal ion homeostasis"
22,0.0192493655157628,"Down",0.0744507639391886,0.837750894814794,"GO:0038094","Fc-gamma receptor signaling pathway"
28,-0.00404754049876392,"Down",0.0744597893495143,0.837750894814794,"GO:0043303","mast cell degranulation"
29,-0.00507323244072103,"Down",0.0746544805432116,0.837750894814794,"GO:0002279","mast cell activation involved in immune response"
19,0.0188167775794896,"Down",0.0750120785315462,0.837750894814794,"GO:0045740","positive regulation of DNA replication"
54,0.00166903677559358,"Down",0.0751150464393786,0.837750894814794,"GO:0106027","neuron projection organization"
444,0.00387477637073915,"Down",0.0751166790539448,0.837750894814794,"GO:0097435","supramolecular fiber organization"
443,0.0162315959903076,"Down",0.0753936255855335,0.837750894814794,"GO:0000122","negative regulation of transcription by RNA polymerase II"
15,0.0381111752467721,"Up",0.0758112982687969,0.837750894814794,"GO:0097066","response to thyroid hormone"
62,0.0327198514552124,"Down",0.0760967614436097,0.837750894814794,"GO:0034968","histone lysine methylation"
136,0.021638760788425,"Down",0.0762122595918484,0.837750894814794,"GO:0006402","mRNA catabolic process"
127,0.011696624896496,"Down",0.0762206566894051,0.837750894814794,"GO:0043543","protein acylation"
16,-0.00577768528814249,"Up",0.0762691138655725,0.837750894814794,"GO:0044794","positive regulation by host of viral process"
50,0.0130485163633284,"Up",0.0763530670913782,0.837750894814794,"GO:0002532","production of molecular mediator involved in inflammatory response"
286,0.0183348950356246,"Down",0.0764403128682838,0.837750894814794,"GO:2000112","regulation of cellular macromolecule biosynthetic process"
174,0.00280942209152456,"Down",0.0766327041194522,0.837750894814794,"GO:0045787","positive regulation of cell cycle"
17,0.0103971661360144,"Up",0.0766811058536275,0.837750894814794,"GO:0051937","catecholamine transport"
123,0.0126980511078851,"Down",0.07688833287963,0.837750894814794,"GO:0034249","negative regulation of cellular amide metabolic process"
53,0.00227105477704877,"Down",0.0771623394716078,0.837750894814794,"GO:0009791","post-embryonic development"
80,0.0037929893615978,"Down",0.0772837628552597,0.837750894814794,"GO:0021543","pallium development"
34,0.0118723895803604,"Down",0.07738328029925,0.837750894814794,"GO:0035196","miRNA processing"
27,-0.000969670809332835,"Up",0.0777342987894261,0.837750894814794,"GO:0043457","regulation of cellular respiration"
439,0.0106512187771055,"Down",0.0777487062420003,0.837750894814794,"GO:0046649","lymphocyte activation"
22,-0.0133301227774624,"Up",0.078172404437911,0.837750894814794,"GO:0042398","cellular modified amino acid biosynthetic process"
27,0.0029766372211517,"Down",0.0783423162925599,0.837750894814794,"GO:2000351","regulation of endothelial cell apoptotic process"
21,0.0165946063442599,"Down",0.0784908400090326,0.837750894814794,"GO:0009187","cyclic nucleotide metabolic process"
113,0.00483070143721818,"Down",0.0788774116443995,0.837750894814794,"GO:0022408","negative regulation of cell-cell adhesion"
66,0.0052753138382179,"Down",0.0789378004214688,0.837750894814794,"GO:0032355","response to estradiol"
30,0.0718641914270376,"Down",0.0792791315672059,0.837750894814794,"GO:0048255","mRNA stabilization"
16,0.0125636826444134,"Down",0.079507577178744,0.837750894814794,"GO:0051567","histone H3-K9 methylation"
195,0.00101934780765909,"Down",0.0795494021808846,0.837750894814794,"GO:0031346","positive regulation of cell projection organization"
131,-0.000130628981004415,"Down",0.0803506616729133,0.837750894814794,"GO:0006469","negative regulation of protein kinase activity"
53,0.0101325791761538,"Down",0.0807044845616191,0.837750894814794,"GO:0061157","mRNA destabilization"
217,0.00156998987043755,"Down",0.0808908813000383,0.837750894814794,"GO:0009314","response to radiation"
54,-0.00117408139215281,"Down",0.0811534828091746,0.837750894814794,"GO:0050773","regulation of dendrite development"
26,0.0408712670528125,"Up",0.0812520356838619,0.837750894814794,"GO:0097006","regulation of plasma lipoprotein particle levels"
57,0.00870902893607904,"Down",0.0812715518927493,0.837750894814794,"GO:0033045","regulation of sister chromatid segregation"
57,0.00170853665544994,"Down",0.0818468516108507,0.837750894814794,"GO:0051492","regulation of stress fiber assembly"
231,0.00474780761585697,"Down",0.0820620175589371,0.837750894814794,"GO:0045860","positive regulation of protein kinase activity"
71,0.00359905631182252,"Down",0.0820724887337336,0.837750894814794,"GO:0031109","microtubule polymerization or depolymerization"
45,0.00723814811801198,"Down",0.0821913125026728,0.837750894814794,"GO:1901983","regulation of protein acetylation"
20,-0.0162295159830829,"Down",0.0821944614960391,0.837750894814794,"GO:0007632","visual behavior"
277,0.00567338642530974,"Up",0.0826503649548826,0.837750894814794,"GO:0055080","cation homeostasis"
22,0.00996815283761756,"Up",0.0827045733859735,0.837750894814794,"GO:0097345","mitochondrial outer membrane permeabilization"
75,0.0164323175570839,"Down",0.0827757979744634,0.837750894814794,"GO:0031047","gene silencing by RNA"
23,0.0562947841079114,"Down",0.0827922001753102,0.837750894814794,"GO:0032743","positive regulation of interleukin-2 production"
26,0.115384693426235,"Down",0.0828807690723609,0.837750894814794,"GO:0006334","nucleosome assembly"
51,0.00526031724314329,"Down",0.0832300126567895,0.837750894814794,"GO:0001824","blastocyst development"
100,0.0258987117339383,"Down",0.0837982166830327,0.837750894814794,"GO:0007369","gastrulation"
66,0.0130240699980398,"Down",0.0838198146934111,0.837750894814794,"GO:0042177","negative regulation of protein catabolic process"
30,0.0159759911717155,"Up",0.0838550966449346,0.837750894814794,"GO:0061462","protein localization to lysosome"
49,0.0014746270137978,"Up",0.0839313915217771,0.837750894814794,"GO:0006690","icosanoid metabolic process"
25,-0.000299991104088089,"Down",0.0839810373851626,0.837750894814794,"GO:0150117","positive regulation of cell-substrate junction organization"
150,0.00520516572888985,"Down",0.0841889094799335,0.837750894814794,"GO:0010948","negative regulation of cell cycle process"
73,-7.22461756263202e-05,"Down",0.0845317582363775,0.837750894814794,"GO:0072676","lymphocyte migration"
33,-0.0172377665126092,"Down",0.0847036762307393,0.837750894814794,"GO:0045620","negative regulation of lymphocyte differentiation"
26,0.00639877709432545,"Up",0.0850464193520509,0.837750894814794,"GO:0032506","cytokinetic process"
20,0.0392058482610486,"Up",0.0853312191196636,0.837750894814794,"GO:0009595","detection of biotic stimulus"
15,-0.00722821644065821,"Up",0.0854035841107673,0.837750894814794,"GO:0006027","glycosaminoglycan catabolic process"
70,0.0144202638287032,"Down",0.0859209946411925,0.837750894814794,"GO:0045582","positive regulation of T cell differentiation"
16,0.110064757142977,"Up",0.0859579533036945,0.837750894814794,"GO:0007252","I-kappaB phosphorylation"
25,-0.00483808546894129,"Down",0.0863997609712977,0.837750894814794,"GO:0098751","bone cell development"
43,0.00600380043697365,"Down",0.0864912004056837,0.837750894814794,"GO:0044728","DNA methylation or demethylation"
34,0.00355639132221226,"Up",0.0865759101203385,0.837750894814794,"GO:2000785","regulation of autophagosome assembly"
72,0.0287711456202698,"Down",0.0865863612457603,0.837750894814794,"GO:0046632","alpha-beta T cell differentiation"
29,0.00191646768155622,"Up",0.0870745306710809,0.837750894814794,"GO:1901264","carbohydrate derivative transport"
17,0.00291929732701954,"Up",0.0871512713243746,0.837750894814794,"GO:0010888","negative regulation of lipid storage"
66,0.0112866883892822,"Down",0.0872666147379197,0.837750894814794,"GO:0051304","chromosome separation"
34,0.0730727489920767,"Down",0.0874001313271528,0.837750894814794,"GO:1902373","negative regulation of mRNA catabolic process"
97,0.00905586168408277,"Up",0.0874376415775747,0.837750894814794,"GO:0006643","membrane lipid metabolic process"
15,0.00466781486717133,"Up",0.0878519114149479,0.837750894814794,"GO:0010885","regulation of cholesterol storage"
18,0.0143430742068284,"Down",0.0883379987565538,0.837750894814794,"GO:0046839","phospholipid dephosphorylation"
50,0.00294161188120299,"Down",0.0883383188581824,0.837750894814794,"GO:0010389","regulation of G2/M transition of mitotic cell cycle"
16,0.0239194839692414,"Down",0.0889692867201199,0.837750894814794,"GO:0021544","subpallium development"
33,-0.00871269337607103,"Down",0.0892330841223967,0.837750894814794,"GO:0008306","associative learning"
185,0.00903752509981176,"Down",0.0903641366114115,0.837750894814794,"GO:0034504","protein localization to nucleus"
91,0.00315613125086344,"Down",0.0905329977029871,0.837750894814794,"GO:0030183","B cell differentiation"
89,0.0232971310652297,"Down",0.0906127408925647,0.837750894814794,"GO:0043488","regulation of mRNA stability"
137,0.00609089818355515,"Down",0.0907900414295082,0.837750894814794,"GO:0001649","osteoblast differentiation"
31,0.0126221015506125,"Down",0.0908461455420718,0.837750894814794,"GO:0060324","face development"
40,0.0699314320158369,"Down",0.0911367883383148,0.837750894814794,"GO:0042093","T-helper cell differentiation"
17,0.00181418569600818,"Up",0.0911457083173948,0.837750894814794,"GO:0042417","dopamine metabolic process"
25,0.0672715996558555,"Down",0.0913923250058723,0.837750894814794,"GO:0045622","regulation of T-helper cell differentiation"
32,0.018785478607817,"Down",0.0919771272842969,0.837750894814794,"GO:0001707","mesoderm formation"
20,0.00814068669281881,"Up",0.0922222800665718,0.837750894814794,"GO:0015844","monoamine transport"
97,0.0265868443929297,"Down",0.0924508753453387,0.837750894814794,"GO:0043487","regulation of RNA stability"
147,0.0136422488489519,"Down",0.09387060654007,0.837750894814794,"GO:0010810","regulation of cell-substrate adhesion"
29,0.0410130189211862,"Up",0.0944440812703614,0.837750894814794,"GO:2000272","negative regulation of signaling receptor activity"
123,0.0294027872090463,"Down",0.094532810488544,0.837750894814794,"GO:0006403","RNA localization"
199,0.017191277655546,"Down",0.0947125667836439,0.837750894814794,"GO:0018205","peptidyl-lysine modification"
17,0.0496806707561038,"Up",0.0949915304575134,0.837750894814794,"GO:0010039","response to iron ion"
70,0.0046040043868713,"Down",0.0950324817363445,0.837750894814794,"GO:0098732","macromolecule deacylation"
86,0.0453768445231139,"Down",0.0951254965581972,0.837750894814794,"GO:0018393","internal peptidyl-lysine acetylation"
16,0.0181657892526458,"Down",0.0951523883824043,0.837750894814794,"GO:0030194","positive regulation of blood coagulation"
16,0.0181657892526458,"Down",0.0951523883824043,0.837750894814794,"GO:1900048","positive regulation of hemostasis"
24,0.0210105607921622,"Down",0.0959150718076703,0.837750894814794,"GO:1901798","positive regulation of signal transduction by p53 class mediator"
57,-0.00717028971485626,"Down",0.0960081669168006,0.837750894814794,"GO:0034109","homotypic cell-cell adhesion"
54,0.0148736852302463,"Down",0.0960812836606532,0.837750894814794,"GO:0007498","mesoderm development"
19,-0.00214336595223845,"Up",0.0969351144170212,0.837750894814794,"GO:1903715","regulation of aerobic respiration"
35,-0.0102504819374701,"Down",0.0969670199312926,0.837750894814794,"GO:0034243","regulation of transcription elongation by RNA polymerase II"
51,0.0050060323140097,"Down",0.0970843189432265,0.837750894814794,"GO:0007091","metaphase/anaphase transition of mitotic cell cycle"
38,-0.0124712611998191,"Down",0.0971374008920266,0.837750894814794,"GO:1902305","regulation of sodium ion transmembrane transport"
48,0.0173823058128848,"Up",0.0973941813845664,0.837750894814794,"GO:0045824","negative regulation of innate immune response"
87,0.044551105895254,"Down",0.0975773466090469,0.837750894814794,"GO:0006475","internal protein amino acid acetylation"
52,0.00603790235585968,"Down",0.0976300163071828,0.837750894814794,"GO:0010965","regulation of mitotic sister chromatid separation"
16,-0.000931315279324189,"Down",0.0976343553694401,0.837750894814794,"GO:0021575","hindbrain morphogenesis"
19,-0.00391019688245378,"Up",0.0976526607914724,0.837750894814794,"GO:0006622","protein targeting to lysosome"
32,0.00992906585682605,"Down",0.0981566359884315,0.837750894814794,"GO:0072577","endothelial cell apoptotic process"
284,0.00594012243139247,"Up",0.0982818364939705,0.837750894814794,"GO:0098771","inorganic ion homeostasis"
27,-0.00777456233212363,"Down",0.0983693694627142,0.837750894814794,"GO:0061001","regulation of dendritic spine morphogenesis"
34,-2.10379834507634e-05,"Down",0.0985510687633657,0.837750894814794,"GO:0007585","respiratory gaseous exchange by respiratory system"
228,0.00709038331544188,"Down",0.0986317876927894,0.837750894814794,"GO:0071900","regulation of protein serine/threonine kinase activity"
55,-0.00303606930293506,"Down",0.0987360356641759,0.837750894814794,"GO:0014897","striated muscle hypertrophy"
73,0.013048099613195,"Down",0.0988393122303077,0.837750894814794,"GO:0031398","positive regulation of protein ubiquitination"
41,0.0563127710218558,"Down",0.0989677861216161,0.837750894814794,"GO:0002287","alpha-beta T cell activation involved in immune response"
41,0.0563127710218558,"Down",0.0989677861216161,0.837750894814794,"GO:0002293","alpha-beta T cell differentiation involved in immune response"
41,0.0563127710218558,"Down",0.0989677861216161,0.837750894814794,"GO:0002294","CD4-positive, alpha-beta T cell differentiation involved in immune response"
84,0.0107982285848319,"Down",0.0989733035564068,0.837750894814794,"GO:0009411","response to UV"
34,0.00484470559756153,"Down",0.0991018035113451,0.837750894814794,"GO:0048814","regulation of dendrite morphogenesis"
43,-0.00166671174648492,"Down",0.0992256396360832,0.837750894814794,"GO:0002200","somatic diversification of immune receptors"
95,0.0317317911793679,"Down",0.099642443757716,0.837750894814794,"GO:0018394","peptidyl-lysine acetylation"
32,-0.0101485773002143,"Up",0.0998070007229616,0.837750894814794,"GO:0072595","maintenance of protein localization in organelle"
62,0.00238606687250735,"Down",0.100571311510885,0.837750894814794,"GO:0110020","regulation of actomyosin structure organization"
99,0.0214910515162568,"Down",0.100867524262623,0.837750894814794,"GO:0051170","import into nucleus"
89,0.0762676479580319,"Down",0.101247567126059,0.837750894814794,"GO:0050684","regulation of mRNA processing"
60,-0.00478535820523637,"Down",0.101248499424615,0.837750894814794,"GO:0035725","sodium ion transmembrane transport"
157,0.0017933519428558,"Up",0.101258116679348,0.837750894814794,"GO:0006066","alcohol metabolic process"
26,-0.00564339430897411,"Down",0.101353788384883,0.837750894814794,"GO:1903350","response to dopamine"
26,-0.00564339430897411,"Down",0.101353788384883,0.837750894814794,"GO:1903351","cellular response to dopamine"
146,0.00265618375652249,"Down",0.102048798373657,0.837750894814794,"GO:2000116","regulation of cysteine-type endopeptidase activity"
15,0.00829966809827985,"Down",0.102094730280326,0.837750894814794,"GO:0080111","DNA demethylation"
21,-0.00299856585877362,"Down",0.103151007739633,0.837750894814794,"GO:0032965","regulation of collagen biosynthetic process"
188,0.0114204177547327,"Down",0.103276881949361,0.837750894814794,"GO:0030111","regulation of Wnt signaling pathway"
36,0.00827230910762995,"Down",0.103331320866264,0.837750894814794,"GO:1904356","regulation of telomere maintenance via telomere lengthening"
398,0.0324562207209272,"Down",0.103570798477802,0.837750894814794,"GO:0016071","mRNA metabolic process"
191,0.00962520156409733,"Down",0.103753865434518,0.837750894814794,"GO:0050804","modulation of chemical synaptic transmission"
58,0.0322939329074674,"Down",0.103943483324142,0.837750894814794,"GO:0030216","keratinocyte differentiation"
18,0.0390046155250014,"Down",0.103945333195508,0.837750894814794,"GO:2000648","positive regulation of stem cell proliferation"
75,-0.000166306624037144,"Down",0.104146927064597,0.837750894814794,"GO:0031532","actin cytoskeleton reorganization"
18,0.0101615846037746,"Down",0.104306202926603,0.837750894814794,"GO:0046627","negative regulation of insulin receptor signaling pathway"
168,0.0129052761134332,"Down",0.104323126882741,0.837750894814794,"GO:0046651","lymphocyte proliferation"
54,-0.00300570674070436,"Down",0.104377750465047,0.837750894814794,"GO:0003300","cardiac muscle hypertrophy"
44,0.00724735466594997,"Down",0.104896143145993,0.837750894814794,"GO:0070527","platelet aggregation"
206,0.0109133161286447,"Down",0.105231198319925,0.837750894814794,"GO:0018108","peptidyl-tyrosine phosphorylation"
41,0.00598564906791715,"Up",0.10527552800855,0.837750894814794,"GO:0043648","dicarboxylic acid metabolic process"
16,0.00192824175186663,"Down",0.105343255048489,0.837750894814794,"GO:0072539","T-helper 17 cell differentiation"
82,0.0135601245537968,"Down",0.10541078645321,0.837750894814794,"GO:0045621","positive regulation of lymphocyte differentiation"
33,0.00363201267074453,"Up",0.105528503388483,0.837750894814794,"GO:0002534","cytokine production involved in inflammatory response"
33,0.00363201267074453,"Up",0.105528503388483,0.837750894814794,"GO:1900015","regulation of cytokine production involved in inflammatory response"
293,0.0113134442230995,"Down",0.105874132363662,0.837750894814794,"GO:0051249","regulation of lymphocyte activation"
480,0.00462198501145735,"Down",0.105955453911465,0.837750894814794,"GO:0008284","positive regulation of cell population proliferation"
162,0.0272983294310447,"Down",0.10604650936387,0.837750894814794,"GO:0006401","RNA catabolic process"
49,-0.00208339654673477,"Down",0.10618893121021,0.837750894814794,"GO:0097061","dendritic spine organization"
95,0.00700248768574218,"Down",0.106265733145089,0.837750894814794,"GO:0030010","establishment of cell polarity"
38,-0.00630776605619896,"Down",0.106636190632017,0.837750894814794,"GO:0016445","somatic diversification of immunoglobulins"
18,0.0116103050029535,"Down",0.106810077623629,0.837750894814794,"GO:1903205","regulation of hydrogen peroxide-induced cell death"
34,0.00759093413504968,"Up",0.107029053154883,0.837750894814794,"GO:0097352","autophagosome maturation"
251,0.00460804772088299,"Up",0.107397953253372,0.837750894814794,"GO:0044283","small molecule biosynthetic process"
34,0.023035941066715,"Down",0.10751494487087,0.837750894814794,"GO:0043506","regulation of JUN kinase activity"
71,0.0801386489179384,"Down",0.107814183578213,0.837750894814794,"GO:0048024","regulation of mRNA splicing, via spliceosome"
84,0.0481505221765323,"Down",0.10783401303305,0.837750894814794,"GO:0016573","histone acetylation"
54,0.0738515001254673,"Down",0.107874998381967,0.837750894814794,"GO:1903312","negative regulation of mRNA metabolic process"
35,0.0110793594371984,"Down",0.107986063854299,0.837750894814794,"GO:0007062","sister chromatid cohesion"
21,0.0939003754866037,"Up",0.108132486934024,0.837750894814794,"GO:0019886","antigen processing and presentation of exogenous peptide antigen via MHC class II"
52,0.00690147198465595,"Down",0.108604569140474,0.837750894814794,"GO:0044784","metaphase/anaphase transition of cell cycle"
33,-0.0255230345102834,"Down",0.108805848438261,0.837750894814794,"GO:0030219","megakaryocyte differentiation"
47,0.0316967903964675,"Up",0.10888302624741,0.837750894814794,"GO:0010324","membrane invagination"
133,0.00197547511842824,"Down",0.108959668789152,0.837750894814794,"GO:0071902","positive regulation of protein serine/threonine kinase activity"
25,0.00624926880362678,"Down",0.109253122937821,0.837750894814794,"GO:0060350","endochondral bone morphogenesis"
50,-0.00757080906181868,"Up",0.109320336339132,0.837750894814794,"GO:0006140","regulation of nucleotide metabolic process"
19,0.0583264135589686,"Up",0.109387414900099,0.837750894814794,"GO:0032373","positive regulation of sterol transport"
19,0.0583264135589686,"Up",0.109387414900099,0.837750894814794,"GO:0032376","positive regulation of cholesterol transport"
316,0.0181745327054252,"Down",0.10949557751711,0.837750894814794,"GO:0010608","post-transcriptional regulation of gene expression"
37,-0.00429095875731726,"Down",0.109629215693989,0.837750894814794,"GO:0048008","platelet-derived growth factor receptor signaling pathway"
116,0.00773923727381307,"Down",0.109874427404867,0.837750894814794,"GO:0032886","regulation of microtubule-based process"
158,0.0125487152740028,"Down",0.110168445060337,0.837750894814794,"GO:0006470","protein dephosphorylation"
96,0.0323177532052787,"Down",0.110356587008117,0.837750894814794,"GO:0061013","regulation of mRNA catabolic process"
126,0.0117158372380212,"Down",0.110750108518592,0.837750894814794,"GO:0045930","negative regulation of mitotic cell cycle"
19,-0.0133769288352087,"Up",0.111161727016521,0.837750894814794,"GO:0009593","detection of chemical stimulus"
30,0.0184777969429491,"Down",0.111283705174474,0.837750894814794,"GO:0031122","cytoplasmic microtubule organization"
103,0.00437200773895125,"Down",0.111485887940448,0.837750894814794,"GO:1901991","negative regulation of mitotic cell cycle phase transition"
31,0.00374457305995918,"Up",0.112144579440036,0.837750894814794,"GO:0051289","protein homotetramerization"
21,0.052435982742984,"Down",0.112246996875155,0.837750894814794,"GO:0045023","G0 to G1 transition"
21,0.052435982742984,"Down",0.112246996875155,0.837750894814794,"GO:0070316","regulation of G0 to G1 transition"
287,0.006061220120278,"Up",0.112320057542337,0.837750894814794,"GO:0050801","ion homeostasis"
32,-0.00695048316060456,"Down",0.112416241978151,0.837750894814794,"GO:2000649","regulation of sodium ion transmembrane transporter activity"
25,0.0280624835356145,"Up",0.112550841585933,0.837750894814794,"GO:0006400","tRNA modification"
413,0.00376785095648633,"Up",0.112749541268117,0.837750894814794,"GO:0044255","cellular lipid metabolic process"
30,0.0263934950148713,"Up",0.112978021939124,0.837750894814794,"GO:0032371","regulation of sterol transport"
30,0.0263934950148713,"Up",0.112978021939124,0.837750894814794,"GO:0032374","regulation of cholesterol transport"
19,0.0221107059470123,"Up",0.113527133681946,0.837750894814794,"GO:0009066","aspartate family amino acid metabolic process"
374,0.0058997856224628,"Down",0.113595071205989,0.837750894814794,"GO:0045859","regulation of protein kinase activity"
17,0.145778544933222,"Down",0.113794042642436,0.837750894814794,"GO:1904666","regulation of ubiquitin protein ligase activity"
21,0.0459158585955489,"Down",0.113796273444601,0.837750894814794,"GO:0060218","hematopoietic stem cell differentiation"
44,-0.00420607258802033,"Up",0.11388272504921,0.837750894814794,"GO:0006497","protein lipidation"
44,-0.00420607258802033,"Up",0.11388272504921,0.837750894814794,"GO:0042158","lipoprotein biosynthetic process"
36,0.0116507146165118,"Down",0.113925855399445,0.837750894814794,"GO:0031103","axon regeneration"
28,0.0230373742028087,"Down",0.114054201280625,0.837750894814794,"GO:1901532","regulation of hematopoietic progenitor cell differentiation"
77,0.0225456406973532,"Down",0.114518897172253,0.837750894814794,"GO:0000956","nuclear-transcribed mRNA catabolic process"
15,-0.0360986620745252,"Down",0.114858063025149,0.837750894814794,"GO:0031445","regulation of heterochromatin formation"
15,-0.0360986620745252,"Down",0.114858063025149,0.837750894814794,"GO:0120261","regulation of heterochromatin organization"
20,-0.00140297893449097,"Down",0.11507415836756,0.837750894814794,"GO:0051894","positive regulation of focal adhesion assembly"
38,0.0666413256622638,"Down",0.115110871555817,0.837750894814794,"GO:0043489","RNA stabilization"
133,5.70905758174598e-06,"Down",0.115453546222897,0.837750894814794,"GO:0043281","regulation of cysteine-type endopeptidase activity involved in apoptotic process"
163,0.0247695109046945,"Down",0.115767705191522,0.837750894814794,"GO:2001020","regulation of response to DNA damage stimulus"
24,0.0218554091100163,"Down",0.116160866211395,0.837750894814794,"GO:1901985","positive regulation of protein acetylation"
191,0.0139556159031286,"Down",0.116792289632841,0.837750894814794,"GO:0097193","intrinsic apoptotic signaling pathway"
22,0.0454278586693097,"Up",0.117261594209447,0.837750894814794,"GO:0042269","regulation of natural killer cell mediated cytotoxicity"
36,0.0219786877793815,"Down",0.117283050215442,0.837750894814794,"GO:0050854","regulation of antigen receptor-mediated signaling pathway"
16,0.029241032116183,"Up",0.117860609737112,0.837750894814794,"GO:0006084","acetyl-CoA metabolic process"
182,0.0133143735529362,"Down",0.118052106173197,0.837750894814794,"GO:0007059","chromosome segregation"
20,0.00374919167642433,"Down",0.118192993238779,0.837750894814794,"GO:0000731","DNA synthesis involved in DNA repair"
237,0.0120577248012558,"Down",0.118216547491152,0.837750894814794,"GO:0030098","lymphocyte differentiation"
22,0.00798534442024974,"Down",0.118421390438517,0.837750894814794,"GO:0031057","negative regulation of histone modification"
192,0.00979818395405194,"Down",0.118759153721113,0.837750894814794,"GO:0099177","regulation of trans-synaptic signaling"
19,0.00115310669871459,"Down",0.11907592535373,0.837750894814794,"GO:0032878","regulation of establishment or maintenance of cell polarity"
19,0.00115310669871459,"Down",0.11907592535373,0.837750894814794,"GO:2000114","regulation of establishment of cell polarity"
75,0.0213035356209974,"Down",0.119495637830839,0.837750894814794,"GO:0065004","protein-DNA complex assembly"
18,-0.0334852812722692,"Up",0.119952535901521,0.837750894814794,"GO:0032689","negative regulation of interferon-gamma production"
22,0.0420894704521415,"Up",0.120212826052866,0.837750894814794,"GO:0042554","superoxide anion generation"
27,-0.0179356383016904,"Down",0.12037128242037,0.837750894814794,"GO:0043647","inositol phosphate metabolic process"
51,0.00330943528403575,"Down",0.120401223355444,0.837750894814794,"GO:0006368","transcription elongation by RNA polymerase II promoter"
34,0.0309752850334545,"Up",0.120519593401314,0.837750894814794,"GO:0032720","negative regulation of tumor necrosis factor production"
34,0.0309752850334545,"Up",0.120519593401314,0.837750894814794,"GO:1903556","negative regulation of tumor necrosis factor superfamily cytokine production"
320,0.00706221227337211,"Down",0.120581501252452,0.837750894814794,"GO:0051347","positive regulation of transferase activity"
25,0.0712013954076374,"Up",0.120619887940186,0.837750894814794,"GO:0002504","antigen processing and presentation of peptide or polysaccharide antigen via MHC class II"
85,0.0169410105517663,"Down",0.120919978150614,0.837750894814794,"GO:1903322","positive regulation of protein modification by small protein conjugation or removal"
34,0.0129003443266039,"Up",0.121030203831008,0.837750894814794,"GO:2001259","positive regulation of cation channel activity"
37,0.0674879921221686,"Up",0.121371645519227,0.837750894814794,"GO:0032757","positive regulation of interleukin-8 production"
23,-0.00668611977192944,"Down",0.121986441604576,0.837750894814794,"GO:0071711","basement membrane organization"
409,0.00990850297597216,"Down",0.122004717234428,0.837750894814794,"GO:0016567","protein ubiquitination"
61,0.00863999986327368,"Down",0.122169439074455,0.837750894814794,"GO:0032204","regulation of telomere maintenance"
54,0.00260260310371668,"Down",0.122572613988212,0.837750894814794,"GO:1902749","regulation of cell cycle G2/M phase transition"
16,0.00694436833303493,"Down",0.122605167596607,0.837750894814794,"GO:0039531","regulation of viral-induced cytoplasmic pattern recognition receptor signaling pathway"
104,0.0410091099095618,"Down",0.123225505167266,0.837750894814794,"GO:0050851","antigen receptor-mediated signaling pathway"
65,0.00131936361246263,"Up",0.123306403362962,0.837750894814794,"GO:0008637","apoptotic mitochondrial changes"
17,0.0616218746907272,"Down",0.12361912555548,0.837750894814794,"GO:0051647","nucleus localization"
177,0.00842198295081825,"Down",0.123756019599152,0.837750894814794,"GO:0048872","homeostasis of number of cells"
21,0.0774663541390612,"Up",0.123795925031255,0.837750894814794,"GO:0006099","tricarboxylic acid cycle"
424,0.01208982583577,"Down",0.123905556298072,0.837750894814794,"GO:0080135","regulation of cellular response to stress"
19,0.0154938879058194,"Down",0.124243794805644,0.837750894814794,"GO:0050685","positive regulation of mRNA processing"
31,-0.000624193862743512,"Down",0.124329264503,0.837750894814794,"GO:0034332","adherens junction organization"
50,0.00614641914489089,"Down",0.124771204332056,0.837750894814794,"GO:0030071","regulation of mitotic metaphase/anaphase transition"
22,-0.00755035944459292,"Down",0.124785801819123,0.837750894814794,"GO:0010922","positive regulation of phosphatase activity"
17,-0.0011290895570025,"Up",0.124864485447689,0.837750894814794,"GO:0045761","regulation of adenylate cyclase activity"
16,-0.0432204883838974,"Down",0.124984696895216,0.837750894814794,"GO:1904706","negative regulation of vascular associated smooth muscle cell proliferation"
36,0.0242710035172857,"Up",0.125015538724457,0.837750894814794,"GO:0042267","natural killer cell mediated cytotoxicity"
21,0.00411637316776523,"Up",0.125201638000267,0.837750894814794,"GO:0051339","regulation of lyase activity"
18,0.119298740450369,"Down",0.125719940329878,0.837750894814794,"GO:2000819","regulation of nucleotide-excision repair"
24,0.00856697403693224,"Down",0.125984909261955,0.837750894814794,"GO:0042088","T-helper 1 type immune response"
147,0.0304315238472605,"Down",0.126156247967751,0.837750894814794,"GO:0002768","immune response-regulating cell surface receptor signaling pathway"
26,0.00749437204311769,"Down",0.126206927013262,0.837750894814794,"GO:0035633","maintenance of blood-brain barrier"
60,0.0141493087673326,"Down",0.126247806968685,0.837750894814794,"GO:0018107","peptidyl-threonine phosphorylation"
40,0.0259190158485723,"Down",0.126365040884879,0.837750894814794,"GO:2001021","negative regulation of response to DNA damage stimulus"
96,0.0249120386917286,"Down",0.126405138135807,0.837750894814794,"GO:0006606","protein import into nucleus"
44,0.0295267834432082,"Down",0.126794720286383,0.837750894814794,"GO:0032922","circadian regulation of gene expression"
128,0.0132825975707637,"Down",0.126852165920374,0.837750894814794,"GO:0000819","sister chromatid segregation"
114,0.0694430161260139,"Down",0.127019053161781,0.837750894814794,"GO:0043484","regulation of RNA splicing"
54,0.00659491761944954,"Down",0.127049956244488,0.837750894814794,"GO:0051306","mitotic sister chromatid separation"
18,0.0271119813194978,"Up",0.127232351916527,0.837750894814794,"GO:0000959","mitochondrial RNA metabolic process"
28,0.0326238434320552,"Down",0.127696447402752,0.837750894814794,"GO:0018023","peptidyl-lysine trimethylation"
20,0.029500630090412,"Up",0.127785059116841,0.837750894814794,"GO:1901661","quinone metabolic process"
131,0.0259820172927781,"Down",0.127815639555895,0.837750894814794,"GO:0006310","DNA recombination"
68,0.0266003061621404,"Down",0.128305882781657,0.837750894814794,"GO:0001704","formation of primary germ layer"
31,0.00155203323055391,"Down",0.128351090560821,0.837750894814794,"GO:0071320","cellular response to cAMP"
24,-0.0264140771978321,"Down",0.128742256554015,0.837750894814794,"GO:0048168","regulation of neuronal synaptic plasticity"
33,-0.0107507588421384,"Down",0.128803509862006,0.837750894814794,"GO:0045778","positive regulation of ossification"
271,0.013290730178933,"Down",0.128825821267085,0.837750894814794,"GO:0048598","embryonic morphogenesis"
234,0.0116259079443935,"Down",0.12889405494178,0.837750894814794,"GO:0016055","Wnt signaling pathway"
305,0.00721019965881896,"Down",0.128984097010701,0.837750894814794,"GO:0043009","chordate embryonic development"
16,-0.00435525590901863,"Down",0.129241960341951,0.837750894814794,"GO:0014003","oligodendrocyte development"
100,0.00685652217611895,"Down",0.129335586156556,0.837750894814794,"GO:0061572","actin filament bundle organization"
244,0.019451318414619,"Down",0.129963379906986,0.837750894814794,"GO:0006417","regulation of translation"
54,-0.00286815935832163,"Down",0.130020929127142,0.837750894814794,"GO:1902807","negative regulation of cell cycle G1/S phase transition"
295,0.00482353873353033,"Down",0.130300394174909,0.837750894814794,"GO:0044089","positive regulation of cellular component biogenesis"
208,0.0116819877303496,"Down",0.130537202294998,0.837750894814794,"GO:0018212","peptidyl-tyrosine modification"
230,0.0115161805711171,"Down",0.130694382770859,0.837750894814794,"GO:0001503","ossification"
21,0.032704060866622,"Down",0.130737106649073,0.837750894814794,"GO:0039528","cytoplasmic pattern recognition receptor signaling pathway in response to virus"
37,0.0204712628109627,"Down",0.130744281894487,0.837750894814794,"GO:0061045","negative regulation of wound healing"
144,0.0166946096711701,"Down",0.13080018394678,0.837750894814794,"GO:0060828","regulation of canonical Wnt signaling pathway"
135,0.407719156198726,"Down",0.131980270178995,0.837750894814794,"GO:0002181","cytoplasmic translation"
90,0.0286773565127775,"Down",0.132372352322714,0.837750894814794,"GO:0031056","regulation of histone modification"
234,0.00554015646711349,"Down",0.133526119908031,0.837750894814794,"GO:0010975","regulation of neuron projection development"
281,0.00854685610997423,"Down",0.133680323724355,0.837750894814794,"GO:0022407","regulation of cell-cell adhesion"
64,0.0119438102891718,"Down",0.133804607075656,0.837750894814794,"GO:0018210","peptidyl-threonine modification"
50,-0.00601258922755029,"Down",0.133923559032011,0.837750894814794,"GO:0099175","regulation of postsynapse organization"
22,0.0429174330896625,"Down",0.134254891772737,0.837750894814794,"GO:0060338","regulation of type I interferon-mediated signaling pathway"
41,0.00420860627214608,"Up",0.134333628660317,0.837750894814794,"GO:1901657","glycosyl compound metabolic process"
50,0.0535349942192576,"Down",0.134872393628528,0.837750894814794,"GO:0031058","positive regulation of histone modification"
40,0.0219527317636541,"Down",0.134897462050433,0.837750894814794,"GO:0000288","nuclear-transcribed mRNA catabolic process, deadenylation-dependent decay"
33,-0.00854972115966461,"Down",0.134978224786898,0.837750894814794,"GO:0034637","cellular carbohydrate biosynthetic process"
216,0.00660150716748037,"Down",0.134987037029749,0.837750894814794,"GO:0000280","nuclear division"
26,0.0384531997643084,"Down",0.135139016108859,0.837750894814794,"GO:0050869","negative regulation of B cell activation"
33,-0.00253892851896444,"Down",0.135188263647417,0.837750894814794,"GO:0051496","positive regulation of stress fiber assembly"
99,0.00462522162070799,"Down",0.135351255312014,0.837750894814794,"GO:0008361","regulation of cell size"
56,-0.00425306258384909,"Down",0.135423839202156,0.837750894814794,"GO:0014896","muscle hypertrophy"
16,0.103655101288201,"Up",0.135488406602175,0.837750894814794,"GO:0010875","positive regulation of cholesterol efflux"
48,0.0183643283499338,"Up",0.1355008222365,0.837750894814794,"GO:0006672","ceramide metabolic process"
19,0.00387305697126505,"Down",0.135582748625532,0.837750894814794,"GO:0010644","cell communication by electrical coupling"
33,-0.00591313273375915,"Down",0.135925307095136,0.837750894814794,"GO:0060997","dendritic spine morphogenesis"
17,0.167677253791768,"Down",0.136150762187892,0.837750894814794,"GO:0051444","negative regulation of ubiquitin-protein transferase activity"
34,-0.00223904237717171,"Up",0.136161404519384,0.837750894814794,"GO:0002704","negative regulation of leukocyte mediated immunity"
51,0.00791214166247585,"Down",0.136298648117529,0.837750894814794,"GO:1902099","regulation of metaphase/anaphase transition of cell cycle"
17,0.0358472526457935,"Down",0.137031236210964,0.837750894814794,"GO:0039529","RIG-I signaling pathway"
26,0.0387251909021528,"Up",0.13706124522754,0.837750894814794,"GO:0048246","macrophage chemotaxis"
385,0.00548280835175614,"Down",0.137068654904146,0.837750894814794,"GO:0060322","head development"
484,0.00804275467347094,"Down",0.137367490324403,0.837750894814794,"GO:0031175","neuron projection development"
156,0.0207979307454547,"Down",0.137735167322193,0.837750894814794,"GO:0048511","rhythmic process"
21,0.0113270601501703,"Down",0.13775823125013,0.837750894814794,"GO:0000423","mitophagy"
37,0.00308453102274858,"Down",0.138094812462961,0.837750894814794,"GO:0035306","positive regulation of dephosphorylation"
49,0.00232018191603392,"Down",0.138595028317833,0.837750894814794,"GO:0006304","DNA modification"
45,0.0570488257986679,"Down",0.138816612670449,0.837750894814794,"GO:0002292","T cell differentiation involved in immune response"
26,-0.0100127742574988,"Up",0.13897931545996,0.837750894814794,"GO:0001895","retina homeostasis"
62,0.0196142119777497,"Down",0.138980479824604,0.837750894814794,"GO:0051053","negative regulation of DNA metabolic process"
26,-0.0101524514604699,"Up",0.139810885941763,0.837750894814794,"GO:0090502","RNA phosphodiester bond hydrolysis, endonucleolytic"
69,0.000915457965823632,"Down",0.139896504147703,0.837750894814794,"GO:1903046","meiotic cell cycle process"
135,0.028210057319253,"Down",0.139975896587604,0.837750894814794,"GO:0031396","regulation of protein ubiquitination"
235,0.0124865579983582,"Down",0.140516966896796,0.837750894814794,"GO:0198738","cell-cell signaling by wnt"
201,0.00564967991577162,"Down",0.141310714498568,0.837750894814794,"GO:0001701","in utero embryonic development"
31,0.00294313041175187,"Down",0.141500484960435,0.837750894814794,"GO:0051293","establishment of spindle localization"
17,0.0157939130102628,"Up",0.141555375818752,0.837750894814794,"GO:0010878","cholesterol storage"
304,0.0126805735377949,"Down",0.141680528659753,0.837750894814794,"GO:0042110","T cell activation"
28,-0.0108620799196364,"Down",0.141859514918988,0.837750894814794,"GO:0045581","negative regulation of T cell differentiation"
34,-0.0140671897407062,"Down",0.142132025311807,0.837750894814794,"GO:0048010","vascular endothelial growth factor receptor signaling pathway"
116,0.105939993236299,"Up",0.142444309298677,0.837750894814794,"GO:0022900","electron transport chain"
44,0.0703254515090692,"Down",0.142578320236995,0.837750894814794,"GO:1902369","negative regulation of RNA catabolic process"
40,0.0630624507894336,"Up",0.142847376339868,0.837750894814794,"GO:0048002","antigen processing and presentation of peptide antigen"
43,-0.000924948713129988,"Down",0.143215469075686,0.837750894814794,"GO:1902414","protein localization to cell junction"
16,0.0292836369881395,"Down",0.143591861729706,0.837750894814794,"GO:2000316","regulation of T-helper 17 type immune response"
17,0.0497753126257783,"Down",0.143845074337294,0.837750894814794,"GO:0001783","B cell apoptotic process"
23,0.0126579654573294,"Down",0.144104727228979,0.837750894814794,"GO:0090329","regulation of DNA-templated DNA replication"
39,-0.0148021503121621,"Up",0.145024525937903,0.837750894814794,"GO:0018958","phenol-containing compound metabolic process"
69,0.00531808933473284,"Down",0.145086969193399,0.837750894814794,"GO:0043406","positive regulation of MAP kinase activity"
21,0.0192518329273351,"Down",0.145195167452039,0.837750894814794,"GO:0090503","RNA phosphodiester bond hydrolysis, exonucleolytic"
17,0.0622020122094496,"Up",0.145515993001336,0.837750894814794,"GO:0034311","diol metabolic process"
47,0.00325792415915136,"Down",0.145675684033726,0.837750894814794,"GO:0035195","miRNA-mediated gene silencing"
20,0.0581625589383271,"Down",0.145786646488289,0.837750894814794,"GO:0034063","stress granule assembly"
19,0.00985068419888098,"Down",0.146055735016457,0.837750894814794,"GO:0007215","glutamate receptor signaling pathway"
28,-0.00379287298629932,"Up",0.146297115791282,0.837750894814794,"GO:1905953","negative regulation of lipid localization"
220,0.0127132333740424,"Down",0.14649226962228,0.837750894814794,"GO:0034655","nucleobase-containing compound catabolic process"
26,0.00168385702731737,"Down",0.146580485842115,0.837750894814794,"GO:0048538","thymus development"
40,0.0254987857699022,"Down",0.146988613198988,0.837750894814794,"GO:0001954","positive regulation of cell-matrix adhesion"
18,0.0145695913840093,"Up",0.147471570932864,0.837750894814794,"GO:0032511","late endosome to vacuole transport via multivesicular body sorting pathway"
18,0.0325441522763781,"Up",0.147601047067838,0.837750894814794,"GO:0034381","plasma lipoprotein particle clearance"
25,-0.00488145740446369,"Down",0.148581984710118,0.837750894814794,"GO:0043616","keratinocyte proliferation"
36,0.0124295568678194,"Down",0.148644754353153,0.837750894814794,"GO:0070918","small regulatory ncRNA processing"
30,0.0361721011924023,"Up",0.148947105513007,0.837750894814794,"GO:0046173","polyol biosynthetic process"
18,-0.0240514650518325,"Down",0.149135657872671,0.837750894814794,"GO:0030261","chromosome condensation"
411,0.00438772607057021,"Down",0.149478400598243,0.837750894814794,"GO:0043086","negative regulation of catalytic activity"
19,0.0214238271596684,"Up",0.149673304108495,0.837750894814794,"GO:0002920","regulation of humoral immune response"
55,0.000886963308213091,"Down",0.150214640736509,0.837750894814794,"GO:0060996","dendritic spine development"
55,0.0286823566009967,"Down",0.151430444627112,0.837750894814794,"GO:0071103","DNA conformation change"
27,-0.0188009920826798,"Down",0.151501543004184,0.837750894814794,"GO:0032964","collagen biosynthetic process"
216,0.0109358411025301,"Down",0.15161641211242,0.837750894814794,"GO:0050863","regulation of T cell activation"
46,0.0171204165040393,"Down",0.151653009234368,0.837750894814794,"GO:0046637","regulation of alpha-beta T cell differentiation"
134,0.0366653662406985,"Down",0.152885043365894,0.837750894814794,"GO:0002429","immune response-activating cell surface receptor signaling pathway"
134,0.0366653662406985,"Down",0.152885043365894,0.837750894814794,"GO:0002757","immune response-activating signal transduction"
265,0.053048252225018,"Down",0.153198901796068,0.837750894814794,"GO:0006397","mRNA processing"
23,0.00193834338352458,"Down",0.153424407655719,0.837750894814794,"GO:1902253","regulation of intrinsic apoptotic signaling pathway by p53 class mediator"
15,0.0513268538649801,"Up",0.153809983458952,0.837750894814794,"GO:0050432","catecholamine secretion"
264,0.00643121361050967,"Down",0.154543631889605,0.837750894814794,"GO:0033674","positive regulation of kinase activity"
483,0.0105188370462399,"Down",0.154818059722327,0.837750894814794,"GO:0030155","regulation of cell adhesion"
222,0.0168249843980721,"Down",0.154823982693525,0.837750894814794,"GO:0007409","axonogenesis"
31,-0.0132238915722658,"Up",0.154974840377407,0.837750894814794,"GO:0046456","icosanoid biosynthetic process"
314,0.00860710435030392,"Down",0.154982513414393,0.837750894814794,"GO:0009792","embryo development ending in birth or egg hatching"
369,0.00792420472506547,"Up",0.155540161006507,0.837750894814794,"GO:0019725","cellular homeostasis"
25,-0.00974960451292649,"Down",0.155812324051612,0.837750894814794,"GO:0010712","regulation of collagen metabolic process"
29,0.0594213318395005,"Down",0.155825350251826,0.837750894814794,"GO:0030521","androgen receptor signaling pathway"
15,0.070945415928117,"Down",0.155864231414625,0.837750894814794,"GO:1903901","negative regulation of viral life cycle"
21,-0.0129184733833721,"Down",0.156104760525255,0.837750894814794,"GO:1900181","negative regulation of protein localization to nucleus"
361,0.00495680309208736,"Down",0.156146951462284,0.837750894814794,"GO:0007420","brain development"
26,0.0253202415397632,"Down",0.156381372395605,0.837750894814794,"GO:0045132","meiotic chromosome segregation"
24,0.0206712882218786,"Down",0.156620123247617,0.837750894814794,"GO:0072538","T-helper 17 type immune response"
236,0.00828443528389241,"Up",0.157569406219929,0.837750894814794,"GO:0030003","cellular cation homeostasis"
98,0.0075854119757694,"Down",0.157722183654362,0.837750894814794,"GO:0051017","actin filament bundle assembly"
67,0.024310216619413,"Up",0.15797506407681,0.837750894814794,"GO:0055088","lipid homeostasis"
22,0.0219731942779817,"Up",0.157994775482587,0.837750894814794,"GO:0051125","regulation of actin nucleation"
46,0.000361543656807904,"Down",0.158052035429975,0.837750894814794,"GO:0006919","activation of cysteine-type endopeptidase activity involved in apoptotic process"
84,0.0571030343740905,"Down",0.158184726046167,0.837750894814794,"GO:0006413","translational initiation"
24,-0.00109288545537132,"Up",0.158260326207793,0.837750894814794,"GO:1902110","positive regulation of mitochondrial membrane permeability involved in apoptotic process"
146,0.00518453410736124,"Down",0.158391954755222,0.837750894814794,"GO:0051962","positive regulation of nervous system development"
136,0.0294571861019731,"Down",0.158726723084372,0.837750894814794,"GO:0006302","double-strand break repair"
193,0.0149700768074868,"Down",0.159044776711985,0.837750894814794,"GO:0045786","negative regulation of cell cycle"
23,0.0124211398294912,"Up",0.159370711487661,0.837750894814794,"GO:0046503","glycerolipid catabolic process"
35,-0.0135962092605687,"Down",0.15949201081842,0.837750894814794,"GO:0060998","regulation of dendritic spine development"
44,0.00299555072741824,"Down",0.15971931914307,0.837750894814794,"GO:0021761","limbic system development"
92,0.00966649872095995,"Down",0.160216557994586,0.837750894814794,"GO:0007565","female pregnancy"
21,-0.0428893817034025,"Down",0.160834104807308,0.837750894814794,"GO:0014741","negative regulation of muscle hypertrophy"
46,0.0222243263201992,"Down",0.161126873955988,0.837750894814794,"GO:0060993","kidney morphogenesis"
40,0.222655483661972,"Up",0.161395463489441,0.837750894814794,"GO:0006120","mitochondrial electron transport, NADH to ubiquinone"
20,0.0636953456748756,"Down",0.161627945878311,0.837750894814794,"GO:0045616","regulation of keratinocyte differentiation"
18,0.0622378260844186,"Up",0.161730252171202,0.837750894814794,"GO:0086091","regulation of heart rate by cardiac conduction"
144,0.0032935690003559,"Down",0.162419495941642,0.837750894814794,"GO:0006650","glycerophospholipid metabolic process"
47,-0.0160835835156825,"Down",0.162684838784059,0.837750894814794,"GO:0050772","positive regulation of axonogenesis"
164,0.0234818338140726,"Down",0.16277075327265,0.837750894814794,"GO:1903320","regulation of protein modification by small protein conjugation or removal"
175,0.0058482162834563,"Down",0.162817545594041,0.837750894814794,"GO:0140014","mitotic nuclear division"
20,0.0271293803397546,"Down",0.163053312007599,0.837750894814794,"GO:0048536","spleen development"
124,0.0072074394628346,"Down",0.16317935130713,0.837750894814794,"GO:0007599","hemostasis"
381,0.00829561018729376,"Down",0.163267626402368,0.837750894814794,"GO:0000904","cell morphogenesis involved in differentiation"
283,0.0144550164232985,"Down",0.163913718054641,0.837750894814794,"GO:0051276","chromosome organization"
457,0.00856014339712469,"Down",0.164074080967388,0.837750894814794,"GO:0032446","protein modification by small protein conjugation"
34,0.0129503057588995,"Down",0.164094019854034,0.837750894814794,"GO:0046638","positive regulation of alpha-beta T cell differentiation"
229,0.00576715482497463,"Down",0.164564146955312,0.837750894814794,"GO:0042326","negative regulation of phosphorylation"
46,0.022452731450657,"Down",0.164580037497847,0.837750894814794,"GO:0007189","adenylate cyclase-activating G protein-coupled receptor signaling pathway"
21,0.0363809809646112,"Up",0.164794366097678,0.837750894814794,"GO:0034123","positive regulation of toll-like receptor signaling pathway"
66,0.0253373330372911,"Down",0.165206676249616,0.837750894814794,"GO:2001243","negative regulation of intrinsic apoptotic signaling pathway"
119,0.0280552977262849,"Down",0.165609408813502,0.837750894814794,"GO:0043588","skin development"
72,0.0247961227213112,"Down",0.165713509337853,0.837750894814794,"GO:0007188","adenylate cyclase-modulating G protein-coupled receptor signaling pathway"
337,0.0092275990799887,"Down",0.165914581116661,0.837750894814794,"GO:0007169","transmembrane receptor protein tyrosine kinase signaling pathway"
27,-0.018006753563749,"Up",0.1659757127663,0.837750894814794,"GO:0006687","glycosphingolipid metabolic process"
36,0.0268462913478766,"Down",0.166185312942686,0.837750894814794,"GO:0001706","endoderm formation"
45,0.00857894254393223,"Down",0.166194131549857,0.837750894814794,"GO:0043255","regulation of carbohydrate biosynthetic process"
43,0.0220151858912926,"Up",0.166644202708365,0.837750894814794,"GO:0034754","cellular hormone metabolic process"
22,-0.00240222325361721,"Down",0.166835475524351,0.837750894814794,"GO:0043507","positive regulation of JUN kinase activity"
96,0.0130618307435396,"Down",0.166859436582979,0.837750894814794,"GO:0051250","negative regulation of lymphocyte activation"
43,0.0827559068181297,"Down",0.166996509192844,0.837750894814794,"GO:1903051","negative regulation of proteolysis involved in protein catabolic process"
22,0.0241661885634434,"Down",0.16773849189974,0.837750894814794,"GO:0000289","nuclear-transcribed mRNA poly(A) tail shortening"
67,0.0174388713700453,"Down",0.167803153495702,0.837750894814794,"GO:2000278","regulation of DNA biosynthetic process"
125,0.00841509964335532,"Down",0.168216630436392,0.837750894814794,"GO:0042098","T cell proliferation"
35,-0.0037690649446564,"Down",0.168420496282622,0.837750894814794,"GO:0008543","fibroblast growth factor receptor signaling pathway"
67,0.0045559254617585,"Down",0.16941737261203,0.837750894814794,"GO:0032231","regulation of actin filament bundle assembly"
18,0.00209000073946384,"Up",0.169443309298799,0.837750894814794,"GO:0034315","regulation of Arp2/3 complex-mediated actin nucleation"
30,0.0311868487729998,"Down",0.170171247480237,0.837750894814794,"GO:1901799","negative regulation of proteasomal protein catabolic process"
18,-0.0184732900732829,"Down",0.171017437755429,0.837750894814794,"GO:0043276","anoikis"
34,0.0243531607559312,"Up",0.171187908198184,0.837750894814794,"GO:0060612","adipose tissue development"
29,0.0809816796202102,"Up",0.171209747692275,0.837750894814794,"GO:0002478","antigen processing and presentation of exogenous peptide antigen"
314,0.0135800985069907,"Down",0.171527983443483,0.837750894814794,"GO:0048812","neuron projection morphogenesis"
140,0.0219165165917055,"Down",0.171594490792707,0.837750894814794,"GO:0043414","macromolecule methylation"
18,0.0965537353727907,"Up",0.171624189581797,0.837750894814794,"GO:0021532","neural tube patterning"
244,0.00815069515899741,"Up",0.171646212611865,0.837750894814794,"GO:0006873","cellular ion homeostasis"
15,-0.0154696725332631,"Up",0.172019495802949,0.837750894814794,"GO:0032094","response to food"
40,-0.00636409426101738,"Down",0.172295034926042,0.837750894814794,"GO:0002562","somatic diversification of immune receptors via germline recombination within a single locus"
40,-0.00636409426101738,"Down",0.172295034926042,0.837750894814794,"GO:0016444","somatic cell DNA recombination"
33,0.0264980185532688,"Down",0.172339135527213,0.837750894814794,"GO:0035065","regulation of histone acetylation"
20,-0.0412606961325735,"Down",0.172670642511576,0.837750894814794,"GO:0010614","negative regulation of cardiac muscle hypertrophy"
161,0.0225118914927015,"Down",0.173076437020621,0.837750894814794,"GO:0060070","canonical Wnt signaling pathway"
15,-0.0429031849192577,"Down",0.173096667485588,0.837750894814794,"GO:0051984","positive regulation of chromosome segregation"
64,0.0338510096031174,"Down",0.17382765328847,0.837750894814794,"GO:1903321","negative regulation of protein modification by small protein conjugation or removal"
79,-0.00291762261185817,"Down",0.174256785662348,0.837750894814794,"GO:0035148","tube formation"
36,0.00661565032813713,"Up",0.174450469337922,0.837750894814794,"GO:0045010","actin nucleation"
24,-0.0167807273789648,"Down",0.174619178717513,0.837750894814794,"GO:0043029","T cell homeostasis"
82,0.0150228819460931,"Up",0.174920244484323,0.837750894814794,"GO:0042445","hormone metabolic process"
253,0.0171671822948315,"Down",0.174966356869426,0.837750894814794,"GO:0061564","axon development"
121,0.00658146358002556,"Down",0.175244813419506,0.837750894814794,"GO:0007596","blood coagulation"
104,0.015022547182257,"Up",0.175383295976496,0.837750894814794,"GO:0016241","regulation of macroautophagy"
174,0.0145933355068077,"Down",0.175406800202969,0.837750894814794,"GO:0032943","mononuclear cell proliferation"
108,0.0212402503762772,"Up",0.17581975558721,0.837750894814794,"GO:0015850","organic hydroxy compound transport"
20,0.052357828976625,"Down",0.176206005985742,0.837750894814794,"GO:0060055","angiogenesis involved in wound healing"
15,-0.0203078944125806,"Down",0.177135228643694,0.837750894814794,"GO:1901739","regulation of myoblast fusion"
19,0.00403484421353501,"Down",0.177206182597303,0.837750894814794,"GO:1901797","negative regulation of signal transduction by p53 class mediator"
349,0.0061448704980982,"Down",0.17746881247067,0.837750894814794,"GO:0031344","regulation of cell projection organization"
16,-0.00399153554483755,"Down",0.177574901267483,0.837750894814794,"GO:0044346","fibroblast apoptotic process"
40,0.028001070093673,"Down",0.177696580972076,0.837750894814794,"GO:0002753","cytoplasmic pattern recognition receptor signaling pathway"
138,0.0164944028633059,"Down",0.177702631285693,0.837750894814794,"GO:0051091","positive regulation of DNA-binding transcription factor activity"
37,0.0123066462113849,"Up",0.177939597294452,0.837750894814794,"GO:0010883","regulation of lipid storage"
15,0.00296023654681075,"Down",0.178180591705508,0.837750894814794,"GO:0032967","positive regulation of collagen biosynthetic process"
69,0.0184966384651483,"Down",0.178336117228369,0.837750894814794,"GO:0008286","insulin receptor signaling pathway"
58,-0.0131084938491285,"Down",0.178693151586313,0.837750894814794,"GO:0001841","neural tube formation"
55,0.0128081236400028,"Down",0.178770339831248,0.837750894814794,"GO:0016441","post-transcriptional gene silencing"
39,0.0779116143911694,"Up",0.178846418674073,0.837750894814794,"GO:0032722","positive regulation of chemokine production"
43,0.0395860755497723,"Down",0.17915452561354,0.837750894814794,"GO:0002260","lymphocyte homeostasis"
30,0.00283607077145176,"Down",0.179425009710059,0.837750894814794,"GO:0010762","regulation of fibroblast migration"
40,0.0151339144329168,"Down",0.180381749483608,0.837750894814794,"GO:0046824","positive regulation of nucleocytoplasmic transport"
24,-0.0227896655002703,"Down",0.180430306097666,0.837750894814794,"GO:0001756","somitogenesis"
18,-0.0283735794050996,"Down",0.180558899750508,0.837750894814794,"GO:1904738","vascular associated smooth muscle cell migration"
18,0.0613373655944658,"Up",0.180603687346501,0.837750894814794,"GO:0031342","negative regulation of cell killing"
59,0.0348887403488358,"Down",0.180760988274368,0.837750894814794,"GO:0031397","negative regulation of protein ubiquitination"
24,0.0261991407185903,"Down",0.181008887590492,0.837750894814794,"GO:0046329","negative regulation of JNK cascade"
16,0.197220168404965,"Up",0.18113464625641,0.837750894814794,"GO:0010743","regulation of macrophage derived foam cell differentiation"
110,0.0196928430955501,"Down",0.181173080475581,0.837750894814794,"GO:0002695","negative regulation of leukocyte activation"
58,0.0199508151662949,"Down",0.181204634886263,0.837750894814794,"GO:1901655","cellular response to ketone"
25,0.010628632190462,"Up",0.181374031573906,0.837750894814794,"GO:1902108","regulation of mitochondrial membrane permeability involved in apoptotic process"
79,0.00795493885518663,"Down",0.181684549346526,0.837750894814794,"GO:0030856","regulation of epithelial cell differentiation"
24,-0.0224619580064298,"Down",0.181853410139067,0.837750894814794,"GO:2000406","positive regulation of T cell migration"
76,0.0211211234588591,"Down",0.181855998410521,0.837750894814794,"GO:0090090","negative regulation of canonical Wnt signaling pathway"
100,0.0194703564436869,"Down",0.18192830483434,0.837750894814794,"GO:0046631","alpha-beta T cell activation"
105,0.00697947063961004,"Down",0.182154947528689,0.837750894814794,"GO:0008360","regulation of cell shape"
122,0.0043432069674992,"Down",0.182217663332254,0.837750894814794,"GO:0016358","dendrite development"
122,0.00755076202028581,"Down",0.182336609158575,0.837750894814794,"GO:0050817","coagulation"
37,0.0214738855654142,"Down",0.182506437855292,0.837750894814794,"GO:0070534","protein K63-linked ubiquitination"
241,0.0120661671713528,"Down",0.182708000760662,0.837750894814794,"GO:0044270","cellular nitrogen compound catabolic process"
130,-0.00279078106631387,"Down",0.182741151676336,0.837750894814794,"GO:0008654","phospholipid biosynthetic process"
340,0.0138000660948986,"Down",0.183234862864008,0.837750894814794,"GO:0002694","regulation of leukocyte activation"
34,0.0273870215743231,"Down",0.183368372047373,0.837750894814794,"GO:0071868","cellular response to monoamine stimulus"
34,0.0273870215743231,"Down",0.183368372047373,0.837750894814794,"GO:0071870","cellular response to catecholamine stimulus"
241,0.0145638271917096,"Down",0.183384510308795,0.837750894814794,"GO:0007159","leukocyte cell-cell adhesion"
18,0.0847417773914012,"Down",0.183580190634695,0.837750894814794,"GO:0048025","negative regulation of mRNA splicing, via spliceosome"
17,0.0220423579601288,"Down",0.183861624794595,0.837750894814794,"GO:0007026","negative regulation of microtubule depolymerization"
19,0.0358003841971156,"Down",0.183865487350447,0.837750894814794,"GO:0035872","nucleotide-binding domain, leucine rich repeat containing receptor signaling pathway"
19,0.0358003841971156,"Down",0.183865487350447,0.837750894814794,"GO:0070423","nucleotide-binding oligomerization domain containing signaling pathway"
32,0.0351962611676324,"Up",0.184161950203079,0.837750894814794,"GO:0090148","membrane fission"
19,-0.00379665444431022,"Down",0.184835409174101,0.837750894814794,"GO:0035510","DNA dealkylation"
318,0.0161369558524452,"Down",0.184943479105784,0.837750894814794,"GO:0032870","cellular response to hormone stimulus"
189,0.0300961790631697,"Down",0.185065817665883,0.837750894814794,"GO:0009895","negative regulation of catabolic process"
39,0.023807392127253,"Up",0.186049423831188,0.837750894814794,"GO:0006801","superoxide metabolic process"
55,0.0276054446645199,"Up",0.186231686411048,0.837750894814794,"GO:0019915","lipid storage"
36,0.0323563875813376,"Down",0.186415290255857,0.837750894814794,"GO:0043966","histone H3 acetylation"
108,0.0325789135938336,"Down",0.18647722036462,0.837750894814794,"GO:0007623","circadian rhythm"
85,0.00645039285000893,"Up",0.187002109793459,0.837750894814794,"GO:0007030","Golgi organization"
18,-0.0170763790625358,"Down",0.187022138672067,0.837750894814794,"GO:0007606","sensory perception of chemical stimulus"
65,0.0208966420519352,"Down",0.187318010440153,0.837750894814794,"GO:2001252","positive regulation of chromosome organization"
87,0.0234615315031474,"Up",0.187461035037486,0.837750894814794,"GO:1905952","regulation of lipid localization"
139,0.012522298414176,"Down",0.187649717851089,0.837750894814794,"GO:0044262","cellular carbohydrate metabolic process"
273,0.0174021037613275,"Down",0.188720756241781,0.837750894814794,"GO:0006281","DNA repair"
16,0.00801008834130734,"Up",0.188848072694424,0.837750894814794,"GO:0071404","cellular response to low-density lipoprotein particle stimulus"
62,-0.0107571806250391,"Down",0.189336784875878,0.837750894814794,"GO:0001838","embryonic epithelial tube formation"
38,0.0201671883616097,"Up",0.189342557341427,0.837750894814794,"GO:0002228","natural killer cell mediated immunity"
146,0.0165617241764652,"Down",0.1895193466671,0.837750894814794,"GO:0098813","nuclear chromosome segregation"
101,0.00172066377400062,"Down",0.18954480282942,0.837750894814794,"GO:0007051","spindle organization"
126,0.00939599306488483,"Down",0.189595220622797,0.837750894814794,"GO:0007611","learning or memory"
175,0.0671102157067966,"Down",0.189616168578617,0.837750894814794,"GO:0000377","RNA splicing, via transesterification reactions with bulged adenosine as nucleophile"
175,0.0671102157067966,"Down",0.189616168578617,0.837750894814794,"GO:0000398","mRNA splicing, via spliceosome"
32,-0.0223927830048829,"Down",0.189685089623918,0.837750894814794,"GO:0035019","somatic stem cell population maintenance"
77,0.0116542057287417,"Down",0.189714305573491,0.837750894814794,"GO:0071901","negative regulation of protein serine/threonine kinase activity"
15,0.077680158362113,"Down",0.189837178964452,0.837750894814794,"GO:0006359","regulation of transcription by RNA polymerase III"
77,0.0526572322677034,"Down",0.190276269291517,0.837750894814794,"GO:0050852","T cell receptor signaling pathway"
45,0.00554853442370494,"Down",0.19087540267073,0.837750894814794,"GO:1900024","regulation of substrate adhesion-dependent cell spreading"
21,0.0225236050964268,"Down",0.191341209664089,0.837750894814794,"GO:0006301","postreplication repair"
18,0.0307090714637058,"Down",0.191382085196258,0.837750894814794,"GO:0050820","positive regulation of coagulation"
117,0.0226685825170122,"Down",0.191473287289377,0.837750894814794,"GO:0048588","developmental cell growth"
41,0.0482818149324237,"Up",0.191548854081704,0.837750894814794,"GO:0099024","plasma membrane invagination"
91,0.00788846275996069,"Down",0.191636114676722,0.837750894814794,"GO:0051321","meiotic cell cycle"
36,0.0327722300101272,"Down",0.191842830102248,0.837750894814794,"GO:0071867","response to monoamine"
36,0.0327722300101272,"Down",0.191842830102248,0.837750894814794,"GO:0071869","response to catecholamine"
29,0.0417098212512336,"Up",0.19213214212412,0.837750894814794,"GO:0034142","toll-like receptor 4 signaling pathway"
159,0.0119121892843246,"Down",0.192619901897216,0.837750894814794,"GO:0071375","cellular response to peptide hormone stimulus"
17,0.0268951324364702,"Down",0.192869383014308,0.837750894814794,"GO:0090050","positive regulation of cell migration involved in sprouting angiogenesis"
168,0.0203156623433363,"Down",0.192988532421365,0.837750894814794,"GO:0030217","T cell differentiation"
80,0.00785916069076024,"Up",0.19319090699655,0.837750894814794,"GO:0051260","protein homooligomerization"
37,0.0120449298506595,"Down",0.19333808628402,0.837750894814794,"GO:0046323","glucose import"
345,0.00629037720424841,"Down",0.193374538869577,0.837750894814794,"GO:0120035","regulation of plasma membrane bounded cell projection organization"
238,0.0121531448620498,"Down",0.193620022813937,0.837750894814794,"GO:0046700","heterocycle catabolic process"
20,0.0017368305419951,"Down",0.193818832836847,0.837750894814794,"GO:0036474","cell death in response to hydrogen peroxide"
197,0.0141077838356625,"Down",0.193998368866597,0.837750894814794,"GO:0070661","leukocyte proliferation"
23,-0.0133849988848116,"Down",0.194900468464164,0.837750894814794,"GO:0043114","regulation of vascular permeability"
31,0.0383576636566285,"Up",0.195267621346119,0.837750894814794,"GO:0034205","amyloid-beta formation"
21,0.00408922220767052,"Up",0.1955724745968,0.837750894814794,"GO:0006584","catecholamine metabolic process"
21,0.00408922220767052,"Up",0.1955724745968,0.837750894814794,"GO:0009712","catechol-containing compound metabolic process"
82,0.00945641049684222,"Up",0.195585116210774,0.837750894814794,"GO:0009749","response to glucose"
74,0.00939296580925023,"Up",0.195670879936658,0.837750894814794,"GO:0000045","autophagosome assembly"
51,-0.00121652026824411,"Down",0.19568785044273,0.837750894814794,"GO:0030326","embryonic limb morphogenesis"
51,-0.00121652026824411,"Down",0.19568785044273,0.837750894814794,"GO:0035113","embryonic appendage morphogenesis"
167,0.0134154595802079,"Down",0.195715787789194,0.837750894814794,"GO:0051054","positive regulation of DNA metabolic process"
36,0.0471849014284519,"Down",0.195759118233203,0.837750894814794,"GO:0043967","histone H4 acetylation"
34,0.0476150859572753,"Down",0.196035701735407,0.837750894814794,"GO:0009299","mRNA transcription"
47,-0.00654602025983177,"Up",0.196246743300972,0.837750894814794,"GO:1900542","regulation of purine nucleotide metabolic process"
40,0.0501417164481471,"Up",0.196257822880933,0.837750894814794,"GO:0002027","regulation of heart rate"
179,0.0674711108685911,"Down",0.196389904927205,0.837750894814794,"GO:0000375","RNA splicing, via transesterification reactions"
66,0.0178733951664962,"Down",0.196405652471624,0.837750894814794,"GO:0007292","female gamete generation"
42,0.250838219675633,"Up",0.196621368923403,0.837750894814794,"GO:0010257","NADH dehydrogenase complex assembly"
42,0.250838219675633,"Up",0.196621368923403,0.837750894814794,"GO:0032981","mitochondrial respiratory chain complex I assembly"
25,0.0394335596211469,"Up",0.196699791242909,0.837750894814794,"GO:0045324","late endosome to vacuole transport"
65,0.0255994998987016,"Down",0.196791224493923,0.837750894814794,"GO:0035710","CD4-positive, alpha-beta T cell activation"
295,0.00560712377125957,"Down",0.19692489072614,0.837750894814794,"GO:0000226","microtubule cytoskeleton organization"
87,0.00186816164429186,"Down",0.197705629470394,0.837750894814794,"GO:0000075","cell cycle checkpoint signaling"
52,0.0120815139010099,"Down",0.198084045512075,0.837750894814794,"GO:0035194","post-transcriptional gene silencing by RNA"
29,0.0605313659979433,"Down",0.198523498165072,0.837750894814794,"GO:0010171","body morphogenesis"
293,0.00997177839257685,"Down",0.198533851117917,0.837750894814794,"GO:0099536","synaptic signaling"
39,0.00372722467706358,"Down",0.198806259464418,0.837750894814794,"GO:0031102","neuron projection regeneration"
466,0.00894752900447785,"Up",0.198919004325214,0.837750894814794,"GO:0048878","chemical homeostasis"
105,0.00922037141646084,"Down",0.198924713211836,0.837750894814794,"GO:0050803","regulation of synapse structure or activity"
104,0.0105839246659516,"Down",0.199054901241587,0.837750894814794,"GO:0050807","regulation of synapse organization"
38,0.00626986931318274,"Down",0.199259696030971,0.837750894814794,"GO:0003170","heart valve development"
17,0.0734469922978712,"Up",0.199309615870413,0.837750894814794,"GO:0001911","negative regulation of leukocyte mediated cytotoxicity"
18,0.0123682836809313,"Down",0.199529052093243,0.837750894814794,"GO:0060674","placenta blood vessel development"
16,0.0459811710335397,"Up",0.199920238913319,0.837750894814794,"GO:0039702","viral budding via host ESCRT complex"
63,0.000735536332859456,"Down",0.200154435106068,0.837750894814794,"GO:0120034","positive regulation of plasma membrane bounded cell projection assembly"
50,0.0139256201719778,"Down",0.200197731780297,0.837750894814794,"GO:0072332","intrinsic apoptotic signaling pathway by p53 class mediator"
36,-0.0102836874657417,"Down",0.200353384078886,0.837750894814794,"GO:0016447","somatic recombination of immunoglobulin gene segments"
20,0.162663426905162,"Down",0.200523231390296,0.837750894814794,"GO:0061844","antimicrobial humoral immune response mediated by antimicrobial peptide"
241,0.00622529169261202,"Down",0.20066584925944,0.837750894814794,"GO:0048285","organelle fission"
42,0.00774136706072734,"Down",0.200766187204075,0.837750894814794,"GO:0048706","embryonic skeletal system development"
58,0.000486020364798205,"Down",0.201085357405592,0.837750894814794,"GO:0010927","cellular component assembly involved in morphogenesis"
29,0.0333638514433151,"Up",0.201098192098165,0.837750894814794,"GO:0032008","positive regulation of TOR signaling"
29,-0.00140090148127202,"Down",0.201141720527618,0.837750894814794,"GO:0033047","regulation of mitotic sister chromatid segregation"
85,0.0131393126530826,"Up",0.201659307496131,0.837750894814794,"GO:0009746","response to hexose"
38,0.05842236668446,"Down",0.201828186497512,0.837750894814794,"GO:0051438","regulation of ubiquitin-protein transferase activity"
55,0.0081202164118162,"Down",0.202321959391188,0.837750894814794,"GO:0030516","regulation of axon extension"
74,0.0048553892617998,"Down",0.202346292068132,0.837750894814794,"GO:0048592","eye morphogenesis"
35,0.0338340143185739,"Up",0.202352438628103,0.837750894814794,"GO:0050435","amyloid-beta metabolic process"
23,0.0964804559772865,"Down",0.202665249440889,0.837750894814794,"GO:0033119","negative regulation of RNA splicing"
492,0.0139664627348425,"Down",0.202913700019162,0.837750894814794,"GO:0045597","positive regulation of cell differentiation"
122,0.111889888791534,"Down",0.203035292600301,0.837750894814794,"GO:0022618","ribonucleoprotein complex assembly"
125,0.109600882713901,"Down",0.203037536269104,0.837750894814794,"GO:0071826","ribonucleoprotein complex subunit organization"
36,0.00502796651371249,"Down",0.203170180255784,0.837750894814794,"GO:0045665","negative regulation of neuron differentiation"
57,0.0327993463744047,"Down",0.203280395209389,0.837750894814794,"GO:0006446","regulation of translational initiation"
371,0.0135329757860774,"Down",0.203469306379113,0.837750894814794,"GO:0050865","regulation of cell activation"
50,0.0405715202278304,"Down",0.203504713732267,0.837750894814794,"GO:0007492","endoderm development"
15,0.0256671062618088,"Down",0.203557332421654,0.837750894814794,"GO:1902455","negative regulation of stem cell population maintenance"
45,0.00911809162489593,"Down",0.203609228009864,0.837750894814794,"GO:0032418","lysosome localization"
45,0.00911809162489593,"Down",0.203609228009864,0.837750894814794,"GO:1990849","vacuolar localization"
41,-0.000628224632735136,"Down",0.203741044758631,0.837750894814794,"GO:0032233","positive regulation of actin filament bundle assembly"
52,0.0118709919623655,"Down",0.20384860103363,0.837750894814794,"GO:1901890","positive regulation of cell junction assembly"
275,0.0102485958645537,"Down",0.204018833729886,0.837750894814794,"GO:0007268","chemical synaptic transmission"
275,0.0102485958645537,"Down",0.204018833729886,0.837750894814794,"GO:0098916","anterograde trans-synaptic signaling"
42,-0.00326471647767394,"Down",0.204110158938687,0.837750894814794,"GO:0010761","fibroblast migration"
22,0.0317045187550479,"Down",0.20412401026746,0.837750894814794,"GO:0033003","regulation of mast cell activation"
30,0.0184696955885419,"Down",0.204552322462947,0.837750894814794,"GO:0043551","regulation of phosphatidylinositol 3-kinase activity"
27,0.0257361848941047,"Down",0.204634675246329,0.837750894814794,"GO:1901031","regulation of response to reactive oxygen species"
35,0.0374698524672386,"Down",0.204814761030908,0.837750894814794,"GO:0071385","cellular response to glucocorticoid stimulus"
54,0.0309322974921127,"Down",0.204823655073717,0.837750894814794,"GO:0042100","B cell proliferation"
74,0.0258000078940088,"Down",0.204947445023184,0.837750894814794,"GO:0009952","anterior/posterior pattern specification"
74,0.0443485710030611,"Down",0.204967568846443,0.837750894814794,"GO:0000725","recombinational repair"
21,0.0538875975325964,"Down",0.20499813943145,0.837750894814794,"GO:0043372","positive regulation of CD4-positive, alpha-beta T cell differentiation"
51,0.00414838116198418,"Down",0.205197997039199,0.837750894814794,"GO:0002028","regulation of sodium ion transport"
43,0.0849121406925893,"Up",0.205276989350485,0.837750894814794,"GO:0002548","monocyte chemotaxis"
251,0.0548429473142989,"Down",0.205509373634586,0.837750894814794,"GO:0008380","RNA splicing"
25,-0.00796408307932529,"Down",0.205529360061446,0.837750894814794,"GO:0030857","negative regulation of epithelial cell differentiation"
40,0.0119101490983721,"Down",0.205600353616588,0.837750894814794,"GO:2000756","regulation of peptidyl-lysine acetylation"
78,0.00611088507048757,"Down",0.205711125634802,0.837750894814794,"GO:0035303","regulation of dephosphorylation"
62,0.0108241937283336,"Down",0.206001527391209,0.837750894814794,"GO:1990823","response to leukemia inhibitory factor"
22,0.0101809901241407,"Down",0.206837494763781,0.837750894814794,"GO:0010765","positive regulation of sodium ion transport"
17,0.105453316265249,"Down",0.206937561837088,0.837750894814794,"GO:0019081","viral translation"
49,-0.00406661799133135,"Up",0.207118971120567,0.837750894814794,"GO:0032507","maintenance of protein location in cell"
30,0.0116640621389827,"Down",0.207176309544839,0.837750894814794,"GO:1900026","positive regulation of substrate adhesion-dependent cell spreading"
21,0.207519684345521,"Up",0.207786789345098,0.837750894814794,"GO:1905523","positive regulation of macrophage migration"
237,0.0102691623346738,"Down",0.208082598067287,0.837750894814794,"GO:0031589","cell-substrate adhesion"
71,-0.0066757795977564,"Down",0.208832122784866,0.837750894814794,"GO:0030168","platelet activation"
49,0.0201494416149383,"Down",0.209029702224162,0.837750894814794,"GO:0051591","response to cAMP"
24,0.0388806101253963,"Up",0.209079639347964,0.837750894814794,"GO:0002715","regulation of natural killer cell mediated immunity"
52,-0.00482391195245641,"Down",0.209148025841543,0.837750894814794,"GO:2000134","negative regulation of G1/S transition of mitotic cell cycle"
36,-0.0226055556254806,"Down",0.209352638328151,0.837750894814794,"GO:0050732","negative regulation of peptidyl-tyrosine phosphorylation"
62,0.0184984820352341,"Down",0.209741683013678,0.837750894814794,"GO:0000018","regulation of DNA recombination"
20,-0.0104495558940894,"Down",0.209927087717577,0.837750894814794,"GO:0003176","aortic valve development"
30,-0.012840378600556,"Down",0.210017917417215,0.837750894814794,"GO:1902017","regulation of cilium assembly"
61,0.00218605677768857,"Down",0.210297872545519,0.837750894814794,"GO:0140013","meiotic nuclear division"
16,-0.0325833906547379,"Up",0.210325027956601,0.837750894814794,"GO:0042491","inner ear auditory receptor cell differentiation"
92,0.0211805184440018,"Down",0.210437352846923,0.837750894814794,"GO:0030178","negative regulation of Wnt signaling pathway"
30,0.00663580659544614,"Down",0.210505706844361,0.837750894814794,"GO:0043124","negative regulation of I-kappaB kinase/NF-kappaB signaling"
32,0.0239056394970732,"Down",0.210885029318135,0.837750894814794,"GO:0032873","negative regulation of stress-activated MAPK cascade"
32,0.0239056394970732,"Down",0.210885029318135,0.837750894814794,"GO:0070303","negative regulation of stress-activated protein kinase signaling cascade"
15,-0.0215672074842451,"Down",0.211047645905822,0.837750894814794,"GO:0051383","kinetochore organization"
391,0.00943312392373559,"Down",0.211456536124979,0.837750894814794,"GO:0032989","cellular component morphogenesis"
76,-0.00245097721031028,"Down",0.212103939918601,0.837750894814794,"GO:0046488","phosphatidylinositol metabolic process"
20,-0.0234401346226068,"Up",0.212557285086716,0.837750894814794,"GO:0060119","inner ear receptor cell development"
84,0.0232249430109286,"Up",0.212594644760562,0.837750894814794,"GO:0006888","endoplasmic reticulum to Golgi vesicle-mediated transport"
17,0.00596053528113244,"Down",0.213104361207028,0.837750894814794,"GO:0039694","viral RNA genome replication"
113,0.0217852157993819,"Down",0.213433558927728,0.837750894814794,"GO:2000058","regulation of ubiquitin-dependent protein catabolic process"
72,0.0399041422155232,"Down",0.213827214915499,0.837750894814794,"GO:0000724","double-strand break repair via homologous recombination"
15,-0.0205635524864085,"Up",0.213896378208137,0.837750894814794,"GO:0098901","regulation of cardiac muscle cell action potential"
31,-0.0186023265676242,"Up",0.213971753653243,0.837750894814794,"GO:0008652","cellular amino acid biosynthetic process"
62,-0.00447433465748982,"Up",0.214170970942426,0.837750894814794,"GO:0032091","negative regulation of protein binding"
112,0.0164766381323275,"Down",0.214719016948626,0.837750894814794,"GO:0043405","regulation of MAP kinase activity"
30,0.0545189785397015,"Down",0.214987318505484,0.837750894814794,"GO:0051568","histone H3-K4 methylation"
18,0.123043479996961,"Up",0.215060582609961,0.837750894814794,"GO:0007007","inner mitochondrial membrane organization"
29,0.0472804500103524,"Up",0.215279705884316,0.837750894814794,"GO:0045454","cell redox homeostasis"
123,0.0197698583789029,"Down",0.215324441843067,0.837750894814794,"GO:0050866","negative regulation of cell activation"
41,0.00250484293578648,"Down",0.215548135017281,0.837750894814794,"GO:0019218","regulation of steroid metabolic process"
23,-0.00445077314083553,"Down",0.215799849878766,0.837750894814794,"GO:1902624","positive regulation of neutrophil migration"
297,0.0113847787897386,"Down",0.21580116648293,0.837750894814794,"GO:0045785","positive regulation of cell adhesion"
41,-0.00743420480171757,"Down",0.216025160715781,0.837750894814794,"GO:0060291","long-term synaptic potentiation"
65,0.0339419164704444,"Down",0.216029497550338,0.837750894814794,"GO:0001776","leukocyte homeostasis"
32,0.064531967164762,"Up",0.216172596017257,0.837750894814794,"GO:0043277","apoptotic cell clearance"
75,0.0111457411895395,"Up",0.21618744100966,0.837750894814794,"GO:1905037","autophagosome organization"
18,-0.00680141090638891,"Down",0.216462855924082,0.837750894814794,"GO:0035825","homologous recombination"
111,0.00799658389407495,"Down",0.216684870781139,0.837750894814794,"GO:0000070","mitotic sister chromatid segregation"
23,0.102443074337791,"Down",0.21670199976979,0.837750894814794,"GO:0006356","regulation of transcription by RNA polymerase I"
57,0.0162681765343407,"Down",0.217036266758207,0.837750894814794,"GO:0090288","negative regulation of cellular response to growth factor stimulus"
46,-0.00499433997820037,"Down",0.21765927045985,0.837750894814794,"GO:0042058","regulation of epidermal growth factor receptor signaling pathway"
201,0.0152924788835823,"Up",0.21772523657338,0.837750894814794,"GO:0016236","macroautophagy"
81,0.00267714191094275,"Down",0.217977966751218,0.837750894814794,"GO:0007229","integrin-mediated signaling pathway"
90,0.00360644880803104,"Down",0.218006695729333,0.837750894814794,"GO:0070646","protein modification by small protein removal"
52,-0.0101816394003382,"Down",0.218705086411824,0.837750894814794,"GO:0043242","negative regulation of protein-containing complex disassembly"
38,0.00405069176762677,"Up",0.218918003342426,0.837750894814794,"GO:0008333","endosome to lysosome transport"
35,0.00231241434485249,"Down",0.219210455110305,0.837750894814794,"GO:0043297","apical junction assembly"
51,0.0149353367922987,"Down",0.219288129857616,0.837750894814794,"GO:0048864","stem cell development"
204,0.00543429737149989,"Down",0.219531114882016,0.837750894814794,"GO:0032535","regulation of cellular component size"
45,0.00329860392178163,"Down",0.219632093890127,0.837750894814794,"GO:0022037","metencephalon development"
426,0.00750922485570609,"Down",0.219652103894088,0.837750894814794,"GO:0043549","regulation of kinase activity"
30,0.00226985044835328,"Down",0.219766551947063,0.837750894814794,"GO:0031124","mRNA 3'-end processing"
416,0.0649506714442354,"Down",0.219847221767846,0.837750894814794,"GO:0006412","translation"
68,0.022952449454338,"Up",0.21987660721987,0.837750894814794,"GO:0032368","regulation of lipid transport"
16,-0.0152805992508323,"Down",0.220083029340364,0.837750894814794,"GO:1904752","regulation of vascular associated smooth muscle cell migration"
90,-0.00101441102023848,"Up",0.220455553860216,0.837750894814794,"GO:0072330","monocarboxylic acid biosynthetic process"
29,0.0126546760383396,"Down",0.221008591747614,0.837750894814794,"GO:0050805","negative regulation of synaptic transmission"
313,0.0108086292759419,"Up",0.221075790395804,0.837750894814794,"GO:0055082","cellular chemical homeostasis"
70,0.0125995366791197,"Down",0.221442868123672,0.837750894814794,"GO:0010675","regulation of cellular carbohydrate metabolic process"
150,0.0167912953624036,"Down",0.221466900601826,0.837750894814794,"GO:0032259","methylation"
38,0.0456898798978196,"Down",0.22146952090031,0.837750894814794,"GO:0071384","cellular response to corticosteroid stimulus"
16,0.108760072865486,"Down",0.221772660143601,0.837750894814794,"GO:1901522","positive regulation of transcription from RNA polymerase II promoter involved in cellular response to chemical stimulus"
27,-0.0131566683097004,"Down",0.222037548075196,0.837750894814794,"GO:1900087","positive regulation of G1/S transition of mitotic cell cycle"
23,0.0222174238020289,"Down",0.222179953865447,0.837750894814794,"GO:0043631","RNA polyadenylation"
89,0.00739317095799637,"Down",0.222381866750554,0.837750894814794,"GO:0050864","regulation of B cell activation"
22,0.00015530921898685,"Up",0.222715125043443,0.837750894814794,"GO:0016242","negative regulation of macroautophagy"
28,-0.00369810429669987,"Up",0.222824208297208,0.837750894814794,"GO:0038202","TORC1 signaling"
18,-0.0186299900321681,"Down",0.222889288856284,0.837750894814794,"GO:0051932","synaptic transmission, GABAergic"
19,0.0475876490697161,"Down",0.222951712343174,0.837750894814794,"GO:0031114","regulation of microtubule depolymerization"
29,0.000245258817280452,"Down",0.223088726662509,0.837750894814794,"GO:1990089","response to nerve growth factor"
29,0.000245258817280452,"Down",0.223088726662509,0.837750894814794,"GO:1990090","cellular response to nerve growth factor stimulus"
25,0.0324463196715816,"Up",0.223782450162595,0.837750894814794,"GO:0019068","virion assembly"
18,-0.0236728675873782,"Down",0.223893125483544,0.837750894814794,"GO:0032205","negative regulation of telomere maintenance"
51,0.0117830425664713,"Down",0.224499683237827,0.837750894814794,"GO:0046785","microtubule polymerization"
24,0.00530052989350953,"Down",0.225032532965507,0.837750894814794,"GO:0010828","positive regulation of glucose transmembrane transport"
21,0.0698340233079199,"Up",0.225323896782598,0.837750894814794,"GO:0010742","macrophage derived foam cell differentiation"
428,0.0632362301064806,"Down",0.225340043784929,0.837750894814794,"GO:0043043","peptide biosynthetic process"
18,0.0474106776119983,"Down",0.225392816971926,0.837750894814794,"GO:0071108","protein K48-linked deubiquitination"
15,-0.00282954955974482,"Down",0.225440859771832,0.837750894814794,"GO:2000209","regulation of anoikis"
25,-0.0273860489443654,"Down",0.225962917535563,0.837750894814794,"GO:0046164","alcohol catabolic process"
65,0.00159103489102528,"Up",0.226081430318112,0.837750894814794,"GO:0045807","positive regulation of endocytosis"
37,0.0149927635288142,"Down",0.226101561219742,0.837750894814794,"GO:0061035","regulation of cartilage development"
64,0.00803113383043112,"Up",0.226237519591682,0.837750894814794,"GO:0016125","sterol metabolic process"
22,-0.029250014649153,"Down",0.226618806852049,0.837750894814794,"GO:0010165","response to X-ray"
49,0.0028571618731437,"Down",0.226836616614428,0.837750894814794,"GO:0015914","phospholipid transport"
18,0.0496002652828612,"Down",0.227017338263541,0.837750894814794,"GO:0035520","monoubiquitinated protein deubiquitination"
20,0.0522883659012535,"Up",0.227128630226339,0.837750894814794,"GO:0016073","snRNA metabolic process"
184,0.00374572740467532,"Down",0.227170758333936,0.837750894814794,"GO:0050878","regulation of body fluid levels"
46,0.00574556652797273,"Down",0.227175120499451,0.837750894814794,"GO:0006513","protein monoubiquitination"
16,0.115493044453307,"Down",0.227749636705072,0.83895898874112,"GO:0048741","skeletal muscle fiber development"
58,-0.0030715842658539,"Down",0.227958183422872,0.83895898874112,"GO:0000077","DNA damage checkpoint signaling"
78,0.0107555316535168,"Up",0.228303868097114,0.839171604813479,"GO:0006665","sphingolipid metabolic process"
41,0.0162190732208137,"Down",0.229047268621033,0.839171604813479,"GO:1904705","regulation of vascular associated smooth muscle cell proliferation"
240,0.00320264941573376,"Up",0.229643465084126,0.839171604813479,"GO:0055065","metal ion homeostasis"
175,0.0202729938695523,"Down",0.229748317604096,0.839171604813479,"GO:0002253","activation of immune response"
90,-0.00497318923214739,"Down",0.22975021598889,0.839171604813479,"GO:0051494","negative regulation of cytoskeleton organization"
38,0.0308180780956919,"Down",0.229750814621458,0.839171604813479,"GO:0042306","regulation of protein import into nucleus"
45,0.00600996769966561,"Down",0.229780254893362,0.839171604813479,"GO:0070227","lymphocyte apoptotic process"
53,-0.0130017599892528,"Down",0.229979759822355,0.839171604813479,"GO:0014020","primary neural tube formation"
22,0.0377231293706906,"Down",0.230573140247547,0.839171604813479,"GO:0006378","mRNA polyadenylation"
79,0.00504314515338936,"Down",0.230730864422284,0.839171604813479,"GO:0016579","protein deubiquitination"
63,0.181776976141432,"Up",0.230897245985149,0.839171604813479,"GO:0033108","mitochondrial respiratory chain complex assembly"
164,0.0116692156497398,"Down",0.230925840910478,0.839171604813479,"GO:0002263","cell activation involved in immune response"
25,0.00378300845192284,"Down",0.230992593853715,0.839171604813479,"GO:1902476","chloride transmembrane transport"
26,-0.00131356615753309,"Up",0.231340972457151,0.839171604813479,"GO:1902686","mitochondrial outer membrane permeabilization involved in programmed cell death"
15,0.00142774734011775,"Up",0.231722467522154,0.839171604813479,"GO:0044090","positive regulation of vacuole organization"
30,-0.00162413781765074,"Down",0.231868489038811,0.839171604813479,"GO:0002067","glandular epithelial cell differentiation"
61,0.0296713789878849,"Up",0.231970127939777,0.839171604813479,"GO:0015918","sterol transport"
22,-0.00828165425370994,"Down",0.232238190223168,0.839171604813479,"GO:1905314","semi-lunar valve development"
20,0.0640749050801503,"Down",0.232575505184259,0.839171604813479,"GO:0070229","negative regulation of lymphocyte apoptotic process"
200,0.0662482952879163,"Up",0.232706129079731,0.839171604813479,"GO:0015980","energy derivation by oxidation of organic compounds"
37,0.0298488902139307,"Down",0.232799506004174,0.839171604813479,"GO:0060337","type I interferon signaling pathway"
28,-0.02486485002745,"Up",0.233299753576304,0.839788726997914,"GO:0060113","inner ear receptor cell differentiation"
26,0.0748596560504619,"Down",0.233426616841983,0.839788726997914,"GO:0000184","nuclear-transcribed mRNA catabolic process, nonsense-mediated decay"
23,0.0488897685704181,"Down",0.233938370917843,0.840306632977489,"GO:0048753","pigment granule organization"
45,0.0140510343267703,"Down",0.234026765861809,0.840306632977489,"GO:0033077","T cell differentiation in thymus"
64,0.00867530674072465,"Down",0.234537802470906,0.84071753836946,"GO:2000117","negative regulation of cysteine-type endopeptidase activity"
246,0.00951820228824948,"Down",0.23459761928442,0.84071753836946,"GO:0001501","skeletal system development"
16,-0.00292715660431368,"Down",0.235626765362401,0.841277536805955,"GO:0006654","phosphatidic acid biosynthetic process"
16,-0.00292715660431368,"Down",0.235626765362401,0.841277536805955,"GO:0046473","phosphatidic acid metabolic process"
15,-0.0109468426372023,"Down",0.235795329217906,0.841277536805955,"GO:0035162","embryonic hemopoiesis"
115,0.0154148387842607,"Down",0.235800954116906,0.841277536805955,"GO:1901888","regulation of cell junction assembly"
280,0.0170804340585295,"Down",0.236023133338453,0.841277536805955,"GO:0034248","regulation of cellular amide metabolic process"
47,-0.0169972575191542,"Up",0.237208938602002,0.841277536805955,"GO:0006766","vitamin metabolic process"
21,-0.0149862565132607,"Up",0.237263642236289,0.841277536805955,"GO:0002701","negative regulation of production of molecular mediator of immune response"
192,0.0102650284873219,"Down",0.23748386755271,0.841277536805955,"GO:0022409","positive regulation of cell-cell adhesion"
305,0.0141351229204934,"Down",0.23764526794985,0.841277536805955,"GO:1902532","negative regulation of intracellular signal transduction"
30,-0.0120971366528938,"Down",0.237721334237993,0.841277536805955,"GO:0002204","somatic recombination of immunoglobulin genes involved in immune response"
30,-0.0120971366528938,"Down",0.237721334237993,0.841277536805955,"GO:0002208","somatic diversification of immunoglobulins involved in immune response"
30,-0.0120971366528938,"Down",0.237721334237993,0.841277536805955,"GO:0045190","isotype switching"
51,0.0306933457904137,"Down",0.237722561296145,0.841277536805955,"GO:0032392","DNA geometric change"
31,0.00854210424580617,"Up",0.238282211373874,0.842167688399835,"GO:0046513","ceramide biosynthetic process"
160,0.0122092517966924,"Down",0.238773040076625,0.842167688399835,"GO:0002366","leukocyte activation involved in immune response"
53,0.00854761742599828,"Down",0.238994850716102,0.842167688399835,"GO:0008645","hexose transmembrane transport"
53,0.00854761742599828,"Down",0.238994850716102,0.842167688399835,"GO:1904659","glucose transmembrane transport"
31,0.0287381404616788,"Down",0.239117101538064,0.842167688399835,"GO:0042789","mRNA transcription by RNA polymerase II"
32,0.0862547243628691,"Down",0.239953969631506,0.843944285005027,"GO:0002183","cytoplasmic translational initiation"
31,-0.00604778796739998,"Down",0.240079698883081,0.843944285005027,"GO:0085029","extracellular matrix assembly"
49,0.0194519335906869,"Up",0.240979009347065,0.845119479072371,"GO:0072665","protein localization to vacuole"
16,0.0187101376854658,"Down",0.241383139123545,0.845119479072371,"GO:0045684","positive regulation of epidermis development"
74,0.0281022499153747,"Down",0.241469178499901,0.845119479072371,"GO:0006997","nucleus organization"
21,-0.0243515850534352,"Down",0.2416771452282,0.845119479072371,"GO:0045005","DNA-templated DNA replication maintenance of fidelity"
16,-0.0396034646808351,"Down",0.241996364833946,0.845119479072371,"GO:0046639","negative regulation of alpha-beta T cell differentiation"
40,0.00116960295191433,"Up",0.243600546670611,0.845119479072371,"GO:0009166","nucleotide catabolic process"
22,0.0475044035868853,"Up",0.243731206324911,0.845119479072371,"GO:0090077","foam cell differentiation"
326,0.0137601623564436,"Down",0.243853546907904,0.845119479072371,"GO:0048589","developmental growth"
245,0.00855111741794353,"Down",0.243861412611995,0.845119479072371,"GO:0019439","aromatic compound catabolic process"
263,0.00614487983214668,"Down",0.244234158099286,0.845119479072371,"GO:0002009","morphogenesis of an epithelium"
61,0.0132317485416609,"Down",0.244262576146395,0.845119479072371,"GO:1990830","cellular response to leukemia inhibitory factor"
47,0.0108339766050717,"Down",0.244274288725641,0.845119479072371,"GO:0061515","myeloid cell development"
217,0.0107014658780943,"Down",0.24432728956016,0.845119479072371,"GO:1903037","regulation of leukocyte cell-cell adhesion"
64,-0.0030548987526097,"Down",0.244923535946861,0.845119479072371,"GO:0043535","regulation of blood vessel endothelial cell migration"
451,0.00305377000836704,"Down",0.245163909326129,0.845119479072371,"GO:0070925","organelle assembly"
36,0.0909981252201761,"Down",0.24538031279896,0.845119479072371,"GO:2000059","negative regulation of ubiquitin-dependent protein catabolic process"
138,0.00909722194640476,"Down",0.245599651915763,0.845119479072371,"GO:0000209","protein polyubiquitination"
29,-0.0162515696920648,"Down",0.245826025206262,0.845119479072371,"GO:0070169","positive regulation of biomineral tissue development"
29,-0.0162515696920648,"Down",0.245826025206262,0.845119479072371,"GO:0110151","positive regulation of biomineralization"
23,0.0250259877752279,"Up",0.245952635210291,0.845119479072371,"GO:0036258","multivesicular body assembly"
46,0.0201741617528021,"Down",0.246204014503833,0.845119479072371,"GO:1903035","negative regulation of response to wounding"
76,0.0017784908585708,"Down",0.246397241603686,0.845119479072371,"GO:0048813","dendrite morphogenesis"
23,-0.0299594032703956,"Down",0.246691028099393,0.845119479072371,"GO:0045191","regulation of isotype switching"
30,0.0027080020650547,"Down",0.246938970152964,0.845119479072371,"GO:0006305","DNA alkylation"
30,0.0027080020650547,"Down",0.246938970152964,0.845119479072371,"GO:0006306","DNA methylation"
27,-0.0196707517862379,"Down",0.246995941557665,0.845119479072371,"GO:0030501","positive regulation of bone mineralization"
262,0.0132477002673521,"Down",0.247554428445179,0.845119479072371,"GO:1905114","cell surface receptor signaling pathway involved in cell-cell signaling"
30,0.105980905421035,"Up",0.247930152424093,0.845119479072371,"GO:0001774","microglial cell activation"
50,-0.0156577582621503,"Down",0.247965369517319,0.845119479072371,"GO:0001843","neural tube closure"
50,-0.0156577582621503,"Down",0.247965369517319,0.845119479072371,"GO:0060606","tube closure"
219,0.0101472431218447,"Down",0.248123872187745,0.845119479072371,"GO:0043434","response to peptide hormone"
18,-0.0398967084717016,"Down",0.248210586224478,0.845119479072371,"GO:0046823","negative regulation of nucleocytoplasmic transport"
18,0.111739330268423,"Up",0.24831944815466,0.845119479072371,"GO:0003044","regulation of systemic arterial blood pressure mediated by a chemical signal"
93,0.0172778354971753,"Down",0.248538256611666,0.845119479072371,"GO:2001022","positive regulation of response to DNA damage stimulus"
284,0.0467698586994212,"Up",0.248559370705967,0.845119479072371,"GO:0006091","generation of precursor metabolites and energy"
26,-0.0144422500626851,"Down",0.248672506871458,0.845119479072371,"GO:0042733","embryonic digit morphogenesis"
49,-0.00156411522531859,"Down",0.249040705338039,0.84559074512934,"GO:0010921","regulation of phosphatase activity"
31,0.0653608275823305,"Down",0.250182715131752,0.846243668706745,"GO:0002711","positive regulation of T cell mediated immunity"
489,0.0427091868575525,"Down",0.250437621358319,0.846243668706745,"GO:0043604","amide biosynthetic process"
26,0.0495325747796151,"Down",0.250506127604292,0.846243668706745,"GO:0001658","branching involved in ureteric bud morphogenesis"
26,0.110668473770525,"Down",0.25061563167607,0.846243668706745,"GO:0001782","B cell homeostasis"
20,0.0171248465584173,"Up",0.250644177734858,0.846243668706745,"GO:0010758","regulation of macrophage chemotaxis"
17,0.0147128186808138,"Down",0.250776672698804,0.846243668706745,"GO:0061311","cell surface receptor signaling pathway involved in heart development"
16,0.0151652557419768,"Down",0.25120046373848,0.846243668706745,"GO:1903020","positive regulation of glycoprotein metabolic process"
271,0.0194888123567945,"Down",0.251406608147324,0.846243668706745,"GO:0050778","positive regulation of immune response"
31,0.00789104537933407,"Down",0.251840258604839,0.846243668706745,"GO:0050810","regulation of steroid biosynthetic process"
122,0.013274849913141,"Down",0.252126247560172,0.846243668706745,"GO:0021537","telencephalon development"
20,0.03393965727975,"Up",0.252409802457226,0.846243668706745,"GO:0002455","humoral immune response mediated by circulating immunoglobulin"
305,0.0131012632501437,"Down",0.252649293151217,0.846243668706745,"GO:0007507","heart development"
30,0.0310227058595022,"Down",0.252667978110492,0.846243668706745,"GO:0016574","histone ubiquitination"
20,0.0301960150662944,"Down",0.252925581120506,0.846243668706745,"GO:2000758","positive regulation of peptidyl-lysine acetylation"
32,0.0226597880226226,"Down",0.253109270788425,0.846243668706745,"GO:0007405","neuroblast proliferation"
66,0.00622328837684213,"Up",0.253225796640692,0.846243668706745,"GO:0046467","membrane lipid biosynthetic process"
44,0.0250185827142732,"Down",0.253425301901447,0.846243668706745,"GO:0045123","cellular extravasation"
45,0.00857950587364027,"Down",0.254157239053075,0.846243668706745,"GO:2000514","regulation of CD4-positive, alpha-beta T cell activation"
19,-0.00562038877885861,"Down",0.254420866727449,0.846243668706745,"GO:0046326","positive regulation of glucose import"
21,-0.00646327005292268,"Down",0.254499477622467,0.846243668706745,"GO:0033522","histone H2A ubiquitination"
71,0.00919232279041685,"Down",0.254656212833125,0.846243668706745,"GO:0045834","positive regulation of lipid metabolic process"
64,0.00576545434254368,"Down",0.254720812190461,0.846243668706745,"GO:0051225","spindle assembly"
43,0.0584219164533334,"Down",0.254757570561135,0.846243668706745,"GO:0002709","regulation of T cell mediated immunity"
22,0.00489702335544522,"Down",0.254772942944952,0.846243668706745,"GO:1904037","positive regulation of epithelial cell apoptotic process"
35,0.0120642031837284,"Down",0.255195871782194,0.846243668706745,"GO:0051148","negative regulation of muscle cell differentiation"
31,0.108809108150137,"Up",0.255488454130994,0.846243668706745,"GO:0002269","leukocyte activation involved in inflammatory response"
16,-0.0237352776810937,"Down",0.255587939010883,0.846243668706745,"GO:0071549","cellular response to dexamethasone stimulus"
105,0.00893036738401733,"Down",0.255678945576557,0.846243668706745,"GO:0045216","cell-cell junction organization"
45,0.0529725366988343,"Down",0.255906467943935,0.846243668706745,"GO:0045638","negative regulation of myeloid cell differentiation"
30,0.0300420059752317,"Down",0.256306070426054,0.846243668706745,"GO:0042771","intrinsic apoptotic signaling pathway in response to DNA damage by p53 class mediator"
67,-0.0075158664695577,"Down",0.256353945243411,0.846243668706745,"GO:0072175","epithelial tube formation"
31,0.0255991339747656,"Up",0.257678246489092,0.848998320629082,"GO:0061383","trabecula morphogenesis"
31,0.00394084359014434,"Down",0.258293678771288,0.848998320629082,"GO:0046324","regulation of glucose import"
177,0.00615810748811018,"Down",0.258488883366458,0.848998320629082,"GO:0007162","negative regulation of cell adhesion"
27,0.0297780112441165,"Down",0.258521213198445,0.848998320629082,"GO:1904358","positive regulation of telomere maintenance via telomere lengthening"
25,0.0426947339341436,"Down",0.258721945661065,0.848998320629082,"GO:0050856","regulation of T cell receptor signaling pathway"
26,0.00186883837342761,"Down",0.258766095401397,0.848998320629082,"GO:0050795","regulation of behavior"
23,-0.0103654083380594,"Down",0.258825198011496,0.848998320629082,"GO:0050798","activated T cell proliferation"
121,0.0275430385579852,"Down",0.259411865722109,0.848998320629082,"GO:0071383","cellular response to steroid hormone stimulus"
28,0.000410633432680527,"Up",0.259606851760351,0.848998320629082,"GO:0002707","negative regulation of lymphocyte mediated immunity"
23,0.0218234926535869,"Down",0.259690035231009,0.848998320629082,"GO:0047496","vesicle transport along microtubule"
478,0.046223348555577,"Down",0.26000226940933,0.848998320629082,"GO:0006396","RNA processing"
16,0.0835361072250046,"Down",0.26034158437244,0.848998320629082,"GO:0035066","positive regulation of histone acetylation"
40,0.0467427680761179,"Up",0.260386765288612,0.848998320629082,"GO:1905517","macrophage migration"
312,0.0276325201659647,"Up",0.260417015476302,0.848998320629082,"GO:0007005","mitochondrion organization"
154,0.023321187462437,"Down",0.260645249899971,0.848998320629082,"GO:0030522","intracellular receptor signaling pathway"
53,0.00756698951920536,"Down",0.261248882456537,0.849801092510398,"GO:0005976","polysaccharide metabolic process"
343,0.018121765372385,"Down",0.261353050438187,0.849801092510398,"GO:0045596","negative regulation of cell differentiation"
42,0.0181319440728591,"Down",0.261682691000621,0.850122604626356,"GO:0072080","nephron tubule development"
63,0.00774539044748986,"Down",0.262122175527075,0.850490257422843,"GO:0090263","positive regulation of canonical Wnt signaling pathway"
22,0.00199017679725248,"Down",0.262257582093472,0.850490257422843,"GO:0021695","cerebellar cortex development"
88,0.0114585672569993,"Up",0.263385643420546,0.851487711234749,"GO:0002688","regulation of leukocyte chemotaxis"
86,0.0191031237795147,"Down",0.263436263200858,0.851487711234749,"GO:0001952","regulation of cell-matrix adhesion"
15,0.0395512916787488,"Up",0.263611683574942,0.851487711234749,"GO:0060343","trabecula formation"
17,0.151155118396052,"Up",0.263634980223807,0.851487711234749,"GO:0150146","cell junction disassembly"
20,0.00390699824399377,"Up",0.263720813930198,0.851487711234749,"GO:0035767","endothelial cell chemotaxis"
21,0.00661209847533285,"Down",0.264024241447172,0.851720933004711,"GO:0015804","neutral amino acid transport"
19,-0.0305859013947128,"Up",0.26458257879224,0.85220008620629,"GO:1903580","positive regulation of ATP metabolic process"
42,0.0212624466363734,"Down",0.264635423078175,0.85220008620629,"GO:1990874","vascular associated smooth muscle cell proliferation"
74,0.00339366135518882,"Down",0.265042347530909,0.852739693295978,"GO:0007043","cell-cell junction assembly"
28,0.00365708135090516,"Down",0.265265930650703,0.852739693295978,"GO:0070830","bicellular tight junction assembly"
327,0.0145578535813848,"Down",0.266661678963467,0.854695936275426,"GO:0120039","plasma membrane bounded cell projection morphogenesis"
53,0.0643384960319603,"Up",0.267332676360569,0.854695936275426,"GO:0032642","regulation of chemokine production"
279,0.0110670471717948,"Down",0.26753949088228,0.854695936275426,"GO:0099537","trans-synaptic signaling"
35,0.036449727822893,"Down",0.267815234291849,0.854695936275426,"GO:0072028","nephron morphogenesis"
156,0.129999662948179,"Up",0.267842258453304,0.854695936275426,"GO:0045333","cellular respiration"
15,0.00684049727353052,"Up",0.268009124376491,0.854695936275426,"GO:0009162","deoxyribonucleoside monophosphate metabolic process"
45,0.0331728776483913,"Down",0.26830897625088,0.854695936275426,"GO:0006096","glycolytic process"
29,0.0958421957596677,"Down",0.26854327699407,0.854695936275426,"GO:0006360","transcription by RNA polymerase I"
269,0.0128609416371505,"Down",0.268562079169602,0.854695936275426,"GO:1903131","mononuclear cell differentiation"
42,0.00422068723143989,"Down",0.26877925685586,0.854695936275426,"GO:0010827","regulation of glucose transmembrane transport"
285,0.0142668674914891,"Down",0.268995164769172,0.854695936275426,"GO:0048667","cell morphogenesis involved in neuron differentiation"
42,0.000273751423659139,"Up",0.269126996931362,0.854695936275426,"GO:1903578","regulation of ATP metabolic process"
24,0.0638317126447271,"Down",0.269288215448512,0.854695936275426,"GO:0006383","transcription by RNA polymerase III"
58,0.0497065708938647,"Up",0.269578402211118,0.854695936275426,"GO:1905954","positive regulation of lipid localization"
33,0.0659141768975943,"Up",0.26977207991988,0.854695936275426,"GO:1905521","regulation of macrophage migration"
130,0.00394396850837633,"Down",0.269902604632965,0.854695936275426,"GO:0031334","positive regulation of protein-containing complex assembly"
16,-0.015463364643982,"Down",0.270005029944197,0.854695936275426,"GO:0021591","ventricular system development"
24,0.0602813102134553,"Up",0.270535917856668,0.854695936275426,"GO:0006956","complement activation"
31,0.0533893680945359,"Up",0.271095207962138,0.854695936275426,"GO:0062208","positive regulation of pattern recognition receptor signaling pathway"
92,0.0281261629784513,"Down",0.271276276224565,0.854695936275426,"GO:1990138","neuron projection extension"
202,0.00636004040994332,"Up",0.271566446904491,0.854695936275426,"GO:0051235","maintenance of location"
18,0.00472576960932211,"Up",0.271615074241296,0.854695936275426,"GO:0018126","protein hydroxylation"
19,-0.0231111969384922,"Down",0.271649034941216,0.854695936275426,"GO:2000108","positive regulation of leukocyte apoptotic process"
22,0.0234477325144983,"Down",0.27199975427504,0.854695936275426,"GO:0060323","head morphogenesis"
57,0.0127298770191966,"Down",0.272021503967906,0.854695936275426,"GO:0150116","regulation of cell-substrate junction organization"
15,-0.00137095049254494,"Down",0.272451067264079,0.854695936275426,"GO:0070528","protein kinase C signaling"
36,0.0166433462054182,"Down",0.273677341305133,0.854695936275426,"GO:0099518","vesicle cytoskeletal trafficking"
334,0.0130266178787982,"Up",0.274021175737874,0.854695936275426,"GO:0006914","autophagy"
334,0.0130266178787982,"Up",0.274021175737874,0.854695936275426,"GO:0061919","process utilizing autophagic mechanism"
35,0.0172970978253793,"Down",0.274592400383769,0.854695936275426,"GO:0070228","regulation of lymphocyte apoptotic process"
52,0.0145489163930001,"Down",0.275235347428942,0.854695936275426,"GO:0051893","regulation of focal adhesion assembly"
52,0.0145489163930001,"Down",0.275235347428942,0.854695936275426,"GO:0090109","regulation of cell-substrate junction assembly"
267,0.00640068890493971,"Down",0.275795495209506,0.854695936275426,"GO:0045936","negative regulation of phosphate metabolic process"
346,0.0107977719862331,"Down",0.275809275884305,0.854695936275426,"GO:0032990","cell part morphogenesis"
73,-0.00663622242343802,"Up",0.276019567556438,0.854695936275426,"GO:0046434","organophosphate catabolic process"
30,-0.00328605742034474,"Down",0.276123812671379,0.854695936275426,"GO:0035307","positive regulation of protein dephosphorylation"
30,0.00291800267970764,"Down",0.276372915049241,0.854695936275426,"GO:2000243","positive regulation of reproductive process"
25,0.0290188545916873,"Down",0.276451710634407,0.854695936275426,"GO:0051898","negative regulation of protein kinase B signaling"
18,0.0227304925568909,"Down",0.277101895520346,0.854695936275426,"GO:0010907","positive regulation of glucose metabolic process"
27,-0.0023507720222583,"Up",0.27721881042859,0.854695936275426,"GO:1903409","reactive oxygen species biosynthetic process"
60,-0.00558427266874395,"Down",0.277393457272254,0.854695936275426,"GO:0031570","DNA integrity checkpoint signaling"
41,0.0300168698331333,"Down",0.277573384144567,0.854695936275426,"GO:0032206","positive regulation of telomere maintenance"
43,-0.000481573351527392,"Up",0.278039007215537,0.854695936275426,"GO:1901292","nucleoside phosphate catabolic process"
73,0.00420310574234086,"Down",0.278787674059241,0.854695936275426,"GO:1904019","epithelial cell apoptotic process"
35,0.0164466844332083,"Up",0.278916112576469,0.854695936275426,"GO:0072524","pyridine-containing compound metabolic process"
99,0.0126462833544114,"Down",0.278938739064898,0.854695936275426,"GO:0044703","multi-organism reproductive process"
36,0.0555924740126785,"Up",0.279088414391598,0.854695936275426,"GO:0006911","phagocytosis, engulfment"
163,0.00894938782718828,"Down",0.27917510050763,0.854695936275426,"GO:1903039","positive regulation of leukocyte cell-cell adhesion"
330,0.014512511349371,"Down",0.279204001450587,0.854695936275426,"GO:0048858","cell projection morphogenesis"
26,0.0417767170072756,"Down",0.279969692868938,0.854695936275426,"GO:0007020","microtubule nucleation"
102,-0.00297322545483987,"Down",0.280132229078775,0.854695936275426,"GO:0046474","glycerophospholipid biosynthetic process"
340,0.0145111903766277,"Up",0.280149579029286,0.854695936275426,"GO:0055086","nucleobase-containing small molecule metabolic process"
17,0.0039355120524962,"Down",0.280623075748789,0.854695936275426,"GO:1902883","negative regulation of response to oxidative stress"
19,0.0323716082058157,"Down",0.280741167295333,0.854695936275426,"GO:0060325","face morphogenesis"
36,-0.00794136306266032,"Up",0.280758538636573,0.854695936275426,"GO:0001836","release of cytochrome c from mitochondria"
35,0.217178545457627,"Down",0.280816012052476,0.854695936275426,"GO:0042255","ribosome assembly"
148,0.00921175984406582,"Down",0.281063476465697,0.854695936275426,"GO:0007163","establishment or maintenance of cell polarity"
62,0.0323133235558484,"Down",0.281450575312712,0.854695936275426,"GO:0002286","T cell activation involved in immune response"
25,-0.0105892125579707,"Down",0.281494407673545,0.854695936275426,"GO:0060711","labyrinthine layer development"
302,0.00462251546704696,"Down",0.281504446952843,0.854695936275426,"GO:0010638","positive regulation of organelle organization"
28,0.0464676527913615,"Down",0.281549120532932,0.854695936275426,"GO:0060147","regulation of post-transcriptional gene silencing"
146,0.0363637434784871,"Down",0.281740997918731,0.854695936275426,"GO:0031330","negative regulation of cellular catabolic process"
21,0.0614446251698137,"Up",0.282335036870752,0.854695936275426,"GO:1901099","negative regulation of signal transduction in absence of ligand"
21,0.0614446251698137,"Up",0.282335036870752,0.854695936275426,"GO:2001240","negative regulation of extrinsic apoptotic signaling pathway in absence of ligand"
49,0.0317644935801424,"Up",0.282480091769013,0.854695936275426,"GO:0032637","interleukin-8 production"
49,0.0317644935801424,"Up",0.282480091769013,0.854695936275426,"GO:0032677","regulation of interleukin-8 production"
34,0.127585169074559,"Up",0.282530826047068,0.854695936275426,"GO:0061900","glial cell activation"
268,0.00789071215624238,"Down",0.282846570907622,0.854695936275426,"GO:0007015","actin filament organization"
28,0.0129088485155449,"Down",0.282892331305833,0.854695936275426,"GO:0090049","regulation of cell migration involved in sprouting angiogenesis"
31,0.0106637457654699,"Up",0.283231854249096,0.854695936275426,"GO:1905710","positive regulation of membrane permeability"
125,0.017616500912167,"Down",0.283725143229959,0.854695936275426,"GO:0002064","epithelial cell development"
32,0.0238291217990363,"Up",0.283824971883614,0.854695936275426,"GO:0009409","response to cold"
38,-0.0101926322471883,"Up",0.283864032662858,0.854695936275426,"GO:0001676","long-chain fatty acid metabolic process"
17,0.07822383867526,"Up",0.284030910789199,0.854695936275426,"GO:0034143","regulation of toll-like receptor 4 signaling pathway"
123,0.00488232903000701,"Up",0.284140976070652,0.854695936275426,"GO:0030100","regulation of endocytosis"
19,0.0357841509118572,"Up",0.284256609730708,0.854695936275426,"GO:0031954","positive regulation of protein autophosphorylation"
57,0.0084617873170272,"Down",0.284551452732473,0.854695936275426,"GO:0043154","negative regulation of cysteine-type endopeptidase activity involved in apoptotic process"
57,0.047679674298969,"Down",0.284661473458041,0.854695936275426,"GO:0002456","T cell mediated immunity"
127,0.0102284557293931,"Down",0.284700166437161,0.854695936275426,"GO:0050821","protein stabilization"
38,0.00745707551755133,"Down",0.284749342250141,0.854695936275426,"GO:0007589","body fluid secretion"
20,0.0882363979012891,"Down",0.284789310072488,0.854695936275426,"GO:0050686","negative regulation of mRNA processing"
268,0.00647250907169379,"Down",0.285083391934049,0.854695936275426,"GO:0010563","negative regulation of phosphorus metabolic process"
202,0.0068547411706223,"Down",0.285278871480847,0.854695936275426,"GO:0032386","regulation of intracellular transport"
111,0.0173793228117252,"Down",0.285362649733652,0.854695936275426,"GO:0002285","lymphocyte activation involved in immune response"
36,0.0183856285536121,"Down",0.286075479313578,0.855056844603134,"GO:0043550","regulation of lipid kinase activity"
16,-0.0220441273420206,"Down",0.286182402005107,0.855056844603134,"GO:0097284","hepatocyte apoptotic process"
49,0.0190205355015434,"Down",0.286227596985158,0.855056844603134,"GO:0010906","regulation of glucose metabolic process"
44,0.0200133294680165,"Down",0.286519474852437,0.855056844603134,"GO:0061326","renal tubule development"
51,-0.00542783658231305,"Down",0.286643649045839,0.855056844603134,"GO:1901992","positive regulation of mitotic cell cycle phase transition"
16,0.0258690474609975,"Up",0.287101466399103,0.855146633920965,"GO:0006907","pinocytosis"
20,-0.0366578000359588,"Up",0.287374778671664,0.855146633920965,"GO:0036296","response to increased oxygen levels"
134,0.00561749594870602,"Up",0.287552832101174,0.855146633920965,"GO:0072593","reactive oxygen species metabolic process"
70,0.00589880592209825,"Down",0.287732950153704,0.855146633920965,"GO:0007093","mitotic cell cycle checkpoint signaling"
17,0.0371855909800994,"Down",0.287926833108775,0.855146633920965,"GO:0006972","hyperosmotic response"
15,-0.037091942596896,"Down",0.288066496388686,0.855146633920965,"GO:0045652","regulation of megakaryocyte differentiation"
25,0.0203272622715036,"Down",0.288902349964992,0.856007884698714,"GO:0032212","positive regulation of telomere maintenance via telomerase"
26,0.0211711937743455,"Down",0.288959800577287,0.856007884698714,"GO:0040001","establishment of mitotic spindle localization"
36,0.0855100895949657,"Up",0.289053693964495,0.856007884698714,"GO:0051205","protein insertion into membrane"
17,0.0372767540694223,"Up",0.289702446130951,0.856293336246795,"GO:0051602","response to electrical stimulus"
102,0.0129109303069972,"Down",0.290079448374055,0.856293336246795,"GO:0044706","multi-multicellular organism process"
22,0.115525164931611,"Up",0.290168874754461,0.856293336246795,"GO:1900027","regulation of ruffle assembly"
62,0.00624517423114211,"Down",0.290429953071436,0.856293336246795,"GO:1902106","negative regulation of leukocyte differentiation"
171,0.00538362478207469,"Down",0.290584015263982,0.856293336246795,"GO:0046486","glycerolipid metabolic process"
18,0.0151170997527652,"Down",0.290812157556452,0.856293336246795,"GO:0090162","establishment of epithelial cell polarity"
18,0.13720162011024,"Down",0.290957290583631,0.856293336246795,"GO:0045943","positive regulation of transcription by RNA polymerase I"
54,0.0606075601481522,"Up",0.291857620208752,0.856293336246795,"GO:0032602","chemokine production"
56,0.0147178740563769,"Up",0.291976057994758,0.856293336246795,"GO:1901216","positive regulation of neuron death"
47,0.0870332816268874,"Down",0.292067135086522,0.856293336246795,"GO:0000245","spliceosomal complex assembly"
25,0.013977655210333,"Down",0.29212137138898,0.856293336246795,"GO:0089718","amino acid import across plasma membrane"
53,0.0157749315119718,"Down",0.292205985217023,0.856293336246795,"GO:0014033","neural crest cell differentiation"
22,0.022722753223739,"Down",0.292404184853004,0.856293336246795,"GO:0045736","negative regulation of cyclin-dependent protein serine/threonine kinase activity"
22,0.022722753223739,"Down",0.292404184853004,0.856293336246795,"GO:1904030","negative regulation of cyclin-dependent protein kinase activity"
88,0.186695258614757,"Up",0.293428090677626,0.858349613674468,"GO:0022904","respiratory electron transport chain"
74,0.0162196250198205,"Down",0.293612837056579,0.858349613674468,"GO:0051147","regulation of muscle cell differentiation"
29,-0.0214564034463884,"Up",0.293805337362515,0.858349613674468,"GO:0042490","mechanoreceptor differentiation"
42,-0.00343724208469196,"Up",0.294197551588438,0.858814405746279,"GO:0006576","cellular biogenic amine metabolic process"
21,0.00120721546196247,"Down",0.294537162620217,0.859125025410039,"GO:0010837","regulation of keratinocyte proliferation"
20,0.0188560013603261,"Down",0.295112029939511,0.860120821437625,"GO:1902692","regulation of neuroblast proliferation"
60,0.00926440814557928,"Down",0.296307965078872,0.860425204330368,"GO:0061387","regulation of extent of cell growth"
20,0.00841502793342173,"Up",0.2965907941407,0.860425204330368,"GO:0010043","response to zinc ion"
198,0.00944861394942524,"Down",0.29678665082147,0.860425204330368,"GO:0051251","positive regulation of lymphocyte activation"
15,0.0275628006360186,"Down",0.297054777071699,0.860425204330368,"GO:0071542","dopaminergic neuron differentiation"
31,0.0402175282111363,"Down",0.297261873268344,0.860425204330368,"GO:0019935","cyclic-nucleotide-mediated signaling"
38,0.0305795408664356,"Down",0.297433286423758,0.860425204330368,"GO:0071357","cellular response to type I interferon"
41,0.00658133899653437,"Down",0.297454963186936,0.860425204330368,"GO:0021549","cerebellum development"
31,0.0889379602413854,"Up",0.298111953187667,0.860425204330368,"GO:0009953","dorsal/ventral pattern formation"
175,0.0118705599948251,"Down",0.29814401697839,0.860425204330368,"GO:0030900","forebrain development"
37,0.00465388037653956,"Up",0.298350316721127,0.860425204330368,"GO:0072666","establishment of protein localization to vacuole"
39,-0.0158204877841091,"Down",0.298554458883526,0.860425204330368,"GO:0046854","phosphatidylinositol phosphate biosynthetic process"
334,0.00597268453124379,"Down",0.298600489038372,0.860425204330368,"GO:0009611","response to wounding"
55,0.00142535111078642,"Down",0.298888913293869,0.860425204330368,"GO:0021987","cerebral cortex development"
67,0.265324515863529,"Up",0.299330576184861,0.860425204330368,"GO:0019646","aerobic electron transport chain"
22,0.122957374925716,"Up",0.299856347479313,0.860425204330368,"GO:1901998","toxin transport"
249,0.0210838050710081,"Down",0.2999488667189,0.860425204330368,"GO:0002764","immune response-regulating signaling pathway"
31,0.00210818743051514,"Up",0.300150933563982,0.860425204330368,"GO:1903573","negative regulation of response to endoplasmic reticulum stress"
431,0.00946296813437816,"Down",0.300517770798943,0.860425204330368,"GO:0030036","actin cytoskeleton organization"
38,0.0142624301046184,"Up",0.300728536926727,0.860425204330368,"GO:0042632","cholesterol homeostasis"
38,0.0142624301046184,"Up",0.300728536926727,0.860425204330368,"GO:0055092","sterol homeostasis"
46,0.0389182129535035,"Up",0.301365195183258,0.860425204330368,"GO:0007029","endoplasmic reticulum organization"
84,-0.00120963923807755,"Down",0.301775517200406,0.860425204330368,"GO:2001056","positive regulation of cysteine-type endopeptidase activity"
46,0.0372844763952103,"Down",0.30208251027615,0.860425204330368,"GO:0006757","ATP generation from ADP"
45,0.0343205991403542,"Down",0.302523882035842,0.860425204330368,"GO:0010232","vascular transport"
45,0.0343205991403542,"Down",0.302523882035842,0.860425204330368,"GO:0150104","transport across blood-brain barrier"
202,0.00933067758693259,"Down",0.302717680872506,0.860425204330368,"GO:0050767","regulation of neurogenesis"
86,0.0164139116608367,"Down",0.302923651839519,0.860425204330368,"GO:0048660","regulation of smooth muscle cell proliferation"
36,0.0172317683522381,"Down",0.303542151811144,0.860425204330368,"GO:0046626","regulation of insulin receptor signaling pathway"
30,0.0392888291994591,"Down",0.303816975196335,0.860425204330368,"GO:0010972","negative regulation of G2/M transition of mitotic cell cycle"
36,0.049765965225192,"Down",0.304276537341334,0.860425204330368,"GO:0032623","interleukin-2 production"
36,0.049765965225192,"Down",0.304276537341334,0.860425204330368,"GO:0032663","regulation of interleukin-2 production"
23,0.0150057114587587,"Up",0.30448092507469,0.860425204330368,"GO:0002347","response to tumor cell"
147,0.0118898203122557,"Down",0.304513844977684,0.860425204330368,"GO:0050730","regulation of peptidyl-tyrosine phosphorylation"
44,0.0442680182341998,"Up",0.305065781470186,0.860425204330368,"GO:0032370","positive regulation of lipid transport"
27,0.0308653941159588,"Down",0.305134980531844,0.860425204330368,"GO:0071526","semaphorin-plexin signaling pathway"
19,0.0870523280988769,"Down",0.305396754974376,0.860425204330368,"GO:0002369","T cell cytokine production"
19,0.0870523280988769,"Down",0.305396754974376,0.860425204330368,"GO:0002724","regulation of T cell cytokine production"
61,0.0111499049294496,"Up",0.305715178213229,0.860425204330368,"GO:1902652","secondary alcohol metabolic process"
452,0.016691070160341,"Down",0.306001001251679,0.860425204330368,"GO:0050776","regulation of immune response"
46,-0.00667380177843582,"Down",0.306707207472993,0.860425204330368,"GO:2000401","regulation of lymphocyte migration"
458,0.0114629007260916,"Down",0.30688767415587,0.860425204330368,"GO:0009725","response to hormone"
25,0.0414289489525981,"Up",0.307567043838199,0.860425204330368,"GO:0036230","granulocyte activation"
192,0.0150470046819729,"Up",0.308335027269773,0.860425204330368,"GO:0048193","Golgi vesicle transport"
217,0.0164955238524314,"Down",0.308465059891798,0.860425204330368,"GO:0034329","cell junction assembly"
22,0.00626068112903165,"Down",0.308545667647708,0.860425204330368,"GO:0002691","regulation of cellular extravasation"
16,0.00290867163154824,"Down",0.308591905705469,0.860425204330368,"GO:0036119","response to platelet-derived growth factor"
19,-0.0219211637059803,"Down",0.308642987128948,0.860425204330368,"GO:0031297","replication fork processing"
99,0.0171445709610593,"Down",0.308752776032405,0.860425204330368,"GO:0043409","negative regulation of MAPK cascade"
20,-0.00961354892543667,"Up",0.308955202225561,0.860425204330368,"GO:1903307","positive regulation of regulated secretory pathway"
73,0.013938576132198,"Up",0.308995642768397,0.860425204330368,"GO:0002832","negative regulation of response to biotic stimulus"
92,0.00444846603241594,"Up",0.309460958229348,0.860425204330368,"GO:0042180","cellular ketone metabolic process"
20,0.0162289642212731,"Down",0.309477521864867,0.860425204330368,"GO:1900077","negative regulation of cellular response to insulin stimulus"
45,0.0364871203303456,"Down",0.309492016215742,0.860425204330368,"GO:0032508","DNA duplex unwinding"
23,0.081857698374802,"Down",0.30956478838454,0.860425204330368,"GO:0033144","negative regulation of intracellular steroid hormone receptor signaling pathway"
231,0.0229432793471731,"Down",0.309889104156326,0.860425204330368,"GO:0002250","adaptive immune response"
101,0.00523583541471734,"Down",0.310084241740406,0.860425204330368,"GO:0010950","positive regulation of endopeptidase activity"
17,0.00566293753025378,"Down",0.31014185857201,0.860425204330368,"GO:0050687","negative regulation of defense response to virus"
41,-0.00337039428188446,"Up",0.310523048695997,0.860425204330368,"GO:0009123","nucleoside monophosphate metabolic process"
17,0.173940821516971,"Up",0.310587432527176,0.860425204330368,"GO:0002675","positive regulation of acute inflammatory response"
26,0.0161397414664403,"Down",0.310841820443157,0.860425204330368,"GO:0035418","protein localization to synapse"
152,0.0150917079138247,"Down",0.311128100531564,0.860425204330368,"GO:0007160","cell-matrix adhesion"
45,-0.000936199164191762,"Down",0.311570283651315,0.860425204330368,"GO:0033273","response to vitamin"
25,-0.00877261197452762,"Down",0.311842014019026,0.860425204330368,"GO:2000179","positive regulation of neural precursor cell proliferation"
16,0.0146872538474277,"Up",0.312154091061328,0.860425204330368,"GO:1901658","glycosyl compound catabolic process"
24,0.004289287595306,"Down",0.312251838737672,0.860425204330368,"GO:0051294","establishment of spindle orientation"
75,0.0367124496007547,"Down",0.312343682993248,0.860425204330368,"GO:0043401","steroid hormone mediated signaling pathway"
45,-0.015257124144473,"Down",0.313078790524421,0.860425204330368,"GO:1901880","negative regulation of protein depolymerization"
15,-0.00614339074015629,"Up",0.313448221824276,0.860425204330368,"GO:0051882","mitochondrial depolarization"
16,0.103297512244279,"Up",0.31345564961237,0.860425204330368,"GO:0043032","positive regulation of macrophage activation"
28,0.0223669263659563,"Down",0.313877340437252,0.860425204330368,"GO:0032024","positive regulation of insulin secretion"
255,0.00872352948837099,"Down",0.313959029618539,0.860425204330368,"GO:1901361","organic cyclic compound catabolic process"
70,0.021299848057361,"Up",0.313991802307527,0.860425204330368,"GO:0051606","detection of stimulus"
53,-0.000607534926902473,"Up",0.314100637130048,0.860425204330368,"GO:0000281","mitotic cytokinesis"
196,0.0148713598344054,"Down",0.31454160624836,0.860425204330368,"GO:1901653","cellular response to peptide"
88,0.0359778679513244,"Up",0.314919796317317,0.860425204330368,"GO:0050729","positive regulation of inflammatory response"
40,0.0156533786289032,"Down",0.315058185201579,0.860425204330368,"GO:0006094","gluconeogenesis"
23,0.0225316996528265,"Up",0.315548802464763,0.860425204330368,"GO:0043162","ubiquitin-dependent protein catabolic process via the multivesicular body sorting pathway"
16,0.0483039249603118,"Down",0.315777624130719,0.860425204330368,"GO:0034114","regulation of heterotypic cell-cell adhesion"
20,0.0496734533673937,"Down",0.315823762064906,0.860425204330368,"GO:0033280","response to vitamin D"
30,0.128066390488995,"Down",0.316510385341198,0.860425204330368,"GO:0019730","antimicrobial humoral response"
33,-0.00915507803331501,"Down",0.316750332186211,0.860425204330368,"GO:0120192","tight junction assembly"
19,0.035952900177283,"Down",0.316963043873399,0.860425204330368,"GO:0050775","positive regulation of dendrite morphogenesis"
32,-0.0072837543757293,"Down",0.317002999499482,0.860425204330368,"GO:0061053","somite development"
15,0.0814366010082334,"Down",0.317402580769284,0.860425204330368,"GO:0002726","positive regulation of T cell cytokine production"
244,0.00924588248143787,"Down",0.317772405630966,0.860425204330368,"GO:0031331","positive regulation of cellular catabolic process"
77,-0.00098655590991941,"Down",0.317799716265435,0.860425204330368,"GO:0043280","positive regulation of cysteine-type endopeptidase activity involved in apoptotic process"
109,0.0265078355987468,"Down",0.317939466739546,0.860425204330368,"GO:0002819","regulation of adaptive immune response"
50,0.0350116613128581,"Up",0.318096236930689,0.860425204330368,"GO:0007601","visual perception"
50,0.0350116613128581,"Up",0.318096236930689,0.860425204330368,"GO:0050953","sensory perception of light stimulus"
29,0.00444007800949641,"Down",0.318516502305053,0.860425204330368,"GO:0030239","myofibril assembly"
29,0.00444007800949641,"Down",0.318516502305053,0.860425204330368,"GO:0055002","striated muscle cell development"
52,0.0381151913948619,"Up",0.318807232514854,0.860425204330368,"GO:0030301","cholesterol transport"
40,0.0534733085682108,"Up",0.318959777215774,0.860425204330368,"GO:0031529","ruffle organization"
130,0.188867306261449,"Up",0.319100680558122,0.860425204330368,"GO:0009060","aerobic respiration"
26,-0.0192037916474992,"Up",0.31922467479177,0.860425204330368,"GO:1901607","alpha-amino acid biosynthetic process"
15,-0.0295526297043951,"Up",0.319571410626918,0.860425204330368,"GO:0046320","regulation of fatty acid oxidation"
27,-0.0027025650175883,"Up",0.319624893707694,0.860425204330368,"GO:0009116","nucleoside metabolic process"
47,0.00533970524956557,"Down",0.319859521313612,0.860425204330368,"GO:0044264","cellular polysaccharide metabolic process"
45,0.0104680233627727,"Down",0.319911901905542,0.860425204330368,"GO:1902117","positive regulation of organelle assembly"
22,0.0498009587464679,"Down",0.320639661328858,0.860425204330368,"GO:0032438","melanosome organization"
206,0.00742168474867589,"Down",0.320673262105677,0.860425204330368,"GO:0001933","negative regulation of protein phosphorylation"
91,0.0140963251714495,"Up",0.320690242295414,0.860425204330368,"GO:0034284","response to monosaccharide"
20,-0.0297283942558148,"Up",0.321357550845214,0.860425204330368,"GO:0042073","intraciliary transport"
296,0.00997100922625536,"Down",0.321456849999318,0.860425204330368,"GO:0043065","positive regulation of apoptotic process"
24,0.030499888956547,"Up",0.321681245237472,0.860425204330368,"GO:0036257","multivesicular body organization"
113,0.0216743306541203,"Down",0.321787369633298,0.860425204330368,"GO:2001242","regulation of intrinsic apoptotic signaling pathway"
244,0.0773275494965616,"Down",0.322177441012223,0.860425204330368,"GO:0022613","ribonucleoprotein complex biogenesis"
20,0.0331509278236726,"Down",0.322469306729604,0.860425204330368,"GO:0010737","protein kinase A signaling"
19,0.0480234635376639,"Down",0.322513392450411,0.860425204330368,"GO:0032607","interferon-alpha production"
19,0.0480234635376639,"Down",0.322513392450411,0.860425204330368,"GO:0032647","regulation of interferon-alpha production"
29,0.0417568907400596,"Down",0.323151708802526,0.860425204330368,"GO:0042149","cellular response to glucose starvation"
54,0.0118899911288629,"Down",0.323266161152785,0.860425204330368,"GO:0015749","monosaccharide transmembrane transport"
26,0.0213114342630862,"Down",0.323356127854863,0.860425204330368,"GO:0045103","intermediate filament-based process"
26,0.0213114342630862,"Down",0.323356127854863,0.860425204330368,"GO:0045104","intermediate filament cytoskeleton organization"
44,-0.011749998311596,"Up",0.324009861796311,0.860425204330368,"GO:0051262","protein tetramerization"
99,0.013670316597289,"Down",0.324064745439363,0.860425204330368,"GO:0001763","morphogenesis of a branching structure"
146,0.0122091547991727,"Down",0.324338787924054,0.860425204330368,"GO:0050890","cognition"
37,0.076363115321675,"Up",0.324371828804665,0.860425204330368,"GO:0051058","negative regulation of small GTPase mediated signal transduction"
25,0.0379622951217302,"Down",0.32438329514954,0.860425204330368,"GO:0032435","negative regulation of proteasomal ubiquitin-dependent protein catabolic process"
17,0.00327407123465702,"Up",0.324482996179267,0.860425204330368,"GO:0060907","positive regulation of macrophage cytokine production"
86,0.0165641052173105,"Down",0.324703334491267,0.860425204330368,"GO:0051092","positive regulation of NF-kappaB transcription factor activity"
17,0.0107446614119677,"Down",0.325282516049113,0.860425204330368,"GO:0060416","response to growth hormone"
15,-0.0130413760442511,"Up",0.325287379213108,0.860425204330368,"GO:0043302","positive regulation of leukocyte degranulation"
50,-0.0101220418722385,"Up",0.325522037855201,0.860425204330368,"GO:0051865","protein autoubiquitination"
17,0.0122090937338518,"Up",0.325763843615422,0.860425204330368,"GO:0070979","protein K11-linked ubiquitination"
161,0.0556167444960549,"Up",0.325807020036514,0.860425204330368,"GO:0009165","nucleotide biosynthetic process"
17,0.11184502617551,"Down",0.325853177968456,0.860425204330368,"GO:1902914","regulation of protein polyubiquitination"
44,0.0162751181221449,"Down",0.326914284572833,0.860425204330368,"GO:0046635","positive regulation of alpha-beta T cell activation"
26,0.0430767352682562,"Down",0.327156264763168,0.860425204330368,"GO:0060964","regulation of miRNA-mediated gene silencing"
33,0.0393407656339585,"Down",0.327378310682485,0.860425204330368,"GO:0033555","multicellular organismal response to stress"
31,0.0391645180685845,"Down",0.32742195624015,0.860425204330368,"GO:0072078","nephron tubule morphogenesis"
140,0.0767615380314199,"Up",0.327444907121483,0.860425204330368,"GO:0072522","purine-containing compound biosynthetic process"
36,0.0448432764023637,"Down",0.327483964212409,0.860425204330368,"GO:0072091","regulation of stem cell proliferation"
87,0.0112636529930107,"Down",0.327530137356886,0.860425204330368,"GO:0030177","positive regulation of Wnt signaling pathway"
85,0.00709979568572862,"Down",0.328028732910837,0.860425204330368,"GO:2001235","positive regulation of apoptotic signaling pathway"
89,0.0199265471089583,"Down",0.32806405846898,0.860425204330368,"GO:0048659","smooth muscle cell proliferation"
230,0.0125740595019684,"Down",0.328097723344462,0.860425204330368,"GO:0007423","sensory organ development"
18,0.00854206973450422,"Down",0.328451205437291,0.860425204330368,"GO:0051497","negative regulation of stress fiber assembly"
149,0.00835276690986109,"Down",0.328517135735993,0.860425204330368,"GO:0050870","positive regulation of T cell activation"
88,0.00311699583881071,"Down",0.32866863217012,0.860425204330368,"GO:0098876","vesicle-mediated transport to the plasma membrane"
15,0.0558557152723216,"Down",0.328992693587293,0.860425204330368,"GO:0060148","positive regulation of post-transcriptional gene silencing"
15,0.0558557152723216,"Down",0.328992693587293,0.860425204330368,"GO:1900370","positive regulation of post-transcriptional gene silencing by RNA"
15,0.0558557152723216,"Down",0.328992693587293,0.860425204330368,"GO:2000637","positive regulation of miRNA-mediated gene silencing"
498,0.0127140604192894,"Down",0.329115165212867,0.860425204330368,"GO:0002684","positive regulation of immune system process"
28,0.024223600638425,"Down",0.329218814635551,0.860425204330368,"GO:0031294","lymphocyte costimulation"
33,-0.0103457285734018,"Down",0.329407105529726,0.860425204330368,"GO:0001708","cell fate specification"
162,0.0552321571503006,"Up",0.329549392863776,0.860425204330368,"GO:1901293","nucleoside phosphate biosynthetic process"
20,0.0275845800263378,"Down",0.330093368304784,0.860789817143266,"GO:0021799","cerebral cortex radially oriented cell migration"
16,-0.0276141552755827,"Up",0.330156354946644,0.860789817143266,"GO:0042181","ketone biosynthetic process"
45,-0.00467024363190801,"Up",0.330783663970624,0.861085964696908,"GO:0044106","cellular amine metabolic process"
28,0.124299279098258,"Up",0.330994464817657,0.861085964696908,"GO:0046850","regulation of bone remodeling"
84,0.00835458781114594,"Down",0.331082725480892,0.861085964696908,"GO:0033135","regulation of peptidyl-serine phosphorylation"
45,0.0442429057483108,"Down",0.33133426754362,0.861085964696908,"GO:0030888","regulation of B cell proliferation"
16,0.0338465414040516,"Down",0.331764550979338,0.861085964696908,"GO:0036092","phosphatidylinositol-3-phosphate biosynthetic process"
53,0.000895351547882578,"Down",0.331780948978769,0.861085964696908,"GO:0061097","regulation of protein tyrosine kinase activity"
35,-0.00559331609973159,"Up",0.331906099313141,0.861085964696908,"GO:0061180","mammary gland epithelium development"
25,0.017518790265965,"Up",0.332580689573716,0.862228895418415,"GO:0046640","regulation of alpha-beta T cell proliferation"
67,0.0451518560808609,"Down",0.332903098067679,0.862457815247068,"GO:0030518","intracellular steroid hormone receptor signaling pathway"
37,-0.00739942210397681,"Down",0.333910297639214,0.862618922692685,"GO:0061951","establishment of protein localization to plasma membrane"
34,-0.0170838546014405,"Down",0.334555987976297,0.862618922692685,"GO:1902808","positive regulation of cell cycle G1/S phase transition"
67,-0.00155637778114188,"Up",0.334645480049802,0.862618922692685,"GO:0032612","interleukin-1 production"
67,-0.00155637778114188,"Up",0.334645480049802,0.862618922692685,"GO:0032652","regulation of interleukin-1 production"
18,0.0748197279691052,"Down",0.335028892370179,0.862618922692685,"GO:1901570","fatty acid derivative biosynthetic process"
29,0.00977297011463011,"Down",0.335488481755755,0.862618922692685,"GO:0051972","regulation of telomerase activity"
38,0.00307760886108685,"Down",0.335730014712329,0.862618922692685,"GO:0090307","mitotic spindle assembly"
19,0.0363951078885461,"Up",0.335873587422938,0.862618922692685,"GO:0046755","viral budding"
17,-0.035809476239509,"Up",0.336023263827302,0.862618922692685,"GO:0051457","maintenance of protein location in nucleus"
311,0.00884496270698818,"Down",0.336910737888462,0.862618922692685,"GO:0048729","tissue morphogenesis"
30,0.0840484814963129,"Down",0.337516286205105,0.862618922692685,"GO:0031648","protein destabilization"
355,0.012215754782058,"Down",0.337670777238273,0.862618922692685,"GO:1901699","cellular response to nitrogen compound"
27,0.0402583027205612,"Down",0.337699778011066,0.862618922692685,"GO:1900368","regulation of post-transcriptional gene silencing by RNA"
137,0.0165066477228467,"Down",0.338258987187761,0.862618922692685,"GO:0050670","regulation of lymphocyte proliferation"
25,-0.0221588387035811,"Down",0.338280677385669,0.862618922692685,"GO:0044319","wound healing, spreading of cells"
25,-0.0221588387035811,"Down",0.338280677385669,0.862618922692685,"GO:0090504","epiboly"
25,-0.0221588387035811,"Down",0.338280677385669,0.862618922692685,"GO:0090505","epiboly involved in wound healing"
22,-0.00365242156384385,"Up",0.338525588537386,0.862618922692685,"GO:0009311","oligosaccharide metabolic process"
75,0.00776890592164812,"Down",0.338688745156896,0.862618922692685,"GO:0061351","neural precursor cell proliferation"
30,0.0217917270758065,"Down",0.338701011017335,0.862618922692685,"GO:0035305","negative regulation of dephosphorylation"
85,0.0175120305863038,"Down",0.338792011661611,0.862618922692685,"GO:0045664","regulation of neuron differentiation"
29,0.0178786688421298,"Up",0.338806810893303,0.862618922692685,"GO:0040014","regulation of multicellular organism growth"
105,0.0395705430063324,"Down",0.33953186616589,0.862618922692685,"GO:0006282","regulation of DNA repair"
41,0.0184744818059022,"Down",0.339547191098987,0.862618922692685,"GO:0006278","RNA-templated DNA biosynthetic process"
41,0.0184744818059022,"Down",0.339547191098987,0.862618922692685,"GO:0007004","telomere maintenance via telomerase"
346,0.0167440833539754,"Down",0.339872505437711,0.862618922692685,"GO:0061061","muscle structure development"
21,0.0113731326277442,"Down",0.339977489695552,0.862618922692685,"GO:0070192","chromosome organization involved in meiotic cell cycle"
16,-0.00279191197963079,"Down",0.340862166376458,0.862618922692685,"GO:0010714","positive regulation of collagen metabolic process"
171,0.0141285074714524,"Down",0.340866862905657,0.862618922692685,"GO:0001654","eye development"
23,0.0175689066060016,"Down",0.341221656455677,0.862618922692685,"GO:0060261","positive regulation of transcription initiation by RNA polymerase II"
38,0.0168734468451766,"Down",0.341472221791556,0.862618922692685,"GO:0006998","nuclear envelope organization"
19,0.0468271575624739,"Down",0.341530054833891,0.862618922692685,"GO:0014904","myotube cell development"
32,0.0216155417125667,"Down",0.341575433957106,0.862618922692685,"GO:0006303","double-strand break repair via nonhomologous end joining"
51,-0.00574367065494453,"Up",0.341712715870118,0.862618922692685,"GO:0071677","positive regulation of mononuclear cell migration"
50,-0.00752731645317117,"Down",0.342047303571076,0.862618922692685,"GO:1901184","regulation of ERBB signaling pathway"
15,0.00363572378511761,"Up",0.342575627322361,0.862618922692685,"GO:0086005","ventricular cardiac muscle cell action potential"
66,-0.00149093363136666,"Up",0.342628540843113,0.862618922692685,"GO:0045185","maintenance of protein location"
15,-0.00585462664858468,"Down",0.342739322553917,0.862618922692685,"GO:0051150","regulation of smooth muscle cell differentiation"
92,0.179716783490684,"Up",0.342855502317935,0.862618922692685,"GO:0009142","nucleoside triphosphate biosynthetic process"
262,0.0154469845622889,"Up",0.343296295271059,0.862618922692685,"GO:0072521","purine-containing compound metabolic process"
31,0.0580447329381078,"Up",0.343488725000535,0.862618922692685,"GO:0097178","ruffle assembly"
23,-0.0116419866705124,"Up",0.34354084411218,0.862618922692685,"GO:1901185","negative regulation of ERBB signaling pathway"
19,0.0332007433722038,"Down",0.343584765352456,0.862618922692685,"GO:0043555","regulation of translation in response to stress"
75,0.262152392351979,"Up",0.343771937732468,0.862618922692685,"GO:0042773","ATP synthesis coupled electron transport"
75,0.262152392351979,"Up",0.343771937732468,0.862618922692685,"GO:0042775","mitochondrial ATP synthesis coupled electron transport"
18,0.030540060737513,"Up",0.344098658540195,0.862618922692685,"GO:0009225","nucleotide-sugar metabolic process"
21,0.0362928352509603,"Up",0.344439964641009,0.862618922692685,"GO:0070509","calcium ion import"
15,-0.0187427122880848,"Down",0.34462463587298,0.862618922692685,"GO:0032516","positive regulation of phosphoprotein phosphatase activity"
22,0.0279956419295132,"Up",0.344852922513422,0.862618922692685,"GO:0042119","neutrophil activation"
22,0.0200274054298068,"Up",0.345648160078873,0.862618922692685,"GO:0030574","collagen catabolic process"
17,-0.0192269283798205,"Up",0.346077403317336,0.862618922692685,"GO:0035315","hair cell differentiation"
17,0.06623733146839,"Up",0.346629282494629,0.862618922692685,"GO:0008053","mitochondrial fusion"
28,0.0354302687218916,"Up",0.346831674072649,0.862618922692685,"GO:0007200","phospholipase C-activating G protein-coupled receptor signaling pathway"
350,0.0024964386072967,"Up",0.346863535819601,0.862618922692685,"GO:0098660","inorganic ion transmembrane transport"
49,0.0539940724198237,"Down",0.346892021951842,0.862618922692685,"GO:0001657","ureteric bud development"
49,0.0539940724198237,"Down",0.346892021951842,0.862618922692685,"GO:0072163","mesonephric epithelium development"
49,0.0539940724198237,"Down",0.346892021951842,0.862618922692685,"GO:0072164","mesonephric tubule development"
49,0.0427391915782203,"Down",0.347592346221275,0.862618922692685,"GO:0048709","oligodendrocyte differentiation"
32,0.00763085179684233,"Down",0.34775180377035,0.862618922692685,"GO:1903202","negative regulation of oxidative stress-induced cell death"
64,0.0146490613766875,"Up",0.347903240482074,0.862618922692685,"GO:0034620","cellular response to unfolded protein"
16,0.0081319837659039,"Up",0.34791559130582,0.862618922692685,"GO:0032691","negative regulation of interleukin-1 beta production"
18,0.0465490943970184,"Down",0.348042559179107,0.862618922692685,"GO:0001569","branching involved in blood vessel morphogenesis"
50,0.0240563513815307,"Down",0.34816329206741,0.862618922692685,"GO:0034644","cellular response to UV"
22,0.0554064351389522,"Down",0.348396682737116,0.862618922692685,"GO:0006376","mRNA splice site selection"
466,0.00824101724936381,"Down",0.348921395508841,0.862618922692685,"GO:0010562","positive regulation of phosphorus metabolic process"
466,0.00824101724936381,"Down",0.348921395508841,0.862618922692685,"GO:0045937","positive regulation of phosphate metabolic process"
86,0.0144889065875456,"Down",0.349448012407522,0.862618922692685,"GO:1900180","regulation of protein localization to nucleus"
67,0.00185544925557305,"Up",0.349461865258293,0.862618922692685,"GO:1903076","regulation of protein localization to plasma membrane"
112,0.00802085137017701,"Down",0.349717711425499,0.862618922692685,"GO:1901654","response to ketone"
21,0.0225449224837449,"Down",0.349758631746282,0.862618922692685,"GO:0043268","positive regulation of potassium ion transport"
33,0.0364525184533914,"Down",0.349827197561828,0.862618922692685,"GO:0072088","nephron epithelium morphogenesis"
23,0.0273998677773291,"Down",0.349891530707558,0.862618922692685,"GO:0016578","histone deubiquitination"
67,0.00226765771577722,"Down",0.350301593474582,0.862618922692685,"GO:0015748","organophosphate ester transport"
184,0.0164868797487065,"Up",0.350366978713747,0.862618922692685,"GO:1901214","regulation of neuron death"
103,0.0263595126629664,"Down",0.351043196527336,0.862618922692685,"GO:0034250","positive regulation of cellular amide metabolic process"
39,0.157721312962751,"Down",0.351159682206522,0.862618922692685,"GO:0042274","ribosomal small subunit biogenesis"
56,0.0129012149324269,"Down",0.351285061647094,0.862618922692685,"GO:0000079","regulation of cyclin-dependent protein serine/threonine kinase activity"
51,0.0211095514353378,"Down",0.351401233190636,0.862618922692685,"GO:0031110","regulation of microtubule polymerization or depolymerization"
62,-0.00632522699064832,"Down",0.352192389121075,0.862618922692685,"GO:1901989","positive regulation of cell cycle phase transition"
65,0.0257191618103629,"Up",0.353097523417644,0.862618922692685,"GO:0051928","positive regulation of calcium ion transport"
15,0.0523719342962108,"Up",0.353816306305634,0.862618922692685,"GO:0003272","endocardial cushion formation"
477,0.0116751407470165,"Down",0.35407032063689,0.862618922692685,"GO:0040007","growth"
44,0.0473059183749373,"Up",0.35411064583543,0.862618922692685,"GO:0007368","determination of left/right symmetry"
41,0.00132605606447804,"Down",0.3545798844355,0.862618922692685,"GO:0044773","mitotic DNA damage checkpoint signaling"
71,-0.00706687098914826,"Down",0.354722963907852,0.862618922692685,"GO:0045931","positive regulation of mitotic cell cycle"
16,0.0165804533116774,"Down",0.355550620100464,0.862618922692685,"GO:0000578","embryonic axis specification"
31,0.0408727831282343,"Down",0.35584261400436,0.862618922692685,"GO:1902750","negative regulation of cell cycle G2/M phase transition"
67,0.0451390271617706,"Down",0.356193080387132,0.862618922692685,"GO:2000779","regulation of double-strand break repair"
76,0.236954185248629,"Up",0.356214983410639,0.862618922692685,"GO:0006754","ATP biosynthetic process"
39,0.047203736577895,"Down",0.356690588642052,0.862618922692685,"GO:0033143","regulation of intracellular steroid hormone receptor signaling pathway"
15,0.0399594571164802,"Up",0.357012212897684,0.862618922692685,"GO:0010884","positive regulation of lipid storage"
49,0.025215908710759,"Down",0.357070150699454,0.862618922692685,"GO:0006939","smooth muscle contraction"
20,-0.0220136798124727,"Up",0.357284919419979,0.862618922692685,"GO:0045981","positive regulation of nucleotide metabolic process"
20,-0.0220136798124727,"Up",0.357284919419979,0.862618922692685,"GO:1900544","positive regulation of purine nucleotide metabolic process"
15,-0.0332761832943848,"Down",0.357386642892664,0.862618922692685,"GO:0046037","GMP metabolic process"
328,0.0137684790513436,"Down",0.357578333482134,0.862618922692685,"GO:0071417","cellular response to organonitrogen compound"
47,0.0150811775869894,"Down",0.357795895665523,0.862618922692685,"GO:0032456","endocytic recycling"
28,0.0117683535041664,"Up",0.357927884671015,0.862618922692685,"GO:0035794","positive regulation of mitochondrial membrane permeability"
96,0.0224388833705805,"Down",0.35816700757084,0.862618922692685,"GO:0002822","regulation of adaptive immune response based on somatic recombination of immune receptors built from immunoglobulin superfamily domains"
260,0.00908876525886192,"Down",0.358212787428505,0.862618922692685,"GO:0090066","regulation of anatomical structure size"
130,0.0948221560041272,"Up",0.358617628573906,0.862618922692685,"GO:0009152","purine ribonucleotide biosynthetic process"
475,0.00981321600214683,"Down",0.358644028935477,0.862618922692685,"GO:0071345","cellular response to cytokine stimulus"
26,-0.0134631419108478,"Down",0.358891184489852,0.862618922692685,"GO:0051985","negative regulation of chromosome segregation"
26,-0.0134631419108478,"Down",0.358891184489852,0.862618922692685,"GO:1905819","negative regulation of chromosome separation"
21,0.0193391079183489,"Down",0.359118028209817,0.862618922692685,"GO:0019933","cAMP-mediated signaling"
83,0.0202214626101204,"Down",0.359297895590695,0.862618922692685,"GO:0000723","telomere maintenance"
29,0.0366820101749849,"Up",0.359330158662476,0.862618922692685,"GO:0031952","regulation of protein autophosphorylation"
28,0.0285883502949329,"Up",0.35955676482833,0.862618922692685,"GO:0032509","endosome transport via multivesicular body sorting pathway"
71,-0.00909346775781437,"Down",0.359578457974767,0.862618922692685,"GO:0016331","morphogenesis of embryonic epithelium"
20,0.0294621571716446,"Up",0.359628371323849,0.862618922692685,"GO:0048199","vesicle targeting, to, from or within Golgi"
394,0.0101486243496065,"Down",0.359632807388483,0.862618922692685,"GO:0001934","positive regulation of protein phosphorylation"
15,0.0849093897424404,"Up",0.359786923291766,0.862618922692685,"GO:0045776","negative regulation of blood pressure"
23,0.144207840792713,"Up",0.360177950807105,0.862618922692685,"GO:0045124","regulation of bone resorption"
82,0.22515558014455,"Up",0.360456251478336,0.862618922692685,"GO:0009206","purine ribonucleoside triphosphate biosynthetic process"
179,0.0013369351556366,"Down",0.360691780845463,0.862618922692685,"GO:0006644","phospholipid metabolic process"
36,-0.0059905889858123,"Down",0.361216880696543,0.862618922692685,"GO:0120193","tight junction organization"
29,-0.00751307952784833,"Down",0.361397109055304,0.862618922692685,"GO:0007520","myoblast fusion"
42,0.0130624121960885,"Down",0.361486658630959,0.862618922692685,"GO:0019319","hexose biosynthetic process"
21,0.0571538739780139,"Down",0.361758333249396,0.862618922692685,"GO:0051955","regulation of amino acid transport"
75,-0.00517398844919622,"Down",0.361965211453649,0.862618922692685,"GO:0043244","regulation of protein-containing complex disassembly"
227,0.00183151106225689,"Down",0.362507050328683,0.862618922692685,"GO:0052548","regulation of endopeptidase activity"
101,0.0147416308434026,"Down",0.362559459355334,0.862618922692685,"GO:0090596","sensory organ morphogenesis"
50,0.0421456427847091,"Up",0.362651471178195,0.862618922692685,"GO:0009799","specification of symmetry"
50,0.0421456427847091,"Up",0.362651471178195,0.862618922692685,"GO:0009855","determination of bilateral symmetry"
16,-0.0213022866068165,"Down",0.362678667120248,0.862618922692685,"GO:0070886","positive regulation of calcineurin-NFAT signaling cascade"
16,-0.0213022866068165,"Down",0.362678667120248,0.862618922692685,"GO:0106058","positive regulation of calcineurin-mediated signaling"
21,0.0319301313971078,"Down",0.36320467219557,0.862618922692685,"GO:0034110","regulation of homotypic cell-cell adhesion"
21,0.0583053296055303,"Up",0.363744739932858,0.862618922692685,"GO:0006739","NADP metabolic process"
25,-0.00835892318352907,"Down",0.364109675553537,0.862618922692685,"GO:0033046","negative regulation of sister chromatid segregation"
25,-0.00835892318352907,"Down",0.364109675553537,0.862618922692685,"GO:0033048","negative regulation of mitotic sister chromatid segregation"
25,-0.00835892318352907,"Down",0.364109675553537,0.862618922692685,"GO:2000816","negative regulation of mitotic sister chromatid separation"
307,0.0192399735175367,"Up",0.364285234941964,0.862618922692685,"GO:0009117","nucleotide metabolic process"
303,0.0105542229982019,"Down",0.364293116370159,0.862618922692685,"GO:0043068","positive regulation of programmed cell death"
299,0.0169839697098318,"Down",0.36443161025167,0.862618922692685,"GO:0071407","cellular response to organic cyclic compound"
27,-0.0240037930810271,"Down",0.3651578920277,0.862618922692685,"GO:0045773","positive regulation of axon extension"
50,0.00958489454250188,"Down",0.365213922277198,0.862618922692685,"GO:0002312","B cell activation involved in immune response"
50,0.0595397376397795,"Down",0.365386970706108,0.862618922692685,"GO:0001823","mesonephros development"
28,0.00342648932566902,"Down",0.365979748234289,0.862618922692685,"GO:0033692","cellular polysaccharide biosynthetic process"
27,-0.00890436186708673,"Down",0.366161111714144,0.862618922692685,"GO:0045839","negative regulation of mitotic nuclear division"
34,0.0403492208610054,"Down",0.366470082647694,0.862618922692685,"GO:0061333","renal tubule morphogenesis"
26,0.0224941033054482,"Down",0.366562959274299,0.862618922692685,"GO:0031111","negative regulation of microtubule polymerization or depolymerization"
30,0.0482497895713618,"Down",0.366653442969712,0.862618922692685,"GO:0060675","ureteric bud morphogenesis"
30,0.0482497895713618,"Down",0.366653442969712,0.862618922692685,"GO:0072171","mesonephric tubule morphogenesis"
76,0.01613261340687,"Down",0.366854412415266,0.862618922692685,"GO:0032147","activation of protein kinase activity"
15,0.00378836986273127,"Down",0.367227325124892,0.862618922692685,"GO:0035020","regulation of Rac protein signal transduction"
16,-0.00138156523846561,"Down",0.367498584495104,0.862618922692685,"GO:0086064","cell communication by electrical coupling involved in cardiac conduction"
86,0.00918604060558358,"Down",0.367518134440673,0.862618922692685,"GO:0006109","regulation of carbohydrate metabolic process"
39,0.0647914287758418,"Up",0.367945106408423,0.862618922692685,"GO:0060411","cardiac septum morphogenesis"
77,0.00683180247251079,"Down",0.368047691036083,0.862618922692685,"GO:0048639","positive regulation of developmental growth"
81,0.0369575910211988,"Down",0.368088204797204,0.862618922692685,"GO:0009913","epidermal cell differentiation"
60,0.326277278841843,"Up",0.369002808122641,0.864212552526263,"GO:0015986","proton motive force-driven ATP synthesis"
25,0.0681962812477325,"Up",0.369841820041987,0.86542397105024,"GO:1902003","regulation of amyloid-beta formation"
27,0.0287670589652562,"Down",0.370542926038922,0.86542397105024,"GO:0031295","T cell costimulation"
44,0.185637327098993,"Down",0.370997369928463,0.86542397105024,"GO:0042273","ribosomal large subunit biogenesis"
55,0.329346892867799,"Up",0.371017324172747,0.86542397105024,"GO:0042776","proton motive force-driven mitochondrial ATP synthesis"
24,0.00748660039122069,"Down",0.371323812687135,0.86542397105024,"GO:0044818","mitotic G2/M transition checkpoint"
310,0.0194945509657046,"Up",0.371345196866461,0.86542397105024,"GO:0006753","nucleoside phosphate metabolic process"
65,0.0301958578369833,"Down",0.37155419275922,0.86542397105024,"GO:0002821","positive regulation of adaptive immune response"
83,0.222663447476282,"Up",0.371683823559109,0.86542397105024,"GO:0009145","purine nucleoside triphosphate biosynthetic process"
50,0.0445982672525451,"Up",0.371867839058176,0.86542397105024,"GO:0070972","protein localization to endoplasmic reticulum"
17,0.02158371239212,"Down",0.371869203629894,0.86542397105024,"GO:0006517","protein deglycosylation"
17,0.0519721993714735,"Up",0.372375987988575,0.865483329540636,"GO:0070861","regulation of protein exit from endoplasmic reticulum"
164,0.00857009112501473,"Down",0.372406356659622,0.865483329540636,"GO:0060562","epithelial tube morphogenesis"
58,0.0198095188610021,"Up",0.37259950071972,0.865483329540636,"GO:0071331","cellular response to hexose stimulus"
97,-0.00585160173403543,"Down",0.373377240927183,0.866362763899432,"GO:1902904","negative regulation of supramolecular fiber organization"
16,0.00436177439228283,"Up",0.373595626863689,0.866362763899432,"GO:1902930","regulation of alcohol biosynthetic process"
72,0.00348474453089706,"Down",0.373895364962485,0.866362763899432,"GO:0050728","negative regulation of inflammatory response"
23,0.0972310412283992,"Up",0.373918782464739,0.866362763899432,"GO:0021545","cranial nerve development"
21,0.0271836817908768,"Up",0.374391595521434,0.86659113712868,"GO:0060043","regulation of cardiac muscle cell proliferation"
44,0.136851845272045,"Up",0.374691369233819,0.86659113712868,"GO:0150076","neuroinflammatory response"
32,0.0492147015983815,"Down",0.374728133030435,0.86659113712868,"GO:0045682","regulation of epidermis development"
29,-0.000180979260209867,"Down",0.375200658281934,0.86659113712868,"GO:0060260","regulation of transcription initiation by RNA polymerase II"
49,0.00250377894195977,"Up",0.376026475098018,0.86659113712868,"GO:0051341","regulation of oxidoreductase activity"
59,0.0183543338046557,"Down",0.376108792042684,0.86659113712868,"GO:0034219","carbohydrate transmembrane transport"
116,0.00469281900629325,"Up",0.376124563981427,0.86659113712868,"GO:0044000","movement in host"
24,0.0467424366186825,"Up",0.376346435623448,0.86659113712868,"GO:0006220","pyrimidine nucleotide metabolic process"
35,0.00454330536698541,"Down",0.376808449942966,0.86659113712868,"GO:0035282","segmentation"
333,0.0165100555406682,"Up",0.377042582522402,0.86659113712868,"GO:1901137","carbohydrate derivative biosynthetic process"
25,0.00476411220562209,"Down",0.377063194134844,0.86659113712868,"GO:0048066","developmental pigmentation"
15,0.03133915364487,"Down",0.377080165159619,0.86659113712868,"GO:0051767","nitric-oxide synthase biosynthetic process"
15,0.03133915364487,"Down",0.377080165159619,0.86659113712868,"GO:0051769","regulation of nitric-oxide synthase biosynthetic process"
87,0.00738083840343035,"Up",0.377310581963736,0.86659113712868,"GO:0071675","regulation of mononuclear cell migration"
17,0.107477878719492,"Up",0.377697208695406,0.866938639771886,"GO:0070841","inclusion body assembly"
25,0.0823548924562222,"Up",0.378827830063531,0.868388509911382,"GO:0060412","ventricular septum morphogenesis"
40,0.0162800485007051,"Up",0.378851238509105,0.868388509911382,"GO:0015908","fatty acid transport"
63,0.0288549946031476,"Up",0.379270823284564,0.868388509911382,"GO:0001909","leukocyte mediated cytotoxicity"
83,0.224101116370993,"Up",0.379271746049787,0.868388509911382,"GO:0009201","ribonucleoside triphosphate biosynthetic process"
42,0.0433953578065932,"Up",0.379976183503613,0.868939997651674,"GO:0001910","regulation of leukocyte mediated cytotoxicity"
15,0.0333264306497752,"Down",0.379984347507288,0.868939997651674,"GO:0051569","regulation of histone H3-K4 methylation"
25,-0.0248621406381074,"Down",0.380798467094255,0.869472494206486,"GO:0034661","ncRNA catabolic process"
29,-0.006874107919934,"Up",0.380941282928138,0.869472494206486,"GO:0034314","Arp2/3 complex-mediated actin nucleation"
67,0.0421913361059771,"Up",0.380966665209471,0.869472494206486,"GO:0007006","mitochondrial membrane organization"
92,0.0155242145393796,"Down",0.3811612589966,0.869472494206486,"GO:0032434","regulation of proteasomal ubiquitin-dependent protein catabolic process"
32,0.00281093595374144,"Up",0.382200729302746,0.869615385820807,"GO:0097028","dendritic cell differentiation"
84,0.030584486121871,"Down",0.382783931382505,0.869615385820807,"GO:0071772","response to BMP"
84,0.030584486121871,"Down",0.382783931382505,0.869615385820807,"GO:0071773","cellular response to BMP stimulus"
235,0.00802224051579998,"Down",0.382855798790362,0.869615385820807,"GO:0051090","regulation of DNA-binding transcription factor activity"
27,-0.00881064840386913,"Down",0.383125005159123,0.869615385820807,"GO:0032781","positive regulation of ATP-dependent activity"
64,0.00521896865987705,"Up",0.383221767440404,0.869615385820807,"GO:0032411","positive regulation of transporter activity"
38,0.0197972284539691,"Down",0.383319720975917,0.869615385820807,"GO:2001238","positive regulation of extrinsic apoptotic signaling pathway"
50,0.037179165058944,"Up",0.383329012289448,0.869615385820807,"GO:0031341","regulation of cell killing"
21,0.0264283363509042,"Up",0.383383235769517,0.869615385820807,"GO:0061384","heart trabecula morphogenesis"
17,-0.0192487745749724,"Down",0.383584419641371,0.869615385820807,"GO:0002068","glandular epithelial cell development"
15,-0.00944199455899146,"Down",0.383887244709644,0.869766672515576,"GO:1902254","negative regulation of intrinsic apoptotic signaling pathway by p53 class mediator"
25,0.00282976921130402,"Up",0.384536756122158,0.870702771698852,"GO:0031279","regulation of cyclase activity"
21,-0.00603601119875273,"Down",0.385308003953885,0.871903179478443,"GO:2001222","regulation of neuron migration"
23,0.0139352610200343,"Down",0.38554024955765,0.871903179478443,"GO:1904031","positive regulation of cyclin-dependent protein kinase activity"
40,0.0318185037332231,"Down",0.386077100989885,0.872374744814006,"GO:0030101","natural killer cell activation"
21,-0.00785440505463776,"Down",0.386800976020076,0.872374744814006,"GO:0033574","response to testosterone"
211,0.0102429138112593,"Up",0.387127085084553,0.872374744814006,"GO:0070997","neuron death"
32,0.0303590105314913,"Down",0.387335480254304,0.872374744814006,"GO:0002793","positive regulation of peptide secretion"
32,0.0303590105314913,"Down",0.387335480254304,0.872374744814006,"GO:0090277","positive regulation of peptide hormone secretion"
135,0.0875440977116568,"Up",0.387684647933365,0.872374744814006,"GO:0006164","purine nucleotide biosynthetic process"
18,-0.0124722661901106,"Down",0.387718772737854,0.872374744814006,"GO:0051788","response to misfolded protein"
22,0.02524188471311,"Up",0.387908087941481,0.872374744814006,"GO:0099022","vesicle tethering"
39,0.0333810575025072,"Down",0.388009678553661,0.872374744814006,"GO:0050818","regulation of coagulation"
18,0.0369571877071459,"Down",0.388221854484832,0.872374744814006,"GO:0050982","detection of mechanical stimulus"
59,0.0297060682703784,"Down",0.388535293473891,0.872374744814006,"GO:0002824","positive regulation of adaptive immune response based on somatic recombination of immune receptors built from immunoglobulin superfamily domains"
20,0.0126353742533296,"Up",0.388942446623182,0.872374744814006,"GO:1903077","negative regulation of protein localization to plasma membrane"
20,0.0126353742533296,"Up",0.388942446623182,0.872374744814006,"GO:1904376","negative regulation of protein localization to cell periphery"
40,0.0402777499847706,"Down",0.38968803230577,0.872374744814006,"GO:0034113","heterotypic cell-cell adhesion"
31,-0.013584794652194,"Up",0.389708953900532,0.872374744814006,"GO:0090199","regulation of release of cytochrome c from mitochondria"
89,0.0247716577405727,"Down",0.390262416944716,0.872374744814006,"GO:0045727","positive regulation of translation"
65,0.0176987067248591,"Down",0.390625293647972,0.872374744814006,"GO:0010586","miRNA metabolic process"
16,-0.0373328695484681,"Up",0.390634981358649,0.872374744814006,"GO:0044827","modulation by host of viral genome replication"
130,0.0253341531351925,"Down",0.391248544334718,0.872374744814006,"GO:0008544","epidermis development"
265,0.0192481310753709,"Down",0.391554434804021,0.872374744814006,"GO:0016049","cell growth"
69,0.00637869010568896,"Up",0.391637465598073,0.872374744814006,"GO:0006575","cellular modified amino acid metabolic process"
202,0.0183348871923327,"Down",0.391906837689528,0.872374744814006,"GO:0042692","muscle cell differentiation"
20,0.0446696771123863,"Up",0.392644538242705,0.872374744814006,"GO:0021879","forebrain neuron differentiation"
50,0.0189437890392697,"Down",0.392735919046488,0.872374744814006,"GO:0035270","endocrine system development"
72,0.0100757431757058,"Down",0.393059496597006,0.872374744814006,"GO:0045667","regulation of osteoblast differentiation"
25,0.0328635840743684,"Up",0.39308914807801,0.872374744814006,"GO:0055008","cardiac muscle tissue morphogenesis"
37,0.049244173853799,"Up",0.393462966455543,0.872374744814006,"GO:1902743","regulation of lamellipodium organization"
17,0.0237364163957791,"Up",0.3934655406777,0.872374744814006,"GO:2000191","regulation of fatty acid transport"
25,-0.0172031633578518,"Down",0.393692442495138,0.872374744814006,"GO:1902100","negative regulation of metaphase/anaphase transition of cell cycle"
25,0.0213787972415292,"Down",0.39406515711822,0.872374744814006,"GO:0007019","microtubule depolymerization"
44,0.0226430265995201,"Down",0.394326781185213,0.872374744814006,"GO:0010833","telomere maintenance via telomere lengthening"
32,0.0270164870826532,"Up",0.39433262518659,0.872374744814006,"GO:0019362","pyridine nucleotide metabolic process"
32,0.0270164870826532,"Up",0.39433262518659,0.872374744814006,"GO:0046496","nicotinamide nucleotide metabolic process"
78,-0.00503359408124805,"Down",0.394406017883374,0.872374744814006,"GO:2000241","regulation of reproductive process"
16,0.0343703782360308,"Down",0.394777931814555,0.872374744814006,"GO:0030318","melanocyte differentiation"
20,-0.0023622828475967,"Up",0.39484695688188,0.872374744814006,"GO:0000305","response to oxygen radical"
239,0.00192345439682106,"Down",0.395100484944044,0.872374744814006,"GO:0051051","negative regulation of transport"
57,0.0157642568850458,"Down",0.395448292111615,0.872374744814006,"GO:1904029","regulation of cyclin-dependent protein kinase activity"
221,0.00720585141910833,"Down",0.395515469156847,0.872374744814006,"GO:0045862","positive regulation of proteolysis"
237,0.0112908421788505,"Down",0.395640783890842,0.872374744814006,"GO:0051960","regulation of nervous system development"
33,0.0110641220147962,"Up",0.396275859668531,0.872374744814006,"GO:0046686","response to cadmium ion"
32,0.000290994958880383,"Up",0.396762763121267,0.872374744814006,"GO:0008631","intrinsic apoptotic signaling pathway in response to oxidative stress"
20,-0.00939499493940015,"Down",0.397281564406489,0.872374744814006,"GO:0060999","positive regulation of dendritic spine development"
90,0.0088227141372653,"Down",0.397648983452146,0.872374744814006,"GO:0016051","carbohydrate biosynthetic process"
24,-0.0216610871615407,"Up",0.397817664007054,0.872374744814006,"GO:0018198","peptidyl-cysteine modification"
16,0.00646840264482408,"Down",0.397848061216334,0.872374744814006,"GO:1903204","negative regulation of oxidative stress-induced neuron death"
125,0.00408012622615214,"Up",0.397880837806491,0.872374744814006,"GO:0051701","biological process involved in interaction with host"
62,0.00909618793526014,"Down",0.398129392643394,0.872374744814006,"GO:0014902","myotube differentiation"
22,0.00492679419251768,"Up",0.398288707117422,0.872374744814006,"GO:0014911","positive regulation of smooth muscle cell migration"
90,0.0106610195361274,"Down",0.398557721787993,0.872374744814006,"GO:0038061","NIK/NF-kappaB signaling"
29,0.00917045128302169,"Down",0.398563066604938,0.872374744814006,"GO:0030858","positive regulation of epithelial cell differentiation"
28,0.0327934119928236,"Down",0.398873555845335,0.872374744814006,"GO:0060966","regulation of gene silencing by RNA"
27,-0.00423411614858552,"Up",0.399173116410753,0.872374744814006,"GO:0009247","glycolipid biosynthetic process"
413,0.00770725967506948,"Down",0.399191551614744,0.872374744814006,"GO:0030162","regulation of proteolysis"
29,-0.00815506333068351,"Down",0.399297485911134,0.872374744814006,"GO:0046677","response to antibiotic"
33,0.0768830782420284,"Up",0.399400394991537,0.872374744814006,"GO:0046580","negative regulation of Ras protein signal transduction"
24,-0.0126133906102808,"Down",0.399922888168316,0.872374744814006,"GO:0045841","negative regulation of mitotic metaphase/anaphase transition"
37,0.0596302512749482,"Down",0.400173597292385,0.872374744814006,"GO:0002218","activation of innate immune response"
25,0.0485270614747303,"Down",0.400350829541831,0.872374744814006,"GO:2000516","positive regulation of CD4-positive, alpha-beta T cell activation"
21,0.00126736728417703,"Down",0.400655752941999,0.872374744814006,"GO:0045737","positive regulation of cyclin-dependent protein serine/threonine kinase activity"
87,0.00295137974057648,"Down",0.400694332898914,0.872374744814006,"GO:1903169","regulation of calcium ion transmembrane transport"
91,0.00400893678419826,"Down",0.401031649410702,0.872374744814006,"GO:0010976","positive regulation of neuron projection development"
18,0.0349861098664241,"Down",0.401396266304921,0.872374744814006,"GO:0050901","leukocyte tethering or rolling"
22,0.00135389496652252,"Down",0.401848958503248,0.872374744814006,"GO:0010677","negative regulation of cellular carbohydrate metabolic process"
36,-0.00697707904101926,"Down",0.402241618260872,0.872374744814006,"GO:0002011","morphogenesis of an epithelial sheet"
17,-0.0452295341964553,"Down",0.402380189730082,0.872374744814006,"GO:0055081","anion homeostasis"
59,0.066182314702272,"Up",0.40239453974197,0.872374744814006,"GO:2001237","negative regulation of extrinsic apoptotic signaling pathway"
73,0.00968740464825365,"Down",0.402423526030422,0.872374744814006,"GO:2000060","positive regulation of ubiquitin-dependent protein catabolic process"
69,0.0143695092652482,"Up",0.402463704586844,0.872374744814006,"GO:0043200","response to amino acid"
16,0.0126173041184318,"Up",0.402940252020527,0.872374744814006,"GO:0070584","mitochondrion morphogenesis"
38,0.0126494020971289,"Down",0.40311074911836,0.872374744814006,"GO:0060349","bone morphogenesis"
40,0.0125684527038192,"Down",0.403185756400548,0.872374744814006,"GO:0010812","negative regulation of cell-substrate adhesion"
21,0.0636872388999261,"Up",0.40326493448432,0.872374744814006,"GO:0044458","motile cilium assembly"
18,-0.0381410663801951,"Down",0.40386815205176,0.872374744814006,"GO:0016233","telomere capping"
309,0.00651782958389911,"Down",0.404251463965075,0.872374744814006,"GO:0051493","regulation of cytoskeleton organization"
80,-0.00610499501521406,"Down",0.405007312419622,0.872374744814006,"GO:0031333","negative regulation of protein-containing complex assembly"
140,0.0835526560899044,"Up",0.405078152758738,0.872374744814006,"GO:0046390","ribose phosphate biosynthetic process"
18,0.0412090929381779,"Up",0.405400839711094,0.872374744814006,"GO:1904994","regulation of leukocyte adhesion to vascular endothelial cell"
267,0.0143726459682131,"Down",0.405455332808488,0.872374744814006,"GO:1901652","response to peptide"
87,0.00770806079046844,"Up",0.406234180815853,0.872374744814006,"GO:0061025","membrane fusion"
31,0.0201078721807797,"Up",0.406399406953656,0.872374744814006,"GO:0043525","positive regulation of neuron apoptotic process"
26,0.0241645083225593,"Down",0.406408862501014,0.872374744814006,"GO:0048713","regulation of oligodendrocyte differentiation"
20,0.00228638538356899,"Down",0.406784003207883,0.872374744814006,"GO:0051154","negative regulation of striated muscle cell differentiation"
22,-0.00741579229632642,"Down",0.407465905910833,0.872374744814006,"GO:0010923","negative regulation of phosphatase activity"
60,0.0124225903045461,"Down",0.40755609723013,0.872374744814006,"GO:0071482","cellular response to light stimulus"
15,-0.0377719313649819,"Up",0.408669407602109,0.872374744814006,"GO:0002689","negative regulation of leukocyte chemotaxis"
36,0.00981276529714233,"Down",0.408695221874549,0.872374744814006,"GO:1900076","regulation of cellular response to insulin stimulus"
56,0.0128165550074245,"Up",0.408873119795781,0.872374744814006,"GO:0008203","cholesterol metabolic process"
24,-0.00160849397759488,"Up",0.408879537318334,0.872374744814006,"GO:0060251","regulation of glial cell proliferation"
22,0.0245285596131776,"Down",0.409072964107914,0.872374744814006,"GO:0007193","adenylate cyclase-inhibiting G protein-coupled receptor signaling pathway"
15,0.100927605942994,"Down",0.409201257479149,0.872374744814006,"GO:0035337","fatty-acyl-CoA metabolic process"
36,0.0226732848219532,"Down",0.409270759682844,0.872374744814006,"GO:0030838","positive regulation of actin filament polymerization"
367,0.0140487545860737,"Down",0.409462091995852,0.872374744814006,"GO:0034330","cell junction organization"
54,0.0331997958946813,"Up",0.409513891646393,0.872374744814006,"GO:0042147","retrograde transport, endosome to Golgi"
57,0.00561522242241331,"Up",0.409932692465709,0.872374744814006,"GO:0032611","interleukin-1 beta production"
57,0.00561522242241331,"Up",0.409932692465709,0.872374744814006,"GO:0032651","regulation of interleukin-1 beta production"
226,0.0178774417757161,"Down",0.409986429065027,0.872374744814006,"GO:0009615","response to virus"
24,0.0306137776598089,"Up",0.410139231314609,0.872374744814006,"GO:0035384","thioester biosynthetic process"
24,0.0306137776598089,"Up",0.410139231314609,0.872374744814006,"GO:0071616","acyl-CoA biosynthetic process"
64,0.0120789063154635,"Down",0.410285299381848,0.872374744814006,"GO:1903707","negative regulation of hemopoiesis"
68,0.00907401412218794,"Up",0.410486417882108,0.872374744814006,"GO:0002690","positive regulation of leukocyte chemotaxis"
31,0.0391302251519583,"Down",0.410555187733865,0.872374744814006,"GO:0035987","endodermal cell differentiation"
23,0.0333773214710708,"Up",0.410793790075542,0.872374744814006,"GO:0006749","glutathione metabolic process"
136,0.0880189853400294,"Up",0.410905289468572,0.872374744814006,"GO:0009260","ribonucleotide biosynthetic process"
18,0.00420499035300055,"Down",0.410935666509157,0.872374744814006,"GO:1902742","apoptotic process involved in development"
15,-0.0206009818254587,"Down",0.411123464068481,0.872374744814006,"GO:0003180","aortic valve morphogenesis"
20,-0.000757374626345958,"Down",0.411274477849014,0.872374744814006,"GO:0031018","endocrine pancreas development"
21,0.00732567219245712,"Down",0.4114768226411,0.872374744814006,"GO:0043368","positive T cell selection"
153,0.0701899321601664,"Up",0.411610144879726,0.872374744814006,"GO:0009205","purine ribonucleoside triphosphate metabolic process"
22,-0.000652155491180927,"Down",0.411913521071217,0.872374744814006,"GO:0000132","establishment of mitotic spindle orientation"
19,0.0258525832696267,"Up",0.412419883308724,0.872374744814006,"GO:0007431","salivary gland development"
19,0.0258525832696267,"Up",0.412419883308724,0.872374744814006,"GO:0007435","salivary gland morphogenesis"
102,0.255789628935873,"Up",0.412900792342913,0.872374744814006,"GO:0006119","oxidative phosphorylation"
46,-0.00564394357650665,"Up",0.413497358254106,0.872374744814006,"GO:0033559","unsaturated fatty acid metabolic process"
91,0.0128974673757141,"Down",0.413639745014766,0.872374744814006,"GO:0061138","morphogenesis of a branching epithelium"
74,0.0165304665707339,"Down",0.41372102600642,0.872374744814006,"GO:0048754","branching morphogenesis of an epithelial tube"
200,0.00502441046781999,"Up",0.414096430422642,0.872374744814006,"GO:0006875","cellular metal ion homeostasis"
22,0.0756317621444058,"Up",0.414152184663593,0.872374744814006,"GO:0014002","astrocyte development"
17,0.107360260154464,"Down",0.414414765795701,0.872374744814006,"GO:0002220","innate immune response activating cell surface receptor signaling pathway"
71,0.00552901052702766,"Down",0.414426862776049,0.872374744814006,"GO:0050868","negative regulation of T cell activation"
51,0.0220046701059686,"Up",0.414554771854544,0.872374744814006,"GO:0014909","smooth muscle cell migration"
73,0.0226665495937694,"Down",0.414638484845094,0.872374744814006,"GO:0048675","axon extension"
251,0.0189570170663,"Up",0.415000347460512,0.872635067840916,"GO:0006163","purine nucleotide metabolic process"
89,0.0175914046064083,"Down",0.415494170400307,0.872635067840916,"GO:0035265","organ growth"
15,0.0345909774376168,"Down",0.415536983277011,0.872635067840916,"GO:0070873","regulation of glycogen metabolic process"
24,0.104302476221237,"Up",0.415774088057488,0.872635067840916,"GO:0051084","'de novo' post-translational protein folding"
38,0.0142081368632061,"Down",0.415946574139155,0.872635067840916,"GO:0048477","oogenesis"
73,0.00732964498941392,"Up",0.416746518311216,0.873229353260675,"GO:0006892","post-Golgi vesicle-mediated transport"
17,0.0383325491933132,"Up",0.416796787850701,0.873229353260675,"GO:0060306","regulation of membrane repolarization"
472,0.0111921776121403,"Down",0.417105666276264,0.873229353260675,"GO:0030029","actin filament-based process"
15,-0.0175190785191813,"Down",0.417177975499128,0.873229353260675,"GO:0009119","ribonucleoside metabolic process"
28,0.0438058106753478,"Up",0.417563107373452,0.873395319453901,"GO:0001912","positive regulation of leukocyte mediated cytotoxicity"
198,0.0134443672916635,"Down",0.417731420433706,0.873395319453901,"GO:0031647","regulation of protein stability"
91,-0.00433206793967102,"Down",0.418292052154115,0.87394908778744,"GO:0099173","postsynapse organization"
17,0.0836630595810849,"Down",0.418622173560448,0.87394908778744,"GO:0007218","neuropeptide signaling pathway"
70,0.0501263867384885,"Down",0.418707964154406,0.87394908778744,"GO:0045089","positive regulation of innate immune response"
331,0.00338622843045855,"Up",0.419275523920717,0.874041269358126,"GO:0098662","inorganic cation transmembrane transport"
41,0.00903375086442837,"Up",0.419505401663989,0.874041269358126,"GO:0043112","receptor metabolic process"
16,-0.0210874504053673,"Down",0.419584276061918,0.874041269358126,"GO:0097150","neuronal stem cell population maintenance"
34,0.0597292501517427,"Up",0.419921310159398,0.874041269358126,"GO:0045453","bone resorption"
83,0.0351058831865509,"Down",0.419938394887048,0.874041269358126,"GO:0030509","BMP signaling pathway"
32,0.0759118297478478,"Up",0.420327793371315,0.874357758769014,"GO:0032527","protein exit from endoplasmic reticulum"
81,0.0121292467938165,"Down",0.421014788903999,0.874868356001656,"GO:0001890","placenta development"
28,0.0138145445778481,"Down",0.422176288073742,0.874868356001656,"GO:0006509","membrane protein ectodomain proteolysis"
20,0.0359186386258036,"Down",0.422524053077996,0.874868356001656,"GO:0033260","nuclear DNA replication"
20,0.0359186386258036,"Down",0.422524053077996,0.874868356001656,"GO:0044786","cell cycle DNA replication"
18,-0.0222344023223228,"Down",0.42275744220403,0.874868356001656,"GO:0030204","chondroitin sulfate metabolic process"
20,-0.0103351883049791,"Down",0.422859204004738,0.874868356001656,"GO:0051443","positive regulation of ubiquitin-protein transferase activity"
39,0.0152450488217167,"Down",0.423198150858238,0.874868356001656,"GO:2001244","positive regulation of intrinsic apoptotic signaling pathway"
20,0.0837433753153967,"Down",0.423457225685815,0.874868356001656,"GO:0071715","icosanoid transport"
19,0.0104535137772389,"Up",0.423725312276415,0.874868356001656,"GO:0001881","receptor recycling"
30,-0.0171211866950221,"Down",0.424130133392462,0.874868356001656,"GO:2000403","positive regulation of lymphocyte migration"
161,0.0228450823109667,"Down",0.424146799664253,0.874868356001656,"GO:0002460","adaptive immune response based on somatic recombination of immune receptors built from immunoglobulin superfamily domains"
20,0.0358108895465744,"Down",0.424547191479933,0.874868356001656,"GO:2000765","regulation of cytoplasmic translation"
100,0.00966832617720056,"Up",0.424580790271875,0.874868356001656,"GO:1901617","organic hydroxy compound biosynthetic process"
16,0.117043550811077,"Up",0.424619297991918,0.874868356001656,"GO:0008535","respiratory chain complex IV assembly"
146,0.0137104239991845,"Up",0.424653298121089,0.874868356001656,"GO:0016197","endosomal transport"
137,0.081535010666684,"Up",0.424693172429992,0.874868356001656,"GO:0046034","ATP metabolic process"
33,0.00100693132350724,"Down",0.424763905048721,0.874868356001656,"GO:0007127","meiosis I"
25,0.00698095957872085,"Down",0.425281997535412,0.874868356001656,"GO:0070536","protein K63-linked deubiquitination"
107,0.0134154265812992,"Down",0.425436456225725,0.874868356001656,"GO:0031099","regeneration"
78,0.00568486009616257,"Down",0.425990838914798,0.874868356001656,"GO:1903038","negative regulation of leukocyte cell-cell adhesion"
50,0.00788450587893004,"Down",0.42602518720008,0.874868356001656,"GO:0001892","embryonic placenta development"
76,0.0354114279781883,"Down",0.426379097497894,0.874868356001656,"GO:0035051","cardiocyte differentiation"
17,0.00254160680377484,"Down",0.427428540189951,0.874868356001656,"GO:0009649","entrainment of circadian clock"
116,0.0245293096151946,"Down",0.42745545648918,0.874868356001656,"GO:1902107","positive regulation of leukocyte differentiation"
116,0.0245293096151946,"Down",0.42745545648918,0.874868356001656,"GO:1903708","positive regulation of hemopoiesis"
36,0.0391620626936257,"Down",0.427719527098964,0.874868356001656,"GO:0030193","regulation of blood coagulation"
36,0.0391620626936257,"Down",0.427719527098964,0.874868356001656,"GO:1900046","regulation of hemostasis"
30,0.0433771749454674,"Down",0.428018349656922,0.874868356001656,"GO:0002762","negative regulation of myeloid leukocyte differentiation"
22,0.124137327131717,"Up",0.428364397249203,0.874868356001656,"GO:0051085","chaperone cofactor-dependent protein refolding"
38,0.0495581468857912,"Up",0.428490352710696,0.874868356001656,"GO:0042987","amyloid precursor protein catabolic process"
19,0.00908777478463479,"Up",0.428498718617228,0.874868356001656,"GO:0032692","negative regulation of interleukin-1 production"
15,-0.0310255225691538,"Up",0.428510247567685,0.874868356001656,"GO:0055023","positive regulation of cardiac muscle tissue growth"
15,-0.00929790099760416,"Down",0.428789610151226,0.874868356001656,"GO:0019098","reproductive behavior"
231,0.00931700905148104,"Down",0.429153805581636,0.874868356001656,"GO:0050867","positive regulation of cell activation"
154,0.0701753374594202,"Up",0.429291357017629,0.874868356001656,"GO:0009199","ribonucleoside triphosphate metabolic process"
143,0.0190652522947342,"Down",0.429814823947324,0.874868356001656,"GO:0051146","striated muscle cell differentiation"
38,0.0111392486085556,"Down",0.430245745813378,0.874868356001656,"GO:0042246","tissue regeneration"
56,0.00635991268090343,"Down",0.430542717910136,0.874868356001656,"GO:1904035","regulation of epithelial cell apoptotic process"
126,0.077792833435391,"Down",0.430776190761191,0.874868356001656,"GO:0016072","rRNA metabolic process"
24,0.055371197596813,"Up",0.430875460500071,0.874868356001656,"GO:0014014","negative regulation of gliogenesis"
30,0.0322140312401846,"Down",0.431231046426009,0.874868356001656,"GO:0051966","regulation of synaptic transmission, glutamatergic"
23,0.0406597856768744,"Up",0.431382491804554,0.874868356001656,"GO:0021872","forebrain generation of neurons"
220,0.00725999732882581,"Down",0.431488489586571,0.874868356001656,"GO:0051098","regulation of binding"
26,0.0111104533613428,"Up",0.431574402117485,0.874868356001656,"GO:0098900","regulation of action potential"
20,-0.00580470225756572,"Up",0.431675099036751,0.874868356001656,"GO:0042059","negative regulation of epidermal growth factor receptor signaling pathway"
87,0.019596090319565,"Down",0.432202464417055,0.874868356001656,"GO:0032200","telomere organization"
349,0.0151240082189658,"Down",0.432275947211545,0.874868356001656,"GO:0002521","leukocyte differentiation"
121,0.0244233333133445,"Up",0.432325924533953,0.874868356001656,"GO:0043523","regulation of neuron apoptotic process"
16,-0.0533877454242245,"Down",0.432545878711247,0.874868356001656,"GO:0010830","regulation of myotube differentiation"
124,0.0204245073836485,"Down",0.432676649247312,0.874868356001656,"GO:0033002","muscle cell proliferation"
35,0.020798751995852,"Down",0.432753076451609,0.874868356001656,"GO:0031016","pancreas development"
20,0.0653204304469464,"Up",0.432934460464927,0.874868356001656,"GO:0002474","antigen processing and presentation of peptide antigen via MHC class I"
49,0.040207031112986,"Down",0.433159576912872,0.874868356001656,"GO:2000781","positive regulation of double-strand break repair"
57,0.0189046861122385,"Up",0.433762761659328,0.875606582987926,"GO:0071333","cellular response to glucose stimulus"
44,0.0393470359663465,"Up",0.434356639737021,0.875703419434078,"GO:0014910","regulation of smooth muscle cell migration"
109,0.0142629764582553,"Up",0.434509048603407,0.875703419434078,"GO:0009743","response to carbohydrate"
44,0.010197807824015,"Up",0.434523846559581,0.875703419434078,"GO:0003014","renal system process"
156,0.0699715928075394,"Up",0.435296503829491,0.876438000653252,"GO:0009144","purine nucleoside triphosphate metabolic process"
28,0.0589987624901978,"Down",0.435364153418961,0.876438000653252,"GO:0045604","regulation of epidermal cell differentiation"
135,0.0277817264785564,"Down",0.435988389352587,0.877010133095218,"GO:0002440","production of molecular mediator of immune response"
94,0.00607218753325695,"Down",0.436383163690713,0.877010133095218,"GO:1902850","microtubule cytoskeleton organization involved in mitosis"
79,0.0211268186275781,"Down",0.436411761943916,0.877010133095218,"GO:0002702","positive regulation of production of molecular mediator of immune response"
80,0.00535057587910369,"Down",0.436600592860106,0.877010133095218,"GO:0043534","blood vessel endothelial cell migration"
324,0.0157368616242478,"Down",0.437791488038539,0.878149535106339,"GO:0002252","immune effector process"
16,0.372801819346313,"Down",0.437895947392614,0.878149535106339,"GO:1903241","U2-type prespliceosome assembly"
17,0.00848786192930277,"Up",0.43816112401079,0.878149535106339,"GO:0016486","peptide hormone processing"
466,0.0201866612703543,"Down",0.438197998305125,0.878149535106339,"GO:0051093","negative regulation of developmental process"
43,0.0234810192848607,"Down",0.43866955069398,0.878149535106339,"GO:0070059","intrinsic apoptotic signaling pathway in response to endoplasmic reticulum stress"
28,0.0196887642741854,"Down",0.438713835200013,0.878149535106339,"GO:0042551","neuron maturation"
24,0.181803770728695,"Up",0.438836399058298,0.878149535106339,"GO:0043618","regulation of transcription from RNA polymerase II promoter in response to stress"
405,0.021402138065968,"Down",0.439427806690461,0.878855613380922,"GO:0070848","response to growth factor"
56,0.0370510181085344,"Down",0.440361481441337,0.879941655960501,"GO:0042752","regulation of circadian rhythm"
19,-0.0120973412593081,"Down",0.440602454635887,0.879941655960501,"GO:0010390","histone monoubiquitination"
24,0.0183473739119555,"Down",0.441000125613944,0.879941655960501,"GO:1905898","positive regulation of response to endoplasmic reticulum stress"
38,-0.00116411185666922,"Down",0.441208743239143,0.879941655960501,"GO:0043536","positive regulation of blood vessel endothelial cell migration"
59,0.0173092170915317,"Up",0.441221871303219,0.879941655960501,"GO:0071326","cellular response to monosaccharide stimulus"
100,0.0204458223945644,"Up",0.441717585594166,0.879941655960501,"GO:0001659","temperature homeostasis"
97,0.0367089877937341,"Down",0.441730202717198,0.879941655960501,"GO:0009755","hormone-mediated signaling pathway"
19,-0.00464507305607994,"Down",0.442251767155083,0.879941655960501,"GO:0071624","positive regulation of granulocyte chemotaxis"
19,-0.00464507305607994,"Down",0.442251767155083,0.879941655960501,"GO:0090023","positive regulation of neutrophil chemotaxis"
61,-0.00192273317494326,"Down",0.442414501813662,0.879941655960501,"GO:0090398","cellular senescence"
43,0.0411809165149135,"Up",0.442598232490447,0.879941655960501,"GO:0034103","regulation of tissue remodeling"
27,-0.0216016005304907,"Down",0.443537609229989,0.879980037479253,"GO:1990000","amyloid fibril formation"
48,0.0311529375785604,"Up",0.443744364988272,0.879980037479253,"GO:0046849","bone remodeling"
411,0.00823646776378707,"Down",0.444004765141098,0.879980037479253,"GO:0007017","microtubule-based process"
165,0.0666579523602185,"Up",0.44428654004804,0.879980037479253,"GO:0009141","nucleoside triphosphate metabolic process"
15,0.0841844032341492,"Down",0.444603705089912,0.879980037479253,"GO:0030728","ovulation"
98,0.00256903289308731,"Up",0.44478963311352,0.879980037479253,"GO:0044409","entry into host"
32,0.0137300979139643,"Up",0.445321845553468,0.879980037479253,"GO:0021510","spinal cord development"
42,-0.00398256909848129,"Down",0.446001205891362,0.879980037479253,"GO:0044774","mitotic DNA integrity checkpoint signaling"
61,0.0359863000600442,"Up",0.446052844637392,0.879980037479253,"GO:0097581","lamellipodium organization"
27,0.0145980210856004,"Up",0.446124397277181,0.879980037479253,"GO:0046633","alpha-beta T cell proliferation"
19,0.00714923785153753,"Up",0.44631611858115,0.879980037479253,"GO:0140448","signaling receptor ligand precursor processing"
155,0.0185393820185929,"Down",0.446368961436504,0.879980037479253,"GO:0048638","regulation of developmental growth"
18,0.00755221155091758,"Down",0.44639617208726,0.879980037479253,"GO:0007095","mitotic G2 DNA damage checkpoint signaling"
77,0.00310896006341513,"Down",0.446573754820812,0.879980037479253,"GO:0030073","insulin secretion"
37,0.023116724432758,"Down",0.446581581788486,0.879980037479253,"GO:1903317","regulation of protein maturation"
18,-0.0318522674378124,"Down",0.446773758806882,0.879980037479253,"GO:0030947","regulation of vascular endothelial growth factor receptor signaling pathway"
48,0.0107437946172943,"Up",0.446955349188197,0.879980037479253,"GO:0031663","lipopolysaccharide-mediated signaling pathway"
153,0.0784328577710979,"Down",0.447150556100627,0.879980037479253,"GO:0042254","ribosome biogenesis"
111,0.0807493462014481,"Down",0.44739481245208,0.879980037479253,"GO:0006364","rRNA processing"
154,0.00878525006715247,"Down",0.447763744109105,0.879980037479253,"GO:0043122","regulation of I-kappaB kinase/NF-kappaB signaling"
61,0.00703026438933053,"Down",0.448026811785863,0.879980037479253,"GO:0033627","cell adhesion mediated by integrin"
15,0.0479986569403454,"Up",0.448044925225163,0.879980037479253,"GO:0090279","regulation of calcium ion import"
140,0.0178377111879037,"Down",0.448111441452519,0.879980037479253,"GO:0032944","regulation of mononuclear cell proliferation"
236,0.00262590219865135,"Down",0.449270992872491,0.880564720275521,"GO:1902903","regulation of supramolecular fiber organization"
62,0.0153246439409489,"Down",0.449715090405791,0.880564720275521,"GO:0033138","positive regulation of peptidyl-serine phosphorylation"
19,0.0243005318432566,"Up",0.450449539324289,0.880564720275521,"GO:0055010","ventricular cardiac muscle tissue morphogenesis"
41,0.0131793210723342,"Down",0.450458710966737,0.880564720275521,"GO:0051279","regulation of release of sequestered calcium ion into cytosol"
31,0.039956795606168,"Up",0.451491605393858,0.880564720275521,"GO:0060415","muscle tissue morphogenesis"
19,0.0106210480801429,"Down",0.451599985823552,0.880564720275521,"GO:0032232","negative regulation of actin filament bundle assembly"
35,0.0281017964286002,"Up",0.45166203240696,0.880564720275521,"GO:0048644","muscle organ morphogenesis"
76,0.0138355509403928,"Down",0.451667513966313,0.880564720275521,"GO:0006813","potassium ion transport"
141,0.0374019487831943,"Down",0.452072566361064,0.880564720275521,"GO:0048762","mesenchymal cell differentiation"
19,-0.0182242787725226,"Down",0.452384889662227,0.880564720275521,"GO:0035176","social behavior"
19,-0.0182242787725226,"Down",0.452384889662227,0.880564720275521,"GO:0051703","biological process involved in intraspecies interaction between organisms"
28,0.0805323839516118,"Up",0.45247962492979,0.880564720275521,"GO:2001239","regulation of extrinsic apoptotic signaling pathway in absence of ligand"
114,0.00368710496678405,"Down",0.452640155207583,0.880564720275521,"GO:0010952","positive regulation of peptidase activity"
243,0.0217613839567771,"Up",0.45294896259098,0.880564720275521,"GO:0009150","purine ribonucleotide metabolic process"
31,-0.00459018016838734,"Up",0.453511651979795,0.880564720275521,"GO:0072583","clathrin-dependent endocytosis"
38,0.0204648739419138,"Down",0.453781119435588,0.880564720275521,"GO:0007586","digestion"
338,0.011969704077687,"Down",0.454118964181841,0.880564720275521,"GO:0010942","positive regulation of cell death"
24,-0.0198233571242795,"Down",0.454218085743905,0.880564720275521,"GO:0031577","spindle checkpoint signaling"
462,0.0115705873963034,"Down",0.455190910741959,0.880564720275521,"GO:0031329","regulation of cellular catabolic process"
21,0.0229455855286673,"Down",0.455638949201704,0.880564720275521,"GO:0050931","pigment cell differentiation"
482,0.00289870079620516,"Up",0.456275420908797,0.880564720275521,"GO:0006812","cation transport"
428,0.0109539585153665,"Down",0.457264434779858,0.880564720275521,"GO:0042327","positive regulation of phosphorylation"
15,-0.0223457715568723,"Down",0.457430076978625,0.880564720275521,"GO:0061162","establishment of monopolar cell polarity"
15,-0.0223457715568723,"Down",0.457430076978625,0.880564720275521,"GO:0061339","establishment or maintenance of monopolar cell polarity"
18,0.00591340899652431,"Down",0.457477448985479,0.880564720275521,"GO:0033006","regulation of mast cell activation involved in immune response"
24,0.0945930956273976,"Down",0.457874499689751,0.880564720275521,"GO:0070266","necroptotic process"
47,0.00874478284764333,"Up",0.45802090044778,0.880564720275521,"GO:0051781","positive regulation of cell division"
54,0.0118659684891752,"Down",0.458323399902081,0.880564720275521,"GO:0050871","positive regulation of B cell activation"
15,0.0381971424403172,"Down",0.459070846814027,0.880564720275521,"GO:0034390","smooth muscle cell apoptotic process"
15,0.0381971424403172,"Down",0.459070846814027,0.880564720275521,"GO:0034391","regulation of smooth muscle cell apoptotic process"
20,0.00144754721558864,"Down",0.459165867842527,0.880564720275521,"GO:0043403","skeletal muscle tissue regeneration"
39,0.0351339133510448,"Up",0.459375208815919,0.880564720275521,"GO:0050766","positive regulation of phagocytosis"
105,0.0156264489232719,"Up",0.459410872730559,0.880564720275521,"GO:0002687","positive regulation of leukocyte migration"
111,0.00697172831267333,"Down",0.459511038596099,0.880564720275521,"GO:0051099","positive regulation of binding"
15,-0.0524973148693737,"Down",0.459651628902856,0.880564720275521,"GO:2000352","negative regulation of endothelial cell apoptotic process"
75,0.0222829951994685,"Down",0.459822224981639,0.880564720275521,"GO:0098739","import across plasma membrane"
32,0.0132881325323497,"Down",0.460065267577525,0.880564720275521,"GO:0003179","heart valve morphogenesis"
144,0.016505009401978,"Down",0.460237263512173,0.880564720275521,"GO:1903050","regulation of proteolysis involved in protein catabolic process"
39,0.00817136099663756,"Down",0.460312852948541,0.880564720275521,"GO:0032615","interleukin-12 production"
39,0.00817136099663756,"Down",0.460312852948541,0.880564720275521,"GO:0032655","regulation of interleukin-12 production"
15,0.011704475057015,"Down",0.460365336336994,0.880564720275521,"GO:0070920","regulation of production of small RNA involved in gene silencing by RNA"
32,0.0162672088877171,"Down",0.460411263152903,0.880564720275521,"GO:0000271","polysaccharide biosynthetic process"
81,0.0121771877268525,"Up",0.460472855609729,0.880564720275521,"GO:0048284","organelle fusion"
491,0.00686807404249808,"Down",0.460919819337863,0.880564720275521,"GO:0007417","central nervous system development"
31,-0.00211230947791335,"Down",0.461016506646666,0.880564720275521,"GO:0033628","regulation of cell adhesion mediated by integrin"
97,0.0155208566767646,"Up",0.461199765708579,0.880564720275521,"GO:0071248","cellular response to metal ion"
34,0.0186467692147027,"Up",0.461386485227311,0.880564720275521,"GO:0016601","Rac protein signal transduction"
104,0.0274387696213553,"Up",0.461451832401773,0.880564720275521,"GO:0006839","mitochondrial transport"
22,0.0215938168222212,"Down",0.461896087569362,0.880564720275521,"GO:0006695","cholesterol biosynthetic process"
22,0.0215938168222212,"Down",0.461896087569362,0.880564720275521,"GO:1902653","secondary alcohol biosynthetic process"
108,0.0259907517335813,"Down",0.462103979223327,0.880564720275521,"GO:0030308","negative regulation of cell growth"
62,0.0125290939712409,"Down",0.46213187515533,0.880564720275521,"GO:0048593","camera-type eye morphogenesis"
26,0.0209196327997551,"Down",0.462188704941021,0.880564720275521,"GO:0009988","cell-cell recognition"
23,-0.0155154014277251,"Down",0.462373377444515,0.880564720275521,"GO:0007094","mitotic spindle assembly checkpoint signaling"
23,-0.0155154014277251,"Down",0.462373377444515,0.880564720275521,"GO:0071173","spindle assembly checkpoint signaling"
23,-0.0155154014277251,"Down",0.462373377444515,0.880564720275521,"GO:0071174","mitotic spindle checkpoint signaling"
42,0.0260395058755209,"Down",0.462957966734237,0.880564720275521,"GO:0006367","transcription initiation at RNA polymerase II promoter"
25,-0.00518914031370232,"Up",0.463366805732143,0.880564720275521,"GO:0010934","macrophage cytokine production"
25,-0.00518914031370232,"Up",0.463366805732143,0.880564720275521,"GO:0010935","regulation of macrophage cytokine production"
31,0.0294705518631055,"Down",0.463399380349174,0.880564720275521,"GO:0045599","negative regulation of fat cell differentiation"
50,0.0265295129220966,"Down",0.463502112475202,0.880564720275521,"GO:0070936","protein K48-linked ubiquitination"
46,0.022303093382951,"Down",0.463539976188592,0.880564720275521,"GO:0014032","neural crest cell development"
41,-0.00822550974747449,"Down",0.463768852896121,0.880564720275521,"GO:0016925","protein sumoylation"
460,0.0121509663426348,"Down",0.463788135061591,0.880564720275521,"GO:0009887","animal organ morphogenesis"
30,0.0156346840325348,"Up",0.464184768397139,0.880564720275521,"GO:0032613","interleukin-10 production"
30,0.0156346840325348,"Up",0.464184768397139,0.880564720275521,"GO:0032653","regulation of interleukin-10 production"
82,0.0231776151908498,"Up",0.46443256060801,0.880581344971646,"GO:0001906","cell killing"
43,0.0233531230275748,"Down",0.465214465713512,0.881253577972644,"GO:0034340","response to type I interferon"
121,0.0276295333033335,"Down",0.465325735421686,0.881253577972644,"GO:0060560","developmental growth involved in morphogenesis"
25,0.00974786851655698,"Down",0.465621108527418,0.881253577972644,"GO:0045022","early endosome to late endosome transport"
389,0.0197535404230471,"Down",0.465743951224956,0.881253577972644,"GO:0071363","cellular response to growth factor stimulus"
88,0.0189266976145916,"Down",0.466963235868168,0.883009368491461,"GO:0042542","response to hydrogen peroxide"
106,0.00206464215472364,"Down",0.467151264709516,0.883009368491461,"GO:0015833","peptide transport"
28,0.0206257765829671,"Down",0.467685264421148,0.883565391860261,"GO:2000144","positive regulation of DNA-templated transcription initiation"
180,0.0108743069968663,"Up",0.469873440272546,0.884555148748257,"GO:0010038","response to metal ion"
16,0.0358914041137703,"Down",0.469903375754113,0.884555148748257,"GO:0090330","regulation of platelet aggregation"
36,0.0134576082027338,"Up",0.470023557200018,0.884555148748257,"GO:0046902","regulation of mitochondrial membrane permeability"
33,0.0113878584268353,"Up",0.470104535425641,0.884555148748257,"GO:1905515","non-motile cilium assembly"
57,0.0357038007295384,"Down",0.470442228667063,0.884555148748257,"GO:0072009","nephron epithelium development"
65,0.0177567035234128,"Down",0.47081192231748,0.884555148748257,"GO:0009185","ribonucleoside diphosphate metabolic process"
65,0.0299142093751461,"Down",0.47143549268025,0.884555148748257,"GO:0032479","regulation of type I interferon production"
65,0.0299142093751461,"Down",0.47143549268025,0.884555148748257,"GO:0032606","type I interferon production"
76,0.0441590135689778,"Down",0.471568863323142,0.884555148748257,"GO:0072073","kidney epithelium development"
23,0.0111602037026854,"Up",0.471721235305808,0.884555148748257,"GO:1905476","negative regulation of protein localization to membrane"
18,0.113515511046704,"Down",0.471761602122385,0.884555148748257,"GO:0002758","innate immune response-activating signal transduction"
15,0.00196349986034091,"Down",0.472009403172459,0.884555148748257,"GO:0034508","centromere complex assembly"
15,0.0898844031454511,"Down",0.472492706722156,0.884555148748257,"GO:0061042","vascular wound healing"
28,0.0621626076378887,"Up",0.473484488136631,0.884555148748257,"GO:1902991","regulation of amyloid precursor protein catabolic process"
32,0.0272863165151028,"Down",0.473632494064848,0.884555148748257,"GO:0002686","negative regulation of leukocyte migration"
48,0.0298346889842856,"Down",0.473697111533873,0.884555148748257,"GO:0046887","positive regulation of hormone secretion"
162,0.0402377195952233,"Down",0.473697267547128,0.884555148748257,"GO:0060485","mesenchyme development"
55,0.00292944850404981,"Up",0.473805050789203,0.884555148748257,"GO:0032088","negative regulation of NF-kappaB transcription factor activity"
134,0.00524571324684307,"Up",0.474121263210231,0.884555148748257,"GO:0051651","maintenance of location in cell"
24,0.00926880005119622,"Down",0.474130765309418,0.884555148748257,"GO:0045197","establishment or maintenance of epithelial cell apical/basal polarity"
106,0.0220861787446863,"Down",0.475223633022326,0.884555148748257,"GO:0002700","regulation of production of molecular mediator of immune response"
42,-0.0121672731493786,"Up",0.475293539265104,0.884555148748257,"GO:0032732","positive regulation of interleukin-1 production"
26,-0.00535431934403272,"Down",0.47536296985547,0.884555148748257,"GO:1903670","regulation of sprouting angiogenesis"
18,0.0389755611583157,"Down",0.475818149872692,0.884555148748257,"GO:0048546","digestive tract morphogenesis"
50,-0.00390566953521474,"Down",0.475951109589426,0.884555148748257,"GO:0002065","columnar/cuboidal epithelial cell differentiation"
36,0.0730122003583455,"Up",0.476711201103186,0.884555148748257,"GO:0002763","positive regulation of myeloid leukocyte differentiation"
59,0.00617008428219251,"Up",0.477156694029647,0.884555148748257,"GO:0032414","positive regulation of ion transmembrane transporter activity"
241,0.004297696536422,"Down",0.477415500338109,0.884555148748257,"GO:0043254","regulation of protein-containing complex assembly"
22,0.0677146696876527,"Up",0.47816444597499,0.884555148748257,"GO:0050999","regulation of nitric-oxide synthase activity"
32,0.0205225284417364,"Down",0.478348996551481,0.884555148748257,"GO:0071763","nuclear membrane organization"
222,0.0112029944580103,"Down",0.478751874405717,0.884555148748257,"GO:0002696","positive regulation of leukocyte activation"
19,-0.0007818907318792,"Down",0.479041227399507,0.884555148748257,"GO:0099054","presynapse assembly"
24,0.0246300594984975,"Up",0.479170995561602,0.884555148748257,"GO:0042472","inner ear morphogenesis"
33,0.00253570714690295,"Down",0.479403263135785,0.884555148748257,"GO:0046888","negative regulation of hormone secretion"
17,0.010019336334548,"Down",0.479460221370532,0.884555148748257,"GO:0043304","regulation of mast cell degranulation"
184,0.0131572079604865,"Up",0.479521671277925,0.884555148748257,"GO:0009410","response to xenobiotic stimulus"
42,0.0414630351211444,"Down",0.479876161284817,0.884555148748257,"GO:0038066","p38MAPK cascade"
37,0.0728344613941405,"Up",0.479924367214233,0.884555148748257,"GO:0043030","regulation of macrophage activation"
117,-1.34043536755337e-05,"Down",0.480118733216216,0.884555148748257,"GO:0045017","glycerolipid biosynthetic process"
306,0.0109094096490872,"Up",0.480379814939395,0.884555148748257,"GO:0010256","endomembrane system organization"
19,0.0803999951777822,"Up",0.480421484809539,0.884555148748257,"GO:0003203","endocardial cushion morphogenesis"
51,0.00952490688966924,"Up",0.480491518095121,0.884555148748257,"GO:0030148","sphingolipid biosynthetic process"
34,0.133053773476206,"Up",0.480593715908058,0.884555148748257,"GO:0060393","regulation of pathway-restricted SMAD protein phosphorylation"
35,0.0195037379574573,"Down",0.480622881505785,0.884555148748257,"GO:0061082","myeloid leukocyte cytokine production"
56,0.0229942981293459,"Down",0.480718873153312,0.884555148748257,"GO:0046939","nucleotide phosphorylation"
22,0.0242743833023047,"Down",0.4809607078065,0.884555148748257,"GO:0010676","positive regulation of cellular carbohydrate metabolic process"
89,0.0229795444500349,"Up",0.480966697423787,0.884555148748257,"GO:0006986","response to unfolded protein"
15,0.0426463994877204,"Down",0.481121005308252,0.884555148748257,"GO:0050860","negative regulation of T cell receptor signaling pathway"
25,0.00342833310637282,"Down",0.481199808774016,0.884555148748257,"GO:0032735","positive regulation of interleukin-12 production"
55,0.0254790115889461,"Down",0.481300267767258,0.884555148748257,"GO:0006165","nucleoside diphosphate phosphorylation"
78,0.00701386395071614,"Up",0.481496524655174,0.884555148748257,"GO:0035967","cellular response to topologically incorrect protein"
25,0.0457419764008404,"Down",0.481620976301626,0.884555148748257,"GO:0051055","negative regulation of lipid biosynthetic process"
51,0.0177122551509869,"Down",0.481629183142189,0.884555148748257,"GO:0014068","positive regulation of phosphatidylinositol 3-kinase signaling"
22,0.0197706304044685,"Down",0.482321792820328,0.884555148748257,"GO:0031063","regulation of histone deacetylation"
498,0.0103382683680639,"Down",0.482378890852543,0.884555148748257,"GO:0043066","negative regulation of apoptotic process"
22,-0.00761906465386032,"Down",0.482442933594838,0.884555148748257,"GO:0046530","photoreceptor cell differentiation"
19,-0.0106378266337323,"Down",0.482509927959054,0.884555148748257,"GO:0003016","respiratory system process"
21,0.0250941891198404,"Up",0.482675660710245,0.884555148748257,"GO:1902175","regulation of oxidative stress-induced intrinsic apoptotic signaling pathway"
18,0.0467687824750393,"Down",0.482861945883154,0.884555148748257,"GO:0048841","regulation of axon extension involved in axon guidance"
189,0.0167718965626827,"Down",0.482966197823727,0.884555148748257,"GO:1902105","regulation of leukocyte differentiation"
102,0.0603599422541793,"Up",0.483055389513883,0.884555148748257,"GO:0009266","response to temperature stimulus"
72,0.0384600433237215,"Down",0.483182252038121,0.884555148748257,"GO:0002367","cytokine production involved in immune response"
328,0.020827566289474,"Down",0.48346371288535,0.884555148748257,"GO:0071396","cellular response to lipid"
32,0.0167618711962295,"Up",0.483628921840899,0.884555148748257,"GO:0021762","substantia nigra development"
17,0.0323964301575201,"Up",0.48402022308713,0.884555148748257,"GO:0035082","axoneme assembly"
15,0.00340903988004953,"Down",0.484248145389512,0.884555148748257,"GO:0060074","synapse maturation"
37,0.0400582790028822,"Up",0.484659075340599,0.884555148748257,"GO:0086001","cardiac muscle cell action potential"
133,0.00544750952992802,"Up",0.484666922991701,0.884555148748257,"GO:0045732","positive regulation of protein catabolic process"
72,0.0271436504088577,"Down",0.485147700459875,0.884555148748257,"GO:0045739","positive regulation of DNA repair"
22,-0.0370665709490365,"Up",0.485689882197489,0.884555148748257,"GO:0009167","purine ribonucleoside monophosphate metabolic process"
44,0.0482020217133688,"Down",0.48572203970584,0.884555148748257,"GO:0042303","molting cycle"
44,0.0482020217133688,"Down",0.48572203970584,0.884555148748257,"GO:0042633","hair cycle"
23,-0.0108262446645057,"Down",0.485754716856891,0.884555148748257,"GO:0032007","negative regulation of TOR signaling"
53,0.0145983939381716,"Down",0.485977095837805,0.884555148748257,"GO:0044344","cellular response to fibroblast growth factor stimulus"
67,-0.00902999557962045,"Down",0.486606631386057,0.885263619766041,"GO:0006661","phosphatidylinositol biosynthetic process"
25,0.0769884145771387,"Down",0.487571925470247,0.8864655868232,"GO:0042307","positive regulation of protein import into nucleus"
49,0.0051229783905934,"Up",0.48774857342308,0.8864655868232,"GO:0009308","amine metabolic process"
42,0.00122729950416262,"Down",0.488780204854947,0.887902502310466,"GO:0014743","regulation of muscle hypertrophy"
64,0.00759553882203657,"Down",0.489941268267107,0.889082190937427,"GO:0050796","regulation of insulin secretion"
136,0.00953369853045692,"Down",0.49003976759764,0.889082190937427,"GO:0015711","organic anion transport"
20,0.217591718362488,"Up",0.490153618293679,0.889082190937427,"GO:0006953","acute-phase response"
78,0.0138732001022898,"Down",0.491839896756519,0.889805496132835,"GO:0001764","neuron migration"
146,0.0102169025853372,"Up",0.492039363199686,0.889805496132835,"GO:0006898","receptor-mediated endocytosis"
35,0.00161180902115062,"Down",0.492245037826888,0.889805496132835,"GO:0072698","protein localization to microtubule cytoskeleton"
85,0.0246013757238211,"Up",0.4924029231591,0.889805496132835,"GO:0043524","negative regulation of neuron apoptotic process"
107,0.0109914580355557,"Down",0.492477726244015,0.889805496132835,"GO:0007254","JNK cascade"
123,0.0333727280292214,"Down",0.492510690956203,0.889805496132835,"GO:0003018","vascular process in circulatory system"
18,-0.00539046893550641,"Up",0.492967716161239,0.889805496132835,"GO:0060421","positive regulation of heart growth"
36,0.00439721045269932,"Down",0.493565453738401,0.889805496132835,"GO:0044380","protein localization to cytoskeleton"
104,0.00238241975308055,"Up",0.493671556869874,0.889805496132835,"GO:1905475","regulation of protein localization to membrane"
28,0.0384448051122352,"Down",0.493799806241639,0.889805496132835,"GO:0061098","positive regulation of protein tyrosine kinase activity"
19,-0.0256294732792273,"Down",0.494034508737123,0.889805496132835,"GO:0010453","regulation of cell fate commitment"
137,-0.00208524508487833,"Down",0.494106429782071,0.889805496132835,"GO:0032984","protein-containing complex disassembly"
19,0.00517393511433886,"Down",0.494123293324695,0.889805496132835,"GO:0035459","vesicle cargo loading"
39,0.0245512417019292,"Up",0.494249771924849,0.889805496132835,"GO:0007156","homophilic cell adhesion via plasma membrane adhesion molecules"
20,-0.00272989019623859,"Up",0.494360147225722,0.889805496132835,"GO:1903725","regulation of phospholipid metabolic process"
175,0.0149863396471507,"Down",0.494658429989155,0.889805496132835,"GO:0048880","sensory system development"
175,0.0149863396471507,"Down",0.494658429989155,0.889805496132835,"GO:0150063","visual system development"
26,0.0228976704248674,"Down",0.495811546080425,0.891444478165099,"GO:0071548","response to dexamethasone"
99,0.0201546087764644,"Up",0.49704779976454,0.893231265528081,"GO:0050921","positive regulation of chemotaxis"
60,0.0277618756944588,"Down",0.497700211276574,0.89365364454971,"GO:0006352","DNA-templated transcription initiation"
28,0.0155062122272614,"Down",0.497767990938112,0.89365364454971,"GO:0098927","vesicle-mediated transport between endosomal compartments"
19,0.105405102137152,"Down",0.498166357811669,0.893933201255814,"GO:0070498","interleukin-1-mediated signaling pathway"
35,0.0055218234907556,"Down",0.499119531378562,0.894753084532928,"GO:0061982","meiosis I cell cycle process"
24,0.0698874182546801,"Up",0.499456837799967,0.894753084532928,"GO:0086002","cardiac muscle cell action potential involved in contraction"
44,0.0148946463130169,"Up",0.499707685806479,0.894753084532928,"GO:0048524","positive regulation of viral process"
48,0.0108652601737446,"Down",0.499837635170675,0.894753084532928,"GO:0032945","negative regulation of mononuclear cell proliferation"
48,0.0108652601737446,"Down",0.499837635170675,0.894753084532928,"GO:0050672","negative regulation of lymphocyte proliferation"
19,0.0445841962491871,"Down",0.500102023120864,0.894791575122518,"GO:0032881","regulation of polysaccharide metabolic process"
37,0.0730531773208122,"Down",0.500677119886582,0.895385684302023,"GO:0032481","positive regulation of type I interferon production"
45,0.043386783724193,"Down",0.501925142604663,0.895883248130632,"GO:0006289","nucleotide-excision repair"
21,-0.0171260849970509,"Down",0.502294252652138,0.895883248130632,"GO:0007176","regulation of epidermal growth factor-activated receptor activity"
271,0.0144218459393594,"Down",0.502618249709484,0.895883248130632,"GO:0001667","ameboidal-type cell migration"
17,-0.00359097750871296,"Down",0.502769789805798,0.895883248130632,"GO:0071218","cellular response to misfolded protein"
121,0.0114193747698002,"Down",0.502994946443976,0.895883248130632,"GO:0051495","positive regulation of cytoskeleton organization"
20,-0.000117449589661843,"Up",0.503151276078586,0.895883248130632,"GO:0003254","regulation of membrane depolarization"
22,-0.00474583549285993,"Up",0.503155581298392,0.895883248130632,"GO:0045747","positive regulation of Notch signaling pathway"
38,-0.0036414509716658,"Up",0.503589871170516,0.895883248130632,"GO:0019217","regulation of fatty acid metabolic process"
58,0.001546883253785,"Down",0.503761849747172,0.895883248130632,"GO:0007088","regulation of mitotic nuclear division"
71,0.0353041547146461,"Down",0.503880799190289,0.895883248130632,"GO:0002718","regulation of cytokine production involved in immune response"
30,-0.0080012936128863,"Down",0.503964147138682,0.895883248130632,"GO:1904036","negative regulation of epithelial cell apoptotic process"
19,0.0513253682590833,"Down",0.504093600662832,0.895883248130632,"GO:0009124","nucleoside monophosphate biosynthetic process"
198,0.0296077006057942,"Down",0.50417553975616,0.895883248130632,"GO:0060537","muscle tissue development"
67,0.0657498010452884,"Up",0.504434560215445,0.895883248130632,"GO:0042116","macrophage activation"
57,0.0721942671548629,"Up",0.504603078140896,0.895883248130632,"GO:0003279","cardiac septum development"
76,0.0182908768471494,"Up",0.50511347611344,0.896357440270672,"GO:0001101","response to acid chemical"
45,0.0124260566427804,"Down",0.505779725881319,0.896690819452032,"GO:0046364","monosaccharide biosynthetic process"
120,0.0144351408377799,"Down",0.505788144088307,0.896690819452032,"GO:0045927","positive regulation of growth"
66,0.0739308695517564,"Up",0.506492851985702,0.897496134793978,"GO:0009408","response to heat"
103,0.0139163176049881,"Up",0.507352091016035,0.897496134793978,"GO:0050777","negative regulation of immune response"
37,0.0293169477504872,"Down",0.507521589232917,0.897496134793978,"GO:0043407","negative regulation of MAP kinase activity"
38,0.0151571373010093,"Up",0.507648254924561,0.897496134793978,"GO:0006903","vesicle targeting"
40,8.33333665076393e-05,"Up",0.508531917335842,0.897496134793978,"GO:0048857","neural nucleus development"
77,0.043436488659267,"Down",0.508588242789278,0.897496134793978,"GO:0072006","nephron development"
33,0.0687048450690923,"Down",0.508872703752834,0.897496134793978,"GO:0010569","regulation of double-strand break repair via homologous recombination"
33,0.0580399252064789,"Up",0.509174070816819,0.897496134793978,"GO:0010803","regulation of tumor necrosis factor-mediated signaling pathway"
24,0.0337011381088805,"Down",0.509435716361205,0.897496134793978,"GO:0009994","oocyte differentiation"
24,0.0337011381088805,"Down",0.509435716361205,0.897496134793978,"GO:0048599","oocyte development"
26,0.0170890701059622,"Down",0.509471546198086,0.897496134793978,"GO:0032330","regulation of chondrocyte differentiation"
39,0.0199550096696526,"Down",0.509796955195669,0.897496134793978,"GO:0048247","lymphocyte chemotaxis"
47,0.00560744759529032,"Down",0.509891498120239,0.897496134793978,"GO:0031123","RNA 3'-end processing"
15,-0.0334619758646867,"Down",0.510116716163739,0.897496134793978,"GO:0031639","plasminogen activation"
17,0.0248883003093822,"Up",0.510171264151579,0.897496134793978,"GO:0032633","interleukin-4 production"
17,0.0248883003093822,"Up",0.510171264151579,0.897496134793978,"GO:0032673","regulation of interleukin-4 production"
481,0.0154863289815088,"Down",0.510572427139445,0.897496134793978,"GO:0035239","tube morphogenesis"
36,0.00995947083323549,"Down",0.510801541244597,0.897496134793978,"GO:0007566","embryo implantation"
27,-0.0014189896551913,"Up",0.510871171189732,0.897496134793978,"GO:2000378","negative regulation of reactive oxygen species metabolic process"
41,0.000435551304799775,"Down",0.511161093240609,0.897517661014047,"GO:0010611","regulation of cardiac muscle hypertrophy"
65,0.0230166092320811,"Up",0.511370676022933,0.897517661014047,"GO:0045471","response to ethanol"
57,0.016056716961363,"Up",0.512439993548506,0.898966160110808,"GO:0001938","positive regulation of endothelial cell proliferation"
30,0.0587064721731899,"Up",0.513172086978944,0.899066012380071,"GO:0050994","regulation of lipid catabolic process"
256,0.0219731946850288,"Up",0.51330032330306,0.899066012380071,"GO:0019693","ribose phosphate metabolic process"
47,0.00518127010044267,"Down",0.513478093333267,0.899066012380071,"GO:0006023","aminoglycan biosynthetic process"
63,0.0326251501510301,"Up",0.513568409322581,0.899066012380071,"GO:0006626","protein targeting to mitochondrion"
84,0.000366832101378181,"Down",0.513937945873633,0.899066012380071,"GO:0051048","negative regulation of secretion"
364,0.00605260673867219,"Down",0.514064069281815,0.899066012380071,"GO:0097190","apoptotic signaling pathway"
67,0.0149794252860996,"Down",0.514428205062295,0.899066012380071,"GO:0046634","regulation of alpha-beta T cell activation"
19,0.075215634930126,"Down",0.515038370488249,0.899066012380071,"GO:0014888","striated muscle adaptation"
35,0.0779450893604065,"Up",0.515234650118851,0.899066012380071,"GO:0003073","regulation of systemic arterial blood pressure"
32,0.00700905022424539,"Up",0.515381520294269,0.899066012380071,"GO:0050918","positive chemotaxis"
20,0.0250717626418813,"Up",0.515634886193081,0.899066012380071,"GO:0090207","regulation of triglyceride metabolic process"
19,0.00763127249104111,"Up",0.515801414761937,0.899066012380071,"GO:0000303","response to superoxide"
157,0.0197049881500629,"Down",0.51585412452635,0.899066012380071,"GO:0070663","regulation of leukocyte proliferation"
20,-0.00112201569630314,"Up",0.515913558678466,0.899066012380071,"GO:1900101","regulation of endoplasmic reticulum unfolded protein response"
17,-0.00217285370902502,"Up",0.516907420640499,0.900104922654068,"GO:0035025","positive regulation of Rho protein signal transduction"
32,0.0280063495721727,"Down",0.516998375769817,0.900104922654068,"GO:0033363","secretory granule organization"
25,-0.0118273110513674,"Down",0.517706090252043,0.900911306796658,"GO:1901976","regulation of cell cycle checkpoint"
237,0.0199281098200612,"Down",0.518035200564916,0.901058394183734,"GO:1903706","regulation of hemopoiesis"
85,-0.000956970733919589,"Down",0.518903991878385,0.902143608343544,"GO:0010212","response to ionizing radiation"
281,0.0111701631842155,"Down",0.519511947289297,0.902150391194383,"GO:0007610","behavior"
121,0.0112447418978374,"Up",0.519721776885562,0.902150391194383,"GO:1901215","negative regulation of neuron death"
258,0.00970538156077342,"Down",0.520227452193033,0.902150391194383,"GO:0034762","regulation of transmembrane transport"
22,0.012256744157029,"Up",0.520476398821976,0.902150391194383,"GO:0002714","positive regulation of B cell mediated immunity"
22,0.012256744157029,"Up",0.520476398821976,0.902150391194383,"GO:0002891","positive regulation of immunoglobulin mediated immune response"
41,0.0499610571383251,"Up",0.52057344484488,0.902150391194383,"GO:0003151","outflow tract morphogenesis"
89,0.0183904574476813,"Down",0.520759934246999,0.902150391194383,"GO:0002706","regulation of lymphocyte mediated immunity"
29,0.022587079877371,"Up",0.520991203613503,0.902150391194383,"GO:0006805","xenobiotic metabolic process"
30,-0.0110886439194903,"Down",0.52111184377352,0.902150391194383,"GO:0045058","T cell selection"
41,-0.00640505853176022,"Down",0.522007896041988,0.903277167223431,"GO:0032387","negative regulation of intracellular transport"
42,0.00400674806045855,"Down",0.52275017017987,0.903919207535555,"GO:0062014","negative regulation of small molecule metabolic process"
40,0.112601652868825,"Up",0.522869661036446,0.903919207535555,"GO:0008347","glial cell migration"
29,-0.00898812375403628,"Down",0.523800153900659,0.90510308019232,"GO:0051784","negative regulation of nuclear division"
15,0.120412560880414,"Up",0.524603371491908,0.905473265164338,"GO:0033617","mitochondrial cytochrome c oxidase assembly"
23,0.00421189620552027,"Down",0.524830569767521,0.905473265164338,"GO:0051973","positive regulation of telomerase activity"
17,0.07771363352772,"Up",0.525332019264234,0.905473265164338,"GO:1903902","positive regulation of viral life cycle"
28,0.03248373330822,"Up",0.525465201886043,0.905473265164338,"GO:0003143","embryonic heart tube morphogenesis"
318,0.0135686292469779,"Down",0.525620406556345,0.905473265164338,"GO:0030855","epithelial cell differentiation"
39,0.0246051413930379,"Up",0.525805347717237,0.905473265164338,"GO:0031100","animal organ regeneration"
265,0.0128833788968068,"Down",0.526101710021035,0.905473265164338,"GO:0007276","gamete generation"
16,0.0745952550859552,"Up",0.526226455134867,0.905473265164338,"GO:0048207","vesicle targeting, rough ER to cis-Golgi"
16,0.0745952550859552,"Up",0.526226455134867,0.905473265164338,"GO:0048208","COPII vesicle coating"
251,0.0218145249457169,"Up",0.52703227294656,0.906436458233019,"GO:0009259","ribonucleotide metabolic process"
23,0.105371821108321,"Up",0.52761155458084,0.90658814321918,"GO:0002673","regulation of acute inflammatory response"
60,0.0129816013338348,"Down",0.527858731597487,0.90658814321918,"GO:0009135","purine nucleoside diphosphate metabolic process"
60,0.0129816013338348,"Down",0.527858731597487,0.90658814321918,"GO:0009179","purine ribonucleoside diphosphate metabolic process"
18,-0.00214542229765792,"Down",0.529310910395285,0.9086586178454,"GO:0031579","membrane raft organization"
15,0.09857646372524,"Down",0.529772954702314,0.909028209186458,"GO:0072337","modified amino acid transport"
467,0.0179837132456567,"Down",0.53020624728438,0.909155959261077,"GO:0014070","response to organic cyclic compound"
42,0.00493824746746536,"Down",0.530564062667867,0.909155959261077,"GO:0051153","regulation of striated muscle cell differentiation"
115,0.0120174599427392,"Down",0.530587761240857,0.909155959261077,"GO:1902905","positive regulation of supramolecular fiber organization"
65,0.0239366048670957,"Down",0.531161573210889,0.909293762966236,"GO:0046683","response to organophosphorus"
74,0.00659403062584462,"Down",0.53116182896399,0.909293762966236,"GO:0010977","negative regulation of neuron projection development"
98,0.0400581295383238,"Down",0.532082932247179,0.910144207809906,"GO:0001837","epithelial to mesenchymal transition"
21,0.117660318094228,"Up",0.532313585339603,0.910144207809906,"GO:0017004","cytochrome complex assembly"
19,0.0181027150625269,"Up",0.532472902423654,0.910144207809906,"GO:0007622","rhythmic behavior"
87,0.0254644789812551,"Up",0.532646827371921,0.910144207809906,"GO:0008016","regulation of heart contraction"
24,0.119450260160622,"Up",0.533100314072621,0.910496781197745,"GO:0010862","positive regulation of pathway-restricted SMAD protein phosphorylation"
23,0.00439654993864862,"Down",0.533736023293558,0.91116010649373,"GO:0006968","cellular defense response"
41,0.0149430664520486,"Up",0.534423054263377,0.911731711993955,"GO:0061337","cardiac conduction"
21,-0.0104051118605021,"Down",0.534565824621863,0.911731711993955,"GO:0033137","negative regulation of peptidyl-serine phosphorylation"
64,0.000359456406375414,"Up",0.535021128140062,0.912085995403975,"GO:0006633","fatty acid biosynthetic process"
145,0.0134038378499776,"Up",0.53548080284359,0.912447399480012,"GO:0051402","neuron apoptotic process"
53,0.0294640217405376,"Up",0.536072057907725,0.913032575742977,"GO:0032755","positive regulation of interleukin-6 production"
33,0.00835875995698293,"Down",0.536344756369497,0.913074899475613,"GO:0006821","chloride transport"
62,0.0213680341922188,"Down",0.536758730066079,0.913103137114873,"GO:0030282","bone mineralization"
105,0.0349193663036611,"Up",0.536857056186432,0.913103137114873,"GO:0060047","heart contraction"
23,-0.0232194848652481,"Down",0.537455931863211,0.913361075874238,"GO:0007595","lactation"
17,0.033749809396921,"Up",0.538025452820946,0.913361075874238,"GO:0048710","regulation of astrocyte differentiation"
245,0.0207759376291387,"Down",0.538232934468517,0.913361075874238,"GO:0030099","myeloid cell differentiation"
26,-0.00961830845336883,"Down",0.53836192747672,0.913361075874238,"GO:0043001","Golgi to plasma membrane protein transport"
16,0.0414624359319159,"Up",0.538416857713672,0.913361075874238,"GO:0034138","toll-like receptor 3 signaling pathway"
18,0.0548563189256664,"Down",0.538496269489371,0.913361075874238,"GO:0001945","lymph vessel development"
104,0.0301938751603982,"Down",0.540022768461809,0.913828618761661,"GO:0050731","positive regulation of peptidyl-tyrosine phosphorylation"
48,0.00731595217509172,"Down",0.540409923706206,0.913828618761661,"GO:0001738","morphogenesis of a polarized epithelium"
201,0.0111987621356513,"Up",0.540589707370658,0.913828618761661,"GO:0016050","vesicle organization"
25,0.0770342288877274,"Down",0.5406571604036,0.913828618761661,"GO:0033120","positive regulation of RNA splicing"
33,0.133092250260748,"Up",0.54081155747489,0.913828618761661,"GO:1904645","response to amyloid-beta"
93,0.00507853478199506,"Up",0.540881815051054,0.913828618761661,"GO:0046718","viral entry into host cell"
137,0.0175792179557041,"Up",0.541104496855212,0.913828618761661,"GO:0043270","positive regulation of ion transport"
107,0.0128969523902362,"Up",0.541172366528576,0.913828618761661,"GO:0042593","glucose homeostasis"
36,0.120167978396681,"Up",0.541298653720296,0.913828618761661,"GO:0060389","pathway-restricted SMAD protein phosphorylation"
16,-0.00764268821718966,"Down",0.541402960559967,0.913828618761661,"GO:0099084","postsynaptic specialization organization"
87,0.0178817354138308,"Down",0.541500508891614,0.913828618761661,"GO:0055001","muscle cell development"
16,0.0349683512513839,"Up",0.542829816800173,0.915588531519725,"GO:0099622","cardiac muscle cell membrane repolarization"
22,0.0269693915900552,"Down",0.543040429253691,0.915588531519725,"GO:0002335","mature B cell differentiation"
34,0.00970672772710808,"Down",0.543448613293671,0.915857589832518,"GO:0006493","protein O-linked glycosylation"
165,0.01059575600462,"Up",0.54378197767142,0.916000368423187,"GO:0042391","regulation of membrane potential"
112,0.00613380356871957,"Up",0.544738984842645,0.916798234853646,"GO:0051259","protein complex oligomerization"
443,0.00838523610723125,"Up",0.544972092512363,0.916798234853646,"GO:0061024","membrane organization"
85,0.11669648258892,"Up",0.545540808534816,0.916798234853646,"GO:1902600","proton transmembrane transport"
68,0.00279979254876139,"Up",0.545576542076414,0.916798234853646,"GO:0048839","inner ear development"
56,0.00383375692668272,"Down",0.545742707446333,0.916798234853646,"GO:0048145","regulation of fibroblast proliferation"
17,0.0174494981305879,"Down",0.545860403847614,0.916798234853646,"GO:0038095","Fc-epsilon receptor signaling pathway"
31,0.0455309273872117,"Down",0.545997645838464,0.916798234853646,"GO:0070849","response to epidermal growth factor"
17,-0.0128643703564928,"Down",0.546349227772486,0.916970640142979,"GO:0001754","eye photoreceptor cell differentiation"
25,0.0354701895145209,"Up",0.547127117955161,0.917440283362228,"GO:0001947","heart looping"
25,0.0354701895145209,"Up",0.547127117955161,0.917440283362228,"GO:0061371","determination of heart left/right asymmetry"
228,0.0169374196735488,"Down",0.547515133559554,0.917673226584803,"GO:0001558","regulation of cell growth"
81,0.0242579038895128,"Up",0.548004937816954,0.918076485183109,"GO:0001936","regulation of endothelial cell proliferation"
19,0.198492823671866,"Down",0.548731311678708,0.918875523738346,"GO:0000387","spliceosomal snRNP assembly"
29,0.0324576692167574,"Down",0.549160564787743,0.918927056824367,"GO:0030890","positive regulation of B cell proliferation"
20,-0.00214494567197181,"Down",0.549260960675151,0.918927056824367,"GO:0006929","substrate-dependent cell migration"
25,-0.00455049668807174,"Down",0.550571380890053,0.920329045927949,"GO:0097479","synaptic vesicle localization"
31,0.0076714154093825,"Down",0.55059859316645,0.920329045927949,"GO:1901016","regulation of potassium ion transmembrane transporter activity"
58,0.0195305139162509,"Down",0.551035129960309,0.920578293328133,"GO:0070301","cellular response to hydrogen peroxide"
36,0.0200767776816822,"Up",0.551247479663915,0.920578293328133,"GO:0006487","protein N-linked glycosylation"
27,0.0136505194469633,"Up",0.552117975621968,0.920660496427095,"GO:0006623","protein targeting to vacuole"
60,0.00925500662238622,"Down",0.552151671003742,0.920660496427095,"GO:0098586","cellular response to virus"
21,0.0396916243116881,"Down",0.552183888146997,0.920660496427095,"GO:0070198","protein localization to chromosome, telomeric region"
58,0.00470683206134849,"Down",0.552721239070428,0.920660496427095,"GO:0042476","odontogenesis"
65,0.0223593728012303,"Down",0.552939741596767,0.920660496427095,"GO:0008643","carbohydrate transport"
17,-0.00796559981618553,"Down",0.553139792658472,0.920660496427095,"GO:0014075","response to amine"
31,0.0457573141103539,"Down",0.553194535620087,0.920660496427095,"GO:0090497","mesenchymal cell migration"
29,0.00617138355664133,"Down",0.553540580374285,0.920660496427095,"GO:0032570","response to progesterone"
101,0.00370277816009162,"Down",0.553788327396377,0.920660496427095,"GO:0071478","cellular response to radiation"
271,0.00583496700149355,"Up",0.554305326731744,0.920660496427095,"GO:0005975","carbohydrate metabolic process"
27,0.0307280567717469,"Up",0.554425849825817,0.920660496427095,"GO:0090114","COPII-coated vesicle budding"
305,0.0126486731628474,"Down",0.554588715663013,0.920660496427095,"GO:0019953","sexual reproduction"
21,-0.0100352512490243,"Up",0.554647487769923,0.920660496427095,"GO:0021536","diencephalon development"
67,0.0295092196028537,"Down",0.554921940652407,0.920660496427095,"GO:0014066","regulation of phosphatidylinositol 3-kinase signaling"
15,0.0214429228592085,"Down",0.555240150691237,0.920660496427095,"GO:0035458","cellular response to interferon-beta"
16,-0.0080478192047254,"Up",0.555427654262382,0.920660496427095,"GO:0045948","positive regulation of translational initiation"
125,0.00519807467991046,"Up",0.555552529447907,0.920660496427095,"GO:0008202","steroid metabolic process"
24,-0.00152696289293453,"Down",0.55615375558805,0.920660496427095,"GO:0032480","negative regulation of type I interferon production"
15,-0.0434283353464356,"Up",0.556271932599638,0.920660496427095,"GO:0000002","mitochondrial genome maintenance"
36,0.0169857490833181,"Down",0.556315811549268,0.920660496427095,"GO:0022600","digestive system process"
95,0.0171962999954033,"Down",0.556794675906506,0.920660496427095,"GO:0007272","ensheathment of neurons"
95,0.0171962999954033,"Down",0.556794675906506,0.920660496427095,"GO:0008366","axon ensheathment"
124,0.00137532020180203,"Down",0.55729607461046,0.920682236769674,"GO:1903828","negative regulation of protein localization"
16,-0.0265105047135948,"Down",0.55757481021338,0.920682236769674,"GO:0002862","negative regulation of inflammatory response to antigenic stimulus"
213,0.0140926143214335,"Down",0.557729559294494,0.920682236769674,"GO:0040013","negative regulation of locomotion"
60,0.0163209733623522,"Down",0.55784552729649,0.920682236769674,"GO:0035304","regulation of protein dephosphorylation"
23,0.014513429705439,"Up",0.558077280174265,0.920682236769674,"GO:0002861","regulation of inflammatory response to antigenic stimulus"
26,0.0652095944163654,"Down",0.558307306445019,0.920682236769674,"GO:1901568","fatty acid derivative metabolic process"
35,0.0416252144146447,"Down",0.558828029671399,0.921128618035541,"GO:0070613","regulation of protein processing"
18,-0.012841063262578,"Up",0.559879915681114,0.922449735853857,"GO:0051016","barbed-end actin filament capping"
21,0.00115234935533283,"Down",0.560897380072178,0.923318086366025,"GO:0099172","presynapse organization"
19,-0.0193178613533324,"Down",0.560908218590435,0.923318086366025,"GO:0006515","protein quality control for misfolded or incompletely synthesized proteins"
35,0.0225492878065273,"Down",0.561211149654186,0.923404142619929,"GO:0045911","positive regulation of DNA recombination"
41,0.0493298584444257,"Up",0.562126328278029,0.92376688473796,"GO:0038034","signal transduction in absence of ligand"
41,0.0493298584444257,"Up",0.562126328278029,0.92376688473796,"GO:0097192","extrinsic apoptotic signaling pathway in absence of ligand"
39,0.0119733040613491,"Down",0.562331251304223,0.92376688473796,"GO:0002042","cell migration involved in sprouting angiogenesis"
31,0.0206067544212106,"Up",0.562434615219122,0.92376688473796,"GO:0055021","regulation of cardiac muscle tissue growth"
23,0.0580515499550701,"Up",0.562702132757811,0.923794410463358,"GO:0034405","response to fluid shear stress"
190,0.0221579862593607,"Down",0.563245351137036,0.924041753002901,"GO:0048545","response to steroid hormone"
22,0.147913113543001,"Down",0.563354445506112,0.924041753002901,"GO:0065002","intracellular protein transmembrane transport"
61,0.0381278288785993,"Up",0.564390105181547,0.925328503555327,"GO:0009451","RNA modification"
25,0.0236290148655966,"Down",0.564887111692803,0.925731369873793,"GO:0045912","negative regulation of carbohydrate metabolic process"
311,0.0179826073256211,"Up",0.56597605696985,0.927103509949723,"GO:0090407","organophosphate biosynthetic process"
18,0.0679575825618853,"Up",0.566656142545116,0.927804990727202,"GO:0120033","negative regulation of plasma membrane bounded cell projection assembly"
30,0.00739737878073995,"Up",0.567434845375352,0.928193958182532,"GO:0051353","positive regulation of oxidoreductase activity"
54,-0.00766101849307491,"Down",0.568036380937142,0.928193958182532,"GO:1901879","regulation of protein depolymerization"
21,0.0114197020257368,"Up",0.56832564004123,0.928193958182532,"GO:0032733","positive regulation of interleukin-10 production"
78,-0.00026087174943983,"Down",0.568587023692363,0.928193958182532,"GO:1904950","negative regulation of establishment of protein localization"
28,0.0850992858534728,"Up",0.568928606396415,0.928193958182532,"GO:0006458","'de novo' protein folding"
35,0.0147487503173209,"Down",0.569658922865776,0.928193958182532,"GO:2000142","regulation of DNA-templated transcription initiation"
52,0.0201239735456464,"Down",0.569737498079274,0.928193958182532,"GO:0046031","ADP metabolic process"
20,0.0177194034351467,"Up",0.569836504206827,0.928193958182532,"GO:0019076","viral release from host cell"
20,0.0177194034351467,"Up",0.569836504206827,0.928193958182532,"GO:0035891","exit from host cell"
15,-0.0194706995837434,"Down",0.569978748341107,0.928193958182532,"GO:0002360","T cell lineage commitment"
386,0.0132722754715894,"Down",0.570099041220357,0.928193958182532,"GO:0008285","negative regulation of cell population proliferation"
89,0.00695871674604569,"Down",0.570612777750738,0.928193958182532,"GO:0030072","peptide hormone secretion"
23,0.00888697142587189,"Up",0.570912280853127,0.928193958182532,"GO:0035909","aorta morphogenesis"
179,0.0169594326104786,"Down",0.570980773767344,0.928193958182532,"GO:0045861","negative regulation of proteolysis"
31,0.0432782291773478,"Up",0.57103155847932,0.928193958182532,"GO:0031343","positive regulation of cell killing"
15,0.0378635040191779,"Down",0.571173648616561,0.928193958182532,"GO:0010623","programmed cell death involved in cell development"
17,0.0261699494515288,"Down",0.571474338824819,0.928193958182532,"GO:0031365","N-terminal protein amino acid modification"
57,0.00702210401839402,"Down",0.571634805292681,0.928193958182532,"GO:0022406","membrane docking"
25,0.0226235803853092,"Down",0.571680806491901,0.928193958182532,"GO:0001953","negative regulation of cell-matrix adhesion"
23,0.0100158563141239,"Up",0.571998278085423,0.928300289192378,"GO:0032365","intracellular lipid transport"
25,0.138046114345688,"Up",0.572448232348441,0.928515362023487,"GO:0045047","protein targeting to ER"
104,0.0263319420391892,"Up",0.573217336344228,0.928515362023487,"GO:0016482","cytosolic transport"
106,0.0126278047809741,"Down",0.573342520273014,0.928515362023487,"GO:0042129","regulation of T cell proliferation"
16,0.00017073939318788,"Up",0.573391001249575,0.928515362023487,"GO:0070168","negative regulation of biomineral tissue development"
16,0.00017073939318788,"Up",0.573391001249575,0.928515362023487,"GO:0110150","negative regulation of biomineralization"
447,0.00244436620342883,"Up",0.573687943245054,0.928588041702452,"GO:0034220","ion transmembrane transport"
18,-0.0203083914944686,"Down",0.574168652582288,0.928957978090975,"GO:1901223","negative regulation of NIK/NF-kappaB signaling"
68,0.0194592155430167,"Down",0.574700730240975,0.929106105377617,"GO:0014074","response to purine-containing compound"
26,0.0103413706773349,"Up",0.574819724794391,0.929106105377617,"GO:1903146","regulation of autophagy of mitochondrion"
100,0.0206555013327699,"Up",0.575469854258163,0.929106105377617,"GO:0032640","tumor necrosis factor production"
100,0.0206555013327699,"Up",0.575469854258163,0.929106105377617,"GO:0032680","regulation of tumor necrosis factor production"
29,0.109441804088424,"Up",0.576005799630537,0.929106105377617,"GO:1904646","cellular response to amyloid-beta"
15,0.0116039193015664,"Down",0.576257171955111,0.929106105377617,"GO:0010092","specification of animal organ identity"
17,0.0773625634998311,"Up",0.576317941636919,0.929106105377617,"GO:0035886","vascular associated smooth muscle cell differentiation"
20,0.0884592997071968,"Up",0.576568106712225,0.929106105377617,"GO:0042311","vasodilation"
33,0.0195816715976457,"Up",0.576829939891084,0.929106105377617,"GO:0140115","export across plasma membrane"
54,0.0191536089564371,"Down",0.576944157332711,0.929106105377617,"GO:0071774","response to fibroblast growth factor"
59,0.0229782506688794,"Down",0.577034410723123,0.929106105377617,"GO:0002708","positive regulation of lymphocyte mediated immunity"
42,0.0264712803387465,"Down",0.577838297118643,0.929994008993046,"GO:0035249","synaptic transmission, glutamatergic"
128,0.0442743628742778,"Up",0.578774643739169,0.930541399665511,"GO:0006457","protein folding"
86,0.00452298568626996,"Down",0.578963070763988,0.930541399665511,"GO:0071456","cellular response to hypoxia"
235,0.00298583692575095,"Down",0.579327262786532,0.930541399665511,"GO:0051656","establishment of organelle localization"
38,0.0363486258328752,"Down",0.579436253478981,0.930541399665511,"GO:0098773","skin epidermis development"
32,0.0207266501110585,"Down",0.579723379770532,0.930541399665511,"GO:0022029","telencephalon cell migration"
54,0.0153711094339102,"Down",0.57976134764373,0.930541399665511,"GO:0070664","negative regulation of leukocyte proliferation"
60,0.0269418051868243,"Up",0.580155918882337,0.930541399665511,"GO:0003206","cardiac chamber morphogenesis"
18,-0.00570841996253671,"Up",0.580340576984331,0.930541399665511,"GO:0006891","intra-Golgi vesicle-mediated transport"
60,0.00811703601414551,"Up",0.580473917590049,0.930541399665511,"GO:0046165","alcohol biosynthetic process"
21,0.00131465905372224,"Up",0.580873931853165,0.930541399665511,"GO:1903432","regulation of TORC1 signaling"
29,0.0415964045708885,"Down",0.581267816913394,0.930541399665511,"GO:0001755","neural crest cell migration"
20,0.063206660797146,"Up",0.581518743532702,0.930541399665511,"GO:0010665","regulation of cardiac muscle cell apoptotic process"
41,0.0302919968407331,"Down",0.58232243374555,0.930541399665511,"GO:0043279","response to alkaloid"
41,-0.00186655477026221,"Down",0.582573488244538,0.930541399665511,"GO:0045669","positive regulation of osteoblast differentiation"
162,0.0229729216997184,"Down",0.582699466171666,0.930541399665511,"GO:0030198","extracellular matrix organization"
162,0.0229729216997184,"Down",0.582699466171666,0.930541399665511,"GO:0045229","external encapsulating structure organization"
48,0.0738361266292637,"Up",0.582821947417479,0.930541399665511,"GO:0061077","chaperone-mediated protein folding"
49,0.0151908376672386,"Up",0.582850009778333,0.930541399665511,"GO:1903533","regulation of protein targeting"
69,0.0205999755024074,"Down",0.583192718842775,0.930541399665511,"GO:0019080","viral gene expression"
23,0.037084479740645,"Down",0.583346075783755,0.930541399665511,"GO:0033032","regulation of myeloid cell apoptotic process"
28,0.144287559662415,"Up",0.58372615403818,0.930541399665511,"GO:0043620","regulation of DNA-templated transcription in response to stress"
34,0.113340261137557,"Up",0.58405575424109,0.930541399665511,"GO:0019884","antigen processing and presentation of exogenous antigen"
41,0.0670624750184236,"Down",0.584174678388937,0.930541399665511,"GO:0055006","cardiac cell development"
22,0.0343959134320006,"Down",0.584240569333965,0.930541399665511,"GO:0050691","regulation of defense response to virus by host"
19,0.0297466365552341,"Down",0.584526152093999,0.930593925805659,"GO:0050858","negative regulation of antigen receptor-mediated signaling pathway"
18,0.00444537980134179,"Up",0.585291136150192,0.930622993084618,"GO:0046189","phenol-containing compound biosynthetic process"
123,0.0030728369597096,"Down",0.585291216802737,0.930622993084618,"GO:0042886","amide transport"
266,0.015504684531059,"Down",0.585487797724222,0.930622993084618,"GO:0019221","cytokine-mediated signaling pathway"
21,0.16954452407975,"Up",0.585661617051731,0.930622993084618,"GO:0010573","vascular endothelial growth factor production"
17,0.0781333564767308,"Down",0.585807470402614,0.930622993084618,"GO:0002209","behavioral defense response"
21,0.0851390433780956,"Up",0.586284515197875,0.930979376719384,"GO:0014044","Schwann cell development"
65,-0.0010853550356311,"Down",0.586776702277576,0.931078097501059,"GO:0048144","fibroblast proliferation"
28,0.109764830832813,"Up",0.586852155916791,0.931078097501059,"GO:0072599","establishment of protein localization to endoplasmic reticulum"
177,0.0316063214608881,"Up",0.587373278582642,0.931503727205533,"GO:0006605","protein targeting"
26,0.0275558180428217,"Down",0.588434292495418,0.932784825108915,"GO:0046596","regulation of viral entry into host cell"
88,0.0186964794304504,"Down",0.58876278937162,0.932904135933355,"GO:1903900","regulation of viral life cycle"
44,0.0355101244968729,"Down",0.589122388724899,0.933001040301409,"GO:0002381","immunoglobulin production involved in immunoglobulin-mediated immune response"
17,0.119225572898494,"Up",0.589387752846669,0.933001040301409,"GO:0006613","cotranslational protein targeting to membrane"
58,0.0328196594903117,"Down",0.590015542958396,0.933001040301409,"GO:0045069","regulation of viral genome replication"
24,0.0428001659778296,"Down",0.590211394776973,0.933001040301409,"GO:0050819","negative regulation of coagulation"
21,-0.0127268299607189,"Down",0.590493586715818,0.933001040301409,"GO:0046006","regulation of activated T cell proliferation"
17,0.152483649862989,"Up",0.590496897348933,0.933001040301409,"GO:0010575","positive regulation of vascular endothelial growth factor production"
15,-0.00962838505932575,"Up",0.591150096413538,0.933001040301409,"GO:0097734","extracellular exosome biogenesis"
15,-0.00962838505932575,"Up",0.591150096413538,0.933001040301409,"GO:0140112","extracellular vesicle biogenesis"
91,2.60540237205712e-05,"Down",0.591527670889861,0.933001040301409,"GO:0017157","regulation of exocytosis"
51,0.0403955395014141,"Down",0.591747798791773,0.933001040301409,"GO:0002720","positive regulation of cytokine production involved in immune response"
23,0.0483446767133703,"Down",0.591821281652378,0.933001040301409,"GO:1901889","negative regulation of cell junction assembly"
124,0.014288944693839,"Down",0.592014142347163,0.933001040301409,"GO:0009914","hormone transport"
120,0.0160654054681108,"Down",0.592571825533402,0.933001040301409,"GO:0032388","positive regulation of intracellular transport"
30,-0.0192575009647764,"Up",0.592598790829509,0.933001040301409,"GO:0006767","water-soluble vitamin metabolic process"
17,0.0900262531937516,"Down",0.592875908691727,0.933001040301409,"GO:0009948","anterior/posterior axis specification"
48,0.00968848384405772,"Down",0.592876068226276,0.933001040301409,"GO:2000177","regulation of neural precursor cell proliferation"
21,-0.00811713732982434,"Down",0.593368602780878,0.933377426406812,"GO:0120009","intermembrane lipid transfer"
58,0.0347007213970431,"Down",0.59388587486295,0.933792387108453,"GO:1900407","regulation of cellular response to oxidative stress"
39,0.00858808895029435,"Down",0.59517044660562,0.935116443690757,"GO:0043462","regulation of ATP-dependent activity"
21,0.0568619947021296,"Down",0.59576305156973,0.935116443690757,"GO:0046685","response to arsenic-containing substance"
42,0.0553254304280099,"Down",0.595780666695967,0.935116443690757,"GO:0032835","glomerulus development"
40,0.000475307868454306,"Up",0.595976896223072,0.935116443690757,"GO:0071277","cellular response to calcium ion"
26,0.0931343986712717,"Down",0.596494903236198,0.935116443690757,"GO:1904707","positive regulation of vascular associated smooth muscle cell proliferation"
18,0.0365513053339294,"Up",0.596584738827995,0.935116443690757,"GO:0009309","amine biosynthetic process"
18,0.0365513053339294,"Up",0.596584738827995,0.935116443690757,"GO:0042401","cellular biogenic amine biosynthetic process"
51,0.0032556284218023,"Up",0.596758620824367,0.935116443690757,"GO:0030968","endoplasmic reticulum unfolded protein response"
163,0.0237216171165969,"Down",0.597328700845096,0.935141027466616,"GO:0043062","extracellular structure organization"
170,0.00614840192607122,"Down",0.597715027270978,0.935141027466616,"GO:0110053","regulation of actin filament organization"
33,0.00147939726809267,"Down",0.598190804695415,0.935141027466616,"GO:0043954","cellular component maintenance"
44,0.00917965794832549,"Down",0.598555770168961,0.935141027466616,"GO:1901019","regulation of calcium ion transmembrane transporter activity"
208,0.0152231074993355,"Up",0.598777348980841,0.935141027466616,"GO:0010506","regulation of autophagy"
42,0.00107661331492713,"Down",0.599374794404725,0.935141027466616,"GO:0051588","regulation of neurotransmitter transport"
15,-0.0176801552761393,"Up",0.599494987061154,0.935141027466616,"GO:0046641","positive regulation of alpha-beta T cell proliferation"
83,0.0135768706294476,"Down",0.599588141837352,0.935141027466616,"GO:0034101","erythrocyte homeostasis"
18,0.0615373519981998,"Down",0.599983926332432,0.935141027466616,"GO:0021801","cerebral cortex radial glia-guided migration"
18,0.0615373519981998,"Down",0.599983926332432,0.935141027466616,"GO:0022030","telencephalon glial cell migration"
43,0.00432866753979988,"Down",0.600029094364988,0.935141027466616,"GO:0050688","regulation of defense response to virus"
384,0.00620919766059726,"Down",0.600672857182036,0.935141027466616,"GO:0051129","negative regulation of cellular component organization"
26,-0.00567870885419302,"Up",0.602207052536062,0.935141027466616,"GO:0060976","coronary vasculature development"
23,0.140042562273386,"Up",0.602938687885518,0.935141027466616,"GO:0030970","retrograde protein transport, ER to cytosol"
23,0.140042562273386,"Up",0.602938687885518,0.935141027466616,"GO:1903513","endoplasmic reticulum to cytosol transport"
21,0.0072599365313183,"Down",0.603183128519346,0.935141027466616,"GO:0001778","plasma membrane repair"
16,0.0125512916259198,"Down",0.603417402631667,0.935141027466616,"GO:0001556","oocyte maturation"
142,0.0192307146663598,"Up",0.603499856095041,0.935141027466616,"GO:0050920","regulation of chemotaxis"
22,0.041572848590997,"Down",0.604092223269874,0.935141027466616,"GO:0035456","response to interferon-beta"
22,0.0252796598177447,"Up",0.604337056981268,0.935141027466616,"GO:0003229","ventricular cardiac muscle tissue development"
34,0.01326809293613,"Down",0.604683313507893,0.935141027466616,"GO:0021885","forebrain cell migration"
92,0.00309593985616131,"Down",0.604716088008259,0.935141027466616,"GO:0031503","protein-containing complex localization"
434,0.0152138604781706,"Down",0.604917282000337,0.935141027466616,"GO:0000165","MAPK cascade"
39,-0.00286850772174147,"Up",0.605336352517184,0.935141027466616,"GO:0045921","positive regulation of exocytosis"
22,-0.0116734175526797,"Down",0.605574289308591,0.935141027466616,"GO:0046427","positive regulation of receptor signaling pathway via JAK-STAT"
158,0.023532711467769,"Up",0.605662295677327,0.935141027466616,"GO:0007600","sensory perception"
63,0.0145279942315933,"Down",0.60567988713922,0.935141027466616,"GO:0032273","positive regulation of protein polymerization"
22,0.00670294290975627,"Down",0.606136051379023,0.935141027466616,"GO:0030517","negative regulation of axon extension"
260,0.00852917275593447,"Up",0.606621627992665,0.935141027466616,"GO:0006979","response to oxidative stress"
414,0.0180014820178579,"Down",0.606694083288867,0.935141027466616,"GO:0001816","cytokine production"
32,-0.00436170000125924,"Up",0.607032409135969,0.935141027466616,"GO:0044788","modulation by host of viral process"
107,0.0315081638648841,"Up",0.607222530417759,0.935141027466616,"GO:1903522","regulation of blood circulation"
78,0.0575529718816126,"Up",0.607243304532318,0.935141027466616,"GO:0008217","regulation of blood pressure"
67,0.0029485876014652,"Down",0.607263818142527,0.935141027466616,"GO:0050806","positive regulation of synaptic transmission"
31,0.0107990725756033,"Up",0.607495924902763,0.935141027466616,"GO:0060193","positive regulation of lipase activity"
19,-0.00758504968259875,"Up",0.607574986830544,0.935141027466616,"GO:0090313","regulation of protein targeting to membrane"
22,0.0931784764463342,"Down",0.607920231970804,0.935141027466616,"GO:0042092","type 2 immune response"
175,0.0107491346622576,"Down",0.6079558437503,0.935141027466616,"GO:1904062","regulation of cation transmembrane transport"
17,0.0297792849221584,"Down",0.608088875450405,0.935141027466616,"GO:0032885","regulation of polysaccharide biosynthetic process"
68,0.00732607539790587,"Down",0.60824013766473,0.935141027466616,"GO:0030902","hindbrain development"
20,0.00368616080687857,"Down",0.608369649879333,0.935141027466616,"GO:0070232","regulation of T cell apoptotic process"
145,0.019720820723952,"Up",0.60867147554014,0.935141027466616,"GO:0043542","endothelial cell migration"
23,0.0742586589293641,"Up",0.609279394128847,0.935141027466616,"GO:0003197","endocardial cushion development"
44,0.0465144691579494,"Down",0.609379379929317,0.935141027466616,"GO:1990542","mitochondrial transmembrane transport"
32,0.0493263831953482,"Up",0.609416639857927,0.935141027466616,"GO:0002886","regulation of myeloid leukocyte mediated immunity"
18,0.0430976940393855,"Up",0.609814355264416,0.935141027466616,"GO:0031468","nuclear membrane reassembly"
316,0.0142401817811762,"Down",0.609829019114299,0.935141027466616,"GO:0040008","regulation of growth"
166,0.00150340987271189,"Down",0.609945657035695,0.935141027466616,"GO:0072507","divalent inorganic cation homeostasis"
17,-0.0285428207834413,"Down",0.610191604014186,0.935141027466616,"GO:0048873","homeostasis of number of cells within a tissue"
179,0.00719504254932661,"Up",0.610219184207958,0.935141027466616,"GO:0044403","biological process involved in symbiotic interaction"
93,0.0163995045098599,"Down",0.610831315073262,0.935141027466616,"GO:0006006","glucose metabolic process"
330,0.00800925746756028,"Down",0.610853522550988,0.935141027466616,"GO:0051345","positive regulation of hydrolase activity"
270,0.00790108114451567,"Down",0.610970691455431,0.935141027466616,"GO:0051223","regulation of protein transport"
22,0.0708647697160478,"Up",0.610990463632746,0.935141027466616,"GO:0010662","regulation of striated muscle cell apoptotic process"
49,0.0239248971871033,"Up",0.61135933908176,0.935141027466616,"GO:0070252","actin-mediated cell contraction"
208,0.0112268796548641,"Up",0.611652729433905,0.935141027466616,"GO:0019058","viral life cycle"
47,0.0538382305615453,"Up",0.611928434286467,0.935141027466616,"GO:0042982","amyloid precursor protein metabolic process"
15,-0.0436364246249187,"Down",0.611931437300858,0.935141027466616,"GO:0045830","positive regulation of isotype switching"
95,0.0136193378579608,"Up",0.612079852769116,0.935141027466616,"GO:0034614","cellular response to reactive oxygen species"
26,0.0267200355100228,"Up",0.612352772025491,0.935141027466616,"GO:2001258","negative regulation of cation channel activity"
22,0.0465241405642912,"Down",0.613102493914805,0.935141027466616,"GO:0043330","response to exogenous dsRNA"
25,0.00261365653662256,"Up",0.613436163959538,0.935141027466616,"GO:0051445","regulation of meiotic cell cycle"
118,0.027002284567297,"Down",0.613556824751533,0.935141027466616,"GO:0014706","striated muscle tissue development"
69,0.0237443679937265,"Up",0.613711810280765,0.935141027466616,"GO:0001678","cellular glucose homeostasis"
36,0.0713798528795289,"Up",0.614221119797972,0.935141027466616,"GO:0021675","nerve development"
40,0.0346156238418556,"Up",0.61430919394202,0.935141027466616,"GO:0006835","dicarboxylic acid transport"
25,-0.00425995681543551,"Down",0.614389578814474,0.935141027466616,"GO:0043537","negative regulation of blood vessel endothelial cell migration"
39,0.0457377810145091,"Down",0.61464420146589,0.935141027466616,"GO:0022404","molting cycle process"
39,0.0457377810145091,"Down",0.61464420146589,0.935141027466616,"GO:0022405","hair cycle process"
18,0.0141092848265304,"Up",0.614865841844746,0.935141027466616,"GO:0071676","negative regulation of mononuclear cell migration"
44,0.0182582127095829,"Up",0.614932160029989,0.935141027466616,"GO:1904427","positive regulation of calcium ion transmembrane transport"
175,0.0265473035584978,"Down",0.615412301376141,0.935141027466616,"GO:0090287","regulation of cellular response to growth factor stimulus"
237,0.0147943554792561,"Up",0.615611097923363,0.935141027466616,"GO:0031667","response to nutrient levels"
98,0.00334368078566831,"Up",0.616313735967656,0.935141027466616,"GO:0070085","glycosylation"
78,0.012164242769923,"Down",0.616689165184138,0.935141027466616,"GO:0031214","biomineral tissue development"
78,0.012164242769923,"Down",0.616689165184138,0.935141027466616,"GO:0110148","biomineralization"
71,-0.000720674078411654,"Up",0.616878232081708,0.935141027466616,"GO:0035264","multicellular organism growth"
63,0.0365840814743235,"Down",0.61700383242947,0.935141027466616,"GO:1902882","regulation of response to oxidative stress"
15,0.0729886451174541,"Up",0.617081389188747,0.935141027466616,"GO:0072574","hepatocyte proliferation"
15,0.0729886451174541,"Up",0.617081389188747,0.935141027466616,"GO:0072575","epithelial cell proliferation involved in liver morphogenesis"
16,-0.000195712378357626,"Down",0.617882458140312,0.935906579978195,"GO:0035883","enteroendocrine cell differentiation"
36,0.0541534860019132,"Up",0.618316681705866,0.935906579978195,"GO:0086003","cardiac muscle cell contraction"
23,-0.0274660435068411,"Up",0.618348701321099,0.935906579978195,"GO:1903426","regulation of reactive oxygen species biosynthetic process"
20,-0.0205820012453485,"Down",0.618744262586841,0.936116993974642,"GO:0035094","response to nicotine"
108,0.0123993281532967,"Up",0.61964443918059,0.936116993974642,"GO:0033500","carbohydrate homeostasis"
32,0.0132009447412425,"Up",0.619839092991633,0.936116993974642,"GO:0033866","nucleoside bisphosphate biosynthetic process"
32,0.0132009447412425,"Up",0.619839092991633,0.936116993974642,"GO:0034030","ribonucleoside bisphosphate biosynthetic process"
32,0.0132009447412425,"Up",0.619839092991633,0.936116993974642,"GO:0034033","purine nucleoside bisphosphate biosynthetic process"
405,0.0183226813984461,"Down",0.620012341286136,0.936116993974642,"GO:0001817","regulation of cytokine production"
154,0.00417896645041749,"Down",0.620916671076344,0.936584070271923,"GO:0070588","calcium ion transmembrane transport"
154,0.00339090785444287,"Down",0.621170771145238,0.936584070271923,"GO:0072503","cellular divalent inorganic cation homeostasis"
28,0.0641060462557343,"Up",0.621438344395864,0.936584070271923,"GO:0010591","regulation of lamellipodium assembly"
18,0.0147509856633987,"Up",0.621467333404897,0.936584070271923,"GO:0033598","mammary gland epithelial cell proliferation"
111,0.0239908156262422,"Down",0.621835524787375,0.936584070271923,"GO:0045165","cell fate commitment"
215,0.02026887508029,"Up",0.621847078144713,0.936584070271923,"GO:0010876","lipid localization"
46,0.0453817174022594,"Down",0.622409918576039,0.936850306034494,"GO:0007260","tyrosine phosphorylation of STAT protein"
23,0.00269240535418921,"Up",0.623112289407944,0.936850306034494,"GO:0046622","positive regulation of organ growth"
29,-0.0189012774944102,"Down",0.624114516249745,0.936850306034494,"GO:0099072","regulation of postsynaptic membrane neurotransmitter receptor levels"
245,0.00205829139237187,"Down",0.624343046844481,0.936850306034494,"GO:0052547","regulation of peptidase activity"
197,0.00588993171790776,"Down",0.624410814900448,0.936850306034494,"GO:0006816","calcium ion transport"
161,0.0167692954919916,"Up",0.624615586235709,0.936850306034494,"GO:0060249","anatomical structure homeostasis"
28,0.0592948146990605,"Down",0.624824376253846,0.936850306034494,"GO:0071364","cellular response to epidermal growth factor stimulus"
41,0.014380345548438,"Down",0.624914067809848,0.936850306034494,"GO:0070373","negative regulation of ERK1 and ERK2 cascade"
16,-0.0234450205254009,"Up",0.625261052308274,0.936850306034494,"GO:0006471","protein ADP-ribosylation"
24,-0.0335185152032949,"Up",0.625404383130682,0.936850306034494,"GO:0009126","purine nucleoside monophosphate metabolic process"
16,0.0207203859180252,"Down",0.62606750683107,0.936850306034494,"GO:0002230","positive regulation of defense response to virus by host"
113,0.00938585474007337,"Up",0.626513080562316,0.936850306034494,"GO:0070374","positive regulation of ERK1 and ERK2 cascade"
19,-0.023963151352953,"Down",0.626769682820927,0.936850306034494,"GO:1903649","regulation of cytoplasmic transport"
22,0.0438552394957675,"Up",0.627167023773658,0.936850306034494,"GO:0042446","hormone biosynthetic process"
15,-0.0113225970943443,"Up",0.627189378046141,0.936850306034494,"GO:0035357","peroxisome proliferator activated receptor signaling pathway"
79,0.00133048070370643,"Up",0.627213555566547,0.936850306034494,"GO:1904375","regulation of protein localization to cell periphery"
24,0.0827559795926713,"Up",0.627264086136833,0.936850306034494,"GO:0099601","regulation of neurotransmitter receptor activity"
57,0.0252275638507273,"Down",0.62734932779748,0.936850306034494,"GO:0034502","protein localization to chromosome"
25,-0.0126355332582153,"Down",0.627545643216258,0.936850306034494,"GO:0097120","receptor localization to synapse"
91,1.3545299388171e-05,"Up",0.62759354392221,0.936850306034494,"GO:0010970","transport along microtubule"
67,0.00915402045418144,"Down",0.627798380013852,0.936850306034494,"GO:0051283","negative regulation of sequestering of calcium ion"
20,0.0231040988403748,"Down",0.628365948612922,0.936850306034494,"GO:0071168","protein localization to chromatin"
21,-0.0196587872575134,"Down",0.628429839020686,0.936850306034494,"GO:0045070","positive regulation of viral genome replication"
104,0.0149529378680408,"Up",0.62843304028669,0.936850306034494,"GO:0035966","response to topologically incorrect protein"
93,0.0165938327074011,"Up",0.62845285518532,0.936850306034494,"GO:0048771","tissue remodeling"
172,0.00469077122842586,"Up",0.628882343703374,0.936850306034494,"GO:0051604","protein maturation"
71,0.0273218841438375,"Down",0.628890012709909,0.936850306034494,"GO:0051101","regulation of DNA binding"
25,-0.0276364885183704,"Down",0.629896080859612,0.937719354511145,"GO:0002066","columnar/cuboidal epithelial cell development"
41,0.0327630438149283,"Down",0.629982465367829,0.937719354511145,"GO:0035924","cellular response to vascular endothelial growth factor stimulus"
378,0.0163878867547307,"Down",0.630788160382523,0.93853941148999,"GO:0043408","regulation of MAPK cascade"
85,0.00124381891331078,"Up",0.631487234909363,0.939200231492164,"GO:0030258","lipid modification"
21,0.0163027084761224,"Up",0.632011801385307,0.939427944375145,"GO:0014912","negative regulation of smooth muscle cell migration"
153,0.0176860673389862,"Down",0.63215034584853,0.939427944375145,"GO:0043010","camera-type eye development"
35,0.0473396617379034,"Up",0.632613671051054,0.939737404900033,"GO:0060420","regulation of heart growth"
61,-0.00359797974368633,"Down",0.633327167049309,0.939753865662662,"GO:0030534","adult behavior"
30,0.00857432070172559,"Down",0.63357188379233,0.939753865662662,"GO:0018208","peptidyl-proline modification"
26,0.0184742990624459,"Down",0.63412808710971,0.939753865662662,"GO:0043392","negative regulation of DNA binding"
17,0.0449734974363336,"Down",0.634523646995756,0.939753865662662,"GO:0045932","negative regulation of muscle contraction"
17,-0.019852174529933,"Down",0.634776192358728,0.939753865662662,"GO:0048384","retinoic acid receptor signaling pathway"
16,-0.0311709091798664,"Up",0.635471975055411,0.939753865662662,"GO:0034643","establishment of mitochondrion localization, microtubule-mediated"
16,-0.0311709091798664,"Up",0.635471975055411,0.939753865662662,"GO:0047497","mitochondrion transport along microtubule"
66,0.0564141324317978,"Up",0.635800020262945,0.939753865662662,"GO:0045639","positive regulation of myeloid cell differentiation"
91,0.0292123736210632,"Up",0.635858518120349,0.939753865662662,"GO:0001935","endothelial cell proliferation"
33,0.0034287060642495,"Down",0.636258945810438,0.939753865662662,"GO:0031641","regulation of myelination"
278,0.00438456595792252,"Up",0.636530582816059,0.939753865662662,"GO:0060627","regulation of vesicle-mediated transport"
19,-0.0228084439866257,"Down",0.63655244071864,0.939753865662662,"GO:1902751","positive regulation of cell cycle G2/M phase transition"
99,0.0118395630255451,"Down",0.636822019084035,0.939753865662662,"GO:0031345","negative regulation of cell projection organization"
25,-0.000545666929094699,"Up",0.638053484488815,0.939753865662662,"GO:0046636","negative regulation of alpha-beta T cell activation"
80,0.0207547218914593,"Down",0.638509101975999,0.939753865662662,"GO:0050671","positive regulation of lymphocyte proliferation"
116,0.010872767480196,"Up",0.638957637824441,0.939753865662662,"GO:0010594","regulation of endothelial cell migration"
15,-0.000831388630723502,"Up",0.639174965778244,0.939753865662662,"GO:0060547","negative regulation of necrotic cell death"
18,-0.0406182206127146,"Down",0.639236784430312,0.939753865662662,"GO:0001773","myeloid dendritic cell activation"
57,0.0275408694385396,"Up",0.639733470150896,0.939753865662662,"GO:0071229","cellular response to acid chemical"
20,0.0309231075666731,"Down",0.640681640129294,0.939753865662662,"GO:0034122","negative regulation of toll-like receptor signaling pathway"
15,0.147188483928756,"Up",0.641129042905382,0.939753865662662,"GO:0045672","positive regulation of osteoclast differentiation"
61,0.0422564593031068,"Up",0.641902304352942,0.939753865662662,"GO:0006612","protein targeting to membrane"
50,0.00460096512211666,"Up",0.64208739164255,0.939753865662662,"GO:0016239","positive regulation of macroautophagy"
42,0.0123232738356302,"Down",0.642270229711104,0.939753865662662,"GO:0014855","striated muscle cell proliferation"
37,0.00698898561787783,"Down",0.6425542315567,0.939753865662662,"GO:0006073","cellular glucan metabolic process"
37,0.00698898561787783,"Down",0.6425542315567,0.939753865662662,"GO:0044042","glucan metabolic process"
21,0.0514322145728859,"Down",0.642741980654411,0.939753865662662,"GO:0071398","cellular response to fatty acid"
46,0.00991508771722715,"Down",0.643042610609353,0.939753865662662,"GO:0006024","glycosaminoglycan biosynthetic process"
76,0.0334878374249813,"Down",0.643518434363375,0.939753865662662,"GO:0007519","skeletal muscle tissue development"
30,0.055852373419793,"Down",0.64358299151018,0.939753865662662,"GO:0048013","ephrin receptor signaling pathway"
185,0.0400673178864085,"Down",0.643677534361026,0.939753865662662,"GO:0034470","ncRNA processing"
268,0.0227601671525292,"Down",0.643910897934718,0.939753865662662,"GO:0034660","ncRNA metabolic process"
20,0.0258278218104539,"Up",0.644360494297988,0.939753865662662,"GO:1903115","regulation of actin filament-based movement"
102,0.0217684708957728,"Up",0.644419525882861,0.939753865662662,"GO:0071706","tumor necrosis factor superfamily cytokine production"
102,0.0217684708957728,"Up",0.644419525882861,0.939753865662662,"GO:1903555","regulation of tumor necrosis factor superfamily cytokine production"
248,0.0137586146181688,"Down",0.644462005147242,0.939753865662662,"GO:0050900","leukocyte migration"
69,-0.00574663265754196,"Down",0.644940779059684,0.939753865662662,"GO:0030879","mammary gland development"
48,0.00992496757728034,"Up",0.645078781499328,0.939753865662662,"GO:0010633","negative regulation of epithelial cell migration"
196,0.00284849099491727,"Down",0.645149835835222,0.939753865662662,"GO:0010639","negative regulation of organelle organization"
21,-0.0169396647919036,"Down",0.645198999889166,0.939753865662662,"GO:0045920","negative regulation of exocytosis"
49,-0.00877837127758979,"Down",0.645276413822027,0.939753865662662,"GO:0072384","organelle transport along microtubule"
25,0.0318948594302938,"Down",0.645705486024221,0.939753865662662,"GO:0060986","endocrine hormone secretion"
20,0.0725784906211926,"Up",0.645781849052695,0.939753865662662,"GO:0022011","myelination in peripheral nervous system"
20,0.0725784906211926,"Up",0.645781849052695,0.939753865662662,"GO:0032292","peripheral nervous system axon ensheathment"
27,0.00392540433372324,"Down",0.645953386890161,0.939753865662662,"GO:0035088","establishment or maintenance of apical/basal cell polarity"
27,0.00392540433372324,"Down",0.645953386890161,0.939753865662662,"GO:0061245","establishment or maintenance of bipolar cell polarity"
409,0.0164805728490533,"Down",0.646382865795079,0.939753865662662,"GO:0001568","blood vessel development"
31,0.0131299747002723,"Up",0.646437555626933,0.939753865662662,"GO:0060135","maternal process involved in female pregnancy"
112,0.0102876699345702,"Up",0.647276980051668,0.939753865662662,"GO:0071241","cellular response to inorganic substance"
44,0.0212772992676253,"Down",0.647462545667052,0.939753865662662,"GO:1904377","positive regulation of protein localization to cell periphery"
74,0.00358480040233577,"Down",0.6479055462483,0.939753865662662,"GO:0007052","mitotic spindle organization"
473,0.0200477818244117,"Down",0.648050424955175,0.939753865662662,"GO:0033993","response to lipid"
113,0.028359371029744,"Up",0.648810186363484,0.939753865662662,"GO:0003015","heart process"
19,0.0247302529267674,"Down",0.649552418677242,0.939753865662662,"GO:0071480","cellular response to gamma radiation"
320,0.015561670490334,"Down",0.649653141362586,0.939753865662662,"GO:0001525","angiogenesis"
15,-0.00787058927153023,"Down",0.649734196462119,0.939753865662662,"GO:0009648","photoperiodism"
110,0.0447905061836997,"Down",0.649907999403073,0.939753865662662,"GO:0007411","axon guidance"
110,0.0447905061836997,"Down",0.649907999403073,0.939753865662662,"GO:0097485","neuron projection guidance"
32,0.0902014243612365,"Up",0.649916267475798,0.939753865662662,"GO:0035914","skeletal muscle cell differentiation"
139,0.0239980286053393,"Down",0.650300611683514,0.939753865662662,"GO:0002699","positive regulation of immune effector process"
27,0.042235591864869,"Up",0.650632497652717,0.939753865662662,"GO:0001937","negative regulation of endothelial cell proliferation"
79,0.0313789883262142,"Up",0.650937678018673,0.939753865662662,"GO:0003205","cardiac chamber development"
23,0.063313330287161,"Up",0.650962636093991,0.939753865662662,"GO:0010659","cardiac muscle cell apoptotic process"
54,0.0575148261145616,"Down",0.651446151383236,0.939753865662662,"GO:0055007","cardiac muscle cell differentiation"
51,0.0178403646676504,"Up",0.651447769501235,0.939753865662662,"GO:0071230","cellular response to amino acid stimulus"
29,-0.0172997489161872,"Down",0.651544834128742,0.939753865662662,"GO:0070231","T cell apoptotic process"
22,0.0684360266081067,"Down",0.651885315812008,0.939753865662662,"GO:0030195","negative regulation of blood coagulation"
22,0.0684360266081067,"Down",0.651885315812008,0.939753865662662,"GO:1900047","negative regulation of hemostasis"
197,0.013437677262284,"Down",0.652383638007594,0.939753865662662,"GO:2000146","negative regulation of cell motility"
35,-0.0021507036551293,"Down",0.652885340853228,0.939753865662662,"GO:0098661","inorganic anion transmembrane transport"
93,0.0213176167570912,"Down",0.652908429569757,0.939753865662662,"GO:0042552","myelination"
37,0.0105951316565611,"Up",0.653113257107521,0.939753865662662,"GO:0006637","acyl-CoA metabolic process"
37,0.0105951316565611,"Up",0.653113257107521,0.939753865662662,"GO:0035383","thioester metabolic process"
20,-0.0232467725895218,"Up",0.653303894983797,0.939753865662662,"GO:0017156","calcium-ion regulated exocytosis"
19,0.0198759494501818,"Up",0.653332392978023,0.939753865662662,"GO:0050879","multicellular organismal movement"
19,0.0198759494501818,"Up",0.653332392978023,0.939753865662662,"GO:0050881","musculoskeletal movement"
28,0.0430145718386295,"Down",0.653369992253758,0.939753865662662,"GO:0070897","transcription preinitiation complex assembly"
121,0.0137956923369101,"Down",0.653883007095839,0.939753865662662,"GO:0046879","hormone secretion"
69,-0.00195300971398046,"Down",0.654005887912741,0.939753865662662,"GO:0051261","protein depolymerization"
77,0.0185271943575142,"Down",0.654202675233593,0.939753865662662,"GO:0030218","erythrocyte differentiation"
27,0.0261434777929313,"Up",0.654533984925459,0.939753865662662,"GO:0043300","regulation of leukocyte degranulation"
46,0.0199958974634447,"Up",0.654537595885475,0.939753865662662,"GO:0048708","astrocyte differentiation"
23,0.00370781225076568,"Down",0.654628560551123,0.939753865662662,"GO:1903055","positive regulation of extracellular matrix organization"
81,0.0275890021609429,"Up",0.654630146807383,0.939753865662662,"GO:0010469","regulation of signaling receptor activity"
120,0.0120423464409217,"Down",0.654684357721028,0.939753865662662,"GO:0061136","regulation of proteasomal protein catabolic process"
94,0.00977428216003639,"Up",0.65491242847567,0.939753865662662,"GO:0010821","regulation of mitochondrion organization"
52,0.0116245824945343,"Up",0.654966511560266,0.939753865662662,"GO:0006900","vesicle budding from membrane"
107,0.027681713245402,"Down",0.655072727204592,0.939753865662662,"GO:0048738","cardiac muscle tissue development"
34,0.026588800238993,"Down",0.655529031261355,0.940042409952056,"GO:0071470","cellular response to osmotic stress"
17,0.0316955460526238,"Up",0.656094489767403,0.940160515170584,"GO:0032069","regulation of nuclease activity"
16,0.0474907432546762,"Up",0.656121792753412,0.940160515170584,"GO:0019430","removal of superoxide radicals"
327,0.0109605560830107,"Down",0.656753047386117,0.940699154965185,"GO:0032504","multicellular organism reproduction"
45,0.0115353305256535,"Up",0.657749968602465,0.941220610311206,"GO:0090559","regulation of membrane permeability"
75,-0.000662996705215641,"Down",0.65789295166056,0.941220610311206,"GO:0051224","negative regulation of protein transport"
18,-0.0410457086964708,"Up",0.658027393585534,0.941220610311206,"GO:0032148","activation of protein kinase B activity"
88,0.00329215515800547,"Up",0.658840286384657,0.941220610311206,"GO:0007626","locomotory behavior"
17,0.144265791083932,"Down",0.65905566657626,0.941220610311206,"GO:0000470","maturation of LSU-rRNA"
69,0.0141784606188415,"Up",0.659178771312233,0.941220610311206,"GO:0071322","cellular response to carbohydrate stimulus"
71,0.0092654610114123,"Down",0.659287529308183,0.941220610311206,"GO:0008037","cell recognition"
40,0.0851783730135537,"Up",0.659671006282383,0.941220610311206,"GO:0003281","ventricular septum development"
16,-0.0111395368498701,"Down",0.659704235245189,0.941220610311206,"GO:0101023","vascular endothelial cell proliferation"
16,-0.0111395368498701,"Down",0.659704235245189,0.941220610311206,"GO:1905562","regulation of vascular endothelial cell proliferation"
17,0.101508241095538,"Down",0.660266754873215,0.941220610311206,"GO:0002313","mature B cell differentiation involved in immune response"
86,0.0213028058410006,"Up",0.660397012393582,0.941220610311206,"GO:1903008","organelle disassembly"
44,0.0465071395346066,"Down",0.661273453670343,0.941220610311206,"GO:0042509","regulation of tyrosine phosphorylation of STAT protein"
25,0.0338093632737968,"Up",0.661312842891554,0.941220610311206,"GO:0035272","exocrine system development"
15,0.0787869046973483,"Down",0.662241198538381,0.941220610311206,"GO:0044060","regulation of endocrine process"
16,0.0669667351531208,"Down",0.662338966905772,0.941220610311206,"GO:0038083","peptidyl-tyrosine autophosphorylation"
27,0.0949815868216432,"Up",0.663184798678962,0.941220610311206,"GO:0014037","Schwann cell differentiation"
17,-0.0186041551406876,"Down",0.663860549643717,0.941220610311206,"GO:0010971","positive regulation of G2/M transition of mitotic cell cycle"
31,0.0216428061459444,"Up",0.664714591413272,0.941220610311206,"GO:0061512","protein localization to cilium"
17,0.0667025269253748,"Down",0.664785202853442,0.941220610311206,"GO:0072012","glomerulus vasculature development"
17,0.0408829935839862,"Down",0.664967623888825,0.941220610311206,"GO:0072010","glomerular epithelium development"
32,0.0289241377069053,"Down",0.665443933484813,0.941220610311206,"GO:0030514","negative regulation of BMP signaling pathway"
101,0.0059587002383471,"Up",0.666067197025216,0.941220610311206,"GO:0043433","negative regulation of DNA-binding transcription factor activity"
24,0.0133079495496371,"Down",0.666427351118796,0.941220610311206,"GO:0060688","regulation of morphogenesis of a branching structure"
36,-0.00755863487098905,"Up",0.666912873090594,0.941220610311206,"GO:0032731","positive regulation of interleukin-1 beta production"
28,0.0245278888235267,"Up",0.667151813066978,0.941220610311206,"GO:0032768","regulation of monooxygenase activity"
316,0.00631549636415108,"Up",0.667832247647989,0.941220610311206,"GO:0072657","protein localization to membrane"
80,0.0369547710868796,"Up",0.667873473476461,0.941220610311206,"GO:0051961","negative regulation of nervous system development"
26,0.0468111698703366,"Up",0.668615094159049,0.941220610311206,"GO:0050850","positive regulation of calcium-mediated signaling"
22,0.0120513875618322,"Up",0.669086704775519,0.941220610311206,"GO:2000008","regulation of protein localization to cell surface"
79,0.00851048717774114,"Down",0.669091927052822,0.941220610311206,"GO:0002040","sprouting angiogenesis"
37,0.00787847579726558,"Up",0.669125356190265,0.941220610311206,"GO:0051310","metaphase plate congression"
16,-0.0123756801247498,"Down",0.669143059646513,0.941220610311206,"GO:0046931","pore complex assembly"
18,-0.0250512379933545,"Down",0.669367858935361,0.941220610311206,"GO:0031571","mitotic G1 DNA damage checkpoint signaling"
18,-0.0250512379933545,"Down",0.669367858935361,0.941220610311206,"GO:0044819","mitotic G1/S transition checkpoint signaling"
35,-0.0121252666822631,"Down",0.669585944532724,0.941220610311206,"GO:0043627","response to estrogen"
37,0.0454242838164648,"Down",0.669980716632425,0.941220610311206,"GO:0001942","hair follicle development"
15,-0.0495726299971023,"Down",0.670039615501912,0.941220610311206,"GO:0048048","embryonic eye morphogenesis"
63,0.0141467277882363,"Up",0.670106567067723,0.941220610311206,"GO:0032760","positive regulation of tumor necrosis factor production"
25,0.013562806840636,"Down",0.670136800766058,0.941220610311206,"GO:0061081","positive regulation of myeloid leukocyte cytokine production involved in immune response"
38,0.0404131888052087,"Up",0.670427203550793,0.941220610311206,"GO:0030199","collagen fibril organization"
269,0.0259201051066653,"Down",0.670786857539543,0.941220610311206,"GO:0001819","positive regulation of cytokine production"
155,0.0234683847575938,"Up",0.670869726071863,0.941220610311206,"GO:0097529","myeloid leukocyte migration"
22,0.140454943945352,"Up",0.671220375261117,0.941220610311206,"GO:0090151","establishment of protein localization to mitochondrial membrane"
46,0.0114878314258331,"Down",0.6714443307028,0.941220610311206,"GO:0055017","cardiac muscle tissue growth"
56,0.0392733553836962,"Down",0.671540456995344,0.941220610311206,"GO:0030510","regulation of BMP signaling pathway"
136,0.00470857523059504,"Down",0.671567333606454,0.941220610311206,"GO:0006874","cellular calcium ion homeostasis"
19,0.0326384471958825,"Down",0.671615684045259,0.941220610311206,"GO:0006284","base-excision repair"
32,0.0195003451115759,"Down",0.67175085870278,0.941220610311206,"GO:0045913","positive regulation of carbohydrate metabolic process"
39,-0.00171150352422551,"Down",0.671814046199836,0.941220610311206,"GO:0071709","membrane assembly"
24,0.00610895881105293,"Down",0.672359039556999,0.941220610311206,"GO:0019226","transmission of nerve impulse"
145,0.00315839047951379,"Down",0.672371227833125,0.941220610311206,"GO:0055074","calcium ion homeostasis"
40,0.0168413835556806,"Up",0.672644060481987,0.941220610311206,"GO:0035904","aorta development"
75,0.0407379978780787,"Up",0.672713116544837,0.941220610311206,"GO:0072655","establishment of protein localization to mitochondrion"
34,0.0405444295266952,"Down",0.672771629092917,0.941220610311206,"GO:0032608","interferon-beta production"
34,0.0405444295266952,"Down",0.672771629092917,0.941220610311206,"GO:0032648","regulation of interferon-beta production"
53,0.0248235651701138,"Down",0.673264128107259,0.941220610311206,"GO:2000628","regulation of miRNA metabolic process"
18,0.0986166650966175,"Down",0.673706391402722,0.941220610311206,"GO:0032309","icosanoid secretion"
333,0.0124244356429631,"Up",0.673809411670704,0.941220610311206,"GO:0006897","endocytosis"
55,0.0159666585782858,"Down",0.674194500437475,0.941220610311206,"GO:0048640","negative regulation of developmental growth"
78,0.0345068296306398,"Up",0.674231839198061,0.941220610311206,"GO:0050768","negative regulation of neurogenesis"
25,0.0715206219535762,"Up",0.674470365582825,0.941220610311206,"GO:0010658","striated muscle cell apoptotic process"
18,-0.00166511549678552,"Down",0.674652617011539,0.941220610311206,"GO:0006882","cellular zinc ion homeostasis"
91,0.00333180991944408,"Down",0.674663361734831,0.941220610311206,"GO:0036294","cellular response to decreased oxygen levels"
39,-0.00307610054107356,"Up",0.674820625460655,0.941220610311206,"GO:0048278","vesicle docking"
28,0.0334610712605934,"Down",0.674899987927979,0.941220610311206,"GO:0070884","regulation of calcineurin-NFAT signaling cascade"
28,0.0334610712605934,"Down",0.674899987927979,0.941220610311206,"GO:0106056","regulation of calcineurin-mediated signaling"
19,0.108204297088104,"Up",0.674946937125543,0.941220610311206,"GO:0051204","protein insertion into mitochondrial membrane"
73,0.0148284465970278,"Down",0.674972117977531,0.941220610311206,"GO:0009132","nucleoside diphosphate metabolic process"
37,0.0126473779492088,"Up",0.675001317166723,0.941220610311206,"GO:0051899","membrane depolarization"
16,0.0219156419953498,"Down",0.675790987221148,0.941612246951388,"GO:0046426","negative regulation of receptor signaling pathway via JAK-STAT"
25,0.0150833589561472,"Up",0.676064858509767,0.941612246951388,"GO:0009064","glutamine family amino acid metabolic process"
23,0.00741748965276246,"Down",0.676426178641763,0.941612246951388,"GO:0032814","regulation of natural killer cell activation"
92,0.0194701924303102,"Down",0.676445613110477,0.941612246951388,"GO:0001959","regulation of cytokine-mediated signaling pathway"
74,0.0177292773006608,"Up",0.676904864404625,0.941612246951388,"GO:2001257","regulation of cation channel activity"
75,0.000967629262427175,"Down",0.676941036682279,0.941612246951388,"GO:1903531","negative regulation of secretion by cell"
147,0.0143979337914875,"Down",0.677209426587093,0.941612246951388,"GO:0002449","lymphocyte mediated immunity"
16,-0.0122133532287831,"Up",0.67771184018073,0.941612246951388,"GO:0002407","dendritic cell chemotaxis"
15,0.031542193864606,"Up",0.677876477875869,0.941612246951388,"GO:0046717","acid secretion"
98,0.0367067163943634,"Down",0.677888289331177,0.941612246951388,"GO:0051216","cartilage development"
21,0.0766377669507718,"Up",0.678118341108355,0.941612246951388,"GO:0042026","protein refolding"
121,0.0146706123342041,"Up",0.678349322315142,0.941612246951388,"GO:0015849","organic acid transport"
21,0.0494946878551267,"Up",0.679399933010222,0.941843501632744,"GO:0090322","regulation of superoxide metabolic process"
18,0.05748083160477,"Down",0.679854216590319,0.941843501632744,"GO:0045671","negative regulation of osteoclast differentiation"
15,-0.0142011449924397,"Down",0.679982307634103,0.941843501632744,"GO:2001044","regulation of integrin-mediated signaling pathway"
18,0.108622840213311,"Up",0.680010841874723,0.941843501632744,"GO:0010574","regulation of vascular endothelial growth factor production"
20,0.0375592986623831,"Up",0.680160344624178,0.941843501632744,"GO:0010613","positive regulation of cardiac muscle hypertrophy"
20,0.0375592986623831,"Up",0.680160344624178,0.941843501632744,"GO:0014742","positive regulation of muscle hypertrophy"
31,0.0150285676608934,"Up",0.680512790122416,0.941843501632744,"GO:0007080","mitotic metaphase plate congression"
38,0.004907907855613,"Down",0.680561183861663,0.941843501632744,"GO:0043666","regulation of phosphoprotein phosphatase activity"
428,0.0186278497011861,"Down",0.681421618158011,0.942107058917157,"GO:0001944","vasculature development"
287,0.00893637334221014,"Down",0.681491304355429,0.942107058917157,"GO:0070201","regulation of establishment of protein localization"
77,0.00683632159051733,"Down",0.682501782063862,0.942107058917157,"GO:0099504","synaptic vesicle cycle"
39,0.011724736777717,"Up",0.683013631658741,0.942107058917157,"GO:0046889","positive regulation of lipid biosynthetic process"
18,-0.0302592537430867,"Up",0.683041680755489,0.942107058917157,"GO:0015695","organic cation transport"
29,0.00339210614190783,"Up",0.683055344629077,0.942107058917157,"GO:0008038","neuron recognition"
46,-0.00830762503012096,"Down",0.683234476651148,0.942107058917157,"GO:0071479","cellular response to ionizing radiation"
23,0.179730652960089,"Up",0.683282541194747,0.942107058917157,"GO:0150077","regulation of neuroinflammatory response"
100,0.0292971222034421,"Down",0.683418608311349,0.942107058917157,"GO:0048015","phosphatidylinositol-mediated signaling"
117,0.013165737917292,"Down",0.683674381205505,0.942107058917157,"GO:0032869","cellular response to insulin stimulus"
17,-0.0221372651374528,"Up",0.683803267822138,0.942107058917157,"GO:0051654","establishment of mitochondrion localization"
141,0.00968813936973094,"Down",0.68382037881229,0.942107058917157,"GO:0022412","cellular process involved in reproduction in multicellular organism"
28,0.0772653824834888,"Down",0.684254963353456,0.9423533775679,"GO:0043331","response to dsRNA"
33,0.030007705474191,"Up",0.685059856141651,0.943086469114691,"GO:0042471","ear morphogenesis"
24,0.0417254932721704,"Up",0.685422816028156,0.943086469114691,"GO:0006901","vesicle coating"
110,0.0228594825542246,"Up",0.68633058828502,0.943086469114691,"GO:0060541","respiratory system development"
77,0.0238063314287774,"Up",0.686546294497088,0.943086469114691,"GO:1904064","positive regulation of cation transmembrane transport"
37,0.139925112017184,"Up",0.686646131585428,0.943086469114691,"GO:0019233","sensory perception of pain"
15,0.0442301494124568,"Down",0.686845806145721,0.943086469114691,"GO:0036499","PERK-mediated unfolded protein response"
47,0.0248947980486841,"Down",0.687169862124621,0.943086469114691,"GO:2000573","positive regulation of DNA biosynthetic process"
227,0.0299917937687545,"Up",0.687481712551011,0.943086469114691,"GO:0008015","blood circulation"
150,0.00483107966585474,"Down",0.687486180740583,0.943086469114691,"GO:0044782","cilium organization"
34,0.0190382618554792,"Up",0.68751403157848,0.943086469114691,"GO:0030225","macrophage differentiation"
32,0.0540271664803167,"Down",0.687845280535417,0.943086469114691,"GO:1900744","regulation of p38MAPK cascade"
91,0.0582887573492861,"Down",0.688246610222107,0.943086469114691,"GO:0002833","positive regulation of response to biotic stimulus"
154,0.00949494551505017,"Down",0.688477705312828,0.943086469114691,"GO:0051403","stress-activated MAPK cascade"
24,0.0274640758312222,"Up",0.688599045365847,0.943086469114691,"GO:0036475","neuron death in response to oxidative stress"
73,-0.00206876229993867,"Down",0.688786848229181,0.943086469114691,"GO:0034446","substrate adhesion-dependent cell spreading"
196,0.0192882690289336,"Up",0.689154340411852,0.943086469114691,"GO:0060326","cell chemotaxis"
146,0.0176687389506729,"Down",0.690404240825871,0.943086469114691,"GO:0006936","muscle contraction"
100,0.0208265787985684,"Down",0.690458997942619,0.943086469114691,"GO:0060759","regulation of response to cytokine stimulus"
63,0.00920963904229375,"Down",0.691541756301543,0.943086469114691,"GO:0032436","positive regulation of proteasomal ubiquitin-dependent protein catabolic process"
37,0.00295597429147184,"Down",0.691676261613951,0.943086469114691,"GO:0010332","response to gamma radiation"
17,0.108275051803079,"Down",0.691882131362293,0.943086469114691,"GO:0042596","fear response"
84,0.0098508455234751,"Up",0.691893499655222,0.943086469114691,"GO:0106106","cold-induced thermogenesis"
84,0.0098508455234751,"Up",0.691893499655222,0.943086469114691,"GO:0120161","regulation of cold-induced thermogenesis"
47,-0.00594762409264103,"Down",0.692123683516624,0.943086469114691,"GO:0032465","regulation of cytokinesis"
16,-0.0423266096625326,"Down",0.692254885150584,0.943086469114691,"GO:0060914","heart formation"
32,0.0162721041915501,"Down",0.692366852514547,0.943086469114691,"GO:0003407","neural retina development"
78,0.0083808011321053,"Up",0.692377554996256,0.943086469114691,"GO:0070304","positive regulation of stress-activated protein kinase signaling cascade"
32,0.0369322593114357,"Up",0.6925679246258,0.943086469114691,"GO:0051489","regulation of filopodium assembly"
20,-0.0141005480418468,"Up",0.692603071986075,0.943086469114691,"GO:0032469","endoplasmic reticulum calcium ion homeostasis"
30,0.024004411168945,"Up",0.692800296031138,0.943086469114691,"GO:1903214","regulation of protein targeting to mitochondrion"
17,0.00638707848977023,"Up",0.693711882461455,0.943086469114691,"GO:0002719","negative regulation of cytokine production involved in immune response"
139,0.0235442314914148,"Down",0.69376207398971,0.943086469114691,"GO:0045926","negative regulation of growth"
114,0.00453413217151434,"Down",0.694174432984987,0.943086469114691,"GO:0043123","positive regulation of I-kappaB kinase/NF-kappaB signaling"
362,0.0158526028842351,"Down",0.694242032196449,0.943086469114691,"GO:0048514","blood vessel morphogenesis"
69,0.00256849720527187,"Up",0.694249314521246,0.943086469114691,"GO:0061640","cytoskeleton-dependent cytokinesis"
186,0.0086816112909527,"Down",0.694317603684544,0.943086469114691,"GO:0006820","anion transport"
19,0.0107652033975133,"Up",0.694344585131997,0.943086469114691,"GO:0034331","cell junction maintenance"
46,0.00126607007426106,"Down",0.694515089768772,0.943086469114691,"GO:0008088","axo-dendritic transport"
45,0.00431184729769175,"Down",0.695139269659281,0.943586245182311,"GO:0043299","leukocyte degranulation"
19,0.00752233004633586,"Down",0.696018047480702,0.944243119087654,"GO:0048147","negative regulation of fibroblast proliferation"
20,0.11096405909896,"Up",0.696135806580366,0.944243119087654,"GO:0048483","autonomic nervous system development"
34,0.0338652425781161,"Up",0.696509149157451,0.944271001134648,"GO:0030166","proteoglycan biosynthetic process"
16,0.00975315542449165,"Down",0.696898209451329,0.944271001134648,"GO:0008207","C21-steroid hormone metabolic process"
18,0.174545477046165,"Up",0.697216852549381,0.944271001134648,"GO:0050891","multicellular organismal water homeostasis"
73,0.0271623080807176,"Up",0.697221951527633,0.944271001134648,"GO:0006941","striated muscle contraction"
98,0.021161128696648,"Up",0.697529049027608,0.944271001134648,"GO:0030324","lung development"
85,0.0312853405705311,"Down",0.698235350273071,0.944271001134648,"GO:0014065","phosphatidylinositol 3-kinase signaling"
31,0.0343031664895518,"Up",0.699220685294079,0.944271001134648,"GO:0022617","extracellular matrix disassembly"
20,0.0500953339178905,"Up",0.699265238123365,0.944271001134648,"GO:0046460","neutral lipid biosynthetic process"
20,0.0500953339178905,"Up",0.699265238123365,0.944271001134648,"GO:0046463","acylglycerol biosynthetic process"
15,-0.0216277016625242,"Up",0.699312311441047,0.944271001134648,"GO:0007099","centriole replication"
15,-0.0216277016625242,"Up",0.699312311441047,0.944271001134648,"GO:0098534","centriole assembly"
52,0.020592670657807,"Up",0.699428810049495,0.944271001134648,"GO:0010507","negative regulation of autophagy"
45,0.0451228980336595,"Up",0.699752603794773,0.944271001134648,"GO:0001570","vasculogenesis"
16,-0.024707533225818,"Up",0.69995873519413,0.944271001134648,"GO:0050832","defense response to fungus"
74,0.00447238288154674,"Up",0.700049918838675,0.944271001134648,"GO:0051592","response to calcium ion"
66,0.00631207976979131,"Down",0.700257430808865,0.944271001134648,"GO:0051209","release of sequestered calcium ion into cytosol"
298,0.00471404610871706,"Down",0.701093700764348,0.944785456855003,"GO:0051640","organelle localization"
23,0.0172633304628524,"Up",0.701207026706747,0.944785456855003,"GO:0044275","cellular carbohydrate catabolic process"
39,0.00688664917524911,"Up",0.701598568504716,0.944785456855003,"GO:0010596","negative regulation of endothelial cell migration"
18,0.0793190462830344,"Up",0.701921225681907,0.944785456855003,"GO:0018196","peptidyl-asparagine modification"
18,0.0793190462830344,"Up",0.701921225681907,0.944785456855003,"GO:0018279","protein N-linked glycosylation via asparagine"
142,0.0275064660500415,"Up",0.703019555132651,0.945255739115441,"GO:0097191","extrinsic apoptotic signaling pathway"
18,0.0905976149164711,"Down",0.7035713112238,0.945255739115441,"GO:0071392","cellular response to estradiol stimulus"
78,0.0378600829670197,"Up",0.703886750708453,0.945255739115441,"GO:0070585","protein localization to mitochondrion"
256,0.0136791871703667,"Up",0.704378488717147,0.945255739115441,"GO:0009991","response to extracellular stimulus"
57,0.0360385706461076,"Down",0.704535165266931,0.945255739115441,"GO:1900182","positive regulation of protein localization to nucleus"
47,0.0237967730614164,"Down",0.704794912246361,0.945255739115441,"GO:0043266","regulation of potassium ion transport"
88,0.0184335645986092,"Up",0.70492646001445,0.945255739115441,"GO:0034767","positive regulation of ion transmembrane transport"
23,0.0947369387380365,"Down",0.704944609523026,0.945255739115441,"GO:1903749","positive regulation of establishment of protein localization to mitochondrion"
49,-0.00206246432768121,"Up",0.705126088928324,0.945255739115441,"GO:0008593","regulation of Notch signaling pathway"
160,0.0282258171861121,"Down",0.70565760650965,0.945255739115441,"GO:0043547","positive regulation of GTPase activity"
159,0.0314308187612229,"Down",0.70657529089724,0.945255739115441,"GO:0051607","defense response to virus"
159,0.0314308187612229,"Down",0.70657529089724,0.945255739115441,"GO:0140546","defense response to symbiont"
37,0.0215050616411029,"Down",0.706999204407411,0.945255739115441,"GO:0032890","regulation of organic acid transport"
18,0.0166265108570166,"Down",0.707399438140017,0.945255739115441,"GO:0007064","mitotic sister chromatid cohesion"
52,0.0495677421545928,"Up",0.70751603482506,0.945255739115441,"GO:0048565","digestive tract development"
208,0.0125718337121738,"Down",0.707535568759739,0.945255739115441,"GO:0034765","regulation of ion transmembrane transport"
58,0.00577978978214705,"Down",0.707751927865266,0.945255739115441,"GO:1903510","mucopolysaccharide metabolic process"
374,0.00331133969654468,"Up",0.708217266389584,0.945255739115441,"GO:0098655","cation transmembrane transport"
30,0.0324330672135986,"Down",0.708283584535827,0.945255739115441,"GO:0061756","leukocyte adhesion to vascular endothelial cell"
25,0.0111133761828595,"Up",0.708561733707013,0.945255739115441,"GO:1901021","positive regulation of calcium ion transmembrane transporter activity"
27,0.0276100297027992,"Down",0.708743480101278,0.945255739115441,"GO:1903170","negative regulation of calcium ion transmembrane transport"
99,0.0434758090156581,"Up",0.708752978958999,0.945255739115441,"GO:2001236","regulation of extrinsic apoptotic signaling pathway"
68,0.00662842311929434,"Down",0.708986301442872,0.945255739115441,"GO:0051783","regulation of nuclear division"
108,0.00919904752895241,"Down",0.709039038582368,0.945255739115441,"GO:0000910","cytokinesis"
35,0.00190426451522584,"Down",0.70907191884362,0.945255739115441,"GO:0015807","L-amino acid transport"
49,-0.00206216616325851,"Up",0.709134131586273,0.945255739115441,"GO:0140056","organelle localization by membrane tethering"
205,0.0166024596730113,"Down",0.709198388413431,0.945255739115441,"GO:0003012","muscle system process"
41,-0.00914900609570851,"Down",0.709838702256269,0.945767008720468,"GO:0006893","Golgi to plasma membrane transport"
175,0.00615583017880692,"Down",0.71012746453249,0.945809681611603,"GO:0009100","glycoprotein metabolic process"
18,-0.0041521426566218,"Up",0.711431792974122,0.946308837360326,"GO:0051385","response to mineralocorticoid"
36,-0.00836719702249813,"Down",0.711432429173548,0.946308837360326,"GO:0033619","membrane protein proteolysis"
55,0.0554158343331287,"Down",0.711657264332846,0.946308837360326,"GO:0006970","response to osmotic stress"
22,0.00820777205876276,"Down",0.711674680050786,0.946308837360326,"GO:0051123","RNA polymerase II preinitiation complex assembly"
27,-0.00407465897059095,"Down",0.71178658749334,0.946308837360326,"GO:0006110","regulation of glycolytic process"
55,0.0394143592217625,"Down",0.713638081571381,0.947923939814489,"GO:1990868","response to chemokine"
55,0.0394143592217625,"Down",0.713638081571381,0.947923939814489,"GO:1990869","cellular response to chemokine"
26,0.0237528216803069,"Up",0.713773346646415,0.947923939814489,"GO:0097242","amyloid-beta clearance"
52,0.00340823818123674,"Down",0.71470442591291,0.948476622861369,"GO:0070167","regulation of biomineral tissue development"
52,0.00340823818123674,"Down",0.71470442591291,0.948476622861369,"GO:0110149","regulation of biomineralization"
97,0.0133923375410607,"Down",0.714988849146934,0.948512394763163,"GO:0046883","regulation of hormone secretion"
17,0.0118381511483676,"Up",0.716003213681116,0.948874799896258,"GO:0032366","intracellular sterol transport"
95,0.00668584656715839,"Up",0.716108762805362,0.948874799896258,"GO:0051100","negative regulation of binding"
37,0.0130467452923556,"Up",0.716153998226303,0.948874799896258,"GO:0042698","ovulation cycle"
35,0.0450862090128152,"Up",0.716483833351761,0.948874799896258,"GO:0002931","response to ischemia"
355,0.0120082146046724,"Down",0.716549862462375,0.948874799896258,"GO:0003006","developmental process involved in reproduction"
25,0.0104776922275397,"Down",0.716922859578135,0.949027601396281,"GO:0010799","regulation of peptidyl-threonine phosphorylation"
17,0.00628996936608783,"Down",0.717946127606882,0.949278584153402,"GO:1901381","positive regulation of potassium ion transmembrane transport"
38,0.0395898621132248,"Up",0.718138879462761,0.949278584153402,"GO:0060760","positive regulation of response to cytokine stimulus"
52,0.0175536193351085,"Up",0.718327328163112,0.949278584153402,"GO:0120162","positive regulation of cold-induced thermogenesis"
156,0.0144236228296319,"Up",0.71869312713396,0.949278584153402,"GO:0030595","leukocyte chemotaxis"
172,0.0212621110764435,"Up",0.719208059529182,0.949278584153402,"GO:0034599","cellular response to oxidative stress"
81,0.039410107973537,"Up",0.71929134271965,0.949278584153402,"GO:0002224","toll-like receptor signaling pathway"
17,0.040778293747642,"Down",0.719385615898799,0.949278584153402,"GO:0010800","positive regulation of peptidyl-threonine phosphorylation"
74,0.011528905952245,"Up",0.71950544947685,0.949278584153402,"GO:0016064","immunoglobulin mediated immune response"
74,0.011528905952245,"Up",0.71950544947685,0.949278584153402,"GO:0019724","B cell mediated immunity"
68,0.0232780672873813,"Up",0.719689219744965,0.949278584153402,"GO:0007204","positive regulation of cytosolic calcium ion concentration"
25,-0.00909829551109174,"Up",0.720713278352214,0.949951811662482,"GO:0006904","vesicle docking involved in exocytosis"
33,0.0334259464930815,"Up",0.721224928156505,0.949951811662482,"GO:0071985","multivesicular body sorting pathway"
17,0.0256392074384584,"Down",0.72135068646959,0.949951811662482,"GO:0050892","intestinal absorption"
25,0.0432359674968049,"Down",0.721390353312639,0.949951811662482,"GO:0045668","negative regulation of osteoblast differentiation"
15,0.13514840686047,"Up",0.721661312630854,0.949951811662482,"GO:0110110","positive regulation of animal organ morphogenesis"
21,-0.0115647781713713,"Down",0.722256898032419,0.949951811662482,"GO:0036336","dendritic cell migration"
29,0.0191811060957238,"Up",0.722401344589911,0.949951811662482,"GO:0006195","purine nucleotide catabolic process"
17,0.00458934139052851,"Up",0.722748912280372,0.949951811662482,"GO:0090314","positive regulation of protein targeting to membrane"
58,0.0555489779821995,"Up",0.723020501492889,0.949951811662482,"GO:0055123","digestive system development"
32,0.0147766691514459,"Down",0.723156176876227,0.949951811662482,"GO:0001539","cilium or flagellum-dependent cell motility"
32,0.0147766691514459,"Down",0.723156176876227,0.949951811662482,"GO:0060285","cilium-dependent cell motility"
31,0.00556689671414596,"Down",0.723293928260929,0.949951811662482,"GO:1902622","regulation of neutrophil migration"
72,0.0174402996414669,"Down",0.723956176017667,0.950371461858345,"GO:0043271","negative regulation of ion transport"
44,-0.0115454268391519,"Up",0.724129395612479,0.950371461858345,"GO:0030865","cortical cytoskeleton organization"
20,0.0169107065350639,"Down",0.724499539842769,0.950518627058676,"GO:0048286","lung alveolus development"
68,0.0177646545013252,"Down",0.725733062853126,0.95143826429111,"GO:0071805","potassium ion transmembrane transport"
425,0.0149615375573688,"Down",0.725816275135964,0.95143826429111,"GO:0019941","modification-dependent protein catabolic process"
26,0.0138080655337022,"Down",0.726525955559849,0.95143826429111,"GO:1900271","regulation of long-term synaptic potentiation"
178,0.00842070489902259,"Down",0.726711180073689,0.95143826429111,"GO:0007283","spermatogenesis"
21,0.0600987982245553,"Down",0.727484656824298,0.95143826429111,"GO:0048846","axon extension involved in axon guidance"
21,0.0600987982245553,"Down",0.727484656824298,0.95143826429111,"GO:1902284","neuron projection extension involved in neuron projection guidance"
15,-0.0265530551829314,"Up",0.727704863388761,0.95143826429111,"GO:0055093","response to hyperoxia"
17,0.00619236484221761,"Down",0.727726571784901,0.95143826429111,"GO:0045923","positive regulation of fatty acid metabolic process"
55,0.0602946174937248,"Down",0.727946529153948,0.95143826429111,"GO:0048525","negative regulation of viral process"
51,0.00234190169443476,"Up",0.728390047408246,0.95143826429111,"GO:0051851","modulation by host of symbiont process"
54,0.00713395903109253,"Up",0.728790230625419,0.95143826429111,"GO:0046330","positive regulation of JNK cascade"
19,-0.0182771775422319,"Up",0.72887672236013,0.95143826429111,"GO:0030212","hyaluronan metabolic process"
17,0.0308622765956914,"Up",0.728947957961064,0.95143826429111,"GO:0071450","cellular response to oxygen radical"
17,0.0308622765956914,"Up",0.728947957961064,0.95143826429111,"GO:0071451","cellular response to superoxide"
162,0.0225626679165608,"Down",0.729265874246048,0.95143826429111,"GO:0001822","kidney development"
134,0.0117773932505658,"Down",0.730931261354772,0.95143826429111,"GO:0021700","developmental maturation"
76,0.00465452828512557,"Up",0.731144059311598,0.95143826429111,"GO:0032874","positive regulation of stress-activated MAPK cascade"
144,0.0185472316968458,"Down",0.731883589296942,0.95143826429111,"GO:0061458","reproductive system development"
17,0.00801139515113207,"Down",0.731989560667413,0.95143826429111,"GO:0090200","positive regulation of release of cytochrome c from mitochondria"
104,0.0235569995236741,"Down",0.732066630078885,0.95143826429111,"GO:0050792","regulation of viral process"
29,-0.0129660667437928,"Up",0.732407676512336,0.95143826429111,"GO:2000249","regulation of actin cytoskeleton reorganization"
109,0.0203903329907386,"Up",0.732500099725223,0.95143826429111,"GO:0050679","positive regulation of epithelial cell proliferation"
31,0.0290108999038825,"Down",0.732578375118155,0.95143826429111,"GO:0090311","regulation of protein deacetylation"
191,0.0159582814749381,"Down",0.732742152853074,0.95143826429111,"GO:0030336","negative regulation of cell migration"
88,0.00718712771807752,"Down",0.732885579510503,0.95143826429111,"GO:0099003","vesicle-mediated transport in synapse"
165,0.0098284701580265,"Down",0.733014824517371,0.95143826429111,"GO:0019216","regulation of lipid metabolic process"
68,0.0102847351938549,"Down",0.733063778536732,0.95143826429111,"GO:0051282","regulation of sequestering of calcium ion"
141,0.00613687265255217,"Down",0.733268685629919,0.95143826429111,"GO:0060271","cilium assembly"
433,0.0141562379434994,"Down",0.73327871292763,0.95143826429111,"GO:0043632","modification-dependent macromolecule catabolic process"
21,0.0784553965885996,"Up",0.733329940494648,0.95143826429111,"GO:0071276","cellular response to cadmium ion"
209,0.0132379627874661,"Down",0.733621999510697,0.95143826429111,"GO:0050808","synapse organization"
60,0.0347125347337168,"Down",0.733631104305944,0.95143826429111,"GO:2000106","regulation of leukocyte apoptotic process"
19,-0.0200569405433547,"Down",0.73392359986465,0.95143826429111,"GO:0071425","hematopoietic stem cell proliferation"
500,0.0111635955459498,"Up",0.734401965853346,0.95143826429111,"GO:0006886","intracellular protein transport"
82,0.0418774608522652,"Down",0.73444878618144,0.95143826429111,"GO:0098742","cell-cell adhesion via plasma-membrane adhesion molecules"
93,0.0267951465929744,"Up",0.734512896867128,0.95143826429111,"GO:0048562","embryonic organ morphogenesis"
170,0.00365627057883317,"Down",0.734756205729698,0.95143826429111,"GO:0051258","protein polymerization"
91,0.00839708252619178,"Down",0.7351547947884,0.951619910049355,"GO:0002790","peptide secretion"
15,0.0350897813392609,"Up",0.73555628931538,0.951805187860154,"GO:0036314","response to sterol"
81,0.0375257067788303,"Down",0.737082577441304,0.953050928852014,"GO:0060538","skeletal muscle organ development"
232,0.0105069554387625,"Down",0.737237997546062,0.953050928852014,"GO:2001233","regulation of apoptotic signaling pathway"
185,0.00953971349947419,"Down",0.737553011105084,0.953050928852014,"GO:0048232","male gamete generation"
18,-0.0127518939015074,"Down",0.73779033480894,0.953050928852014,"GO:0043243","positive regulation of protein-containing complex disassembly"
35,-0.0190637378633706,"Down",0.737812499751885,0.953050928852014,"GO:0030837","negative regulation of actin filament polymerization"
27,0.0590914295942406,"Up",0.738145790731823,0.953056988649182,"GO:0098781","ncRNA transcription"
177,0.0257283823399129,"Down",0.738334594355256,0.953056988649182,"GO:0048568","embryonic organ development"
131,0.0252867751023622,"Down",0.738693464134357,0.953186242336592,"GO:0045088","regulation of innate immune response"
39,-0.00681147945253422,"Up",0.739091759382723,0.953366261052504,"GO:0034394","protein localization to cell surface"
38,0.0783231556829508,"Up",0.739523774101907,0.953459712999131,"GO:0045670","regulation of osteoclast differentiation"
78,0.0170623270867818,"Down",0.739681829465667,0.953459712999131,"GO:0007009","plasma membrane organization"
100,0.00352487828030267,"Up",0.740490806638429,0.953511907399741,"GO:0099111","microtubule-based transport"
150,0.00603084180815308,"Up",0.740901195055744,0.953511907399741,"GO:0006790","sulfur compound metabolic process"
102,0.00785837274676934,"Down",0.741217626169242,0.953511907399741,"GO:0007281","germ cell development"
60,0.0259968035301838,"Down",0.74138667715378,0.953511907399741,"GO:0006090","pyruvate metabolic process"
92,0.0393998766595979,"Down",0.74158487228945,0.953511907399741,"GO:1903844","regulation of cellular response to transforming growth factor beta stimulus"
70,0.0164190004204453,"Down",0.741630911023762,0.953511907399741,"GO:0030278","regulation of ossification"
34,0.0265172731336814,"Down",0.741767475981737,0.953511907399741,"GO:0009798","axis specification"
21,0.0910458401944026,"Down",0.741792922531937,0.953511907399741,"GO:1903955","positive regulation of protein targeting to mitochondrion"
39,0.023184909034652,"Down",0.742446100547215,0.953657529514472,"GO:1903078","positive regulation of protein localization to plasma membrane"
33,-0.000359057427375291,"Up",0.742945706296373,0.953657529514472,"GO:0030834","regulation of actin filament depolymerization"
31,0.0626764357292098,"Down",0.742975461526334,0.953657529514472,"GO:2000677","regulation of transcription regulatory region DNA binding"
191,0.00367434105769295,"Down",0.743936625360571,0.953657529514472,"GO:0071214","cellular response to abiotic stimulus"
191,0.00367434105769295,"Down",0.743936625360571,0.953657529514472,"GO:0104004","cellular response to environmental stimulus"
218,0.0118840443839732,"Down",0.744099834714691,0.953657529514472,"GO:0048732","gland development"
169,0.0284584915708107,"Up",0.744147393741245,0.953657529514472,"GO:0045765","regulation of angiogenesis"
90,0.0123401535079728,"Up",0.744343335131922,0.953657529514472,"GO:1990845","adaptive thermogenesis"
86,0.0052385008898502,"Down",0.744830325458838,0.953657529514472,"GO:0046328","regulation of JNK cascade"
17,-0.019485521427424,"Up",0.745157345815261,0.953657529514472,"GO:0060143","positive regulation of syncytium formation by plasma membrane fusion"
66,0.00481396585634603,"Down",0.745319399706779,0.953657529514472,"GO:0033209","tumor necrosis factor-mediated signaling pathway"
28,0.0357407617827781,"Down",0.745374268286275,0.953657529514472,"GO:0035850","epithelial cell differentiation involved in kidney development"
30,-0.0249699571627356,"Down",0.745621188860187,0.953657529514472,"GO:1901616","organic hydroxy compound catabolic process"
200,0.0167271393369875,"Down",0.745654703524134,0.953657529514472,"GO:0002443","leukocyte mediated immunity"
317,0.0127789350027807,"Down",0.745849158860361,0.953657529514472,"GO:0048609","multicellular organismal reproductive process"
30,-0.0229616875022129,"Down",0.746488430748671,0.953657529514472,"GO:0030866","cortical actin cytoskeleton organization"
26,0.00566062378940584,"Up",0.746493909695704,0.953657529514472,"GO:0086065","cell communication involved in cardiac conduction"
72,0.00633268981139564,"Up",0.746565775005358,0.953657529514472,"GO:0010595","positive regulation of endothelial cell migration"
17,0.016515104101485,"Up",0.746896666009082,0.953749503493053,"GO:0002446","neutrophil mediated immunity"
37,0.0601819937682914,"Up",0.748585785819802,0.954141810381443,"GO:1902895","positive regulation of miRNA transcription"
18,0.0128000343518472,"Down",0.748785168539268,0.954141810381443,"GO:0042908","xenobiotic transport"
19,0.132504843728067,"Up",0.748853513064797,0.954141810381443,"GO:0030104","water homeostasis"
177,0.0352986619394918,"Down",0.749216469450751,0.954141810381443,"GO:0071559","response to transforming growth factor beta"
164,0.036971565187508,"Up",0.750090078570384,0.954141810381443,"GO:0007389","pattern specification process"
39,0.0353215814003979,"Up",0.750726330519141,0.954141810381443,"GO:0072527","pyrimidine-containing compound metabolic process"
19,0.0034590938126998,"Up",0.750729972887257,0.954141810381443,"GO:0001516","prostaglandin biosynthetic process"
19,0.0034590938126998,"Up",0.750729972887257,0.954141810381443,"GO:0046457","prostanoid biosynthetic process"
26,0.0223193447424879,"Down",0.750768869738206,0.954141810381443,"GO:0021795","cerebral cortex cell migration"
121,0.00360877398863518,"Down",0.751438020076365,0.954141810381443,"GO:0043393","regulation of protein binding"
26,-0.0160634162552742,"Up",0.751698921308514,0.954141810381443,"GO:0008089","anterograde axonal transport"
24,-0.00111558103705451,"Down",0.751990037633095,0.954141810381443,"GO:2000300","regulation of synaptic vesicle exocytosis"
419,0.01444822526852,"Down",0.752205656102125,0.954141810381443,"GO:0006511","ubiquitin-dependent protein catabolic process"
15,0.0742357326631062,"Up",0.75234632074698,0.954141810381443,"GO:0034104","negative regulation of tissue remodeling"
303,0.00752179150403344,"Down",0.752706744940322,0.954141810381443,"GO:0009896","positive regulation of catabolic process"
42,0.0318126226157944,"Down",0.753018053963309,0.954141810381443,"GO:0060395","SMAD protein signal transduction"
15,0.0195405057425797,"Down",0.753066051868175,0.954141810381443,"GO:0009651","response to salt stress"
25,0.00552610942112678,"Up",0.753275780874606,0.954141810381443,"GO:0000266","mitochondrial fission"
356,0.0149746343948548,"Down",0.753598226576728,0.954141810381443,"GO:2000147","positive regulation of cell motility"
21,0.0549050925756017,"Up",0.753863090225142,0.954141810381443,"GO:0060317","cardiac epithelial to mesenchymal transition"
33,0.017876030267291,"Down",0.754288139446197,0.954141810381443,"GO:0006984","ER-nucleus signaling pathway"
201,0.0218502188506777,"Down",0.75495609801707,0.954141810381443,"GO:0002831","regulation of response to biotic stimulus"
121,0.00764928327152154,"Up",0.755430513257709,0.954141810381443,"GO:0016485","protein processing"
38,0.0389038695559569,"Down",0.755460486923608,0.954141810381443,"GO:0003341","cilium movement"
28,0.0614500418649589,"Up",0.75556524515376,0.954141810381443,"GO:0072132","mesenchyme morphogenesis"
31,0.10172073699188,"Down",0.755785316801609,0.954141810381443,"GO:1902041","regulation of extrinsic apoptotic signaling pathway via death domain receptors"
16,0.0497477676486701,"Down",0.756228986652437,0.954141810381443,"GO:0046885","regulation of hormone biosynthetic process"
79,0.0178991370323976,"Up",0.756368011499245,0.954141810381443,"GO:0046890","regulation of lipid biosynthetic process"
19,0.0340654993805762,"Down",0.756373634356036,0.954141810381443,"GO:0070670","response to interleukin-4"
24,0.0322880509671921,"Down",0.756644723048177,0.954141810381443,"GO:0035308","negative regulation of protein dephosphorylation"
122,0.0261518036693714,"Down",0.756934138203439,0.954141810381443,"GO:0010001","glial cell differentiation"
26,0.0611269327268625,"Up",0.757308208874603,0.954141810381443,"GO:0060071","Wnt signaling pathway, planar cell polarity pathway"
220,0.00574152620924421,"Down",0.757724806576472,0.954141810381443,"GO:0042176","regulation of protein catabolic process"
39,0.0107442572713525,"Down",0.757806908388642,0.954141810381443,"GO:0051057","positive regulation of small GTPase mediated signal transduction"
20,-0.0049844211898494,"Up",0.757957498068367,0.954141810381443,"GO:0048663","neuron fate commitment"
15,0.106093489393103,"Up",0.758253317195763,0.954141810381443,"GO:0010664","negative regulation of striated muscle cell apoptotic process"
19,0.0414817901143616,"Down",0.758791986799993,0.954141810381443,"GO:1905168","positive regulation of double-strand break repair via homologous recombination"
42,0.021162095073605,"Down",0.759127256891509,0.954141810381443,"GO:0051963","regulation of synapse assembly"
18,0.0844462834110633,"Down",0.759287312568117,0.954141810381443,"GO:0051954","positive regulation of amine transport"
43,-0.00158033273153327,"Down",0.759502431655373,0.954141810381443,"GO:0006942","regulation of striated muscle contraction"
26,0.0570400935345192,"Up",0.759527878952327,0.954141810381443,"GO:1902745","positive regulation of lamellipodium organization"
265,0.022315141922932,"Down",0.759685520907354,0.954141810381443,"GO:0007186","G protein-coupled receptor signaling pathway"
140,0.0307715532298494,"Down",0.759691783996599,0.954141810381443,"GO:0019932","second-messenger-mediated signaling"
30,0.0594721119760431,"Down",0.759832636277378,0.954141810381443,"GO:0140467","integrated stress response signaling"
16,0.0211795544029524,"Down",0.760423476955717,0.954141810381443,"GO:0031646","positive regulation of nervous system process"
48,0.0244235435974263,"Down",0.760451777388826,0.954141810381443,"GO:1903201","regulation of oxidative stress-induced cell death"
16,0.103605145992971,"Down",0.760501808351193,0.954141810381443,"GO:0001662","behavioral fear response"
37,0.021234204241327,"Down",0.760861050555613,0.954141810381443,"GO:0043388","positive regulation of DNA binding"
253,0.0204561384122896,"Up",0.760933245107579,0.954141810381443,"GO:0048871","multicellular organismal homeostasis"
51,0.0179194841307492,"Down",0.761464716697815,0.954141810381443,"GO:1904063","negative regulation of cation transmembrane transport"
32,0.0138934906271203,"Down",0.761732873547785,0.954141810381443,"GO:0050771","negative regulation of axonogenesis"
24,-0.0105643561098821,"Up",0.76182197594456,0.954141810381443,"GO:0045806","negative regulation of endocytosis"
48,0.0841107261537847,"Up",0.762004529373699,0.954141810381443,"GO:0007422","peripheral nervous system development"
144,0.00684322471943838,"Down",0.762186005716594,0.954141810381443,"GO:0033157","regulation of intracellular protein transport"
45,0.00273093476912335,"Down",0.762374380022074,0.954141810381443,"GO:0030500","regulation of bone mineralization"
15,0.00279201604250263,"Up",0.762753856464444,0.954141810381443,"GO:0050650","chondroitin sulfate proteoglycan biosynthetic process"
51,0.0301952824587783,"Down",0.76337131728869,0.954141810381443,"GO:0060419","heart growth"
51,0.0334033719372736,"Up",0.763422830823391,0.954141810381443,"GO:0035023","regulation of Rho protein signal transduction"
44,0.0786616756563627,"Up",0.763622195660968,0.954141810381443,"GO:0060021","roof of mouth development"
95,0.00862656426487384,"Down",0.763643938891374,0.954141810381443,"GO:0034341","response to interferon-gamma"
104,0.0165090202238536,"Down",0.763718495461528,0.954141810381443,"GO:0051896","regulation of protein kinase B signaling"
41,-0.00148149049079807,"Down",0.764139345788741,0.954141810381443,"GO:0003333","amino acid transmembrane transport"
20,-0.024066743147672,"Up",0.764142353982926,0.954141810381443,"GO:0070296","sarcoplasmic reticulum calcium ion transport"
27,-0.0119849649833809,"Down",0.764145833675636,0.954141810381443,"GO:0030851","granulocyte differentiation"
172,0.0264890565006324,"Up",0.764256454675968,0.954141810381443,"GO:1901342","regulation of vasculature development"
22,-0.0102105094524146,"Down",0.76429763366874,0.954141810381443,"GO:0048489","synaptic vesicle transport"
41,-0.00344659628400411,"Down",0.764769588744779,0.954320086193474,"GO:0044091","membrane biogenesis"
21,0.0301757232432436,"Up",0.765090151637478,0.954320086193474,"GO:0034260","negative regulation of GTPase activity"
135,0.0160754581696315,"Up",0.765217571828318,0.954320086193474,"GO:0051047","positive regulation of secretion"
25,0.0957030712989205,"Down",0.766648943537017,0.955781627069499,"GO:0010656","negative regulation of muscle cell apoptotic process"
17,0.0808705158263275,"Up",0.767049136037311,0.955929090467312,"GO:0006925","inflammatory cell apoptotic process"
20,0.0266373756392904,"Down",0.767286189064018,0.955929090467312,"GO:0061178","regulation of insulin secretion involved in cellular response to glucose stimulus"
362,0.0151573421976032,"Down",0.767750644141167,0.956059507569806,"GO:0040017","positive regulation of locomotion"
174,0.0110462980630174,"Down",0.76799607395924,0.956059507569806,"GO:0007249","I-kappaB kinase/NF-kappaB signaling"
186,0.0193896056233618,"Up",0.768169419762928,0.956059507569806,"GO:0006869","lipid transport"
88,0.0311201288378926,"Down",0.768710453669038,0.956091715519899,"GO:0048705","skeletal system morphogenesis"
51,-0.00334819474611606,"Down",0.768892938404837,0.956091715519899,"GO:0009566","fertilization"
33,0.046599977718905,"Down",0.768973874344588,0.956091715519899,"GO:2000107","negative regulation of leukocyte apoptotic process"
89,0.0116185960503968,"Down",0.769525529630317,0.956454808083025,"GO:0019079","viral genome replication"
58,0.0452582157620254,"Down",0.770128216797981,0.956881062625214,"GO:0031644","regulation of nervous system process"
91,0.036537571494997,"Down",0.770417079412366,0.956917235520956,"GO:0017015","regulation of transforming growth factor beta receptor signaling pathway"
27,-0.00161144907675614,"Up",0.771081761462552,0.957097442462278,"GO:0009262","deoxyribonucleotide metabolic process"
27,-0.00161144907675614,"Up",0.771081761462552,0.957097442462278,"GO:0019692","deoxyribose phosphate metabolic process"
143,0.0186553515531452,"Down",0.771897321749194,0.957333909302109,"GO:0048608","reproductive structure development"
103,0.0312846533750572,"Down",0.772114743106133,0.957333909302109,"GO:0048017","inositol lipid-mediated signaling"
43,-0.00583055278149464,"Down",0.772581596700109,0.957333909302109,"GO:0060191","regulation of lipase activity"
23,0.00626130314584881,"Down",0.772752958985151,0.957333909302109,"GO:0050906","detection of stimulus involved in sensory perception"
24,0.010354069061578,"Down",0.772861836527869,0.957333909302109,"GO:0045840","positive regulation of mitotic nuclear division"
141,0.0367789483869442,"Up",0.772983006197934,0.957333909302109,"GO:0090150","establishment of protein localization to membrane"
21,0.0180472338537091,"Down",0.773091308407648,0.957333909302109,"GO:0032350","regulation of hormone metabolic process"
39,0.0245364011110782,"Up",0.773671469877638,0.957730408275947,"GO:0050886","endocrine process"
23,-0.0187911480937309,"Down",0.774219516415033,0.95808689905038,"GO:0031146","SCF-dependent proteasomal ubiquitin-dependent protein catabolic process"
30,0.00381972828916023,"Down",0.774631243219864,0.958274513103418,"GO:0043113","receptor clustering"
55,0.0160683430890224,"Up",0.775179479660638,0.958630816740447,"GO:0032006","regulation of TOR signaling"
22,0.116365166778564,"Down",0.775609918873641,0.958841255412918,"GO:0032728","positive regulation of interferon-beta production"
17,0.0865979358080484,"Down",0.776466616454245,0.959578334457377,"GO:0070199","establishment of protein localization to chromosome"
87,0.0119379903031612,"Down",0.776988441654537,0.959901213633573,"GO:0030833","regulation of actin filament polymerization"
35,0.0897849488293888,"Down",0.777638805995123,0.960382621953078,"GO:0055013","cardiac muscle cell development"
24,0.072519385954794,"Down",0.778362061566002,0.960385240997187,"GO:0045744","negative regulation of G protein-coupled receptor signaling pathway"
28,5.63045496078025e-06,"Down",0.778526348158687,0.960385240997187,"GO:2000242","negative regulation of reproductive process"
36,0.00413140942435642,"Down",0.778678330543434,0.960385240997187,"GO:0005977","glycogen metabolic process"
15,-0.0336422041065928,"Up",0.779030744905017,0.960385240997187,"GO:0042558","pteridine-containing compound metabolic process"
18,0.020586442637471,"Down",0.779185445520013,0.960385240997187,"GO:0090075","relaxation of muscle"
78,0.0375189775842259,"Down",0.779205072025134,0.960385240997187,"GO:0051384","response to glucocorticoid"
33,0.0145173975581114,"Up",0.779795204564699,0.960598858228363,"GO:0072523","purine-containing compound catabolic process"
29,0.0398351686257819,"Up",0.779899887340128,0.960598858228363,"GO:0032715","negative regulation of interleukin-6 production"
35,0.00108390707192301,"Up",0.780649097539935,0.960883180374177,"GO:0002437","inflammatory response to antigenic stimulus"
60,0.0610488042443451,"Up",0.780652377540693,0.960883180374177,"GO:2000027","regulation of animal organ morphogenesis"
87,0.0350178350774983,"Up",0.782036703342838,0.961615465008667,"GO:0032635","interleukin-6 production"
87,0.0350178350774983,"Up",0.782036703342838,0.961615465008667,"GO:0032675","regulation of interleukin-6 production"
21,-0.00510031461993624,"Up",0.782124892351182,0.961615465008667,"GO:2000515","negative regulation of CD4-positive, alpha-beta T cell activation"
321,0.00309150897035803,"Up",0.782291408423175,0.961615465008667,"GO:0008610","lipid biosynthetic process"
65,0.0168220223091961,"Up",0.784008085298081,0.963404198211518,"GO:1903557","positive regulation of tumor necrosis factor superfamily cytokine production"
22,0.128556292630115,"Up",0.784710618460253,0.963922651194338,"GO:0070741","response to interleukin-6"
245,0.0126324388607771,"Down",0.78495329901819,0.963922651194338,"GO:0002683","negative regulation of immune system process"
89,0.0241471105469706,"Down",0.785740618331538,0.964192270416772,"GO:0031960","response to corticosteroid"
133,0.0152877572740126,"Up",0.785770638760796,0.964192270416772,"GO:0001894","tissue homeostasis"
52,-0.00222129590036211,"Down",0.785958031504225,0.964192270416772,"GO:0050905","neuromuscular process"
29,0.0206247802026134,"Down",0.786709722356723,0.964396551691222,"GO:0016126","sterol biosynthetic process"
74,0.00456328657682352,"Down",0.78679023343852,0.964396551691222,"GO:1901222","regulation of NIK/NF-kappaB signaling"
165,0.0199223104532618,"Down",0.786909889897886,0.964396551691222,"GO:0001666","response to hypoxia"
157,0.0101372764123642,"Down",0.788561103999702,0.965590947662723,"GO:0031098","stress-activated protein kinase signaling cascade"
140,0.00482849540797752,"Down",0.788690231973565,0.965590947662723,"GO:0009101","glycoprotein biosynthetic process"
49,0.0404748766936148,"Down",0.788919403265174,0.965590947662723,"GO:0097306","cellular response to alcohol"
22,-0.0172532606435934,"Up",0.789019852436064,0.965590947662723,"GO:0002792","negative regulation of peptide secretion"
124,0.024468790268742,"Down",0.7894986019629,0.965590947662723,"GO:0007548","sex differentiation"
40,0.0514280451387655,"Up",0.789658097691591,0.965590947662723,"GO:0046847","filopodium assembly"
22,0.0132804282662763,"Down",0.789719197966283,0.965590947662723,"GO:0050829","defense response to Gram-negative bacterium"
17,-0.0215871499457907,"Up",0.790100057982274,0.965679226780248,"GO:0090102","cochlea development"
348,0.0166303992651126,"Down",0.790922321603275,0.965679226780248,"GO:0030335","positive regulation of cell migration"
151,0.0111891864292313,"Up",0.791201088646552,0.965679226780248,"GO:0002685","regulation of leukocyte migration"
21,-0.0118627485113978,"Up",0.791320602128368,0.965679226780248,"GO:0090140","regulation of mitochondrial fission"
21,-0.0283638297778416,"Down",0.791408758710659,0.965679226780248,"GO:0061099","negative regulation of protein tyrosine kinase activity"
28,0.0874221529858748,"Up",0.791574529196651,0.965679226780248,"GO:0001913","T cell mediated cytotoxicity"
125,0.0243301891749492,"Down",0.791626293397489,0.965679226780248,"GO:0002703","regulation of leukocyte mediated immunity"
41,-0.00390401909444976,"Down",0.791945959868354,0.965749392967566,"GO:0007338","single fertilization"
151,0.0125707580329262,"Down",0.792422600518701,0.965828837225506,"GO:0032868","response to insulin"
29,0.057528485001787,"Down",0.792535443792808,0.965828837225506,"GO:0097300","programmed necrotic cell death"
257,0.0177056181473516,"Down",0.793055718748302,0.966143276411622,"GO:0072594","establishment of protein localization to organelle"
17,0.176713562589703,"Up",0.793422773284918,0.966270908026988,"GO:0072210","metanephric nephron development"
19,0.00646091250546047,"Down",0.795900300682951,0.968347989714236,"GO:0050885","neuromuscular process controlling balance"
20,0.011436751914081,"Up",0.795970995626476,0.968347989714236,"GO:0033622","integrin activation"
68,0.0183994277655608,"Up",0.796244579259539,0.968347989714236,"GO:0022612","gland morphogenesis"
74,0.0126476320753317,"Down",0.796285987954501,0.968347989714236,"GO:0090087","regulation of peptide transport"
29,0.0376839884979174,"Down",0.796442564830113,0.968347989714236,"GO:0009880","embryonic pattern specification"
72,0.0140565237473778,"Down",0.79684115191409,0.968365009810623,"GO:0090276","regulation of peptide hormone secretion"
32,0.0274989536937056,"Down",0.797138510097632,0.968365009810623,"GO:0051149","positive regulation of muscle cell differentiation"
17,0.0199616371529196,"Down",0.797453701039104,0.968365009810623,"GO:0006862","nucleotide transport"
42,0.0238391683401205,"Down",0.797878305285602,0.968365009810623,"GO:0015718","monocarboxylic acid transport"
140,0.0194807069548495,"Down",0.798672365357202,0.968365009810623,"GO:0002573","myeloid leukocyte differentiation"
19,-0.0255115392865054,"Down",0.798765575156208,0.968365009810623,"GO:0031670","cellular response to nutrient"
63,0.0118407828446831,"Up",0.798805858490094,0.968365009810623,"GO:0006906","vesicle fusion"
63,0.0118407828446831,"Up",0.798805858490094,0.968365009810623,"GO:0090174","organelle membrane fusion"
29,0.0119811849126312,"Down",0.799541475816507,0.968365009810623,"GO:0097194","execution phase of apoptosis"
171,0.00471427480635071,"Down",0.799812266799255,0.968365009810623,"GO:0006887","exocytosis"
34,0.0329894344117406,"Down",0.800265713239336,0.968365009810623,"GO:0033059","cellular pigmentation"
115,0.0317411567088866,"Up",0.800299033666371,0.968365009810623,"GO:0046578","regulation of Ras protein signal transduction"
23,-0.0141385814835126,"Down",0.800623290725023,0.968365009810623,"GO:0001974","blood vessel remodeling"
23,0.0401383493285252,"Down",0.800697345686192,0.968365009810623,"GO:0022602","ovulation cycle process"
49,0.00658634341242634,"Up",0.80078995576626,0.968365009810623,"GO:0007605","sensory perception of sound"
16,0.0554308508760356,"Up",0.801203371206119,0.968365009810623,"GO:0072529","pyrimidine-containing compound catabolic process"
32,-0.00501558746804276,"Down",0.801466994121582,0.968365009810623,"GO:0090317","negative regulation of intracellular protein transport"
15,-0.0287054771738626,"Up",0.802168647820423,0.968365009810623,"GO:0015813","L-glutamate transmembrane transport"
15,-0.0287054771738626,"Up",0.802168647820423,0.968365009810623,"GO:0051938","L-glutamate import"
69,0.00555348945309316,"Up",0.802302384918781,0.968365009810623,"GO:0031929","TOR signaling"
102,0.000168869628736743,"Up",0.802342258976499,0.968365009810623,"GO:0071453","cellular response to oxygen levels"
18,0.00254366431752421,"Down",0.802433470648777,0.968365009810623,"GO:0036037","CD8-positive, alpha-beta T cell activation"
15,-0.0262253828813186,"Up",0.802616718534051,0.968365009810623,"GO:0021515","cell differentiation in spinal cord"
26,0.0131274937131235,"Down",0.802863926607949,0.968365009810623,"GO:0045687","positive regulation of glial cell differentiation"
38,0.0286717107018184,"Down",0.803027987234379,0.968365009810623,"GO:0048016","inositol phosphate-mediated signaling"
71,0.00996159994726382,"Down",0.803521011247719,0.968642475600981,"GO:0051208","sequestering of calcium ion"
19,0.0608868665648098,"Up",0.803932794211941,0.968821856027736,"GO:0051281","positive regulation of release of sequestered calcium ion into cytosol"
18,0.0917832022780452,"Up",0.804641694745966,0.96911263200975,"GO:0006270","DNA replication initiation"
21,0.0190040866374314,"Down",0.804937915263458,0.96911263200975,"GO:0045746","negative regulation of Notch signaling pathway"
16,-0.00787599706430093,"Up",0.804963261115591,0.96911263200975,"GO:0021988","olfactory lobe development"
15,-0.0125933425659717,"Down",0.806919402157611,0.970056392751211,"GO:0007063","regulation of sister chromatid cohesion"
55,0.00599012305335298,"Down",0.807188065888293,0.970056392751211,"GO:0071260","cellular response to mechanical stimulus"
30,0.0365499363460247,"Up",0.807972122720971,0.970056392751211,"GO:1905330","regulation of morphogenesis of an epithelium"
32,-0.000964106587947483,"Down",0.808179630034003,0.970056392751211,"GO:0043470","regulation of carbohydrate catabolic process"
44,0.0137131564413102,"Down",0.808267025542154,0.970056392751211,"GO:2000379","positive regulation of reactive oxygen species metabolic process"
36,0.0661826390921864,"Up",0.808732942369823,0.970056392751211,"GO:0035567","non-canonical Wnt signaling pathway"
19,0.0118787748836742,"Down",0.809192402751408,0.970056392751211,"GO:0032924","activin receptor signaling pathway"
63,0.00436322853118534,"Down",0.809254043146524,0.970056392751211,"GO:0090501","RNA phosphodiester bond hydrolysis"
18,-0.00577497502151531,"Down",0.809391770416294,0.970056392751211,"GO:0046621","negative regulation of organ growth"
91,0.00708522585890365,"Down",0.809614989365328,0.970056392751211,"GO:2000377","regulation of reactive oxygen species metabolic process"
64,0.0110121980247067,"Up",0.809629190479309,0.970056392751211,"GO:0060048","cardiac muscle contraction"
131,0.027950839855381,"Down",0.809942485301316,0.970056392751211,"GO:0045444","fat cell differentiation"
32,0.018391649498033,"Up",0.809991235672352,0.970056392751211,"GO:0045646","regulation of erythrocyte differentiation"
279,0.0144774614619181,"Up",0.809991460400806,0.970056392751211,"GO:0016032","viral process"
63,0.0446678639141795,"Down",0.810328015790571,0.970056392751211,"GO:0002062","chondrocyte differentiation"
48,0.0277682418309438,"Up",0.810349048262848,0.970056392751211,"GO:0034121","regulation of toll-like receptor signaling pathway"
55,0.00291534300004094,"Up",0.810539501577298,0.970056392751211,"GO:0002275","myeloid cell activation involved in immune response"
35,0.00373806379311502,"Down",0.811030912641931,0.970056392751211,"GO:1902475","L-alpha-amino acid transmembrane transport"
20,0.0152538376105407,"Down",0.8111172402043,0.970056392751211,"GO:0010824","regulation of centrosome duplication"
194,0.0126792810616908,"Down",0.811171983835481,0.970056392751211,"GO:0010959","regulation of metal ion transport"
376,0.0170939321007843,"Down",0.811721946399311,0.970056392751211,"GO:0050877","nervous system process"
57,0.00488562803958362,"Up",0.811866652185565,0.970056392751211,"GO:0048678","response to axon injury"
277,0.00370115236716829,"Up",0.812319379568156,0.970056392751211,"GO:0022411","cellular component disassembly"
24,-0.00324710007892011,"Up",0.812472018198569,0.970056392751211,"GO:0008608","attachment of spindle microtubules to kinetochore"
74,0.010316189510149,"Down",0.812652897163804,0.970056392751211,"GO:0008584","male gonad development"
25,0.0146465270948606,"Up",0.812904042133885,0.970056392751211,"GO:1902116","negative regulation of organelle assembly"
41,0.0106478708015611,"Down",0.813160324670961,0.970056392751211,"GO:0006112","energy reserve metabolic process"
26,0.0160846147065878,"Up",0.813597700909499,0.970056392751211,"GO:0010518","positive regulation of phospholipase activity"
24,0.0204802562471548,"Down",0.813600930683044,0.970056392751211,"GO:0031112","positive regulation of microtubule polymerization or depolymerization"
186,0.0170348328119389,"Up",0.813675252095757,0.970056392751211,"GO:0050727","regulation of inflammatory response"
112,0.00285594075176815,"Up",0.813909964710639,0.970056392751211,"GO:0030705","cytoskeleton-dependent intracellular transport"
166,0.0240182667185329,"Down",0.814581727713313,0.970346666720861,"GO:0072001","renal system development"
15,0.0384195989503867,"Up",0.814774164032648,0.970346666720861,"GO:0051180","vitamin transport"
149,0.0429092993902618,"Down",0.814943698923546,0.970346666720861,"GO:0090092","regulation of transmembrane receptor protein serine/threonine kinase signaling pathway"
15,-0.0594600332894096,"Up",0.815607393680556,0.970652406582427,"GO:0046039","GTP metabolic process"
19,0.055420127492369,"Down",0.815727429636046,0.970652406582427,"GO:0002828","regulation of type 2 immune response"
203,0.0186946614260688,"Down",0.816845855098319,0.971669399477625,"GO:0002697","regulation of immune effector process"
55,0.0281860863026692,"Up",0.817655333193381,0.971954027756107,"GO:0046660","female sex differentiation"
78,0.0351868770516293,"Down",0.817844718556866,0.971954027756107,"GO:0048469","cell maturation"
61,0.0121174921728663,"Up",0.818116226207498,0.971954027756107,"GO:0007224","smoothened signaling pathway"
29,0.0673586559630296,"Down",0.818140456045518,0.971954027756107,"GO:0071806","protein transmembrane transport"
48,0.0114874577418743,"Up",0.818710331549479,0.972026599255525,"GO:0006638","neutral lipid metabolic process"
47,0.0468848044218652,"Down",0.818729244704098,0.972026599255525,"GO:0070098","chemokine-mediated signaling pathway"
51,0.0242429946511107,"Down",0.819309535216766,0.972031557290284,"GO:0061912","selective autophagy"
17,0.0548117344965478,"Up",0.819807427825156,0.972031557290284,"GO:0003171","atrioventricular valve development"
17,0.0548117344965478,"Up",0.819807427825156,0.972031557290284,"GO:0003181","atrioventricular valve morphogenesis"
31,0.0377517309508481,"Down",0.819948010213493,0.972031557290284,"GO:0051145","smooth muscle cell differentiation"
18,0.000309674360961409,"Down",0.820098355542501,0.972031557290284,"GO:1901385","regulation of voltage-gated calcium channel activity"
28,0.0474200381841888,"Up",0.820316534097582,0.972031557290284,"GO:0090175","regulation of establishment of planar polarity"
59,0.00162553690330622,"Up",0.820991119479434,0.972518097801362,"GO:0043473","pigmentation"
17,-0.00926041340900167,"Up",0.821370853650867,0.972655167100544,"GO:0007157","heterophilic cell-cell adhesion via plasma membrane cell adhesion molecules"
27,-0.0113075607474968,"Down",0.822211645056985,0.973233562757325,"GO:0030850","prostate gland development"
37,0.0101784962064391,"Down",0.82238764409977,0.973233562757325,"GO:0008589","regulation of smoothened signaling pathway"
24,-0.0203602914943456,"Down",0.822710934998168,0.973303495354288,"GO:1904894","positive regulation of receptor signaling pathway via STAT"
95,0.0292848448303921,"Down",0.82424595273886,0.974806449402877,"GO:0070665","positive regulation of leukocyte proliferation"
46,0.00132207477099662,"Down",0.825124649603423,0.974831998864319,"GO:0050000","chromosome localization"
101,0.00680451278832298,"Down",0.825280803535198,0.974831998864319,"GO:0098656","anion transmembrane transport"
58,0.0109735769356135,"Up",0.825409015491126,0.974831998864319,"GO:0050954","sensory perception of mechanical stimulus"
93,-0.0017298148182412,"Up",0.825411843903877,0.974831998864319,"GO:0051302","regulation of cell division"
33,0.00662916084480401,"Down",0.825821519444712,0.974831998864319,"GO:0051926","negative regulation of calcium ion transport"
75,0.0133862387114387,"Down",0.825855230308235,0.974831998864319,"GO:0006836","neurotransmitter transport"
114,0.00964224603918181,"Down",0.826319654279402,0.975067779104842,"GO:0050708","regulation of protein secretion"
45,-0.0183587857092989,"Down",0.826858587037412,0.975391301519636,"GO:0032272","negative regulation of protein polymerization"
24,0.0128317285267109,"Down",0.827874437545918,0.976277025582318,"GO:0030201","heparan sulfate proteoglycan metabolic process"
52,0.00983000397188953,"Down",0.828785483221012,0.976394150623524,"GO:0032526","response to retinoic acid"
56,0.0189754758308267,"Down",0.829095339079336,0.976394150623524,"GO:0002444","myeloid leukocyte mediated immunity"
27,0.0612032024870111,"Down",0.829096864641205,0.976394150623524,"GO:1904888","cranial skeletal system development"
26,0.00252224943658616,"Down",0.829182185788506,0.976394150623524,"GO:0007528","neuromuscular junction development"
173,0.0168436740648394,"Down",0.82943871240912,0.976394150623524,"GO:0036293","response to decreased oxygen levels"
86,0.00618003188160725,"Down",0.830324487617793,0.976394150623524,"GO:0097553","calcium ion transmembrane import into cytosol"
87,0.0154086406308803,"Down",0.831357875867782,0.976394150623524,"GO:0006814","sodium ion transport"
83,0.0180820943652545,"Down",0.831756388074793,0.976394150623524,"GO:0046661","male sex differentiation"
15,0.0766175281169022,"Down",0.832185259538401,0.976394150623524,"GO:0097484","dendrite extension"
19,0.0404790904055266,"Up",0.833184748795819,0.976394150623524,"GO:0072528","pyrimidine-containing compound biosynthetic process"
215,0.0261291381578321,"Up",0.833619648209607,0.976394150623524,"GO:0062197","cellular response to chemical stress"
173,0.0366496502018857,"Down",0.833939666309508,0.976394150623524,"GO:0071560","cellular response to transforming growth factor beta stimulus"
17,-0.00210076513413895,"Down",0.834194781893802,0.976394150623524,"GO:0090169","regulation of spindle assembly"
407,0.0148464130196531,"Down",0.83433705612369,0.976394150623524,"GO:0045087","innate immune response"
63,0.0158236315949534,"Up",0.834512461633582,0.976394150623524,"GO:0035637","multicellular organismal signaling"
32,0.0416767415796145,"Down",0.834632359821841,0.976394150623524,"GO:0061005","cell differentiation involved in kidney development"
125,0.0044163315151522,"Down",0.834669714159915,0.976394150623524,"GO:0032271","regulation of protein polymerization"
60,0.0411140302880184,"Down",0.834855546404274,0.976394150623524,"GO:0060840","artery development"
24,-0.0224431521315621,"Down",0.835603455677986,0.976394150623524,"GO:0046825","regulation of protein export from nucleus"
107,0.0269439775659005,"Down",0.836001469365399,0.976394150623524,"GO:0008406","gonad development"
25,0.0246718811245777,"Up",0.836184790012844,0.976394150623524,"GO:0060042","retina morphogenesis in camera-type eye"
41,-0.00374552195000124,"Up",0.836241264082565,0.976394150623524,"GO:0002637","regulation of immunoglobulin production"
103,0.00848413414555812,"Down",0.836307297534986,0.976394150623524,"GO:0010634","positive regulation of epithelial cell migration"
149,0.00103378007583905,"Up",0.836471978229774,0.976394150623524,"GO:0062012","regulation of small molecule metabolic process"
126,0.016579238678747,"Up",0.836638489899066,0.976394150623524,"GO:1903532","positive regulation of secretion by cell"
239,0.0100302361461433,"Down",0.8367130006541,0.976394150623524,"GO:0032970","regulation of actin filament-based process"
32,0.0277011645816787,"Down",0.836855216316287,0.976394150623524,"GO:0060078","regulation of postsynaptic membrane potential"
29,-0.00330338648419707,"Down",0.83707320300231,0.976394150623524,"GO:0050873","brown fat cell differentiation"
86,0.0220995635162438,"Down",0.837110033481202,0.976394150623524,"GO:0030307","positive regulation of cell growth"
16,0.05583646442744,"Up",0.837443675540865,0.976394150623524,"GO:0032288","myelin assembly"
51,0.00652479498053939,"Up",0.837786814435762,0.976394150623524,"GO:0033865","nucleoside bisphosphate metabolic process"
51,0.00652479498053939,"Up",0.837786814435762,0.976394150623524,"GO:0033875","ribonucleoside bisphosphate metabolic process"
51,0.00652479498053939,"Up",0.837786814435762,0.976394150623524,"GO:0034032","purine nucleoside bisphosphate metabolic process"
42,0.0177873719116959,"Down",0.838242701988524,0.976394150623524,"GO:0032729","positive regulation of interferon-gamma production"
16,0.0546688186590089,"Up",0.838573291149571,0.976394150623524,"GO:0072576","liver morphogenesis"
83,0.0245665258330107,"Down",0.839925704488055,0.976394150623524,"GO:0032946","positive regulation of mononuclear cell proliferation"
123,0.0186942354281081,"Down",0.840029747909075,0.976394150623524,"GO:0032412","regulation of ion transmembrane transporter activity"
128,0.0132201162784729,"Down",0.840479328252631,0.976394150623524,"GO:0022898","regulation of transmembrane transporter activity"
38,0.0110061871300307,"Up",0.840664440859138,0.976394150623524,"GO:0050830","defense response to Gram-positive bacterium"
59,0.0450482120664404,"Up",0.840735211314923,0.976394150623524,"GO:0021782","glial cell development"
162,0.00367904952166079,"Up",0.841315367301706,0.976394150623524,"GO:0071692","protein localization to extracellular region"
30,-0.0264439342698784,"Down",0.84135939137391,0.976394150623524,"GO:0120163","negative regulation of cold-induced thermogenesis"
31,0.0378460361095175,"Down",0.842444881285461,0.976394150623524,"GO:0033173","calcineurin-NFAT signaling cascade"
31,0.0378460361095175,"Down",0.842444881285461,0.976394150623524,"GO:0097720","calcineurin-mediated signaling"
62,0.00922894537614598,"Down",0.84258222755656,0.976394150623524,"GO:1903825","organic acid transmembrane transport"
62,0.00922894537614598,"Down",0.84258222755656,0.976394150623524,"GO:1905039","carboxylic acid transmembrane transport"
16,0.00867055774712608,"Down",0.843070307620153,0.976394150623524,"GO:0016266","O-glycan processing"
93,0.00560306505825738,"Up",0.843663424700912,0.976394150623524,"GO:0006486","protein glycosylation"
93,0.00560306505825738,"Up",0.843663424700912,0.976394150623524,"GO:0043413","macromolecule glycosylation"
133,0.00803050232759198,"Up",0.843671810281484,0.976394150623524,"GO:0000302","response to reactive oxygen species"
47,0.036842112242697,"Up",0.843899116057886,0.976394150623524,"GO:0030032","lamellipodium assembly"
33,0.0337775647810708,"Up",0.84438567763668,0.976394150623524,"GO:0001961","positive regulation of cytokine-mediated signaling pathway"
15,-0.0183765450313718,"Up",0.844455994480607,0.976394150623524,"GO:0090141","positive regulation of mitochondrial fission"
59,0.019210598160511,"Down",0.844619988644603,0.976394150623524,"GO:0036473","cell death in response to oxidative stress"
60,0.00994311735480235,"Up",0.844980025963669,0.976394150623524,"GO:0015698","inorganic anion transport"
71,0.0117136343201069,"Up",0.845000802459622,0.976394150623524,"GO:0006022","aminoglycan metabolic process"
35,-0.0111577082642049,"Down",0.845142581984817,0.976394150623524,"GO:0048260","positive regulation of receptor-mediated endocytosis"
370,0.00844692696580844,"Up",0.845167652304069,0.976394150623524,"GO:0051668","localization within membrane"
39,0.0340418121702528,"Up",0.845920583580168,0.976394150623524,"GO:0045600","positive regulation of fat cell differentiation"
70,0.0171010353574871,"Down",0.846116594856301,0.976394150623524,"GO:0002377","immunoglobulin production"
110,0.014699048824306,"Down",0.846208100402441,0.976394150623524,"GO:0019318","hexose metabolic process"
77,0.00656598393069837,"Up",0.846484604805296,0.976394150623524,"GO:1901800","positive regulation of proteasomal protein catabolic process"
133,0.0289998485314102,"Up",0.846953408378333,0.976394150623524,"GO:0071219","cellular response to molecule of bacterial origin"
59,0.00898412197721502,"Down",0.847050196816256,0.976394150623524,"GO:0051702","biological process involved in interaction with symbiont"
109,0.0283935809132598,"Down",0.847120621546957,0.976394150623524,"GO:0045137","development of primary sexual characteristics"
46,0.0451393071013889,"Down",0.847650821728703,0.976394150623524,"GO:0045833","negative regulation of lipid metabolic process"
20,-0.0174249085765113,"Up",0.848406871104627,0.976394150623524,"GO:0031664","regulation of lipopolysaccharide-mediated signaling pathway"
32,0.0499244310005103,"Up",0.848594342280572,0.976394150623524,"GO:0051952","regulation of amine transport"
17,0.0397950726707068,"Up",0.848819425338717,0.976394150623524,"GO:0019432","triglyceride biosynthetic process"
24,0.0128428938945345,"Down",0.848912420154754,0.976394150623524,"GO:1902235","regulation of endoplasmic reticulum stress-induced intrinsic apoptotic signaling pathway"
28,0.0946844054618242,"Down",0.849323313784846,0.976394150623524,"GO:0045429","positive regulation of nitric oxide biosynthetic process"
28,0.0946844054618242,"Down",0.849323313784846,0.976394150623524,"GO:1904407","positive regulation of nitric oxide metabolic process"
27,0.0479499223729253,"Up",0.850242399368686,0.976394150623524,"GO:0071604","transforming growth factor beta production"
58,0.0314019855609963,"Up",0.85031180302126,0.976394150623524,"GO:0003231","cardiac ventricle development"
23,0.0387294307990548,"Up",0.850323659165571,0.976394150623524,"GO:1903203","regulation of oxidative stress-induced neuron death"
19,0.0669115065779787,"Up",0.850393038258638,0.976394150623524,"GO:0010463","mesenchymal cell proliferation"
17,0.0140062853625584,"Down",0.851202839060252,0.976394150623524,"GO:0006516","glycoprotein catabolic process"
76,0.0323187415062014,"Up",0.851399545351838,0.976394150623524,"GO:0051897","positive regulation of protein kinase B signaling"
269,0.00807002233576053,"Up",0.851915517323443,0.976394150623524,"GO:0051046","regulation of secretion"
35,0.00574012206989333,"Down",0.85201028416829,0.976394150623524,"GO:0001578","microtubule bundle formation"
69,0.0230987679223553,"Down",0.852091150267788,0.976394150623524,"GO:0031623","receptor internalization"
141,0.0103607283079487,"Down",0.852095816399465,0.976394150623524,"GO:2001234","negative regulation of apoptotic signaling pathway"
19,0.00872296268250763,"Down",0.852214097714946,0.976394150623524,"GO:0055069","zinc ion homeostasis"
59,-0.00444771961895148,"Up",0.852495289071778,0.976394150623524,"GO:1903305","regulation of regulated secretory pathway"
347,0.0100543277850329,"Up",0.852638402617179,0.976394150623524,"GO:0030001","metal ion transport"
22,-0.0229263282722142,"Up",0.852642527791874,0.976394150623524,"GO:0019748","secondary metabolic process"
24,0.00968853681480209,"Down",0.853037343942605,0.976394150623524,"GO:0090022","regulation of neutrophil chemotaxis"
412,0.0168604345995861,"Up",0.853227183635826,0.976394150623524,"GO:0006954","inflammatory response"
34,0.00227561300263984,"Down",0.853676726938593,0.976394150623524,"GO:0002712","regulation of B cell mediated immunity"
34,0.00227561300263984,"Down",0.853676726938593,0.976394150623524,"GO:0002889","regulation of immunoglobulin mediated immune response"
119,0.0232391436745911,"Up",0.853860572216127,0.976394150623524,"GO:0009612","response to mechanical stimulus"
149,0.0123160920370485,"Down",0.853998882640768,0.976394150623524,"GO:0031668","cellular response to extracellular stimulus"
72,0.00592599429281119,"Down",0.854259023682844,0.976394150623524,"GO:0006694","steroid biosynthetic process"
27,-0.00628179808332074,"Down",0.8546231685187,0.976394150623524,"GO:0060425","lung morphogenesis"
36,0.036198697124033,"Up",0.855429053148001,0.976394150623524,"GO:0070542","response to fatty acid"
17,0.100928242363353,"Down",0.855530051254057,0.976394150623524,"GO:0090312","positive regulation of protein deacetylation"
68,0.0262332408971282,"Down",0.855681654705174,0.976394150623524,"GO:0021953","central nervous system neuron differentiation"
37,0.059744054966537,"Down",0.85593528540343,0.976394150623524,"GO:0045071","negative regulation of viral genome replication"
30,0.017597062157448,"Down",0.855936318048126,0.976394150623524,"GO:0051785","positive regulation of nuclear division"
80,0.0106888719214227,"Down",0.85606297323234,0.976394150623524,"GO:0050680","negative regulation of epithelial cell proliferation"
39,-0.00184185027729755,"Down",0.856071322670313,0.976394150623524,"GO:0055117","regulation of cardiac muscle contraction"
26,0.0688567739374371,"Up",0.856510808783102,0.976394150623524,"GO:0071634","regulation of transforming growth factor beta production"
17,-0.0050095621718777,"Down",0.856780181219825,0.976394150623524,"GO:0022616","DNA strand elongation"
36,0.0243392518561951,"Down",0.857098372328962,0.976394150623524,"GO:0098659","inorganic cation import across plasma membrane"
36,0.0243392518561951,"Down",0.857098372328962,0.976394150623524,"GO:0099587","inorganic ion import across plasma membrane"
73,0.0459441514423529,"Up",0.857227636265666,0.976394150623524,"GO:0002761","regulation of myeloid leukocyte differentiation"
16,0.0178918804960572,"Down",0.857569684297449,0.976394150623524,"GO:0045910","negative regulation of DNA recombination"
43,0.0333007141149412,"Down",0.857711574838259,0.976394150623524,"GO:0046425","regulation of receptor signaling pathway via JAK-STAT"
15,-0.0196625559021129,"Up",0.85795633046528,0.976394150623524,"GO:0010882","regulation of cardiac muscle contraction by calcium ion signaling"
17,0.0123332404844203,"Up",0.858246834943361,0.976394150623524,"GO:0048512","circadian behavior"
20,-0.00452038434487775,"Down",0.858269716809502,0.976394150623524,"GO:0050654","chondroitin sulfate proteoglycan metabolic process"
30,0.00211810178421834,"Down",0.858374112011714,0.976394150623524,"GO:0003208","cardiac ventricle morphogenesis"
36,0.0433423570120219,"Up",0.85895252556249,0.976394150623524,"GO:0006890","retrograde vesicle-mediated transport, Golgi to endoplasmic reticulum"
20,-0.0454164029554486,"Down",0.859020751867086,0.976394150623524,"GO:0032467","positive regulation of cytokinesis"
314,0.0175973971378236,"Up",0.859282731785475,0.976394150623524,"GO:0007264","small GTPase mediated signal transduction"
30,0.0138065576802221,"Up",0.859588930295608,0.976394150623524,"GO:0034198","cellular response to amino acid starvation"
33,0.00553335439160328,"Up",0.859989261406938,0.976394150623524,"GO:0010517","regulation of phospholipase activity"
19,0.055335166126425,"Up",0.860830718134491,0.976394150623524,"GO:0042220","response to cocaine"
44,0.0172637111869389,"Down",0.861085915351113,0.976394150623524,"GO:1901379","regulation of potassium ion transmembrane transport"
76,0.0194001537381273,"Down",0.861145165595938,0.976394150623524,"GO:0031023","microtubule organizing center organization"
24,-0.0112425561461808,"Down",0.861185254811868,0.976394150623524,"GO:0090224","regulation of spindle organization"
87,0.0180974147033761,"Down",0.861426433094558,0.976394150623524,"GO:0010508","positive regulation of autophagy"
194,0.00802074829512104,"Up",0.861954826348488,0.976394150623524,"GO:0010817","regulation of hormone levels"
22,-0.000215847483532216,"Up",0.861990283891231,0.976394150623524,"GO:0001893","maternal placenta development"
88,8.23270629644863e-05,"Up",0.862374673596483,0.976394150623524,"GO:0021915","neural tube development"
73,0.0130427106164413,"Down",0.86288326222732,0.976394150623524,"GO:0002791","regulation of peptide secretion"
102,0.0175279913701434,"Up",0.86381467398494,0.976394150623524,"GO:0030323","respiratory tube development"
33,0.03249064176382,"Up",0.864130968330578,0.976394150623524,"GO:1903747","regulation of establishment of protein localization to mitochondrion"
48,0.00104222362483493,"Down",0.864405002682575,0.976394150623524,"GO:0007286","spermatid development"
15,-0.0405213002690006,"Up",0.864417239905265,0.976394150623524,"GO:0008299","isoprenoid biosynthetic process"
16,0.0399930399586345,"Up",0.86453421249134,0.976394150623524,"GO:0045649","regulation of macrophage differentiation"
44,0.0607599739449176,"Down",0.865119333417559,0.976394150623524,"GO:0044070","regulation of anion transport"
20,-0.00878592548441308,"Up",0.865352816595575,0.976394150623524,"GO:0010863","positive regulation of phospholipase C activity"
18,0.00896601796324581,"Up",0.865601290528437,0.976394150623524,"GO:0086004","regulation of cardiac muscle cell contraction"
81,0.0102650242116961,"Up",0.865719844793383,0.976394150623524,"GO:0001505","regulation of neurotransmitter levels"
19,0.0783223952739262,"Down",0.865750169182465,0.976394150623524,"GO:0032620","interleukin-17 production"
19,0.0783223952739262,"Down",0.865750169182465,0.976394150623524,"GO:0032660","regulation of interleukin-17 production"
23,0.0389481270767275,"Down",0.865893618371227,0.976394150623524,"GO:0032892","positive regulation of organic acid transport"
17,0.0441448104756663,"Up",0.866396698051814,0.976394150623524,"GO:0002092","positive regulation of receptor internalization"
41,-0.00678182481587589,"Up",0.866657955463165,0.976394150623524,"GO:0140029","exocytic process"
22,0.0136705603293105,"Down",0.867161377854025,0.976394150623524,"GO:0038179","neurotrophin signaling pathway"
37,2.13414071764056e-06,"Down",0.867503296188676,0.976394150623524,"GO:0048146","positive regulation of fibroblast proliferation"
15,-0.0131399930793932,"Up",0.867748510282962,0.976394150623524,"GO:0032816","positive regulation of natural killer cell activation"
29,0.0201880820666909,"Down",0.867779785750054,0.976394150623524,"GO:0060079","excitatory postsynaptic potential"
193,0.010856852707329,"Down",0.867813424880404,0.976394150623524,"GO:0070482","response to oxygen levels"
187,0.00986560214320856,"Down",0.867923085893721,0.976394150623524,"GO:0051346","negative regulation of hydrolase activity"
98,0.0159258263765453,"Down",0.867926029446436,0.976394150623524,"GO:0090316","positive regulation of intracellular protein transport"
43,0.0715965626208456,"Down",0.868246802868726,0.976394150623524,"GO:0010657","muscle cell apoptotic process"
15,0.0209664915971506,"Up",0.868459016261541,0.976394150623524,"GO:0098703","calcium ion import across plasma membrane"
137,0.045957225044848,"Up",0.868568810103902,0.976394150623524,"GO:0007179","transforming growth factor beta receptor signaling pathway"
57,-0.00194248478081608,"Down",0.868942159018522,0.976394150623524,"GO:0032963","collagen metabolic process"
16,0.0708248103993666,"Down",0.869000408680977,0.976394150623524,"GO:0071280","cellular response to copper ion"
39,-0.0104220214852215,"Down",0.869425418907917,0.976394150623524,"GO:0042475","odontogenesis of dentin-containing tooth"
21,0.0999641435110487,"Up",0.869541017913642,0.976394150623524,"GO:0030511","positive regulation of transforming growth factor beta receptor signaling pathway"
21,0.0999641435110487,"Up",0.869541017913642,0.976394150623524,"GO:1903846","positive regulation of cellular response to transforming growth factor beta stimulus"
424,0.00661027491546456,"Down",0.869933906701393,0.976394150623524,"GO:0046903","secretion"
56,0.00707573797870832,"Down",0.870007907443502,0.976394150623524,"GO:0032092","positive regulation of protein binding"
161,0.0149019643986633,"Up",0.870271737353886,0.976394150623524,"GO:0034976","response to endoplasmic reticulum stress"
188,0.0306181936438953,"Up",0.870382167396469,0.976394150623524,"GO:0051056","regulation of small GTPase mediated signal transduction"
16,0.0257834800424569,"Up",0.870620035421105,0.976394150623524,"GO:0045589","regulation of regulatory T cell differentiation"
47,0.0140368303859301,"Up",0.870644621280748,0.976394150623524,"GO:0010822","positive regulation of mitochondrion organization"
23,0.0278634275900555,"Up",0.871184715323115,0.976702523204612,"GO:0019082","viral protein processing"
19,-0.0125435170751435,"Down",0.872110589407164,0.977007315377036,"GO:0031076","embryonic camera-type eye development"
21,0.118251860395154,"Up",0.872546429381831,0.977007315377036,"GO:0071354","cellular response to interleukin-6"
24,0.0594413196605887,"Down",0.872643350834919,0.977007315377036,"GO:0030490","maturation of SSU-rRNA"
106,0.021003751391879,"Down",0.872762839814571,0.977007315377036,"GO:0002262","myeloid cell homeostasis"
466,0.00559170209393371,"Down",0.872782593622645,0.977007315377036,"GO:0032880","regulation of protein localization"
215,0.027710163468199,"Down",0.874673483065806,0.978826583114954,"GO:0043087","regulation of GTPase activity"
56,0.0032228651247527,"Up",0.875321184186891,0.978967702693616,"GO:0019751","polyol metabolic process"
20,0.0876695510117965,"Up",0.875331056642989,0.978967702693616,"GO:2000050","regulation of non-canonical Wnt signaling pathway"
107,0.00419403003323761,"Up",0.875663511073044,0.97904229887499,"GO:0045055","regulated exocytosis"
26,0.0248040601587751,"Up",0.8765982442595,0.979583930407243,"GO:0009154","purine ribonucleotide catabolic process"
18,0.0591733077331747,"Down",0.876679755307459,0.979583930407243,"GO:0071353","cellular response to interleukin-4"
16,0.163111053042622,"Up",0.877134635467148,0.979778183861256,"GO:1902042","negative regulation of extrinsic apoptotic signaling pathway via death domain receptors"
284,0.0172768798790571,"Down",0.877465531718612,0.979778183861256,"GO:0043161","proteasome-mediated ubiquitin-dependent protein catabolic process"
40,0.0683014410790719,"Down",0.877651467628161,0.979778183861256,"GO:0010660","regulation of muscle cell apoptotic process"
92,-0.00338952384045799,"Up",0.878477251249866,0.980157544162941,"GO:0090305","nucleic acid phosphodiester bond hydrolysis"
65,0.0186343401045535,"Up",0.878523401418575,0.980157544162941,"GO:0008277","regulation of G protein-coupled receptor signaling pathway"
47,0.0143338718679975,"Up",0.879059809710701,0.980459079314024,"GO:0006639","acylglycerol metabolic process"
17,-0.0270507698096744,"Up",0.879419373706941,0.980563248406891,"GO:0090382","phagosome maturation"
32,-0.0065204589968121,"Down",0.880646778233142,0.981228902782169,"GO:0048488","synaptic vesicle endocytosis"
32,-0.0065204589968121,"Down",0.880646778233142,0.981228902782169,"GO:0140238","presynaptic endocytosis"
112,0.0104573172272184,"Down",0.880856306615405,0.981228902782169,"GO:0051648","vesicle localization"
27,-0.00732344211485944,"Up",0.8810817617816,0.981228902782169,"GO:0071300","cellular response to retinoic acid"
21,-0.00591222645134422,"Down",0.881991106225245,0.981944767402176,"GO:0060428","lung epithelium development"
477,0.0110937726022882,"Down",0.882530174896179,0.982248085896533,"GO:0051603","proteolysis involved in protein catabolic process"
50,0.0236775406269962,"Up",0.882846040232555,0.982267808020161,"GO:0050848","regulation of calcium-mediated signaling"
218,0.019545276527839,"Up",0.883183866028141,0.982267808020161,"GO:0007265","Ras protein signal transduction"
274,0.0169727586532644,"Down",0.883788380301384,0.982267808020161,"GO:0043410","positive regulation of MAPK cascade"
16,0.00834737946364491,"Up",0.883821218757349,0.982267808020161,"GO:0043094","cellular metabolic compound salvage"
18,0.0531830751050959,"Down",0.884092468997626,0.982267808020161,"GO:0035455","response to interferon-alpha"
24,0.0525576366207488,"Down",0.884367295357328,0.982267808020161,"GO:0038084","vascular endothelial growth factor signaling pathway"
81,0.0663122343269773,"Up",0.88467947868889,0.982267808020161,"GO:0070555","response to interleukin-1"
17,0.019808498359605,"Down",0.885814359876036,0.982267808020161,"GO:0045066","regulatory T cell differentiation"
18,0.0236797837809322,"Up",0.885902134325459,0.982267808020161,"GO:0051155","positive regulation of striated muscle cell differentiation"
158,0.00459756454037972,"Up",0.88592227614459,0.982267808020161,"GO:0009306","protein secretion"
158,0.00459756454037972,"Up",0.88592227614459,0.982267808020161,"GO:0035592","establishment of protein localization to extracellular region"
69,0.0427942569759125,"Up",0.88605883332027,0.982267808020161,"GO:0036503","ERAD pathway"
29,-0.00586668792423573,"Down",0.886211010856397,0.982267808020161,"GO:0006414","translational elongation"
65,-0.00257105873503909,"Up",0.886434150908791,0.982267808020161,"GO:0062013","positive regulation of small molecule metabolic process"
26,0.0398300214697076,"Up",0.886723386219482,0.982267808020161,"GO:0035773","insulin secretion involved in cellular response to glucose stimulus"
41,-0.00612142575661233,"Up",0.887305932622777,0.982267808020161,"GO:0008344","adult locomotory behavior"
59,0.0230366897369213,"Down",0.887430201040284,0.982267808020161,"GO:0032609","interferon-gamma production"
59,0.0230366897369213,"Down",0.887430201040284,0.982267808020161,"GO:0032649","regulation of interferon-gamma production"
62,0.106346833935475,"Up",0.887613879722887,0.982267808020161,"GO:0071347","cellular response to interleukin-1"
21,0.0220929256725724,"Up",0.887957267412987,0.982352724669503,"GO:0070050","neuron cellular homeostasis"
29,0.0310867570134648,"Down",0.888621588203834,0.982598703269736,"GO:0030520","intracellular estrogen receptor signaling pathway"
47,0.0329450647390078,"Down",0.88871628528425,0.982598703269736,"GO:0060761","negative regulation of response to cytokine stimulus"
18,0.0462483312793303,"Up",0.889208512021806,0.982598703269736,"GO:0070633","transepithelial transport"
68,0.086846439482781,"Down",0.889292048055053,0.982598703269736,"GO:0019882","antigen processing and presentation"
123,0.00558351901587059,"Down",0.889513212650535,0.982598703269736,"GO:0032872","regulation of stress-activated MAPK cascade"
16,0.0149527314179514,"Up",0.889913282470413,0.982621681382857,"GO:0032770","positive regulation of monooxygenase activity"
24,-0.0168080072692275,"Down",0.890087440881001,0.982621681382857,"GO:0051693","actin filament capping"
15,0.0805544781453518,"Up",0.890334194477735,0.982621681382857,"GO:1905332","positive regulation of morphogenesis of an epithelium"
69,0.0336254857465892,"Up",0.89082982933143,0.982874241167112,"GO:0062207","regulation of pattern recognition receptor signaling pathway"
190,0.041846839123288,"Up",0.892910867270855,0.98423924682582,"GO:0002237","response to molecule of bacterial origin"
18,0.0398441711054219,"Down",0.892912596362798,0.98423924682582,"GO:0048009","insulin-like growth factor receptor signaling pathway"
53,0.06604590464491,"Up",0.893049949876189,0.98423924682582,"GO:0030433","ubiquitin-dependent ERAD pathway"
88,0.00386057992459717,"Up",0.893257997669151,0.98423924682582,"GO:1903052","positive regulation of proteolysis involved in protein catabolic process"
27,-0.00624748363268256,"Down",0.893402834252319,0.98423924682582,"GO:2000772","regulation of cellular senescence"
35,0.0212974533725626,"Up",0.893824265920716,0.984409146682187,"GO:0071622","regulation of granulocyte chemotaxis"
19,0.0286108432357898,"Down",0.894376761608543,0.984723248585138,"GO:1901623","regulation of lymphocyte chemotaxis"
206,0.0446565078101593,"Down",0.894861708702017,0.984799443512513,"GO:0007178","transmembrane receptor protein serine/threonine kinase signaling pathway"
26,0.0381757383004505,"Down",0.895599786936095,0.984799443512513,"GO:0019229","regulation of vasoconstriction"
19,0.0181848111163463,"Down",0.895758895700375,0.984799443512513,"GO:0033687","osteoblast proliferation"
36,0.00225982995372251,"Down",0.895829973580767,0.984799443512513,"GO:0050709","negative regulation of protein secretion"
326,0.017548515400061,"Down",0.895842872296238,0.984799443512513,"GO:0031347","regulation of defense response"
78,0.0228975979281598,"Down",0.896075943480138,0.984799443512513,"GO:0061008","hepaticobiliary system development"
15,0.088737999909529,"Up",0.896638616830447,0.984799443512513,"GO:0070102","interleukin-6-mediated signaling pathway"
32,0.00713730182288135,"Down",0.897128356117343,0.984799443512513,"GO:0046470","phosphatidylcholine metabolic process"
67,0.0245164807100005,"Down",0.897397676774984,0.984799443512513,"GO:0060041","retina development in camera-type eye"
19,0.02669438643193,"Up",0.897506389800032,0.984799443512513,"GO:0005978","glycogen biosynthetic process"
19,0.02669438643193,"Up",0.897506389800032,0.984799443512513,"GO:0009250","glucan biosynthetic process"
97,0.0260636736922447,"Up",0.897921099554433,0.984799443512513,"GO:0045766","positive regulation of angiogenesis"
97,0.0260636736922447,"Up",0.897921099554433,0.984799443512513,"GO:1904018","positive regulation of vasculature development"
34,0.00945478100473264,"Up",0.898839605100304,0.984869937914678,"GO:0015800","acidic amino acid transport"
57,0.0414915182577176,"Up",0.899055777651299,0.984869937914678,"GO:0016525","negative regulation of angiogenesis"
57,0.0414915182577176,"Up",0.899055777651299,0.984869937914678,"GO:2000181","negative regulation of blood vessel morphogenesis"
47,0.0225484898930796,"Down",0.899173572266261,0.984869937914678,"GO:0006029","proteoglycan metabolic process"
143,0.0267083851712041,"Down",0.899718800418611,0.984869937914678,"GO:0006909","phagocytosis"
55,0.00295408101875906,"Up",0.899825585472707,0.984869937914678,"GO:1905897","regulation of response to endoplasmic reticulum stress"
157,0.0122928888063709,"Up",0.899856734804779,0.984869937914678,"GO:0010632","regulation of epithelial cell migration"
17,0.0390482916943826,"Up",0.901389398106831,0.985708124298138,"GO:0006221","pyrimidine nucleotide biosynthetic process"
28,0.047855750215806,"Up",0.902250220226945,0.985708124298138,"GO:0010543","regulation of platelet activation"
465,0.0085730095131091,"Up",0.902417618535125,0.985708124298138,"GO:0051050","positive regulation of transport"
22,-0.0189332775191211,"Up",0.902571944325331,0.985708124298138,"GO:0051646","mitochondrion localization"
31,0.0237129677217961,"Down",0.904062369871719,0.985708124298138,"GO:0099565","chemical synaptic transmission, postsynaptic"
299,0.00607789225692295,"Down",0.904255248116977,0.985708124298138,"GO:0010035","response to inorganic substance"
15,0.0164958713706631,"Down",0.904414925552116,0.985708124298138,"GO:0032367","intracellular cholesterol transport"
19,0.0496393096520805,"Up",0.904434508081135,0.985708124298138,"GO:0097421","liver regeneration"
40,-0.0147968821372656,"Down",0.905208552337285,0.985708124298138,"GO:0006611","protein export from nucleus"
153,0.0124757445839691,"Down",0.905398483659289,0.985708124298138,"GO:0007018","microtubule-based movement"
73,0.0351634377852993,"Down",0.905434128737679,0.985708124298138,"GO:0045598","regulation of fat cell differentiation"
136,0.0203605902890243,"Up",0.905726799293983,0.985708124298138,"GO:0071356","cellular response to tumor necrosis factor"
85,0.0341877882068779,"Down",0.905875637599191,0.985708124298138,"GO:0007259","receptor signaling pathway via JAK-STAT"
42,0.0971249986492777,"Up",0.906330074406602,0.985708124298138,"GO:0001656","metanephros development"
86,0.0210613165168577,"Up",0.906381904106278,0.985708124298138,"GO:0071621","granulocyte chemotaxis"
25,0.0028808934843302,"Down",0.906420109229471,0.985708124298138,"GO:0045577","regulation of B cell differentiation"
26,0.0207898800435069,"Down",0.906453191673198,0.985708124298138,"GO:0030317","flagellated sperm motility"
26,0.0207898800435069,"Down",0.906453191673198,0.985708124298138,"GO:0097722","sperm motility"
15,0.0663617796194111,"Up",0.906517523206056,0.985708124298138,"GO:0045980","negative regulation of nucleotide metabolic process"
116,0.0159143068476234,"Down",0.906789048759727,0.985708124298138,"GO:0034764","positive regulation of transmembrane transport"
237,0.0203042167937796,"Up",0.907123278623525,0.985708124298138,"GO:0050673","epithelial cell proliferation"
39,0.0062404833170209,"Down",0.908212644935456,0.985708124298138,"GO:0042130","negative regulation of T cell proliferation"
19,-0.0156544804841567,"Up",0.908393961389455,0.985708124298138,"GO:0014808","release of sequestered calcium ion into cytosol by sarcoplasmic reticulum"
19,-0.0156544804841567,"Up",0.908393961389455,0.985708124298138,"GO:1903514","release of sequestered calcium ion into cytosol by endoplasmic reticulum"
36,0.0511863364955901,"Down",0.908504864985541,0.985708124298138,"GO:0045666","positive regulation of neuron differentiation"
276,0.029914489389032,"Up",0.908861066334185,0.985708124298138,"GO:0003013","circulatory system process"
19,0.0432009531914312,"Down",0.908867872504049,0.985708124298138,"GO:0030513","positive regulation of BMP signaling pathway"
17,0.00581054599919192,"Down",0.908975725850725,0.985708124298138,"GO:0032515","negative regulation of phosphoprotein phosphatase activity"
108,0.0161669204758985,"Down",0.909098012497424,0.985708124298138,"GO:0046942","carboxylic acid transport"
28,-0.00293247979939398,"Down",0.909200558679579,0.985708124298138,"GO:0002820","negative regulation of adaptive immune response"
17,-0.0055888552226632,"Down",0.909324257772826,0.985708124298138,"GO:0002507","tolerance induction"
58,0.037547703486055,"Up",0.909483976194888,0.985708124298138,"GO:1901343","negative regulation of vasculature development"
129,0.0135654917720534,"Up",0.909669881095194,0.985708124298138,"GO:0010466","negative regulation of peptidase activity"
187,0.0260156471344754,"Down",0.910059858660717,0.985708124298138,"GO:0001655","urogenital system development"
37,0.0420806663664964,"Up",0.910454521108606,0.985708124298138,"GO:0009582","detection of abiotic stimulus"
163,0.0143474032504816,"Up",0.910767349691773,0.985708124298138,"GO:0070372","regulation of ERK1 and ERK2 cascade"
24,-0.0153743162908343,"Down",0.910777933714051,0.985708124298138,"GO:0009620","response to fungus"
37,-0.00420480655928196,"Down",0.91079002581728,0.985708124298138,"GO:0046928","regulation of neurotransmitter secretion"
21,-0.01188325731255,"Down",0.911438744517892,0.986120509487199,"GO:0050919","negative chemotaxis"
86,0.0211753154848336,"Down",0.911726445033548,0.986142167793185,"GO:0090101","negative regulation of transmembrane receptor protein serine/threonine kinase signaling pathway"
115,0.00287216252236142,"Up",0.912205233410645,0.98637043730109,"GO:1902115","regulation of organelle assembly"
58,0.00689009536030965,"Up",0.912925534324427,0.986386191142343,"GO:0014812","muscle cell migration"
28,0.0318724415175286,"Down",0.913472085445,0.986386191142343,"GO:0060294","cilium movement involved in cell motility"
176,0.0135785618344911,"Up",0.913727371926152,0.986386191142343,"GO:0070371","ERK1 and ERK2 cascade"
71,0.0421033705285075,"Up",0.914202589391154,0.986386191142343,"GO:0007416","synapse assembly"
118,0.0210931173288316,"Down",0.914589426282169,0.986386191142343,"GO:0003007","heart morphogenesis"
61,0.00155043488295261,"Up",0.914712378679424,0.986386191142343,"GO:0006865","amino acid transport"
117,0.0117189971637463,"Down",0.9147367130292,0.986386191142343,"GO:0060491","regulation of cell projection assembly"
117,0.0117189971637463,"Down",0.9147367130292,0.986386191142343,"GO:0120032","regulation of plasma membrane bounded cell projection assembly"
25,0.0646684664824346,"Down",0.91489727612287,0.986386191142343,"GO:1903793","positive regulation of anion transport"
46,0.0270660951600875,"Up",0.915115227233925,0.986386191142343,"GO:1904892","regulation of receptor signaling pathway via STAT"
49,-0.000954364859141091,"Down",0.915165388918233,0.986386191142343,"GO:0007613","memory"
42,0.0185190792368591,"Down",0.915565564782742,0.986386191142343,"GO:0014015","positive regulation of gliogenesis"
18,0.09993152889119,"Up",0.915812999897708,0.986386191142343,"GO:0035994","response to muscle stretch"
212,0.0102777054243205,"Down",0.916074287878289,0.986386191142343,"GO:0032102","negative regulation of response to external stimulus"
61,-0.000340426137802459,"Up",0.91627102078095,0.986386191142343,"GO:0048259","regulation of receptor-mediated endocytosis"
16,0.100269443531383,"Down",0.917179673848141,0.986386191142343,"GO:0019320","hexose catabolic process"
250,0.00601761531284314,"Up",0.917268313739859,0.986386191142343,"GO:1903530","regulation of secretion by cell"
151,0.00977050299011595,"Up",0.917402622240431,0.986386191142343,"GO:0001818","negative regulation of cytokine production"
16,0.0879248922474512,"Down",0.917643709941789,0.986386191142343,"GO:1902993","positive regulation of amyloid precursor protein catabolic process"
37,0.0102204037628288,"Down",0.918444930643028,0.986386191142343,"GO:0000768","syncytium formation by plasma membrane fusion"
37,0.0102204037628288,"Down",0.918444930643028,0.986386191142343,"GO:0140253","cell-cell fusion"
15,-0.0274253349345357,"Down",0.918739876661837,0.986386191142343,"GO:0046697","decidualization"
58,0.0733325900105413,"Up",0.919039602555844,0.986386191142343,"GO:0090100","positive regulation of transmembrane receptor protein serine/threonine kinase signaling pathway"
23,0.0263588279630449,"Down",0.919821657976826,0.986386191142343,"GO:0031116","positive regulation of microtubule polymerization"
32,-0.00103133545186768,"Up",0.920452661579602,0.986386191142343,"GO:0043903","regulation of biological process involved in symbiotic interaction"
32,-0.00103133545186768,"Up",0.920452661579602,0.986386191142343,"GO:0052372","modulation by symbiont of entry into host"
32,0.0126224110724219,"Up",0.920773180754218,0.986386191142343,"GO:1990928","response to amino acid starvation"
43,0.00158033998272642,"Up",0.921005104886988,0.986386191142343,"GO:0051303","establishment of chromosome localization"
29,-0.00712213765115538,"Up",0.92143289070965,0.986386191142343,"GO:0002639","positive regulation of immunoglobulin production"
15,0.100180179663738,"Down",0.921980474074116,0.986386191142343,"GO:0090670","RNA localization to Cajal body"
15,0.100180179663738,"Down",0.921980474074116,0.986386191142343,"GO:0090671","telomerase RNA localization to Cajal body"
15,0.100180179663738,"Down",0.921980474074116,0.986386191142343,"GO:0090672","telomerase RNA localization"
15,0.100180179663738,"Down",0.921980474074116,0.986386191142343,"GO:0090685","RNA localization to nucleus"
15,0.100180179663738,"Down",0.921980474074116,0.986386191142343,"GO:1904872","regulation of telomerase RNA localization to Cajal body"
60,0.00962273070246968,"Down",0.922042262992264,0.986386191142343,"GO:0007269","neurotransmitter secretion"
60,0.00962273070246968,"Down",0.922042262992264,0.986386191142343,"GO:0099643","signal release from synapse"
52,0.0280846310408343,"Up",0.922126504422972,0.986386191142343,"GO:0008625","extrinsic apoptotic signaling pathway via death domain receptors"
118,0.00841887323710532,"Down",0.92325635859724,0.987234669939098,"GO:0090257","regulation of muscle system process"
33,-0.00879009786166869,"Up",0.923455665746507,0.987234669939098,"GO:0031638","zymogen activation"
197,0.012433457798398,"Down",0.925084478787257,0.988689068712577,"GO:0071496","cellular response to external stimulus"
249,0.0169796569670167,"Up",0.925908270884993,0.989282502882921,"GO:1903829","positive regulation of protein localization"
24,-0.0012987586526082,"Up",0.926254117342395,0.989365082136672,"GO:0030224","monocyte differentiation"
99,0.0196407691395684,"Up",0.927213066157514,0.989562038548187,"GO:0097530","granulocyte migration"
57,0.000552405678304288,"Up",0.927542835139234,0.989562038548187,"GO:0010565","regulation of cellular ketone metabolic process"
38,0.018216052738019,"Down",0.927767798089348,0.989562038548187,"GO:0021954","central nervous system neuron development"
20,0.0518775598943363,"Up",0.927859384261906,0.989562038548187,"GO:0045116","protein neddylation"
45,0.0341836955520652,"Down",0.928130164491595,0.989562038548187,"GO:0061614","miRNA transcription"
145,0.0369168575470915,"Down",0.928169598580062,0.989562038548187,"GO:0061448","connective tissue development"
217,0.00835296285665867,"Down",0.928560814609904,0.989562038548187,"GO:0032956","regulation of actin cytoskeleton organization"
16,0.0508400838114398,"Up",0.928587396107786,0.989562038548187,"GO:0010719","negative regulation of epithelial to mesenchymal transition"
16,0.12761130521383,"Down",0.92927372261771,0.989748303133531,"GO:0001916","positive regulation of T cell mediated cytotoxicity"
20,0.067833704038515,"Down",0.929299506118047,0.989748303133531,"GO:0010592","positive regulation of lamellipodium assembly"
84,0.0119596514867379,"Down",0.930063662675096,0.989961318302012,"GO:0006959","humoral immune response"
29,-0.00301573749958566,"Down",0.930804691900528,0.989961318302012,"GO:0043687","post-translational protein modification"
36,0.0277599133487217,"Up",0.931032872089024,0.989961318302012,"GO:0001736","establishment of planar polarity"
36,0.0277599133487217,"Up",0.931032872089024,0.989961318302012,"GO:0007164","establishment of tissue polarity"
19,0.0548573817430568,"Down",0.931399219280755,0.989961318302012,"GO:0061437","renal system vasculature development"
19,0.0548573817430568,"Down",0.931399219280755,0.989961318302012,"GO:0061440","kidney vasculature development"
27,0.0479956130596269,"Down",0.931994289819576,0.989961318302012,"GO:0033028","myeloid cell apoptotic process"
16,0.128495624709559,"Down",0.932147197661895,0.989961318302012,"GO:1903959","regulation of anion transmembrane transport"
104,0.035549475273959,"Up",0.932459016879916,0.989961318302012,"GO:0042742","defense response to bacterium"
40,0.0856898494014589,"Up",0.933126372814971,0.989961318302012,"GO:0010718","positive regulation of epithelial to mesenchymal transition"
16,0.00945954876338907,"Up",0.933252018511538,0.989961318302012,"GO:0060155","platelet dense granule organization"
49,0.0267342781096369,"Up",0.933293309441717,0.989961318302012,"GO:0046620","regulation of organ growth"
26,0.000204574695895765,"Up",0.933633802983584,0.989961318302012,"GO:0009394","2'-deoxyribonucleotide metabolic process"
18,-0.0387297353681974,"Down",0.933742672410499,0.989961318302012,"GO:0045933","positive regulation of muscle contraction"
39,-0.00823811594220276,"Up",0.933982568481845,0.989961318302012,"GO:0050922","negative regulation of chemotaxis"
137,0.0314565978709549,"Down",0.934514845452391,0.989961318302012,"GO:0002274","myeloid leukocyte activation"
121,0.0127144627303835,"Up",0.934619819986667,0.989961318302012,"GO:0005996","monosaccharide metabolic process"
25,0.0621734801950084,"Up",0.934810572217412,0.989961318302012,"GO:0140353","lipid export from cell"
64,0.0675700031926693,"Down",0.934946299459711,0.989961318302012,"GO:0010717","regulation of epithelial to mesenchymal transition"
17,0.0208345925456095,"Down",0.935290452150436,0.989961318302012,"GO:1904893","negative regulation of receptor signaling pathway via STAT"
49,0.066643313750776,"Up",0.935782962680357,0.989961318302012,"GO:0002526","acute inflammatory response"
342,0.0201139622852029,"Down",0.935819433874253,0.989961318302012,"GO:0006935","chemotaxis"
342,0.0201139622852029,"Down",0.935819433874253,0.989961318302012,"GO:0042330","taxis"
52,0.000711523898329448,"Up",0.936346728861797,0.989961318302012,"GO:1901224","positive regulation of NIK/NF-kappaB signaling"
53,0.0410775274609657,"Up",0.936686395312925,0.989961318302012,"GO:0046209","nitric oxide metabolic process"
53,0.0410775274609657,"Up",0.936686395312925,0.989961318302012,"GO:2001057","reactive nitrogen species metabolic process"
15,0.0588999267097747,"Up",0.936754928230406,0.989961318302012,"GO:0043267","negative regulation of potassium ion transport"
20,0.0787680415938293,"Up",0.937307216174264,0.990260907480926,"GO:0006734","NADH metabolic process"
74,0.0244057365539182,"Down",0.938936996436145,0.991307579815174,"GO:0071887","leukocyte apoptotic process"
61,0.0347188029543491,"Up",0.939164154556265,0.991307579815174,"GO:0014013","regulation of gliogenesis"
39,0.00739573613978287,"Down",0.939218226770439,0.991307579815174,"GO:0006949","syncytium formation"
43,0.0278439146685308,"Up",0.939441170624934,0.991307579815174,"GO:0045685","regulation of glial cell differentiation"
58,0.0103455562642716,"Down",0.939643341127738,0.991307579815174,"GO:0050764","regulation of phagocytosis"
48,0.0304719171225623,"Down",0.941018937203259,0.991957748506762,"GO:0008585","female gonad development"
19,0.0261002094812483,"Down",0.941207943434191,0.991957748506762,"GO:0051491","positive regulation of filopodium assembly"
127,0.00780739301060779,"Up",0.941485765234483,0.991957748506762,"GO:0008154","actin polymerization or depolymerization"
30,0.0312493310876977,"Down",0.941530188872476,0.991957748506762,"GO:0019083","viral transcription"
404,0.00542421391942054,"Up",0.942220565487046,0.991957748506762,"GO:0140352","export from cell"
15,-0.00862929595084159,"Down",0.942636277233385,0.991957748506762,"GO:0097320","plasma membrane tubulation"
36,0.0521527326646554,"Up",0.942912870275582,0.991957748506762,"GO:0009581","detection of external stimulus"
16,0.00466218967281667,"Down",0.943048052519494,0.991957748506762,"GO:0010880","regulation of release of sequestered calcium ion into cytosol by sarcoplasmic reticulum"
22,-0.0192242934031721,"Up",0.943421122869876,0.991957748506762,"GO:1900274","regulation of phospholipase C activity"
15,0.0527469391284205,"Down",0.943570402830275,0.991957748506762,"GO:2000679","positive regulation of transcription regulatory region DNA binding"
40,0.0457475737705862,"Down",0.943925403458798,0.991957748506762,"GO:0002088","lens development in camera-type eye"
16,-0.00298568819065039,"Down",0.944048771190003,0.991957748506762,"GO:0003209","cardiac atrium morphogenesis"
75,0.0129471306994489,"Down",0.944208267848767,0.991957748506762,"GO:0046546","development of primary male sexual characteristics"
61,0.00843230533244687,"Up",0.944302876261748,0.991957748506762,"GO:0000422","autophagy of mitochondrion"
61,0.00843230533244687,"Up",0.944302876261748,0.991957748506762,"GO:0061726","mitochondrion disassembly"
40,0.00786850645419826,"Down",0.944642027360761,0.991957748506762,"GO:0070265","necrotic cell death"
60,0.0334582313705355,"Up",0.945056471589915,0.991957748506762,"GO:0001508","action potential"
17,0.0900717653555645,"Down",0.945225328255978,0.991957748506762,"GO:0048821","erythrocyte development"
199,0.0184591267966106,"Up",0.946226187770546,0.991957748506762,"GO:0050678","regulation of epithelial cell proliferation"
71,0.0181856110559872,"Up",0.946295419407909,0.991957748506762,"GO:0030593","neutrophil chemotaxis"
277,0.0134294395859368,"Up",0.946338914370718,0.991957748506762,"GO:0030031","cell projection assembly"
377,0.00551817643266666,"Up",0.946927167990848,0.991957748506762,"GO:0032940","secretion by cell"
68,0.0123763343751535,"Up",0.947004889046808,0.991957748506762,"GO:0030203","glycosaminoglycan metabolic process"
287,0.0117529059974445,"Down",0.947157826572538,0.991957748506762,"GO:0043269","regulation of ion transport"
270,0.0123167612389772,"Down",0.947240553565901,0.991957748506762,"GO:0120031","plasma membrane bounded cell projection assembly"
79,0.00218362604332847,"Down",0.947392559671159,0.991957748506762,"GO:0044272","sulfur compound biosynthetic process"
33,0.030629504147933,"Down",0.947529673451491,0.991957748506762,"GO:0031113","regulation of microtubule polymerization"
91,0.00532362350683644,"Down",0.948036249928658,0.99220612066397,"GO:0007568","aging"
37,0.0387654832592477,"Up",0.948308180688297,0.992208843412578,"GO:0014009","glial cell proliferation"
125,0.00717892914759575,"Down",0.948761799679203,0.992401609885913,"GO:0070302","regulation of stress-activated protein kinase signaling cascade"
21,0.121505338219015,"Up",0.949772223330287,0.993047568097431,"GO:0001914","regulation of T cell mediated cytotoxicity"
17,0.0262191776591869,"Up",0.950136384695785,0.993047568097431,"GO:0015012","heparan sulfate proteoglycan biosynthetic process"
33,0.0316845491982384,"Up",0.950647588076595,0.993047568097431,"GO:0042310","vasoconstriction"
26,0.0377122150479728,"Up",0.951287134928648,0.993047568097431,"GO:0048704","embryonic skeletal system morphogenesis"
27,0.0748888568231043,"Down",0.951452386704127,0.993047568097431,"GO:0001541","ovarian follicle development"
18,0.0299372943334421,"Up",0.951509759742703,0.993047568097431,"GO:0060390","regulation of SMAD protein signal transduction"
44,0.0377232472540856,"Up",0.951808727129663,0.993047568097431,"GO:0001960","negative regulation of cytokine-mediated signaling pathway"
17,0.0554283837489257,"Up",0.951928875534205,0.993047568097431,"GO:0045879","negative regulation of smoothened signaling pathway"
43,0.0652554941547072,"Up",0.951941615635029,0.993047568097431,"GO:2000630","positive regulation of miRNA metabolic process"
127,0.011381299354785,"Up",0.952074921422402,0.993047568097431,"GO:0031348","negative regulation of defense response"
58,0.0353787087086028,"Up",0.952355042712738,0.993058584023132,"GO:0050714","positive regulation of protein secretion"
150,0.0197994917856416,"Down",0.952979249361896,0.993158422319186,"GO:0034612","response to tumor necrosis factor"
29,0.0310466309859009,"Down",0.953189544029661,0.993158422319186,"GO:0001510","RNA methylation"
23,-0.00970426935422996,"Up",0.953285086482827,0.993158422319186,"GO:0060236","regulation of mitotic spindle organization"
109,0.020998037950619,"Up",0.953600457060622,0.993158422319186,"GO:0071695","anatomical structure maturation"
33,0.0511804596480677,"Up",0.9545443292328,0.993158422319186,"GO:0015837","amine transport"
18,0.0210965921587157,"Up",0.954791428835854,0.993158422319186,"GO:0048701","embryonic cranial skeleton morphogenesis"
33,0.0627589400707735,"Down",0.955260202057742,0.993158422319186,"GO:0042531","positive regulation of tyrosine phosphorylation of STAT protein"
24,0.0220040516389211,"Up",0.955429861054148,0.993158422319186,"GO:0046605","regulation of centrosome cycle"
60,0.0195087342318032,"Up",0.955573948929109,0.993158422319186,"GO:0030512","negative regulation of transforming growth factor beta receptor signaling pathway"
50,0.0358220767037959,"Down",0.955647027612167,0.993158422319186,"GO:0046545","development of primary female sexual characteristics"
53,-0.00312068137673327,"Down",0.955782018825427,0.993158422319186,"GO:0048515","spermatid differentiation"
42,0.0523082781419258,"Down",0.955888546415048,0.993158422319186,"GO:0045428","regulation of nitric oxide biosynthetic process"
127,0.00612140472052149,"Down",0.955955419528728,0.993158422319186,"GO:0051924","regulation of calcium ion transport"
37,0.0145631966370197,"Down",0.956753917900941,0.993530607387962,"GO:0006641","triglyceride metabolic process"
78,0.00268449121933844,"Up",0.957902882483137,0.993530607387962,"GO:0007584","response to nutrient"
81,0.00596130225724576,"Down",0.959309792443831,0.993530607387962,"GO:0043583","ear development"
16,-0.0304303481030644,"Down",0.95950806907904,0.993530607387962,"GO:0021517","ventral spinal cord development"
59,0.0400845030373159,"Up",0.959518919586539,0.993530607387962,"GO:0035150","regulation of tube size"
59,0.0400845030373159,"Up",0.959518919586539,0.993530607387962,"GO:0035296","regulation of tube diameter"
59,0.0400845030373159,"Up",0.959518919586539,0.993530607387962,"GO:0097746","blood vessel diameter maintenance"
43,0.0516382669840126,"Up",0.959814718008536,0.993530607387962,"GO:0080164","regulation of nitric oxide metabolic process"
20,0.00153610840491395,"Down",0.959871455113299,0.993530607387962,"GO:0046676","negative regulation of insulin secretion"
23,0.0211017472447473,"Down",0.95987318588622,0.993530607387962,"GO:0045730","respiratory burst"
136,0.0148422687320483,"Up",0.959919747997893,0.993530607387962,"GO:0032409","regulation of transporter activity"
42,0.0114146300861505,"Down",0.959956454955709,0.993530607387962,"GO:0016079","synaptic vesicle exocytosis"
28,-0.00849654808770594,"Down",0.960270767361473,0.993530607387962,"GO:0030835","negative regulation of actin filament depolymerization"
35,0.000268852682370529,"Down",0.960592173683363,0.993530607387962,"GO:0051298","centrosome duplication"
83,-0.00473537819497716,"Up",0.960609880297367,0.993530607387962,"GO:0007219","Notch signaling pathway"
21,-0.0066472650585044,"Up",0.960628670878371,0.993530607387962,"GO:0090278","negative regulation of peptide hormone secretion"
55,0.0558362786754421,"Down",0.961797047996261,0.994407300286264,"GO:0048661","positive regulation of smooth muscle cell proliferation"
74,0.014969404340273,"Down",0.962272903936239,0.994407300286264,"GO:0006937","regulation of muscle contraction"
121,0.0459961119147978,"Down",0.962552843989425,0.994407300286264,"GO:0045637","regulation of myeloid cell differentiation"
52,0.00287847594597711,"Down",0.962556034967648,0.994407300286264,"GO:0030901","midbrain development"
30,0.0167441054876299,"Up",0.962880105077496,0.994463220382814,"GO:0048645","animal organ formation"
264,0.0188658705166555,"Up",0.963932108286563,0.995077721647734,"GO:0032103","positive regulation of response to external stimulus"
20,0.0226827878394372,"Down",0.964276905040644,0.995077721647734,"GO:1901020","negative regulation of calcium ion transmembrane transporter activity"
72,0.0241107504298206,"Up",0.964728277450943,0.995077721647734,"GO:0002705","positive regulation of leukocyte mediated immunity"
200,0.0176458153748819,"Up",0.964859701972259,0.995077721647734,"GO:0010631","epithelial cell migration"
200,0.0176458153748819,"Up",0.964859701972259,0.995077721647734,"GO:0090132","epithelium migration"
78,0.0292942388261314,"Up",0.965095738177892,0.995077721647734,"GO:0016052","carbohydrate catabolic process"
20,0.0376297109763893,"Up",0.965959649739174,0.995174013215003,"GO:1900745","positive regulation of p38MAPK cascade"
26,-0.00873033280801155,"Up",0.966508182193141,0.995174013215003,"GO:0002823","negative regulation of adaptive immune response based on somatic recombination of immune receptors built from immunoglobulin superfamily domains"
106,0.0132022090075018,"Up",0.966508512318782,0.995174013215003,"GO:0051650","establishment of vesicle localization"
129,0.0135979352342238,"Down",0.966596732204683,0.995174013215003,"GO:0031669","cellular response to nutrient levels"
88,0.0338434303065148,"Up",0.967118107676546,0.995174013215003,"GO:0097696","receptor signaling pathway via STAT"
320,0.0124740474570193,"Down",0.967507095092759,0.995174013215003,"GO:0010498","proteasomal protein catabolic process"
29,-0.0221567617251222,"Up",0.967911295772115,0.995174013215003,"GO:0009161","ribonucleoside monophosphate metabolic process"
18,0.0200452368563456,"Down",0.968602119974301,0.995174013215003,"GO:0006298","mismatch repair"
67,0.0202378156281573,"Up",0.968621605544789,0.995174013215003,"GO:0007098","centrosome cycle"
18,0.0608365563797566,"Up",0.968639110521887,0.995174013215003,"GO:0055078","sodium ion homeostasis"
28,0.0221166488072387,"Up",0.968845175617736,0.995174013215003,"GO:0009261","ribonucleotide catabolic process"
20,0.0108243443578409,"Down",0.968845271898732,0.995174013215003,"GO:0021955","central nervous system neuron axonogenesis"
72,0.0134343179808364,"Down",0.969075017690896,0.995174013215003,"GO:0034763","negative regulation of transmembrane transport"
44,0.0199841964402581,"Up",0.969515461759055,0.995174013215003,"GO:0032410","negative regulation of transporter activity"
20,0.0227331338659199,"Up",0.969990770295766,0.995174013215003,"GO:0030279","negative regulation of ossification"
42,0.0475118207024258,"Down",0.970254138099169,0.995174013215003,"GO:0048844","artery morphogenesis"
202,0.0183794121578348,"Up",0.970401579043246,0.995174013215003,"GO:0090130","tissue migration"
23,0.00883216711994691,"Up",0.97065431538519,0.995174013215003,"GO:0071539","protein localization to centrosome"
54,0.0180846488969061,"Up",0.97066793632551,0.995174013215003,"GO:0034766","negative regulation of ion transmembrane transport"
22,0.0017663967533956,"Up",0.970847810340977,0.995174013215003,"GO:0060443","mammary gland morphogenesis"
101,0.0384038359413309,"Up",0.970952927461271,0.995174013215003,"GO:0019722","calcium-mediated signaling"
17,0.102617727196301,"Up",0.971132078585216,0.995174013215003,"GO:0044342","type B pancreatic cell proliferation"
33,0.0222809653795476,"Up",0.972360895158706,0.995338614164788,"GO:0035050","embryonic heart tube development"
24,0.0857468459235937,"Up",0.972507378561109,0.995338614164788,"GO:0051965","positive regulation of synapse assembly"
127,0.0109584283011029,"Up",0.972625736373505,0.995338614164788,"GO:0097305","response to alcohol"
157,0.0285627817684628,"Down",0.972632771810102,0.995338614164788,"GO:0031349","positive regulation of defense response"
32,0.0313045928164798,"Down",0.972859377743051,0.995338614164788,"GO:0002090","regulation of receptor internalization"
21,-0.0149764940682293,"Up",0.973106463542543,0.995338614164788,"GO:0034067","protein localization to Golgi apparatus"
119,0.0146285718046415,"Up",0.973547624388694,0.995338614164788,"GO:0042594","response to starvation"
18,0.0699908634327679,"Up",0.97392307792222,0.995338614164788,"GO:0046365","monosaccharide catabolic process"
152,0.0268573131896923,"Down",0.974204836391108,0.995338614164788,"GO:0071216","cellular response to biotic stimulus"
15,-0.0112577783085899,"Down",0.974297656048941,0.995338614164788,"GO:2001032","regulation of double-strand break repair via nonhomologous end joining"
128,0.0102483107854644,"Up",0.974359053048584,0.995338614164788,"GO:0071674","mononuclear cell migration"
18,0.0101301852647791,"Up",0.974680450235523,0.995338614164788,"GO:0051560","mitochondrial calcium ion homeostasis"
245,0.0297395824352858,"Up",0.974836839599791,0.995338614164788,"GO:0044057","regulation of system process"
171,0.025300988736209,"Down",0.97530941082699,0.995338614164788,"GO:1904951","positive regulation of establishment of protein localization"
58,0.0146354359739946,"Up",0.975354885231408,0.995338614164788,"GO:0042102","positive regulation of T cell proliferation"
20,0.0356717177232501,"Up",0.975811859417846,0.995338614164788,"GO:0008206","bile acid metabolic process"
16,0.121511730466684,"Up",0.975885742226714,0.995338614164788,"GO:0062098","regulation of programmed necrotic cell death"
29,-0.00332294201543188,"Down",0.976416814587007,0.99560463463563,"GO:0006636","unsaturated fatty acid biosynthetic process"
37,-0.00996421525682942,"Up",0.976891348488843,0.995812874331184,"GO:0098930","axonal transport"
15,0.0353830398397937,"Down",0.977471380356867,0.995837085056736,"GO:0001941","postsynaptic membrane organization"
17,0.245306547562545,"Up",0.977492656623096,0.995837085056736,"GO:0019883","antigen processing and presentation of endogenous antigen"
185,0.041441296595649,"Up",0.977748864196056,0.995837085056736,"GO:0032496","response to lipopolysaccharide"
77,0.0257124027672603,"Down",0.978157693237134,0.995837085056736,"GO:0001889","liver development"
103,0.0130927603136903,"Down",0.97826666960378,0.995837085056736,"GO:0009267","cellular response to starvation"
22,-0.000188486177695877,"Up",0.979127409797468,0.996140745090356,"GO:0072348","sulfur compound transport"
123,0.0112484176840966,"Down",0.979223381250656,0.996140745090356,"GO:0010951","negative regulation of endopeptidase activity"
29,0.0154427367600521,"Up",0.97982158990094,0.996140745090356,"GO:2000273","positive regulation of signaling receptor activity"
44,0.0797851179404641,"Up",0.979970749093207,0.996140745090356,"GO:0034605","cellular response to heat"
37,0.00229954381582001,"Down",0.979974569752192,0.996140745090356,"GO:0036465","synaptic vesicle recycling"
61,0.0546081577249541,"Down",0.980187350964316,0.996140745090356,"GO:0090630","activation of GTPase activity"
62,0.0222124932816109,"Up",0.980516099653207,0.996200030646005,"GO:0043500","muscle adaptation"
193,0.000753117033881522,"Down",0.981371098461119,0.996793803895992,"GO:1990778","protein localization to cell periphery"
107,0.00686242306790272,"Down",0.982722275978244,0.997068159554784,"GO:0030041","actin filament polymerization"
119,0.0259364606959174,"Down",0.983449109201889,0.997068159554784,"GO:0043491","protein kinase B signaling"
81,0.00847232902104355,"Up",0.983810499832243,0.997068159554784,"GO:0071346","cellular response to interferon-gamma"
15,0.458427327711567,"Up",0.983945126968623,0.997068159554784,"GO:0006123","mitochondrial electron transport, cytochrome c to oxygen"
64,0.0370726905900594,"Up",0.984545958957776,0.997068159554784,"GO:0030316","osteoclast differentiation"
15,0.0676773523344271,"Down",0.984670362305369,0.997068159554784,"GO:0071359","cellular response to dsRNA"
25,0.0227494562095067,"Down",0.985232608865286,0.997068159554784,"GO:0010939","regulation of necrotic cell death"
25,0.0370363576680453,"Up",0.985355602797699,0.997068159554784,"GO:0015909","long-chain fatty acid transport"
17,0.0112415706339777,"Down",0.985532741332878,0.997068159554784,"GO:0042304","regulation of fatty acid biosynthetic process"
74,0.00668008730671463,"Up",0.985654920232848,0.997068159554784,"GO:0043467","regulation of generation of precursor metabolites and energy"
51,0.00755077406317409,"Down",0.98574005772262,0.997068159554784,"GO:0043502","regulation of muscle adaptation"
23,0.0265566665645063,"Up",0.98583797446257,0.997068159554784,"GO:0086009","membrane repolarization"
39,0.000538735710241936,"Down",0.985852151470959,0.997068159554784,"GO:1903053","regulation of extracellular matrix organization"
20,-0.019589978074218,"Down",0.986041387745398,0.997068159554784,"GO:0060142","regulation of syncytium formation by plasma membrane fusion"
44,0.0295117090244768,"Down",0.986106193162975,0.997068159554784,"GO:1902893","regulation of miRNA transcription"
36,0.0160361221598129,"Up",0.986379516744201,0.997068159554784,"GO:0014823","response to activity"
61,0.0119082399403353,"Down",0.986624887880576,0.997068159554784,"GO:0071466","cellular response to xenobiotic stimulus"
50,0.0461187958499448,"Up",0.987605978721049,0.997068159554784,"GO:0006809","nitric oxide biosynthetic process"
160,0.0364731798739937,"Down",0.98782779380223,0.997068159554784,"GO:0007517","muscle organ development"
93,0.0198245583553669,"Up",0.987959137938264,0.997068159554784,"GO:0098657","import into cell"
170,0.001261937790584,"Up",0.988094301474816,0.997068159554784,"GO:0072659","protein localization to plasma membrane"
15,0.0416349356843702,"Up",0.988474061217604,0.997068159554784,"GO:1902774","late endosome to lysosome transport"
17,0.0100132486804603,"Down",0.988502094301985,0.997068159554784,"GO:0033688","regulation of osteoblast proliferation"
22,0.0361931060751796,"Up",0.988504939360243,0.997068159554784,"GO:0045648","positive regulation of erythrocyte differentiation"
21,-0.0155637721764961,"Up",0.988932078208214,0.997068159554784,"GO:0032801","receptor catabolic process"
25,0.037504104549038,"Up",0.989081846787394,0.997068159554784,"GO:0046688","response to copper ion"
83,0.0182916144424814,"Up",0.989418209218909,0.997068159554784,"GO:1990266","neutrophil migration"
62,0.00931311650293794,"Up",0.989718327077205,0.997068159554784,"GO:1905477","positive regulation of protein localization to membrane"
18,0.0717816500933858,"Down",0.989760656756745,0.997068159554784,"GO:0010955","negative regulation of protein processing"
18,0.0717816500933858,"Down",0.989760656756745,0.997068159554784,"GO:1903318","negative regulation of protein maturation"
30,-0.00597641895039493,"Up",0.990250780674874,0.99726703542002,"GO:0060038","cardiac muscle cell proliferation"
102,0.023255132206155,"Up",0.990499479533619,0.99726703542002,"GO:0010721","negative regulation of cell development"
21,0.0245270591483343,"Down",0.990862270336711,0.997359727847116,"GO:0003230","cardiac atrium development"
39,0.0272351791903491,"Down",0.991543827424827,0.997685151529503,"GO:0032413","negative regulation of ion transmembrane transporter activity"
199,0.0166540498839533,"Up",0.991727205456308,0.997685151529503,"GO:0023061","signal release"
317,0.0274192317122132,"Down",0.992409744322494,0.998002292507201,"GO:0009617","response to bacterium"
28,0.055879468434536,"Up",0.992654545997932,0.998002292507201,"GO:0006940","regulation of smooth muscle contraction"
17,-0.000415545562622292,"Down",0.992855157991013,0.998002292507201,"GO:0033146","regulation of intracellular estrogen receptor signaling pathway"
69,0.0125962754315186,"Up",0.994211087000717,0.998481015377902,"GO:0030048","actin filament-based movement"
101,0.0115179217883256,"Down",0.994390980716723,0.998481015377902,"GO:0008064","regulation of actin polymerization or depolymerization"
101,0.0115179217883256,"Down",0.994390980716723,0.998481015377902,"GO:0030832","regulation of actin filament length"
34,0.013154766659719,"Down",0.994415538930924,0.998481015377902,"GO:0046579","positive regulation of Ras protein signal transduction"
119,0.0358173148877991,"Up",0.994930276405929,0.998712496447329,"GO:0002221","pattern recognition receptor signaling pathway"
15,0.0233216575877889,"Down",0.996076038704156,0.998712496447329,"GO:0060563","neuroepithelial cell differentiation"
130,0.0267580958450502,"Up",0.996210504423204,0.998712496447329,"GO:0071222","cellular response to lipopolysaccharide"
16,0.0535352509272612,"Up",0.996321281711774,0.998712496447329,"GO:0035024","negative regulation of Rho protein signal transduction"
19,0.0476516907220085,"Up",0.996432848091021,0.998712496447329,"GO:0060333","interferon-gamma-mediated signaling pathway"
24,0.0142370320869694,"Down",0.996601056967842,0.998712496447329,"GO:1905508","protein localization to microtubule organizing center"
127,0.0383506992456446,"Down",0.996645482965758,0.998712496447329,"GO:0003002","regionalization"
177,0.03571082404329,"Up",0.997130539367722,0.998712496447329,"GO:0042063","gliogenesis"
26,0.00064278781958631,"Down",0.997357023460837,0.998712496447329,"GO:0006692","prostanoid metabolic process"
26,0.00064278781958631,"Down",0.997357023460837,0.998712496447329,"GO:0006693","prostaglandin metabolic process"
88,0.0252301165868673,"Down",0.998320159492783,0.999206462953038,"GO:0007266","Rho protein signal transduction"
22,0.0725384623522689,"Down",0.998392776908288,0.999206462953038,"GO:0070306","lens fiber cell differentiation"
160,0.0205397815104431,"Up",0.998667071552129,0.999209530580675,"GO:0051222","positive regulation of protein transport"
36,-0.00173327105108039,"Down",0.999107268540409,0.999378543932356,"GO:0030042","actin filament depolymerization"
16,-0.0161253316316315,"Up",0.999633328021951,0.999633328021951,"GO:0036010","protein localization to endosome"
