"NGenes","Correlation","Direction","PValue","FDR","GO_ID","description"
280,0.00101782721856847,"Up",0.00342900816903477,0.996944727953093,"GO:0022411","cellular component disassembly"
18,-0.00367383551552426,"Up",0.00378729781116569,0.996944727953093,"GO:0033006","regulation of mast cell activation involved in immune response"
205,-0.000731044326968529,"Up",0.0045511141736239,0.996944727953093,"GO:0051235","maintenance of location"
243,0.000683907640845123,"Up",0.00490377144965672,0.996944727953093,"GO:0051051","negative regulation of transport"
44,-0.00228110194539147,"Up",0.00493401585406864,0.996944727953093,"GO:0032418","lysosome localization"
44,-0.00228110194539147,"Up",0.00493401585406864,0.996944727953093,"GO:1990849","vacuolar localization"
367,0.00147987321928774,"Up",0.00518295903101153,0.996944727953093,"GO:0098660","inorganic ion transmembrane transport"
17,-0.0159556232302911,"Up",0.00603304525695977,0.996944727953093,"GO:0043304","regulation of mast cell degranulation"
346,0.00233230042792097,"Up",0.0066093220175556,0.996944727953093,"GO:0098662","inorganic cation transmembrane transport"
19,-0.0112231256408959,"Up",0.00676920329632561,0.996944727953093,"GO:0071353","cellular response to interleukin-4"
87,0.00205810175740661,"Up",0.0075038042555805,0.996944727953093,"GO:1903008","organelle disassembly"
32,0.00135879322406983,"Up",0.00828247681445127,0.996944727953093,"GO:0043277","apoptotic cell clearance"
16,0.0471244022504439,"Down",0.0092023439076039,0.996944727953093,"GO:0036092","phosphatidylinositol-3-phosphate biosynthetic process"
52,-0.00374500340043872,"Up",0.00963126111262907,0.996944727953093,"GO:1901224","positive regulation of NIK/NF-kappaB signaling"
241,2.32054570838469e-05,"Up",0.00963566339989609,0.996944727953093,"GO:0030003","cellular cation homeostasis"
20,-0.019143936322473,"Up",0.00995326547893491,0.996944727953093,"GO:0070670","response to interleukin-4"
22,-0.00352844558869177,"Up",0.0105605001961067,0.996944727953093,"GO:0033003","regulation of mast cell activation"
74,0.0116761152079894,"Up",0.0106227388610467,0.996944727953093,"GO:0002832","negative regulation of response to biotic stimulus"
78,-0.00176306868743534,"Up",0.0106957254622574,0.996944727953093,"GO:1903531","negative regulation of secretion by cell"
38,0.0125169269977325,"Up",0.0112343057323066,0.996944727953093,"GO:0042267","natural killer cell mediated cytotoxicity"
87,-0.000773604778292704,"Up",0.0131457891571124,0.996944727953093,"GO:0051048","negative regulation of secretion"
136,0.0005318655799787,"Up",0.0138132860618256,0.996944727953093,"GO:0051651","maintenance of location in cell"
19,-0.0186746402864036,"Up",0.0138606664509768,0.996944727953093,"GO:0002455","humoral immune response mediated by circulating immunoglobulin"
221,0.00198204835407852,"Up",0.0141124125381249,0.996944727953093,"GO:0032956","regulation of actin cytoskeleton organization"
52,-0.00477584745033975,"Down",0.0144489361854138,0.996944727953093,"GO:2000134","negative regulation of G1/S transition of mitotic cell cycle"
59,0.0216477976049374,"Up",0.0146650595400185,0.996944727953093,"GO:0098869","cellular oxidant detoxification"
18,-0.0175647118504506,"Down",0.0149287170278773,0.996944727953093,"GO:0046839","phospholipid dephosphorylation"
32,0.00743783252291078,"Up",0.015228259828425,0.996944727953093,"GO:0002886","regulation of myeloid leukocyte mediated immunity"
106,-0.000970145003584262,"Up",0.0160144850574945,0.996944727953093,"GO:0008360","regulation of cell shape"
387,0.002751406540055,"Up",0.0173465436730931,0.996944727953093,"GO:0098655","cation transmembrane transport"
131,-0.00187346278238505,"Up",0.0176826870491247,0.996944727953093,"GO:0031334","positive regulation of protein-containing complex assembly"
283,0.000728591575304216,"Up",0.0181643571077854,0.996944727953093,"GO:0055080","cation homeostasis"
72,0.0232795467286702,"Up",0.0182082066704118,0.996944727953093,"GO:0097237","cellular response to toxic substance"
30,-0.00521618183642727,"Up",0.0183274836636141,0.996944727953093,"GO:0060193","positive regulation of lipase activity"
24,-0.0138007767328586,"Up",0.0184352572172194,0.996944727953093,"GO:0045806","negative regulation of endocytosis"
20,0.0910459213112011,"Up",0.0185694448770192,0.996944727953093,"GO:0006734","NADH metabolic process"
20,-0.0123871387405222,"Up",0.0186541171991444,0.996944727953093,"GO:0010758","regulation of macrophage chemotaxis"
54,-0.00429783936076307,"Down",0.0188823850398758,0.996944727953093,"GO:1902807","negative regulation of cell cycle G1/S phase transition"
46,-0.00811700694848456,"Up",0.0190434302978384,0.996944727953093,"GO:0030865","cortical cytoskeleton organization"
249,-0.000426161619123317,"Up",0.0191028678632617,0.996944727953093,"GO:0006873","cellular ion homeostasis"
15,-0.0174685237317186,"Down",0.0191946134469992,0.996944727953093,"GO:0046856","phosphatidylinositol dephosphorylation"
20,0.0818170730585898,"Up",0.0199324332852758,0.996944727953093,"GO:0002474","antigen processing and presentation of peptide antigen via MHC class I"
91,-0.00479649804351005,"Up",0.0199835505332481,0.996944727953093,"GO:0007568","aging"
244,0.00323238092380337,"Up",0.020012796238727,0.996944727953093,"GO:0032970","regulation of actin filament-based process"
199,-0.00188758580674585,"Up",0.0209501023305456,0.996944727953093,"GO:0022604","regulation of cell morphogenesis"
29,0.00295084184110414,"Up",0.0218946238806002,0.996944727953093,"GO:2000249","regulation of actin cytoskeleton reorganization"
91,0.00889035561653687,"Up",0.0220907580122129,0.996944727953093,"GO:0030833","regulation of actin filament polymerization"
67,0.0295692318362549,"Up",0.0223466974805519,0.996944727953093,"GO:1990748","cellular detoxification"
48,0.0434781352457605,"Up",0.0227465973351528,0.996944727953093,"GO:0045824","negative regulation of innate immune response"
32,-0.00284286465458597,"Up",0.0229068521548439,0.996944727953093,"GO:1905521","regulation of macrophage migration"
25,0.000600934064715665,"Down",0.0235220676425069,0.996944727953093,"GO:0031146","SCF-dependent proteasomal ubiquitin-dependent protein catabolic process"
89,-0.00136040982865074,"Up",0.0237078772654326,0.996944727953093,"GO:0002688","regulation of leukocyte chemotaxis"
131,0.00866189108990172,"Up",0.0240484985994135,0.996944727953093,"GO:0031348","negative regulation of defense response"
40,0.0161500587305737,"Up",0.0248643002453039,0.996944727953093,"GO:0002228","natural killer cell mediated immunity"
20,0.00683883803636954,"Up",0.025148377728445,0.996944727953093,"GO:0032469","endoplasmic reticulum calcium ion homeostasis"
75,0.00649010667684383,"Up",0.0252940834579659,0.996944727953093,"GO:1901222","regulation of NIK/NF-kappaB signaling"
41,-0.00112970427316049,"Up",0.0259788812385633,0.996944727953093,"GO:0009166","nucleotide catabolic process"
473,0.000111389045257483,"Up",0.0261175049790405,0.996944727953093,"GO:0051050","positive regulation of transport"
27,0.0337816166259987,"Up",0.0264075743210047,0.996944727953093,"GO:0043300","regulation of leukocyte degranulation"
112,0.00672457441638786,"Up",0.0269251542318689,0.996944727953093,"GO:0030041","actin filament polymerization"
34,-0.00329639036910198,"Up",0.027777883806064,0.996944727953093,"GO:0032720","negative regulation of tumor necrosis factor production"
34,-0.00329639036910198,"Up",0.027777883806064,0.996944727953093,"GO:1903556","negative regulation of tumor necrosis factor superfamily cytokine production"
290,0.000681189083000259,"Up",0.0281194749962242,0.996944727953093,"GO:0098771","inorganic ion homeostasis"
18,0.0221844490675557,"Up",0.0287281133520478,0.996944727953093,"GO:0031342","negative regulation of cell killing"
61,-0.00725967368798281,"Up",0.0289996529031448,0.996944727953093,"GO:0000422","autophagy of mitochondrion"
61,-0.00725967368798281,"Up",0.0289996529031448,0.996944727953093,"GO:0061726","mitochondrion disassembly"
24,0.0754287137250378,"Up",0.0298898248703845,0.996944727953093,"GO:0042743","hydrogen peroxide metabolic process"
26,-0.00437250497512849,"Up",0.0306432448340236,0.996944727953093,"GO:0045687","positive regulation of glial cell differentiation"
78,0.0362695984124777,"Up",0.0310339297258521,0.996944727953093,"GO:0098754","detoxification"
143,0.0104190389279913,"Up",0.0312430665383925,0.996944727953093,"GO:0006909","phagocytosis"
42,0.00563280174816303,"Down",0.0312447850745142,0.996944727953093,"GO:0014855","striated muscle cell proliferation"
30,-0.00217826460365755,"Down",0.0314935004602796,0.996944727953093,"GO:0060038","cardiac muscle cell proliferation"
47,0.00123487770699056,"Up",0.031788638529736,0.996944727953093,"GO:0010822","positive regulation of mitochondrion organization"
24,-0.0259066628239898,"Up",0.0325019945243935,0.996944727953093,"GO:0032480","negative regulation of type I interferon production"
293,0.000710320046955866,"Up",0.0330167731649084,0.996944727953093,"GO:0050801","ion homeostasis"
132,0.00369436371007865,"Up",0.0332116901254634,0.996944727953093,"GO:0008154","actin polymerization or depolymerization"
27,-0.00211100560801775,"Down",0.0335660050827495,0.996944727953093,"GO:0033028","myeloid cell apoptotic process"
247,0.00344653036025562,"Up",0.0346047518423647,0.996944727953093,"GO:0043254","regulation of protein-containing complex assembly"
102,-0.000555708658256857,"Down",0.0349504354135752,0.996944727953093,"GO:0046474","glycerophospholipid biosynthetic process"
317,0.00216749887813067,"Up",0.0349702053019438,0.996944727953093,"GO:0051493","regulation of cytoskeleton organization"
105,0.00684772761112133,"Up",0.0350714299412158,0.996944727953093,"GO:0008064","regulation of actin polymerization or depolymerization"
105,0.00684772761112133,"Up",0.0350714299412158,0.996944727953093,"GO:0030832","regulation of actin filament length"
420,0.00486811486850912,"Up",0.0350876072796466,0.996944727953093,"GO:0030162","regulation of proteolysis"
20,-0.00396969476006059,"Up",0.035855056263637,0.996944727953093,"GO:0036296","response to increased oxygen levels"
58,0.0102391970929822,"Up",0.0361759184654168,0.996944727953093,"GO:0050764","regulation of phagocytosis"
463,0.00319025445773489,"Up",0.0378340215970903,0.996944727953093,"GO:0034220","ion transmembrane transport"
15,-0.00393899988065506,"Up",0.0379698845805072,0.996944727953093,"GO:0045652","regulation of megakaryocyte differentiation"
123,0.0154752880952277,"Up",0.0393122123768763,0.996944727953093,"GO:0009636","response to toxic substance"
227,0.00548731474860504,"Up",0.0399626676240679,0.996944727953093,"GO:0045862","positive regulation of proteolysis"
67,0.00579196454704166,"Up",0.0402195776054909,0.996944727953093,"GO:0055088","lipid homeostasis"
108,0.00653028031180656,"Up",0.0419307559123481,0.996944727953093,"GO:0002700","regulation of production of molecular mediator of immune response"
61,0.00739662068705311,"Down",0.0424110525111745,0.996944727953093,"GO:0007224","smoothened signaling pathway"
19,-0.0034202799710056,"Up",0.0436633956589412,0.996944727953093,"GO:0032689","negative regulation of interferon-gamma production"
76,0.00199859879685982,"Up",0.0437856961760122,0.996944727953093,"GO:0034446","substrate adhesion-dependent cell spreading"
18,0.000365073798813127,"Down",0.0439018993208357,0.996944727953093,"GO:0038095","Fc-epsilon receptor signaling pathway"
151,0.00134615716348425,"Up",0.044608133887644,0.996944727953093,"GO:0002685","regulation of leukocyte migration"
20,0.0738142070806043,"Up",0.0447903804262031,0.996944727953093,"GO:0048199","vesicle targeting, to, from or within Golgi"
47,0.00401673147334756,"Up",0.0448315179617397,0.996944727953093,"GO:0051881","regulation of mitochondrial membrane potential"
67,0.0176529125464116,"Up",0.0449095826885685,0.996944727953093,"GO:1903076","regulation of protein localization to plasma membrane"
91,0.0130526948632452,"Up",0.0455622909071907,0.996944727953093,"GO:0038061","NIK/NF-kappaB signaling"
16,0.129742622564639,"Up",0.0459936588948972,0.996944727953093,"GO:0019320","hexose catabolic process"
76,0.00605210139217855,"Down",0.0462755285624797,0.996944727953093,"GO:0046488","phosphatidylinositol metabolic process"
318,0.00341890061717266,"Up",0.0464150173856014,0.996944727953093,"GO:0055082","cellular chemical homeostasis"
23,0.0202925918891644,"Up",0.0464803193569593,0.996944727953093,"GO:0006956","complement activation"
217,0.00362091772534962,"Up",0.0465901055297147,0.996944727953093,"GO:0032102","negative regulation of response to external stimulus"
42,-0.00129319118715106,"Up",0.0471390224474854,0.996944727953093,"GO:0002637","regulation of immunoglobulin production"
232,0.00738263388423926,"Up",0.0471624384526001,0.996944727953093,"GO:0052548","regulation of endopeptidase activity"
20,0.0275628240635665,"Down",0.0472796400421848,0.996944727953093,"GO:0042073","intraciliary transport"
90,0.00564782619136331,"Up",0.0474636320199905,0.996944727953093,"GO:1903052","positive regulation of proteolysis involved in protein catabolic process"
40,-0.00947069657232539,"Up",0.0477859832655549,0.996944727953093,"GO:0031529","ruffle organization"
450,0.0118984201534069,"Up",0.048254976720235,0.996944727953093,"GO:0061024","membrane organization"
45,-0.0013891856986304,"Up",0.0482684394322449,0.996944727953093,"GO:1900024","regulation of substrate adhesion-dependent cell spreading"
23,-0.0214611388828583,"Down",0.0483454389555042,0.996944727953093,"GO:0033032","regulation of myeloid cell apoptotic process"
176,0.00290324128613108,"Up",0.0489529771960153,0.996944727953093,"GO:0010720","positive regulation of cell development"
41,-0.0102375614046944,"Up",0.0490541532213113,0.996944727953093,"GO:0043112","receptor metabolic process"
19,0.0458936226765996,"Up",0.0492055482334304,0.996944727953093,"GO:1903715","regulation of aerobic respiration"
26,-0.013984497165775,"Up",0.0494556995208456,0.996944727953093,"GO:0048246","macrophage chemotaxis"
289,0.0558724898270206,"Up",0.0494752641904406,0.996944727953093,"GO:0006091","generation of precursor metabolites and energy"
60,0.0541869875445264,"Up",0.049679194491458,0.996944727953093,"GO:0006090","pyruvate metabolic process"
18,0.119527054562294,"Up",0.0497993589403174,0.996944727953093,"GO:0046365","monosaccharide catabolic process"
69,-0.00412800165887128,"Up",0.0500511876019247,0.996944727953093,"GO:0002690","positive regulation of leukocyte chemotaxis"
88,0.00142453939616286,"Up",0.0502786005542662,0.996944727953093,"GO:1900180","regulation of protein localization to nucleus"
24,0.0619433687263211,"Up",0.0504744397500713,0.996944727953093,"GO:0007035","vacuolar acidification"
16,0.0264928693994416,"Up",0.0515569174219369,0.996944727953093,"GO:1901658","glycosyl compound catabolic process"
192,-0.000806936940569308,"Down",0.0517103039027895,0.996944727953093,"GO:0071214","cellular response to abiotic stimulus"
192,-0.000806936940569308,"Down",0.0517103039027895,0.996944727953093,"GO:0104004","cellular response to environmental stimulus"
32,0.00278258087603841,"Up",0.0519283098535373,0.996944727953093,"GO:0097028","dendritic cell differentiation"
94,0.00193246679740913,"Up",0.0525996097484161,0.996944727953093,"GO:0010821","regulation of mitochondrion organization"
35,0.0134181351729864,"Up",0.0527037960324176,0.996944727953093,"GO:0002704","negative regulation of leukocyte mediated immunity"
16,-0.029318686367456,"Up",0.0529923944413849,0.996944727953093,"GO:0002407","dendritic cell chemotaxis"
327,0.0136786607884768,"Up",0.0530331932236543,0.996944727953093,"GO:0002252","immune effector process"
22,0.0210835044733204,"Up",0.0532334733539411,0.996944727953093,"GO:0045920","negative regulation of exocytosis"
88,-0.00397600990357639,"Up",0.0537190830401867,0.996944727953093,"GO:0071675","regulation of mononuclear cell migration"
207,0.0108219671337542,"Up",0.0538454233685869,0.996944727953093,"GO:0002697","regulation of immune effector process"
17,-0.00177421742337505,"Down",0.0543655142404012,0.996944727953093,"GO:0055081","anion homeostasis"
68,0.00522523412878965,"Up",0.0544374633514317,0.996944727953093,"GO:0002698","negative regulation of immune effector process"
158,0.00285067126152361,"Up",0.0545747143466492,0.996944727953093,"GO:0072503","cellular divalent inorganic cation homeostasis"
16,-0.0087375258017314,"Up",0.0546538007119697,0.996944727953093,"GO:2000679","positive regulation of transcription regulatory region DNA binding"
19,0.0548395719047855,"Down",0.0546552209926756,0.996944727953093,"GO:0035872","nucleotide-binding domain, leucine rich repeat containing receptor signaling pathway"
19,0.0548395719047855,"Down",0.0546552209926756,0.996944727953093,"GO:0070423","nucleotide-binding oligomerization domain containing signaling pathway"
375,0.00596795468872062,"Up",0.0547878185798346,0.996944727953093,"GO:0019725","cellular homeostasis"
33,0.033574390384179,"Down",0.0551313192803994,0.996944727953093,"GO:1905515","non-motile cilium assembly"
335,0.00103365189289967,"Up",0.0556851376473009,0.996944727953093,"GO:0006897","endocytosis"
44,-0.0048890636337521,"Up",0.0557541948907289,0.996944727953093,"GO:1901292","nucleoside phosphate catabolic process"
22,0.0504594523137315,"Down",0.0558191177004472,0.996944727953093,"GO:0000289","nuclear-transcribed mRNA poly(A) tail shortening"
30,-0.00767777611534936,"Up",0.0558887833446082,0.996944727953093,"GO:1900026","positive regulation of substrate adhesion-dependent cell spreading"
40,0.0326371730112928,"Down",0.0559196407345643,0.996944727953093,"GO:0002088","lens development in camera-type eye"
15,-0.019086390518462,"Up",0.0561244620110947,0.996944727953093,"GO:0046697","decidualization"
142,0.0125241008050484,"Up",0.0569359338151109,0.996944727953093,"GO:0002699","positive regulation of immune effector process"
34,-0.000590206534499237,"Up",0.0570618175637238,0.996944727953093,"GO:0031638","zymogen activation"
43,0.0201119606329131,"Up",0.0571983636268972,0.996944727953093,"GO:0051279","regulation of release of sequestered calcium ion into cytosol"
26,-0.0114489385339334,"Up",0.0573287214366032,0.996944727953093,"GO:0097006","regulation of plasma lipoprotein particle levels"
17,0.0595146811331324,"Up",0.057343549579091,0.996944727953093,"GO:0001911","negative regulation of leukocyte mediated cytotoxicity"
36,-0.00469049087307372,"Up",0.0575751938504627,0.996944727953093,"GO:0030838","positive regulation of actin filament polymerization"
25,-0.00619848385454041,"Up",0.058329169541746,0.996944727953093,"GO:0010518","positive regulation of phospholipase activity"
224,0.00586064538564246,"Up",0.0584467538461209,0.996944727953093,"GO:0042176","regulation of protein catabolic process"
130,0.0121495219481132,"Up",0.0586383391469289,0.996944727953093,"GO:0032271","regulation of protein polymerization"
26,-0.00239034239803089,"Up",0.0587844212542322,0.996944727953093,"GO:0031295","T cell costimulation"
80,0.012969304931596,"Up",0.0590080424777854,0.996944727953093,"GO:1904375","regulation of protein localization to cell periphery"
22,-0.0134677640286943,"Down",0.0590388099956268,0.996944727953093,"GO:0010837","regulation of keratinocyte proliferation"
138,0.0659795621863662,"Up",0.0606061875219547,0.996944727953093,"GO:0046034","ATP metabolic process"
174,0.00415507030864067,"Up",0.0612956442699587,0.996944727953093,"GO:0110053","regulation of actin filament organization"
21,0.0319905001007348,"Down",0.0614188869788643,0.996944727953093,"GO:0003230","cardiac atrium development"
179,0.0048077915278941,"Up",0.0615393325653002,0.996944727953093,"GO:0051258","protein polymerization"
17,0.0552541596231569,"Up",0.0616846346130917,0.996944727953093,"GO:0030808","regulation of nucleotide biosynthetic process"
17,0.0552541596231569,"Up",0.0616846346130917,0.996944727953093,"GO:1900371","regulation of purine nucleotide biosynthetic process"
321,0.0111480116858882,"Up",0.0620396143916616,0.996944727953093,"GO:0072657","protein localization to membrane"
42,0.00550613550435254,"Down",0.0622323212257544,0.996944727953093,"GO:0003281","ventricular septum development"
28,-0.00351796212873385,"Up",0.0623320341434231,0.996944727953093,"GO:2000242","negative regulation of reproductive process"
474,0.00484552502387703,"Up",0.0624220471316408,0.996944727953093,"GO:0048878","chemical homeostasis"
54,0.0293472198319941,"Up",0.0627459165634989,0.996944727953093,"GO:0002275","myeloid cell activation involved in immune response"
40,0.0106205022238701,"Up",0.0630309207447195,0.996944727953093,"GO:0071709","membrane assembly"
17,-0.0282881047246463,"Up",0.0630500663042393,0.996944727953093,"GO:0090382","phagosome maturation"
31,0.028024131408248,"Up",0.0637904268919142,0.996944727953093,"GO:0018208","peptidyl-proline modification"
27,-0.0109562267672981,"Up",0.0640449281142269,0.996944727953093,"GO:0010934","macrophage cytokine production"
27,-0.0109562267672981,"Up",0.0640449281142269,0.996944727953093,"GO:0010935","regulation of macrophage cytokine production"
60,0.0399088404748274,"Up",0.0645012187479324,0.996944727953093,"GO:0007040","lysosome organization"
60,0.0399088404748274,"Up",0.0645012187479324,0.996944727953093,"GO:0080171","lytic vacuole organization"
15,-0.013721368443272,"Up",0.0653165228411655,0.996944727953093,"GO:0055093","response to hyperoxia"
32,0.0671317035582616,"Up",0.0655449605584371,0.996944727953093,"GO:0051452","intracellular pH reduction"
223,0.00372416455313844,"Up",0.066174648799232,0.996944727953093,"GO:0051098","regulation of binding"
68,0.067752379484201,"Up",0.066880145680569,0.996944727953093,"GO:0019882","antigen processing and presentation"
42,1.60538969450639e-05,"Up",0.0670053341956401,0.996944727953093,"GO:0014015","positive regulation of gliogenesis"
19,0.0640935188072421,"Up",0.0670837425976408,0.996944727953093,"GO:0018126","protein hydroxylation"
105,-0.000148425665988141,"Up",0.0672405010691975,0.996944727953093,"GO:0002687","positive regulation of leukocyte migration"
45,-0.00440674389539357,"Up",0.0672679024301583,0.996944727953093,"GO:0046364","monosaccharide biosynthetic process"
87,0.094141641629608,"Up",0.0681332845564986,0.996944727953093,"GO:1902600","proton transmembrane transport"
171,0.0113544586042271,"Up",0.0684417693497335,0.996944727953093,"GO:0072659","protein localization to plasma membrane"
105,0.00962711450623077,"Up",0.068512050302642,0.996944727953093,"GO:0010950","positive regulation of endopeptidase activity"
257,0.00031261178398498,"Up",0.0688057922561285,0.996944727953093,"GO:0009991","response to extracellular stimulus"
124,0.00371162706630752,"Up",0.0690993168941048,0.996944727953093,"GO:0030100","regulation of endocytosis"
299,0.00401474068730939,"Up",0.0692197502129815,0.996944727953093,"GO:0044089","positive regulation of cellular component biogenesis"
188,0.00375296748191133,"Down",0.0694607774316105,0.996944727953093,"GO:0018209","peptidyl-serine modification"
24,0.0724844622721657,"Up",0.0700233098053158,0.996944727953093,"GO:0006901","vesicle coating"
27,0.0327876880795215,"Up",0.0702305119371731,0.996944727953093,"GO:0043457","regulation of cellular respiration"
47,-0.00900150852614846,"Up",0.0706392376514649,0.996944727953093,"GO:0010324","membrane invagination"
26,0.0103628334519209,"Up",0.0707200878235507,0.996944727953093,"GO:1903146","regulation of autophagy of mitochondrion"
140,0.0025070872716678,"Up",0.0707530318910969,0.996944727953093,"GO:0006874","cellular calcium ion homeostasis"
20,0.0308419675599273,"Up",0.0713700309269117,0.996944727953093,"GO:1903077","negative regulation of protein localization to plasma membrane"
20,0.0308419675599273,"Up",0.0713700309269117,0.996944727953093,"GO:1904376","negative regulation of protein localization to cell periphery"
27,-0.000574956482430474,"Up",0.0716165542388146,0.996944727953093,"GO:0031294","lymphocyte costimulation"
23,-0.0266839955186366,"Up",0.0729244699584506,0.996944727953093,"GO:1901185","negative regulation of ERBB signaling pathway"
56,0.0331636831334162,"Up",0.0732676255541843,0.996944727953093,"GO:0046939","nucleotide phosphorylation"
213,0.00578556986954318,"Up",0.0739967780687886,0.996944727953093,"GO:0032535","regulation of cellular component size"
250,0.0104397334172632,"Up",0.0742475935431886,0.996944727953093,"GO:0052547","regulation of peptidase activity"
96,0.00119358353860305,"Up",0.074451108748502,0.996944727953093,"GO:0051100","negative regulation of binding"
282,0.00821250695964722,"Up",0.0745048634857267,0.996944727953093,"GO:0060627","regulation of vesicle-mediated transport"
43,-0.000759160946155344,"Up",0.074509881626656,0.996944727953093,"GO:0010761","fibroblast migration"
104,0.014562841909676,"Up",0.0747932624850722,0.996944727953093,"GO:0050777","negative regulation of immune response"
58,0.00343353245841319,"Up",0.0748391138772489,0.996944727953093,"GO:1905954","positive regulation of lipid localization"
31,-0.020940973719647,"Up",0.0748921999883384,0.996944727953093,"GO:0097178","ruffle assembly"
79,0.00669171285089115,"Up",0.0753360260784007,0.996944727953093,"GO:1901800","positive regulation of proteasomal protein catabolic process"
31,0.00616297240403581,"Up",0.0755773069731837,0.996944727953093,"GO:1905710","positive regulation of membrane permeability"
55,0.0387861172005498,"Up",0.0755829735196255,0.996944727953093,"GO:0006165","nucleoside diphosphate phosphorylation"
105,0.00445338993607482,"Up",0.0758133360990553,0.996944727953093,"GO:1905475","regulation of protein localization to membrane"
17,0.149586095975898,"Up",0.0758152659527523,0.996944727953093,"GO:0007042","lysosomal lumen acidification"
33,0.0305431129377586,"Up",0.0759923692630821,0.996944727953093,"GO:0021762","substantia nigra development"
23,0.00999324236218902,"Up",0.0760458329701722,0.996944727953093,"GO:0002701","negative regulation of production of molecular mediator of immune response"
205,0.003173519433606,"Up",0.0760624329029681,0.996944727953093,"GO:0006875","cellular metal ion homeostasis"
16,0.0984829354747706,"Up",0.077094560974538,0.996944727953093,"GO:0048207","vesicle targeting, rough ER to cis-Golgi"
16,0.0984829354747706,"Up",0.077094560974538,0.996944727953093,"GO:0048208","COPII vesicle coating"
275,-7.02454263238238e-05,"Up",0.0774770130027907,0.996944727953093,"GO:0051046","regulation of secretion"
154,0.0744386412257437,"Up",0.0778432981874773,0.996944727953093,"GO:0009205","purine ribonucleoside triphosphate metabolic process"
47,0.0210734505900072,"Up",0.0782494641089343,0.996944727953093,"GO:1900542","regulation of purine nucleotide metabolic process"
50,0.0160377276677492,"Up",0.0784356171790739,0.996944727953093,"GO:0006140","regulation of nucleotide metabolic process"
40,-0.00519923370933441,"Up",0.0784661807469766,0.996944727953093,"GO:1905517","macrophage migration"
26,-0.00291841618111429,"Down",0.0789782068641254,0.996944727953093,"GO:0043616","keratinocyte proliferation"
45,0.0583363751940207,"Up",0.079112223442746,0.996944727953093,"GO:0006096","glycolytic process"
21,0.00269418437528318,"Up",0.0792287874366736,0.996944727953093,"GO:0090322","regulation of superoxide metabolic process"
21,-0.0175955965129607,"Up",0.0804356023407783,0.996944727953093,"GO:0036336","dendritic cell migration"
155,0.0747537821899996,"Up",0.0809518554700545,0.996944727953093,"GO:0009199","ribonucleoside triphosphate metabolic process"
42,0.0120651666599964,"Up",0.08115052312809,0.996944727953093,"GO:0044091","membrane biogenesis"
67,0.0421541273791978,"Up",0.0811931670846552,0.996944727953093,"GO:0007006","mitochondrial membrane organization"
171,0.00474137800532685,"Up",0.0814884796436123,0.996944727953093,"GO:0072507","divalent inorganic cation homeostasis"
157,0.0751778142179819,"Up",0.0815012035091489,0.996944727953093,"GO:0009144","purine nucleoside triphosphate metabolic process"
28,0.00550101451279747,"Up",0.0815519137597759,0.996944727953093,"GO:0002279","mast cell activation involved in immune response"
41,-0.00858673483425195,"Up",0.0816963111737345,0.996944727953093,"GO:0099024","plasma membrane invagination"
201,0.0160855708858248,"Up",0.0820965879727927,0.996944727953093,"GO:0002443","leukocyte mediated immunity"
30,0.00260940943655807,"Up",0.0830747220093893,0.996944727953093,"GO:0002639","positive regulation of immunoglobulin production"
277,0.00404376105109623,"Up",0.0833027199210483,0.996944727953093,"GO:0007015","actin filament organization"
150,0.00393632679427331,"Up",0.0833565230391704,0.996944727953093,"GO:0055074","calcium ion homeostasis"
75,0.0322950943400741,"Up",0.083409055682785,0.996944727953093,"GO:0072655","establishment of protein localization to mitochondrion"
78,0.0304299590021269,"Up",0.0834489521528841,0.996944727953093,"GO:0070585","protein localization to mitochondrion"
37,-0.000373313627861413,"Down",0.0838000165815989,0.996944727953093,"GO:0046928","regulation of neurotransmitter secretion"
146,0.0130320744054728,"Up",0.0840058061025889,0.996944727953093,"GO:1903050","regulation of proteolysis involved in protein catabolic process"
260,0.0367966116692252,"Up",0.0844840820062866,0.996944727953093,"GO:0032787","monocarboxylic acid metabolic process"
67,0.0169035697435619,"Up",0.08453337749593,0.996944727953093,"GO:0042177","negative regulation of protein catabolic process"
36,0.112894288749128,"Up",0.0846859535563424,0.996944727953093,"GO:0051205","protein insertion into membrane"
83,-0.002657751227436,"Up",0.0847618388787244,0.996944727953093,"GO:0038127","ERBB signaling pathway"
51,0.0728348502861701,"Up",0.0863535015624832,0.996944727953093,"GO:0019395","fatty acid oxidation"
21,0.0382869049023361,"Down",0.0863609386210569,0.996944727953093,"GO:0045737","positive regulation of cyclin-dependent protein serine/threonine kinase activity"
22,0.0447888456293653,"Up",0.0865384887416855,0.996944727953093,"GO:0042554","superoxide anion generation"
67,0.00771091448669891,"Down",0.0867781162218091,0.996944727953093,"GO:0006661","phosphatidylinositol biosynthetic process"
39,0.11486738028666,"Up",0.0872158060738894,0.996944727953093,"GO:0006635","fatty acid beta-oxidation"
37,0.0153294836683785,"Up",0.0872655314063362,0.996944727953093,"GO:0010883","regulation of lipid storage"
55,0.00176149219221563,"Down",0.0875346545637845,0.996944727953093,"GO:0007498","mesoderm development"
16,0.0106906365091526,"Up",0.0878808070452753,0.996944727953093,"GO:0006907","pinocytosis"
155,0.0489120731528678,"Up",0.0883459241623337,0.996944727953093,"GO:0044282","small molecule catabolic process"
21,0.035274746260213,"Up",0.0885641580260698,0.996944727953093,"GO:0010742","macrophage derived foam cell differentiation"
178,0.00594661946211285,"Down",0.0886842573643142,0.996944727953093,"GO:0018105","peptidyl-serine phosphorylation"
19,0.0166035311121213,"Up",0.0887075159054159,0.996944727953093,"GO:0002719","negative regulation of cytokine production involved in immune response"
19,-0.0189839935902233,"Up",0.089195600114995,0.996944727953093,"GO:0010863","positive regulation of phospholipase C activity"
56,0.0680374923281263,"Up",0.0895184032063667,0.996944727953093,"GO:0034440","lipid oxidation"
39,0.011530557086005,"Up",0.0897407092958699,0.996944727953093,"GO:0006801","superoxide metabolic process"
51,-0.0014005802781052,"Down",0.0899494765056501,0.996944727953093,"GO:0097306","cellular response to alcohol"
46,0.0518555355860945,"Up",0.0902671929659933,0.996944727953093,"GO:0006757","ATP generation from ADP"
195,0.00765897157081263,"Up",0.0906458517129915,0.996944727953093,"GO:1990778","protein localization to cell periphery"
35,-0.00273366501402006,"Up",0.090852082198153,0.996944727953093,"GO:0045576","mast cell activation"
75,0.0110761779995738,"Up",0.0909225402600706,0.996944727953093,"GO:0043467","regulation of generation of precursor metabolites and energy"
37,0.0134645454991969,"Down",0.0909425119623143,0.996944727953093,"GO:0001736","establishment of planar polarity"
37,0.0134645454991969,"Down",0.0909425119623143,0.996944727953093,"GO:0007164","establishment of tissue polarity"
22,-0.00169531959363188,"Up",0.091533641721267,0.996944727953093,"GO:0043330","response to exogenous dsRNA"
19,0.0306403207164517,"Up",0.0917446057167137,0.996944727953093,"GO:0032373","positive regulation of sterol transport"
19,0.0306403207164517,"Up",0.0917446057167137,0.996944727953093,"GO:0032376","positive regulation of cholesterol transport"
16,0.0783962995186434,"Up",0.0919516824833225,0.996944727953093,"GO:0010743","regulation of macrophage derived foam cell differentiation"
35,0.0513052114885844,"Up",0.0920036461266667,0.996944727953093,"GO:0072524","pyridine-containing compound metabolic process"
47,0.0407100481931537,"Down",0.092019977366461,0.996944727953093,"GO:0007368","determination of left/right symmetry"
39,0.0121483395234074,"Up",0.0933462231306469,0.996944727953093,"GO:0050766","positive regulation of phagocytosis"
40,0.116246732426814,"Up",0.0934713229203659,0.996944727953093,"GO:0048002","antigen processing and presentation of peptide antigen"
166,0.073872739000095,"Up",0.0935039747962383,0.996944727953093,"GO:0009141","nucleoside triphosphate metabolic process"
131,0.0036252687743134,"Down",0.0937036673233064,0.996944727953093,"GO:0008654","phospholipid biosynthetic process"
23,0.0935811145963844,"Up",0.0937585357687783,0.996944727953093,"GO:0006749","glutathione metabolic process"
36,-0.020004530416288,"Up",0.0938662328208087,0.996944727953093,"GO:0061082","myeloid leukocyte cytokine production"
242,0.00485787238890842,"Up",0.0947649632229709,0.996944727953093,"GO:1902903","regulation of supramolecular fiber organization"
20,-0.0399093184047613,"Up",0.0948024326529737,0.996944727953093,"GO:0042059","negative regulation of epidermal growth factor receptor signaling pathway"
53,0.0476057410712084,"Up",0.0963419880504502,0.996944727953093,"GO:0046031","ADP metabolic process"
38,-0.0189375778139126,"Up",0.0966471425126939,0.996944727953093,"GO:0043030","regulation of macrophage activation"
80,0.00548013710918203,"Up",0.0967126910134302,0.996944727953093,"GO:0002702","positive regulation of production of molecular mediator of immune response"
42,0.0191760990516862,"Up",0.0982857362410103,0.996944727953093,"GO:1903578","regulation of ATP metabolic process"
66,0.00963689508911081,"Up",0.0983793988233139,0.996944727953093,"GO:0045185","maintenance of protein location"
94,0.00853229381388864,"Up",0.0984214904670934,0.996944727953093,"GO:0006006","glucose metabolic process"
38,0.0321256684356023,"Down",0.098538068468163,0.996944727953093,"GO:0098659","inorganic cation import across plasma membrane"
38,0.0321256684356023,"Down",0.098538068468163,0.996944727953093,"GO:0099587","inorganic ion import across plasma membrane"
45,0.00863027561735244,"Up",0.0985563432262882,0.996944727953093,"GO:0090559","regulation of membrane permeability"
59,0.0133318118022941,"Up",0.0987735939026849,0.996944727953093,"GO:1900182","positive regulation of protein localization to nucleus"
47,0.0323572939061265,"Up",0.0988200523067041,0.996944727953093,"GO:0006885","regulation of pH"
122,-0.00139687434149767,"Up",0.0992008795108879,0.996944727953093,"GO:0043393","regulation of protein binding"
29,0.0155366183609162,"Up",0.0993378503512357,0.996944727953093,"GO:0002707","negative regulation of lymphocyte mediated immunity"
21,0.112545054476856,"Down",0.0993518538091004,0.996944727953093,"GO:0045005","DNA-templated DNA replication maintenance of fidelity"
435,0.000940984596984649,"Up",0.099411397647287,0.996944727953093,"GO:0046903","secretion"
73,0.0179104818143408,"Up",0.099442738796409,0.996944727953093,"GO:0051208","sequestering of calcium ion"
28,-0.0125751583425049,"Down",0.0996382667531301,0.996944727953093,"GO:0120163","negative regulation of cold-induced thermogenesis"
18,0.135662871579651,"Up",0.100017963474012,0.996944727953093,"GO:0007007","inner mitochondrial membrane organization"
19,0.117461124516896,"Up",0.10051198680051,0.996944727953093,"GO:0035751","regulation of lysosomal lumen pH"
122,0.01319459354029,"Up",0.101169573626844,0.996944727953093,"GO:0061136","regulation of proteasomal protein catabolic process"
119,0.102038490381781,"Up",0.101813387316108,0.996944727953093,"GO:0022900","electron transport chain"
15,0.0494702556768834,"Up",0.101883401590561,0.996944727953093,"GO:0043302","positive regulation of leukocyte degranulation"
114,0.00300784493128545,"Up",0.102050134974112,0.996944727953093,"GO:1902905","positive regulation of supramolecular fiber organization"
32,0.00151986651695892,"Up",0.102231292738613,0.996944727953093,"GO:2000677","regulation of transcription regulatory region DNA binding"
46,0.0879374978864755,"Up",0.102849012682047,0.996944727953093,"GO:0009062","fatty acid catabolic process"
27,-8.11375387096029e-05,"Up",0.103459953066026,0.996944727953093,"GO:0043303","mast cell degranulation"
29,0.0859393849663481,"Up",0.10425672301148,0.996944727953093,"GO:0045454","cell redox homeostasis"
22,-0.00888757588847442,"Down",0.104523989044334,0.996944727953093,"GO:0032467","positive regulation of cytokinesis"
44,-0.00255947826171362,"Up",0.104624745424474,0.996944727953093,"GO:0032370","positive regulation of lipid transport"
178,0.00446268422546565,"Up",0.104652074063064,0.996944727953093,"GO:0002253","activation of immune response"
418,0.00274785597614298,"Up",0.104771338915706,0.996944727953093,"GO:0043086","negative regulation of catalytic activity"
149,0.0273995115683057,"Up",0.10488303187521,0.996944727953093,"GO:0002449","lymphocyte mediated immunity"
203,0.0829057953499844,"Up",0.10491382159635,0.996944727953093,"GO:0015980","energy derivation by oxidation of organic compounds"
27,0.0115187663596818,"Down",0.105037333417882,0.996944727953093,"GO:0060412","ventricular septum morphogenesis"
309,0.0434587418163027,"Up",0.105596032050891,0.996944727953093,"GO:0009117","nucleotide metabolic process"
75,0.00288036542085838,"Up",0.106884298227317,0.996944727953093,"GO:0046434","organophosphate catabolic process"
21,0.0201612504958877,"Up",0.106998780375196,0.996944727953093,"GO:0051281","positive regulation of release of sequestered calcium ion into cytosol"
111,0.0130558718827011,"Up",0.107077992455061,0.996944727953093,"GO:0019318","hexose metabolic process"
65,0.00732783215612606,"Up",0.107425383889348,0.996944727953093,"GO:0032479","regulation of type I interferon production"
65,0.00732783215612606,"Up",0.107425383889348,0.996944727953093,"GO:0032606","type I interferon production"
42,-0.0140711583893431,"Up",0.108096410826702,0.996944727953093,"GO:0043279","response to alkaloid"
270,0.00506299078045166,"Up",0.108106517680756,0.996944727953093,"GO:0090066","regulation of anatomical structure size"
342,0.0375310688355127,"Up",0.108274519834465,0.996944727953093,"GO:0055086","nucleobase-containing small molecule metabolic process"
312,0.0433843711094382,"Up",0.108389054866648,0.996944727953093,"GO:0006753","nucleoside phosphate metabolic process"
17,0.0139033553822564,"Down",0.108616996663947,0.996944727953093,"GO:0006925","inflammatory cell apoptotic process"
67,0.00307367497849438,"Down",0.10864924270166,0.996944727953093,"GO:0045639","positive regulation of myeloid cell differentiation"
29,-0.00868489798824394,"Up",0.109334672304059,0.996944727953093,"GO:0002448","mast cell mediated immunity"
256,-0.000737009864896831,"Up",0.109493776713936,0.996944727953093,"GO:1903530","regulation of secretion by cell"
80,0.00490309248241944,"Up",0.109681867634812,0.996944727953093,"GO:0043280","positive regulation of cysteine-type endopeptidase activity involved in apoptotic process"
29,0.0141824954877158,"Down",0.110023165592108,0.996944727953093,"GO:0090175","regulation of establishment of planar polarity"
94,0.0576503794678353,"Up",0.110264390439149,0.996944727953093,"GO:0044242","cellular lipid catabolic process"
81,0.0261037391382869,"Up",0.110388425212119,0.996944727953093,"GO:0071346","cellular response to interferon-gamma"
245,0.0414343279680778,"Up",0.111065349587701,0.996944727953093,"GO:0009150","purine ribonucleotide metabolic process"
187,0.00154722643607871,"Up",0.111193748801968,0.996944727953093,"GO:0009410","response to xenobiotic stimulus"
30,0.0239976283398811,"Up",0.111275402349223,0.996944727953093,"GO:0032371","regulation of sterol transport"
30,0.0239976283398811,"Up",0.111275402349223,0.996944727953093,"GO:0032374","regulation of cholesterol transport"
51,-0.00955192576422885,"Up",0.111444689680697,0.996944727953093,"GO:1901184","regulation of ERBB signaling pathway"
23,0.038447311089768,"Up",0.111447424235404,0.996944727953093,"GO:1905476","negative regulation of protein localization to membrane"
36,-0.0088029604528141,"Up",0.111485545599013,0.996944727953093,"GO:0006911","phagocytosis, engulfment"
26,0.0540621836105564,"Up",0.111659484340842,0.996944727953093,"GO:1902745","positive regulation of lamellipodium organization"
18,-0.0217705397369302,"Down",0.112140695220221,0.996944727953093,"GO:0050901","leukocyte tethering or rolling"
21,-0.0190300730716534,"Up",0.112246681206809,0.996944727953093,"GO:0032801","receptor catabolic process"
43,0.00678715002311999,"Up",0.112359948654933,0.996944727953093,"GO:0034754","cellular hormone metabolic process"
23,0.0106392689409471,"Up",0.112402806286342,0.996944727953093,"GO:0001893","maternal placenta development"
28,0.0109004547603598,"Up",0.112799766156254,0.996944727953093,"GO:2000378","negative regulation of reactive oxygen species metabolic process"
24,0.0290864372519457,"Up",0.112989361281988,0.996944727953093,"GO:0006220","pyrimidine nucleotide metabolic process"
39,0.0216080872039148,"Up",0.113061092352845,0.996944727953093,"GO:2001244","positive regulation of intrinsic apoptotic signaling pathway"
31,0.0639875254781258,"Up",0.113396189919799,0.996944727953093,"GO:1903573","negative regulation of response to endoplasmic reticulum stress"
15,-0.0173765684532403,"Up",0.113462435429869,0.996944727953093,"GO:0010884","positive regulation of lipid storage"
253,0.042752428468444,"Up",0.113510704761772,0.996944727953093,"GO:0006163","purine nucleotide metabolic process"
26,-0.00688592599267064,"Up",0.113557314593498,0.996944727953093,"GO:0009394","2'-deoxyribonucleotide metabolic process"
61,0.00562297963338972,"Up",0.113601932309351,0.996944727953093,"GO:0035304","regulation of protein dephosphorylation"
18,0.0119932567573927,"Down",0.113777631286629,0.996944727953093,"GO:0009948","anterior/posterior axis specification"
472,0.00454413073485051,"Up",0.114111813632099,0.996944727953093,"GO:0032880","regulation of protein localization"
246,0.00347297658267482,"Up",0.115167099309968,0.996944727953093,"GO:0055065","metal ion homeostasis"
21,0.0423484940386141,"Up",0.115234437822293,0.996944727953093,"GO:0071276","cellular response to cadmium ion"
305,0.00305758878654432,"Up",0.115342158478326,0.996944727953093,"GO:0010035","response to inorganic substance"
71,0.00610541340788541,"Up",0.116028451279498,0.996944727953093,"GO:0030879","mammary gland development"
16,0.0300119787831977,"Up",0.116216812874658,0.996944727953093,"GO:0010875","positive regulation of cholesterol efflux"
258,0.0441011051992692,"Up",0.116724790380104,0.996944727953093,"GO:0019693","ribose phosphate metabolic process"
42,0.0803900095516559,"Up",0.116788295258571,0.996944727953093,"GO:0006081","cellular aldehyde metabolic process"
74,0.0225647572138067,"Up",0.11702848127047,0.996944727953093,"GO:0016064","immunoglobulin mediated immune response"
74,0.0225647572138067,"Up",0.11702848127047,0.996944727953093,"GO:0019724","B cell mediated immunity"
17,-0.00416951095379055,"Up",0.117032385608403,0.996944727953093,"GO:0090312","positive regulation of protein deacetylation"
87,0.00896569874669645,"Up",0.117422090936712,0.996944727953093,"GO:1905952","regulation of lipid localization"
104,0.037226392532422,"Up",0.117692474820098,0.996944727953093,"GO:0006839","mitochondrial transport"
61,0.046235548437263,"Up",0.117850927893973,0.996944727953093,"GO:0009135","purine nucleoside diphosphate metabolic process"
61,0.046235548437263,"Up",0.117850927893973,0.996944727953093,"GO:0009179","purine ribonucleoside diphosphate metabolic process"
77,0.0155496812081033,"Down",0.117983864020874,0.996944727953093,"GO:0098739","import across plasma membrane"
118,0.0141095257186814,"Up",0.118892192226523,0.996944727953093,"GO:0010952","positive regulation of peptidase activity"
122,0.0149768960949043,"Up",0.118918950637534,0.996944727953093,"GO:0005996","monosaccharide metabolic process"
67,-0.00958368270725853,"Up",0.119054642600207,0.996944727953093,"GO:0045471","response to ethanol"
28,-0.000785153764471697,"Up",0.119700281374629,0.996944727953093,"GO:0033344","cholesterol efflux"
20,0.0476204565352476,"Up",0.119836426360053,0.996944727953093,"GO:0010592","positive regulation of lamellipodium assembly"
24,0.0681182045469705,"Down",0.119913831620765,0.996944727953093,"GO:0070192","chromosome organization involved in meiotic cell cycle"
120,0.00396242855480479,"Up",0.120369611664523,0.996944727953093,"GO:0051495","positive regulation of cytoskeleton organization"
71,-0.000874888638962964,"Up",0.12038267959741,0.996944727953093,"GO:0008037","cell recognition"
27,0.000418631729782284,"Up",0.121260688958526,0.996944727953093,"GO:0009262","deoxyribonucleotide metabolic process"
27,0.000418631729782284,"Up",0.121260688958526,0.996944727953093,"GO:0019692","deoxyribose phosphate metabolic process"
29,0.0209547130975336,"Down",0.121542879268436,0.996944727953093,"GO:0003143","embryonic heart tube morphogenesis"
42,-0.000590064779797462,"Down",0.121810289163025,0.996944727953093,"GO:0051588","regulation of neurotransmitter transport"
51,0.0128199889873124,"Down",0.122418868111648,0.996944727953093,"GO:0060419","heart growth"
92,0.0505547239113534,"Up",0.122973274203446,0.996944727953093,"GO:0046395","carboxylic acid catabolic process"
94,0.0533954057977718,"Up",0.12302108831239,0.996944727953093,"GO:0016054","organic acid catabolic process"
137,0.0189990611268329,"Up",0.123052262945123,0.996944727953093,"GO:0002440","production of molecular mediator of immune response"
375,0.012143376300781,"Up",0.123397271062363,0.996944727953093,"GO:0051668","localization within membrane"
131,0.186502958382681,"Up",0.123819522706122,0.996944727953093,"GO:0009060","aerobic respiration"
65,0.0109938554267226,"Up",0.12404688753409,0.996944727953093,"GO:0008637","apoptotic mitochondrial changes"
93,0.0105361372820902,"Down",0.124307976141991,0.996944727953093,"GO:0035265","organ growth"
262,-7.93343126818271e-05,"Up",0.124579816320532,0.996944727953093,"GO:0006979","response to oxidative stress"
157,0.140204026334232,"Up",0.12473066794841,0.996944727953093,"GO:0045333","cellular respiration"
15,-0.0297130253057195,"Up",0.124998669337929,0.996944727953093,"GO:0010885","regulation of cholesterol storage"
61,0.0240623330857414,"Up",0.125103671256063,0.996944727953093,"GO:0097581","lamellipodium organization"
147,-0.00376350327462301,"Up",0.125608436178697,0.996944727953093,"GO:0006898","receptor-mediated endocytosis"
253,0.0430932095292478,"Up",0.126097974420598,0.996944727953093,"GO:0009259","ribonucleotide metabolic process"
36,0.0063561146245665,"Up",0.126373166151582,0.996944727953093,"GO:0046902","regulation of mitochondrial membrane permeability"
264,0.041409566423628,"Up",0.127072469065153,0.996944727953093,"GO:0072521","purine-containing compound metabolic process"
18,0.0340879418435113,"Up",0.127073125661744,0.996944727953093,"GO:0051560","mitochondrial calcium ion homeostasis"
74,0.034050206570583,"Up",0.127439961571964,0.996944727953093,"GO:0009132","nucleoside diphosphate metabolic process"
35,-0.000301280007516734,"Down",0.127673521175734,0.996944727953093,"GO:0072698","protein localization to microtubule cytoskeleton"
66,0.0395564764825517,"Up",0.127819276508012,0.996944727953093,"GO:0009185","ribonucleoside diphosphate metabolic process"
157,0.04454117980195,"Up",0.127967396110558,0.996944727953093,"GO:0006631","fatty acid metabolic process"
41,0.0392598283156218,"Up",0.128334324694869,0.996944727953093,"GO:0051453","regulation of intracellular pH"
160,0.00379901968020354,"Up",0.128995309124417,0.996944727953093,"GO:0070588","calcium ion transmembrane transport"
63,0.00782587959584078,"Up",0.129150369300294,0.996944727953093,"GO:0032273","positive regulation of protein polymerization"
131,0.00528322644999573,"Down",0.129256976112561,0.996944727953093,"GO:0045930","negative regulation of mitotic cell cycle"
68,0.00866278421721684,"Up",0.129275102142618,0.996944727953093,"GO:0032368","regulation of lipid transport"
62,0.0131008546224644,"Up",0.129789310000244,0.996944727953093,"GO:0032091","negative regulation of protein binding"
40,0.0169742099006832,"Down",0.129876820959567,0.996944727953093,"GO:0098773","skin epidermis development"
39,0.0278971332598289,"Up",0.129898028623723,0.996944727953093,"GO:0007589","body fluid secretion"
152,0.0144502457545334,"Down",0.130349260316146,0.996944727953093,"GO:0044782","cilium organization"
17,0.0570311605501159,"Up",0.130635962316532,0.996944727953093,"GO:0019081","viral translation"
66,0.0340937212569697,"Up",0.131641158262003,0.996944727953093,"GO:0001909","leukocyte mediated cytotoxicity"
90,0.0108477799066025,"Up",0.131885594754963,0.996944727953093,"GO:0072330","monocarboxylic acid biosynthetic process"
25,0.0103435453145205,"Up",0.132373699497402,0.996944727953093,"GO:0048713","regulation of oligodendrocyte differentiation"
51,0.108078271926659,"Up",0.132424120158934,0.996944727953093,"GO:0072329","monocarboxylic acid catabolic process"
63,0.0477579592088964,"Up",0.132681862779235,0.996944727953093,"GO:0006626","protein targeting to mitochondrion"
36,-0.013993999038142,"Up",0.132795107719178,0.996944727953093,"GO:0001836","release of cytochrome c from mitochondria"
19,0.0137145119799512,"Up",0.132844659988304,0.996944727953093,"GO:0010644","cell communication by electrical coupling"
16,0.0106577862752658,"Up",0.133218485275359,0.996944727953093,"GO:0042181","ketone biosynthetic process"
253,0.00294022738681789,"Up",0.133433644928985,0.996944727953093,"GO:1903829","positive regulation of protein localization"
33,0.0466816429589237,"Up",0.133786061270316,0.996944727953093,"GO:0071763","nuclear membrane organization"
23,0.0601368692895711,"Down",0.133972104227759,0.996944727953093,"GO:1904031","positive regulation of cyclin-dependent protein kinase activity"
25,0.0328277802336577,"Up",0.134383464621623,0.996944727953093,"GO:0019068","virion assembly"
44,0.0401183179589982,"Up",0.134516961153669,0.996944727953093,"GO:0030641","regulation of cellular pH"
409,0.0198255724082771,"Up",0.134596760842144,0.996944727953093,"GO:0045087","innate immune response"
39,-0.00181922164140804,"Up",0.134938945153097,0.996944727953093,"GO:0098930","axonal transport"
478,0.00903757059293752,"Up",0.1351563296365,0.996944727953093,"GO:0071345","cellular response to cytokine stimulus"
16,0.0689219686960513,"Up",0.135204217746531,0.996944727953093,"GO:0039702","viral budding via host ESCRT complex"
15,-0.00264092404668449,"Up",0.13564372925134,0.996944727953093,"GO:0031639","plasminogen activation"
44,0.12578589584327,"Up",0.135841073763104,0.996944727953093,"GO:1990542","mitochondrial transmembrane transport"
22,-0.0337661721446262,"Up",0.135993469741622,0.996944727953093,"GO:1900027","regulation of ruffle assembly"
15,0.0616139974539264,"Up",0.136630153525351,0.996944727953093,"GO:0045980","negative regulation of nucleotide metabolic process"
136,0.0106535867873488,"Down",0.137271905885491,0.996944727953093,"GO:1901988","negative regulation of cell cycle phase transition"
39,0.00388241335184322,"Down",0.137322255074834,0.996944727953093,"GO:0046854","phosphatidylinositol phosphate biosynthetic process"
276,0.0121029176949025,"Up",0.137372621138582,0.996944727953093,"GO:0050778","positive regulation of immune response"
82,0.197688500765988,"Up",0.138176274467092,0.996944727953093,"GO:0009206","purine ribonucleoside triphosphate biosynthetic process"
20,0.00988282612441514,"Up",0.138299145689072,0.996944727953093,"GO:0000305","response to oxygen radical"
36,-0.00153557352696722,"Down",0.139301535000216,0.996944727953093,"GO:0044380","protein localization to cytoskeleton"
17,0.0689612126972952,"Up",0.139311616928228,0.996944727953093,"GO:1903902","positive regulation of viral life cycle"
24,0.0430103607352185,"Up",0.139706747163448,0.996944727953093,"GO:0007595","lactation"
37,0.050778364564921,"Up",0.13993806414777,0.996944727953093,"GO:1902743","regulation of lamellipodium organization"
68,0.0205038435862172,"Up",0.139984001082882,0.996944727953093,"GO:0051209","release of sequestered calcium ion into cytosol"
68,-0.00613175865959027,"Up",0.140021542761321,0.996944727953093,"GO:0010769","regulation of cell morphogenesis involved in differentiation"
18,-0.0354810530571232,"Up",0.140057949404794,0.996944727953093,"GO:0098926","postsynaptic signal transduction"
15,-0.0342594349233081,"Up",0.140510081746075,0.996944727953093,"GO:0032367","intracellular cholesterol transport"
75,-0.00144921041465518,"Up",0.140636477858791,0.996944727953093,"GO:2000060","positive regulation of ubiquitin-dependent protein catabolic process"
22,-0.000805946592387821,"Down",0.140728247077667,0.996944727953093,"GO:0045648","positive regulation of erythrocyte differentiation"
22,0.0384061919881359,"Up",0.140915847897518,0.996944727953093,"GO:0090077","foam cell differentiation"
27,0.0184883715601029,"Down",0.140923057043356,0.996944727953093,"GO:0060071","Wnt signaling pathway, planar cell polarity pathway"
38,-0.00698102592704435,"Up",0.141075019538203,0.996944727953093,"GO:0042632","cholesterol homeostasis"
38,-0.00698102592704435,"Up",0.141075019538203,0.996944727953093,"GO:0055092","sterol homeostasis"
24,0.0583350689228568,"Up",0.141180899354496,0.996944727953093,"GO:0042269","regulation of natural killer cell mediated cytotoxicity"
46,0.0268220339548066,"Down",0.141261989367639,0.996944727953093,"GO:0042303","molting cycle"
46,0.0268220339548066,"Down",0.141261989367639,0.996944727953093,"GO:0042633","hair cycle"
23,-0.00579886031600508,"Up",0.141425986661492,0.996944727953093,"GO:0002861","regulation of inflammatory response to antigenic stimulus"
238,0.00126991645420979,"Up",0.141599096490065,0.996944727953093,"GO:0031667","response to nutrient levels"
19,0.0314886880146105,"Up",0.141706580017167,0.996944727953093,"GO:0060333","interferon-gamma-mediated signaling pathway"
16,0.0107975470776615,"Up",0.142266821455244,0.996944727953093,"GO:0086064","cell communication by electrical coupling involved in cardiac conduction"
83,0.197552659438669,"Up",0.142371695132527,0.996944727953093,"GO:0009145","purine nucleoside triphosphate biosynthetic process"
42,-0.000164985700678474,"Up",0.142662345565622,0.996944727953093,"GO:0019319","hexose biosynthetic process"
337,0.00820859984462736,"Up",0.142695493448825,0.996944727953093,"GO:0006914","autophagy"
337,0.00820859984462736,"Up",0.142695493448825,0.996944727953093,"GO:0061919","process utilizing autophagic mechanism"
20,0.0128585815353504,"Up",0.142949374890151,0.996944727953093,"GO:1905523","positive regulation of macrophage migration"
76,0.20389189425548,"Up",0.143094867593518,0.996944727953093,"GO:0006754","ATP biosynthetic process"
73,0.00379685317341492,"Down",0.143107819466626,0.996944727953093,"GO:1903046","meiotic cell cycle process"
83,0.196176997123662,"Up",0.143140284445149,0.996944727953093,"GO:0009201","ribonucleoside triphosphate biosynthetic process"
85,0.0295824323852181,"Up",0.14329150832526,0.996944727953093,"GO:0001906","cell killing"
22,0.131661784543865,"Up",0.144425057074863,0.996944727953093,"GO:0090151","establishment of protein localization to mitochondrial membrane"
20,0.00380013698089088,"Up",0.144851984715312,0.996944727953093,"GO:0046460","neutral lipid biosynthetic process"
20,0.00380013698089088,"Up",0.144851984715312,0.996944727953093,"GO:0046463","acylglycerol biosynthetic process"
36,0.0267105026077828,"Up",0.144896170635924,0.996944727953093,"GO:0007566","embryo implantation"
387,0.000181702643671085,"Up",0.144979119809847,0.996944727953093,"GO:0032940","secretion by cell"
23,0.0698969227740633,"Up",0.145016093588623,0.996944727953093,"GO:0030574","collagen catabolic process"
46,0.00641126862993299,"Down",0.145085096673306,0.996944727953093,"GO:0055017","cardiac muscle tissue growth"
133,0.00333750632319503,"Up",0.14512165027817,0.996944727953093,"GO:0000302","response to reactive oxygen species"
43,0.0218463071571523,"Up",0.145240971448184,0.996944727953093,"GO:0009063","cellular amino acid catabolic process"
142,0.0153737267756602,"Down",0.146003175326944,0.996944727953093,"GO:0060271","cilium assembly"
135,0.00299701696713671,"Up",0.14635997021302,0.996944727953093,"GO:0045732","positive regulation of protein catabolic process"
100,0.0100532525895717,"Up",0.146392514084775,0.996944727953093,"GO:0032640","tumor necrosis factor production"
100,0.0100532525895717,"Up",0.146392514084775,0.996944727953093,"GO:0032680","regulation of tumor necrosis factor production"
133,0.0573573053734332,"Up",0.146460677063381,0.996944727953093,"GO:0016042","lipid catabolic process"
38,0.0159991947999878,"Up",0.146610748644208,0.996944727953093,"GO:0043388","positive regulation of DNA binding"
65,0.00159985724890861,"Down",0.146646378040115,0.996944727953093,"GO:0140013","meiotic nuclear division"
55,0.00261564321681312,"Up",0.146761852672423,0.996944727953093,"GO:0002444","myeloid leukocyte mediated immunity"
312,0.0384208243513142,"Up",0.146885903939732,0.996944727953093,"GO:0007005","mitochondrion organization"
21,-0.010341504112553,"Up",0.147799982504009,0.996944727953093,"GO:0055094","response to lipoprotein particle"
92,0.164679586330323,"Up",0.147834101886373,0.996944727953093,"GO:0009142","nucleoside triphosphate biosynthetic process"
87,0.00780966978042086,"Up",0.148008578547969,0.996944727953093,"GO:2001235","positive regulation of apoptotic signaling pathway"
80,0.00431525456225582,"Down",0.148417149490288,0.996944727953093,"GO:0048813","dendrite morphogenesis"
16,0.148844256868978,"Up",0.148508407631865,0.996944727953093,"GO:0046466","membrane lipid catabolic process"
22,0.0518061801964173,"Up",0.148871336875965,0.996944727953093,"GO:0097345","mitochondrial outer membrane permeabilization"
36,-0.00883585444525984,"Up",0.149059067775315,0.996944727953093,"GO:0071622","regulation of granulocyte chemotaxis"
17,-0.00302257627210709,"Up",0.149900123758538,0.996944727953093,"GO:0019432","triglyceride biosynthetic process"
21,0.0131564708732435,"Down",0.150081055478717,0.996944727953093,"GO:0060043","regulation of cardiac muscle cell proliferation"
17,-0.0418972327252721,"Up",0.150167720323446,0.996944727953093,"GO:0032366","intracellular sterol transport"
181,0.00252253183846912,"Up",0.150448927518821,0.996944727953093,"GO:0045861","negative regulation of proteolysis"
94,0.00902447154271899,"Up",0.150598507875629,0.996944727953093,"GO:0017157","regulation of exocytosis"
88,0.00543441622385291,"Up",0.150764925436029,0.996944727953093,"GO:2001056","positive regulation of cysteine-type endopeptidase activity"
15,-0.0195250187683464,"Up",0.15079659120033,0.996944727953093,"GO:0071359","cellular response to dsRNA"
56,0.0146545178315303,"Down",0.150924508391521,0.996944727953093,"GO:0071260","cellular response to mechanical stimulus"
19,0.0422233961892397,"Up",0.151617835671827,0.996944727953093,"GO:0003044","regulation of systemic arterial blood pressure mediated by a chemical signal"
22,0.00673558485641591,"Up",0.151778575773901,0.996944727953093,"GO:0046685","response to arsenic-containing substance"
61,0.0182562428542624,"Up",0.152069989258893,0.996944727953093,"GO:0098586","cellular response to virus"
19,-0.00136910508246317,"Up",0.152255308859942,0.996944727953093,"GO:0000303","response to superoxide"
15,-0.02656026922793,"Up",0.152731481398411,0.996944727953093,"GO:0033238","regulation of cellular amine metabolic process"
19,0.125318544129799,"Up",0.152759904383533,0.996944727953093,"GO:0051204","protein insertion into mitochondrial membrane"
73,0.00459994293775147,"Down",0.152818682531125,0.996944727953093,"GO:0051606","detection of stimulus"
46,0.0114536147453523,"Down",0.153209062429626,0.996944727953093,"GO:0030888","regulation of B cell proliferation"
20,0.0123115444230978,"Up",0.153279820044884,0.996944727953093,"GO:0061178","regulation of insulin secretion involved in cellular response to glucose stimulus"
20,0.114718784399741,"Up",0.154031565760929,0.996944727953093,"GO:1900101","regulation of endoplasmic reticulum unfolded protein response"
248,0.00359652685969139,"Up",0.154374318538365,0.996944727953093,"GO:0050900","leukocyte migration"
102,0.0100214121860082,"Up",0.154992793899893,0.996944727953093,"GO:0071706","tumor necrosis factor superfamily cytokine production"
102,0.0100214121860082,"Up",0.154992793899893,0.996944727953093,"GO:1903555","regulation of tumor necrosis factor superfamily cytokine production"
32,0.0016315207379711,"Down",0.155818750571321,0.996944727953093,"GO:0061053","somite development"
78,0.0740622229882532,"Up",0.155930280449315,0.996944727953093,"GO:0016052","carbohydrate catabolic process"
370,0.0363828836657945,"Up",0.156273018994897,0.996944727953093,"GO:0019752","carboxylic acid metabolic process"
19,-0.0083181190882356,"Up",0.156400395996144,0.996944727953093,"GO:0090218","positive regulation of lipid kinase activity"
108,-0.00136295667356208,"Down",0.156870787364252,0.996944727953093,"GO:0007254","JNK cascade"
78,0.00308149514975495,"Up",0.156971753009912,0.996944727953093,"GO:2000241","regulation of reproductive process"
69,0.0236867563393002,"Up",0.157187975856839,0.996944727953093,"GO:0051283","negative regulation of sequestering of calcium ion"
44,0.00860304362854627,"Up",0.157648994529384,0.996944727953093,"GO:0034103","regulation of tissue remodeling"
26,0.0199470354651429,"Down",0.157680301418288,0.996944727953093,"GO:0001947","heart looping"
26,0.0199470354651429,"Down",0.157680301418288,0.996944727953093,"GO:0061371","determination of heart left/right asymmetry"
21,0.0402044592378633,"Up",0.157895757437899,0.996944727953093,"GO:0010874","regulation of cholesterol efflux"
32,0.0324452942654985,"Up",0.158186574155776,0.996944727953093,"GO:0046686","response to cadmium ion"
42,0.040660853900957,"Up",0.15821273728852,0.996944727953093,"GO:0042475","odontogenesis of dentin-containing tooth"
44,0.00724909015476851,"Up",0.158279730218235,0.996944727953093,"GO:0048524","positive regulation of viral process"
70,0.0227354931830708,"Up",0.158418501289717,0.996944727953093,"GO:0051282","regulation of sequestering of calcium ion"
28,0.0144939980750862,"Up",0.15842454893293,0.996944727953093,"GO:0038202","TORC1 signaling"
101,0.0168797279081001,"Up",0.158968534673814,0.996944727953093,"GO:0045766","positive regulation of angiogenesis"
101,0.0168797279081001,"Up",0.158968534673814,0.996944727953093,"GO:1904018","positive regulation of vasculature development"
19,0.0316592024130685,"Up",0.159134316951384,0.996944727953093,"GO:0019369","arachidonic acid metabolic process"
15,0.0312103666603833,"Up",0.159198871256133,0.996944727953093,"GO:0097734","extracellular exosome biogenesis"
15,0.0312103666603833,"Up",0.159198871256133,0.996944727953093,"GO:0140112","extracellular vesicle biogenesis"
18,0.0418347694105513,"Up",0.15931418191681,0.996944727953093,"GO:0048384","retinoic acid receptor signaling pathway"
55,0.0575775938152052,"Up",0.159551969910324,0.996944727953093,"GO:1905897","regulation of response to endoplasmic reticulum stress"
40,0.0976388326182334,"Down",0.160206603280194,0.996944727953093,"GO:0000288","nuclear-transcribed mRNA catabolic process, deadenylation-dependent decay"
103,0.22040296017996,"Up",0.160362363388543,0.996944727953093,"GO:0006119","oxidative phosphorylation"
236,0.0181186685706285,"Up",0.160428190500153,0.996944727953093,"GO:0001558","regulation of cell growth"
55,0.272164159972614,"Up",0.160549074157216,0.996944727953093,"GO:0042776","proton motive force-driven mitochondrial ATP synthesis"
176,0.00347426541599319,"Up",0.1614302912304,0.996944727953093,"GO:0007249","I-kappaB kinase/NF-kappaB signaling"
60,0.0232133684867924,"Up",0.161749398553251,0.996944727953093,"GO:1903305","regulation of regulated secretory pathway"
20,0.0140791443887166,"Up",0.162575420293901,0.996944727953093,"GO:0019076","viral release from host cell"
20,0.0140791443887166,"Up",0.162575420293901,0.996944727953093,"GO:0035891","exit from host cell"
150,0.0151337630519835,"Up",0.162697983734431,0.996944727953093,"GO:0050870","positive regulation of T cell activation"
16,-0.0399043272923033,"Up",0.162857901615765,0.996944727953093,"GO:0050832","defense response to fungus"
16,0.0675509775073431,"Down",0.1636700750937,0.996944727953093,"GO:0006346","DNA methylation-dependent heterochromatin formation"
41,-0.000632891538853028,"Up",0.163773424130976,0.996944727953093,"GO:0070265","necrotic cell death"
122,-5.98506120505819e-05,"Up",0.164306189583261,0.996944727953093,"GO:0032388","positive regulation of intracellular transport"
32,0.0201778168074473,"Up",0.164408842899209,0.996944727953093,"GO:0060135","maternal process involved in female pregnancy"
44,0.0150180521084921,"Up",0.164811849437673,0.996944727953093,"GO:0006576","cellular biogenic amine metabolic process"
131,0.00748256477220401,"Up",0.165809793116735,0.996944727953093,"GO:0050769","positive regulation of neurogenesis"
232,0.0125298341203463,"Up",0.16594852775786,0.996944727953093,"GO:0050867","positive regulation of cell activation"
32,0.0735660495710117,"Up",0.16694652577206,0.996944727953093,"GO:0019362","pyridine nucleotide metabolic process"
32,0.0735660495710117,"Up",0.16694652577206,0.996944727953093,"GO:0046496","nicotinamide nucleotide metabolic process"
60,0.277930523307911,"Up",0.166999012597509,0.996944727953093,"GO:0015986","proton motive force-driven ATP synthesis"
39,0.0253436262617233,"Down",0.167421316819018,0.996944727953093,"GO:0001942","hair follicle development"
70,0.0170886588008643,"Down",0.167632332861964,0.996944727953093,"GO:0072175","epithelial tube formation"
28,0.0540464132417507,"Up",0.167703161262776,0.996944727953093,"GO:0010591","regulation of lamellipodium assembly"
134,0.0183834392277584,"Up",0.167903047502762,0.996944727953093,"GO:0045088","regulation of innate immune response"
40,0.00295962976438169,"Down",0.16792548806494,0.996944727953093,"GO:0006835","dicarboxylic acid transport"
37,0.0199298136781684,"Down",0.168365908594539,0.996944727953093,"GO:0002763","positive regulation of myeloid leukocyte differentiation"
32,-0.000602855985132136,"Down",0.168606976729414,0.996944727953093,"GO:0046324","regulation of glucose import"
38,0.00831779636143901,"Down",0.169245293124136,0.996944727953093,"GO:0006493","protein O-linked glycosylation"
19,-0.017432506978121,"Up",0.169247120254177,0.996944727953093,"GO:0002920","regulation of humoral immune response"
136,0.0170049140033016,"Up",0.169287824098646,0.996944727953093,"GO:0072593","reactive oxygen species metabolic process"
22,0.010870274919261,"Up",0.169322839878585,0.996944727953093,"GO:0039528","cytoplasmic pattern recognition receptor signaling pathway in response to virus"
199,0.00681326508799887,"Up",0.169367778312886,0.996944727953093,"GO:0070482","response to oxygen levels"
73,0.0187249174858981,"Up",0.169484776191447,0.996944727953093,"GO:0051101","regulation of DNA binding"
52,-0.00796112150344623,"Up",0.169622925878496,0.996944727953093,"GO:0030301","cholesterol transport"
141,0.113838939388896,"Up",0.169654084399442,0.996944727953093,"GO:0046390","ribose phosphate biosynthetic process"
89,0.00250127169864781,"Up",0.16966500930597,0.996944727953093,"GO:0007266","Rho protein signal transduction"
73,0.0177638412838154,"Up",0.169883138220209,0.996944727953093,"GO:0002718","regulation of cytokine production involved in immune response"
86,0.020248516406575,"Up",0.169930714652927,0.996944727953093,"GO:0030307","positive regulation of cell growth"
21,-0.00361967996301035,"Up",0.170210822255117,0.996944727953093,"GO:1900274","regulation of phospholipase C activity"
28,0.00796977198169029,"Up",0.170345132210046,0.996944727953093,"GO:1905953","negative regulation of lipid localization"
36,0.0819771950330033,"Up",0.170521105256212,0.996944727953093,"GO:0006890","retrograde vesicle-mediated transport, Golgi to endoplasmic reticulum"
68,-0.0011810993843604,"Up",0.171170436522127,0.996944727953093,"GO:0042116","macrophage activation"
43,-0.00809019420572974,"Down",0.171313889241376,0.996944727953093,"GO:0045123","cellular extravasation"
20,0.0525097521562947,"Down",0.171515879124942,0.996944727953093,"GO:0016073","snRNA metabolic process"
125,0.00855944024466982,"Up",0.171638608898417,0.996944727953093,"GO:1903828","negative regulation of protein localization"
17,0.0199689382189043,"Up",0.172076262092264,0.996944727953093,"GO:0010888","negative regulation of lipid storage"
156,0.00248211737233465,"Up",0.172206451676734,0.996944727953093,"GO:0043122","regulation of I-kappaB kinase/NF-kappaB signaling"
83,-0.00134248393349364,"Up",0.172397801041056,0.996944727953093,"GO:0051260","protein homooligomerization"
79,-0.00204632046880107,"Up",0.172419727613288,0.996944727953093,"GO:0007584","response to nutrient"
33,0.0014159555057839,"Down",0.173135249184068,0.996944727953093,"GO:0010803","regulation of tumor necrosis factor-mediated signaling pathway"
256,0.012049991589095,"Up",0.173228047436486,0.996944727953093,"GO:0044283","small molecule biosynthetic process"
18,0.0842124470200498,"Up",0.174353290868561,0.996944727953093,"GO:0031468","nuclear membrane reassembly"
102,0.00582254606630036,"Down",0.174496654086994,0.996944727953093,"GO:0099111","microtubule-based transport"
99,-0.000552997588722464,"Up",0.174677841405815,0.996944727953093,"GO:0046883","regulation of hormone secretion"
112,0.030041122214788,"Up",0.175054226142782,0.996944727953093,"GO:2001242","regulation of intrinsic apoptotic signaling pathway"
68,0.230620071331332,"Up",0.175240763467606,0.996944727953093,"GO:0019646","aerobic electron transport chain"
36,0.00913306289911408,"Down",0.175742182539568,0.996944727953093,"GO:0035282","segmentation"
41,0.0243575787626637,"Up",0.17575284047714,0.996944727953093,"GO:0048857","neural nucleus development"
205,0.0163432067578895,"Up",0.175865506855383,0.996944727953093,"GO:0002831","regulation of response to biotic stimulus"
143,0.0570176083147286,"Up",0.176031902768791,0.996944727953093,"GO:0090150","establishment of protein localization to membrane"
72,-0.00206890308170292,"Up",0.176088546359365,0.996944727953093,"GO:0007173","epidermal growth factor receptor signaling pathway"
20,-0.00110760563956014,"Down",0.176379737480384,0.996944727953093,"GO:0046326","positive regulation of glucose import"
136,0.114829584950067,"Up",0.177030049467139,0.996944727953093,"GO:0006164","purine nucleotide biosynthetic process"
91,0.0262416637241939,"Up",0.177529027323968,0.996944727953093,"GO:1901136","carbohydrate derivative catabolic process"
44,0.0327398016757514,"Up",0.177976544694442,0.996944727953093,"GO:0043299","leukocyte degranulation"
300,0.0061093975425943,"Up",0.178026381960496,0.996944727953093,"GO:0045785","positive regulation of cell adhesion"
46,0.0170949882891985,"Up",0.178258642158409,0.996944727953093,"GO:0033559","unsaturated fatty acid metabolic process"
52,0.0123210239227955,"Up",0.178758951251338,0.996944727953093,"GO:0120254","olefinic compound metabolic process"
64,0.0175507454957164,"Down",0.17877758551055,0.996944727953093,"GO:0001838","embryonic epithelial tube formation"
83,0.00129970661710713,"Down",0.178994656216668,0.996944727953093,"GO:0050680","negative regulation of epithelial cell proliferation"
90,0.00279222836031371,"Up",0.179340207998172,0.996944727953093,"GO:1903169","regulation of calcium ion transmembrane transport"
131,0.118158884680148,"Up",0.179708135676119,0.996944727953093,"GO:0009152","purine ribonucleotide biosynthetic process"
26,0.0799130898974643,"Up",0.179817730624021,0.996944727953093,"GO:0009988","cell-cell recognition"
55,0.00292635323531564,"Up",0.180089218375432,0.996944727953093,"GO:0061097","regulation of protein tyrosine kinase activity"
137,0.0031259101940839,"Up",0.180417977258896,0.996944727953093,"GO:0002274","myeloid leukocyte activation"
142,0.103799718467294,"Up",0.180656333525532,0.996944727953093,"GO:0072522","purine-containing compound biosynthetic process"
26,-0.0129310757777273,"Down",0.180676785464127,0.996944727953093,"GO:0045663","positive regulation of myoblast differentiation"
162,0.0877792365338878,"Up",0.180984935538016,0.996944727953093,"GO:0009165","nucleotide biosynthetic process"
205,0.00696479393654313,"Up",0.18106046698852,0.996944727953093,"GO:0006816","calcium ion transport"
163,0.0886975779193954,"Up",0.18154754750273,0.996944727953093,"GO:1901293","nucleoside phosphate biosynthetic process"
74,0.0174216027075547,"Up",0.181887434169316,0.996944727953093,"GO:0002367","cytokine production involved in immune response"
382,0.0340845798553957,"Up",0.182412829941851,0.996944727953093,"GO:0006082","organic acid metabolic process"
55,0.0165273557709753,"Up",0.182521347265043,0.996944727953093,"GO:0030004","cellular monovalent inorganic cation homeostasis"
17,0.210639229658605,"Up",0.1825484637881,0.996944727953093,"GO:0019883","antigen processing and presentation of endogenous antigen"
65,-0.000718455581148325,"Up",0.182729799399844,0.996944727953093,"GO:0032436","positive regulation of proteasomal ubiquitin-dependent protein catabolic process"
381,0.0348541747960836,"Up",0.182844655292065,0.996944727953093,"GO:0043436","oxoacid metabolic process"
145,0.000846029434790645,"Down",0.183262483300861,0.996944727953093,"GO:0006650","glycerophospholipid metabolic process"
16,-0.0342675890890059,"Down",0.183423611272151,0.996944727953093,"GO:0014829","vascular associated smooth muscle contraction"
16,-0.00310752131878792,"Down",0.183540781987166,0.996944727953093,"GO:0097284","hepatocyte apoptotic process"
95,0.0373433337093005,"Up",0.183784033952259,0.996944727953093,"GO:0034341","response to interferon-gamma"
27,-0.0102446244920986,"Down",0.183859019482996,0.996944727953093,"GO:0035329","hippo signaling"
88,0.0140856452327008,"Up",0.184107807014859,0.996944727953093,"GO:0042542","response to hydrogen peroxide"
20,0.0564276581323674,"Down",0.184398519125972,0.996944727953093,"GO:0003171","atrioventricular valve development"
20,0.0564276581323674,"Down",0.184398519125972,0.996944727953093,"GO:0003181","atrioventricular valve morphogenesis"
53,0.0349143084976427,"Down",0.184570726988442,0.996944727953093,"GO:0009799","specification of symmetry"
53,0.0349143084976427,"Down",0.184570726988442,0.996944727953093,"GO:0009855","determination of bilateral symmetry"
58,0.00595609848501259,"Up",0.184630700074661,0.996944727953093,"GO:0046916","cellular transition metal ion homeostasis"
64,0.025368453672564,"Up",0.18480186008394,0.996944727953093,"GO:0006633","fatty acid biosynthetic process"
32,0.188721310329015,"Up",0.184915807857474,0.996944727953093,"GO:0002183","cytoplasmic translational initiation"
137,0.115949977321979,"Up",0.184921750612474,0.996944727953093,"GO:0009260","ribonucleotide biosynthetic process"
47,0.0111138375205307,"Up",0.185559859356676,0.996944727953093,"GO:0044106","cellular amine metabolic process"
71,0.0337012233268134,"Up",0.186126065723943,0.996944727953093,"GO:0002377","immunoglobulin production"
123,-0.000106185796341,"Up",0.186200680835961,0.996944727953093,"GO:1901215","negative regulation of neuron death"
210,0.000359365576170201,"Up",0.186592392216642,0.996944727953093,"GO:0010506","regulation of autophagy"
203,0.0184737775415619,"Up",0.186625855137769,0.996944727953093,"GO:0016236","macroautophagy"
40,0.00497145113796037,"Up",0.186627439078284,0.996944727953093,"GO:0015908","fatty acid transport"
46,-0.012346450480835,"Up",0.187651132919564,0.996944727953093,"GO:0042058","regulation of epidermal growth factor receptor signaling pathway"
23,0.0867861039659757,"Up",0.187861075584886,0.996944727953093,"GO:0044275","cellular carbohydrate catabolic process"
17,-0.0365344996207432,"Up",0.187938981247029,0.996944727953093,"GO:0090200","positive regulation of release of cytochrome c from mitochondria"
47,-0.00765352180740519,"Up",0.188017794458391,0.996944727953093,"GO:0006919","activation of cysteine-type endopeptidase activity involved in apoptotic process"
48,-0.00246160706659067,"Up",0.188283888448148,0.996944727953093,"GO:0034121","regulation of toll-like receptor signaling pathway"
32,0.0314557721521457,"Down",0.189179298208481,0.996944727953093,"GO:0060675","ureteric bud morphogenesis"
32,0.0314557721521457,"Down",0.189179298208481,0.996944727953093,"GO:0072171","mesonephric tubule morphogenesis"
41,0.0102506204843095,"Up",0.189253773697962,0.996944727953093,"GO:0045921","positive regulation of exocytosis"
25,0.134354884452332,"Down",0.189625316785263,0.996944727953093,"GO:0006400","tRNA modification"
76,0.220330304020242,"Up",0.190347649812361,0.996944727953093,"GO:0042773","ATP synthesis coupled electron transport"
76,0.220330304020242,"Up",0.190347649812361,0.996944727953093,"GO:0042775","mitochondrial ATP synthesis coupled electron transport"
22,-0.00153496104033765,"Up",0.190660269041198,0.996944727953093,"GO:0071402","cellular response to lipoprotein particle stimulus"
19,0.126075616512454,"Down",0.190904362888258,0.996944727953093,"GO:0031297","replication fork processing"
22,0.0659442771586928,"Up",0.191470007869393,0.996944727953093,"GO:0060338","regulation of type I interferon-mediated signaling pathway"
23,0.155456980738414,"Up",0.191834504646424,0.996944727953093,"GO:0030970","retrograde protein transport, ER to cytosol"
23,0.155456980738414,"Up",0.191834504646424,0.996944727953093,"GO:1903513","endoplasmic reticulum to cytosol transport"
16,0.0377295991387113,"Down",0.191904446678606,0.996944727953093,"GO:0021591","ventricular system development"
27,0.00625096348039004,"Down",0.191954516359944,0.996944727953093,"GO:0045332","phospholipid translocation"
57,0.016020390316121,"Up",0.19197741615048,0.996944727953093,"GO:0150116","regulation of cell-substrate junction organization"
48,-0.00480636062083371,"Up",0.192678938483979,0.996944727953093,"GO:0050772","positive regulation of axonogenesis"
17,-0.0108093743614801,"Down",0.192690009613106,0.996944727953093,"GO:0002360","T cell lineage commitment"
26,-0.00883625072917038,"Down",0.192834519671684,0.996944727953093,"GO:0050795","regulation of behavior"
151,0.00301376030561141,"Up",0.193030605877178,0.996944727953093,"GO:0062012","regulation of small molecule metabolic process"
36,0.161384552824642,"Up",0.193354632624828,0.996944727953093,"GO:0045010","actin nucleation"
44,0.0380053562369182,"Up",0.19355355604103,0.996944727953093,"GO:1903036","positive regulation of response to wounding"
120,0.00589393621114784,"Down",0.193691624707948,0.996944727953093,"GO:1902806","regulation of cell cycle G1/S phase transition"
21,-0.00230907551078122,"Up",0.194041191704638,0.996944727953093,"GO:1903955","positive regulation of protein targeting to mitochondrion"
16,-0.0339085312164518,"Up",0.194539284254902,0.996944727953093,"GO:0071404","cellular response to low-density lipoprotein particle stimulus"
16,0.0733847229964438,"Up",0.194620408316878,0.996944727953093,"GO:0046931","pore complex assembly"
55,0.0100320161013393,"Up",0.194758532243641,0.996944727953093,"GO:0019915","lipid storage"
100,0.00817285672519254,"Up",0.194892278102592,0.996944727953093,"GO:0050921","positive regulation of chemotaxis"
15,0.126801719596388,"Down",0.195463575723431,0.996944727953093,"GO:0031445","regulation of heterochromatin formation"
15,0.126801719596388,"Down",0.195463575723431,0.996944727953093,"GO:0120261","regulation of heterochromatin organization"
89,0.167787509412754,"Up",0.195752631437275,0.996944727953093,"GO:0022904","respiratory electron transport chain"
21,-0.0297625622332534,"Up",0.195845972045,0.996944727953093,"GO:0000423","mitophagy"
66,-0.00167021728472504,"Up",0.196032382312191,0.996944727953093,"GO:0045807","positive regulation of endocytosis"
27,0.113042109044328,"Up",0.19607549984324,0.996944727953093,"GO:0090114","COPII-coated vesicle budding"
31,-0.0108872750212448,"Up",0.196181177768542,0.996944727953093,"GO:0010762","regulation of fibroblast migration"
336,0.0112406025637537,"Up",0.196505258150352,0.996944727953093,"GO:0031347","regulation of defense response"
15,0.0990823909224678,"Down",0.196549976565763,0.996944727953093,"GO:0034508","centromere complex assembly"
25,-0.00340193075007526,"Down",0.197627244579458,0.996944727953093,"GO:0010828","positive regulation of glucose transmembrane transport"
20,0.0083058920310626,"Up",0.197652183647059,0.996944727953093,"GO:0051894","positive regulation of focal adhesion assembly"
32,0.0557088222683898,"Up",0.19773060603683,0.996944727953093,"GO:0035987","endodermal cell differentiation"
26,-0.0217308440021777,"Down",0.198360958654774,0.996944727953093,"GO:0007020","microtubule nucleation"
192,0.00939883716034399,"Up",0.198548534892549,0.996944727953093,"GO:0022409","positive regulation of cell-cell adhesion"
76,0.00819390872760258,"Up",0.198811547895523,0.996944727953093,"GO:0031532","actin cytoskeleton reorganization"
52,0.0806053277357865,"Up",0.198878783510216,0.996944727953093,"GO:0006900","vesicle budding from membrane"
19,-0.00957638462903149,"Down",0.199557218177485,0.996944727953093,"GO:0016266","O-glycan processing"
38,0.0294824717019477,"Up",0.20008407956603,0.996944727953093,"GO:0001676","long-chain fatty acid metabolic process"
155,0.00783750953302136,"Up",0.200324668307994,0.996944727953093,"GO:0030595","leukocyte chemotaxis"
53,-0.011124836403707,"Up",0.201137244275137,0.996944727953093,"GO:0010770","positive regulation of cell morphogenesis involved in differentiation"
56,0.00683364057766146,"Down",0.201690727156055,0.996944727953093,"GO:0042100","B cell proliferation"
445,0.0111620344276185,"Up",0.202177461546011,0.996944727953093,"GO:0030036","actin cytoskeleton organization"
90,0.0219984014313995,"Down",0.203953378017451,0.996944727953093,"GO:0021915","neural tube development"
43,0.00779933469923372,"Up",0.204036074631977,0.996944727953093,"GO:0060191","regulation of lipase activity"
41,0.0346355032387071,"Down",0.204088988143778,0.996944727953093,"GO:0022404","molting cycle process"
41,0.0346355032387071,"Down",0.204088988143778,0.996944727953093,"GO:0022405","hair cycle process"
21,0.121265323993842,"Up",0.204155300873317,0.996944727953093,"GO:0006739","NADP metabolic process"
19,0.0204867119731477,"Down",0.204543010652922,0.996944727953093,"GO:0090162","establishment of epithelial cell polarity"
40,0.248826667164473,"Up",0.204871491783993,0.996944727953093,"GO:0006120","mitochondrial electron transport, NADH to ubiquinone"
21,0.0634932421876677,"Up",0.204895493545567,0.996944727953093,"GO:1903307","positive regulation of regulated secretory pathway"
21,-0.00138765884918647,"Up",0.204975263489359,0.996944727953093,"GO:0120009","intermembrane lipid transfer"
61,0.0321765097212612,"Up",0.206126410344605,0.996944727953093,"GO:0032609","interferon-gamma production"
61,0.0321765097212612,"Up",0.206126410344605,0.996944727953093,"GO:0032649","regulation of interferon-gamma production"
17,-0.0320794899914725,"Down",0.206356482119705,0.996944727953093,"GO:0098703","calcium ion import across plasma membrane"
145,0.0150586778019051,"Up",0.207295497663802,0.996944727953093,"GO:0050920","regulation of chemotaxis"
69,0.00537218375764647,"Up",0.207532887447427,0.996944727953093,"GO:0031623","receptor internalization"
117,0.00321724196142743,"Down",0.207538467710896,0.996944727953093,"GO:0045017","glycerolipid biosynthetic process"
21,0.0139348013420082,"Up",0.207562210905019,0.996944727953093,"GO:0033574","response to testosterone"
39,0.0571210230642037,"Up",0.207633745540281,0.996944727953093,"GO:0006998","nuclear envelope organization"
63,0.027041203468985,"Up",0.208034508345018,0.996944727953093,"GO:0120034","positive regulation of plasma membrane bounded cell projection assembly"
52,0.0160935352209603,"Up",0.208393192736165,0.996944727953093,"GO:0009308","amine metabolic process"
37,0.00638367564812084,"Up",0.208471820165962,0.996944727953093,"GO:0006641","triglyceride metabolic process"
37,0.0490630990331982,"Down",0.208709046819942,0.996944727953093,"GO:0009798","axis specification"
122,0.0167856918770453,"Down",0.208786761636638,0.996944727953093,"GO:0043588","skin development"
183,0.00254013830326532,"Up",0.208848014073563,0.996944727953093,"GO:0010038","response to metal ion"
43,0.0362751076112378,"Up",0.209137473847538,0.996944727953093,"GO:0045685","regulation of glial cell differentiation"
125,0.000870491657579538,"Up",0.209226098366621,0.996944727953093,"GO:0010951","negative regulation of endopeptidase activity"
26,0.0312485460981777,"Up",0.210065655483679,0.996944727953093,"GO:1902686","mitochondrial outer membrane permeabilization involved in programmed cell death"
139,0.0127351154962275,"Up",0.210254561560719,0.996944727953093,"GO:0032984","protein-containing complex disassembly"
38,0.0256411724219262,"Down",0.211341990563711,0.996944727953093,"GO:0035567","non-canonical Wnt signaling pathway"
28,0.0217356554484468,"Up",0.211401492748662,0.996944727953093,"GO:0035794","positive regulation of mitochondrial membrane permeability"
129,0.0038834781050092,"Down",0.21144794273668,0.996944727953093,"GO:0007611","learning or memory"
18,0.0865017501167972,"Up",0.211482679418427,0.996944727953093,"GO:0051016","barbed-end actin filament capping"
30,-0.00801963638235986,"Down",0.211590717225281,0.996944727953093,"GO:0030890","positive regulation of B cell proliferation"
50,0.000536423960513355,"Up",0.212524223814026,0.996944727953093,"GO:0051341","regulation of oxidoreductase activity"
75,0.00110282188661547,"Down",0.212656885949157,0.996944727953093,"GO:0002761","regulation of myeloid leukocyte differentiation"
19,0.017837001361237,"Down",0.213384438245143,0.996944727953093,"GO:0007622","rhythmic behavior"
17,-0.00965187353196888,"Down",0.21346003779653,0.996944727953093,"GO:0048512","circadian behavior"
21,0.00658950857834923,"Up",0.214245691825762,0.996944727953093,"GO:0061099","negative regulation of protein tyrosine kinase activity"
52,0.00565199137637221,"Up",0.214424524376105,0.996944727953093,"GO:0002720","positive regulation of cytokine production involved in immune response"
346,0.0180427721543569,"Up",0.214545403681034,0.996944727953093,"GO:1901137","carbohydrate derivative biosynthetic process"
64,0.0144359330283038,"Up",0.215162451064505,0.996944727953093,"GO:0032760","positive regulation of tumor necrosis factor production"
133,-0.00454016336782558,"Up",0.215205865174347,0.996944727953093,"GO:0097305","response to alcohol"
156,0.010429667243761,"Down",0.215315914703637,0.996944727953093,"GO:0010948","negative regulation of cell cycle process"
30,0.0210241149384586,"Down",0.215757156427416,0.996944727953093,"GO:0045132","meiotic chromosome segregation"
274,0.0236407947790815,"Up",0.21592360865177,0.996944727953093,"GO:0005975","carbohydrate metabolic process"
309,0.0259213993011847,"Up",0.216547259002765,0.996944727953093,"GO:0010256","endomembrane system organization"
274,0.0151373256262332,"Up",0.216716047891421,0.996944727953093,"GO:0016049","cell growth"
82,0.012601627397035,"Down",0.217045494039849,0.996944727953093,"GO:0035148","tube formation"
128,0.000577111857379386,"Up",0.217353316176524,0.996944727953093,"GO:0071674","mononuclear cell migration"
52,0.0298998752587425,"Up",0.217626302946523,0.996944727953093,"GO:0061912","selective autophagy"
127,0.00756110370983792,"Up",0.218246321023203,0.996944727953093,"GO:0002703","regulation of leukocyte mediated immunity"
15,0.0460848254687141,"Down",0.218280638754499,0.996944727953093,"GO:0021756","striatum development"
250,0.00425694620081406,"Up",0.218700821637248,0.996944727953093,"GO:0002683","negative regulation of immune system process"
29,0.00614695486770918,"Up",0.219404092720117,0.996944727953093,"GO:0006826","iron ion transport"
18,-0.0157915934801247,"Up",0.220365160014312,0.996944727953093,"GO:0003016","respiratory system process"
28,0.0397782477231078,"Up",0.221271014764261,0.996944727953093,"GO:0010799","regulation of peptidyl-threonine phosphorylation"
60,0.0163330312341887,"Down",0.221527157923625,0.996944727953093,"GO:0000077","DNA damage checkpoint signaling"
49,0.00667924709847687,"Up",0.221726995417894,0.996944727953093,"GO:0000041","transition metal ion transport"
37,0.0137341088680436,"Down",0.221911272591913,0.996944727953093,"GO:0008589","regulation of smoothened signaling pathway"
33,0.0287962407090988,"Up",0.221973900708556,0.996944727953093,"GO:0090303","positive regulation of wound healing"
15,0.0277081507197789,"Down",0.222003063559302,0.996944727953093,"GO:0007099","centriole replication"
15,0.0277081507197789,"Down",0.222003063559302,0.996944727953093,"GO:0098534","centriole assembly"
36,0.00659827863780937,"Up",0.222130837309904,0.996944727953093,"GO:0030042","actin filament depolymerization"
179,0.0024888744034896,"Down",0.222160761426068,0.996944727953093,"GO:0048872","homeostasis of number of cells"
25,0.0347254530948374,"Up",0.222392858796515,0.996944727953093,"GO:1902108","regulation of mitochondrial membrane permeability involved in apoptotic process"
17,0.00662127670358136,"Up",0.222475641844207,0.996944727953093,"GO:0006221","pyrimidine nucleotide biosynthetic process"
22,0.0269806475533584,"Up",0.223167882938539,0.996944727953093,"GO:0051339","regulation of lyase activity"
33,0.0318340681254479,"Up",0.223252799484015,0.996944727953093,"GO:0051926","negative regulation of calcium ion transport"
69,0.0596686831090371,"Up",0.223261441519468,0.996944727953093,"GO:0036503","ERAD pathway"
59,0.0158102875473321,"Down",0.223272703917714,0.996944727953093,"GO:0001841","neural tube formation"
32,0.0427169747417069,"Up",0.223308077661609,0.996944727953093,"GO:0072595","maintenance of protein localization in organelle"
129,0.0738929633408497,"Up",0.223478874335868,0.996944727953093,"GO:0006457","protein folding"
51,0.0717487607314873,"Up",0.223660991965255,0.996944727953093,"GO:0030968","endoplasmic reticulum unfolded protein response"
24,0.0451597553605796,"Up",0.223852044090507,0.996944727953093,"GO:1902110","positive regulation of mitochondrial membrane permeability involved in apoptotic process"
25,0.0862747429704225,"Up",0.224080564283448,0.996944727953093,"GO:0046688","response to copper ion"
74,-0.000978774799336197,"Up",0.224439058400075,0.996944727953093,"GO:0043271","negative regulation of ion transport"
16,-0.0335294266960692,"Down",0.224718483732193,0.996944727953093,"GO:1904752","regulation of vascular associated smooth muscle cell migration"
17,0.0521975382073119,"Down",0.224847064039537,0.996944727953093,"GO:0000578","embryonic axis specification"
44,-0.0071971847052613,"Up",0.225528672660158,0.996944727953093,"GO:0050688","regulation of defense response to virus"
488,0.0137802385939162,"Up",0.22568897986323,0.996944727953093,"GO:0030029","actin filament-based process"
269,0.00581965373329302,"Up",0.226304967181321,0.996944727953093,"GO:0032103","positive regulation of response to external stimulus"
54,0.105949228328895,"Down",0.226304975524207,0.996944727953093,"GO:0061014","positive regulation of mRNA catabolic process"
34,0.0200308498912957,"Up",0.226376727099308,0.996944727953093,"GO:1901606","alpha-amino acid catabolic process"
15,-0.0227229089169401,"Down",0.226675417812881,0.996944727953093,"GO:0140131","positive regulation of lymphocyte chemotaxis"
24,0.0360350152470843,"Up",0.22673608761245,0.996944727953093,"GO:0051693","actin filament capping"
19,0.0757427948129346,"Up",0.226966028401339,0.996944727953093,"GO:0046755","viral budding"
160,0.00969372375592691,"Up",0.226990258510989,0.996944727953093,"GO:0002366","leukocyte activation involved in immune response"
40,0.0207880198212402,"Up",0.227011259577976,0.996944727953093,"GO:0019217","regulation of fatty acid metabolic process"
16,0.0788705122768115,"Down",0.227285673345615,0.996944727953093,"GO:0001709","cell fate determination"
18,0.0469748321581991,"Up",0.227328768130591,0.996944727953093,"GO:0045933","positive regulation of muscle contraction"
65,0.00621223695171139,"Down",0.227392833927431,0.996944727953093,"GO:0001776","leukocyte homeostasis"
32,-0.00626397130466162,"Up",0.227419092055489,0.996944727953093,"GO:0046470","phosphatidylcholine metabolic process"
78,0.0179508512142312,"Down",0.227583742503666,0.996944727953093,"GO:0048736","appendage development"
78,0.0179508512142312,"Down",0.227583742503666,0.996944727953093,"GO:0060173","limb development"
34,-0.0151164217647186,"Up",0.227595693165225,0.996944727953093,"GO:0072523","purine-containing compound catabolic process"
152,0.00462277188051479,"Down",0.227640028869896,0.996944727953093,"GO:0050890","cognition"
31,-0.00663314725570643,"Up",0.227876822714734,0.996944727953093,"GO:0035307","positive regulation of protein dephosphorylation"
16,-0.0300449615592506,"Up",0.22980726010657,0.996944727953093,"GO:0043032","positive regulation of macrophage activation"
223,0.0144430423505889,"Up",0.229832821531414,0.996944727953093,"GO:0002696","positive regulation of leukocyte activation"
19,0.0311614273324709,"Down",0.229956437021187,0.996944727953093,"GO:0140718","facultative heterochromatin formation"
131,0.00775748168530483,"Up",0.230531675247397,0.996944727953093,"GO:0051924","regulation of calcium ion transport"
35,0.00575101234459425,"Down",0.230674223820575,0.996944727953093,"GO:0007127","meiosis I"
71,0.0748910773801445,"Down",0.2309674432329,0.996944727953093,"GO:0006261","DNA-templated DNA replication"
152,0.00309641744897751,"Up",0.231353363051722,0.996944727953093,"GO:0001818","negative regulation of cytokine production"
15,0.0314337102439327,"Up",0.231674291013504,0.996944727953093,"GO:0042572","retinol metabolic process"
115,0.0125714483441764,"Down",0.231879310964712,0.996944727953093,"GO:0045165","cell fate commitment"
66,0.0145806006972067,"Up",0.232166044312957,0.996944727953093,"GO:1903557","positive regulation of tumor necrosis factor superfamily cytokine production"
53,0.107098228206071,"Down",0.232370730509445,0.996944727953093,"GO:0061157","mRNA destabilization"
107,0.00773741847978191,"Down",0.232467287675331,0.996944727953093,"GO:1901991","negative regulation of mitotic cell cycle phase transition"
70,0.0239708672487266,"Up",0.232497616975669,0.996944727953093,"GO:0006575","cellular modified amino acid metabolic process"
19,0.0139137067679007,"Up",0.232878535178993,0.996944727953093,"GO:1901223","negative regulation of NIK/NF-kappaB signaling"
164,0.0171525825126793,"Up",0.232922897479305,0.996944727953093,"GO:1903039","positive regulation of leukocyte cell-cell adhesion"
373,0.00632144831876341,"Up",0.233067450759448,0.996944727953093,"GO:0050865","regulation of cell activation"
137,0.00477323835455038,"Up",0.233659411698478,0.996944727953093,"GO:0051047","positive regulation of secretion"
39,0.00908053659834785,"Up",0.233962659078447,0.996944727953093,"GO:1903078","positive regulation of protein localization to plasma membrane"
48,0.00752506673545612,"Up",0.234258756742713,0.996944727953093,"GO:0032272","negative regulation of protein polymerization"
17,-0.0412835689588164,"Up",0.234309888985889,0.996944727953093,"GO:0010878","cholesterol storage"
68,0.0180547506206984,"Up",0.234877980869089,0.996944727953093,"GO:0055067","monovalent inorganic cation homeostasis"
30,-0.0237807460423311,"Up",0.235845672556573,0.996944727953093,"GO:0006195","purine nucleotide catabolic process"
28,-0.0211050173238614,"Up",0.23635751663059,0.996944727953093,"GO:2000772","regulation of cellular senescence"
25,0.044338430124515,"Up",0.236514726891739,0.996944727953093,"GO:0015909","long-chain fatty acid transport"
63,-0.0124060571757996,"Down",0.236619132702688,0.996944727953093,"GO:1902882","regulation of response to oxidative stress"
38,0.00908220399239094,"Down",0.237107979220511,0.996944727953093,"GO:0048814","regulation of dendrite morphogenesis"
16,-0.00765212401738351,"Down",0.237165939049798,0.996944727953093,"GO:0003209","cardiac atrium morphogenesis"
15,0.0217751793089786,"Up",0.237487095085742,0.996944727953093,"GO:0051349","positive regulation of lyase activity"
18,0.150546442179261,"Up",0.237614919969327,0.996944727953093,"GO:0006891","intra-Golgi vesicle-mediated transport"
23,0.102171773196328,"Up",0.238345339466495,0.996944727953093,"GO:0006356","regulation of transcription by RNA polymerase I"
18,0.0481732213594056,"Down",0.238479498739391,0.996944727953093,"GO:0006270","DNA replication initiation"
15,0.0623178478675381,"Up",0.238579365613841,0.996944727953093,"GO:0000413","protein peptidyl-prolyl isomerization"
45,0.0498459235459037,"Down",0.238789746430428,0.996944727953093,"GO:0010232","vascular transport"
45,0.0498459235459037,"Down",0.238789746430428,0.996944727953093,"GO:0150104","transport across blood-brain barrier"
31,-0.011610292577933,"Up",0.238911091977137,0.996944727953093,"GO:0090199","regulation of release of cytochrome c from mitochondria"
17,-0.0226904392892458,"Up",0.239478121272213,0.996944727953093,"GO:0046320","regulation of fatty acid oxidation"
123,0.0077886193854642,"Down",0.241513103352016,0.996944727953093,"GO:0033002","muscle cell proliferation"
121,0.00591008162470767,"Up",0.24342271933336,0.996944727953093,"GO:0045927","positive regulation of growth"
40,0.00669188289650193,"Up",0.244758710070792,0.996944727953093,"GO:0006094","gluconeogenesis"
463,0.00523211084428819,"Up",0.24476278415302,0.996944727953093,"GO:0097435","supramolecular fiber organization"
35,0.0442475442164963,"Down",0.244806358008053,0.996944727953093,"GO:0051298","centrosome duplication"
61,0.00866922304268317,"Up",0.245907526486324,0.996944727953093,"GO:1902652","secondary alcohol metabolic process"
104,0.00497033354812417,"Up",0.246550533256773,0.996944727953093,"GO:0043433","negative regulation of DNA-binding transcription factor activity"
48,0.00342020602768229,"Up",0.247192073237596,0.996944727953093,"GO:0046887","positive regulation of hormone secretion"
458,0.0128153752266,"Up",0.247274918342607,0.996944727953093,"GO:0050776","regulation of immune response"
19,-0.0181213624700926,"Up",0.247336972006128,0.996944727953093,"GO:0001881","receptor recycling"
398,0.00466109208911558,"Up",0.247376421457572,0.996944727953093,"GO:0051129","negative regulation of cellular component organization"
18,0.0796042940833268,"Up",0.247745680390454,0.996944727953093,"GO:0051788","response to misfolded protein"
131,0.00382291332832866,"Up",0.247781178143323,0.996944727953093,"GO:0010466","negative regulation of peptidase activity"
200,0.0266728389975001,"Up",0.247841941996407,0.996944727953093,"GO:0031647","regulation of protein stability"
108,0.0115342382711497,"Up",0.247876939557803,0.996944727953093,"GO:0045055","regulated exocytosis"
164,0.00794297175897601,"Up",0.248641038261049,0.996944727953093,"GO:0002263","cell activation involved in immune response"
19,0.11481456828876,"Up",0.249283971919272,0.996944727953093,"GO:0043555","regulation of translation in response to stress"
37,0.00679449360989335,"Down",0.249311246321186,0.996944727953093,"GO:0061982","meiosis I cell cycle process"
100,-0.00162417901963816,"Up",0.2494151377377,0.996944727953093,"GO:0090316","positive regulation of intracellular protein transport"
55,0.0982110147021406,"Down",0.24959008255019,0.996944727953093,"GO:0050779","RNA destabilization"
28,0.014265482189484,"Down",0.249753194881115,0.996944727953093,"GO:0034204","lipid translocation"
300,0.00408997302334445,"Up",0.249982997321231,0.996944727953093,"GO:0043065","positive regulation of apoptotic process"
75,0.295270404071943,"Up",0.250766423261647,0.996944727953093,"GO:0032543","mitochondrial translation"
21,0.170941426651116,"Down",0.251438403687501,0.996944727953093,"GO:1900151","regulation of nuclear-transcribed mRNA catabolic process, deadenylation-dependent decay"
47,0.0029415901206023,"Up",0.251773339834213,0.996944727953093,"GO:0006639","acylglycerol metabolic process"
40,0.00647808786747625,"Up",0.251920037165096,0.996944727953093,"GO:0034394","protein localization to cell surface"
95,0.0124736457945306,"Down",0.251971722413873,0.996944727953093,"GO:0051321","meiotic cell cycle"
34,0.0278579803776904,"Down",0.252529546987681,0.996944727953093,"GO:0035050","embryonic heart tube development"
307,0.00403480118112297,"Up",0.253079584580736,0.996944727953093,"GO:0043068","positive regulation of programmed cell death"
155,-0.0015844411406825,"Down",0.253205686868878,0.996944727953093,"GO:0051403","stress-activated MAPK cascade"
38,-0.00775093516221072,"Down",0.253484632242006,0.996944727953093,"GO:0046323","glucose import"
30,-0.00767164544564756,"Up",0.253868139961531,0.996944727953093,"GO:2000243","positive regulation of reproductive process"
23,0.0167202000722363,"Down",0.253899619444076,0.996944727953093,"GO:0090329","regulation of DNA-templated DNA replication"
15,0.0680939571956982,"Up",0.253936216301865,0.996944727953093,"GO:0032816","positive regulation of natural killer cell activation"
43,0.0861163682511513,"Up",0.254010216748867,0.996944727953093,"GO:0034340","response to type I interferon"
35,0.0258649794830616,"Down",0.254098641729453,0.996944727953093,"GO:0060420","regulation of heart growth"
23,-0.0134264640707053,"Up",0.254194605475197,0.996944727953093,"GO:0047496","vesicle transport along microtubule"
47,0.0215943577244923,"Up",0.254370565453515,0.996944727953093,"GO:0030032","lamellipodium assembly"
18,-0.0244964729443372,"Down",0.2548774484764,0.996944727953093,"GO:1904738","vascular associated smooth muscle cell migration"
34,0.00110445650537278,"Down",0.255155512926596,0.996944727953093,"GO:0140115","export across plasma membrane"
127,0.0315140450843967,"Up",0.255667544047939,0.996944727953093,"GO:0050821","protein stabilization"
32,-0.0024710301055385,"Up",0.255886504076852,0.996944727953093,"GO:0030219","megakaryocyte differentiation"
85,0.011392913213875,"Down",0.257026136333002,0.996944727953093,"GO:0010212","response to ionizing radiation"
63,0.0227236829651065,"Down",0.258028393285025,0.996944727953093,"GO:0035107","appendage morphogenesis"
63,0.0227236829651065,"Down",0.258028393285025,0.996944727953093,"GO:0035108","limb morphogenesis"
33,0.00819277646505235,"Up",0.258346909914064,0.996944727953093,"GO:0030834","regulation of actin filament depolymerization"
36,0.000309547294925913,"Down",0.258409953310364,0.996944727953093,"GO:0030166","proteoglycan biosynthetic process"
15,0.0205706198174102,"Up",0.258432185486808,0.996944727953093,"GO:0009162","deoxyribonucleoside monophosphate metabolic process"
227,0.015085730148939,"Up",0.259701497505969,0.996944727953093,"GO:1901615","organic hydroxy compound metabolic process"
29,-0.0194692246374145,"Up",0.259980861426272,0.996944727953093,"GO:0009261","ribonucleotide catabolic process"
35,0.00285427972559023,"Up",0.260050917044995,0.996944727953093,"GO:0043627","response to estrogen"
16,0.111621288105848,"Up",0.260315678192674,0.996944727953093,"GO:0071280","cellular response to copper ion"
106,0.0136758490602131,"Up",0.260411908066121,0.996944727953093,"GO:0016241","regulation of macroautophagy"
25,0.114617894540682,"Up",0.260542789760011,0.996944727953093,"GO:0002504","antigen processing and presentation of peptide or polysaccharide antigen via MHC class II"
21,0.0225823955170858,"Up",0.260753250361903,0.996944727953093,"GO:0048679","regulation of axon regeneration"
109,0.00923009288436187,"Down",0.261803276399956,0.996944727953093,"GO:2000045","regulation of G1/S transition of mitotic cell cycle"
79,-0.000860266505090528,"Up",0.262169314972776,0.996944727953093,"GO:0035303","regulation of dephosphorylation"
32,0.120311209337953,"Up",0.262537395182356,0.996944727953093,"GO:0032527","protein exit from endoplasmic reticulum"
29,0.0485431040406186,"Up",0.262682459299588,0.996944727953093,"GO:0032008","positive regulation of TOR signaling"
24,0.0901168730670808,"Up",0.263084999487142,0.996944727953093,"GO:0035384","thioester biosynthetic process"
24,0.0901168730670808,"Up",0.263084999487142,0.996944727953093,"GO:0071616","acyl-CoA biosynthetic process"
17,0.0471776321840317,"Down",0.263107794588658,0.996944727953093,"GO:0070841","inclusion body assembly"
161,0.0461016552604055,"Up",0.263671737972703,0.996944727953093,"GO:0034976","response to endoplasmic reticulum stress"
199,0.0133137438106188,"Up",0.263868272209351,0.996944727953093,"GO:0051251","positive regulation of lymphocyte activation"
31,0.055944235080594,"Down",0.264319689385695,0.996944727953093,"GO:0060079","excitatory postsynaptic potential"
42,0.240457044598886,"Up",0.264630802831217,0.996944727953093,"GO:0010257","NADH dehydrogenase complex assembly"
42,0.240457044598886,"Up",0.264630802831217,0.996944727953093,"GO:0032981","mitochondrial respiratory chain complex I assembly"
60,0.0226172895682893,"Up",0.264793146794798,0.996944727953093,"GO:0030512","negative regulation of transforming growth factor beta receptor signaling pathway"
26,-0.00662593014896154,"Up",0.265025266222535,0.996944727953093,"GO:0050856","regulation of T cell receptor signaling pathway"
23,0.0320391217729743,"Down",0.265718958446761,0.996944727953093,"GO:0045736","negative regulation of cyclin-dependent protein serine/threonine kinase activity"
23,0.0320391217729743,"Down",0.265718958446761,0.996944727953093,"GO:1904030","negative regulation of cyclin-dependent protein kinase activity"
27,0.0217099428219924,"Down",0.265830372436187,0.996944727953093,"GO:0022602","ovulation cycle process"
133,0.0356179012489391,"Up",0.266276333336545,0.996944727953093,"GO:0007033","vacuole organization"
73,0.00363164791109877,"Down",0.266453872135286,0.996944727953093,"GO:0071805","potassium ion transmembrane transport"
38,0.0265193796964366,"Up",0.26648147886748,0.996944727953093,"GO:0006487","protein N-linked glycosylation"
31,0.00586228163672869,"Up",0.266495568544826,0.996944727953093,"GO:0060324","face development"
52,0.0200457301465954,"Up",0.266884167269551,0.996944727953093,"GO:0051893","regulation of focal adhesion assembly"
52,0.0200457301465954,"Up",0.266884167269551,0.996944727953093,"GO:0090109","regulation of cell-substrate junction assembly"
33,0.0544589381757641,"Down",0.267158809001203,0.996944727953093,"GO:0099565","chemical synaptic transmission, postsynaptic"
34,0.0446965322564173,"Up",0.267418429651496,0.996944727953093,"GO:0032608","interferon-beta production"
34,0.0446965322564173,"Up",0.267418429651496,0.996944727953093,"GO:0032648","regulation of interferon-beta production"
31,0.0231615995027488,"Up",0.26741975278862,0.996944727953093,"GO:0046173","polyol biosynthetic process"
29,0.0658066338418523,"Up",0.267574971399869,0.996944727953093,"GO:0006360","transcription by RNA polymerase I"
162,0.0334125472280655,"Up",0.268042248619896,0.996944727953093,"GO:0002460","adaptive immune response based on somatic recombination of immune receptors built from immunoglobulin superfamily domains"
94,0.0258919250238691,"Up",0.268179479964206,0.996944727953093,"GO:0042180","cellular ketone metabolic process"
18,0.00163841741703468,"Up",0.268957413735746,0.996944727953093,"GO:0043552","positive regulation of phosphatidylinositol 3-kinase activity"
93,0.00926715623191526,"Up",0.26937056704898,0.996944727953093,"GO:0016051","carbohydrate biosynthetic process"
199,0.00978263170679843,"Down",0.269381712671046,0.996944727953093,"GO:0045786","negative regulation of cell cycle"
61,0.00365982444880868,"Up",0.270486028595054,0.996944727953093,"GO:0046165","alcohol biosynthetic process"
17,0.116360744508731,"Up",0.270567055004821,0.996944727953093,"GO:0071218","cellular response to misfolded protein"
76,0.000519132039175757,"Up",0.270601016053262,0.996944727953093,"GO:0046546","development of primary male sexual characteristics"
179,0.00740096170823548,"Up",0.271085491736962,0.996944727953093,"GO:0036293","response to decreased oxygen levels"
343,0.00323216862995259,"Up",0.271651650613112,0.996944727953093,"GO:0010942","positive regulation of cell death"
16,0.0246640949594804,"Up",0.271896444126207,0.996944727953093,"GO:0002507","tolerance induction"
22,-0.0140815366186404,"Up",0.27202551530105,0.996944727953093,"GO:2000008","regulation of protein localization to cell surface"
22,0.0261853894145007,"Down",0.272157294246475,0.996944727953093,"GO:0070306","lens fiber cell differentiation"
27,-0.0207823871569772,"Up",0.272223697891672,0.996944727953093,"GO:0008089","anterograde axonal transport"
173,0.0104341593129843,"Up",0.272384425785738,0.996944727953093,"GO:1904951","positive regulation of establishment of protein localization"
87,-0.00238664258150862,"Down",0.272419943539112,0.996944727953093,"GO:0046328","regulation of JNK cascade"
35,-0.00133371914746287,"Down",0.272686864901167,0.996944727953093,"GO:0071385","cellular response to glucocorticoid stimulus"
115,0.0204209220861295,"Up",0.272690135517215,0.996944727953093,"GO:2000058","regulation of ubiquitin-dependent protein catabolic process"
180,0.0444976358125807,"Up",0.272797745493535,0.996944727953093,"GO:0006605","protein targeting"
25,0.0163963377476759,"Up",0.273043184700264,0.996944727953093,"GO:0150117","positive regulation of cell-substrate junction organization"
26,0.0755297995959918,"Up",0.273348770551096,0.996944727953093,"GO:0002715","regulation of natural killer cell mediated immunity"
16,0.259689789996204,"Up",0.27391227673701,0.996944727953093,"GO:0006123","mitochondrial electron transport, cytochrome c to oxygen"
150,0.00530330323613924,"Up",0.273930879327864,0.996944727953093,"GO:0031668","cellular response to extracellular stimulus"
125,-0.00124285898972179,"Up",0.274239299841953,0.996944727953093,"GO:0051701","biological process involved in interaction with host"
16,0.0326119003417337,"Up",0.274333040071297,0.996944727953093,"GO:0006084","acetyl-CoA metabolic process"
90,0.014285257163841,"Up",0.274399494016233,0.996944727953093,"GO:0097553","calcium ion transmembrane import into cytosol"
136,0.00588655170583532,"Up",0.274454057727486,0.996944727953093,"GO:0043281","regulation of cysteine-type endopeptidase activity involved in apoptotic process"
20,0.0921340877891782,"Up",0.274729648678633,0.996944727953093,"GO:0090207","regulation of triglyceride metabolic process"
17,0.0205235196486403,"Up",0.275327097236755,0.996944727953093,"GO:0071450","cellular response to oxygen radical"
17,0.0205235196486403,"Up",0.275327097236755,0.996944727953093,"GO:0071451","cellular response to superoxide"
222,0.00618934509936076,"Up",0.275390743689267,0.996944727953093,"GO:0007265","Ras protein signal transduction"
18,0.0182887397465233,"Up",0.275486298701338,0.996944727953093,"GO:0002068","glandular epithelial cell development"
160,0.0092882821248742,"Down",0.27581382613454,0.996944727953093,"GO:0007018","microtubule-based movement"
55,-0.00500830612004755,"Down",0.276066430175379,0.996944727953093,"GO:0009791","post-embryonic development"
33,0.00845024718892285,"Down",0.277325157337931,0.996944727953093,"GO:0048332","mesoderm morphogenesis"
24,0.190787899168075,"Up",0.277631470162223,0.996944727953093,"GO:0030490","maturation of SSU-rRNA"
50,0.00746446985730158,"Down",0.277879731282312,0.996944727953093,"GO:0046620","regulation of organ growth"
87,0.24001475743204,"Up",0.277888425844917,0.996944727953093,"GO:0140053","mitochondrial gene expression"
21,0.0387447244712017,"Down",0.277912180562193,0.996944727953093,"GO:0046427","positive regulation of receptor signaling pathway via JAK-STAT"
75,0.0123312581623482,"Up",0.278309864388029,0.996944727953093,"GO:0055076","transition metal ion homeostasis"
39,-0.01464080231074,"Up",0.278381426250411,0.996944727953093,"GO:2001238","positive regulation of extrinsic apoptotic signaling pathway"
35,0.0151487474952323,"Down",0.278956113302443,0.996944727953093,"GO:0015800","acidic amino acid transport"
88,0.0418873977730381,"Up",0.279767851454742,0.996944727953093,"GO:1903322","positive regulation of protein modification by small protein conjugation or removal"
53,0.0956857824383543,"Up",0.279782333124251,0.996944727953093,"GO:0030433","ubiquitin-dependent ERAD pathway"
37,0.0560963593679642,"Up",0.279799957164022,0.996944727953093,"GO:0061951","establishment of protein localization to plasma membrane"
62,-0.00305938686194673,"Up",0.280433399383546,0.996944727953093,"GO:0048259","regulation of receptor-mediated endocytosis"
28,0.0147309672382284,"Down",0.280636406606363,0.996944727953093,"GO:0035088","establishment or maintenance of apical/basal cell polarity"
28,0.0147309672382284,"Down",0.280636406606363,0.996944727953093,"GO:0061245","establishment or maintenance of bipolar cell polarity"
15,0.0771356248119501,"Down",0.280696995289968,0.996944727953093,"GO:0035020","regulation of Rac protein signal transduction"
18,0.0163312323007704,"Up",0.282196005637291,0.996944727953093,"GO:0009309","amine biosynthetic process"
18,0.0163312323007704,"Up",0.282196005637291,0.996944727953093,"GO:0042401","cellular biogenic amine biosynthetic process"
55,0.00980589079388166,"Up",0.282198379001662,0.996944727953093,"GO:0032088","negative regulation of NF-kappaB transcription factor activity"
15,-0.0308423484350084,"Down",0.28228098962335,0.996944727953093,"GO:0002223","stimulatory C-type lectin receptor signaling pathway"
15,-0.0308423484350084,"Down",0.28228098962335,0.996944727953093,"GO:1990840","response to lectin"
15,-0.0308423484350084,"Down",0.28228098962335,0.996944727953093,"GO:1990858","cellular response to lectin"
52,0.0171555051616619,"Up",0.28230014397182,0.996944727953093,"GO:0009566","fertilization"
176,0.00680433496560109,"Up",0.283276838141858,0.996944727953093,"GO:0051604","protein maturation"
32,0.0213055750182104,"Up",0.283586844335703,0.996944727953093,"GO:0043470","regulation of carbohydrate catabolic process"
28,0.0138429287308666,"Down",0.283683868099954,0.996944727953093,"GO:0070884","regulation of calcineurin-NFAT signaling cascade"
28,0.0138429287308666,"Down",0.283683868099954,0.996944727953093,"GO:0106056","regulation of calcineurin-mediated signaling"
16,0.0265759871848656,"Down",0.283866743398671,0.996944727953093,"GO:1901522","positive regulation of transcription from RNA polymerase II promoter involved in cellular response to chemical stimulus"
29,0.00377658272828889,"Up",0.284374559454282,0.996944727953093,"GO:0070231","T cell apoptotic process"
25,-0.000895881424661562,"Up",0.28503992875966,0.996944727953093,"GO:0044319","wound healing, spreading of cells"
25,-0.000895881424661562,"Up",0.28503992875966,0.996944727953093,"GO:0090504","epiboly"
25,-0.000895881424661562,"Up",0.28503992875966,0.996944727953093,"GO:0090505","epiboly involved in wound healing"
31,0.0102184267428918,"Up",0.285203616130726,0.996944727953093,"GO:0051289","protein homotetramerization"
75,0.00256454272831961,"Up",0.28540784543187,0.996944727953093,"GO:0050728","negative regulation of inflammatory response"
415,-0.000587917934489149,"Up",0.286431662112809,0.996944727953093,"GO:0140352","export from cell"
16,-0.0115229218135411,"Down",0.286636947434684,0.996944727953093,"GO:0034114","regulation of heterotypic cell-cell adhesion"
21,0.00682287214209625,"Up",0.286956328331234,0.996944727953093,"GO:0046676","negative regulation of insulin secretion"
71,0.00032527416087422,"Up",0.287946792659102,0.996944727953093,"GO:0051261","protein depolymerization"
23,0.142501155708083,"Up",0.287957299022841,0.996944727953093,"GO:0002495","antigen processing and presentation of peptide antigen via MHC class II"
155,0.0103884128992172,"Up",0.288019472317899,0.996944727953093,"GO:0097529","myeloid leukocyte migration"
23,-0.00138957266487329,"Up",0.288464516622186,0.996944727953093,"GO:1903749","positive regulation of establishment of protein localization to mitochondrion"
50,0.136067206473408,"Up",0.289393438487966,0.996944727953093,"GO:0070972","protein localization to endoplasmic reticulum"
150,0.0100660137774685,"Up",0.289624293068553,0.996944727953093,"GO:0050730","regulation of peptidyl-tyrosine phosphorylation"
45,0.0298942619242157,"Down",0.289935193962319,0.996944727953093,"GO:0060021","roof of mouth development"
16,0.0748282926620802,"Up",0.290008673929189,0.996944727953093,"GO:0010714","positive regulation of collagen metabolic process"
75,0.00132959203139283,"Down",0.290064940525411,0.996944727953093,"GO:1904019","epithelial cell apoptotic process"
87,0.0183345054011907,"Up",0.290691250923584,0.996944727953093,"GO:0030258","lipid modification"
38,0.0424252201503934,"Up",0.290964350021529,0.996944727953093,"GO:0001706","endoderm formation"
26,0.0392625776837136,"Up",0.291096083747284,0.996944727953093,"GO:0035773","insulin secretion involved in cellular response to glucose stimulus"
17,0.0124727858129025,"Up",0.291475073976035,0.996944727953093,"GO:0060143","positive regulation of syncytium formation by plasma membrane fusion"
31,0.0158533293778554,"Down",0.291716005093558,0.996944727953093,"GO:0055021","regulation of cardiac muscle tissue growth"
59,0.0311235625980296,"Down",0.291959081411714,0.996944727953093,"GO:0003279","cardiac septum development"
189,0.00316912431758629,"Up",0.292121782668769,0.996944727953093,"GO:0051346","negative regulation of hydrolase activity"
46,0.00485709896533593,"Down",0.292250572671069,0.996944727953093,"GO:0071479","cellular response to ionizing radiation"
333,0.00105600565722623,"Up",0.292426559805895,0.996944727953093,"GO:0051345","positive regulation of hydrolase activity"
81,0.0013753312587128,"Down",0.292699950522291,0.996944727953093,"GO:0006813","potassium ion transport"
63,0.21110892494313,"Up",0.292746321122983,0.996944727953093,"GO:0033108","mitochondrial respiratory chain complex assembly"
33,0.0376517335889914,"Down",0.292860961190462,0.996944727953093,"GO:0072078","nephron tubule morphogenesis"
38,0.00479433132980382,"Down",0.293105461337763,0.996944727953093,"GO:0071384","cellular response to corticosteroid stimulus"
448,0.0139039104543896,"Down",0.29313673039229,0.996944727953093,"GO:0000122","negative regulation of transcription by RNA polymerase II"
18,-0.00108958945466559,"Down",0.293454202515828,0.996944727953093,"GO:0031571","mitotic G1 DNA damage checkpoint signaling"
18,-0.00108958945466559,"Down",0.293454202515828,0.996944727953093,"GO:0044819","mitotic G1/S transition checkpoint signaling"
15,0.00817581836566277,"Down",0.293781459312749,0.996944727953093,"GO:0030318","melanocyte differentiation"
97,0.0133902900215,"Down",0.293927830886784,0.996944727953093,"GO:0098657","import into cell"
15,0.00786857392807849,"Up",0.29395925661611,0.996944727953093,"GO:0044060","regulation of endocrine process"
232,0.032392058792031,"Up",0.294217349386196,0.996944727953093,"GO:0002250","adaptive immune response"
62,0.0190251697262762,"Down",0.294399941566722,0.996944727953093,"GO:0031570","DNA integrity checkpoint signaling"
38,0.0459864013729686,"Up",0.295086980123293,0.996944727953093,"GO:0048010","vascular endothelial growth factor receptor signaling pathway"
94,0.0202006518644305,"Up",0.295197404465147,0.996944727953093,"GO:0032434","regulation of proteasomal ubiquitin-dependent protein catabolic process"
171,0.00929474948150858,"Up",0.295224408473795,0.996944727953093,"GO:0001666","response to hypoxia"
270,0.00220925119673874,"Up",0.29560638011149,0.996944727953093,"GO:0010563","negative regulation of phosphorus metabolic process"
23,0.0144895412098186,"Up",0.29567077529995,0.996944727953093,"GO:0042398","cellular modified amino acid biosynthetic process"
29,0.114133316129329,"Up",0.295894128815871,0.996944727953093,"GO:0001913","T cell mediated cytotoxicity"
35,0.246853416439269,"Up",0.296346987797483,0.996944727953093,"GO:0042255","ribosome assembly"
18,-0.00355274702347976,"Down",0.296593978437462,0.996944727953093,"GO:0021532","neural tube patterning"
24,0.0988521292443714,"Up",0.29680804211232,0.996944727953093,"GO:1902235","regulation of endoplasmic reticulum stress-induced intrinsic apoptotic signaling pathway"
24,0.0151149455384259,"Up",0.297161022966718,0.996944727953093,"GO:0035308","negative regulation of protein dephosphorylation"
101,0.00645376861656995,"Down",0.297609900034953,0.996944727953093,"GO:0071478","cellular response to radiation"
59,0.0226716074088395,"Down",0.297634283751322,0.996944727953093,"GO:2001237","negative regulation of extrinsic apoptotic signaling pathway"
20,0.078123660752997,"Down",0.29798166779627,0.996944727953093,"GO:0033260","nuclear DNA replication"
20,0.078123660752997,"Down",0.29798166779627,0.996944727953093,"GO:0044786","cell cycle DNA replication"
92,0.00825592091290547,"Up",0.298185713889121,0.996944727953093,"GO:2000377","regulation of reactive oxygen species metabolic process"
40,0.0236342939473392,"Up",0.298315805564921,0.996944727953093,"GO:0050886","endocrine process"
170,0.0335104550949099,"Down",0.298400421925412,0.996944727953093,"GO:0007389","pattern specification process"
78,0.005074805076584,"Down",0.299174385270626,0.996944727953093,"GO:0061008","hepaticobiliary system development"
269,0.00201586434341424,"Up",0.299187679882825,0.996944727953093,"GO:0045936","negative regulation of phosphate metabolic process"
37,0.104891241618026,"Up",0.29921331182104,0.996944727953093,"GO:0060337","type I interferon signaling pathway"
17,0.0216376843920109,"Up",0.299529753042831,0.996944727953093,"GO:0039529","RIG-I signaling pathway"
46,0.0163132078426416,"Up",0.299531737643686,0.996944727953093,"GO:1901983","regulation of protein acetylation"
16,-0.000658759396965299,"Up",0.299574138930386,0.996944727953093,"GO:0010880","regulation of release of sequestered calcium ion into cytosol by sarcoplasmic reticulum"
36,0.0396227496714031,"Down",0.299719936745205,0.996944727953093,"GO:0061333","renal tubule morphogenesis"
31,0.0191234579542416,"Down",0.300302357061547,0.996944727953093,"GO:0061512","protein localization to cilium"
89,0.0571850330239677,"Down",0.30045274322842,0.996944727953093,"GO:0043488","regulation of mRNA stability"
18,0.00966293748110522,"Up",0.30089707488658,0.996944727953093,"GO:0033598","mammary gland epithelial cell proliferation"
95,0.00633955495981458,"Up",0.301070672635624,0.996944727953093,"GO:0034614","cellular response to reactive oxygen species"
18,0.0356955160325115,"Up",0.301106935690486,0.996944727953093,"GO:0006882","cellular zinc ion homeostasis"
26,0.00598779080711936,"Down",0.302027368849564,0.996944727953093,"GO:0045668","negative regulation of osteoblast differentiation"
36,-0.0168278810832327,"Up",0.302062531820255,0.996944727953093,"GO:0048260","positive regulation of receptor-mediated endocytosis"
23,-0.0102370825791761,"Up",0.302247107334561,0.996944727953093,"GO:0032365","intracellular lipid transport"
270,0.00465665145479047,"Down",0.302557866398526,0.996944727953093,"GO:0007276","gamete generation"
32,0.0151057868230244,"Up",0.303482380944245,0.996944727953093,"GO:0010517","regulation of phospholipase activity"
179,0.00142633542415711,"Up",0.303712645350127,0.996944727953093,"GO:0044403","biological process involved in symbiotic interaction"
116,0.000279290093586028,"Up",0.303845738228901,0.996944727953093,"GO:0044000","movement in host"
27,-0.0096294533943466,"Up",0.303913790050634,0.996944727953093,"GO:0009064","glutamine family amino acid metabolic process"
51,0.0108528212736323,"Down",0.304205047519895,0.996944727953093,"GO:0001843","neural tube closure"
51,0.0108528212736323,"Down",0.304205047519895,0.996944727953093,"GO:0060606","tube closure"
28,0.0203265915882676,"Up",0.304214138307204,0.996944727953093,"GO:0009116","nucleoside metabolic process"
76,0.0257671122798494,"Down",0.304585829010759,0.996944727953093,"GO:0009952","anterior/posterior pattern specification"
112,0.00972611401561751,"Up",0.304819297391369,0.996944727953093,"GO:0051099","positive regulation of binding"
38,0.114187239671523,"Up",0.304904782190811,0.996944727953093,"GO:0071357","cellular response to type I interferon"
45,0.0170970293360029,"Up",0.30531107618378,0.996944727953093,"GO:1902414","protein localization to cell junction"
24,0.156288543802176,"Up",0.305609597789213,0.996944727953093,"GO:0043114","regulation of vascular permeability"
19,0.0261811683733469,"Up",0.306085124153414,0.996944727953093,"GO:0010800","positive regulation of peptidyl-threonine phosphorylation"
35,-0.00766615628253481,"Down",0.306223751807934,0.996944727953093,"GO:0015837","amine transport"
49,0.0264597918825708,"Down",0.306269311369164,0.996944727953093,"GO:0001738","morphogenesis of a polarized epithelium"
84,0.103546777710473,"Up",0.306689335635297,0.996944727953093,"GO:0006888","endoplasmic reticulum to Golgi vesicle-mediated transport"
77,0.00543986254475802,"Down",0.307103058951274,0.996944727953093,"GO:0001889","liver development"
37,0.0103962854237396,"Up",0.307892414673371,0.996944727953093,"GO:0030837","negative regulation of actin filament polymerization"
18,-0.0408178515961753,"Down",0.308919410713548,0.996944727953093,"GO:0015012","heparan sulfate proteoglycan biosynthetic process"
21,0.217570914060135,"Up",0.309301902230618,0.996944727953093,"GO:0006099","tricarboxylic acid cycle"
91,0.0142258984965224,"Up",0.309842610954586,0.996944727953093,"GO:0017015","regulation of transforming growth factor beta receptor signaling pathway"
41,0.00354838357882867,"Down",0.309959705907543,0.996944727953093,"GO:0070373","negative regulation of ERK1 and ERK2 cascade"
60,0.00904094802270768,"Up",0.310355122197167,0.996944727953093,"GO:0048678","response to axon injury"
43,0.00830782401273826,"Down",0.310667093930908,0.996944727953093,"GO:0010827","regulation of glucose transmembrane transport"
16,0.00985049357732151,"Up",0.31070910337176,0.996944727953093,"GO:0043094","cellular metabolic compound salvage"
117,0.00278294245111198,"Up",0.310771611135592,0.996944727953093,"GO:0060491","regulation of cell projection assembly"
117,0.00278294245111198,"Up",0.310771611135592,0.996944727953093,"GO:0120032","regulation of plasma membrane bounded cell projection assembly"
21,0.0511197898712191,"Up",0.311066368309909,0.996944727953093,"GO:0034123","positive regulation of toll-like receptor signaling pathway"
43,0.0219219676032254,"Up",0.31139671291611,0.996944727953093,"GO:0032729","positive regulation of interferon-gamma production"
15,-0.00341284674783059,"Down",0.311443301864538,0.996944727953093,"GO:0021587","cerebellum morphogenesis"
15,0.0316236283358535,"Up",0.311551565210214,0.996944727953093,"GO:0097320","plasma membrane tubulation"
138,0.017148914306411,"Up",0.312043107032623,0.996944727953093,"GO:0016053","organic acid biosynthetic process"
31,-0.0133912486030536,"Down",0.313308167272249,0.996944727953093,"GO:1901016","regulation of potassium ion transmembrane transporter activity"
20,0.00724787051990907,"Down",0.313445041076483,0.996944727953093,"GO:0060119","inner ear receptor cell development"
39,0.0180909336440564,"Up",0.313833785436585,0.996944727953093,"GO:0001954","positive regulation of cell-matrix adhesion"
61,0.0033485000902387,"Down",0.314729108888502,0.996944727953093,"GO:0007269","neurotransmitter secretion"
61,0.0033485000902387,"Down",0.314729108888502,0.996944727953093,"GO:0099643","signal release from synapse"
41,0.0108661307991396,"Up",0.315279041587491,0.996944727953093,"GO:0032722","positive regulation of chemokine production"
58,0.0762428707726304,"Up",0.3153095800935,0.996944727953093,"GO:0002456","T cell mediated immunity"
58,0.0245307436628425,"Up",0.315643554991531,0.996944727953093,"GO:0071331","cellular response to hexose stimulus"
158,0.0134302159802841,"Up",0.315713827346506,0.996944727953093,"GO:0006066","alcohol metabolic process"
233,0.0180848430339774,"Up",0.315808693279947,0.996944727953093,"GO:2001233","regulation of apoptotic signaling pathway"
109,0.00879545637753875,"Down",0.316026633652244,0.996944727953093,"GO:0046942","carboxylic acid transport"
23,0.0310990545431245,"Up",0.316146921217277,0.996944727953093,"GO:0060443","mammary gland morphogenesis"
158,-0.000878764300356853,"Down",0.316429168315201,0.996944727953093,"GO:0031098","stress-activated protein kinase signaling cascade"
124,0.00587028728531766,"Up",0.316957785197799,0.996944727953093,"GO:0046879","hormone secretion"
63,0.0444922384904932,"Up",0.317365985387161,0.996944727953093,"GO:0006612","protein targeting to membrane"
113,0.0154129290845693,"Up",0.317873165030195,0.996944727953093,"GO:0070374","positive regulation of ERK1 and ERK2 cascade"
106,0.0417752107536501,"Up",0.31801634577231,0.996944727953093,"GO:0042742","defense response to bacterium"
76,0.0466102709844662,"Up",0.318067512991014,0.996944727953093,"GO:0031398","positive regulation of protein ubiquitination"
32,0.0145126896360004,"Up",0.31852879931075,0.996944727953093,"GO:0008631","intrinsic apoptotic signaling pathway in response to oxidative stress"
59,0.00948139208240938,"Up",0.319092750599122,0.996944727953093,"GO:0010565","regulation of cellular ketone metabolic process"
15,0.0720029405615858,"Up",0.319276531246226,0.996944727953093,"GO:1901984","negative regulation of protein acetylation"
22,0.147493347942562,"Up",0.319276844382196,0.996944727953093,"GO:0051125","regulation of actin nucleation"
15,0.0374317432995466,"Down",0.319464966195519,0.996944727953093,"GO:0099174","regulation of presynapse organization"
15,0.0374317432995466,"Down",0.319464966195519,0.996944727953093,"GO:1905606","regulation of presynapse assembly"
17,0.0375947039911787,"Down",0.319539807741136,0.996944727953093,"GO:0022616","DNA strand elongation"
16,-0.00919765526193614,"Up",0.319672522655499,0.996944727953093,"GO:0050860","negative regulation of T cell receptor signaling pathway"
81,0.00853667164859445,"Up",0.319947094639858,0.996944727953093,"GO:0048469","cell maturation"
150,0.00912866478485386,"Up",0.320222070714319,0.996944727953093,"GO:2000116","regulation of cysteine-type endopeptidase activity"
28,0.0187836460109838,"Up",0.320383524978975,0.996944727953093,"GO:0030835","negative regulation of actin filament depolymerization"
138,-0.000171824293761822,"Down",0.320823497356999,0.996944727953093,"GO:0046777","protein autophosphorylation"
34,0.0165123037517751,"Up",0.320912278548782,0.996944727953093,"GO:0016601","Rac protein signal transduction"
34,0.00692924566616558,"Up",0.321075217315878,0.996944727953093,"GO:0046638","positive regulation of alpha-beta T cell differentiation"
15,0.0367761412521033,"Down",0.321393592673567,0.996944727953093,"GO:2001032","regulation of double-strand break repair via nonhomologous end joining"
58,0.0566408087037321,"Down",0.32201433148149,0.996944727953093,"GO:0055123","digestive system development"
97,0.0306654728291377,"Up",0.322077474374506,0.996944727953093,"GO:0048771","tissue remodeling"
44,-0.00386192386340239,"Down",0.322917595914642,0.996944727953093,"GO:0015718","monocarboxylic acid transport"
93,0.00822243633421285,"Down",0.322922734980403,0.996944727953093,"GO:0010970","transport along microtubule"
75,0.00090897206034322,"Up",0.323023597613018,0.996944727953093,"GO:0008584","male gonad development"
20,0.0140941980360828,"Up",0.323415287148243,0.996944727953093,"GO:0010043","response to zinc ion"
74,0.0248081613508973,"Down",0.323482222305515,0.996944727953093,"GO:0016331","morphogenesis of embryonic epithelium"
49,0.0324407222896181,"Up",0.32351230593805,0.996944727953093,"GO:0032507","maintenance of protein location in cell"
197,0.0110288944914418,"Up",0.324485020387248,0.996944727953093,"GO:0060326","cell chemotaxis"
18,0.026522324183076,"Down",0.324584125692667,0.996944727953093,"GO:0042908","xenobiotic transport"
326,0.0124419464853841,"Up",0.32488626162151,0.996944727953093,"GO:0040008","regulation of growth"
35,0.0299516315608289,"Down",0.325393315161977,0.996944727953093,"GO:0072088","nephron epithelium morphogenesis"
48,0.00720504219565394,"Up",0.325910655105525,0.996944727953093,"GO:0006638","neutral lipid metabolic process"
136,0.0187590964539183,"Up",0.325938797284159,0.996944727953093,"GO:0046394","carboxylic acid biosynthetic process"
29,-0.0164307652153447,"Down",0.325953481617864,0.996944727953093,"GO:0097194","execution phase of apoptosis"
24,0.0300248215348235,"Down",0.326050169767771,0.996944727953093,"GO:0045744","negative regulation of G protein-coupled receptor signaling pathway"
27,0.0212752003335208,"Up",0.326153225234142,0.996944727953093,"GO:0032506","cytokinetic process"
17,0.209325157296624,"Up",0.326285926735611,0.996944727953093,"GO:0006613","cotranslational protein targeting to membrane"
25,0.0800138560670687,"Down",0.327302111971963,0.996944727953093,"GO:1902275","regulation of chromatin organization"
29,0.149698934354195,"Up",0.327402741768146,0.996944727953093,"GO:0002478","antigen processing and presentation of exogenous peptide antigen"
55,0.0124834558674312,"Up",0.327411064197379,0.996944727953093,"GO:0034766","negative regulation of ion transmembrane transport"
19,0.00626005475309853,"Down",0.32784229609572,0.996944727953093,"GO:0032924","activin receptor signaling pathway"
29,-0.00171505074007037,"Up",0.328207907818172,0.996944727953093,"GO:0071300","cellular response to retinoic acid"
55,-0.00336620154727746,"Down",0.328435706452926,0.996944727953093,"GO:0015749","monosaccharide transmembrane transport"
30,-0.00707397656446782,"Down",0.328487604900796,0.996944727953093,"GO:0061756","leukocyte adhesion to vascular endothelial cell"
179,0.00536543242876937,"Up",0.328964803259979,0.996944727953093,"GO:1904062","regulation of cation transmembrane transport"
23,-0.0024140100045597,"Up",0.328987015171806,0.996944727953093,"GO:0006584","catecholamine metabolic process"
23,-0.0024140100045597,"Up",0.328987015171806,0.996944727953093,"GO:0009712","catechol-containing compound metabolic process"
26,0.0173652694577363,"Up",0.328995812951824,0.996944727953093,"GO:0090502","RNA phosphodiester bond hydrolysis, endonucleolytic"
31,0.0178044476248695,"Up",0.33045253502504,0.996944727953093,"GO:0010823","negative regulation of mitochondrion organization"
37,-0.0019501572855901,"Up",0.330527101051252,0.996944727953093,"GO:0070542","response to fatty acid"
216,0.013351866369387,"Down",0.331070179397585,0.996944727953093,"GO:0009314","response to radiation"
24,0.0520996624339014,"Down",0.331549832679495,0.996944727953093,"GO:1905508","protein localization to microtubule organizing center"
89,0.088311789818264,"Up",0.332147913591001,0.996944727953093,"GO:0045727","positive regulation of translation"
88,0.0275316277148127,"Up",0.332182717190073,0.996944727953093,"GO:0061025","membrane fusion"
36,0.00249874374331494,"Down",0.333180868803489,0.996944727953093,"GO:0038093","Fc receptor signaling pathway"
96,0.0628756564079534,"Down",0.333221514041446,0.996944727953093,"GO:0061013","regulation of mRNA catabolic process"
60,0.00825072513770933,"Down",0.333532763850988,0.996944727953093,"GO:0071482","cellular response to light stimulus"
16,-0.0137038597157658,"Up",0.334223914148186,0.996944727953093,"GO:0009119","ribonucleoside metabolic process"
28,0.0194447218642721,"Up",0.334254471977685,0.996944727953093,"GO:0043331","response to dsRNA"
23,0.0157775870043011,"Up",0.334351750853589,0.996944727953093,"GO:0070570","regulation of neuron projection regeneration"
15,0.0775275927762349,"Down",0.334367122483033,0.996944727953093,"GO:0051383","kinetochore organization"
58,0.0150626763807264,"Up",0.335215641907858,0.996944727953093,"GO:0070301","cellular response to hydrogen peroxide"
39,-0.0132443101224221,"Down",0.335289772603401,0.996944727953093,"GO:0045670","regulation of osteoclast differentiation"
35,0.063826280298506,"Down",0.335834940646197,0.996944727953093,"GO:0060078","regulation of postsynaptic membrane potential"
261,0.0417478565324922,"Up",0.336076060296411,0.996944727953093,"GO:0072594","establishment of protein localization to organelle"
19,0.00203484624171018,"Down",0.337431024471283,0.996944727953093,"GO:0071392","cellular response to estradiol stimulus"
201,0.0378823736233148,"Up",0.337513902857865,0.996944727953093,"GO:0016050","vesicle organization"
408,0.00636826632531756,"Up",0.337657310884509,0.996944727953093,"GO:0001817","regulation of cytokine production"
19,-0.0117262822669414,"Down",0.338406352394917,0.996944727953093,"GO:0010818","T cell chemotaxis"
20,-0.0164638055866385,"Up",0.338677379004981,0.996944727953093,"GO:0050858","negative regulation of antigen receptor-mediated signaling pathway"
15,-0.0453055000889244,"Up",0.338931731532745,0.996944727953093,"GO:0032703","negative regulation of interleukin-2 production"
102,0.00586398948495031,"Up",0.339429201313379,0.996944727953093,"GO:1902904","negative regulation of supramolecular fiber organization"
17,0.0274394749143077,"Down",0.339694401966854,0.996944727953093,"GO:0051984","positive regulation of chromosome segregation"
73,0.0262628292593527,"Down",0.339863708179138,0.996944727953093,"GO:0035264","multicellular organism growth"
58,-0.0135786157059221,"Down",0.340656003574782,0.996944727953093,"GO:1900407","regulation of cellular response to oxidative stress"
20,0.128306187981712,"Up",0.34075458931088,0.996944727953093,"GO:0032620","interleukin-17 production"
20,0.128306187981712,"Up",0.34075458931088,0.996944727953093,"GO:0032660","regulation of interleukin-17 production"
15,0.0962036548356211,"Up",0.340908330166249,0.996944727953093,"GO:0060563","neuroepithelial cell differentiation"
34,0.0417380203863156,"Down",0.341284015906852,0.996944727953093,"GO:0045913","positive regulation of carbohydrate metabolic process"
42,0.0148940585821829,"Up",0.341300469911784,0.996944727953093,"GO:0009123","nucleoside monophosphate metabolic process"
304,0.010110230131406,"Up",0.341673453388582,0.996944727953093,"GO:0042110","T cell activation"
127,0.00626522761272333,"Up",0.341855731281451,0.996944727953093,"GO:0009914","hormone transport"
29,0.209619949631252,"Up",0.343081156582509,0.996944727953093,"GO:0034314","Arp2/3 complex-mediated actin nucleation"
298,0.00917552472313958,"Up",0.343542897266418,0.996944727953093,"GO:0043269","regulation of ion transport"
37,-0.000950711610557261,"Up",0.343555941534969,0.996944727953093,"GO:0043297","apical junction assembly"
92,0.0135364322761301,"Up",0.343729630255188,0.996944727953093,"GO:1903844","regulation of cellular response to transforming growth factor beta stimulus"
36,-0.00307040248456959,"Down",0.343938237521503,0.996944727953093,"GO:0032731","positive regulation of interleukin-1 beta production"
60,-0.00496143049340855,"Down",0.344014841313602,0.996944727953093,"GO:0034219","carbohydrate transmembrane transport"
93,0.0406211465014628,"Up",0.344583332882308,0.996944727953093,"GO:0007565","female pregnancy"
41,0.0408019489161437,"Down",0.345016128865245,0.996944727953093,"GO:0060411","cardiac septum morphogenesis"
26,-0.017818690673709,"Up",0.345111426820857,0.996944727953093,"GO:2001258","negative regulation of cation channel activity"
26,-0.00539418829736273,"Up",0.345396452645799,0.996944727953093,"GO:0010939","regulation of necrotic cell death"
24,0.031939197193238,"Down",0.34548511685831,0.996944727953093,"GO:0060251","regulation of glial cell proliferation"
29,0.0256293547916208,"Up",0.345795498324499,0.996944727953093,"GO:0006636","unsaturated fatty acid biosynthetic process"
131,0.0321701719409821,"Down",0.345843349991834,0.996944727953093,"GO:0003002","regionalization"
59,0.0149607304612698,"Up",0.345928677253568,0.996944727953093,"GO:0042102","positive regulation of T cell proliferation"
20,-0.0179071902776481,"Down",0.345942222332559,0.996944727953093,"GO:0048536","spleen development"
16,0.0333701383968642,"Up",0.346083090008166,0.996944727953093,"GO:0060155","platelet dense granule organization"
28,0.0355427933515348,"Down",0.346606871092544,0.996944727953093,"GO:0001895","retina homeostasis"
39,-0.000459477754475988,"Down",0.34669726093906,0.996944727953093,"GO:0048477","oogenesis"
24,-0.0206143689325603,"Up",0.346890924721165,0.996944727953093,"GO:1901985","positive regulation of protein acetylation"
18,0.068321465773275,"Up",0.347043595628645,0.996944727953093,"GO:0006026","aminoglycan catabolic process"
20,-0.016279368859357,"Down",0.347428637525286,0.996944727953093,"GO:1901623","regulation of lymphocyte chemotaxis"
29,0.00843978002517283,"Down",0.347539972926067,0.996944727953093,"GO:0045429","positive regulation of nitric oxide biosynthetic process"
29,0.00843978002517283,"Down",0.347539972926067,0.996944727953093,"GO:1904407","positive regulation of nitric oxide metabolic process"
30,0.0375639000993817,"Down",0.347852025957986,0.996944727953093,"GO:0009880","embryonic pattern specification"
19,-0.0188414125650524,"Down",0.348024588639973,0.996944727953093,"GO:0002758","innate immune response-activating signal transduction"
26,0.0439500372736605,"Down",0.348116979993371,0.996944727953093,"GO:0001782","B cell homeostasis"
20,0.00873086367636395,"Down",0.348269374928428,0.996944727953093,"GO:0009595","detection of biotic stimulus"
151,0.0188955107971663,"Up",0.348602040454503,0.996944727953093,"GO:0051962","positive regulation of nervous system development"
487,0.00652952096234418,"Up",0.349002534574244,0.996944727953093,"GO:0008284","positive regulation of cell population proliferation"
26,0.0253593930931613,"Down",0.349043643731597,0.996944727953093,"GO:0071548","response to dexamethasone"
32,0.013507593089249,"Down",0.349168372355563,0.996944727953093,"GO:0001707","mesoderm formation"
16,-0.0175077789289664,"Up",0.349342807459614,0.996944727953093,"GO:0072529","pyrimidine-containing compound catabolic process"
52,0.00954513949392796,"Up",0.349472498910855,0.996944727953093,"GO:0071677","positive regulation of mononuclear cell migration"
15,0.00294264373816276,"Up",0.350276616475538,0.996944727953093,"GO:0010882","regulation of cardiac muscle contraction by calcium ion signaling"
16,0.0618725094453381,"Down",0.350301280905513,0.996944727953093,"GO:0007549","dosage compensation"
16,0.0618725094453381,"Down",0.350301280905513,0.996944727953093,"GO:0009048","dosage compensation by inactivation of X chromosome"
44,-0.00410508586875182,"Down",0.350544711145819,0.996944727953093,"GO:0006497","protein lipidation"
44,-0.00410508586875182,"Down",0.350544711145819,0.996944727953093,"GO:0042158","lipoprotein biosynthetic process"
19,0.0377199951303111,"Down",0.350955156340718,0.996944727953093,"GO:0007632","visual behavior"
37,0.00528669039326358,"Down",0.351568044615744,0.996944727953093,"GO:0010332","response to gamma radiation"
16,0.00346590868763578,"Down",0.3520292048472,0.996944727953093,"GO:0050650","chondroitin sulfate proteoglycan biosynthetic process"
52,0.0154294935720525,"Up",0.352274826625483,0.996944727953093,"GO:1904063","negative regulation of cation transmembrane transport"
16,0.0265343539581342,"Up",0.352920396379968,0.996944727953093,"GO:0019430","removal of superoxide radicals"
67,0.000125093809758077,"Up",0.35318307099007,0.996944727953093,"GO:0032231","regulation of actin filament bundle assembly"
34,0.000916504050191011,"Down",0.353265856015072,0.996944727953093,"GO:0046579","positive regulation of Ras protein signal transduction"
48,0.0538975177863593,"Down",0.353532831776239,0.996944727953093,"GO:0060993","kidney morphogenesis"
18,0.0163754460147906,"Down",0.353579791653839,0.996944727953093,"GO:1904994","regulation of leukocyte adhesion to vascular endothelial cell"
128,0.00244267687656801,"Up",0.353592062327813,0.996944727953093,"GO:1903532","positive regulation of secretion by cell"
15,0.02026023633584,"Up",0.354637473591578,0.996944727953093,"GO:0046037","GMP metabolic process"
314,0.0249231559199751,"Up",0.354888616919086,0.996944727953093,"GO:0090407","organophosphate biosynthetic process"
24,0.0106823895914595,"Up",0.355844424260259,0.996944727953093,"GO:0019082","viral protein processing"
268,0.0160514897235866,"Up",0.355937764368712,0.996944727953093,"GO:0019221","cytokine-mediated signaling pathway"
15,-0.0305030494770217,"Down",0.356737610826776,0.996944727953093,"GO:0080111","DNA demethylation"
26,0.00112373716205802,"Up",0.356904201793262,0.996944727953093,"GO:0031279","regulation of cyclase activity"
32,-0.0128452162532427,"Up",0.356949738311586,0.996944727953093,"GO:0051293","establishment of spindle localization"
371,0.0124067859753663,"Down",0.357006843042615,0.996944727953093,"GO:0007420","brain development"
63,0.0278508586408593,"Up",0.357310952091592,0.996944727953093,"GO:0006906","vesicle fusion"
63,0.0278508586408593,"Up",0.357310952091592,0.996944727953093,"GO:0090174","organelle membrane fusion"
64,0.0342918323232279,"Up",0.357606180954117,0.996944727953093,"GO:0048041","focal adhesion assembly"
48,0.00468945367309715,"Up",0.357606864996338,0.996944727953093,"GO:0008088","axo-dendritic transport"
137,0.0054997895925547,"Up",0.357760681615958,0.996944727953093,"GO:0051091","positive regulation of DNA-binding transcription factor activity"
55,-0.00627944249791566,"Down",0.358272584402261,0.996944727953093,"GO:0046330","positive regulation of JNK cascade"
417,0.00603907837123553,"Up",0.358496845907831,0.996944727953093,"GO:0001816","cytokine production"
45,0.0346675366087831,"Down",0.35850500851327,0.996944727953093,"GO:0072080","nephron tubule development"
42,-0.0123957060946073,"Down",0.358749555235898,0.996944727953093,"GO:0038066","p38MAPK cascade"
18,-0.00697039840771557,"Down",0.359229217566644,0.996944727953093,"GO:0043243","positive regulation of protein-containing complex disassembly"
62,0.0489341076655641,"Up",0.35926002899143,0.996944727953093,"GO:0042476","odontogenesis"
54,-0.00462193816592187,"Down",0.359831744115345,0.996944727953093,"GO:0008645","hexose transmembrane transport"
54,-0.00462193816592187,"Down",0.359831744115345,0.996944727953093,"GO:1904659","glucose transmembrane transport"
25,0.221685812212316,"Up",0.360320894365355,0.996944727953093,"GO:0045047","protein targeting to ER"
94,0.00500702885377387,"Up",0.361173427865848,0.996944727953093,"GO:0001959","regulation of cytokine-mediated signaling pathway"
27,0.00212377855576703,"Up",0.361619923679787,0.996944727953093,"GO:0006110","regulation of glycolytic process"
15,0.00993115912545427,"Down",0.36174251528397,0.996944727953093,"GO:0051767","nitric-oxide synthase biosynthetic process"
15,0.00993115912545427,"Down",0.36174251528397,0.996944727953093,"GO:0051769","regulation of nitric-oxide synthase biosynthetic process"
84,0.171089532410359,"Up",0.361745022381631,0.996944727953093,"GO:0006413","translational initiation"
17,0.00163526845011806,"Down",0.361749489684992,0.996944727953093,"GO:0045879","negative regulation of smoothened signaling pathway"
42,0.0565349109475093,"Up",0.362481334393407,0.996944727953093,"GO:1901657","glycosyl compound metabolic process"
342,0.00744697020839797,"Up",0.362998886962897,0.996944727953093,"GO:0002694","regulation of leukocyte activation"
24,0.0503491667616505,"Down",0.363632973239608,0.996944727953093,"GO:0050906","detection of stimulus involved in sensory perception"
187,0.00395724128142426,"Up",0.363711952107129,0.996944727953093,"GO:1901214","regulation of neuron death"
37,0.0784359135275236,"Up",0.364743273740455,0.996944727953093,"GO:0006637","acyl-CoA metabolic process"
37,0.0784359135275236,"Up",0.364743273740455,0.996944727953093,"GO:0035383","thioester metabolic process"
90,0.00541639260277529,"Up",0.365094182096599,0.996944727953093,"GO:0071456","cellular response to hypoxia"
65,0.0387287978980326,"Up",0.365224269220609,0.996944727953093,"GO:2001243","negative regulation of intrinsic apoptotic signaling pathway"
28,0.0337238833185304,"Down",0.36571211683782,0.996944727953093,"GO:0009247","glycolipid biosynthetic process"
15,0.0565815929098312,"Up",0.365929466354113,0.996944727953093,"GO:0002825","regulation of T-helper 1 type immune response"
17,0.059341322296466,"Down",0.365939169292321,0.996944727953093,"GO:0039694","viral RNA genome replication"
45,0.0104273745862969,"Up",0.366003909443987,0.996944727953093,"GO:0046635","positive regulation of alpha-beta T cell activation"
53,0.0253410282273111,"Down",0.366213846676043,0.996944727953093,"GO:0030326","embryonic limb morphogenesis"
53,0.0253410282273111,"Down",0.366213846676043,0.996944727953093,"GO:0035113","embryonic appendage morphogenesis"
59,0.0218790800704664,"Up",0.366322487490404,0.996944727953093,"GO:0071326","cellular response to monosaccharide stimulus"
80,0.0161876385129028,"Up",0.366950294218196,0.996944727953093,"GO:0007009","plasma membrane organization"
186,0.0077247685232971,"Up",0.36746159139996,0.996944727953093,"GO:0050878","regulation of body fluid levels"
62,0.0174714191289981,"Down",0.367543069559993,0.996944727953093,"GO:0003231","cardiac ventricle development"
83,0.0517179726595196,"Down",0.367660558306131,0.996944727953093,"GO:0040029","epigenetic regulation of gene expression"
47,0.0201194651145986,"Up",0.367815544730826,0.996944727953093,"GO:0006766","vitamin metabolic process"
19,0.0420262385272813,"Up",0.367990430872474,0.996944727953093,"GO:0001516","prostaglandin biosynthetic process"
19,0.0420262385272813,"Up",0.367990430872474,0.996944727953093,"GO:0046457","prostanoid biosynthetic process"
41,0.028164647169787,"Down",0.369078514174528,0.996944727953093,"GO:0090307","mitotic spindle assembly"
78,0.0341312333666798,"Up",0.36914283917255,0.996944727953093,"GO:0150115","cell-substrate junction organization"
22,0.00775746435263568,"Up",0.369735755674475,0.996944727953093,"GO:0038094","Fc-gamma receptor signaling pathway"
217,0.00889457262114823,"Up",0.369992263593744,0.996944727953093,"GO:0050863","regulation of T cell activation"
84,0.0168112865004822,"Up",0.37004997078417,0.996944727953093,"GO:0010811","positive regulation of cell-substrate adhesion"
28,0.0642267014260373,"Down",0.370224005261889,0.996944727953093,"GO:0060350","endochondral bone morphogenesis"
16,0.0963470800141287,"Down",0.370238124534643,0.996944727953093,"GO:0046639","negative regulation of alpha-beta T cell differentiation"
21,0.0388687775062428,"Down",0.370399592130008,0.996944727953093,"GO:0099054","presynapse assembly"
126,0.00213926612089509,"Up",0.370486164276351,0.996944727953093,"GO:0042098","T cell proliferation"
32,0.00923378963600627,"Up",0.370564311995774,0.996944727953093,"GO:0048488","synaptic vesicle endocytosis"
32,0.00923378963600627,"Up",0.370564311995774,0.996944727953093,"GO:0140238","presynaptic endocytosis"
23,0.0320443141187156,"Down",0.370641608920616,0.996944727953093,"GO:0099172","presynapse organization"
33,0.0378318263350022,"Down",0.370940311058042,0.996944727953093,"GO:0035914","skeletal muscle cell differentiation"
18,0.112506289578378,"Down",0.372313462322887,0.996944727953093,"GO:0006298","mismatch repair"
27,-0.0232693909120159,"Up",0.372316737837896,0.996944727953093,"GO:0009154","purine ribonucleotide catabolic process"
31,-0.0235520320791734,"Up",0.372362874556213,0.996944727953093,"GO:0043124","negative regulation of I-kappaB kinase/NF-kappaB signaling"
49,0.0311611896006195,"Up",0.372974577685804,0.996944727953093,"GO:0002532","production of molecular mediator involved in inflammatory response"
67,0.032759582541469,"Up",0.373221284136217,0.996944727953093,"GO:0032355","response to estradiol"
75,0.0481769248337217,"Up",0.37340510244724,0.996944727953093,"GO:0006997","nucleus organization"
27,0.105544992455025,"Up",0.374969903558317,0.996944727953093,"GO:1903170","negative regulation of calcium ion transmembrane transport"
23,0.0380016950056069,"Up",0.375001801117301,0.996944727953093,"GO:0045730","respiratory burst"
15,-0.0336357180154599,"Up",0.375197907680759,0.996944727953093,"GO:0071731","response to nitric oxide"
67,0.040347945558098,"Down",0.375245220857516,0.996944727953093,"GO:0018022","peptidyl-lysine methylation"
22,-0.00208026027630317,"Up",0.375652102891432,0.996944727953093,"GO:0090278","negative regulation of peptide hormone secretion"
15,0.377541063110929,"Up",0.375742822505231,0.996944727953093,"GO:0090670","RNA localization to Cajal body"
15,0.377541063110929,"Up",0.375742822505231,0.996944727953093,"GO:0090671","telomerase RNA localization to Cajal body"
15,0.377541063110929,"Up",0.375742822505231,0.996944727953093,"GO:0090672","telomerase RNA localization"
15,0.377541063110929,"Up",0.375742822505231,0.996944727953093,"GO:0090685","RNA localization to nucleus"
15,0.377541063110929,"Up",0.375742822505231,0.996944727953093,"GO:1904872","regulation of telomerase RNA localization to Cajal body"
36,0.0305437254966672,"Up",0.375824736918641,0.996944727953093,"GO:0060389","pathway-restricted SMAD protein phosphorylation"
54,0.0171886454557925,"Down",0.376015146590933,0.996944727953093,"GO:0014020","primary neural tube formation"
39,0.0390535881362303,"Down",0.37602943940722,0.996944727953093,"GO:0009582","detection of abiotic stimulus"
17,0.0837603327625734,"Down",0.376159855700482,0.996944727953093,"GO:0021544","subpallium development"
87,-0.00250850085529802,"Up",0.376173322321407,0.996944727953093,"GO:0043524","negative regulation of neuron apoptotic process"
52,0.0563903233447517,"Down",0.376215989697319,0.996944727953093,"GO:0048565","digestive tract development"
19,0.00170547823038028,"Down",0.376337870378067,0.996944727953093,"GO:2000108","positive regulation of leukocyte apoptotic process"
50,-0.00576239216176409,"Up",0.376932551614615,0.996944727953093,"GO:1903533","regulation of protein targeting"
200,0.0116044980295045,"Up",0.377055602041823,0.996944727953093,"GO:0031346","positive regulation of cell projection organization"
270,0.00570757344507691,"Up",0.377283621344273,0.996944727953093,"GO:1903131","mononuclear cell differentiation"
20,0.0189853742209099,"Up",0.377507262968544,0.996944727953093,"GO:0071624","positive regulation of granulocyte chemotaxis"
20,0.0189853742209099,"Up",0.377507262968544,0.996944727953093,"GO:0090023","positive regulation of neutrophil chemotaxis"
294,0.010099545478011,"Up",0.377682468974317,0.996944727953093,"GO:0060284","regulation of cell development"
17,0.026360603813845,"Down",0.377750849026289,0.996944727953093,"GO:0021575","hindbrain morphogenesis"
18,0.0168285159342183,"Up",0.378122098622862,0.996944727953093,"GO:0042417","dopamine metabolic process"
200,0.00853003140649453,"Up",0.378447761182087,0.996944727953093,"GO:0010959","regulation of metal ion transport"
23,-0.00161716790169014,"Up",0.378570104038062,0.996944727953093,"GO:0002792","negative regulation of peptide secretion"
30,-0.0116905731578269,"Up",0.379145069898062,0.996944727953093,"GO:1903214","regulation of protein targeting to mitochondrion"
73,0.0123675985670885,"Up",0.379347670636097,0.996944727953093,"GO:0034763","negative regulation of transmembrane transport"
73,0.0134519927155621,"Up",0.379641138105341,0.996944727953093,"GO:0051783","regulation of nuclear division"
47,0.0358794885249527,"Down",0.380212934996137,0.996944727953093,"GO:0061326","renal tubule development"
71,0.0178433194587404,"Up",0.380318640586688,0.996944727953093,"GO:0045582","positive regulation of T cell differentiation"
103,0.0684787169562629,"Up",0.381042740743864,0.996944727953093,"GO:0034250","positive regulation of cellular amide metabolic process"
281,0.00615203747374112,"Up",0.381129441526921,0.996944727953093,"GO:0016032","viral process"
20,-0.015513515085732,"Up",0.381322335231858,0.996944727953093,"GO:0070296","sarcoplasmic reticulum calcium ion transport"
52,0.0746733814481449,"Down",0.381644579953242,0.996944727953093,"GO:0032392","DNA geometric change"
115,0.00695403735127813,"Up",0.381804677911192,0.996944727953093,"GO:0043123","positive regulation of I-kappaB kinase/NF-kappaB signaling"
112,0.018996938443619,"Up",0.38196368451753,0.996944727953093,"GO:0051648","vesicle localization"
15,0.0344175782556784,"Up",0.382060914681188,0.996944727953093,"GO:0002689","negative regulation of leukocyte chemotaxis"
40,0.0370845675366152,"Down",0.382233918214541,0.996944727953093,"GO:0003341","cilium movement"
302,0.0177261888783824,"Up",0.382537940196445,0.996944727953093,"GO:0010638","positive regulation of organelle organization"
35,-0.00137011320505169,"Up",0.382850387088732,0.996944727953093,"GO:0061180","mammary gland epithelium development"
103,0.0395294812318652,"Up",0.383494444955833,0.996944727953093,"GO:0044706","multi-multicellular organism process"
68,0.014732806653059,"Down",0.383627587218341,0.996944727953093,"GO:0007292","female gamete generation"
26,0.0151787291395635,"Up",0.383640511905104,0.996944727953093,"GO:0043001","Golgi to plasma membrane protein transport"
16,0.0262919625286242,"Up",0.383881795001958,0.996944727953093,"GO:1902410","mitotic cytokinetic process"
28,0.06237604184515,"Down",0.383970190998656,0.996944727953093,"GO:0001658","branching involved in ureteric bud morphogenesis"
83,0.0156093485795889,"Up",0.384661064155452,0.996944727953093,"GO:0009749","response to glucose"
34,0.0682903873710081,"Up",0.385025970148787,0.996944727953093,"GO:0034332","adherens junction organization"
17,-0.0163186066500669,"Up",0.385478745378992,0.996944727953093,"GO:0039531","regulation of viral-induced cytoplasmic pattern recognition receptor signaling pathway"
53,0.0121471745571912,"Up",0.385605748518995,0.996944727953093,"GO:0030901","midbrain development"
110,0.0130254026453162,"Up",0.385763195663463,0.996944727953093,"GO:0033500","carbohydrate homeostasis"
95,0.00445556174718038,"Up",0.385870683011115,0.996944727953093,"GO:0051494","negative regulation of cytoskeleton organization"
36,-0.00617209536536501,"Up",0.385892926816337,0.996944727953093,"GO:0051653","spindle localization"
27,0.0115107664798113,"Up",0.386299234415938,0.996944727953093,"GO:0045773","positive regulation of axon extension"
34,0.0205397858457681,"Up",0.386399389310648,0.996944727953093,"GO:0046888","negative regulation of hormone secretion"
99,0.0140872766088476,"Down",0.38664911026331,0.996944727953093,"GO:0042770","signal transduction in response to DNA damage"
17,0.0387360138685568,"Down",0.386689655788273,0.996944727953093,"GO:0006517","protein deglycosylation"
63,0.0102301585390564,"Up",0.387275867146711,0.996944727953093,"GO:0007088","regulation of mitotic nuclear division"
16,-0.0131855325906866,"Down",0.38735424599675,0.996944727953093,"GO:0071549","cellular response to dexamethasone stimulus"
106,0.00910047350443457,"Up",0.388514005805487,0.996944727953093,"GO:0071453","cellular response to oxygen levels"
86,0.0183064662242249,"Up",0.388579269298265,0.996944727953093,"GO:0009746","response to hexose"
37,0.00789917748296779,"Down",0.388593060551546,0.996944727953093,"GO:0001578","microtubule bundle formation"
106,0.019696672353675,"Up",0.388639779835557,0.996944727953093,"GO:0051650","establishment of vesicle localization"
41,0.00976780928410082,"Up",0.388710944939918,0.996944727953093,"GO:2000756","regulation of peptidyl-lysine acetylation"
50,2.56372005295341e-06,"Up",0.389367905811514,0.996944727953093,"GO:0007286","spermatid development"
57,0.0210235927103587,"Up",0.389474432427765,0.996944727953093,"GO:0071333","cellular response to glucose stimulus"
79,0.023766048295948,"Up",0.389504755193059,0.996944727953093,"GO:0050852","T cell receptor signaling pathway"
41,0.0122243697039651,"Down",0.389765852186199,0.996944727953093,"GO:0002753","cytoplasmic pattern recognition receptor signaling pathway"
20,-0.0259200495358416,"Down",0.389816558922882,0.996944727953093,"GO:0051385","response to mineralocorticoid"
16,0.0663061357940738,"Up",0.39007836376589,0.996944727953093,"GO:0006027","glycosaminoglycan catabolic process"
32,-0.0181080517582812,"Down",0.390430379321825,0.996944727953093,"GO:0045646","regulation of erythrocyte differentiation"
133,0.0313438776034756,"Down",0.391133302682531,0.996944727953093,"GO:0045444","fat cell differentiation"
81,0.0287075982241238,"Up",0.39136831355571,0.996944727953093,"GO:0048284","organelle fusion"
25,0.00582343701699141,"Up",0.391660633207386,0.996944727953093,"GO:0097479","synaptic vesicle localization"
16,0.0854211964245257,"Down",0.392176396885428,0.996944727953093,"GO:0045910","negative regulation of DNA recombination"
38,0.0740848238911719,"Up",0.392206395006323,0.996944727953093,"GO:0050830","defense response to Gram-positive bacterium"
25,-0.0327713223138334,"Up",0.392478918942369,0.996944727953093,"GO:0061081","positive regulation of myeloid leukocyte cytokine production involved in immune response"
18,0.0625588584368603,"Up",0.392804526026503,0.996944727953093,"GO:0050820","positive regulation of coagulation"
322,0.00637486654782712,"Up",0.393178524944787,0.996944727953093,"GO:0007264","small GTPase mediated signal transduction"
59,-0.00437140917777656,"Down",0.393212542076723,0.996944727953093,"GO:0045445","myoblast differentiation"
37,0.0140369798097303,"Up",0.393659375669881,0.996944727953093,"GO:0050709","negative regulation of protein secretion"
80,0.00252582551991481,"Down",0.393763442339742,0.996944727953093,"GO:0007519","skeletal muscle tissue development"
483,0.0286676008184604,"Up",0.394002832694788,0.996944727953093,"GO:0051603","proteolysis involved in protein catabolic process"
168,0.016161450344394,"Up",0.394209649266609,0.996944727953093,"GO:0019216","regulation of lipid metabolic process"
18,-0.0232231180699367,"Up",0.394620052288746,0.996944727953093,"GO:0050687","negative regulation of defense response to virus"
18,-0.0189709704128615,"Up",0.394766394344308,0.996944727953093,"GO:0006972","hyperosmotic response"
24,-0.00967871051264005,"Down",0.395120116267545,0.996944727953093,"GO:0001756","somitogenesis"
25,0.120989887825594,"Up",0.395417511588595,0.996944727953093,"GO:0032435","negative regulation of proteasomal ubiquitin-dependent protein catabolic process"
102,0.00654422668335547,"Up",0.395563852759464,0.996944727953093,"GO:0060759","regulation of response to cytokine stimulus"
214,0.00376389441947831,"Up",0.395862212176512,0.996944727953093,"GO:0070997","neuron death"
30,0.00432316317821068,"Down",0.396019019145518,0.996944727953093,"GO:1902017","regulation of cilium assembly"
100,0.0430785314048148,"Up",0.396051249872316,0.996944727953093,"GO:0044703","multi-organism reproductive process"
32,-0.00856636185002398,"Up",0.396441860016092,0.996944727953093,"GO:0030866","cortical actin cytoskeleton organization"
17,0.0705414889990257,"Down",0.396530810667835,0.996944727953093,"GO:0008542","visual learning"
29,-0.0164205551852269,"Up",0.396672034516983,0.996944727953093,"GO:0061001","regulation of dendritic spine morphogenesis"
21,0.013815272865142,"Up",0.396967951548654,0.996944727953093,"GO:1901861","regulation of muscle tissue development"
338,0.0119291832104323,"Down",0.397568128249061,0.996944727953093,"GO:0048589","developmental growth"
29,0.0161514513554929,"Down",0.397616989513468,0.996944727953093,"GO:1904646","cellular response to amyloid-beta"
38,0.0613248445618281,"Up",0.397666745816811,0.996944727953093,"GO:0045666","positive regulation of neuron differentiation"
138,0.0148041541081944,"Up",0.397686809547502,0.996944727953093,"GO:0002429","immune response-activating cell surface receptor signaling pathway"
138,0.0148041541081944,"Up",0.397686809547502,0.996944727953093,"GO:0002757","immune response-activating signal transduction"
15,-0.0152142432348213,"Up",0.397803360641762,0.996944727953093,"GO:0046475","glycerophospholipid catabolic process"
162,0.00482368116623429,"Up",0.398375869423426,0.996944727953093,"GO:0051222","positive regulation of protein transport"
33,-0.00559731320334946,"Down",0.398471403605394,0.996944727953093,"GO:0051952","regulation of amine transport"
16,0.094122297978877,"Up",0.398541482048412,0.996944727953093,"GO:0009081","branched-chain amino acid metabolic process"
29,0.08297218385075,"Up",0.398588202612576,0.996944727953093,"GO:0071806","protein transmembrane transport"
93,0.00556290734303265,"Down",0.398680197949159,0.996944727953093,"GO:0031503","protein-containing complex localization"
24,0.0803681314656004,"Up",0.398716889153208,0.996944727953093,"GO:0036257","multivesicular body organization"
20,0.0236399985600719,"Up",0.398994693805658,0.996944727953093,"GO:0060142","regulation of syncytium formation by plasma membrane fusion"
24,-0.0355328301607718,"Up",0.399050429522755,0.996944727953093,"GO:0098751","bone cell development"
23,0.0723288224241337,"Down",0.399240450925544,0.996944727953093,"GO:0071539","protein localization to centrosome"
76,0.000790076858131217,"Up",0.399559602303743,0.996944727953093,"GO:0043244","regulation of protein-containing complex disassembly"
206,0.0136736835162434,"Up",0.399824194955019,0.996944727953093,"GO:0010639","negative regulation of organelle organization"
56,0.0662868546970291,"Down",0.400767001046234,0.996944727953093,"GO:0071103","DNA conformation change"
324,0.0330753833486114,"Up",0.400966388546494,0.996944727953093,"GO:0010498","proteasomal protein catabolic process"
66,0.0272108809240554,"Down",0.401164274245947,0.996944727953093,"GO:0009408","response to heat"
81,0.0258755507708362,"Down",0.401182650065315,0.996944727953093,"GO:0009913","epidermal cell differentiation"
15,0.0288276135970263,"Up",0.401321581878876,0.996944727953093,"GO:0061484","hematopoietic stem cell homeostasis"
15,0.0185962675239822,"Down",0.401375173952609,0.996944727953093,"GO:0045672","positive regulation of osteoclast differentiation"
70,0.0216488364877671,"Up",0.401874480001594,0.996944727953093,"GO:0019080","viral gene expression"
15,0.000648384811479774,"Down",0.402190946497818,0.996944727953093,"GO:0019098","reproductive behavior"
21,0.0784384905948838,"Down",0.402984010291334,0.996944727953093,"GO:1901099","negative regulation of signal transduction in absence of ligand"
21,0.0784384905948838,"Down",0.402984010291334,0.996944727953093,"GO:2001240","negative regulation of extrinsic apoptotic signaling pathway in absence of ligand"
19,-0.0351024364968912,"Down",0.40304350527828,0.996944727953093,"GO:0045671","negative regulation of osteoclast differentiation"
19,0.000974810719862126,"Up",0.403520237606036,0.996944727953093,"GO:0045923","positive regulation of fatty acid metabolic process"
32,-0.00502379658986833,"Up",0.403783676746928,0.996944727953093,"GO:1902622","regulation of neutrophil migration"
22,0.0114174054131582,"Up",0.403863226093213,0.996944727953093,"GO:0017156","calcium-ion regulated exocytosis"
34,-0.00906167368469026,"Up",0.404154462784655,0.996944727953093,"GO:0007585","respiratory gaseous exchange by respiratory system"
21,-0.0084787890699429,"Up",0.404246183760997,0.996944727953093,"GO:1903115","regulation of actin filament-based movement"
20,0.107868058748012,"Up",0.404641830288569,0.996944727953093,"GO:0045116","protein neddylation"
85,0.00164206735785704,"Down",0.404860604961794,0.996944727953093,"GO:0060538","skeletal muscle organ development"
44,0.0054029718284952,"Up",0.405364110155614,0.996944727953093,"GO:1904377","positive regulation of protein localization to cell periphery"
18,-0.0326872565906289,"Up",0.405738310536914,0.996944727953093,"GO:0060907","positive regulation of macrophage cytokine production"
59,0.0578245458202284,"Down",0.405738588169553,0.996944727953093,"GO:0000079","regulation of cyclin-dependent protein serine/threonine kinase activity"
21,0.190533945111828,"Up",0.406350095316426,0.996944727953093,"GO:0017004","cytochrome complex assembly"
174,0.00423237968152416,"Up",0.40674039260856,0.996944727953093,"GO:0006887","exocytosis"
19,0.044801147103608,"Up",0.407215919580723,0.996944727953093,"GO:0055069","zinc ion homeostasis"
172,0.0146898039908249,"Up",0.407401525359939,0.996944727953093,"GO:0042391","regulation of membrane potential"
18,-0.017643991610656,"Up",0.407491185457999,0.996944727953093,"GO:0034381","plasma lipoprotein particle clearance"
291,0.00705811488331565,"Up",0.407515661593353,0.996944727953093,"GO:0070201","regulation of establishment of protein localization"
74,0.0157518152863023,"Up",0.407814614900217,0.996944727953093,"GO:1901605","alpha-amino acid metabolic process"
155,0.00785715025929164,"Down",0.408328465991009,0.996944727953093,"GO:0044843","cell cycle G1/S phase transition"
34,0.014423115219793,"Down",0.40850953720927,0.996944727953093,"GO:0015807","L-amino acid transport"
109,0.0148203066420448,"Up",0.408553777518011,0.996944727953093,"GO:0042593","glucose homeostasis"
439,0.0077578930150687,"Up",0.408835693943841,0.996944727953093,"GO:0046649","lymphocyte activation"
199,0.00723093103990812,"Up",0.409284581184122,0.996944727953093,"GO:0010817","regulation of hormone levels"
188,0.00333814617768782,"Down",0.409647738869561,0.996944727953093,"GO:0048232","male gamete generation"
20,-0.0249169004898975,"Up",0.409910633623788,0.996944727953093,"GO:0045981","positive regulation of nucleotide metabolic process"
20,-0.0249169004898975,"Up",0.409910633623788,0.996944727953093,"GO:1900544","positive regulation of purine nucleotide metabolic process"
366,0.0105008797751806,"Up",0.410620747720158,0.996944727953093,"GO:2000147","positive regulation of cell motility"
37,0.0123553194011417,"Up",0.411028706537987,0.996944727953093,"GO:0036465","synaptic vesicle recycling"
39,-0.00144590649889643,"Down",0.411038444609703,0.996944727953093,"GO:0051057","positive regulation of small GTPase mediated signal transduction"
20,0.0778974664220539,"Up",0.411200820901781,0.996944727953093,"GO:1901020","negative regulation of calcium ion transmembrane transporter activity"
34,0.113417050083835,"Up",0.411226511151551,0.996944727953093,"GO:0019884","antigen processing and presentation of exogenous antigen"
25,0.017952673101082,"Down",0.411337430808285,0.996944727953093,"GO:0045197","establishment or maintenance of epithelial cell apical/basal polarity"
41,-0.0154399849141827,"Down",0.411338034398509,0.996944727953093,"GO:0071277","cellular response to calcium ion"
29,0.0683400031626386,"Up",0.411898124107715,0.996944727953093,"GO:0030858","positive regulation of epithelial cell differentiation"
19,0.0314751733875417,"Down",0.412491766879024,0.996944727953093,"GO:0035825","homologous recombination"
237,0.00497227344578524,"Up",0.412547299029828,0.996944727953093,"GO:0051090","regulation of DNA-binding transcription factor activity"
59,0.0750839761547191,"Up",0.412866897135844,0.996944727953093,"GO:0007032","endosome organization"
54,0.0225890076862184,"Down",0.413249885245912,0.996944727953093,"GO:0007601","visual perception"
38,0.0326218857929893,"Up",0.413251819416067,0.996944727953093,"GO:0043666","regulation of phosphoprotein phosphatase activity"
54,0.0463657465343146,"Down",0.413582499757986,0.996944727953093,"GO:0070828","heterochromatin organization"
21,0.151301516043655,"Up",0.413886078326669,0.996944727953093,"GO:0019886","antigen processing and presentation of exogenous peptide antigen via MHC class II"
17,0.000713205246959822,"Up",0.414326336820432,0.996944727953093,"GO:0002092","positive regulation of receptor internalization"
39,0.242233540138275,"Up",0.415136406315809,0.996944727953093,"GO:0042274","ribosomal small subunit biogenesis"
272,0.0089117488698169,"Up",0.415841142418797,0.996944727953093,"GO:0001819","positive regulation of cytokine production"
191,0.0136875703478097,"Up",0.416082578974903,0.996944727953093,"GO:0009895","negative regulation of catabolic process"
68,0.0167722269694887,"Down",0.41642784336707,0.996944727953093,"GO:0007612","learning"
34,0.0365580950827225,"Up",0.416585460334847,0.996944727953093,"GO:0035065","regulation of histone acetylation"
17,0.05555824415547,"Up",0.416618824608117,0.996944727953093,"GO:0032515","negative regulation of phosphoprotein phosphatase activity"
99,0.0383961642964769,"Down",0.416789674054011,0.996944727953093,"GO:0048562","embryonic organ morphogenesis"
15,0.0723677309293037,"Up",0.417011344558577,0.996944727953093,"GO:0035337","fatty-acyl-CoA metabolic process"
44,0.0319979823958285,"Down",0.417016880510002,0.996944727953093,"GO:0032922","circadian regulation of gene expression"
24,0.00882682961977122,"Down",0.417144466318795,0.996944727953093,"GO:1901798","positive regulation of signal transduction by p53 class mediator"
30,0.00534801955940904,"Up",0.417755192556452,0.996944727953093,"GO:0035305","negative regulation of dephosphorylation"
22,-0.00576381326455234,"Down",0.418003539771116,0.996944727953093,"GO:0032733","positive regulation of interleukin-10 production"
55,0.0245310575514488,"Down",0.418450813065128,0.996944727953093,"GO:0050953","sensory perception of light stimulus"
41,0.0492586192738268,"Up",0.418472704088659,0.996944727953093,"GO:0051438","regulation of ubiquitin-protein transferase activity"
70,0.00464956909286484,"Up",0.418502341480493,0.996944727953093,"GO:0030038","contractile actin filament bundle assembly"
70,0.00464956909286484,"Up",0.418502341480493,0.996944727953093,"GO:0043149","stress fiber assembly"
21,0.0239550174133533,"Up",0.418694029416177,0.996944727953093,"GO:1903432","regulation of TORC1 signaling"
55,-0.00416056029818629,"Up",0.419191998190465,0.996944727953093,"GO:1901879","regulation of protein depolymerization"
34,0.0396813802061611,"Up",0.4193815802743,0.996944727953093,"GO:0060393","regulation of pathway-restricted SMAD protein phosphorylation"
48,0.10768796255815,"Up",0.419849757574693,0.996944727953093,"GO:0061077","chaperone-mediated protein folding"
363,0.00864043750830397,"Up",0.420041892545431,0.996944727953093,"GO:0030001","metal ion transport"
38,0.0357145382233321,"Down",0.420054869795534,0.996944727953093,"GO:0048016","inositol phosphate-mediated signaling"
85,0.015025997554572,"Up",0.420362130263518,0.996944727953093,"GO:0042445","hormone metabolic process"
34,0.0187728830530515,"Up",0.421019476482883,0.996944727953093,"GO:0001961","positive regulation of cytokine-mediated signaling pathway"
25,0.0726614090010173,"Down",0.421583697933122,0.996944727953093,"GO:0034661","ncRNA catabolic process"
63,-0.0056408854498774,"Up",0.421601828850474,0.996944727953093,"GO:1905477","positive regulation of protein localization to membrane"
17,-0.000682760160739579,"Down",0.421704265623363,0.996944727953093,"GO:0001754","eye photoreceptor cell differentiation"
21,-0.0337237418386354,"Up",0.421735175442307,0.996944727953093,"GO:0046006","regulation of activated T cell proliferation"
17,0.098865428540647,"Down",0.421950905682422,0.996944727953093,"GO:0072539","T-helper 17 cell differentiation"
23,0.0618482541188165,"Up",0.422088172078203,0.996944727953093,"GO:0001974","blood vessel remodeling"
116,0.00232494765875597,"Up",0.422151888728827,0.996944727953093,"GO:0071241","cellular response to inorganic substance"
18,0.0089598165488427,"Down",0.422488453822836,0.996944727953093,"GO:0010955","negative regulation of protein processing"
18,0.0089598165488427,"Down",0.422488453822836,0.996944727953093,"GO:1903318","negative regulation of protein maturation"
30,0.0842715352552214,"Down",0.423256527883594,0.996944727953093,"GO:0051568","histone H3-K4 methylation"
20,0.0693919363882599,"Down",0.423563765544361,0.996944727953093,"GO:2000050","regulation of non-canonical Wnt signaling pathway"
15,0.051819990977592,"Down",0.423722648801842,0.996944727953093,"GO:0098868","bone growth"
24,0.0611995790471936,"Up",0.423754820525839,0.996944727953093,"GO:1905898","positive regulation of response to endoplasmic reticulum stress"
25,0.0460791313999672,"Down",0.423912680939393,0.996944727953093,"GO:0003197","endocardial cushion development"
15,0.031959836042023,"Up",0.424122959302284,0.996944727953093,"GO:2001044","regulation of integrin-mediated signaling pathway"
36,0.0123919445589381,"Up",0.424209793484267,0.996944727953093,"GO:0043550","regulation of lipid kinase activity"
39,0.0399884607084301,"Up",0.424963048178005,0.996944727953093,"GO:0034308","primary alcohol metabolic process"
141,0.0266756025084978,"Down",0.425085416207101,0.996944727953093,"GO:0000209","protein polyubiquitination"
29,0.117101670657985,"Up",0.425775696928481,0.996944727953093,"GO:0006414","translational elongation"
60,0.0583876497567911,"Down",0.42716073203327,0.996944727953093,"GO:1904029","regulation of cyclin-dependent protein kinase activity"
75,0.0197760435128699,"Down",0.427949962904928,0.996944727953093,"GO:0031047","gene silencing by RNA"
55,0.0241318299941874,"Up",0.427953342084565,0.996944727953093,"GO:0032526","response to retinoic acid"
32,0.0178952822263599,"Up",0.428739489103982,0.996944727953093,"GO:0002090","regulation of receptor internalization"
50,0.00928014452920912,"Down",0.42995671645081,0.996944727953093,"GO:0051865","protein autoubiquitination"
31,0.0223123126744241,"Up",0.430296147165175,0.996944727953093,"GO:0061383","trabecula morphogenesis"
16,-0.0273600258781807,"Up",0.430689680290525,0.996944727953093,"GO:0001556","oocyte maturation"
39,0.013418226585276,"Up",0.430857630683241,0.996944727953093,"GO:0060760","positive regulation of response to cytokine stimulus"
205,0.00773455033369838,"Up",0.431476625010844,0.996944727953093,"GO:0032386","regulation of intracellular transport"
288,0.0103150081033303,"Down",0.432301595857762,0.996944727953093,"GO:0007610","behavior"
45,0.0171053874180321,"Up",0.432319218468549,0.996944727953093,"GO:0070527","platelet aggregation"
20,0.00202067341664299,"Up",0.432319469901007,0.996944727953093,"GO:0030947","regulation of vascular endothelial growth factor receptor signaling pathway"
26,0.0203685177771049,"Up",0.432355879352866,0.996944727953093,"GO:0002066","columnar/cuboidal epithelial cell development"
83,0.0274728554055175,"Up",0.432410912502866,0.996944727953093,"GO:0045621","positive regulation of lymphocyte differentiation"
36,0.116648979311179,"Up",0.432632184814117,0.996944727953093,"GO:2000059","negative regulation of ubiquitin-dependent protein catabolic process"
97,0.0592221186237236,"Down",0.43295948395544,0.996944727953093,"GO:0043487","regulation of RNA stability"
121,0.0227169990698876,"Down",0.433058158575653,0.996944727953093,"GO:0009612","response to mechanical stimulus"
15,0.00356842610773295,"Down",0.433785566905623,0.996944727953093,"GO:0010560","positive regulation of glycoprotein biosynthetic process"
25,0.000209625112889559,"Down",0.43381168162106,0.996944727953093,"GO:1903793","positive regulation of anion transport"
37,0.0538847419524409,"Down",0.434213878730303,0.996944727953093,"GO:0003179","heart valve morphogenesis"
125,0.150701867335349,"Up",0.434627248097473,0.996944727953093,"GO:0071826","ribonucleoprotein complex subunit organization"
47,0.0516284984905972,"Down",0.434692692640459,0.996944727953093,"GO:0031507","heterochromatin formation"
46,0.0723700789804332,"Down",0.434847176402731,0.996944727953093,"GO:0032508","DNA duplex unwinding"
15,-0.00616317578110088,"Up",0.435221396533285,0.996944727953093,"GO:0060547","negative regulation of necrotic cell death"
78,0.0142495323431618,"Down",0.435257998336597,0.996944727953093,"GO:0007041","lysosomal transport"
192,0.0615772926795794,"Up",0.435356916438656,0.996944727953093,"GO:0048193","Golgi vesicle transport"
27,0.0243609759194855,"Up",0.435563138212505,0.996944727953093,"GO:0086065","cell communication involved in cardiac conduction"
18,-0.0186652277387805,"Down",0.435578136435336,0.996944727953093,"GO:0002220","innate immune response activating cell surface receptor signaling pathway"
18,0.0834947338167563,"Up",0.436106864843056,0.996944727953093,"GO:0051444","negative regulation of ubiquitin-protein transferase activity"
66,0.0130872006825613,"Up",0.436482627217618,0.996944727953093,"GO:0033209","tumor necrosis factor-mediated signaling pathway"
38,-6.79677134074043e-05,"Up",0.436936507276649,0.996944727953093,"GO:0035306","positive regulation of dephosphorylation"
24,-0.00359891892604663,"Up",0.437080457168895,0.996944727953093,"GO:0046503","glycerolipid catabolic process"
18,0.187870196905961,"Up",0.437321802277915,0.996944727953093,"GO:0045943","positive regulation of transcription by RNA polymerase I"
58,0.0374702184654277,"Down",0.437551300590661,0.996944727953093,"GO:0030216","keratinocyte differentiation"
396,0.0105063649758582,"Down",0.437744666176428,0.996944727953093,"GO:0060322","head development"
126,0.0072877817893234,"Down",0.437746111753367,0.996944727953093,"GO:0016358","dendrite development"
36,-0.00708290273532875,"Up",0.438576751399255,0.996944727953093,"GO:0014823","response to activity"
28,0.0239321370641761,"Down",0.438848712538182,0.996944727953093,"GO:0071364","cellular response to epidermal growth factor stimulus"
27,0.0541139702105353,"Down",0.439012017577278,0.996944727953093,"GO:0032781","positive regulation of ATP-dependent activity"
16,0.0202877137891542,"Down",0.439203335054018,0.996944727953093,"GO:0044827","modulation by host of viral genome replication"
16,-0.00691141601238835,"Up",0.439255597585574,0.996944727953093,"GO:0035066","positive regulation of histone acetylation"
106,0.0169833599677769,"Up",0.439351165724245,0.996944727953093,"GO:0050731","positive regulation of peptidyl-tyrosine phosphorylation"
114,0.00619225410844141,"Down",0.43969457466804,0.996944727953093,"GO:0030705","cytoskeleton-dependent intracellular transport"
23,-0.0146445699318626,"Up",0.439777986294017,0.996944727953093,"GO:0050798","activated T cell proliferation"
137,0.00407663524333651,"Down",0.440840567693606,0.996944727953093,"GO:0071902","positive regulation of protein serine/threonine kinase activity"
96,0.0268829326790067,"Up",0.441108127611598,0.996944727953093,"GO:0006520","cellular amino acid metabolic process"
63,0.00093054020459549,"Down",0.441977436031018,0.996944727953093,"GO:1903825","organic acid transmembrane transport"
63,0.00093054020459549,"Down",0.441977436031018,0.996944727953093,"GO:1905039","carboxylic acid transmembrane transport"
62,-0.00845747739384177,"Up",0.442077306857745,0.996944727953093,"GO:0015918","sterol transport"
240,0.0147055906317465,"Up",0.44242412440118,0.996944727953093,"GO:0051656","establishment of organelle localization"
36,-0.0114422940058925,"Up",0.442498074052426,0.996944727953093,"GO:0006879","cellular iron ion homeostasis"
53,-0.00768209040779167,"Up",0.442784448911545,0.996944727953093,"GO:0010507","negative regulation of autophagy"
45,0.000616991196887235,"Up",0.442802865796635,0.996944727953093,"GO:0032410","negative regulation of transporter activity"
18,0.136026279442258,"Up",0.443005002780965,0.996944727953093,"GO:0018196","peptidyl-asparagine modification"
18,0.136026279442258,"Up",0.443005002780965,0.996944727953093,"GO:0018279","protein N-linked glycosylation via asparagine"
31,0.0263277714365609,"Down",0.443176853437179,0.996944727953093,"GO:0033173","calcineurin-NFAT signaling cascade"
31,0.0263277714365609,"Down",0.443176853437179,0.996944727953093,"GO:0097720","calcineurin-mediated signaling"
26,0.0624514485676614,"Up",0.443178084191642,0.996944727953093,"GO:0046640","regulation of alpha-beta T cell proliferation"
215,0.00635046728020756,"Up",0.443485395299221,0.996944727953093,"GO:0034765","regulation of ion transmembrane transport"
43,0.0657598715950567,"Up",0.443702648453381,0.996944727953093,"GO:1903051","negative regulation of proteolysis involved in protein catabolic process"
16,0.0230189736128953,"Up",0.444189459158054,0.996944727953093,"GO:0009069","serine family amino acid metabolic process"
50,0.00913293711387845,"Up",0.444269334955097,0.996944727953093,"GO:0055072","iron ion homeostasis"
26,0.0580953443037659,"Up",0.444402311308072,0.996944727953093,"GO:1901568","fatty acid derivative metabolic process"
23,0.0117785219062431,"Down",0.444585300850211,0.996944727953093,"GO:1904894","positive regulation of receptor signaling pathway via STAT"
46,-0.00933510807537631,"Up",0.444733426007396,0.996944727953093,"GO:1901880","negative regulation of protein depolymerization"
25,0.0670510490801908,"Down",0.445313700359989,0.996944727953093,"GO:0072538","T-helper 17 type immune response"
62,0.0233963663434159,"Down",0.445813969182099,0.996944727953093,"GO:0014902","myotube differentiation"
173,0.0428464506607181,"Down",0.44630260468629,0.996944727953093,"GO:0006338","chromatin remodeling"
161,0.0141612895630746,"Up",0.446876430995471,0.996944727953093,"GO:0031349","positive regulation of defense response"
80,0.0237496874076234,"Down",0.448371601361248,0.996944727953093,"GO:0032147","activation of protein kinase activity"
17,0.0866020237633484,"Up",0.449009984305026,0.996944727953093,"GO:0042304","regulation of fatty acid biosynthetic process"
15,0.0111837647014658,"Up",0.449026601896675,0.996944727953093,"GO:0010664","negative regulation of striated muscle cell apoptotic process"
38,0.0391690837433201,"Down",0.449060059320776,0.996944727953093,"GO:0009581","detection of external stimulus"
19,0.0621091199924535,"Down",0.449409895369137,0.996944727953093,"GO:0071108","protein K48-linked deubiquitination"
21,-0.0138759808522346,"Down",0.449410625872021,0.996944727953093,"GO:0051955","regulation of amino acid transport"
111,0.0502126336922979,"Up",0.449845856638404,0.996944727953093,"GO:0045216","cell-cell junction organization"
72,0.0422660370930964,"Up",0.450364093822367,0.996944727953093,"GO:0007044","cell-substrate junction assembly"
16,0.0526558508128538,"Down",0.450467574945101,0.996944727953093,"GO:0003272","endocardial cushion formation"
28,0.0644600095744899,"Up",0.450627185010496,0.996944727953093,"GO:0046633","alpha-beta T cell proliferation"
32,0.0524929197565817,"Up",0.451183700949487,0.996944727953093,"GO:0022617","extracellular matrix disassembly"
26,0.060515206940249,"Up",0.451516518860692,0.996944727953093,"GO:0006692","prostanoid metabolic process"
26,0.060515206940249,"Up",0.451516518860692,0.996944727953093,"GO:0006693","prostaglandin metabolic process"
16,0.0603468949917514,"Down",0.451634749286688,0.996944727953093,"GO:0044346","fibroblast apoptotic process"
17,0.0284591494095598,"Up",0.452133132508674,0.996944727953093,"GO:0032633","interleukin-4 production"
17,0.0284591494095598,"Up",0.452133132508674,0.996944727953093,"GO:0032673","regulation of interleukin-4 production"
23,0.0265106156453568,"Down",0.452147549971067,0.996944727953093,"GO:0032007","negative regulation of TOR signaling"
24,0.0154823962886902,"Down",0.452345744281386,0.996944727953093,"GO:0030224","monocyte differentiation"
372,0.010359503432952,"Up",0.45275796296866,0.996944727953093,"GO:0040017","positive regulation of locomotion"
281,0.0242288920570393,"Down",0.452870539756704,0.996944727953093,"GO:0048598","embryonic morphogenesis"
42,0.0497072222060133,"Down",0.45307773054098,0.996944727953093,"GO:0060349","bone morphogenesis"
234,0.0119478789772328,"Down",0.45334662216614,0.996944727953093,"GO:1901987","regulation of cell cycle phase transition"
32,-0.0135011267058779,"Down",0.453664229311284,0.996944727953093,"GO:1903202","negative regulation of oxidative stress-induced cell death"
101,0.0061531788521437,"Up",0.453722142414202,0.996944727953093,"GO:1901617","organic hydroxy compound biosynthetic process"
16,0.0254060150229838,"Up",0.45385986775193,0.996944727953093,"GO:0031281","positive regulation of cyclase activity"
40,-0.0158736019318746,"Up",0.453962420505378,0.996944727953093,"GO:0032233","positive regulation of actin filament bundle assembly"
38,0.0083225728407831,"Up",0.454120148729472,0.996944727953093,"GO:0031103","axon regeneration"
62,0.0182022311799709,"Down",0.454121330685887,0.996944727953093,"GO:0006865","amino acid transport"
98,0.0343817180661385,"Up",0.45435065311919,0.996944727953093,"GO:1903034","regulation of response to wounding"
24,0.0260733709677508,"Down",0.454812077582011,0.996944727953093,"GO:0051646","mitochondrion localization"
71,0.00572065085977825,"Down",0.456221025520301,0.996944727953093,"GO:0008286","insulin receptor signaling pathway"
130,0.00939624261752487,"Up",0.45719936632353,0.996944727953093,"GO:0031669","cellular response to nutrient levels"
32,0.0243762157073252,"Down",0.457544805713652,0.996944727953093,"GO:0008306","associative learning"
71,0.105223764798993,"Down",0.457561459669971,0.996944727953093,"GO:1903313","positive regulation of mRNA metabolic process"
23,0.0177748402055594,"Up",0.457696661790456,0.996944727953093,"GO:0032814","regulation of natural killer cell activation"
15,0.0286800158062939,"Up",0.457703093377137,0.996944727953093,"GO:0035883","enteroendocrine cell differentiation"
55,-0.00538826334896126,"Up",0.457744122769606,0.996944727953093,"GO:0048515","spermatid differentiation"
20,0.0873321856448941,"Up",0.457952626089204,0.996944727953093,"GO:0003180","aortic valve morphogenesis"
21,-0.010862863777297,"Down",0.458030850798684,0.996944727953093,"GO:0043268","positive regulation of potassium ion transport"
15,0.0869781192809613,"Up",0.458372258791849,0.996944727953093,"GO:0032967","positive regulation of collagen biosynthetic process"
91,0.0262096688178851,"Up",0.459435456175431,0.996944727953093,"GO:0050770","regulation of axonogenesis"
21,0.0422499340945553,"Down",0.459817502193287,0.996944727953093,"GO:0015804","neutral amino acid transport"
28,0.0166212918962922,"Down",0.459989882821778,0.996944727953093,"GO:0060113","inner ear receptor cell differentiation"
30,0.0142490682191638,"Down",0.460005977378607,0.996944727953093,"GO:0097035","regulation of membrane lipid distribution"
77,0.01833739337318,"Down",0.460307267537491,0.996944727953093,"GO:0031023","microtubule organizing center organization"
142,0.0122246485988591,"Down",0.460576072575928,0.996944727953093,"GO:0000082","G1/S transition of mitotic cell cycle"
335,0.00545334375765327,"Down",0.460754052466799,0.996944727953093,"GO:0032504","multicellular organism reproduction"
69,0.0205878115873941,"Up",0.461729880835049,0.996944727953093,"GO:0001678","cellular glucose homeostasis"
36,-0.0099342552278384,"Up",0.461745393160981,0.996944727953093,"GO:0050732","negative regulation of peptidyl-tyrosine phosphorylation"
31,-0.0195225238539422,"Down",0.461906212049035,0.996944727953093,"GO:0071320","cellular response to cAMP"
87,0.028568797271604,"Up",0.462186627590641,0.996944727953093,"GO:0006959","humoral immune response"
140,0.0186850661551283,"Down",0.462319797989573,0.996944727953093,"GO:0009416","response to light stimulus"
28,0.0592950169240763,"Down",0.46233638969946,0.996944727953093,"GO:0043620","regulation of DNA-templated transcription in response to stress"
19,0.0423180929308533,"Down",0.462956093189511,0.996944727953093,"GO:0035176","social behavior"
19,0.0423180929308533,"Down",0.462956093189511,0.996944727953093,"GO:0051703","biological process involved in intraspecies interaction between organisms"
16,0.00785389659685936,"Down",0.462957327590601,0.996944727953093,"GO:0070886","positive regulation of calcineurin-NFAT signaling cascade"
16,0.00785389659685936,"Down",0.462957327590601,0.996944727953093,"GO:0106058","positive regulation of calcineurin-mediated signaling"
100,0.0194758634400189,"Up",0.462990634489033,0.996944727953093,"GO:0051017","actin filament bundle assembly"
69,0.0114817699862266,"Up",0.463128415260844,0.996944727953093,"GO:0060041","retina development in camera-type eye"
54,0.00585237710397314,"Up",0.46316775768822,0.996944727953093,"GO:0032642","regulation of chemokine production"
58,0.00156050793358488,"Up",0.46334612758953,0.996944727953093,"GO:0034109","homotypic cell-cell adhesion"
39,0.00639263374536969,"Down",0.463510829887712,0.996944727953093,"GO:0048247","lymphocyte chemotaxis"
311,0.00438038901688134,"Down",0.463621252249972,0.996944727953093,"GO:0019953","sexual reproduction"
490,0.0836763899733456,"Up",0.463839692692583,0.996944727953093,"GO:0043604","amide biosynthetic process"
18,-0.00903439980781568,"Up",0.464342036527412,0.996944727953093,"GO:0002433","immune response-regulating cell surface receptor signaling pathway involved in phagocytosis"
18,-0.00903439980781568,"Up",0.464342036527412,0.996944727953093,"GO:0038096","Fc-gamma receptor signaling pathway involved in phagocytosis"
20,-0.00840487029387553,"Down",0.464469176054983,0.996944727953093,"GO:0043403","skeletal muscle tissue regeneration"
19,0.283864600117446,"Up",0.464944495408258,0.996944727953093,"GO:0000387","spliceosomal snRNP assembly"
17,0.179614877952851,"Up",0.466231517106322,0.996944727953093,"GO:0070199","establishment of protein localization to chromosome"
17,0.0195717577323834,"Up",0.466815287686988,0.996944727953093,"GO:0051602","response to electrical stimulus"
208,0.0155467244207097,"Up",0.466852612977604,0.996944727953093,"GO:0050767","regulation of neurogenesis"
65,0.055420933461207,"Up",0.467329829060856,0.996944727953093,"GO:0034620","cellular response to unfolded protein"
417,0.017575666168829,"Up",0.467384256269998,0.996944727953093,"GO:0044255","cellular lipid metabolic process"
42,0.0427018158084601,"Up",0.467495664045093,0.996944727953093,"GO:0007338","single fertilization"
92,0.0136023577197468,"Up",0.467531407660498,0.996944727953093,"GO:0002706","regulation of lymphocyte mediated immunity"
33,-0.0111769941455582,"Up",0.467755950466672,0.996944727953093,"GO:1903747","regulation of establishment of protein localization to mitochondrion"
191,0.0287064302970141,"Up",0.468536156012979,0.996944727953093,"GO:0097193","intrinsic apoptotic signaling pathway"
22,0.0255654506923915,"Up",0.46902170119461,0.996944727953093,"GO:0051443","positive regulation of ubiquitin-protein transferase activity"
23,-0.0202308759434931,"Up",0.469197457150571,0.996944727953093,"GO:0000132","establishment of mitotic spindle orientation"
46,0.198179526200732,"Up",0.469315528263853,0.996944727953093,"GO:0007029","endoplasmic reticulum organization"
30,0.168596019184115,"Down",0.469666630447784,0.996944727953093,"GO:0031124","mRNA 3'-end processing"
303,0.0198886732598544,"Up",0.470544242021481,0.996944727953093,"GO:0051640","organelle localization"
147,0.00166790891759138,"Up",0.470968326246755,0.996944727953093,"GO:0033157","regulation of intracellular protein transport"
19,-0.0037431498145159,"Up",0.471142281075469,0.996944727953093,"GO:0051491","positive regulation of filopodium assembly"
18,0.0108141306550402,"Up",0.471293566571304,0.996944727953093,"GO:0031579","membrane raft organization"
73,0.0301704945941929,"Up",0.472214973953897,0.996944727953093,"GO:0045834","positive regulation of lipid metabolic process"
49,0.044603720919581,"Up",0.472424397343012,0.996944727953093,"GO:0006690","icosanoid metabolic process"
214,0.0128604282025759,"Up",0.472467995201367,0.996944727953093,"GO:0018108","peptidyl-tyrosine phosphorylation"
489,0.00956206957705184,"Up",0.472573800044525,0.996944727953093,"GO:0030155","regulation of cell adhesion"
38,0.000247547671004121,"Down",0.472876895121381,0.996944727953093,"GO:0002218","activation of innate immune response"
83,0.0375636619614451,"Down",0.47297411835036,0.996944727953093,"GO:0003205","cardiac chamber development"
21,-0.00822875323810552,"Down",0.47304469810656,0.996944727953093,"GO:0071715","icosanoid transport"
16,0.00970853608751141,"Down",0.473179646395044,0.996944727953093,"GO:0097150","neuronal stem cell population maintenance"
19,0.1269661554212,"Down",0.473397309759214,0.996944727953093,"GO:0061437","renal system vasculature development"
19,0.1269661554212,"Down",0.473397309759214,0.996944727953093,"GO:0061440","kidney vasculature development"
16,0.0680221703745949,"Up",0.473729580025451,0.996944727953093,"GO:0030194","positive regulation of blood coagulation"
16,0.0680221703745949,"Up",0.473729580025451,0.996944727953093,"GO:1900048","positive regulation of hemostasis"
15,0.0244549100611025,"Up",0.473854108700975,0.996944727953093,"GO:0060343","trabecula formation"
16,0.0486322816330267,"Up",0.474121301772131,0.996944727953093,"GO:2000352","negative regulation of endothelial cell apoptotic process"
113,0.00639865841256255,"Up",0.474369095072111,0.996944727953093,"GO:0071695","anatomical structure maturation"
366,0.0151497546295814,"Up",0.475707439739118,0.996944727953093,"GO:0097190","apoptotic signaling pathway"
419,0.0152689597841565,"Up",0.476480852205172,0.996944727953093,"GO:0006954","inflammatory response"
30,0.0801069290754592,"Up",0.476486110297378,0.996944727953093,"GO:1901799","negative regulation of proteasomal protein catabolic process"
23,0.0408094285651098,"Up",0.476586700521868,0.996944727953093,"GO:0015844","monoamine transport"
55,0.00316190476028967,"Up",0.476816964667104,0.996944727953093,"GO:0032602","chemokine production"
17,0.385967257867571,"Up",0.476966447166551,0.996944727953093,"GO:0000470","maturation of LSU-rRNA"
216,0.012736439874566,"Up",0.477028657817878,0.996944727953093,"GO:0018212","peptidyl-tyrosine modification"
47,0.0213303954578097,"Down",0.477240102110937,0.996944727953093,"GO:0022037","metencephalon development"
122,0.151072931792751,"Up",0.477620134588204,0.996944727953093,"GO:0022618","ribonucleoprotein complex assembly"
16,0.0950234128412937,"Up",0.477681536843279,0.996944727953093,"GO:0046641","positive regulation of alpha-beta T cell proliferation"
30,-0.0188922115335865,"Down",0.477900115164352,0.996944727953093,"GO:0031952","regulation of protein autophosphorylation"
63,0.030233343798932,"Down",0.478456416398356,0.996944727953093,"GO:2000027","regulation of animal organ morphogenesis"
22,0.00949973002256593,"Down",0.478486167504241,0.996944727953093,"GO:0032350","regulation of hormone metabolic process"
91,0.000465240566348799,"Up",0.47859869087671,0.996944727953093,"GO:0070507","regulation of microtubule cytoskeleton organization"
17,0.0388624409404864,"Up",0.478798395756429,0.996944727953093,"GO:0002446","neutrophil mediated immunity"
61,0.0151189402318611,"Down",0.479142372968129,0.996944727953093,"GO:0090630","activation of GTPase activity"
20,-0.015218745420025,"Up",0.479406029213226,0.996944727953093,"GO:0003254","regulation of membrane depolarization"
52,0.0472601297919931,"Up",0.479499296175893,0.996944727953093,"GO:0007492","endoderm development"
15,0.0344494303610115,"Down",0.479640847748869,0.996944727953093,"GO:0007143","female meiotic nuclear division"
15,0.00578539357906562,"Down",0.479641638019807,0.996944727953093,"GO:0090279","regulation of calcium ion import"
100,0.00619363821207587,"Down",0.480286274596668,0.996944727953093,"GO:0001659","temperature homeostasis"
25,-0.00456376824110261,"Up",0.481134126970345,0.996944727953093,"GO:0090022","regulation of neutrophil chemotaxis"
305,0.0365160590901839,"Down",0.481708552409068,0.996944727953093,"GO:0006325","chromatin organization"
60,0.0292667712012647,"Down",0.481708752976509,0.996944727953093,"GO:1903510","mucopolysaccharide metabolic process"
168,0.0330413608583425,"Up",0.481926894486765,0.996944727953093,"GO:1903320","regulation of protein modification by small protein conjugation or removal"
26,0.0405111331565904,"Down",0.482022941747884,0.996944727953093,"GO:0050869","negative regulation of B cell activation"
15,0.118888465371329,"Down",0.482511095298402,0.996944727953093,"GO:0055023","positive regulation of cardiac muscle tissue growth"
282,0.00791027502733023,"Up",0.483102182444544,0.996944727953093,"GO:0022407","regulation of cell-cell adhesion"
114,0.0311817389559351,"Up",0.483232330755226,0.996944727953093,"GO:0030308","negative regulation of cell growth"
36,0.0428088229914083,"Up",0.483327287924759,0.996944727953093,"GO:0048644","muscle organ morphogenesis"
20,0.0655855297687653,"Up",0.48366601180775,0.996944727953093,"GO:0002828","regulation of type 2 immune response"
95,0.00564598207374489,"Up",0.483907251191996,0.996944727953093,"GO:0002833","positive regulation of response to biotic stimulus"
23,0.0816970347280487,"Up",0.484121324219291,0.996944727953093,"GO:0036258","multivesicular body assembly"
29,0.0155905353065147,"Up",0.484127463016572,0.996944727953093,"GO:0008038","neuron recognition"
22,0.0361080828096791,"Up",0.484141297179278,0.996944727953093,"GO:0042119","neutrophil activation"
34,0.00578583866235902,"Down",0.48423327155894,0.996944727953093,"GO:1902475","L-alpha-amino acid transmembrane transport"
40,-0.00986844501707845,"Up",0.484402198718654,0.996944727953093,"GO:0042130","negative regulation of T cell proliferation"
50,-0.000808307978347096,"Down",0.48445971221025,0.996944727953093,"GO:0032465","regulation of cytokinesis"
25,0.131113408054819,"Up",0.484497025645204,0.996944727953093,"GO:0045324","late endosome to vacuole transport"
24,-0.00182854615811944,"Up",0.485022988011853,0.996944727953093,"GO:0002347","response to tumor cell"
25,0.0924174013215061,"Up",0.485702956143874,0.996944727953093,"GO:0003176","aortic valve development"
28,0.0728314639337428,"Down",0.48594320928775,0.996944727953093,"GO:0045581","negative regulation of T cell differentiation"
27,0.0311952747542792,"Down",0.485956287844982,0.996944727953093,"GO:0050850","positive regulation of calcium-mediated signaling"
17,0.0670712369738661,"Down",0.486362923752772,0.996944727953093,"GO:0072210","metanephric nephron development"
18,0.00734639210790438,"Down",0.486453594382509,0.996944727953093,"GO:0010453","regulation of cell fate commitment"
15,0.154298300723517,"Up",0.487106586750611,0.996944727953093,"GO:0046039","GTP metabolic process"
23,0.205572442270261,"Down",0.487411761086271,0.996944727953093,"GO:0043631","RNA polyadenylation"
41,-0.00854874157732086,"Down",0.487483725113362,0.996944727953093,"GO:0045661","regulation of myoblast differentiation"
92,0.0253090342071872,"Down",0.487680001749843,0.996944727953093,"GO:0000075","cell cycle checkpoint signaling"
95,0.00570622370139095,"Up",0.487805047501603,0.996944727953093,"GO:0036294","cellular response to decreased oxygen levels"
40,0.0326997681778917,"Up",0.48801508586548,0.996944727953093,"GO:0050922","negative regulation of chemotaxis"
79,0.0662749605151101,"Up",0.48957666675866,0.996944727953093,"GO:0035967","cellular response to topologically incorrect protein"
67,0.028757738103879,"Down",0.489746918419383,0.996944727953093,"GO:0018210","peptidyl-threonine modification"
77,0.0974421662157392,"Down",0.491235040751562,0.996944727953093,"GO:0000956","nuclear-transcribed mRNA catabolic process"
25,-0.0100056773776621,"Up",0.491249316446408,0.996944727953093,"GO:0042088","T-helper 1 type immune response"
52,0.0617133085293527,"Down",0.491569709339922,0.996944727953093,"GO:0045814","negative regulation of gene expression, epigenetic"
176,0.0192480057887434,"Up",0.491907887578766,0.996944727953093,"GO:0045765","regulation of angiogenesis"
136,0.06172952891091,"Down",0.491998493977408,0.996944727953093,"GO:0006402","mRNA catabolic process"
84,0.00669589738380312,"Up",0.492639783711892,0.996944727953093,"GO:0031333","negative regulation of protein-containing complex assembly"
19,0.0249898810266232,"Down",0.492703426437168,0.996944727953093,"GO:0014904","myotube cell development"
22,0.03761049386934,"Down",0.492766769279343,0.996944727953093,"GO:0010165","response to X-ray"
29,0.0232437878697346,"Down",0.492923268315473,0.996944727953093,"GO:0042490","mechanoreceptor differentiation"
26,-0.0019048424775831,"Up",0.492983817872809,0.996944727953093,"GO:0035418","protein localization to synapse"
15,0.0289083000030554,"Down",0.493202582897107,0.996944727953093,"GO:0034390","smooth muscle cell apoptotic process"
15,0.0289083000030554,"Down",0.493202582897107,0.996944727953093,"GO:0034391","regulation of smooth muscle cell apoptotic process"
132,0.0173436330431159,"Down",0.493368266971611,0.996944727953093,"GO:0008544","epidermis development"
145,0.0301967359933014,"Up",0.49347469750119,0.996944727953093,"GO:0045926","negative regulation of growth"
178,0.0134276242178329,"Down",0.493584892915346,0.996944727953093,"GO:0045787","positive regulation of cell cycle"
19,0.0458034215767432,"Up",0.493607934240942,0.996944727953093,"GO:1904666","regulation of ubiquitin protein ligase activity"
102,0.0220658666849043,"Up",0.494335727210347,0.996944727953093,"GO:0061572","actin filament bundle organization"
17,0.0557969546140155,"Up",0.494444436740712,0.996944727953093,"GO:0045649","regulation of macrophage differentiation"
139,0.0337570677757629,"Up",0.494807449901381,0.996944727953093,"GO:0031396","regulation of protein ubiquitination"
42,0.0186899172723708,"Down",0.495897004338896,0.996944727953093,"GO:0003333","amino acid transmembrane transport"
25,0.0588538132553842,"Up",0.496386860947671,0.996944727953093,"GO:0045022","early endosome to late endosome transport"
22,0.0645212101958859,"Down",0.496597658716788,0.996944727953093,"GO:0002691","regulation of cellular extravasation"
48,0.0105583854827159,"Down",0.496741195809715,0.996944727953093,"GO:0030330","DNA damage response, signal transduction by p53 class mediator"
19,-0.0248103004560424,"Up",0.496908521580258,0.996944727953093,"GO:0014808","release of sequestered calcium ion into cytosol by sarcoplasmic reticulum"
19,-0.0248103004560424,"Up",0.496908521580258,0.996944727953093,"GO:1903514","release of sequestered calcium ion into cytosol by endoplasmic reticulum"
41,0.00773123761716969,"Up",0.496977428197644,0.996944727953093,"GO:0031102","neuron projection regeneration"
170,0.0229698163255527,"Down",0.497360117676112,0.996944727953093,"GO:0060562","epithelial tube morphogenesis"
32,0.0106571593195138,"Down",0.497390020154814,0.996944727953093,"GO:0090317","negative regulation of intracellular protein transport"
273,0.00670110360678031,"Down",0.497700493885433,0.996944727953093,"GO:0120031","plasma membrane bounded cell projection assembly"
39,0.022822712229914,"Down",0.497848898264386,0.996944727953093,"GO:0021954","central nervous system neuron development"
84,-0.00190204943614715,"Down",0.499036708566321,0.996944727953093,"GO:0106106","cold-induced thermogenesis"
84,-0.00190204943614715,"Down",0.499036708566321,0.996944727953093,"GO:0120161","regulation of cold-induced thermogenesis"
61,0.0236394159519214,"Up",0.499139611751957,0.996944727953093,"GO:0014013","regulation of gliogenesis"
42,0.0234034005809479,"Down",0.499171844568136,0.996944727953093,"GO:0046425","regulation of receptor signaling pathway via JAK-STAT"
19,0.00203157543784653,"Up",0.499294154787793,0.996944727953093,"GO:0072528","pyrimidine-containing compound biosynthetic process"
28,0.242750252056232,"Up",0.499512456902189,0.996944727953093,"GO:0072599","establishment of protein localization to endoplasmic reticulum"
15,-0.0138876234414641,"Down",0.500869822810902,0.996944727953093,"GO:0051569","regulation of histone H3-K4 methylation"
39,0.0137896415491222,"Up",0.501260804541514,0.996944727953093,"GO:0051310","metaphase plate congression"
92,0.0223367870995949,"Up",0.501678059413289,0.996944727953093,"GO:0034284","response to monosaccharide"
75,-0.00539155423165772,"Up",0.502200768459546,0.996944727953093,"GO:0051897","positive regulation of protein kinase B signaling"
16,0.00210907666782824,"Down",0.502879571401434,0.996944727953093,"GO:0010830","regulation of myotube differentiation"
356,0.0109722172295055,"Up",0.503260128614269,0.996944727953093,"GO:0030335","positive regulation of cell migration"
135,0.289832034064574,"Up",0.503429579715994,0.996944727953093,"GO:0002181","cytoplasmic translation"
16,0.066148889100932,"Down",0.503630821499961,0.996944727953093,"GO:0099084","postsynaptic specialization organization"
39,0.0381783708116641,"Up",0.503674556824339,0.996944727953093,"GO:0050818","regulation of coagulation"
22,0.130033322724295,"Up",0.503868229156272,0.996944727953093,"GO:0001914","regulation of T cell mediated cytotoxicity"
17,-0.0222839880555359,"Up",0.503959743484967,0.996944727953093,"GO:0060416","response to growth hormone"
325,0.00550942923584295,"Down",0.504723679368109,0.996944727953093,"GO:0048609","multicellular organismal reproductive process"
231,0.00439080973178045,"Up",0.504749787802151,0.996944727953093,"GO:0042326","negative regulation of phosphorylation"
75,-0.00306935644485483,"Up",0.504920474516101,0.996944727953093,"GO:0090087","regulation of peptide transport"
220,0.00396785072707038,"Up",0.505407374944632,0.996944727953093,"GO:0010876","lipid localization"
25,0.0205800947732594,"Down",0.505637858213786,0.996944727953093,"GO:0042472","inner ear morphogenesis"
38,1.42145269381241e-05,"Up",0.505828248910047,0.996944727953093,"GO:0048146","positive regulation of fibroblast proliferation"
67,-0.00161936606779174,"Down",0.506159305791116,0.996944727953093,"GO:0046683","response to organophosphorus"
22,0.0358686175899632,"Down",0.506469714701871,0.996944727953093,"GO:0050654","chondroitin sulfate proteoglycan metabolic process"
32,0.00741691015420687,"Up",0.506615783366831,0.996944727953093,"GO:0002793","positive regulation of peptide secretion"
32,0.00741691015420687,"Up",0.506615783366831,0.996944727953093,"GO:0090277","positive regulation of peptide hormone secretion"
31,-0.0123389644545921,"Down",0.50752372884186,0.996944727953093,"GO:0002762","negative regulation of myeloid leukocyte differentiation"
19,0.0830146312472558,"Up",0.507640792691,0.996944727953093,"GO:0006515","protein quality control for misfolded or incompletely synthesized proteins"
37,0.0629433518322117,"Up",0.508291874716791,0.996944727953093,"GO:0003073","regulation of systemic arterial blood pressure"
179,0.0190177032298324,"Up",0.508370328240156,0.996944727953093,"GO:1901342","regulation of vasculature development"
34,0.0270090709557191,"Up",0.508507550470646,0.996944727953093,"GO:0097352","autophagosome maturation"
74,0.00916368129038805,"Up",0.508929157209835,0.996944727953093,"GO:0010595","positive regulation of endothelial cell migration"
99,-0.00131794005294779,"Down",0.5098901569225,0.996944727953093,"GO:0030010","establishment of cell polarity"
52,0.00411175605517915,"Up",0.510049876422059,0.996944727953093,"GO:0035023","regulation of Rho protein signal transduction"
52,0.157014401561244,"Down",0.510102279146882,0.996944727953093,"GO:0006399","tRNA metabolic process"
16,0.00383111759582876,"Down",0.51085463425746,0.996944727953093,"GO:0006654","phosphatidic acid biosynthetic process"
16,0.00383111759582876,"Down",0.51085463425746,0.996944727953093,"GO:0046473","phosphatidic acid metabolic process"
44,0.357386588701636,"Up",0.51087812303534,0.996944727953093,"GO:0042273","ribosomal large subunit biogenesis"
15,0.0365700385119837,"Up",0.511162965949988,0.996944727953093,"GO:0070920","regulation of production of small RNA involved in gene silencing by RNA"
21,0.0317678718348401,"Up",0.511390276262151,0.996944727953093,"GO:0001778","plasma membrane repair"
483,0.00495843913713408,"Up",0.51153475158347,0.996944727953093,"GO:0033993","response to lipid"
44,0.0679353427119072,"Up",0.511851865811931,0.996944727953093,"GO:0002709","regulation of T cell mediated immunity"
321,0.0218552459455735,"Up",0.512123833596546,0.996944727953093,"GO:0009617","response to bacterium"
107,0.00314660856658053,"Up",0.512419338799853,0.996944727953093,"GO:0015833","peptide transport"
42,-0.00800191705603283,"Down",0.512647748070415,0.996944727953093,"GO:0032732","positive regulation of interleukin-1 production"
53,-0.00753764798270944,"Up",0.512919512244229,0.996944727953093,"GO:0043242","negative regulation of protein-containing complex disassembly"
48,0.0213957341025303,"Up",0.513239259468143,0.996944727953093,"GO:0060761","negative regulation of response to cytokine stimulus"
49,0.0729908852220084,"Up",0.51324256658444,0.996944727953093,"GO:0048709","oligodendrocyte differentiation"
428,0.102727834937547,"Up",0.513949965138297,0.996944727953093,"GO:0043043","peptide biosynthetic process"
22,0.0305758776621339,"Up",0.514239051800227,0.996944727953093,"GO:0010923","negative regulation of phosphatase activity"
180,0.0331077732494565,"Down",0.515047869622261,0.996944727953093,"GO:0030900","forebrain development"
28,0.0906644677952538,"Up",0.515058235021505,0.996944727953093,"GO:0032509","endosome transport via multivesicular body sorting pathway"
27,0.0382783967507328,"Up",0.515214283754051,0.996944727953093,"GO:0019229","regulation of vasoconstriction"
274,0.00357145380185166,"Up",0.515433461137813,0.996944727953093,"GO:0051223","regulation of protein transport"
22,0.022372328097577,"Up",0.515539397029589,0.996944727953093,"GO:0048489","synaptic vesicle transport"
57,0.159322174476815,"Up",0.515557805164785,0.996944727953093,"GO:0006446","regulation of translational initiation"
85,0.0131234508735618,"Up",0.516119547481147,0.996944727953093,"GO:0001952","regulation of cell-matrix adhesion"
305,0.00423743145188915,"Down",0.516737819721644,0.996944727953093,"GO:0071407","cellular response to organic cyclic compound"
416,0.108854917044949,"Up",0.517409461566902,0.996944727953093,"GO:0006412","translation"
23,0.0301849065078369,"Down",0.51825458746261,0.996944727953093,"GO:0021695","cerebellar cortex development"
16,0.0124235821191334,"Down",0.518481291952117,0.996944727953093,"GO:1903959","regulation of anion transmembrane transport"
38,0.0374764681415449,"Down",0.519106886877049,0.996944727953093,"GO:0072091","regulation of stem cell proliferation"
29,0.111995254069295,"Down",0.519213726197029,0.996944727953093,"GO:0001510","RNA methylation"
37,0.0449494232441337,"Down",0.520185748048577,0.996944727953093,"GO:0072028","nephron morphogenesis"
27,0.025846390636682,"Up",0.52082564495019,0.996944727953093,"GO:0043392","negative regulation of DNA binding"
69,0.0162216727486406,"Up",0.520992265876331,0.996944727953093,"GO:0071322","cellular response to carbohydrate stimulus"
18,0.0795632504931301,"Down",0.521112881242769,0.996944727953093,"GO:0060421","positive regulation of heart growth"
17,-0.021334860920241,"Up",0.521212334736883,0.996944727953093,"GO:1902930","regulation of alcohol biosynthetic process"
70,0.00272974350873185,"Up",0.52134759363132,0.996944727953093,"GO:0007204","positive regulation of cytosolic calcium ion concentration"
44,-0.0118356129809973,"Down",0.522131418225876,0.996944727953093,"GO:1901379","regulation of potassium ion transmembrane transport"
64,0.0362932333650717,"Up",0.52234588989177,0.996944727953093,"GO:0061387","regulation of extent of cell growth"
45,0.0245855256409248,"Up",0.522411231591917,0.996944727953093,"GO:0001960","negative regulation of cytokine-mediated signaling pathway"
18,0.0516036726694588,"Up",0.522596060327997,0.996944727953093,"GO:0045761","regulation of adenylate cyclase activity"
153,0.223664993028719,"Up",0.522605205778831,0.996944727953093,"GO:0042254","ribosome biogenesis"
100,-0.000162920451507176,"Up",0.523657177918523,0.996944727953093,"GO:0071248","cellular response to metal ion"
103,0.0172871556197478,"Up",0.523833262379468,0.996944727953093,"GO:0009267","cellular response to starvation"
72,0.0926354432617827,"Down",0.524033658773569,0.996944727953093,"GO:0000724","double-strand break repair via homologous recombination"
30,0.0457388972510947,"Up",0.524461642997392,0.996944727953093,"GO:0061098","positive regulation of protein tyrosine kinase activity"
55,-0.00498415290946474,"Down",0.524496487045028,0.996944727953093,"GO:0050871","positive regulation of B cell activation"
78,0.0152211425571422,"Up",0.525197481154682,0.996944727953093,"GO:0010977","negative regulation of neuron projection development"
106,0.00239747395300677,"Down",0.525795106560314,0.996944727953093,"GO:0002262","myeloid cell homeostasis"
24,-0.0255349656820222,"Up",0.52659708348783,0.996944727953093,"GO:0009620","response to fungus"
20,-0.0183896585310545,"Up",0.52678532669826,0.996944727953093,"GO:0010665","regulation of cardiac muscle cell apoptotic process"
81,0.0367221842912209,"Up",0.526956487730312,0.996944727953093,"GO:0007229","integrin-mediated signaling pathway"
17,0.125391920540313,"Up",0.527249570656048,0.996944727953093,"GO:0001916","positive regulation of T cell mediated cytotoxicity"
60,0.0243934565207534,"Down",0.527446761909568,0.996944727953093,"GO:0016525","negative regulation of angiogenesis"
60,0.0243934565207534,"Down",0.527446761909568,0.996944727953093,"GO:2000181","negative regulation of blood vessel morphogenesis"
21,0.0490339586172592,"Down",0.527458156089231,0.996944727953093,"GO:0003203","endocardial cushion morphogenesis"
17,-0.011600475652068,"Down",0.527878310963877,0.996944727953093,"GO:0035315","hair cell differentiation"
18,0.111381331485259,"Up",0.528261176566499,0.996944727953093,"GO:0032511","late endosome to vacuole transport via multivesicular body sorting pathway"
50,0.0137086945607115,"Down",0.528418599613334,0.996944727953093,"GO:0034644","cellular response to UV"
23,0.030441832309205,"Down",0.528556204648015,0.996944727953093,"GO:0014014","negative regulation of gliogenesis"
150,0.00219635655988834,"Down",0.528651528648667,0.996944727953093,"GO:0009101","glycoprotein biosynthetic process"
29,0.0570944620066317,"Up",0.529005291705571,0.996944727953093,"GO:0042149","cellular response to glucose starvation"
21,0.0248231472299585,"Up",0.529091858550004,0.996944727953093,"GO:1902175","regulation of oxidative stress-induced intrinsic apoptotic signaling pathway"
37,0.0275946972604419,"Up",0.529605190624493,0.996944727953093,"GO:0032481","positive regulation of type I interferon production"
31,0.039668192637878,"Up",0.530074557279164,0.996944727953093,"GO:1901616","organic hydroxy compound catabolic process"
30,0.0335728916775217,"Up",0.530081155009463,0.996944727953093,"GO:0043551","regulation of phosphatidylinositol 3-kinase activity"
26,0.103844264033538,"Down",0.530169872396058,0.996944727953093,"GO:0000184","nuclear-transcribed mRNA catabolic process, nonsense-mediated decay"
20,-0.0167182579743359,"Down",0.530488823160905,0.996944727953093,"GO:0050931","pigment cell differentiation"
218,0.00969908948442878,"Up",0.530680260871564,0.996944727953093,"GO:1903037","regulation of leukocyte cell-cell adhesion"
63,0.0555434221501912,"Down",0.530744922779056,0.996944727953093,"GO:0034968","histone lysine methylation"
16,-0.00546208951810635,"Up",0.530840960374872,0.996944727953093,"GO:0010458","exit from mitosis"
23,0.0907847648697838,"Up",0.530963499987302,0.996944727953093,"GO:1903055","positive regulation of extracellular matrix organization"
78,0.0139819783842215,"Down",0.531164725176754,0.996944727953093,"GO:0071901","negative regulation of protein serine/threonine kinase activity"
70,-0.00805177398361583,"Up",0.531374413769197,0.996944727953093,"GO:0062207","regulation of pattern recognition receptor signaling pathway"
16,-0.0234557264839793,"Up",0.531452621762959,0.996944727953093,"GO:0034138","toll-like receptor 3 signaling pathway"
19,0.136084755612361,"Up",0.531697494230708,0.996944727953093,"GO:0050685","positive regulation of mRNA processing"
28,-0.000467869550649673,"Up",0.53173998283328,0.996944727953093,"GO:0032024","positive regulation of insulin secretion"
22,-0.00536328590322197,"Down",0.532167397473127,0.996944727953093,"GO:0043368","positive T cell selection"
26,-0.0208368792959056,"Up",0.532361552582008,0.996944727953093,"GO:0097242","amyloid-beta clearance"
24,0.0699390519299791,"Down",0.532441703888667,0.996944727953093,"GO:0043618","regulation of transcription from RNA polymerase II promoter in response to stress"
43,0.0352860170251083,"Down",0.532524093905061,0.996944727953093,"GO:0003170","heart valve development"
100,0.00546852353570098,"Down",0.53309553187777,0.996944727953093,"GO:0043409","negative regulation of MAPK cascade"
78,0.00693213893110247,"Down",0.533405278985707,0.996944727953093,"GO:0006836","neurotransmitter transport"
63,0.0618265329380025,"Down",0.533413062875833,0.996944727953093,"GO:0051053","negative regulation of DNA metabolic process"
188,0.0287431549901642,"Up",0.533854632729844,0.996944727953093,"GO:0034504","protein localization to nucleus"
110,0.0213229649093315,"Up",0.533906885988686,0.996944727953093,"GO:0009743","response to carbohydrate"
32,-0.00698095710597232,"Down",0.534287115430736,0.996944727953093,"GO:0043525","positive regulation of neuron apoptotic process"
35,-0.0123973984102918,"Up",0.534363598073587,0.996944727953093,"GO:0002437","inflammatory response to antigenic stimulus"
25,-0.0134422148826666,"Up",0.534570796267531,0.996944727953093,"GO:0051294","establishment of spindle orientation"
82,0.0097291873081514,"Up",0.535112929543076,0.996944727953093,"GO:0001890","placenta development"
88,0.0292458494331222,"Up",0.536103199228258,0.996944727953093,"GO:0050729","positive regulation of inflammatory response"
39,0.019795896900603,"Up",0.536502793550939,0.996944727953093,"GO:0032615","interleukin-12 production"
39,0.019795896900603,"Up",0.536502793550939,0.996944727953093,"GO:0032655","regulation of interleukin-12 production"
21,-0.011062602471899,"Up",0.536583022251216,0.996944727953093,"GO:0034110","regulation of homotypic cell-cell adhesion"
288,0.0417811699250383,"Up",0.536944607656952,0.996944727953093,"GO:0043161","proteasome-mediated ubiquitin-dependent protein catabolic process"
396,0.0116504609439338,"Down",0.537356410805686,0.996944727953093,"GO:0050877","nervous system process"
36,0.0718875389474407,"Down",0.537577599339342,0.996944727953093,"GO:0043967","histone H4 acetylation"
37,0.0691578806767777,"Down",0.537644839933207,0.996944727953093,"GO:0019233","sensory perception of pain"
158,0.000581392236086711,"Down",0.537817402524587,0.996944727953093,"GO:0030522","intracellular receptor signaling pathway"
353,0.00419146871969221,"Up",0.537908365452316,0.996944727953093,"GO:0002521","leukocyte differentiation"
355,0.00915456998484467,"Up",0.538185259508375,0.996944727953093,"GO:0120035","regulation of plasma membrane bounded cell projection organization"
244,0.188698314191702,"Up",0.538265886028173,0.996944727953093,"GO:0022613","ribonucleoprotein complex biogenesis"
90,0.0359570557509021,"Down",0.53833194326711,0.996944727953093,"GO:0071772","response to BMP"
90,0.0359570557509021,"Down",0.53833194326711,0.996944727953093,"GO:0071773","cellular response to BMP stimulus"
15,0.0165890267871172,"Down",0.53836898286457,0.996944727953093,"GO:0021772","olfactory bulb development"
45,0.0311230713667045,"Up",0.539516946496107,0.996944727953093,"GO:0070227","lymphocyte apoptotic process"
88,0.0366797493750728,"Down",0.540344856948726,0.996944727953093,"GO:0030509","BMP signaling pathway"
73,0.0300107587911622,"Down",0.540671676771253,0.996944727953093,"GO:0006892","post-Golgi vesicle-mediated transport"
40,0.0183519593659165,"Up",0.540712659883854,0.996944727953093,"GO:0030101","natural killer cell activation"
228,0.0378562595809427,"Up",0.540731919382159,0.996944727953093,"GO:0009615","response to virus"
16,0.0199225793064495,"Up",0.540986834390764,0.996944727953093,"GO:0070168","negative regulation of biomineral tissue development"
16,0.0199225793064495,"Up",0.540986834390764,0.996944727953093,"GO:0110150","negative regulation of biomineralization"
51,0.00177362319206144,"Down",0.541199364451387,0.996944727953093,"GO:0050848","regulation of calcium-mediated signaling"
174,6.54671579561695e-05,"Up",0.541416890088157,0.996944727953093,"GO:0034599","cellular response to oxidative stress"
370,0.0146160221179404,"Down",0.541692304916559,0.996944727953093,"GO:0010564","regulation of cell cycle process"
33,0.223243799017621,"Up",0.54199380963366,0.996944727953093,"GO:0085029","extracellular matrix assembly"
65,0.00012519327034868,"Up",0.542262169032421,0.996944727953093,"GO:0050796","regulation of insulin secretion"
38,0.0343871275004545,"Up",0.542566156781507,0.996944727953093,"GO:0006903","vesicle targeting"
65,0.0202846309128185,"Down",0.542667652711447,0.996944727953093,"GO:0008277","regulation of G protein-coupled receptor signaling pathway"
28,0.0286541082397671,"Up",0.542822537045557,0.996944727953093,"GO:0098927","vesicle-mediated transport between endosomal compartments"
22,0.165750991166925,"Up",0.543327205328457,0.996944727953093,"GO:1901998","toxin transport"
235,0.0183517381512152,"Up",0.543470464847211,0.996944727953093,"GO:0008015","blood circulation"
24,0.0708453558635785,"Up",0.543517767565262,0.996944727953093,"GO:0043162","ubiquitin-dependent protein catabolic process via the multivesicular body sorting pathway"
54,0.00219029633011884,"Up",0.54436627654718,0.996944727953093,"GO:0046209","nitric oxide metabolic process"
54,0.00219029633011884,"Up",0.54436627654718,0.996944727953093,"GO:2001057","reactive nitrogen species metabolic process"
17,0.0727721162764019,"Down",0.545974727765514,0.996944727953093,"GO:0032288","myelin assembly"
140,0.0245102184952472,"Up",0.546169018801412,0.996944727953093,"GO:2001234","negative regulation of apoptotic signaling pathway"
22,0.0445821489056665,"Down",0.546280654037456,0.996944727953093,"GO:0060428","lung epithelium development"
29,0.0113021467047408,"Up",0.546506366022676,0.996944727953093,"GO:0032570","response to progesterone"
431,0.0354625195114763,"Up",0.546548828750817,0.996944727953093,"GO:0019941","modification-dependent protein catabolic process"
74,-0.00331499143571525,"Up",0.546676976394126,0.996944727953093,"GO:0002791","regulation of peptide secretion"
37,-0.0136129964654318,"Up",0.546806043852247,0.996944727953093,"GO:0050854","regulation of antigen receptor-mediated signaling pathway"
79,-0.000442932484356286,"Down",0.54739647400189,0.996944727953093,"GO:1903038","negative regulation of leukocyte cell-cell adhesion"
19,0.00158704251754042,"Down",0.547821196775166,0.996944727953093,"GO:0086091","regulation of heart rate by cardiac conduction"
125,0.0145658398789053,"Up",0.548387988427402,0.996944727953093,"GO:0008202","steroid metabolic process"
350,0.0237789393626855,"Up",0.548724210751327,0.996944727953093,"GO:0006935","chemotaxis"
350,0.0237789393626855,"Up",0.548724210751327,0.996944727953093,"GO:0042330","taxis"
73,-0.00444833631235874,"Up",0.549138209607948,0.996944727953093,"GO:0090276","regulation of peptide hormone secretion"
266,0.00457491375847173,"Up",0.549520565232839,0.996944727953093,"GO:0034762","regulation of transmembrane transport"
47,0.159508106556872,"Down",0.549732518219066,0.996944727953093,"GO:0031123","RNA 3'-end processing"
20,0.189769476135702,"Up",0.54985156121145,0.996944727953093,"GO:1901661","quinone metabolic process"
101,0.0214026498764765,"Down",0.549995603964548,0.996944727953093,"GO:0007034","vacuolar transport"
34,-0.0153141882094291,"Down",0.551311404614207,0.996944727953093,"GO:0071470","cellular response to osmotic stress"
122,0.00442459355384917,"Down",0.551390279948455,0.996944727953093,"GO:0071383","cellular response to steroid hormone stimulus"
44,0.00919299047167135,"Down",0.552049283931817,0.996944727953093,"GO:0044070","regulation of anion transport"
16,0.0345671585005616,"Up",0.552132175898105,0.996944727953093,"GO:0044794","positive regulation by host of viral process"
40,0.0246023807996671,"Up",0.552928792538003,0.996944727953093,"GO:0006720","isoprenoid metabolic process"
25,0.0550280806444714,"Down",0.552969305813854,0.996944727953093,"GO:0031062","positive regulation of histone methylation"
205,0.0102237490663047,"Down",0.553023294292541,0.996944727953093,"GO:0050678","regulation of epithelial cell proliferation"
39,0.0254791613241278,"Down",0.553243798861879,0.996944727953093,"GO:0045600","positive regulation of fat cell differentiation"
20,0.157143209120037,"Up",0.553310488945861,0.996944727953093,"GO:0002369","T cell cytokine production"
20,0.157143209120037,"Up",0.553310488945861,0.996944727953093,"GO:0002724","regulation of T cell cytokine production"
33,0.0598381798539188,"Up",0.553395558915241,0.996944727953093,"GO:0071985","multivesicular body sorting pathway"
124,-0.00226727256573703,"Down",0.553681342046739,0.996944727953093,"GO:0032872","regulation of stress-activated MAPK cascade"
25,0.0466665095015078,"Up",0.554029072673453,0.996944727953093,"GO:0036230","granulocyte activation"
45,0.0253780751375473,"Down",0.554080352377339,0.996944727953093,"GO:0003151","outflow tract morphogenesis"
68,0.00955435255625128,"Up",0.554135674991375,0.996944727953093,"GO:0062013","positive regulation of small molecule metabolic process"
49,0.0187305116590042,"Down",0.554249885598158,0.996944727953093,"GO:0006024","glycosaminoglycan biosynthetic process"
32,0.0656168118536676,"Up",0.555164790439382,0.996944727953093,"GO:0033866","nucleoside bisphosphate biosynthetic process"
32,0.0656168118536676,"Up",0.555164790439382,0.996944727953093,"GO:0034030","ribonucleoside bisphosphate biosynthetic process"
32,0.0656168118536676,"Up",0.555164790439382,0.996944727953093,"GO:0034033","purine nucleoside bisphosphate biosynthetic process"
38,0.0490427001790743,"Down",0.55522793037472,0.996944727953093,"GO:0061045","negative regulation of wound healing"
58,0.112430797921762,"Up",0.556032762581743,0.996944727953093,"GO:0032963","collagen metabolic process"
191,0.0123470131992652,"Up",0.55621064590628,0.996944727953093,"GO:0050727","regulation of inflammatory response"
59,0.012118283330383,"Down",0.556284682458634,0.996944727953093,"GO:1901655","cellular response to ketone"
19,0.134285893535774,"Up",0.556796416648028,0.996944727953093,"GO:0009124","nucleoside monophosphate biosynthetic process"
30,0.0210847097285088,"Up",0.556985739745479,0.996944727953093,"GO:0034198","cellular response to amino acid starvation"
29,0.0160953870481288,"Down",0.556989634878532,0.996944727953093,"GO:0016126","sterol biosynthetic process"
34,0.00959490067029731,"Down",0.557660308939789,0.996944727953093,"GO:0045778","positive regulation of ossification"
126,0.185529749820416,"Up",0.557674203260528,0.996944727953093,"GO:0016072","rRNA metabolic process"
48,-0.015318259684062,"Down",0.557684145496177,0.996944727953093,"GO:1903201","regulation of oxidative stress-induced cell death"
50,0.0512786231090785,"Up",0.557706179336579,0.996944727953093,"GO:0002065","columnar/cuboidal epithelial cell differentiation"
35,0.00502518397816275,"Up",0.557905948350627,0.996944727953093,"GO:0120192","tight junction assembly"
141,0.0118664700779101,"Up",0.558654952042566,0.996944727953093,"GO:0044262","cellular carbohydrate metabolic process"
57,0.00947574618211589,"Up",0.55907457792178,0.996944727953093,"GO:0019751","polyol metabolic process"
30,0.00954242445993437,"Up",0.559413940322093,0.996944727953093,"GO:0006767","water-soluble vitamin metabolic process"
243,0.00949734387015507,"Up",0.559516155648242,0.996944727953093,"GO:0007159","leukocyte cell-cell adhesion"
20,-0.00615737637774826,"Up",0.559527426067143,0.996944727953093,"GO:0050885","neuromuscular process controlling balance"
181,0.00558514297131164,"Down",0.560204224508782,0.996944727953093,"GO:0006644","phospholipid metabolic process"
58,-0.00226875908875733,"Up",0.560524299506402,0.996944727953093,"GO:0051492","regulation of stress fiber assembly"
87,-0.0021103572115946,"Up",0.561742485766732,0.996944727953093,"GO:0032635","interleukin-6 production"
87,-0.0021103572115946,"Up",0.561742485766732,0.996944727953093,"GO:0032675","regulation of interleukin-6 production"
39,-0.00506183821212588,"Down",0.561939144543635,0.996944727953093,"GO:0048008","platelet-derived growth factor receptor signaling pathway"
37,0.0420541189479172,"Down",0.561981706724855,0.996944727953093,"GO:0098661","inorganic anion transmembrane transport"
51,0.0542460003245129,"Up",0.562263399000013,0.996944727953093,"GO:0070252","actin-mediated cell contraction"
47,0.0220708289552517,"Up",0.562290263519647,0.996944727953093,"GO:2000177","regulation of neural precursor cell proliferation"
32,0.0188796774977812,"Down",0.562907064668326,0.996944727953093,"GO:1902041","regulation of extrinsic apoptotic signaling pathway via death domain receptors"
29,0.024215610001252,"Up",0.563174931457635,0.996944727953093,"GO:1901264","carbohydrate derivative transport"
131,0.0722069002154778,"Down",0.563437099163821,0.996944727953093,"GO:0006260","DNA replication"
64,0.0429926807011016,"Down",0.563913986682901,0.996944727953093,"GO:0006275","regulation of DNA replication"
50,0.0403748508779324,"Up",0.564056149371878,0.996944727953093,"GO:0046849","bone remodeling"
16,-0.0258323797584974,"Up",0.564252485099106,0.996944727953093,"GO:0070584","mitochondrion morphogenesis"
17,0.191638230461614,"Down",0.565455519730632,0.996944727953093,"GO:0072012","glomerulus vasculature development"
32,0.0454724564840259,"Down",0.565602959514125,0.996944727953093,"GO:0006303","double-strand break repair via nonhomologous end joining"
124,0.00255320190003466,"Up",0.56641081868983,0.996944727953093,"GO:0042886","amide transport"
27,0.00180968844028522,"Down",0.566592462406644,0.996944727953093,"GO:1900087","positive regulation of G1/S transition of mitotic cell cycle"
193,0.0303925340399687,"Down",0.566763247107439,0.996944727953093,"GO:0001655","urogenital system development"
18,0.00662545021496814,"Down",0.566939694109003,0.996944727953093,"GO:0032309","icosanoid secretion"
337,0.00127294602741992,"Down",0.567293834007076,0.996944727953093,"GO:0071417","cellular response to organonitrogen compound"
242,0.0120558215584088,"Down",0.567434246802201,0.996944727953093,"GO:0050673","epithelial cell proliferation"
150,0.0152740331636587,"Up",0.567908748663498,0.996944727953093,"GO:0010810","regulation of cell-substrate adhesion"
272,0.0106157792879565,"Down",0.568011622082986,0.996944727953093,"GO:1905114","cell surface receptor signaling pathway involved in cell-cell signaling"
68,0.011077831079227,"Up",0.568163194040188,0.996944727953093,"GO:0060048","cardiac muscle contraction"
425,0.0370153144642714,"Up",0.568599976086312,0.996944727953093,"GO:0006511","ubiquitin-dependent protein catabolic process"
141,0.00957826740616607,"Up",0.568630933996483,0.996944727953093,"GO:0021700","developmental maturation"
33,-0.0104442349472742,"Up",0.569298972963939,0.996944727953093,"GO:2000107","negative regulation of leukocyte apoptotic process"
38,0.0188851555752049,"Up",0.56931104672846,0.996944727953093,"GO:0008543","fibroblast growth factor receptor signaling pathway"
16,-0.0163839301109543,"Down",0.569529308940163,0.996944727953093,"GO:0042491","inner ear auditory receptor cell differentiation"
209,0.00596777209555913,"Up",0.569690672492402,0.996944727953093,"GO:0019058","viral life cycle"
18,-0.0518446812389076,"Down",0.570251127856704,0.996944727953093,"GO:0090075","relaxation of muscle"
132,0.0306223963445957,"Up",0.570371821948056,0.996944727953093,"GO:0071219","cellular response to molecule of bacterial origin"
70,0.0417844106102894,"Down",0.570754111392492,0.996944727953093,"GO:0021953","central nervous system neuron differentiation"
16,0.148427464872268,"Up",0.571088692980225,0.996944727953093,"GO:0038083","peptidyl-tyrosine autophosphorylation"
20,-0.00193662943203497,"Up",0.572557915738567,0.996944727953093,"GO:0033622","integrin activation"
44,0.0586860269270044,"Down",0.573177766185305,0.996944727953093,"GO:0034605","cellular response to heat"
25,0.0275970426717388,"Up",0.573520089495682,0.996944727953093,"GO:0046164","alcohol catabolic process"
31,0.0634563602448161,"Up",0.573677125795355,0.996944727953093,"GO:0061462","protein localization to lysosome"
41,0.0294201964509727,"Up",0.574351009496253,0.996944727953093,"GO:0043648","dicarboxylic acid metabolic process"
17,-0.029681754602747,"Down",0.574546500845555,0.996944727953093,"GO:0045932","negative regulation of muscle contraction"
126,-0.00197127519763049,"Down",0.574813533119334,0.996944727953093,"GO:0070302","regulation of stress-activated protein kinase signaling cascade"
78,0.0202914720600913,"Down",0.574878529333356,0.996944727953093,"GO:0090090","negative regulation of canonical Wnt signaling pathway"
16,0.0567294946148636,"Up",0.574966930203254,0.996944727953093,"GO:0002230","positive regulation of defense response to virus by host"
81,0.00457555549254157,"Up",0.575088497816505,0.996944727953093,"GO:0002224","toll-like receptor signaling pathway"
18,0.157379260517416,"Up",0.575094470284351,0.996944727953093,"GO:0034315","regulation of Arp2/3 complex-mediated actin nucleation"
91,0.0457693454674683,"Down",0.575783286452364,0.996944727953093,"GO:0006814","sodium ion transport"
19,-0.0242333717501514,"Up",0.575885667107081,0.996944727953093,"GO:0060325","face morphogenesis"
82,0.0295333711706952,"Up",0.57626246975844,0.996944727953093,"GO:0001764","neuron migration"
126,0.042830969019645,"Down",0.576738458245643,0.996944727953093,"GO:0021537","telencephalon development"
29,0.100548740015647,"Up",0.576752230717785,0.996944727953093,"GO:0032330","regulation of chondrocyte differentiation"
18,0.00130629895695073,"Down",0.576760067414704,0.996944727953093,"GO:0035994","response to muscle stretch"
16,-0.0263111442793115,"Up",0.576768783439782,0.996944727953093,"GO:0098901","regulation of cardiac muscle cell action potential"
28,0.0307275400820402,"Down",0.576821701260577,0.996944727953093,"GO:0045604","regulation of epidermal cell differentiation"
34,0.0275305458232132,"Down",0.576933116770544,0.996944727953093,"GO:0031016","pancreas development"
107,0.0160048513473753,"Up",0.577017758265279,0.996944727953093,"GO:0050851","antigen receptor-mediated signaling pathway"
42,0.00287943183930986,"Down",0.577309232837021,0.996944727953093,"GO:0044773","mitotic DNA damage checkpoint signaling"
43,0.0060398809495841,"Down",0.577353878038127,0.996944727953093,"GO:0061337","cardiac conduction"
22,0.0994267566125145,"Up",0.577565995611158,0.996944727953093,"GO:0007193","adenylate cyclase-inhibiting G protein-coupled receptor signaling pathway"
32,0.0496518963885136,"Down",0.57797196910747,0.996944727953093,"GO:0045682","regulation of epidermis development"
48,0.0300353398407835,"Down",0.578009777477472,0.996944727953093,"GO:0008593","regulation of Notch signaling pathway"
29,0.0621603256349839,"Up",0.578649978559891,0.996944727953093,"GO:0046850","regulation of bone remodeling"
46,0.0748088904530556,"Down",0.578938333703828,0.996944727953093,"GO:0006289","nucleotide-excision repair"
26,0.0516462134819687,"Up",0.579188833161387,0.996944727953093,"GO:2000516","positive regulation of CD4-positive, alpha-beta T cell activation"
309,0.00150089548151648,"Up",0.579465245824666,0.996944727953093,"GO:1902532","negative regulation of intracellular signal transduction"
19,0.00524755525009183,"Down",0.579757851247867,0.996944727953093,"GO:0046627","negative regulation of insulin receptor signaling pathway"
96,0.0158727415433355,"Up",0.57977189886817,0.996944727953093,"GO:0070665","positive regulation of leukocyte proliferation"
15,-0.0140667920112095,"Down",0.579780180072504,0.996944727953093,"GO:0061162","establishment of monopolar cell polarity"
15,-0.0140667920112095,"Down",0.579780180072504,0.996944727953093,"GO:0061339","establishment or maintenance of monopolar cell polarity"
20,-0.0297383401061545,"Up",0.58035051720557,0.996944727953093,"GO:1900745","positive regulation of p38MAPK cascade"
23,0.0137218129697392,"Down",0.580795016101736,0.996944727953093,"GO:0060317","cardiac epithelial to mesenchymal transition"
61,0.0297720690762365,"Down",0.58133882354023,0.996944727953093,"GO:0010927","cellular component assembly involved in morphogenesis"
25,8.85801247624366e-05,"Up",0.581723561603568,0.996944727953093,"GO:0045912","negative regulation of carbohydrate metabolic process"
22,0.223466627374238,"Down",0.581921692577972,0.996944727953093,"GO:0006378","mRNA polyadenylation"
40,0.0278499107178596,"Down",0.582097579169946,0.996944727953093,"GO:0031060","regulation of histone methylation"
28,0.0211215780236968,"Down",0.58229598907201,0.996944727953093,"GO:0030850","prostate gland development"
90,-0.00184432405685385,"Down",0.58233041476075,0.996944727953093,"GO:0050864","regulation of B cell activation"
151,0.0122322037731184,"Up",0.582496070166715,0.996944727953093,"GO:0002768","immune response-regulating cell surface receptor signaling pathway"
64,0.00425628200325875,"Down",0.582893837458932,0.996944727953093,"GO:2000117","negative regulation of cysteine-type endopeptidase activity"
19,0.227240916543908,"Down",0.583369417155888,0.996944727953093,"GO:0007064","mitotic sister chromatid cohesion"
470,0.00166115592398314,"Up",0.58343417064009,0.996944727953093,"GO:0009725","response to hormone"
23,0.0891499621431394,"Up",0.583546781469879,0.996944727953093,"GO:0042092","type 2 immune response"
63,0.0354320952620882,"Down",0.583548581744122,0.996944727953093,"GO:0018107","peptidyl-threonine phosphorylation"
360,0.00937891102150257,"Up",0.583818615073835,0.996944727953093,"GO:0031344","regulation of cell projection organization"
36,0.00443741470299192,"Up",0.583873824347451,0.996944727953093,"GO:0099518","vesicle cytoskeletal trafficking"
107,0.000479008291086879,"Up",0.583966455341023,0.996944727953093,"GO:0042129","regulation of T cell proliferation"
28,0.0447424372223561,"Down",0.584103010388221,0.996944727953093,"GO:1904888","cranial skeletal system development"
22,0.155551004695952,"Up",0.584461908064149,0.996944727953093,"GO:0065002","intracellular protein transmembrane transport"
32,0.00660860075088893,"Up",0.584859604807822,0.996944727953093,"GO:0033363","secretory granule organization"
29,0.00225949345885906,"Down",0.584999144263429,0.996944727953093,"GO:0007520","myoblast fusion"
169,0.000446578712000414,"Up",0.585207380899579,0.996944727953093,"GO:0042113","B cell activation"
15,0.011861772200162,"Up",0.585309870505789,0.996944727953093,"GO:0008299","isoprenoid biosynthetic process"
16,0.000349172356593715,"Down",0.585719962074078,0.996944727953093,"GO:0048741","skeletal muscle fiber development"
167,0.00953097197400615,"Down",0.585786432362338,0.996944727953093,"GO:0060070","canonical Wnt signaling pathway"
20,0.00819585476881408,"Down",0.587171724109186,0.996944727953093,"GO:0030279","negative regulation of ossification"
36,-0.0047984713579431,"Up",0.587396923598806,0.996944727953093,"GO:0022600","digestive system process"
15,-0.0208516467884064,"Up",0.588063205715493,0.996944727953093,"GO:0034104","negative regulation of tissue remodeling"
25,-0.0274454637834297,"Down",0.588137757978064,0.996944727953093,"GO:1901021","positive regulation of calcium ion transmembrane transporter activity"
111,0.21185368355483,"Up",0.588166756630689,0.996944727953093,"GO:0006364","rRNA processing"
439,0.0362908300889432,"Up",0.588707239285804,0.996944727953093,"GO:0043632","modification-dependent macromolecule catabolic process"
153,0.0311249698536857,"Up",0.589117200501188,0.996944727953093,"GO:0006790","sulfur compound metabolic process"
120,0.00640771612126493,"Down",0.589387874806452,0.996944727953093,"GO:0034764","positive regulation of transmembrane transport"
240,0.00623068558895326,"Down",0.589402911874853,0.996944727953093,"GO:0045860","positive regulation of protein kinase activity"
339,0.00817951738124276,"Up",0.589541236682651,0.996944727953093,"GO:0009611","response to wounding"
27,0.0620691197495748,"Down",0.589893221105417,0.996944727953093,"GO:1902476","chloride transmembrane transport"
31,0.0473845945570781,"Down",0.590073222421257,0.996944727953093,"GO:0070169","positive regulation of biomineral tissue development"
31,0.0473845945570781,"Down",0.590073222421257,0.996944727953093,"GO:0110151","positive regulation of biomineralization"
61,0.0295388160248742,"Down",0.590458093569286,0.996944727953093,"GO:1901343","negative regulation of vasculature development"
39,0.0238340576942315,"Up",0.590887252076022,0.996944727953093,"GO:0072527","pyrimidine-containing compound metabolic process"
147,0.0224560292808998,"Up",0.591133857441379,0.996944727953093,"GO:0031330","negative regulation of cellular catabolic process"
31,0.0262196451336172,"Down",0.59143611264849,0.996944727953093,"GO:0070849","response to epidermal growth factor"
68,0.0271400191938853,"Down",0.591472696849272,0.996944727953093,"GO:0007098","centrosome cycle"
75,0.10126484681657,"Down",0.591473073742108,0.996944727953093,"GO:0065004","protein-DNA complex assembly"
123,0.00135182004172267,"Up",0.592659213052645,0.996944727953093,"GO:0050817","coagulation"
16,0.135161387318825,"Up",0.593078748222281,0.996944727953093,"GO:0045948","positive regulation of translational initiation"
163,0.0144708048545945,"Up",0.593451292144203,0.996944727953093,"GO:0070372","regulation of ERK1 and ERK2 cascade"
32,0.0428434827956167,"Down",0.593540222612641,0.996944727953093,"GO:0009953","dorsal/ventral pattern formation"
22,-0.022549535855743,"Up",0.594016111236663,0.996944727953093,"GO:0031063","regulation of histone deacetylation"
447,0.0385685535578317,"Down",0.594314713452488,0.996944727953093,"GO:0006974","cellular response to DNA damage stimulus"
22,0.0224579140257899,"Up",0.594328193357068,0.996944727953093,"GO:0050691","regulation of defense response to virus by host"
21,0.0801483187995546,"Up",0.594348947000145,0.996944727953093,"GO:0043372","positive regulation of CD4-positive, alpha-beta T cell differentiation"
24,0.001647676461386,"Down",0.594568602476203,0.996944727953093,"GO:0099601","regulation of neurotransmitter receptor activity"
249,0.008397606397322,"Down",0.594605838332199,0.996944727953093,"GO:0031331","positive regulation of cellular catabolic process"
19,0.0518716596304437,"Down",0.595018739607607,0.996944727953093,"GO:0010907","positive regulation of glucose metabolic process"
22,0.0325308567637212,"Up",0.595759151373872,0.996944727953093,"GO:0050829","defense response to Gram-negative bacterium"
423,0.00855699905257703,"Down",0.596055576823452,0.996944727953093,"GO:0007017","microtubule-based process"
20,0.0433341720892965,"Up",0.596282482053404,0.996944727953093,"GO:0010737","protein kinase A signaling"
20,0.0303996370395616,"Up",0.59633338211871,0.996944727953093,"GO:0070232","regulation of T cell apoptotic process"
23,0.0781464912530587,"Down",0.596498683362953,0.996944727953093,"GO:0048846","axon extension involved in axon guidance"
23,0.0781464912530587,"Down",0.596498683362953,0.996944727953093,"GO:1902284","neuron projection extension involved in neuron projection guidance"
73,-0.00499663096744296,"Down",0.59713626618377,0.996944727953093,"GO:0072676","lymphocyte migration"
29,0.0119813033444466,"Down",0.597341119086902,0.996944727953093,"GO:0007200","phospholipase C-activating G protein-coupled receptor signaling pathway"
45,0.108922875095366,"Down",0.597936126319257,0.996944727953093,"GO:0032835","glomerulus development"
73,0.0155276339976801,"Down",0.59794066961264,0.996944727953093,"GO:0030278","regulation of ossification"
27,0.0253261589440402,"Up",0.598311188871261,0.996944727953093,"GO:0098781","ncRNA transcription"
151,0.0271004159626475,"Up",0.598648384926203,0.996944727953093,"GO:0071216","cellular response to biotic stimulus"
82,0.0751533431864014,"Down",0.598786889148894,0.996944727953093,"GO:0072006","nephron development"
147,0.00494320759219796,"Down",0.599088948645644,0.996944727953093,"GO:0022412","cellular process involved in reproduction in multicellular organism"
47,0.0244549621668901,"Up",0.599277762945686,0.996944727953093,"GO:0032456","endocytic recycling"
39,0.00220472842724853,"Up",0.600319190369033,0.996944727953093,"GO:0032413","negative regulation of ion transmembrane transporter activity"
21,0.0128107571405521,"Down",0.600793726877847,0.996944727953093,"GO:0045747","positive regulation of Notch signaling pathway"
58,0.0141188320892738,"Down",0.60099608851597,0.996944727953093,"GO:0050773","regulation of dendrite development"
97,-0.00213579809679427,"Down",0.601196654274639,0.996944727953093,"GO:0051302","regulation of cell division"
62,0.0360077400219524,"Down",0.603282838988206,0.996944727953093,"GO:1901796","regulation of signal transduction by p53 class mediator"
26,-0.00202509980148967,"Down",0.603709095846085,0.996944727953093,"GO:0030201","heparan sulfate proteoglycan metabolic process"
122,0.0014436722479307,"Up",0.604029051779183,0.996944727953093,"GO:0007596","blood coagulation"
172,0.0346839955631184,"Down",0.604632656630725,0.996944727953093,"GO:0072001","renal system development"
41,0.0323535952484872,"Down",0.604987869154455,0.996944727953093,"GO:0038034","signal transduction in absence of ligand"
41,0.0323535952484872,"Down",0.604987869154455,0.996944727953093,"GO:0097192","extrinsic apoptotic signaling pathway in absence of ligand"
182,0.0358190618606756,"Down",0.604989304725027,0.996944727953093,"GO:0048568","embryonic organ development"
294,0.00762304097949781,"Up",0.605130896981516,0.996944727953093,"GO:0051249","regulation of lymphocyte activation"
15,-0.0238086063370664,"Down",0.605137496830074,0.996944727953093,"GO:0071875","adrenergic receptor signaling pathway"
15,-0.0140375657463546,"Down",0.605325501575247,0.996944727953093,"GO:0071295","cellular response to vitamin"
20,-0.00700060804027758,"Up",0.606111674005318,0.996944727953093,"GO:0090025","regulation of monocyte chemotaxis"
248,0.0210079796545111,"Up",0.607756293563036,0.996944727953093,"GO:0051960","regulation of nervous system development"
112,0.0128345613436016,"Up",0.608237565126941,0.996944727953093,"GO:0002285","lymphocyte activation involved in immune response"
101,-0.00323189231410518,"Up",0.60836279651387,0.996944727953093,"GO:0009755","hormone-mediated signaling pathway"
172,0.00362990303172842,"Down",0.608581658517573,0.996944727953093,"GO:0046486","glycerolipid metabolic process"
29,0.00663672181627657,"Down",0.608686405475306,0.996944727953093,"GO:0060294","cilium movement involved in cell motility"
151,0.0520152258292219,"Down",0.609098727156763,0.996944727953093,"GO:0032259","methylation"
124,0.0042795985642097,"Up",0.609937944467943,0.996944727953093,"GO:0043523","regulation of neuron apoptotic process"
17,0.0270919739921271,"Down",0.610366871126296,0.996944727953093,"GO:0021988","olfactory lobe development"
18,0.0696010690281194,"Down",0.610605350274218,0.996944727953093,"GO:0090102","cochlea development"
32,0.0311786917648845,"Down",0.611156820691683,0.996944727953093,"GO:0050810","regulation of steroid biosynthetic process"
15,0.0378039763466754,"Down",0.61149069675116,0.996944727953093,"GO:0030728","ovulation"
15,-0.0289834641462097,"Up",0.61152229340849,0.996944727953093,"GO:1905144","response to acetylcholine"
43,0.00704014026090479,"Down",0.612048986454074,0.996944727953093,"GO:0044774","mitotic DNA integrity checkpoint signaling"
21,-0.00343278920366126,"Up",0.612513642033934,0.996944727953093,"GO:0009066","aspartate family amino acid metabolic process"
63,0.0207199865599084,"Down",0.613196342134655,0.996944727953093,"GO:1902106","negative regulation of leukocyte differentiation"
20,-0.0421933484607306,"Up",0.613204570153156,0.996944727953093,"GO:0033137","negative regulation of peptidyl-serine phosphorylation"
26,0.00382155893217387,"Up",0.613484737965839,0.996944727953093,"GO:0071634","regulation of transforming growth factor beta production"
32,0.0308025234223703,"Up",0.613788177069109,0.996944727953093,"GO:1990928","response to amino acid starvation"
50,0.0074832076485566,"Up",0.613945590055229,0.996944727953093,"GO:0031058","positive regulation of histone modification"
15,0.0801444068027849,"Down",0.614439357618386,0.996944727953093,"GO:0046058","cAMP metabolic process"
30,-0.00157422370216802,"Up",0.614448547097889,0.996944727953093,"GO:0030521","androgen receptor signaling pathway"
111,0.00700408839179493,"Up",0.614462816896638,0.996944727953093,"GO:0008406","gonad development"
61,0.0932384523768067,"Down",0.614622122554154,0.996944727953093,"GO:0009451","RNA modification"
29,0.0291574974492503,"Up",0.614693781181542,0.996944727953093,"GO:0097300","programmed necrotic cell death"
18,0.0278755073279597,"Down",0.614740829184631,0.996944727953093,"GO:0044331","cell-cell adhesion mediated by cadherin"
20,0.0230351360981315,"Down",0.614772057050469,0.996944727953093,"GO:0045616","regulation of keratinocyte differentiation"
49,0.0206000093156295,"Up",0.614940501360148,0.996944727953093,"GO:0006672","ceramide metabolic process"
104,0.016638544648624,"Down",0.615008412142822,0.996944727953093,"GO:0009266","response to temperature stimulus"
28,0.0199763592415862,"Up",0.615073081448195,0.996944727953093,"GO:1901532","regulation of hematopoietic progenitor cell differentiation"
18,-0.0249694297773103,"Up",0.61517020478651,0.996944727953093,"GO:0046189","phenol-containing compound biosynthetic process"
21,0.00865794380487409,"Down",0.615442739420233,0.996944727953093,"GO:0034067","protein localization to Golgi apparatus"
202,0.0244554974339877,"Down",0.615629331598729,0.996944727953093,"GO:0018205","peptidyl-lysine modification"
168,0.0350000522123855,"Down",0.61584396125739,0.996944727953093,"GO:0001822","kidney development"
80,0.0490273884239075,"Down",0.615954387944669,0.996944727953093,"GO:0016571","histone methylation"
74,0.096443866176105,"Down",0.616361139414211,0.996944727953093,"GO:0000725","recombinational repair"
90,0.000645368120959704,"Down",0.616610272141577,0.996944727953093,"GO:1990845","adaptive thermogenesis"
24,0.0373053895011742,"Down",0.617128021960044,0.996944727953093,"GO:0046622","positive regulation of organ growth"
38,0.0555213091515545,"Up",0.617829386792323,0.996944727953093,"GO:0045665","negative regulation of neuron differentiation"
32,0.10680144880707,"Up",0.61785201655089,0.996944727953093,"GO:0002711","positive regulation of T cell mediated immunity"
57,0.00532024969427647,"Up",0.618241002220316,0.996944727953093,"GO:0071229","cellular response to acid chemical"
21,-0.0100600487267599,"Down",0.618263010561659,0.996944727953093,"GO:1900077","negative regulation of cellular response to insulin stimulus"
235,0.0079090633209589,"Down",0.618390523348363,0.996944727953093,"GO:0071900","regulation of protein serine/threonine kinase activity"
15,0.288925481301503,"Up",0.618400519122001,0.996944727953093,"GO:0036499","PERK-mediated unfolded protein response"
22,0.0022732710642296,"Down",0.618408628771919,0.996944727953093,"GO:0006695","cholesterol biosynthetic process"
22,0.0022732710642296,"Down",0.618408628771919,0.996944727953093,"GO:1902653","secondary alcohol biosynthetic process"
45,0.0593205287022239,"Up",0.618951450606457,0.996944727953093,"GO:0003014","renal system process"
113,0.00533188494031348,"Up",0.619327549558071,0.996944727953093,"GO:0045137","development of primary sexual characteristics"
78,0.0448118502053267,"Up",0.619450673783352,0.996944727953093,"GO:0007043","cell-cell junction assembly"
324,0.020752331081925,"Down",0.620372981153881,0.996944727953093,"GO:0009792","embryo development ending in birth or egg hatching"
98,0.0494194624128289,"Down",0.620533832318965,0.996944727953093,"GO:0006479","protein methylation"
98,0.0494194624128289,"Down",0.620533832318965,0.996944727953093,"GO:0008213","protein alkylation"
468,0.00967215966846414,"Up",0.620662668785949,0.996944727953093,"GO:0031329","regulation of cellular catabolic process"
119,0.0154323287731377,"Up",0.620694848272158,0.996944727953093,"GO:0042594","response to starvation"
33,0.0372247735385089,"Up",0.620702633048319,0.996944727953093,"GO:0007080","mitotic metaphase plate congression"
352,0.0187030823982635,"Up",0.621982684868741,0.996944727953093,"GO:0007169","transmembrane receptor protein tyrosine kinase signaling pathway"
35,0.0314264397504423,"Up",0.621997788390981,0.996944727953093,"GO:0031641","regulation of myelination"
15,-0.0147184577676907,"Up",0.622090369008339,0.996944727953093,"GO:0051882","mitochondrial depolarization"
259,0.011022332319441,"Down",0.622230148162834,0.996944727953093,"GO:0048871","multicellular organismal homeostasis"
27,0.0189241837772362,"Down",0.622518520120024,0.996944727953093,"GO:1901031","regulation of response to reactive oxygen species"
27,0.00507032614100459,"Down",0.622582771293529,0.996944727953093,"GO:0030317","flagellated sperm motility"
27,0.00507032614100459,"Down",0.622582771293529,0.996944727953093,"GO:0097722","sperm motility"
15,0.126098129128819,"Up",0.622759435135993,0.996944727953093,"GO:0044090","positive regulation of vacuole organization"
19,0.0290582204634643,"Down",0.622847189147924,0.996944727953093,"GO:0030204","chondroitin sulfate metabolic process"
41,0.0266983302382259,"Down",0.623056371869503,0.996944727953093,"GO:0042698","ovulation cycle"
22,-0.00852018902679895,"Up",0.623065291988282,0.996944727953093,"GO:0010662","regulation of striated muscle cell apoptotic process"
31,0.00878944732174261,"Up",0.623093264025352,0.996944727953093,"GO:1904036","negative regulation of epithelial cell apoptotic process"
19,0.0188031834282706,"Up",0.623146465795257,0.996944727953093,"GO:0051497","negative regulation of stress fiber assembly"
23,0.0425920940219661,"Down",0.623293937255953,0.996944727953093,"GO:0032743","positive regulation of interleukin-2 production"
48,0.043906389842067,"Down",0.623454750784942,0.996944727953093,"GO:0051963","regulation of synapse assembly"
26,-0.00248756182254068,"Up",0.623494490194525,0.996944727953093,"GO:0042307","positive regulation of protein import into nucleus"
19,0.126542869361123,"Up",0.623840448258482,0.996944727953093,"GO:0016486","peptide hormone processing"
86,0.0214557002059534,"Up",0.623840797092223,0.996944727953093,"GO:0090101","negative regulation of transmembrane receptor protein serine/threonine kinase signaling pathway"
25,0.0150344413914476,"Down",0.624130809026858,0.996944727953093,"GO:1902116","negative regulation of organelle assembly"
129,0.0326614115658767,"Up",0.624700611588968,0.996944727953093,"GO:0071222","cellular response to lipopolysaccharide"
30,0.0279427050417081,"Up",0.624705469481374,0.996944727953093,"GO:0051785","positive regulation of nuclear division"
48,0.0303629660226579,"Up",0.624729874703407,0.996944727953093,"GO:0001570","vasculogenesis"
34,0.00640526019980391,"Up",0.624903897444639,0.996944727953093,"GO:0034637","cellular carbohydrate biosynthetic process"
27,-0.0162916850199482,"Down",0.624978785143631,0.996944727953093,"GO:0007019","microtubule depolymerization"
23,0.00948289864903372,"Down",0.62506453309001,0.996944727953093,"GO:0021545","cranial nerve development"
22,0.00510155262287834,"Down",0.625067466879175,0.996944727953093,"GO:0001825","blastocyst formation"
70,-0.00132887556361823,"Down",0.625172720356334,0.996944727953093,"GO:0014074","response to purine-containing compound"
71,0.0610869434621731,"Up",0.625521416008308,0.996944727953093,"GO:0030048","actin filament-based movement"
22,0.0195566653551989,"Up",0.625680450847303,0.996944727953093,"GO:0009395","phospholipid catabolic process"
65,0.00303660093660939,"Up",0.626151086665055,0.996944727953093,"GO:0090263","positive regulation of canonical Wnt signaling pathway"
20,0.0128431525701894,"Down",0.626817433200833,0.996944727953093,"GO:0070229","negative regulation of lymphocyte apoptotic process"
28,0.036294046902827,"Down",0.627010087602331,0.996944727953093,"GO:2001239","regulation of extrinsic apoptotic signaling pathway in absence of ligand"
19,-0.0263272158041984,"Up",0.627102176759129,0.996944727953093,"GO:1903580","positive regulation of ATP metabolic process"
16,0.127788857775446,"Down",0.627137050101645,0.996944727953093,"GO:0072576","liver morphogenesis"
322,0.0118819091976507,"Up",0.627197676024463,0.996944727953093,"GO:0030855","epithelial cell differentiation"
53,0.0134727421528525,"Down",0.627316149793876,0.996944727953093,"GO:0072089","stem cell proliferation"
36,0.0679433174834611,"Up",0.627977299142447,0.996944727953093,"GO:0045453","bone resorption"
49,0.0117877422736385,"Up",0.627980017781234,0.996944727953093,"GO:0010921","regulation of phosphatase activity"
23,0.0270345635375017,"Down",0.628070772077809,0.996944727953093,"GO:0048753","pigment granule organization"
139,0.019600535050071,"Up",0.628339346246479,0.996944727953093,"GO:0007179","transforming growth factor beta receptor signaling pathway"
29,0.000416229266626544,"Up",0.628476929535472,0.996944727953093,"GO:0002820","negative regulation of adaptive immune response"
170,0.0999038349010775,"Down",0.628672892664052,0.996944727953093,"GO:1903311","regulation of mRNA metabolic process"
51,-0.00385652347329244,"Up",0.628730395535921,0.996944727953093,"GO:0071230","cellular response to amino acid stimulus"
88,0.008824686416423,"Up",0.628809134863378,0.996944727953093,"GO:0006109","regulation of carbohydrate metabolic process"
181,0.0041954320179253,"Down",0.62905377422923,0.996944727953093,"GO:0007283","spermatogenesis"
26,0.00958815679965261,"Down",0.629251781212701,0.996944727953093,"GO:0060688","regulation of morphogenesis of a branching structure"
126,0.0685905076686896,"Up",0.629428231373398,0.996944727953093,"GO:0010001","glial cell differentiation"
15,0.125685967851152,"Down",0.629749212395835,0.996944727953093,"GO:0036314","response to sterol"
22,0.162829518438369,"Up",0.629883859802919,0.996944727953093,"GO:0061036","positive regulation of cartilage development"
69,0.0608603789643982,"Down",0.629958866485918,0.996944727953093,"GO:0002062","chondrocyte differentiation"
51,0.022940699685919,"Up",0.630071730330483,0.996944727953093,"GO:0007189","adenylate cyclase-activating G protein-coupled receptor signaling pathway"
17,-0.00975371443079685,"Up",0.630170441734735,0.996944727953093,"GO:0035886","vascular associated smooth muscle cell differentiation"
50,0.0182443311995071,"Down",0.630286591345814,0.996944727953093,"GO:0006023","aminoglycan biosynthetic process"
318,0.00398858099976087,"Up",0.630706119700165,0.996944727953093,"GO:0031400","negative regulation of protein modification process"
16,0.489996480303247,"Up",0.631799205267132,0.996944727953093,"GO:1903241","U2-type prespliceosome assembly"
66,-0.00226091696589449,"Down",0.632588566353243,0.996944727953093,"GO:0008643","carbohydrate transport"
56,0.0121208833495516,"Up",0.632768346371425,0.996944727953093,"GO:0008203","cholesterol metabolic process"
21,0.11936874725875,"Up",0.633007940737753,0.996944727953093,"GO:0006301","postreplication repair"
39,0.1581148754055,"Down",0.633281560067555,0.996944727953093,"GO:0008033","tRNA processing"
18,0.0550149410827636,"Down",0.63342270033433,0.996944727953093,"GO:0017145","stem cell division"
108,0.0324859473981197,"Down",0.634000070092904,0.996944727953093,"GO:0007623","circadian rhythm"
19,0.0157262632747038,"Up",0.634073204306305,0.996944727953093,"GO:0051937","catecholamine transport"
19,-0.0413831469627318,"Down",0.634156468208836,0.996944727953093,"GO:0048147","negative regulation of fibroblast proliferation"
20,0.0552990827213617,"Up",0.634420712598213,0.996944727953093,"GO:0034331","cell junction maintenance"
251,0.0218196031384356,"Up",0.634615076319311,0.996944727953093,"GO:0044057","regulation of system process"
43,0.0373003497607972,"Down",0.635324903305853,0.996944727953093,"GO:0021549","cerebellum development"
33,0.0681339164948809,"Down",0.635683664801705,0.996944727953093,"GO:0045620","negative regulation of lymphocyte differentiation"
78,0.0297493562842478,"Up",0.636109425322497,0.996944727953093,"GO:0007188","adenylate cyclase-modulating G protein-coupled receptor signaling pathway"
42,0.0179233234273367,"Down",0.636628130121148,0.996944727953093,"GO:0051153","regulation of striated muscle cell differentiation"
139,0.0740829050384851,"Down",0.637075840368971,0.996944727953093,"GO:0006302","double-strand break repair"
35,0.0137192421674604,"Up",0.637340107941793,0.996944727953093,"GO:0030225","macrophage differentiation"
20,0.0861327660634803,"Down",0.637683476127791,0.996944727953093,"GO:0010463","mesenchymal cell proliferation"
74,-0.00896499310063065,"Down",0.637826658572351,0.996944727953093,"GO:0031109","microtubule polymerization or depolymerization"
280,0.00756947574431346,"Down",0.638017808275893,0.996944727953093,"GO:0030031","cell projection assembly"
34,0.0226090278447337,"Down",0.638033404821203,0.996944727953093,"GO:0001539","cilium or flagellum-dependent cell motility"
34,0.0226090278447337,"Down",0.638033404821203,0.996944727953093,"GO:0060285","cilium-dependent cell motility"
85,0.0370847573018989,"Up",0.638071100614776,0.996944727953093,"GO:0007030","Golgi organization"
22,0.03182994781771,"Down",0.638114404013204,0.996944727953093,"GO:0032438","melanosome organization"
141,0.0546090255768937,"Down",0.638130843908372,0.996944727953093,"GO:0043414","macromolecule methylation"
99,0.0216531782381791,"Down",0.638133358212101,0.996944727953093,"GO:0072331","signal transduction by p53 class mediator"
16,0.0309448268066719,"Up",0.638395528364717,0.996944727953093,"GO:0045684","positive regulation of epidermis development"
24,0.0352239026263598,"Down",0.638455708326766,0.996944727953093,"GO:0010676","positive regulation of cellular carbohydrate metabolic process"
314,0.0193920857462916,"Down",0.639013807567796,0.996944727953093,"GO:0043009","chordate embryonic development"
24,0.0408999895468219,"Up",0.639195968856823,0.996944727953093,"GO:0002431","Fc receptor mediated stimulatory signaling pathway"
240,0.00550568796624159,"Up",0.639420003456615,0.996944727953093,"GO:1903706","regulation of hemopoiesis"
181,0.0212251882378368,"Up",0.639530671250946,0.996944727953093,"GO:0090287","regulation of cellular response to growth factor stimulus"
39,0.0825923964057309,"Down",0.639541566042121,0.996944727953093,"GO:0007062","sister chromatid cohesion"
148,0.00469458399879864,"Up",0.639552192585945,0.996944727953093,"GO:0051402","neuron apoptotic process"
43,0.0530661650437951,"Down",0.639808146626543,0.996944727953093,"GO:0035249","synaptic transmission, glutamatergic"
17,-0.0147770223974202,"Down",0.640454953367701,0.996944727953093,"GO:0050892","intestinal absorption"
25,0.0480475311297776,"Up",0.640779664570549,0.996944727953093,"GO:0060042","retina morphogenesis in camera-type eye"
78,0.0150073810534798,"Up",0.640816552652803,0.996944727953093,"GO:0006665","sphingolipid metabolic process"
177,0.0141164290604871,"Up",0.64086110087444,0.996944727953093,"GO:0070371","ERK1 and ERK2 cascade"
30,-0.00772569668586807,"Up",0.641064162332552,0.996944727953093,"GO:0070830","bicellular tight junction assembly"
45,0.0627971415174993,"Up",0.641077477089964,0.996944727953093,"GO:0001910","regulation of leukocyte mediated cytotoxicity"
29,-0.00696161164849249,"Down",0.641113175117509,0.996944727953093,"GO:0050873","brown fat cell differentiation"
79,0.0397842860944818,"Up",0.642160369426883,0.996944727953093,"GO:0008217","regulation of blood pressure"
20,0.0423587860306067,"Up",0.64221400955912,0.996944727953093,"GO:0042168","heme metabolic process"
54,-0.00216894849890743,"Up",0.642233880186134,0.996944727953093,"GO:0120162","positive regulation of cold-induced thermogenesis"
189,0.00659160415492172,"Down",0.642317432895838,0.996944727953093,"GO:0009100","glycoprotein metabolic process"
335,0.00980848461603766,"Down",0.642393865624242,0.996944727953093,"GO:0051347","positive regulation of transferase activity"
22,0.0367775922373967,"Down",0.642601469683096,0.996944727953093,"GO:0061647","histone H3-K9 modification"
27,0.0329312751635728,"Up",0.643452096127374,0.996944727953093,"GO:0001523","retinoid metabolic process"
26,0.0414462997223361,"Up",0.643661068162291,0.996944727953093,"GO:0055008","cardiac muscle tissue morphogenesis"
40,-0.015946733660281,"Up",0.644399929331766,0.996944727953093,"GO:0033143","regulation of intracellular steroid hormone receptor signaling pathway"
168,0.0199792352253577,"Down",0.644437663172893,0.996944727953093,"GO:0007600","sensory perception"
94,0.0784707548783799,"Down",0.644586226653978,0.996944727953093,"GO:0098742","cell-cell adhesion via plasma-membrane adhesion molecules"
21,0.201359927255322,"Up",0.64477553948411,0.996944727953093,"GO:0070198","protein localization to chromosome, telomeric region"
22,0.00406150522923973,"Down",0.645313394916286,0.996944727953093,"GO:0070509","calcium ion import"
31,0.165154291581377,"Up",0.645509253524661,0.996944727953093,"GO:0019730","antimicrobial humoral response"
17,-0.0102597156018947,"Down",0.645981058284575,0.996944727953093,"GO:1902883","negative regulation of response to oxidative stress"
497,0.0155170792175574,"Up",0.646657543783706,0.996944727953093,"GO:0098609","cell-cell adhesion"
123,-0.00280510866239411,"Down",0.646949495608722,0.996944727953093,"GO:0045637","regulation of myeloid cell differentiation"
92,0.00478617333990982,"Up",0.647318283639857,0.996944727953093,"GO:0002790","peptide secretion"
15,-0.0371472746939211,"Down",0.647420625076846,0.996944727953093,"GO:1901550","regulation of endothelial cell development"
15,-0.0371472746939211,"Down",0.647420625076846,0.996944727953093,"GO:1903140","regulation of establishment of endothelial barrier"
20,-0.020562089795687,"Up",0.647581538624423,0.996944727953093,"GO:0034122","negative regulation of toll-like receptor signaling pathway"
19,0.0710969608754772,"Down",0.647606153965223,0.996944727953093,"GO:0048841","regulation of axon extension involved in axon guidance"
28,0.0122690166428332,"Down",0.647964018183102,0.996944727953093,"GO:0001541","ovarian follicle development"
28,0.0838738699292492,"Up",0.648121012197063,0.996944727953093,"GO:1902991","regulation of amyloid precursor protein catabolic process"
165,0.0112106059583137,"Down",0.648265266208424,0.996944727953093,"GO:0007517","muscle organ development"
54,0.0143552358134603,"Up",0.648412552608807,0.996944727953093,"GO:0005976","polysaccharide metabolic process"
55,0.0207732754013878,"Down",0.648712756888258,0.996944727953093,"GO:0016441","post-transcriptional gene silencing"
243,0.00656788731625009,"Down",0.649182201011499,0.996944727953093,"GO:0198738","cell-cell signaling by wnt"
31,0.0368083106987883,"Down",0.649493253998785,0.996944727953093,"GO:0031122","cytoplasmic microtubule organization"
60,0.0627560860771013,"Down",0.649563564850411,0.996944727953093,"GO:0072009","nephron epithelium development"
18,-0.0212404073444575,"Up",0.649585584677522,0.996944727953093,"GO:0001773","myeloid dendritic cell activation"
35,0.0227365650916467,"Down",0.649870023539588,0.996944727953093,"GO:0042471","ear morphogenesis"
99,0.0184549845581888,"Up",0.650220142075076,0.996944727953093,"GO:0097530","granulocyte migration"
34,-0.00574607217518176,"Down",0.650354821360132,0.996944727953093,"GO:1902808","positive regulation of cell cycle G1/S phase transition"
19,0.00371861218654559,"Down",0.65057076626265,0.996944727953093,"GO:1903649","regulation of cytoplasmic transport"
24,-0.0222001441217581,"Down",0.650779703742418,0.996944727953093,"GO:0009994","oocyte differentiation"
24,-0.0222001441217581,"Down",0.650779703742418,0.996944727953093,"GO:0048599","oocyte development"
34,0.0282290053389595,"Down",0.650901462367727,0.996944727953093,"GO:0001708","cell fate specification"
30,0.0138488990086705,"Up",0.651348600984455,0.996944727953093,"GO:0009161","ribonucleoside monophosphate metabolic process"
20,-0.0240968230138395,"Down",0.651823960473626,0.996944727953093,"GO:0007606","sensory perception of chemical stimulus"
19,0.0483532024678129,"Up",0.651913884468736,0.996944727953093,"GO:0048701","embryonic cranial skeleton morphogenesis"
15,0.105381319322265,"Down",0.652072893968792,0.996944727953093,"GO:0042558","pteridine-containing compound metabolic process"
37,0.100866792818612,"Down",0.652199968255678,0.996944727953093,"GO:0000381","regulation of alternative mRNA splicing, via spliceosome"
24,0.0326095937741489,"Up",0.652897662979476,0.996944727953093,"GO:0045840","positive regulation of mitotic nuclear division"
20,0.0381941687262641,"Down",0.652978016344939,0.996944727953093,"GO:0048483","autonomic nervous system development"
15,0.161780897118042,"Down",0.653366584619514,0.996944727953093,"GO:0072574","hepatocyte proliferation"
15,0.161780897118042,"Down",0.653366584619514,0.996944727953093,"GO:0072575","epithelial cell proliferation involved in liver morphogenesis"
134,0.0237298641373721,"Down",0.653408495701015,0.996944727953093,"GO:0048863","stem cell differentiation"
18,0.0805048720470245,"Down",0.653561912087831,0.996944727953093,"GO:0035082","axoneme assembly"
30,0.00784795757343794,"Down",0.653706413986925,0.996944727953093,"GO:0046677","response to antibiotic"
43,0.0136376869034837,"Down",0.654325132533055,0.996944727953093,"GO:0060395","SMAD protein signal transduction"
102,0.0143491350382805,"Down",0.654571882555845,0.996944727953093,"GO:0007369","gastrulation"
93,0.00476818937294142,"Up",0.654590903420539,0.996944727953093,"GO:0046718","viral entry into host cell"
22,0.0110788008234435,"Down",0.654920289402065,0.996944727953093,"GO:0014911","positive regulation of smooth muscle cell migration"
37,0.0194649741862761,"Up",0.655078627087457,0.996944727953093,"GO:0070534","protein K63-linked ubiquitination"
135,0.016825704724859,"Down",0.655086727733243,0.996944727953093,"GO:0090068","positive regulation of cell cycle process"
15,-0.019602760653703,"Down",0.65521593190506,0.996944727953093,"GO:0043267","negative regulation of potassium ion transport"
22,-0.000251698789110651,"Up",0.655371905731721,0.996944727953093,"GO:0060323","head morphogenesis"
71,-0.00200571751292126,"Up",0.655426976248737,0.996944727953093,"GO:0043200","response to amino acid"
23,-0.00861409675488136,"Down",0.655470119399461,0.996944727953093,"GO:0014002","astrocyte development"
27,0.0816490855340857,"Up",0.655578549995798,0.996944727953093,"GO:1905314","semi-lunar valve development"
55,0.0224620758537235,"Down",0.655755005756937,0.996944727953093,"GO:0016575","histone deacetylation"
17,0.0838067479951159,"Up",0.655941906744032,0.996944727953093,"GO:0002675","positive regulation of acute inflammatory response"
22,0.0677214748263796,"Up",0.65609020805448,0.996944727953093,"GO:0006778","porphyrin-containing compound metabolic process"
70,0.0354416627791081,"Up",0.656206049579234,0.996944727953093,"GO:0001704","formation of primary germ layer"
22,0.011324506723301,"Up",0.656591955277305,0.996944727953093,"GO:0060999","positive regulation of dendritic spine development"
30,0.0746351496740973,"Up",0.656884500604159,0.996944727953093,"GO:0002067","glandular epithelial cell differentiation"
300,0.012591793469829,"Down",0.657042273269002,0.996944727953093,"GO:0044770","cell cycle phase transition"
70,0.0236970701490527,"Up",0.657098540870524,0.996944727953093,"GO:0050806","positive regulation of synaptic transmission"
114,0.00994332608282628,"Down",0.657216211652678,0.996944727953093,"GO:0043405","regulation of MAP kinase activity"
79,7.12150430413972e-05,"Up",0.657267209909445,0.996944727953093,"GO:1904950","negative regulation of establishment of protein localization"
254,0.00890715214630904,"Up",0.657661459228718,0.996944727953093,"GO:0002764","immune response-regulating signaling pathway"
20,-0.0224625219434069,"Down",0.657681580663361,0.996944727953093,"GO:0070050","neuron cellular homeostasis"
57,-0.00389308498775605,"Down",0.657727557638235,0.996944727953093,"GO:1901216","positive regulation of neuron death"
33,-0.0195552913574971,"Up",0.657822700235644,0.996944727953093,"GO:0051496","positive regulation of stress fiber assembly"
28,-0.0210328382363613,"Down",0.658179177774144,0.996944727953093,"GO:0043647","inositol phosphate metabolic process"
18,-0.0427080409060629,"Up",0.658383149697712,0.996944727953093,"GO:0010039","response to iron ion"
64,0.0135092885021123,"Up",0.658599247689463,0.996944727953093,"GO:0016125","sterol metabolic process"
330,0.0264205058757274,"Up",0.658756725424682,0.996944727953093,"GO:0001525","angiogenesis"
38,-0.0118744283952819,"Up",0.658964643073704,0.996944727953093,"GO:0007586","digestion"
22,0.143749454488746,"Down",0.659241514606792,0.996944727953093,"GO:0006376","mRNA splice site selection"
19,-0.00166344657232002,"Down",0.659409484365268,0.996944727953093,"GO:0090169","regulation of spindle assembly"
37,-0.00382654577834965,"Up",0.65971347441814,0.996944727953093,"GO:0046626","regulation of insulin receptor signaling pathway"
125,0.00529638284026159,"Up",0.659758318451707,0.996944727953093,"GO:0050866","negative regulation of cell activation"
16,0.0573380058890623,"Up",0.659884055921802,0.996944727953093,"GO:0150146","cell junction disassembly"
106,0.0522380243432514,"Up",0.660124617216796,0.996944727953093,"GO:0035966","response to topologically incorrect protein"
24,0.115863669965847,"Up",0.660557077211287,0.996944727953093,"GO:0050919","negative chemotaxis"
105,0.00264134703099554,"Down",0.660961543646589,0.996944727953093,"GO:0007281","germ cell development"
32,0.0529145403275404,"Down",0.661059305633491,0.996944727953093,"GO:0051966","regulation of synaptic transmission, glutamatergic"
15,0.0248209747478527,"Down",0.661120821002517,0.996944727953093,"GO:0032770","positive regulation of monooxygenase activity"
281,0.00855963240565971,"Down",0.661151707687017,0.996944727953093,"GO:0007346","regulation of mitotic cell cycle"
27,0.00294699306405421,"Up",0.661248034888663,0.996944727953093,"GO:0030851","granulocyte differentiation"
30,0.0266765230219175,"Up",0.66128315492051,0.996944727953093,"GO:0043687","post-translational protein modification"
15,0.00705741662356104,"Up",0.661530542890497,0.996944727953093,"GO:0036120","cellular response to platelet-derived growth factor stimulus"
318,0.0210049579367041,"Down",0.661636525463406,0.996944727953093,"GO:0007507","heart development"
277,0.0135421630643025,"Up",0.661784602818552,0.996944727953093,"GO:0043410","positive regulation of MAPK cascade"
276,0.00312551748499666,"Down",0.661936610373151,0.996944727953093,"GO:1901652","response to peptide"
31,-0.00163386899119685,"Up",0.662035122375367,0.996944727953093,"GO:0090311","regulation of protein deacetylation"
103,0.0024335646090825,"Up",0.662813811923432,0.996944727953093,"GO:0051896","regulation of protein kinase B signaling"
179,0.0149140697658383,"Up",0.663214600080009,0.996944727953093,"GO:0007162","negative regulation of cell adhesion"
117,0.0332572703900075,"Down",0.664050498852319,0.996944727953093,"GO:1902115","regulation of organelle assembly"
18,0.00795542677782295,"Down",0.664646978852294,0.996944727953093,"GO:0046621","negative regulation of organ growth"
16,0.125819549644082,"Up",0.665150205382289,0.996944727953093,"GO:0021517","ventral spinal cord development"
49,0.0067058573990841,"Down",0.665321537545741,0.996944727953093,"GO:0032637","interleukin-8 production"
49,0.0067058573990841,"Down",0.665321537545741,0.996944727953093,"GO:0032677","regulation of interleukin-8 production"
139,0.0196159397319524,"Down",0.665361347055309,0.996944727953093,"GO:0001894","tissue homeostasis"
16,0.102068069531839,"Up",0.66547387625512,0.996944727953093,"GO:0014003","oligodendrocyte development"
28,0.0337847079279066,"Up",0.666052037005745,0.996944727953093,"GO:0016101","diterpenoid metabolic process"
15,0.0901469957523938,"Up",0.666083279428549,0.996944727953093,"GO:1902774","late endosome to lysosome transport"
160,0.00905507636972506,"Up",0.66629062713806,0.996944727953093,"GO:0006470","protein dephosphorylation"
17,0.0500953545511273,"Down",0.666534948136995,0.996944727953093,"GO:0046885","regulation of hormone biosynthetic process"
116,-0.00469608535455252,"Up",0.667093954153375,0.996944727953093,"GO:1901654","response to ketone"
277,0.00546510260394977,"Down",0.667579729773564,0.996944727953093,"GO:0033674","positive regulation of kinase activity"
21,0.0155719732838633,"Down",0.667970091595134,0.996944727953093,"GO:0044458","motile cilium assembly"
166,0.0157955710767413,"Down",0.669666514008341,0.996944727953093,"GO:0060249","anatomical structure homeostasis"
66,0.0469695491039863,"Up",0.670436944963158,0.996944727953093,"GO:0002821","positive regulation of adaptive immune response"
28,-0.0113900746086539,"Down",0.670495015190268,0.996944727953093,"GO:0006509","membrane protein ectodomain proteolysis"
46,-0.00999066082840246,"Up",0.670523862913494,0.996944727953093,"GO:0045638","negative regulation of myeloid cell differentiation"
36,0.0578491798603016,"Up",0.670629244856971,0.996944727953093,"GO:0030193","regulation of blood coagulation"
17,-0.032056935954295,"Down",0.670669891325286,0.996944727953093,"GO:0048806","genitalia development"
49,0.137706695665591,"Down",0.670841425474922,0.996944727953093,"GO:0007422","peripheral nervous system development"
24,0.0782674659923481,"Up",0.670978779815622,0.996944727953093,"GO:0045124","regulation of bone resorption"
17,0.0412925336803447,"Up",0.671268873620451,0.996944727953093,"GO:0008053","mitochondrial fusion"
52,0.0445440768362172,"Down",0.671415128365752,0.996944727953093,"GO:0001657","ureteric bud development"
52,0.0445440768362172,"Down",0.671415128365752,0.996944727953093,"GO:0072163","mesonephric epithelium development"
52,0.0445440768362172,"Down",0.671415128365752,0.996944727953093,"GO:0072164","mesonephric tubule development"
60,0.00188621677235688,"Down",0.671553125942479,0.996944727953093,"GO:2000106","regulation of leukocyte apoptotic process"
15,-0.0308209381568092,"Up",0.67175674010546,0.996944727953093,"GO:0032516","positive regulation of phosphoprotein phosphatase activity"
45,0.0563221700495216,"Up",0.67179921736589,0.996944727953093,"GO:0002381","immunoglobulin production involved in immunoglobulin-mediated immune response"
30,0.0284645613654252,"Down",0.672657223354846,0.996944727953093,"GO:0019083","viral transcription"
15,-0.000266798749690584,"Down",0.672944912557608,0.996944727953093,"GO:0007252","I-kappaB phosphorylation"
59,-0.00773447794930929,"Down",0.673021052586532,0.996944727953093,"GO:0032414","positive regulation of ion transmembrane transporter activity"
32,0.0525634327700224,"Up",0.673068287575231,0.996944727953093,"GO:0042531","positive regulation of tyrosine phosphorylation of STAT protein"
17,0.0627938007054422,"Up",0.673680762362586,0.996944727953093,"GO:0034311","diol metabolic process"
22,-0.00508951151393361,"Up",0.673685623401763,0.996944727953093,"GO:1901186","positive regulation of ERBB signaling pathway"
18,0.186429838682699,"Down",0.673894915091234,0.996944727953093,"GO:0016233","telomere capping"
25,0.0621720321033203,"Up",0.674325326423507,0.996944727953093,"GO:1902229","regulation of intrinsic apoptotic signaling pathway in response to DNA damage"
18,0.0629998695520583,"Up",0.674341804068976,0.996944727953093,"GO:1901570","fatty acid derivative biosynthetic process"
72,0.00579566743447541,"Up",0.674407027823907,0.996944727953093,"GO:0010675","regulation of cellular carbohydrate metabolic process"
153,0.0161442614812297,"Down",0.674424576867127,0.996944727953093,"GO:0032868","response to insulin"
15,0.0119755008302952,"Down",0.674782818497422,0.996944727953093,"GO:0045738","negative regulation of DNA repair"
132,0.0799865113594096,"Down",0.674954605306441,0.996944727953093,"GO:0006310","DNA recombination"
20,0.0448803282715972,"Up",0.675309845979276,0.996944727953093,"GO:0035767","endothelial cell chemotaxis"
103,0.0115941364228462,"Up",0.675411287698939,0.996944727953093,"GO:0031345","negative regulation of cell projection organization"
48,0.0069522708783328,"Up",0.675702316980905,0.996944727953093,"GO:0044264","cellular polysaccharide metabolic process"
94,0.0952288134154107,"Down",0.675715893622278,0.996944727953093,"GO:0071824","protein-DNA complex subunit organization"
67,0.0152871046272796,"Down",0.676133683327919,0.996944727953093,"GO:0051225","spindle assembly"
36,0.0317577324898337,"Up",0.67618923868459,0.996944727953093,"GO:0050435","amyloid-beta metabolic process"
65,0.0256965351908299,"Down",0.676689768755534,0.996944727953093,"GO:0010586","miRNA metabolic process"
20,0.0208681809572104,"Down",0.676995332784704,0.996944727953093,"GO:0030261","chromosome condensation"
19,-0.0357287624131383,"Down",0.677238045066963,0.996944727953093,"GO:0071480","cellular response to gamma radiation"
41,-0.00282854908888569,"Up",0.677692636325392,0.996944727953093,"GO:0018958","phenol-containing compound metabolic process"
25,0.0971193233963275,"Up",0.678153922813158,0.996944727953093,"GO:0010712","regulation of collagen metabolic process"
127,0.0148663841177419,"Up",0.678227328387545,0.996944727953093,"GO:0045619","regulation of lymphocyte differentiation"
20,0.0562381366558675,"Up",0.678376477188108,0.996944727953093,"GO:0055010","ventricular cardiac muscle tissue morphogenesis"
19,0.0670228542469981,"Up",0.678557208716933,0.996944727953093,"GO:0032607","interferon-alpha production"
19,0.0670228542469981,"Up",0.678557208716933,0.996944727953093,"GO:0032647","regulation of interferon-alpha production"
198,0.0140142726612419,"Down",0.678602685937751,0.996944727953093,"GO:1901990","regulation of mitotic cell cycle phase transition"
122,0.00267796701271583,"Down",0.67867465751548,0.996944727953093,"GO:0015849","organic acid transport"
18,0.00285743847161797,"Down",0.678741632125194,0.996944727953093,"GO:0048873","homeostasis of number of cells within a tissue"
68,0.0234677545605286,"Up",0.678959188138512,0.996944727953093,"GO:0014066","regulation of phosphatidylinositol 3-kinase signaling"
62,0.0106408880391438,"Down",0.679530308846368,0.996944727953093,"GO:0015698","inorganic anion transport"
43,0.00708931606988628,"Down",0.679556650450877,0.996944727953093,"GO:0010657","muscle cell apoptotic process"
55,-0.00492868599503318,"Down",0.679658622695964,0.996944727953093,"GO:0006970","response to osmotic stress"
15,0.164582018782937,"Up",0.679977585734174,0.996944727953093,"GO:0045947","negative regulation of translational initiation"
239,0.0389321788566103,"Down",0.680068279360756,0.996944727953093,"GO:0016570","histone modification"
17,-0.0295832842814315,"Up",0.680113621843433,0.996944727953093,"GO:0034143","regulation of toll-like receptor 4 signaling pathway"
273,0.0229619468828263,"Down",0.680373333821798,0.996944727953093,"GO:0002009","morphogenesis of an epithelium"
66,0.00392907851184054,"Up",0.680557960448646,0.996944727953093,"GO:0048144","fibroblast proliferation"
34,0.0200406867989236,"Up",0.680683725397344,0.996944727953093,"GO:0002931","response to ischemia"
42,-0.00378925998579535,"Up",0.680705910338491,0.996944727953093,"GO:0062014","negative regulation of small molecule metabolic process"
63,0.0165592069654074,"Down",0.680988453528291,0.996944727953093,"GO:0030534","adult behavior"
20,-0.0297480616783833,"Down",0.681107169243244,0.996944727953093,"GO:0031954","positive regulation of protein autophosphorylation"
242,0.00637660620366069,"Down",0.681195590269659,0.996944727953093,"GO:0016055","Wnt signaling pathway"
24,0.0142892232698642,"Up",0.681226084354865,0.996944727953093,"GO:0006968","cellular defense response"
90,0.00407464177476047,"Up",0.681562418000881,0.996944727953093,"GO:0030072","peptide hormone secretion"
15,0.00734886943699272,"Up",0.682110629074285,0.996944727953093,"GO:0070528","protein kinase C signaling"
71,0.00820995118871535,"Down",0.682678079983713,0.996944727953093,"GO:0043406","positive regulation of MAP kinase activity"
91,0.047037118492592,"Up",0.683036356029228,0.996944727953093,"GO:0006986","response to unfolded protein"
60,0.00537630073538364,"Up",0.683500180296475,0.996944727953093,"GO:0035150","regulation of tube size"
60,0.00537630073538364,"Up",0.683500180296475,0.996944727953093,"GO:0035296","regulation of tube diameter"
60,0.00537630073538364,"Up",0.683500180296475,0.996944727953093,"GO:0097746","blood vessel diameter maintenance"
58,0.044514158258395,"Up",0.683754150974774,0.996944727953093,"GO:0030516","regulation of axon extension"
15,0.0447261816533911,"Up",0.683955156222256,0.996944727953093,"GO:1901739","regulation of myoblast fusion"
37,0.00837303356170409,"Up",0.68412670057851,0.996944727953093,"GO:0005977","glycogen metabolic process"
16,-0.0443266283865638,"Up",0.684709621479934,0.996944727953093,"GO:0002862","negative regulation of inflammatory response to antigenic stimulus"
65,0.0200907116474732,"Down",0.685013067694673,0.996944727953093,"GO:1903707","negative regulation of hemopoiesis"
92,0.00710065358821573,"Down",0.685314701426245,0.996944727953093,"GO:0007626","locomotory behavior"
21,-0.00425850505695459,"Up",0.685650655463115,0.996944727953093,"GO:1903725","regulation of phospholipid metabolic process"
37,0.00310678138209062,"Up",0.686307378023902,0.996944727953093,"GO:0002011","morphogenesis of an epithelial sheet"
19,0.0823926699463873,"Down",0.686534911490231,0.996944727953093,"GO:0050982","detection of mechanical stimulus"
64,-0.00662645629470482,"Down",0.686758940233904,0.996944727953093,"GO:0032411","positive regulation of transporter activity"
31,0.0267062213106707,"Up",0.68681707567269,0.996944727953093,"GO:0042440","pigment metabolic process"
72,-0.000937709367203134,"Up",0.686865104322765,0.996944727953093,"GO:0030168","platelet activation"
16,0.0997790591142543,"Up",0.687228714349825,0.996944727953093,"GO:1905332","positive regulation of morphogenesis of an epithelium"
85,0.0116645659675861,"Up",0.687785831914103,0.996944727953093,"GO:0051092","positive regulation of NF-kappaB transcription factor activity"
101,0.00218441639517261,"Down",0.688367682349929,0.996944727953093,"GO:0006486","protein glycosylation"
101,0.00218441639517261,"Down",0.688367682349929,0.996944727953093,"GO:0043413","macromolecule glycosylation"
18,0.0292852451665465,"Down",0.688396880742362,0.996944727953093,"GO:0035520","monoubiquitinated protein deubiquitination"
28,0.0503674862390406,"Down",0.688430243592918,0.996944727953093,"GO:0018023","peptidyl-lysine trimethylation"
106,0.00282242697251374,"Down",0.688738933081189,0.996944727953093,"GO:0070085","glycosylation"
33,0.016938762879414,"Down",0.688745226134688,0.996944727953093,"GO:0070988","demethylation"
112,0.00132991354524833,"Up",0.689233844101132,0.996944727953093,"GO:0015850","organic hydroxy compound transport"
31,-0.0021907054010557,"Down",0.689373507874284,0.996944727953093,"GO:2000403","positive regulation of lymphocyte migration"
32,0.0470486339119076,"Down",0.689649401922771,0.996944727953093,"GO:0007405","neuroblast proliferation"
50,0.0354708547799634,"Down",0.690052710024575,0.996944727953093,"GO:0006939","smooth muscle contraction"
193,0.0176279720581479,"Down",0.690358631322582,0.996944727953093,"GO:0051056","regulation of small GTPase mediated signal transduction"
28,0.23454682004517,"Up",0.690430589391559,0.996944727953093,"GO:0071526","semaphorin-plexin signaling pathway"
181,0.0525172637130659,"Up",0.69060445040798,0.996944727953093,"GO:0042063","gliogenesis"
21,0.135864923718699,"Up",0.691056171254153,0.996944727953093,"GO:0045746","negative regulation of Notch signaling pathway"
47,0.00639148186738717,"Up",0.691345997302023,0.996944727953093,"GO:0061515","myeloid cell development"
63,0.0101585283460438,"Down",0.691471474434283,0.996944727953093,"GO:0043500","muscle adaptation"
29,0.0250847503922396,"Up",0.691590007231791,0.996944727953093,"GO:0051353","positive regulation of oxidoreductase activity"
109,0.0531063015155783,"Down",0.692030260721867,0.996944727953093,"GO:0017148","negative regulation of translation"
45,0.0428369476230638,"Down",0.692163517843692,0.996944727953093,"GO:0048706","embryonic skeletal system development"
20,0.0405924964008959,"Down",0.69244548261457,0.996944727953093,"GO:0050879","multicellular organismal movement"
20,0.0405924964008959,"Down",0.69244548261457,0.996944727953093,"GO:0050881","musculoskeletal movement"
56,-0.00356195014440227,"Up",0.692486544572905,0.996944727953093,"GO:0106027","neuron projection organization"
88,0.0248764398969873,"Up",0.692650267125142,0.996944727953093,"GO:0098876","vesicle-mediated transport to the plasma membrane"
24,0.0527213409165392,"Up",0.692747327194599,0.996944727953093,"GO:2000179","positive regulation of neural precursor cell proliferation"
147,0.0426374246581729,"Up",0.692991869483245,0.996944727953093,"GO:0016197","endosomal transport"
35,0.0394630970452548,"Up",0.693012676155698,0.996944727953093,"GO:0021885","forebrain cell migration"
35,0.0156741864417384,"Down",0.693388896547279,0.996944727953093,"GO:0071868","cellular response to monoamine stimulus"
35,0.0156741864417384,"Down",0.693388896547279,0.996944727953093,"GO:0071870","cellular response to catecholamine stimulus"
36,0.0177850885177435,"Down",0.694087999340864,0.996944727953093,"GO:0070918","small regulatory ncRNA processing"
47,-0.00780613166021063,"Down",0.694251124314778,0.996944727953093,"GO:0072678","T cell migration"
31,0.0333430988688273,"Up",0.6950511290316,0.996944727953093,"GO:0046456","icosanoid biosynthetic process"
31,0.0758974023501175,"Up",0.695242608372823,0.996944727953093,"GO:0051149","positive regulation of muscle cell differentiation"
88,0.0084043913919963,"Down",0.695322346520578,0.996944727953093,"GO:0048659","smooth muscle cell proliferation"
75,0.000802138622099915,"Down",0.695481093804396,0.996944727953093,"GO:0051592","response to calcium ion"
125,0.00273092051322995,"Up",0.69557883269152,0.996944727953093,"GO:0007599","hemostasis"
103,0.014129454373399,"Up",0.69583982606496,0.996944727953093,"GO:0008361","regulation of cell size"
38,0.0149589544215668,"Up",0.696590966638358,0.996944727953093,"GO:0120193","tight junction organization"
66,0.0281653611163705,"Down",0.697001898993294,0.996944727953093,"GO:0030282","bone mineralization"
167,0.00569348075461109,"Up",0.697284653752537,0.996944727953093,"GO:0051348","negative regulation of transferase activity"
37,0.00624104451074886,"Down",0.697327800579548,0.996944727953093,"GO:0043407","negative regulation of MAP kinase activity"
76,0.00267549907838331,"Up",0.697636513506944,0.996944727953093,"GO:0051224","negative regulation of protein transport"
24,0.00668237619563544,"Up",0.698051135829996,0.996944727953093,"GO:1902624","positive regulation of neutrophil migration"
32,0.0673645165803752,"Up",0.698110928479099,0.996944727953093,"GO:0060415","muscle tissue morphogenesis"
160,0.0154617947669997,"Down",0.698247133582206,0.996944727953093,"GO:0048511","rhythmic process"
160,0.0126697387164117,"Down",0.698738265029925,0.996944727953093,"GO:0043547","positive regulation of GTPase activity"
23,0.0455196302890577,"Up",0.698755466310737,0.996944727953093,"GO:0003229","ventricular cardiac muscle tissue development"
38,0.0359849288990919,"Down",0.698885382407303,0.996944727953093,"GO:0042246","tissue regeneration"
41,0.0170918778282545,"Down",0.699568291445227,0.996944727953093,"GO:0002042","cell migration involved in sprouting angiogenesis"
36,0.0663043658447403,"Up",0.700011960396674,0.996944727953093,"GO:0050771","negative regulation of axonogenesis"
37,0.019363038560426,"Down",0.700247511758058,0.996944727953093,"GO:0071867","response to monoamine"
37,0.019363038560426,"Down",0.700247511758058,0.996944727953093,"GO:0071869","response to catecholamine"
51,-0.00648673573649246,"Up",0.700323006106235,0.996944727953093,"GO:0097061","dendritic spine organization"
85,0.00797763836396355,"Down",0.70035641394284,0.996944727953093,"GO:0048660","regulation of smooth muscle cell proliferation"
50,0.0299730136324689,"Up",0.700707271105919,0.996944727953093,"GO:0035270","endocrine system development"
87,0.0216958064323185,"Up",0.70084731923498,0.996944727953093,"GO:0097696","receptor signaling pathway via STAT"
375,0.0277130623662538,"Up",0.701011499845977,0.996944727953093,"GO:0048514","blood vessel morphogenesis"
52,0.0235113428908443,"Down",0.701370547369144,0.996944727953093,"GO:0006029","proteoglycan metabolic process"
18,0.0958913495884325,"Down",0.701402702811432,0.996944727953093,"GO:0031646","positive regulation of nervous system process"
18,0.16086593816007,"Up",0.701686553309475,0.996944727953093,"GO:0070979","protein K11-linked ubiquitination"
20,0.0246990316801371,"Up",0.702019151767057,0.996944727953093,"GO:0042220","response to cocaine"
15,0.202619812919078,"Up",0.703278599093855,0.996944727953093,"GO:0097205","renal filtration"
51,0.0104381273854616,"Up",0.7034319939216,0.996944727953093,"GO:0014068","positive regulation of phosphatidylinositol 3-kinase signaling"
86,-0.00250352000297843,"Up",0.703446981375374,0.996944727953093,"GO:0046661","male sex differentiation"
77,0.0175269702459202,"Down",0.703838855717494,0.996944727953093,"GO:0007052","mitotic spindle organization"
15,0.0998272957067348,"Up",0.704330827217254,0.996944727953093,"GO:0006779","porphyrin-containing compound biosynthetic process"
15,0.0998272957067348,"Up",0.704330827217254,0.996944727953093,"GO:0033014","tetrapyrrole biosynthetic process"
121,0.0282298328017845,"Up",0.704360036266116,0.996944727953093,"GO:1901888","regulation of cell junction assembly"
57,-0.00290188769724517,"Up",0.70453676147196,0.996944727953093,"GO:0048145","regulation of fibroblast proliferation"
27,0.0181547896890854,"Down",0.705065805295629,0.996944727953093,"GO:0042733","embryonic digit morphogenesis"
16,-0.00259611301727916,"Down",0.705093671511434,0.996944727953093,"GO:0072337","modified amino acid transport"
51,0.0128629501287555,"Up",0.705105671176619,0.996944727953093,"GO:0016239","positive regulation of macroautophagy"
15,0.214983978225477,"Up",0.705325167936895,0.996944727953093,"GO:0033617","mitochondrial cytochrome c oxidase assembly"
16,0.0749351257164729,"Down",0.705558669791676,0.996944727953093,"GO:1902042","negative regulation of extrinsic apoptotic signaling pathway via death domain receptors"
29,0.0201647634331069,"Down",0.70606934035657,0.996944727953093,"GO:0099072","regulation of postsynaptic membrane neurotransmitter receptor levels"
162,0.060865758545046,"Down",0.7069019204762,0.996944727953093,"GO:0006401","RNA catabolic process"
18,0.00312105423347066,"Down",0.707019611714136,0.996944727953093,"GO:0007157","heterophilic cell-cell adhesion via plasma membrane cell adhesion molecules"
34,-0.00115662579608316,"Down",0.707142560065415,0.996944727953093,"GO:0072577","endothelial cell apoptotic process"
26,0.0203701157582629,"Up",0.707235237891629,0.996944727953093,"GO:0140353","lipid export from cell"
65,0.00625322609622484,"Down",0.707266234433673,0.996944727953093,"GO:0043535","regulation of blood vessel endothelial cell migration"
28,0.0468978151875369,"Down",0.707538432940376,0.996944727953093,"GO:0030501","positive regulation of bone mineralization"
24,0.0473476056283478,"Up",0.707924289224168,0.996944727953093,"GO:0010862","positive regulation of pathway-restricted SMAD protein phosphorylation"
49,-0.00317010379162286,"Up",0.708257275313308,0.996944727953093,"GO:0032945","negative regulation of mononuclear cell proliferation"
49,-0.00317010379162286,"Up",0.708257275313308,0.996944727953093,"GO:0050672","negative regulation of lymphocyte proliferation"
292,0.084728406104575,"Down",0.708324760296432,0.996944727953093,"GO:0051276","chromosome organization"
44,0.0329983829453847,"Down",0.70836984869389,0.996944727953093,"GO:0014910","regulation of smooth muscle cell migration"
29,0.0287838661671856,"Down",0.709512050720963,0.996944727953093,"GO:0040014","regulation of multicellular organism growth"
40,0.0175662981407939,"Down",0.709570497671734,0.996944727953093,"GO:0031100","animal organ regeneration"
100,0.0104887504604879,"Down",0.70983389012367,0.996944727953093,"GO:2001236","regulation of extrinsic apoptotic signaling pathway"
199,0.00270146712834297,"Up",0.710566886438944,0.996944727953093,"GO:0071496","cellular response to external stimulus"
15,0.0982806165419094,"Up",0.710588334179928,0.996944727953093,"GO:0006359","regulation of transcription by RNA polymerase III"
54,0.0623744933734259,"Down",0.711860774707128,0.996944727953093,"GO:0043367","CD4-positive, alpha-beta T cell differentiation"
43,0.0417624265310083,"Up",0.712198784519469,0.996944727953093,"GO:0070059","intrinsic apoptotic signaling pathway in response to endoplasmic reticulum stress"
43,0.0488597071636821,"Down",0.712393524105502,0.996944727953093,"GO:0044728","DNA methylation or demethylation"
47,0.0133326144925095,"Down",0.712672026463072,0.996944727953093,"GO:0021761","limbic system development"
19,0.0298967708088846,"Down",0.712729186785957,0.996944727953093,"GO:0070498","interleukin-1-mediated signaling pathway"
84,0.0192708920390966,"Down",0.712913669587838,0.996944727953093,"GO:0043534","blood vessel endothelial cell migration"
50,-0.00881025782167006,"Down",0.713347356958611,0.996944727953093,"GO:0051781","positive regulation of cell division"
205,0.00081296501858883,"Up",0.713470145134962,0.996944727953093,"GO:0023061","signal release"
21,0.197148126172927,"Up",0.713489905656484,0.996944727953093,"GO:0032968","positive regulation of transcription elongation by RNA polymerase II"
23,-0.00468898556454345,"Up",0.713569437859904,0.996944727953093,"GO:0031116","positive regulation of microtubule polymerization"
19,0.000935621803448429,"Up",0.713671956504526,0.996944727953093,"GO:0086004","regulation of cardiac muscle cell contraction"
19,0.15172904141597,"Up",0.713786202131592,0.996944727953093,"GO:1902742","apoptotic process involved in development"
74,0.0433141863313332,"Down",0.713892205853157,0.996944727953093,"GO:0045598","regulation of fat cell differentiation"
117,0.0107246374136933,"Up",0.714022095397508,0.996944727953093,"GO:0003015","heart process"
16,0.163132039578913,"Up",0.714172643410226,0.996944727953093,"GO:0002726","positive regulation of T cell cytokine production"
23,0.0208515947672095,"Up",0.714481993269646,0.996944727953093,"GO:0009167","purine ribonucleoside monophosphate metabolic process"
19,0.0713436443605896,"Up",0.714964129513963,0.996944727953093,"GO:1902230","negative regulation of intrinsic apoptotic signaling pathway in response to DNA damage"
96,0.0380422000989751,"Down",0.715379391157667,0.996944727953093,"GO:0018394","peptidyl-lysine acetylation"
102,0.0238762517914631,"Up",0.715473895445631,0.996944727953093,"GO:0046631","alpha-beta T cell activation"
16,0.0570491146756699,"Down",0.715581501879894,0.996944727953093,"GO:0086005","ventricular cardiac muscle cell action potential"
37,0.0522353465616283,"Up",0.716095627913963,0.996944727953093,"GO:1900046","regulation of hemostasis"
43,0.0067308442327273,"Down",0.716581713031927,0.996944727953093,"GO:0002260","lymphocyte homeostasis"
85,0.0524798326491306,"Down",0.716915001346943,0.996944727953093,"GO:0016573","histone acetylation"
35,0.0343808856121682,"Down",0.717121257027839,0.996944727953093,"GO:0006821","chloride transport"
41,0.0601185138384877,"Down",0.71739068514567,0.996944727953093,"GO:0042093","T-helper cell differentiation"
323,0.0264611234408994,"Down",0.717958853178887,0.996944727953093,"GO:0048729","tissue morphogenesis"
88,0.0484798358637876,"Up",0.717963788651618,0.996944727953093,"GO:1903900","regulation of viral life cycle"
26,0.0212142760506404,"Up",0.718770338006522,0.996944727953093,"GO:0060986","endocrine hormone secretion"
51,0.00243151130539181,"Up",0.718922854630532,0.996944727953093,"GO:0006809","nitric oxide biosynthetic process"
33,0.0346174769254739,"Down",0.720132179444916,0.996944727953093,"GO:1904645","response to amyloid-beta"
387,0.043013011799388,"Up",0.720807315604725,0.996944727953093,"GO:0034330","cell junction organization"
65,0.0222440963607074,"Down",0.721000469852549,0.996944727953093,"GO:0006476","protein deacetylation"
18,0.0308382854079723,"Up",0.721360245684014,0.996944727953093,"GO:0060390","regulation of SMAD protein signal transduction"
30,0.0226984911316878,"Up",0.721586493001378,0.996944727953093,"GO:0002204","somatic recombination of immunoglobulin genes involved in immune response"
30,0.0226984911316878,"Up",0.721586493001378,0.996944727953093,"GO:0002208","somatic diversification of immunoglobulins involved in immune response"
30,0.0226984911316878,"Up",0.721586493001378,0.996944727953093,"GO:0045190","isotype switching"
17,0.0165584570611436,"Down",0.721875203054017,0.996944727953093,"GO:0002209","behavioral defense response"
64,0.0435062972075517,"Down",0.721996320315531,0.996944727953093,"GO:0035725","sodium ion transmembrane transport"
91,0.0281402442598781,"Down",0.722543996022991,0.996944727953093,"GO:0070646","protein modification by small protein removal"
20,0.00245187419401476,"Up",0.722574519204584,0.996944727953093,"GO:0033280","response to vitamin D"
27,0.0682071420418772,"Up",0.722778389927129,0.996944727953093,"GO:1900368","regulation of post-transcriptional gene silencing by RNA"
36,0.00350227509427815,"Up",0.722936572199371,0.996944727953093,"GO:0055013","cardiac muscle cell development"
18,0.194563919492155,"Up",0.723075596972373,0.996944727953093,"GO:0035455","response to interferon-alpha"
74,0.0299968191512404,"Up",0.723325867232473,0.996944727953093,"GO:0061041","regulation of wound healing"
93,0.0286439526332645,"Down",0.723376703657893,0.996944727953093,"GO:0048705","skeletal system morphogenesis"
15,0.0289585315389548,"Up",0.723818856219583,0.996944727953093,"GO:2000209","regulation of anoikis"
87,0.0508641077179901,"Down",0.723876288693032,0.996944727953093,"GO:0018393","internal peptidyl-lysine acetylation"
21,0.019956397290307,"Down",0.723886958025679,0.996944727953093,"GO:0071354","cellular response to interleukin-6"
61,-0.00704535540682222,"Up",0.72447577262676,0.996944727953093,"GO:0071466","cellular response to xenobiotic stimulus"
25,0.0677382434539095,"Down",0.724494994619567,0.996944727953093,"GO:0006904","vesicle docking involved in exocytosis"
24,0.00390219444004647,"Down",0.724825402852092,0.996944727953093,"GO:0018198","peptidyl-cysteine modification"
68,0.0211397920612957,"Up",0.725446064854751,0.996944727953093,"GO:0046634","regulation of alpha-beta T cell activation"
26,-7.6017953051668e-05,"Up",0.725794126561552,0.996944727953093,"GO:0046636","negative regulation of alpha-beta T cell activation"
18,0.0125824286213281,"Down",0.725947587344054,0.996944727953093,"GO:0042311","vasodilation"
34,0.0986210212071407,"Down",0.726675811365723,0.996944727953093,"GO:1902373","negative regulation of mRNA catabolic process"
57,0.00419154087534513,"Down",0.726699636997191,0.996944727953093,"GO:0043154","negative regulation of cysteine-type endopeptidase activity involved in apoptotic process"
53,0.0445524358696238,"Down",0.72704038594321,0.996944727953093,"GO:0001823","mesonephros development"
21,0.0693704255532184,"Up",0.727299755151354,0.996944727953093,"GO:0140448","signaling receptor ligand precursor processing"
101,0.0272941499573143,"Down",0.727711700819252,0.996944727953093,"GO:0098727","maintenance of cell number"
19,0.0294283875384572,"Down",0.7279083043314,0.996944727953093,"GO:0060055","angiogenesis involved in wound healing"
21,0.0749829940545391,"Up",0.728158620179385,0.996944727953093,"GO:0006040","amino sugar metabolic process"
66,-0.0073136391251915,"Down",0.728468350547562,0.996944727953093,"GO:0030316","osteoclast differentiation"
82,0.0365648227667351,"Up",0.728567701546664,0.996944727953093,"GO:0002040","sprouting angiogenesis"
25,0.029157693438206,"Down",0.728638709851907,0.996944727953093,"GO:0089718","amino acid import across plasma membrane"
208,0.00505527873851219,"Up",0.728963030677271,0.996944727953093,"GO:0001933","negative regulation of protein phosphorylation"
36,0.0139757304379488,"Down",0.729121830808181,0.996944727953093,"GO:0021766","hippocampus development"
30,0.0183573650468032,"Down",0.72954340027666,0.996944727953093,"GO:0001937","negative regulation of endothelial cell proliferation"
63,0.0416723370418808,"Up",0.729584218024246,0.996944727953093,"GO:0002286","T cell activation involved in immune response"
35,-0.0142055448456472,"Up",0.729687231182414,0.996944727953093,"GO:0060997","dendritic spine morphogenesis"
46,0.00851428947831007,"Up",0.730217382761007,0.996944727953093,"GO:0033273","response to vitamin"
105,0.0437845526711238,"Down",0.730309145370312,0.996944727953093,"GO:0001763","morphogenesis of a branching structure"
21,0.0150464185003106,"Down",0.730418069751682,0.996944727953093,"GO:0014912","negative regulation of smooth muscle cell migration"
110,0.0334336588042183,"Up",0.730698375715754,0.996944727953093,"GO:0002819","regulation of adaptive immune response"
235,0.0454739971810598,"Up",0.730755889320146,0.996944727953093,"GO:0007409","axonogenesis"
57,0.0283210065928144,"Down",0.731266851708914,0.996944727953093,"GO:0070167","regulation of biomineral tissue development"
57,0.0283210065928144,"Down",0.731266851708914,0.996944727953093,"GO:0110149","regulation of biomineralization"
18,0.0132294914492111,"Up",0.731826211806054,0.996944727953093,"GO:0090314","positive regulation of protein targeting to membrane"
82,0.0256164150848049,"Down",0.731907877623444,0.996944727953093,"GO:0051384","response to glucocorticoid"
17,0.0468429284882148,"Down",0.732236648802485,0.996944727953093,"GO:0002063","chondrocyte development"
34,0.0211056730695964,"Down",0.732359596123044,0.996944727953093,"GO:0033555","multicellular organismal response to stress"
276,0.0801206364737715,"Down",0.73254681567496,0.996944727953093,"GO:0006281","DNA repair"
136,0.00779260484661014,"Down",0.732634334391144,0.996944727953093,"GO:0015711","organic anion transport"
98,0.0030530700381446,"Up",0.732704919367057,0.996944727953093,"GO:0044409","entry into host"
42,0.00166212605117837,"Up",0.73273882885368,0.996944727953093,"GO:0055117","regulation of cardiac muscle contraction"
26,0.215576261277319,"Up",0.732975069345414,0.996944727953093,"GO:0071711","basement membrane organization"
17,-0.0295038897490147,"Down",0.733065266017573,0.996944727953093,"GO:0033146","regulation of intracellular estrogen receptor signaling pathway"
20,-0.00384854679275297,"Up",0.733111141347428,0.996944727953093,"GO:0045742","positive regulation of epidermal growth factor receptor signaling pathway"
19,0.0771642812826186,"Down",0.734344005791571,0.996944727953093,"GO:1902692","regulation of neuroblast proliferation"
25,0.0644277090241665,"Up",0.734488766561943,0.996944727953093,"GO:1902003","regulation of amyloid-beta formation"
16,0.011581292566891,"Up",0.734821048097485,0.996944727953093,"GO:0033688","regulation of osteoblast proliferation"
16,0.210644489267119,"Up",0.735411636231269,0.996944727953093,"GO:0008535","respiratory chain complex IV assembly"
17,-0.0143586636840375,"Down",0.735536640485205,0.996944727953093,"GO:1903020","positive regulation of glycoprotein metabolic process"
23,0.0403930576070859,"Up",0.735814393679819,0.996944727953093,"GO:0002673","regulation of acute inflammatory response"
78,0.00513195906651806,"Up",0.735898937915573,0.996944727953093,"GO:0001101","response to acid chemical"
81,0.0169779711077404,"Up",0.736191174411629,0.996944727953093,"GO:0046890","regulation of lipid biosynthetic process"
26,0.0761744435177066,"Up",0.736466779360777,0.996944727953093,"GO:0060964","regulation of miRNA-mediated gene silencing"
48,0.032794926277089,"Down",0.737196787332245,0.996944727953093,"GO:0030500","regulation of bone mineralization"
24,-0.0151550446650363,"Up",0.737376571036347,0.996944727953093,"GO:0043029","T cell homeostasis"
19,-0.00789663087333981,"Down",0.73800940183874,0.996944727953093,"GO:0008206","bile acid metabolic process"
21,0.126130949435727,"Up",0.738058232429788,0.996944727953093,"GO:0032965","regulation of collagen biosynthetic process"
32,0.0514536798075479,"Down",0.738251599456011,0.996944727953093,"GO:0030514","negative regulation of BMP signaling pathway"
125,0.00538401897711338,"Up",0.738252322409971,0.996944727953093,"GO:0016485","protein processing"
15,-0.0176902482385923,"Up",0.738329979812822,0.996944727953093,"GO:0071459","protein localization to chromosome, centromeric region"
55,0.118867502623076,"Down",0.738567481791102,0.996944727953093,"GO:0048525","negative regulation of viral process"
38,0.0440930422337408,"Up",0.739640902017291,0.996944727953093,"GO:0086003","cardiac muscle cell contraction"
20,0.0644312207252539,"Down",0.740527374527539,0.996944727953093,"GO:0021879","forebrain neuron differentiation"
458,0.0100984883766728,"Down",0.74116051192828,0.996944727953093,"GO:0070925","organelle assembly"
50,0.0396676487902646,"Up",0.741823447373881,0.996944727953093,"GO:0072332","intrinsic apoptotic signaling pathway by p53 class mediator"
19,0.0783395341750807,"Down",0.742565274913034,0.996944727953093,"GO:0048009","insulin-like growth factor receptor signaling pathway"
35,0.0549937829455933,"Down",0.742569683479809,0.996944727953093,"GO:0043370","regulation of CD4-positive, alpha-beta T cell differentiation"
53,0.0460203541826504,"Up",0.742672980669608,0.996944727953093,"GO:0031341","regulation of cell killing"
333,0.00433362505579006,"Up",0.742715242807172,0.996944727953093,"GO:0071396","cellular response to lipid"
63,0.0455127371306672,"Up",0.743107001486681,0.996944727953093,"GO:0090501","RNA phosphodiester bond hydrolysis"
20,-0.002719736098963,"Down",0.743309685912721,0.996944727953093,"GO:0009593","detection of chemical stimulus"
118,0.00963331787775171,"Up",0.743480933414011,0.996944727953093,"GO:0043491","protein kinase B signaling"
18,0.0182563591824649,"Down",0.743528751594782,0.996944727953093,"GO:0051954","positive regulation of amine transport"
15,0.0580342765619808,"Up",0.743704073679303,0.996944727953093,"GO:0061042","vascular wound healing"
450,0.0159180793777063,"Down",0.74401688856449,0.996944727953093,"GO:1903047","mitotic cell cycle process"
242,0.0427381091880952,"Up",0.744076890525513,0.996944727953093,"GO:0031589","cell-substrate adhesion"
123,0.0225123341833931,"Up",0.744320370448778,0.996944727953093,"GO:0048588","developmental cell growth"
15,0.0383113398203854,"Down",0.744378809545974,0.996944727953093,"GO:0045830","positive regulation of isotype switching"
41,0.127869206536524,"Up",0.745042334749284,0.996944727953093,"GO:1903053","regulation of extracellular matrix organization"
22,0.00724941192695457,"Down",0.745141160270312,0.996944727953093,"GO:0046530","photoreceptor cell differentiation"
151,0.0231309452606527,"Up",0.745149341983159,0.996944727953093,"GO:0006936","muscle contraction"
41,0.0179235196352283,"Down",0.745195109733185,0.996944727953093,"GO:0010611","regulation of cardiac muscle hypertrophy"
47,0.00939014751975086,"Down",0.746082315043677,0.996944727953093,"GO:0031663","lipopolysaccharide-mediated signaling pathway"
29,-0.00802311926558968,"Up",0.746260799801171,0.996944727953093,"GO:1903409","reactive oxygen species biosynthetic process"
23,0.0339623073947879,"Down",0.746717944324401,0.996944727953093,"GO:0009311","oligosaccharide metabolic process"
18,-0.0134878511941011,"Down",0.746963509089962,0.996944727953093,"GO:0007026","negative regulation of microtubule depolymerization"
117,-0.00270663216634693,"Down",0.747952350596534,0.996944727953093,"GO:0051259","protein complex oligomerization"
93,0.0186644900961517,"Down",0.7480191849905,0.996944727953093,"GO:0031960","response to corticosteroid"
56,0.0106403439791061,"Down",0.748191294866831,0.996944727953093,"GO:0044344","cellular response to fibroblast growth factor stimulus"
25,0.0543849575392923,"Down",0.748383040142603,0.996944727953093,"GO:0060711","labyrinthine layer development"
52,0.0506458055027342,"Down",0.748550176241877,0.996944727953093,"GO:0001824","blastocyst development"
32,0.00264715494301586,"Down",0.74944664007305,0.996944727953093,"GO:0044788","modulation by host of viral process"
16,0.0588996337100195,"Down",0.749682634192126,0.996944727953093,"GO:0007097","nuclear migration"
106,0.0317162170898376,"Down",0.749810333768416,0.996944727953093,"GO:0090596","sensory organ morphogenesis"
23,0.0246302693745617,"Up",0.749913280635454,0.996944727953093,"GO:0002714","positive regulation of B cell mediated immunity"
23,0.0246302693745617,"Up",0.749913280635454,0.996944727953093,"GO:0002891","positive regulation of immunoglobulin mediated immune response"
37,-0.00109245321549955,"Down",0.750178607487621,0.996944727953093,"GO:1903317","regulation of protein maturation"
197,0.00780117631349589,"Up",0.750183142953876,0.996944727953093,"GO:0070661","leukocyte proliferation"
20,-0.0258911163712187,"Up",0.750502877818956,0.996944727953093,"GO:0006929","substrate-dependent cell migration"
191,0.000915625587795629,"Up",0.751601569295562,0.996944727953093,"GO:0006869","lipid transport"
65,0.0395572779614295,"Up",0.751606573649208,0.996944727953093,"GO:0010717","regulation of epithelial to mesenchymal transition"
17,-0.000211307471032492,"Up",0.751724144604937,0.996944727953093,"GO:0051457","maintenance of protein location in nucleus"
86,0.0197207176576061,"Up",0.752244248688751,0.996944727953093,"GO:0071621","granulocyte chemotaxis"
20,0.0244678467157362,"Up",0.752637607380968,0.996944727953093,"GO:0032232","negative regulation of actin filament bundle assembly"
280,0.0519379724360704,"Up",0.752729076709947,0.996944727953093,"GO:0034248","regulation of cellular amide metabolic process"
178,0.124676047811328,"Up",0.752862132885993,0.996944727953093,"GO:0043062","extracellular structure organization"
55,0.0475130060509625,"Up",0.753114725817989,0.996944727953093,"GO:0042147","retrograde transport, endosome to Golgi"
23,-0.0168393702153801,"Down",0.753234585732507,0.996944727953093,"GO:0016242","negative regulation of macroautophagy"
30,0.0303050625879467,"Down",0.753341715506439,0.996944727953093,"GO:0072132","mesenchyme morphogenesis"
60,0.048138631760938,"Up",0.753883318215625,0.996944727953093,"GO:0033627","cell adhesion mediated by integrin"
152,0.0535741018690236,"Up",0.753884360547218,0.996944727953093,"GO:0007160","cell-matrix adhesion"
63,2.49771578505547e-05,"Up",0.75446298503494,0.996944727953093,"GO:0110020","regulation of actomyosin structure organization"
28,0.162866768493899,"Up",0.755488943723714,0.996944727953093,"GO:0006458","'de novo' protein folding"
46,0.0213486431101895,"Down",0.75578109418436,0.996944727953093,"GO:0045833","negative regulation of lipid metabolic process"
37,0.0192426001551887,"Down",0.755873262859242,0.996944727953093,"GO:1900076","regulation of cellular response to insulin stimulus"
85,0.0280229235603103,"Down",0.755982015720933,0.996944727953093,"GO:0043583","ear development"
31,-0.0175268030664169,"Up",0.756136778562211,0.996944727953093,"GO:0045058","T cell selection"
88,0.00964827387711601,"Down",0.756487257739954,0.996944727953093,"GO:0010508","positive regulation of autophagy"
177,0.124855808831256,"Up",0.756520017502573,0.996944727953093,"GO:0030198","extracellular matrix organization"
177,0.124855808831256,"Up",0.756520017502573,0.996944727953093,"GO:0045229","external encapsulating structure organization"
87,0.0165056996875747,"Down",0.757020904880201,0.996944727953093,"GO:0007219","Notch signaling pathway"
23,0.117037049579192,"Down",0.757326273214916,0.996944727953093,"GO:0051973","positive regulation of telomerase activity"
23,0.0491914038015862,"Up",0.757578045605299,0.996944727953093,"GO:0046148","pigment biosynthetic process"
33,0.120702512347789,"Up",0.757721757468303,0.996944727953093,"GO:0006984","ER-nucleus signaling pathway"
43,0.00803317834540478,"Up",0.758067946735985,0.996944727953093,"GO:0006112","energy reserve metabolic process"
27,0.00658063531349256,"Up",0.758417090633061,0.996944727953093,"GO:0071604","transforming growth factor beta production"
133,0.00294679268003773,"Up",0.758439878074017,0.996944727953093,"GO:0006469","negative regulation of protein kinase activity"
52,0.0228944132817969,"Down",0.758532485559308,0.996944727953093,"GO:0035194","post-transcriptional gene silencing by RNA"
24,-0.000167490098525641,"Down",0.758641303226925,0.996944727953093,"GO:0051642","centrosome localization"
20,-0.0237756037682383,"Up",0.758945936111365,0.996944727953093,"GO:2000758","positive regulation of peptidyl-lysine acetylation"
24,0.217276197702729,"Up",0.759161383405745,0.996944727953093,"GO:0019226","transmission of nerve impulse"
25,-0.0200385064376923,"Down",0.759402114141341,0.996944727953093,"GO:0001953","negative regulation of cell-matrix adhesion"
23,0.0626774059921822,"Up",0.760095461205383,0.996944727953093,"GO:2001222","regulation of neuron migration"
104,0.0441035002744542,"Up",0.761096677034451,0.996944727953093,"GO:0050792","regulation of viral process"
74,-0.00426202135557521,"Up",0.761180296355968,0.996944727953093,"GO:2001257","regulation of cation channel activity"
83,0.0424966400374371,"Down",0.761383451971714,0.996944727953093,"GO:0021543","pallium development"
53,-0.00263812985819168,"Up",0.761483703311309,0.996944727953093,"GO:0007605","sensory perception of sound"
41,0.00411869290035245,"Up",0.761606705284227,0.996944727953093,"GO:0006611","protein export from nucleus"
47,-0.00817576254427623,"Down",0.761617269886659,0.996944727953093,"GO:0043266","regulation of potassium ion transport"
50,0.0598595692574514,"Up",0.761645008883052,0.996944727953093,"GO:0072665","protein localization to vacuole"
50,0.0400177826022334,"Down",0.761831871465493,0.996944727953093,"GO:0001892","embryonic placenta development"
97,0.0321212717110953,"Up",0.76186359862929,0.996944727953093,"GO:0002822","regulation of adaptive immune response based on somatic recombination of immune receptors built from immunoglobulin superfamily domains"
84,0.0347853800774936,"Down",0.761881541925416,0.996944727953093,"GO:0009411","response to UV"
90,0.00933730433643094,"Up",0.762190359053203,0.996944727953093,"GO:0099003","vesicle-mediated transport in synapse"
37,0.0319044596998073,"Down",0.762303815179777,0.996944727953093,"GO:0021675","nerve development"
20,0.252808653247805,"Up",0.762701944336932,0.996944727953093,"GO:2000765","regulation of cytoplasmic translation"
60,0.0613673366264984,"Up",0.762887430267835,0.996944727953093,"GO:0002824","positive regulation of adaptive immune response based on somatic recombination of immune receptors built from immunoglobulin superfamily domains"
17,0.0424979669857189,"Down",0.763136243546525,0.996944727953093,"GO:0060306","regulation of membrane repolarization"
63,0.0527718409656884,"Down",0.764255631276421,0.996944727953093,"GO:0003206","cardiac chamber morphogenesis"
71,0.0289118130545585,"Down",0.765269539945166,0.996944727953093,"GO:0048839","inner ear development"
31,0.0615883233379388,"Up",0.765361601590407,0.996944727953093,"GO:0001912","positive regulation of leukocyte mediated cytotoxicity"
223,0.0154348857689172,"Up",0.765382348836038,0.996944727953093,"GO:0048732","gland development"
59,0.0258214577303764,"Down",0.766027368323664,0.996944727953093,"GO:0030510","regulation of BMP signaling pathway"
22,0.168064064742278,"Down",0.766038994385194,0.996944727953093,"GO:0051123","RNA polymerase II preinitiation complex assembly"
60,0.00917761969849648,"Down",0.766341292847463,0.996944727953093,"GO:0042157","lipoprotein metabolic process"
80,0.0173849526467941,"Up",0.767302968371601,0.996944727953093,"GO:0035051","cardiocyte differentiation"
417,0.0253159507988404,"Down",0.767561322781454,0.996944727953093,"GO:0016567","protein ubiquitination"
31,0.0493139121269425,"Up",0.767718267437883,0.996944727953093,"GO:0034205","amyloid-beta formation"
96,0.0294572353441167,"Down",0.767721022815999,0.996944727953093,"GO:0001935","endothelial cell proliferation"
20,0.132464371583259,"Up",0.768181470178712,0.996944727953093,"GO:0001945","lymph vessel development"
101,0.0199648806285889,"Down",0.7683426725918,0.996944727953093,"GO:0048015","phosphatidylinositol-mediated signaling"
16,0.0846287447324157,"Up",0.768667597519738,0.996944727953093,"GO:0045589","regulation of regulatory T cell differentiation"
42,0.00838909537228231,"Up",0.76920106605519,0.996944727953093,"GO:0055006","cardiac cell development"
70,0.0457150215153647,"Down",0.769267939885223,0.996944727953093,"GO:0030902","hindbrain development"
98,0.0305037816764487,"Down",0.769392562538524,0.996944727953093,"GO:0019827","stem cell population maintenance"
22,0.0246113892865941,"Down",0.769402588322555,0.996944727953093,"GO:0035335","peptidyl-tyrosine dephosphorylation"
42,0.0178920593535164,"Down",0.769604978264473,0.996944727953093,"GO:0014743","regulation of muscle hypertrophy"
15,0.0218194228763387,"Up",0.769954792776565,0.996944727953093,"GO:0032094","response to food"
85,0.0159387629157288,"Down",0.770051922312294,0.996944727953093,"GO:0001505","regulation of neurotransmitter levels"
17,0.00745164770336149,"Down",0.77008161382381,0.996944727953093,"GO:0010971","positive regulation of G2/M transition of mitotic cell cycle"
55,0.00332100036461389,"Down",0.770138795199465,0.996944727953093,"GO:0070664","negative regulation of leukocyte proliferation"
316,0.0402853159870792,"Up",0.770696708633615,0.996944727953093,"GO:0010608","post-transcriptional regulation of gene expression"
352,0.0229849833893638,"Up",0.770870288019662,0.996944727953093,"GO:0045596","negative regulation of cell differentiation"
31,0.0358047460781955,"Up",0.771613689492682,0.996944727953093,"GO:0006721","terpenoid metabolic process"
85,0.0242100763987966,"Down",0.771734252558928,0.996944727953093,"GO:0110148","biomineralization"
43,0.0468243227622638,"Up",0.772063016306896,0.996944727953093,"GO:0042509","regulation of tyrosine phosphorylation of STAT protein"
119,0.0160547624789867,"Down",0.772446189062486,0.996944727953093,"GO:0032869","cellular response to insulin stimulus"
27,0.00791063785219486,"Up",0.772878075337053,0.996944727953093,"GO:1990000","amyloid fibril formation"
16,0.0803766611936107,"Down",0.772984725646974,0.996944727953093,"GO:1902993","positive regulation of amyloid precursor protein catabolic process"
238,0.0060339307770437,"Up",0.772990727205539,0.996944727953093,"GO:0030098","lymphocyte differentiation"
52,-0.00209818308949599,"Down",0.773364484033967,0.996944727953093,"GO:0007613","memory"
15,0.124347353959453,"Down",0.773428968148324,0.996944727953093,"GO:0046717","acid secretion"
35,0.139281486750182,"Down",0.773549927338236,0.996944727953093,"GO:0006406","mRNA export from nucleus"
17,0.0394164617223205,"Down",0.773862370669492,0.996944727953093,"GO:0099622","cardiac muscle cell membrane repolarization"
52,-0.00144163722681403,"Down",0.77413602819876,0.996944727953093,"GO:0010389","regulation of G2/M transition of mitotic cell cycle"
66,-0.000333433536368216,"Up",0.774234413571443,0.996944727953093,"GO:0032612","interleukin-1 production"
66,-0.000333433536368216,"Up",0.774234413571443,0.996944727953093,"GO:0032652","regulation of interleukin-1 production"
32,0.0296835669473278,"Down",0.774303329199412,0.996944727953093,"GO:0050918","positive chemotaxis"
33,-0.0138475529454128,"Down",0.774850356977737,0.996944727953093,"GO:0007631","feeding behavior"
34,-0.0151322727947962,"Up",0.775334039427182,0.996944727953093,"GO:2001259","positive regulation of cation channel activity"
15,0.121542283482763,"Down",0.775376356982414,0.996944727953093,"GO:0035458","cellular response to interferon-beta"
16,0.108984116874031,"Down",0.775451756284427,0.996944727953093,"GO:2000316","regulation of T-helper 17 type immune response"
50,0.00719401862552465,"Down",0.775506766735599,0.996944727953093,"GO:0010906","regulation of glucose metabolic process"
192,0.0103525469241571,"Up",0.775595057480834,0.996944727953093,"GO:1902105","regulation of leukocyte differentiation"
28,-0.006276656052859,"Up",0.775687434073596,0.996944727953093,"GO:0032768","regulation of monooxygenase activity"
30,0.0275951337220712,"Up",0.775951876579661,0.996944727953093,"GO:0051985","negative regulation of chromosome segregation"
30,0.0275951337220712,"Up",0.775951876579661,0.996944727953093,"GO:1905819","negative regulation of chromosome separation"
265,0.0377077790531913,"Up",0.775953475540073,0.996944727953093,"GO:0061564","axon development"
152,0.0217183425184302,"Up",0.776653332579129,0.996944727953093,"GO:0043542","endothelial cell migration"
46,0.0244489938077002,"Down",0.776680659438853,0.996944727953093,"GO:0006513","protein monoubiquitination"
152,0.00131832740730477,"Up",0.776961223843852,0.996944727953093,"GO:0007163","establishment or maintenance of cell polarity"
15,0.0691708219020596,"Up",0.777229916766015,0.996944727953093,"GO:0090659","walking behavior"
23,0.0479492160666957,"Down",0.777526022537362,0.996944727953093,"GO:1900047","negative regulation of hemostasis"
32,0.0745548657456268,"Up",0.777627237160331,0.996944727953093,"GO:0043903","regulation of biological process involved in symbiotic interaction"
32,0.0745548657456268,"Up",0.777627237160331,0.996944727953093,"GO:0052372","modulation by symbiont of entry into host"
26,0.0372841385315438,"Down",0.777699184598392,0.996944727953093,"GO:1901976","regulation of cell cycle checkpoint"
144,0.00293851654547148,"Up",0.777755444782228,0.996944727953093,"GO:0033673","negative regulation of kinase activity"
23,0.00495879231872293,"Down",0.778037491782583,0.996944727953093,"GO:0031057","negative regulation of histone modification"
54,0.119287146314741,"Down",0.77814158826935,0.996944727953093,"GO:1903312","negative regulation of mRNA metabolic process"
85,0.00623349539922638,"Up",0.778297680845849,0.996944727953093,"GO:0044839","cell cycle G2/M phase transition"
84,0.0236001000488913,"Down",0.778342705577702,0.996944727953093,"GO:0031214","biomineral tissue development"
18,0.0384575707250989,"Down",0.778548603032913,0.996944727953093,"GO:0070633","transepithelial transport"
16,-0.0295695528830376,"Up",0.778550630906662,0.996944727953093,"GO:1904706","negative regulation of vascular associated smooth muscle cell proliferation"
34,0.0298944728755521,"Up",0.778680048529586,0.996944727953093,"GO:0043954","cellular component maintenance"
20,0.0649567041338097,"Down",0.779244381267133,0.996944727953093,"GO:0010613","positive regulation of cardiac muscle hypertrophy"
20,0.0649567041338097,"Down",0.779244381267133,0.996944727953093,"GO:0014742","positive regulation of muscle hypertrophy"
20,-0.024235233395296,"Down",0.779390038379746,0.996944727953093,"GO:0031114","regulation of microtubule depolymerization"
15,-0.0240906892972187,"Down",0.779613452425317,0.996944727953093,"GO:0015813","L-glutamate transmembrane transport"
15,-0.0240906892972187,"Down",0.779613452425317,0.996944727953093,"GO:0051938","L-glutamate import"
49,0.00875921822289053,"Down",0.779728981516386,0.996944727953093,"GO:0010633","negative regulation of epithelial cell migration"
104,0.0185933574427293,"Down",0.779968733125914,0.996944727953093,"GO:0048017","inositol lipid-mediated signaling"
78,0.0342596820986514,"Up",0.780401107911943,0.996944727953093,"GO:0045446","endothelial cell differentiation"
27,0.0431338071022719,"Down",0.780509672935319,0.996944727953093,"GO:0007528","neuromuscular junction development"
28,0.0449910963577437,"Up",0.780566194520346,0.996944727953093,"GO:0033013","tetrapyrrole metabolic process"
41,0.00845924673735557,"Down",0.780941120035379,0.996944727953093,"GO:0032387","negative regulation of intracellular transport"
38,0.0186896639283085,"Up",0.781965057400085,0.996944727953093,"GO:0008333","endosome to lysosome transport"
17,-0.0212167174175604,"Up",0.782957773122132,0.996944727953093,"GO:0035025","positive regulation of Rho protein signal transduction"
51,0.0996671064255016,"Up",0.783270828507205,0.996944727953093,"GO:0006368","transcription elongation by RNA polymerase II promoter"
16,-0.00634729502451277,"Up",0.783471884748057,0.996944727953093,"GO:0045214","sarcomere organization"
397,0.00791499330285378,"Up",0.783541192142214,0.996944727953093,"GO:0008285","negative regulation of cell population proliferation"
24,0.122141042499742,"Up",0.783582770227548,0.996944727953093,"GO:0006383","transcription by RNA polymerase III"
106,0.0126860794828914,"Up",0.783623517050873,0.996944727953093,"GO:0045580","regulation of T cell differentiation"
15,0.0272354843245798,"Up",0.783864196423997,0.996944727953093,"GO:0110110","positive regulation of animal organ morphogenesis"
18,0.0772335936249573,"Down",0.784386190473613,0.996944727953093,"GO:0051155","positive regulation of striated muscle cell differentiation"
304,0.00745448511560607,"Down",0.785084233898232,0.996944727953093,"GO:0000226","microtubule cytoskeleton organization"
37,-0.00497943147231641,"Down",0.785088661125862,0.996944727953093,"GO:0060998","regulation of dendritic spine development"
91,0.0157191698825886,"Up",0.785489126516647,0.996944727953093,"GO:0031056","regulation of histone modification"
29,0.179759287247224,"Down",0.785579318421356,0.996944727953093,"GO:0060260","regulation of transcription initiation by RNA polymerase II"
22,0.080782589405999,"Up",0.785588478634956,0.996944727953093,"GO:0021536","diencephalon development"
34,0.0221871168761006,"Up",0.785740335710786,0.996944727953093,"GO:0051784","negative regulation of nuclear division"
25,0.0781055739934821,"Down",0.785992472933251,0.996944727953093,"GO:0008608","attachment of spindle microtubules to kinetochore"
257,0.0197568927528181,"Up",0.786529782414555,0.996944727953093,"GO:1901361","organic cyclic compound catabolic process"
74,0.0154342653732404,"Up",0.787400444751679,0.996944727953093,"GO:0002705","positive regulation of leukocyte mediated immunity"
50,0.00789733856651979,"Up",0.788121168115884,0.996944727953093,"GO:0051591","response to cAMP"
20,0.276759488827851,"Up",0.788303082269197,0.996944727953093,"GO:0061844","antimicrobial humoral immune response mediated by antimicrobial peptide"
74,0.0218136328066407,"Down",0.788557893310964,0.996944727953093,"GO:0045667","regulation of osteoblast differentiation"
44,-0.0133247796519916,"Up",0.788620699413863,0.996944727953093,"GO:1901019","regulation of calcium ion transmembrane transporter activity"
29,0.100544015869694,"Down",0.788724716375057,0.996944727953093,"GO:0051972","regulation of telomerase activity"
26,0.0368348038986716,"Down",0.789077656702257,0.996944727953093,"GO:0070536","protein K63-linked deubiquitination"
161,0.0127073915109879,"Down",0.789206297254851,0.996944727953093,"GO:0048638","regulation of developmental growth"
18,-0.0348267421272439,"Up",0.789247047495157,0.996944727953093,"GO:0060765","regulation of androgen receptor signaling pathway"
88,0.0487888344095545,"Down",0.789607518996431,0.996944727953093,"GO:0006475","internal protein amino acid acetylation"
399,0.0206899549775551,"Up",0.789892647225155,0.996944727953093,"GO:0000904","cell morphogenesis involved in differentiation"
61,0.155703871557684,"Up",0.789912101319316,0.996944727953093,"GO:0006352","DNA-templated transcription initiation"
217,0.000982582396194574,"Up",0.789963580428076,0.996944727953093,"GO:0062197","cellular response to chemical stress"
68,0.0767966675414608,"Down",0.790172962860522,0.996944727953093,"GO:2000779","regulation of double-strand break repair"
252,0.125877340967028,"Up",0.790184335947859,0.996944727953093,"GO:0008380","RNA splicing"
206,0.0263327674771542,"Up",0.790520969176884,0.996944727953093,"GO:0042692","muscle cell differentiation"
90,0.00447996469953318,"Up",0.791132260949005,0.996944727953093,"GO:0030177","positive regulation of Wnt signaling pathway"
90,0.0189937850100985,"Down",0.791211335228224,0.996944727953093,"GO:0019079","viral genome replication"
24,-0.0255426295733759,"Up",0.79150706577244,0.996944727953093,"GO:0033144","negative regulation of intracellular steroid hormone receptor signaling pathway"
16,0.00234422083141975,"Up",0.791549843607241,0.996944727953093,"GO:0090330","regulation of platelet aggregation"
151,0.0517120243828085,"Down",0.791885058674536,0.996944727953093,"GO:0061448","connective tissue development"
36,0.0222731708189801,"Down",0.791918082603793,0.996944727953093,"GO:0043966","histone H3 acetylation"
35,-0.00171961819567763,"Up",0.792323897748588,0.996944727953093,"GO:0002712","regulation of B cell mediated immunity"
35,-0.00171961819567763,"Up",0.792323897748588,0.996944727953093,"GO:0002889","regulation of immunoglobulin mediated immune response"
28,0.027355465136839,"Down",0.792573922598784,0.996944727953093,"GO:0006623","protein targeting to vacuole"
89,0.0340358746934207,"Up",0.792726635930741,0.996944727953093,"GO:0045664","regulation of neuron differentiation"
93,0.0486565681267295,"Down",0.794493855778368,0.996944727953093,"GO:2001022","positive regulation of response to DNA damage stimulus"
15,0.0678815403326142,"Down",0.794644011399903,0.996944727953093,"GO:0002717","positive regulation of natural killer cell mediated immunity"
21,0.0446130566416963,"Down",0.794696322901947,0.996944727953093,"GO:0030513","positive regulation of BMP signaling pathway"
56,0.0738027422963319,"Up",0.794774201881784,0.996944727953093,"GO:1901890","positive regulation of cell junction assembly"
19,0.133793296224359,"Down",0.795641335699361,0.996944727953093,"GO:0006284","base-excision repair"
59,0.0129733097214984,"Up",0.795792146454752,0.996944727953093,"GO:0051702","biological process involved in interaction with symbiont"
18,0.134787423481083,"Down",0.79633441225421,0.996944727953093,"GO:0021801","cerebral cortex radial glia-guided migration"
18,0.134787423481083,"Down",0.79633441225421,0.996944727953093,"GO:0022030","telencephalon glial cell migration"
20,0.0309383696333894,"Up",0.796399596569445,0.996944727953093,"GO:0090313","regulation of protein targeting to membrane"
120,0.0433063973930579,"Down",0.796969275915716,0.996944727953093,"GO:2000113","negative regulation of cellular macromolecule biosynthetic process"
26,0.0111953963762287,"Up",0.797299573783967,0.996944727953093,"GO:0045577","regulation of B cell differentiation"
202,0.00925214987652303,"Up",0.797517271150301,0.996944727953093,"GO:2000146","negative regulation of cell motility"
152,0.0219468224239605,"Up",0.79764238996534,0.996944727953093,"GO:0090092","regulation of transmembrane receptor protein serine/threonine kinase signaling pathway"
36,-0.00410648064172409,"Down",0.797664463588184,0.996944727953093,"GO:0014009","glial cell proliferation"
18,0.0168839120659501,"Down",0.79774760705813,0.996944727953093,"GO:2000648","positive regulation of stem cell proliferation"
18,0.054372376233167,"Down",0.798109865153715,0.996944727953093,"GO:0060674","placenta blood vessel development"
26,0.15746272894721,"Down",0.798130481391055,0.996944727953093,"GO:0006334","nucleosome assembly"
284,0.0240078341065363,"Up",0.79830183076467,0.996944727953093,"GO:0003013","circulatory system process"
30,0.0926335768459563,"Down",0.798480589643227,0.996944727953093,"GO:0048255","mRNA stabilization"
62,0.0463869103460754,"Down",0.798860773588318,0.996944727953093,"GO:0071347","cellular response to interleukin-1"
29,0.0391268757857797,"Up",0.799023406570937,0.996944727953093,"GO:0033046","negative regulation of sister chromatid segregation"
29,0.0391268757857797,"Up",0.799023406570937,0.996944727953093,"GO:0033048","negative regulation of mitotic sister chromatid segregation"
29,0.0391268757857797,"Up",0.799023406570937,0.996944727953093,"GO:2000816","negative regulation of mitotic sister chromatid separation"
63,0.0634487906325062,"Up",0.799048187974785,0.996944727953093,"GO:0021782","glial cell development"
77,0.0191831538137457,"Up",0.799276121016365,0.996944727953093,"GO:0006937","regulation of muscle contraction"
122,0.0221178205816715,"Up",0.799310579068859,0.996944727953093,"GO:0031032","actomyosin structure organization"
48,0.0283726823422762,"Down",0.799707189998554,0.996944727953093,"GO:0048708","astrocyte differentiation"
22,0.00819636763882896,"Down",0.799975948972815,0.996944727953093,"GO:0050999","regulation of nitric-oxide synthase activity"
36,-0.00160220589112913,"Down",0.800085957838833,0.996944727953093,"GO:0043506","regulation of JUN kinase activity"
17,0.00644036133125923,"Up",0.80037380567156,0.996944727953093,"GO:0051180","vitamin transport"
25,0.168268270152306,"Up",0.800599259787248,0.996944727953093,"GO:0032212","positive regulation of telomere maintenance via telomerase"
38,0.005793660610619,"Up",0.801049374591616,0.996944727953093,"GO:0006073","cellular glucan metabolic process"
38,0.005793660610619,"Up",0.801049374591616,0.996944727953093,"GO:0044042","glucan metabolic process"
20,0.00769049896487339,"Up",0.801111449521256,0.996944727953093,"GO:0036474","cell death in response to hydrogen peroxide"
185,0.119791246397212,"Up",0.801114135222497,0.996944727953093,"GO:0034470","ncRNA processing"
55,0.00594886566946999,"Up",0.801188921434587,0.996944727953093,"GO:0050905","neuromuscular process"
23,0.138903516029717,"Down",0.801288469205173,0.996944727953093,"GO:0033119","negative regulation of RNA splicing"
19,0.0599401767428483,"Up",0.801774158365686,0.996944727953093,"GO:0048663","neuron fate commitment"
65,0.0164702645596615,"Down",0.801786253227654,0.996944727953093,"GO:1903321","negative regulation of protein modification by small protein conjugation or removal"
52,0.0331954169232281,"Down",0.802456137058753,0.996944727953093,"GO:0002028","regulation of sodium ion transport"
20,0.115803663839275,"Down",0.80256838186474,0.996944727953093,"GO:0010824","regulation of centrosome duplication"
38,0.0478617996506782,"Down",0.802740935135949,0.996944727953093,"GO:0051058","negative regulation of small GTPase mediated signal transduction"
28,-0.0122099762422031,"Up",0.802765610258894,0.996944727953093,"GO:0010543","regulation of platelet activation"
58,0.0129245624213607,"Up",0.803156200021637,0.996944727953093,"GO:0014812","muscle cell migration"
261,0.0146761410171431,"Down",0.803758579853235,0.996944727953093,"GO:0044772","mitotic cell cycle phase transition"
40,0.118275798713047,"Up",0.803820996225914,0.996944727953093,"GO:0061035","regulation of cartilage development"
28,0.0274061582120263,"Up",0.804057897977135,0.996944727953093,"GO:0006940","regulation of smooth muscle contraction"
28,-0.0136209366995354,"Down",0.804912320489157,0.996944727953093,"GO:0032715","negative regulation of interleukin-6 production"
25,0.0253387451218913,"Down",0.805161263650586,0.996944727953093,"GO:0044818","mitotic G2/M transition checkpoint"
43,0.0122189223904693,"Up",0.805176843336083,0.996944727953093,"GO:0002027","regulation of heart rate"
118,0.0171202703474258,"Up",0.805821855606646,0.996944727953093,"GO:1902107","positive regulation of leukocyte differentiation"
118,0.0171202703474258,"Up",0.805821855606646,0.996944727953093,"GO:1903708","positive regulation of hemopoiesis"
31,0.024890575015714,"Down",0.805897872181027,0.996944727953093,"GO:0051145","smooth muscle cell differentiation"
24,0.0186845565172647,"Down",0.806039091649389,0.996944727953093,"GO:2000300","regulation of synaptic vesicle exocytosis"
15,0.002512668579763,"Down",0.806179026025478,0.996944727953093,"GO:1905820","positive regulation of chromosome separation"
20,-0.0135825122610309,"Down",0.807479354962633,0.996944727953093,"GO:0000731","DNA synthesis involved in DNA repair"
149,0.00803847668052102,"Down",0.80832512381669,0.996944727953093,"GO:0060828","regulation of canonical Wnt signaling pathway"
17,0.0682518909457491,"Up",0.808983107919189,0.996944727953093,"GO:0009649","entrainment of circadian clock"
17,0.0701900977476713,"Up",0.809166257808694,0.996944727953093,"GO:0070861","regulation of protein exit from endoplasmic reticulum"
28,0.0340092382410642,"Up",0.809687709590356,0.996944727953093,"GO:0060425","lung morphogenesis"
244,0.0158847308831127,"Up",0.809809406412104,0.996944727953093,"GO:0010975","regulation of neuron projection development"
15,0.0531787931477082,"Down",0.810133063732554,0.996944727953093,"GO:0045823","positive regulation of heart contraction"
15,0.0531787931477082,"Down",0.810133063732554,0.996944727953093,"GO:1903524","positive regulation of blood circulation"
28,0.0111891569639038,"Up",0.810393066671259,0.996944727953093,"GO:1901607","alpha-amino acid biosynthetic process"
125,0.044678626227877,"Down",0.810469021905782,0.996944727953093,"GO:0003007","heart morphogenesis"
104,0.0804092748324336,"Down",0.810596599785801,0.996944727953093,"GO:0051216","cartilage development"
363,0.0219215135598321,"Up",0.810939579037125,0.996944727953093,"GO:0032990","cell part morphogenesis"
44,0.0794200064636484,"Down",0.811034507677722,0.996944727953093,"GO:0048844","artery morphogenesis"
28,0.0168686664710938,"Up",0.811131096366266,0.996944727953093,"GO:0031577","spindle checkpoint signaling"
18,0.156766420137991,"Down",0.81131987940327,0.996944727953093,"GO:0032205","negative regulation of telomere maintenance"
27,0.174808299948992,"Up",0.811390053934712,0.996944727953093,"GO:0032964","collagen biosynthetic process"
45,0.0133331839120568,"Down",0.811679636872679,0.996944727953093,"GO:1904892","regulation of receptor signaling pathway via STAT"
19,0.101153874447144,"Down",0.811724875209443,0.996944727953093,"GO:1905168","positive regulation of double-strand break repair via homologous recombination"
24,-0.00916763954865327,"Down",0.81180101956584,0.996944727953093,"GO:1903426","regulation of reactive oxygen species biosynthetic process"
28,0.0503444477499295,"Up",0.81218820204162,0.996944727953093,"GO:0060147","regulation of post-transcriptional gene silencing"
18,0.112229365850064,"Up",0.812246151185906,0.996944727953093,"GO:0048710","regulation of astrocyte differentiation"
19,0.000349056857682186,"Down",0.812377493451462,0.996944727953093,"GO:0035510","DNA dealkylation"
22,0.0274450613970977,"Down",0.812493031038886,0.996944727953093,"GO:0070741","response to interleukin-6"
485,0.00467296133592854,"Up",0.813000183193062,0.996944727953093,"GO:0010562","positive regulation of phosphorus metabolic process"
485,0.00467296133592854,"Up",0.813000183193062,0.996944727953093,"GO:0045937","positive regulation of phosphate metabolic process"
23,-0.00228248687189175,"Up",0.813360521396855,0.996944727953093,"GO:1901889","negative regulation of cell junction assembly"
45,0.00858882390009652,"Up",0.813362000386194,0.996944727953093,"GO:0051303","establishment of chromosome localization"
97,0.00594286525120848,"Down",0.813797829395368,0.996944727953093,"GO:0051250","negative regulation of lymphocyte activation"
228,0.00241325908379506,"Down",0.813891103237807,0.996944727953093,"GO:0043434","response to peptide hormone"
41,0.0192463161620744,"Up",0.814224346758507,0.996944727953093,"GO:0046824","positive regulation of nucleocytoplasmic transport"
92,0.0288000149059891,"Up",0.814625423971061,0.996944727953093,"GO:0003158","endothelium development"
33,0.0328890530329916,"Down",0.81509827881852,0.996944727953093,"GO:0046580","negative regulation of Ras protein signal transduction"
20,0.00303686748026326,"Down",0.815102041585793,0.996944727953093,"GO:0051154","negative regulation of striated muscle cell differentiation"
21,0.0135149754053136,"Down",0.815232389103457,0.996944727953093,"GO:0030511","positive regulation of transforming growth factor beta receptor signaling pathway"
21,0.0135149754053136,"Down",0.815232389103457,0.996944727953093,"GO:1903846","positive regulation of cellular response to transforming growth factor beta stimulus"
25,0.0155713204730172,"Up",0.815411018557064,0.996944727953093,"GO:0051445","regulation of meiotic cell cycle"
229,0.0508942390551265,"Up",0.815591671374554,0.996944727953093,"GO:0034329","cell junction assembly"
29,0.0356333284773221,"Up",0.816072893928569,0.996944727953093,"GO:0006805","xenobiotic metabolic process"
71,0.121846998317871,"Down",0.816643909099342,0.996944727953093,"GO:0051028","mRNA transport"
58,-0.00543365802651462,"Down",0.816833609895789,0.996944727953093,"GO:0043473","pigmentation"
211,0.0152789562350358,"Up",0.817017978621407,0.996944727953093,"GO:0003012","muscle system process"
45,0.0402672289815238,"Up",0.817176742627072,0.996944727953093,"GO:0007260","tyrosine phosphorylation of STAT protein"
32,0.0222731622149137,"Up",0.817295806658159,0.996944727953093,"GO:0045839","negative regulation of mitotic nuclear division"
17,0.00119477964162652,"Up",0.817950950134187,0.996944727953093,"GO:1904893","negative regulation of receptor signaling pathway via STAT"
25,0.00649083046015368,"Up",0.817996895508637,0.996944727953093,"GO:0051055","negative regulation of lipid biosynthetic process"
25,-0.0204872123923452,"Up",0.819101907118629,0.996944727953093,"GO:0010559","regulation of glycoprotein biosynthetic process"
28,0.14058336200754,"Down",0.819587318895906,0.996944727953093,"GO:0051965","positive regulation of synapse assembly"
55,0.0838031760039323,"Down",0.819965588547455,0.996944727953093,"GO:0014033","neural crest cell differentiation"
17,0.00979468127083016,"Down",0.820377364333639,0.996944727953093,"GO:0044342","type B pancreatic cell proliferation"
19,0.0236047598818999,"Down",0.820380465582302,0.996944727953093,"GO:1902751","positive regulation of cell cycle G2/M phase transition"
25,0.00844055120276582,"Up",0.820413413403366,0.996944727953093,"GO:0097120","receptor localization to synapse"
31,0.0505698947683695,"Up",0.820601075026189,0.996944727953093,"GO:0033628","regulation of cell adhesion mediated by integrin"
17,0.0839400911413632,"Up",0.82101336786565,0.996944727953093,"GO:0045066","regulatory T cell differentiation"
160,0.00585645232119693,"Down",0.821213888739986,0.996944727953093,"GO:0009306","protein secretion"
160,0.00585645232119693,"Down",0.821213888739986,0.996944727953093,"GO:0035592","establishment of protein localization to extracellular region"
15,-0.0138672893893569,"Down",0.821261584776393,0.996944727953093,"GO:0010092","specification of animal organ identity"
17,-0.0120079167030136,"Down",0.821840807398049,0.996944727953093,"GO:1901381","positive regulation of potassium ion transmembrane transport"
32,0.0655302814169471,"Down",0.822117581896047,0.996944727953093,"GO:0050994","regulation of lipid catabolic process"
253,0.0219704302367196,"Down",0.822153562577801,0.996944727953093,"GO:0048285","organelle fission"
41,0.189141180025755,"Up",0.822175736594521,0.996944727953093,"GO:0032206","positive regulation of telomere maintenance"
73,0.0317376041519742,"Down",0.822220179079984,0.996944727953093,"GO:0046632","alpha-beta T cell differentiation"
130,0.00322670858798128,"Up",0.822635833057801,0.996944727953093,"GO:0007548","sex differentiation"
105,0.0318724300097543,"Up",0.822786729694382,0.996944727953093,"GO:0010721","negative regulation of cell development"
26,0.00275981425976266,"Down",0.822951941712489,0.996944727953093,"GO:0048538","thymus development"
38,0.0407991726884369,"Up",0.823060400032159,0.996944727953093,"GO:0016445","somatic diversification of immunoglobulins"
59,0.0470641169561563,"Up",0.823193271581821,0.996944727953093,"GO:0051306","mitotic sister chromatid separation"
21,0.0750441012191452,"Up",0.82393131628038,0.996944727953093,"GO:0061384","heart trabecula morphogenesis"
41,0.0300570309173178,"Up",0.824354152065173,0.996944727953093,"GO:0010718","positive regulation of epithelial to mesenchymal transition"
119,0.0153268463394887,"Up",0.824774875389873,0.996944727953093,"GO:0010594","regulation of endothelial cell migration"
19,0.0445052472142069,"Down",0.824840031403806,0.996944727953093,"GO:0048048","embryonic eye morphogenesis"
27,0.0716571993187196,"Down",0.825021895826266,0.996944727953093,"GO:0035633","maintenance of blood-brain barrier"
492,0.0103955280373714,"Up",0.825347456299279,0.996944727953093,"GO:0040007","growth"
18,-0.0379604842208936,"Down",0.825579614243102,0.996944727953093,"GO:1901385","regulation of voltage-gated calcium channel activity"
79,0.0717564102669474,"Down",0.825778295952611,0.996944727953093,"GO:0007416","synapse assembly"
17,0.0906052779764147,"Up",0.825927587750626,0.996944727953093,"GO:0072010","glomerular epithelium development"
92,0.0263698073449504,"Up",0.826100281355223,0.996944727953093,"GO:0048167","regulation of synaptic plasticity"
29,0.0269952140101906,"Up",0.826327247294605,0.996944727953093,"GO:1902100","negative regulation of metaphase/anaphase transition of cell cycle"
78,0.00362913910456772,"Up",0.826465415591823,0.996944727953093,"GO:0048639","positive regulation of developmental growth"
190,0.0293994457909746,"Up",0.826554343652659,0.996944727953093,"GO:0002237","response to molecule of bacterial origin"
23,0.00944008740234505,"Down",0.8269626947608,0.996944727953093,"GO:0045191","regulation of isotype switching"
57,0.0121527051033276,"Down",0.826976968245254,0.996944727953093,"GO:0071774","response to fibroblast growth factor"
49,0.0843855625299534,"Down",0.827210922810264,0.996944727953093,"GO:2000781","positive regulation of double-strand break repair"
24,-0.00167953166476517,"Up",0.827283218884457,0.996944727953093,"GO:0031112","positive regulation of microtubule polymerization or depolymerization"
175,0.149649969959071,"Up",0.827381687812561,0.996944727953093,"GO:0000377","RNA splicing, via transesterification reactions with bulged adenosine as nucleophile"
175,0.149649969959071,"Up",0.827381687812561,0.996944727953093,"GO:0000398","mRNA splicing, via spliceosome"
54,0.0204618347335201,"Down",0.827467593246931,0.996944727953093,"GO:0048661","positive regulation of smooth muscle cell proliferation"
44,0.112005033922307,"Down",0.827473441138494,0.996944727953093,"GO:1902369","negative regulation of RNA catabolic process"
27,0.0283194443169244,"Down",0.82790800664819,0.996944727953093,"GO:0045601","regulation of endothelial cell differentiation"
29,-0.0161366458034249,"Up",0.827996718820093,0.996944727953093,"GO:0010171","body morphogenesis"
34,0.0929805284577945,"Down",0.828179997514992,0.996944727953093,"GO:0021510","spinal cord development"
85,0.0112158960217851,"Up",0.828270110856997,0.996944727953093,"GO:0032946","positive regulation of mononuclear cell proliferation"
17,0.0373129653764641,"Down",0.828429178949018,0.996944727953093,"GO:0042596","fear response"
143,0.00769050476808005,"Down",0.828703326941446,0.996944727953093,"GO:0097191","extrinsic apoptotic signaling pathway"
22,-0.00564831603204346,"Up",0.83017349180284,0.996944727953093,"GO:0010677","negative regulation of cellular carbohydrate metabolic process"
43,0.0359985294270182,"Down",0.830229283371568,0.996944727953093,"GO:0002548","monocyte chemotaxis"
38,0.00363169017040739,"Up",0.830546671694045,0.996944727953093,"GO:0043536","positive regulation of blood vessel endothelial cell migration"
25,0.0205931269123683,"Down",0.830631494070961,0.996944727953093,"GO:0051898","negative regulation of protein kinase B signaling"
32,0.0129460215211172,"Up",0.830795053163449,0.996944727953093,"GO:0002686","negative regulation of leukocyte migration"
21,-0.0323537038120143,"Up",0.830831408294695,0.996944727953093,"GO:0007176","regulation of epidermal growth factor-activated receptor activity"
30,0.152759427861062,"Up",0.831046190552429,0.996944727953093,"GO:0140467","integrated stress response signaling"
31,0.0337142018924461,"Down",0.831488876720367,0.996944727953093,"GO:0030239","myofibril assembly"
31,0.0337142018924461,"Down",0.831488876720367,0.996944727953093,"GO:0055002","striated muscle cell development"
29,-0.0195473879859495,"Up",0.831667756343131,0.996944727953093,"GO:2000273","positive regulation of signaling receptor activity"
24,0.0519509844298308,"Down",0.831677950374388,0.996944727953093,"GO:0046825","regulation of protein export from nucleus"
30,0.0724587899377561,"Down",0.831718932224787,0.996944727953093,"GO:0006305","DNA alkylation"
30,0.0724587899377561,"Down",0.831718932224787,0.996944727953093,"GO:0006306","DNA methylation"
32,0.023906117895,"Up",0.831805693473674,0.996944727953093,"GO:1902750","negative regulation of cell cycle G2/M phase transition"
53,0.00680689518338682,"Down",0.832114426176876,0.996944727953093,"GO:0046545","development of primary female sexual characteristics"
27,0.08624076239591,"Up",0.832184842148394,0.996944727953093,"GO:0021795","cerebral cortex cell migration"
179,0.152372105308377,"Up",0.83218652994219,0.996944727953093,"GO:0000375","RNA splicing, via transesterification reactions"
18,0.0363365442922984,"Up",0.832853421932493,0.996944727953093,"GO:0010575","positive regulation of vascular endothelial growth factor production"
465,0.0264616383425571,"Down",0.833224731873281,0.996944727953093,"GO:0032446","protein modification by small protein conjugation"
97,0.0168185888349301,"Down",0.833387440863954,0.996944727953093,"GO:1902850","microtubule cytoskeleton organization involved in mitosis"
20,0.00469021800279597,"Down",0.833468696085825,0.996944727953093,"GO:0048286","lung alveolus development"
27,0.0266498008863345,"Up",0.833821756248793,0.996944727953093,"GO:0007094","mitotic spindle assembly checkpoint signaling"
27,0.0266498008863345,"Up",0.833821756248793,0.996944727953093,"GO:0071173","spindle assembly checkpoint signaling"
27,0.0266498008863345,"Up",0.833821756248793,0.996944727953093,"GO:0071174","mitotic spindle checkpoint signaling"
60,0.0207156474034679,"Down",0.834105104225861,0.996944727953093,"GO:0031397","negative regulation of protein ubiquitination"
160,0.0646859411154819,"Up",0.834199634641389,0.996944727953093,"GO:0051607","defense response to virus"
160,0.0646859411154819,"Up",0.834199634641389,0.996944727953093,"GO:0140546","defense response to symbiont"
145,0.0109905962500511,"Up",0.834326295582232,0.996944727953093,"GO:0019932","second-messenger-mediated signaling"
18,0.0241629106967519,"Up",0.834355161202499,0.996944727953093,"GO:0009225","nucleotide-sugar metabolic process"
74,0.0411406606659498,"Up",0.834356190038647,0.996944727953093,"GO:0000045","autophagosome assembly"
441,0.0285193744594297,"Up",0.834437655213015,0.996944727953093,"GO:0001944","vasculature development"
19,0.0290989703967037,"Down",0.834480198213835,0.996944727953093,"GO:2000737","negative regulation of stem cell differentiation"
92,0.030856206184239,"Down",0.834490350780282,0.996944727953093,"GO:0090305","nucleic acid phosphodiester bond hydrolysis"
46,0.0552516963459552,"Down",0.835022241174287,0.996944727953093,"GO:0002292","T cell differentiation involved in immune response"
78,0.00306291741810723,"Down",0.835179884048348,0.996944727953093,"GO:0000086","G2/M transition of mitotic cell cycle"
80,0.0429052401717019,"Down",0.835735331320137,0.996944727953093,"GO:0030856","regulation of epithelial cell differentiation"
25,0.027883400401609,"Up",0.835993666043434,0.996944727953093,"GO:0009126","purine nucleoside monophosphate metabolic process"
23,-0.0291706709995814,"Down",0.836101655208001,0.996944727953093,"GO:0048168","regulation of neuronal synaptic plasticity"
31,0.0235347953333176,"Up",0.836190326543655,0.996944727953093,"GO:0072583","clathrin-dependent endocytosis"
136,0.0202724548266272,"Up",0.837484495313122,0.996944727953093,"GO:0071356","cellular response to tumor necrosis factor"
15,0.11695791105507,"Down",0.837492273307243,0.996944727953093,"GO:0048843","negative regulation of axon extension involved in axon guidance"
77,-0.00154882700896964,"Down",0.837763375156312,0.996944727953093,"GO:0032874","positive regulation of stress-activated MAPK cascade"
18,-0.00774099965261365,"Up",0.837814141546349,0.996944727953093,"GO:0032148","activation of protein kinase B activity"
99,0.0248674783040814,"Down",0.83828864242205,0.996944727953093,"GO:0099173","postsynapse organization"
17,0.0623475237072249,"Up",0.838292035051585,0.996944727953093,"GO:2000191","regulation of fatty acid transport"
77,0.022889695126943,"Up",0.838737030544505,0.996944727953093,"GO:0006941","striated muscle contraction"
46,0.00391988767765395,"Up",0.838941629960798,0.996944727953093,"GO:0051262","protein tetramerization"
17,0.0774509732103223,"Down",0.839016672728577,0.996944727953093,"GO:0001941","postsynaptic membrane organization"
17,0.0149108078762588,"Down",0.839046995619449,0.996944727953093,"GO:0002313","mature B cell differentiation involved in immune response"
50,-0.00280519227932319,"Down",0.839278280157183,0.996944727953093,"GO:0002312","B cell activation involved in immune response"
63,0.0400193378901866,"Up",0.83946816984062,0.996944727953093,"GO:0048593","camera-type eye morphogenesis"
63,0.0249095243244375,"Up",0.839487258522451,0.996944727953093,"GO:0008630","intrinsic apoptotic signaling pathway in response to DNA damage"
15,0.0554088043579746,"Down",0.839521804398622,0.996944727953093,"GO:0071542","dopaminergic neuron differentiation"
20,0.0596622432409758,"Down",0.839669292968516,0.996944727953093,"GO:0031076","embryonic camera-type eye development"
68,0.0468100532838448,"Down",0.839915777464763,0.996944727953093,"GO:2000278","regulation of DNA biosynthetic process"
73,0.015949419595011,"Down",0.840118043075408,0.996944727953093,"GO:0006694","steroid biosynthetic process"
161,0.0166412390377743,"Down",0.840239207818918,0.996944727953093,"GO:0010632","regulation of epithelial cell migration"
423,0.0303892003443705,"Up",0.840241550287758,0.996944727953093,"GO:0001568","blood vessel development"
26,0.125933824195654,"Up",0.840325379971819,0.996944727953093,"GO:0046596","regulation of viral entry into host cell"
347,0.0253571766634464,"Up",0.840494348367932,0.996944727953093,"GO:0048858","cell projection morphogenesis"
384,0.0086931795757774,"Up",0.840498652015509,0.996944727953093,"GO:0043408","regulation of MAPK cascade"
18,0.013435630947348,"Down",0.840507793621885,0.996944727953093,"GO:0051932","synaptic transmission, GABAergic"
34,0.03356388685399,"Down",0.841093806888751,0.996944727953093,"GO:0035196","miRNA processing"
28,0.00959770819731767,"Down",0.841121861031581,0.996944727953093,"GO:0048662","negative regulation of smooth muscle cell proliferation"
97,0.023994525696242,"Up",0.841653966508745,0.996944727953093,"GO:0006643","membrane lipid metabolic process"
164,0.0512971199824319,"Down",0.841661401457963,0.996944727953093,"GO:2001020","regulation of response to DNA damage stimulus"
41,-0.000171907465406673,"Down",0.842044244504067,0.996944727953093,"GO:0046847","filopodium assembly"
111,0.0361449735964274,"Down",0.842077522006939,0.996944727953093,"GO:0060541","respiratory system development"
57,0.0520986582449151,"Up",0.842159406037065,0.996944727953093,"GO:0010965","regulation of mitotic sister chromatid separation"
499,0.0539755782967223,"Down",0.842199221152021,0.996944727953093,"GO:0006259","DNA metabolic process"
50,0.120118761167007,"Down",0.842626482437479,0.996944727953093,"GO:0000380","alternative mRNA splicing, via spliceosome"
62,0.0171234100406236,"Up",0.842765041745019,0.996944727953093,"GO:0033138","positive regulation of peptidyl-serine phosphorylation"
24,0.0430156219199937,"Down",0.842989561266517,0.996944727953093,"GO:0072348","sulfur compound transport"
51,0.0459359718755096,"Up",0.843880018126508,0.996944727953093,"GO:0033865","nucleoside bisphosphate metabolic process"
51,0.0459359718755096,"Up",0.843880018126508,0.996944727953093,"GO:0033875","ribonucleoside bisphosphate metabolic process"
51,0.0459359718755096,"Up",0.843880018126508,0.996944727953093,"GO:0034032","purine nucleoside bisphosphate metabolic process"
35,0.0706814106387168,"Down",0.843921708560568,0.996944727953093,"GO:0045911","positive regulation of DNA recombination"
22,0.0982898689021542,"Down",0.844045394223937,0.996944727953093,"GO:0009187","cyclic nucleotide metabolic process"
282,0.0232110986582567,"Up",0.844488372800708,0.996944727953093,"GO:0001667","ameboidal-type cell migration"
33,0.0767819399336012,"Down",0.844600699404678,0.996944727953093,"GO:1905330","regulation of morphogenesis of an epithelium"
405,0.018628431053411,"Up",0.844712667454893,0.996944727953093,"GO:0071363","cellular response to growth factor stimulus"
21,0.00037629438740816,"Up",0.844949397495325,0.996944727953093,"GO:0035094","response to nicotine"
104,0.0168589232851309,"Down",0.845678202854805,0.996944727953093,"GO:0007051","spindle organization"
15,0.0591685999308916,"Up",0.845773987999933,0.996944727953093,"GO:0097484","dendrite extension"
29,-0.0118256279157512,"Up",0.846010277706557,0.996944727953093,"GO:1903018","regulation of glycoprotein metabolic process"
18,0.0681488180996238,"Up",0.846100114782282,0.996944727953093,"GO:0048821","erythrocyte development"
23,0.155185831332065,"Down",0.846670598466136,0.996944727953093,"GO:0060261","positive regulation of transcription initiation by RNA polymerase II"
28,0.038264778466839,"Up",0.846727146721504,0.996944727953093,"GO:0045841","negative regulation of mitotic metaphase/anaphase transition"
37,0.0157026182060102,"Down",0.847121631541095,0.996944727953093,"GO:0032890","regulation of organic acid transport"
48,0.0187916892670618,"Up",0.84741465180961,0.996944727953093,"GO:0050000","chromosome localization"
18,0.0431706118284615,"Down",0.848596125728553,0.996944727953093,"GO:0007215","glutamate receptor signaling pathway"
219,0.0122479264547049,"Up",0.848899693152465,0.996944727953093,"GO:0040013","negative regulation of locomotion"
62,0.0313707476889174,"Up",0.849321277926343,0.996944727953093,"GO:0002708","positive regulation of lymphocyte mediated immunity"
80,0.0668924831625364,"Down",0.849692337845878,0.996944727953093,"GO:0072073","kidney epithelium development"
90,0.0169243868008522,"Up",0.84972354476989,0.996944727953093,"GO:0055001","muscle cell development"
53,0.0827707046939992,"Up",0.849808861930282,0.996944727953093,"GO:2001251","negative regulation of chromosome organization"
19,0.00135363920678815,"Down",0.849838346875317,0.996944727953093,"GO:0015695","organic cation transport"
42,0.144342732684579,"Up",0.849899279928059,0.996944727953093,"GO:0030199","collagen fibril organization"
35,0.0273029995703837,"Up",0.85043700944171,0.996944727953093,"GO:0070228","regulation of lymphocyte apoptotic process"
18,0.0240830897577408,"Down",0.850476781900392,0.996944727953093,"GO:0050891","multicellular organismal water homeostasis"
22,0.015640449684204,"Down",0.850595700926622,0.996944727953093,"GO:0050775","positive regulation of dendrite morphogenesis"
26,0.0255012789317408,"Down",0.852150335851506,0.996944727953093,"GO:0043516","regulation of DNA damage response, signal transduction by p53 class mediator"
31,0.0163231912272028,"Down",0.85274893164749,0.996944727953093,"GO:0035019","somatic stem cell population maintenance"
73,0.0361684260141627,"Up",0.853015881197923,0.996944727953093,"GO:0051147","regulation of muscle cell differentiation"
228,0.0250067132838263,"Down",0.853192735319913,0.996944727953093,"GO:0000280","nuclear division"
44,0.0556689962762645,"Down",0.853438845976561,0.996944727953093,"GO:0006664","glycolipid metabolic process"
20,0.109718725590151,"Down",0.85386473736523,0.996944727953093,"GO:0007218","neuropeptide signaling pathway"
62,0.0836214135407975,"Down",0.853909172392504,0.996944727953093,"GO:0000018","regulation of DNA recombination"
124,0.00185339232018938,"Down",0.854231263290388,0.996944727953093,"GO:0032412","regulation of ion transmembrane transporter activity"
477,0.0195890033652356,"Up",0.854413539072815,0.996944727953093,"GO:0051093","negative regulation of developmental process"
47,-0.0144469148553752,"Down",0.854632313174767,0.996944727953093,"GO:2000401","regulation of lymphocyte migration"
30,0.169140030580094,"Up",0.854638484038264,0.996944727953093,"GO:0032786","positive regulation of DNA-templated transcription, elongation"
22,0.0545824123564739,"Down",0.855170603877524,0.996944727953093,"GO:0030195","negative regulation of blood coagulation"
140,0.0125398396428872,"Up",0.855224006996944,0.996944727953093,"GO:0043270","positive regulation of ion transport"
34,0.0121129682253197,"Up",0.855225828553754,0.996944727953093,"GO:0033059","cellular pigmentation"
31,0.0497294155624913,"Up",0.85534057281879,0.996944727953093,"GO:0031648","protein destabilization"
60,0.0964802802441958,"Up",0.855532032168007,0.996944727953093,"GO:0034502","protein localization to chromosome"
205,0.0101688440905017,"Down",0.855714780379888,0.996944727953093,"GO:0060537","muscle tissue development"
15,0.0118112542953663,"Up",0.856019107063127,0.996944727953093,"GO:2001185","regulation of CD8-positive, alpha-beta T cell activation"
32,-0.0199213078554211,"Down",0.856045206034714,0.996944727953093,"GO:1900744","regulation of p38MAPK cascade"
244,0.0625196384395457,"Up",0.856367924101478,0.996944727953093,"GO:0006417","regulation of translation"
44,0.027215664628242,"Up",0.856492004682138,0.996944727953093,"GO:2000379","positive regulation of reactive oxygen species metabolic process"
32,0.0240923947672169,"Up",0.856804679986604,0.996944727953093,"GO:0002534","cytokine production involved in inflammatory response"
32,0.0240923947672169,"Up",0.856804679986604,0.996944727953093,"GO:1900015","regulation of cytokine production involved in inflammatory response"
216,0.00458111042194443,"Down",0.85690227024927,0.996944727953093,"GO:0043087","regulation of GTPase activity"
56,0.0475002752350027,"Up",0.857600162324256,0.996944727953093,"GO:1902099","regulation of metaphase/anaphase transition of cell cycle"
28,0.00598838075125225,"Down",0.857775785814737,0.996944727953093,"GO:0031111","negative regulation of microtubule polymerization or depolymerization"
25,0.0440775696009189,"Up",0.857839403216922,0.996944727953093,"GO:0038084","vascular endothelial growth factor signaling pathway"
82,0.0153031852075488,"Up",0.858102868186973,0.996944727953093,"GO:0050671","positive regulation of lymphocyte proliferation"
22,0.0441320724231869,"Up",0.858754627258713,0.996944727953093,"GO:0150077","regulation of neuroinflammatory response"
56,0.0252690917959675,"Up",0.859039195274684,0.996944727953093,"GO:0000281","mitotic cytokinesis"
43,0.0565362630456448,"Up",0.859108368373596,0.996944727953093,"GO:2000630","positive regulation of miRNA metabolic process"
198,0.0204884794222243,"Up",0.859246225076544,0.996944727953093,"GO:0140694","non-membrane-bounded organelle assembly"
57,0.0474949293340673,"Up",0.859598593815354,0.996944727953093,"GO:0044784","metaphase/anaphase transition of cell cycle"
15,0.0656120313026666,"Up",0.859802344189768,0.996944727953093,"GO:0000002","mitochondrial genome maintenance"
32,0.119146852950392,"Up",0.860023869969986,0.996944727953093,"GO:0045599","negative regulation of fat cell differentiation"
155,0.0553648695829307,"Down",0.860319776487716,0.996944727953093,"GO:0098813","nuclear chromosome segregation"
57,0.0267590822631922,"Up",0.860374283737405,0.996944727953093,"GO:0022406","membrane docking"
23,0.14536937959777,"Down",0.8604706895023,0.996944727953093,"GO:0035909","aorta morphogenesis"
254,0.0225160675024405,"Up",0.860636263782003,0.996944727953093,"GO:0001501","skeletal system development"
45,0.0570706030720969,"Up",0.860731944800299,0.996944727953093,"GO:0061614","miRNA transcription"
73,0.00508066427190739,"Up",0.861122167135346,0.996944727953093,"GO:0045089","positive regulation of innate immune response"
87,0.156705776980786,"Down",0.861573119737533,0.996944727953093,"GO:0032200","telomere organization"
202,0.0207150669117392,"Up",0.861595959348181,0.996944727953093,"GO:0099177","regulation of trans-synaptic signaling"
40,0.0315544058273004,"Down",0.862395908603574,0.996944727953093,"GO:0046889","positive regulation of lipid biosynthetic process"
27,0.00319151147688339,"Up",0.863260565513754,0.996944727953093,"GO:0002823","negative regulation of adaptive immune response based on somatic recombination of immune receptors built from immunoglobulin superfamily domains"
93,0.012289214636777,"Up",0.864146200347937,0.996944727953093,"GO:0010976","positive regulation of neuron projection development"
24,0.0901928000594025,"Down",0.864244694228913,0.996944727953093,"GO:0046605","regulation of centrosome cycle"
26,0.0254138558674838,"Down",0.86465588367586,0.996944727953093,"GO:1904707","positive regulation of vascular associated smooth muscle cell proliferation"
37,0.0167940903684078,"Up",0.865320521709637,0.996944727953093,"GO:0032623","interleukin-2 production"
37,0.0167940903684078,"Up",0.865320521709637,0.996944727953093,"GO:0032663","regulation of interleukin-2 production"
142,0.00159469434610586,"Down",0.865887198194192,0.996944727953093,"GO:0002573","myeloid leukocyte differentiation"
78,0.0126799646758766,"Up",0.865887962771788,0.996944727953093,"GO:0030073","insulin secretion"
265,0.151626443845489,"Up",0.865927237093418,0.996944727953093,"GO:0006397","mRNA processing"
25,0.0984588250481673,"Down",0.866037344320218,0.996944727953093,"GO:0045622","regulation of T-helper cell differentiation"
27,0.0472517865028047,"Up",0.866046259161992,0.996944727953093,"GO:0006687","glycosphingolipid metabolic process"
185,0.0280658797024229,"Up",0.866745286300578,0.996944727953093,"GO:0032496","response to lipopolysaccharide"
79,-0.00275234378035304,"Down",0.866857084936043,0.996944727953093,"GO:0070304","positive regulation of stress-activated protein kinase signaling cascade"
62,0.0649423945099447,"Up",0.867140470288549,0.996944727953093,"GO:0060840","artery development"
77,0.0261583255083712,"Up",0.867510934338918,0.996944727953093,"GO:0046822","regulation of nucleocytoplasmic transport"
203,0.00256604309036594,"Down",0.86767700332926,0.996944727953093,"GO:1901653","cellular response to peptide"
55,0.0540505014608058,"Up",0.86777764215032,0.996944727953093,"GO:0030071","regulation of mitotic metaphase/anaphase transition"
22,0.193874077705659,"Up",0.867842069963145,0.996944727953093,"GO:0035456","response to interferon-beta"
38,0.045421768846739,"Down",0.867881617705902,0.996944727953093,"GO:0072666","establishment of protein localization to vacuole"
78,0.049766107500199,"Down",0.867992827914054,0.996944727953093,"GO:0051983","regulation of chromosome segregation"
20,0.00298182487160941,"Up",0.868123171816211,0.996944727953093,"GO:0032881","regulation of polysaccharide metabolic process"
91,0.00868241717566692,"Down",0.868224279759614,0.996944727953093,"GO:0034767","positive regulation of ion transmembrane transport"
18,0.0943217439582559,"Down",0.868410320509755,0.996944727953093,"GO:0060074","synapse maturation"
28,0.0518559775897511,"Up",0.868449219577871,0.996944727953093,"GO:0060966","regulation of gene silencing by RNA"
77,0.00626045324623872,"Down",0.868739386934624,0.996944727953093,"GO:0030218","erythrocyte differentiation"
138,-0.000784249765608309,"Up",0.868827470528551,0.996944727953093,"GO:0032409","regulation of transporter activity"
365,0.00704334559014717,"Down",0.869236878667651,0.996944727953093,"GO:0003006","developmental process involved in reproduction"
20,0.13210845446196,"Down",0.869254968318741,0.996944727953093,"GO:0050686","negative regulation of mRNA processing"
17,0.02079372364341,"Down",0.869268278668553,0.996944727953093,"GO:0101023","vascular endothelial cell proliferation"
17,0.02079372364341,"Down",0.869268278668553,0.996944727953093,"GO:1905562","regulation of vascular endothelial cell proliferation"
23,-0.0180934619357451,"Up",0.869273149373237,0.996944727953093,"GO:0010659","cardiac muscle cell apoptotic process"
53,-0.0102577768113303,"Down",0.869370480882843,0.996944727953093,"GO:0046785","microtubule polymerization"
83,0.00786796813542239,"Up",0.869421428665657,0.996944727953093,"GO:0034101","erythrocyte homeostasis"
34,0.0905488336038583,"Down",0.869452653502903,0.996944727953093,"GO:2000785","regulation of autophagosome assembly"
56,0.0538610074017782,"Up",0.869528776031377,0.996944727953093,"GO:0007091","metaphase/anaphase transition of mitotic cell cycle"
57,0.00733891066746911,"Down",0.86968011029983,0.996944727953093,"GO:1904035","regulation of epithelial cell apoptotic process"
39,0.0334027302033561,"Down",0.869763276649616,0.996944727953093,"GO:0048278","vesicle docking"
21,0.0101283896479468,"Up",0.869853391745139,0.996944727953093,"GO:0034260","negative regulation of GTPase activity"
25,0.00367452421610037,"Up",0.870084132513749,0.996944727953093,"GO:0060236","regulation of mitotic spindle organization"
22,0.107773841860779,"Up",0.870851579156008,0.996944727953093,"GO:1902253","regulation of intrinsic apoptotic signaling pathway by p53 class mediator"
97,0.0322842350437475,"Up",0.87086485098122,0.996944727953093,"GO:1990138","neuron projection extension"
32,-0.00692082676296425,"Up",0.87119367026864,0.996944727953093,"GO:2000404","regulation of T cell migration"
83,0.176528528461802,"Down",0.871552517664219,0.996944727953093,"GO:0000723","telomere maintenance"
32,0.117087773090363,"Down",0.871729307661133,0.996944727953093,"GO:0061005","cell differentiation involved in kidney development"
15,0.0312230114450123,"Down",0.871970961957585,0.996944727953093,"GO:0070102","interleukin-6-mediated signaling pathway"
96,0.054085657574664,"Down",0.872183135273842,0.996944727953093,"GO:0061138","morphogenesis of a branching epithelium"
21,0.0686129424879715,"Up",0.872317685946461,0.996944727953093,"GO:0042026","protein refolding"
19,-0.012818493413668,"Up",0.872454792377407,0.996944727953093,"GO:0051654","establishment of mitochondrion localization"
22,0.075671736013275,"Up",0.872472329203826,0.996944727953093,"GO:0010765","positive regulation of sodium ion transport"
477,0.00342977349690629,"Up",0.872620027082949,0.996944727953093,"GO:0014070","response to organic cyclic compound"
28,0.0100757377273118,"Up",0.872812157997731,0.996944727953093,"GO:0042551","neuron maturation"
279,0.0613958708453272,"Down",0.872907505492972,0.996944727953093,"GO:0051052","regulation of DNA metabolic process"
35,0.00147971246124198,"Down",0.873142301389704,0.996944727953093,"GO:0070613","regulation of protein processing"
15,0.0440097806478916,"Up",0.873185331580453,0.996944727953093,"GO:0090141","positive regulation of mitochondrial fission"
52,0.0128409161514886,"Down",0.8732320683397,0.996944727953093,"GO:0043502","regulation of muscle adaptation"
51,0.010847246562471,"Down",0.873705087806665,0.996944727953093,"GO:0008585","female gonad development"
16,0.0832213166721065,"Up",0.874851184118254,0.996944727953093,"GO:0062098","regulation of programmed necrotic cell death"
16,0.0282280765149482,"Down",0.875310931796718,0.996944727953093,"GO:2000279","negative regulation of DNA biosynthetic process"
41,0.0451721723786463,"Up",0.875465265215121,0.996944727953093,"GO:0140029","exocytic process"
34,0.0363722007121424,"Up",0.87548909709843,0.996944727953093,"GO:0060612","adipose tissue development"
16,0.0181528000818976,"Down",0.875800724950425,0.996944727953093,"GO:0001662","behavioral fear response"
49,0.0149929333098733,"Down",0.876141913297727,0.996944727953093,"GO:2000736","regulation of stem cell differentiation"
56,0.0161712746607876,"Up",0.876148558527365,0.996944727953093,"GO:0055007","cardiac muscle cell differentiation"
54,0.028686254470629,"Down",0.876815301152833,0.996944727953093,"GO:0003300","cardiac muscle hypertrophy"
22,0.0631164644452742,"Up",0.87709569476972,0.996944727953093,"GO:0019748","secondary metabolic process"
39,0.0187958173295209,"Up",0.877251344093988,0.996944727953093,"GO:1902305","regulation of sodium ion transmembrane transport"
77,0.035240629331158,"Up",0.877910038720125,0.996944727953093,"GO:0048675","axon extension"
33,0.0510400328068062,"Up",0.878059545101523,0.996944727953093,"GO:0048013","ephrin receptor signaling pathway"
256,0.00658977197862284,"Up",0.878487169444847,0.996944727953093,"GO:0042060","wound healing"
427,0.0124631176523733,"Up",0.878511250278792,0.996944727953093,"GO:0080135","regulation of cellular response to stress"
74,0.0170195853736756,"Down",0.878513274618607,0.996944727953093,"GO:0007093","mitotic cell cycle checkpoint signaling"
17,0.0610158399907271,"Down",0.878606871407301,0.996944727953093,"GO:0006862","nucleotide transport"
33,0.100610804576689,"Down",0.878632370116939,0.996944727953093,"GO:0010569","regulation of double-strand break repair via homologous recombination"
23,-0.00247625935322129,"Up",0.878689272150423,0.996944727953093,"GO:0016578","histone deubiquitination"
80,0.0194043753853682,"Down",0.878932784245386,0.996944727953093,"GO:0016579","protein deubiquitination"
43,0.0232144133018255,"Up",0.87903223667162,0.996944727953093,"GO:0150076","neuroinflammatory response"
95,0.100699666675036,"Down",0.879183503786537,0.996944727953093,"GO:0051236","establishment of RNA localization"
41,0.198302837473003,"Up",0.879640247431521,0.996944727953093,"GO:0006278","RNA-templated DNA biosynthetic process"
41,0.198302837473003,"Up",0.879640247431521,0.996944727953093,"GO:0007004","telomere maintenance via telomerase"
17,0.00112824336239846,"Up",0.87991931044296,0.996944727953093,"GO:0051567","histone H3-K9 methylation"
15,0.0338513047475233,"Up",0.880154997149096,0.996944727953093,"GO:1902455","negative regulation of stem cell population maintenance"
115,0.107157414724658,"Up",0.880375631748092,0.996944727953093,"GO:0007411","axon guidance"
115,0.107157414724658,"Up",0.880375631748092,0.996944727953093,"GO:0097485","neuron projection guidance"
24,0.0483590840813041,"Down",0.880650162354436,0.996944727953093,"GO:0086009","membrane repolarization"
48,0.0476336269750797,"Down",0.881038258259616,0.996944727953093,"GO:2000573","positive regulation of DNA biosynthetic process"
387,0.00455689320352913,"Down",0.881218718353425,0.996944727953093,"GO:0045859","regulation of protein kinase activity"
53,-0.0110572194381349,"Down",0.881854924923297,0.996944727953093,"GO:0031110","regulation of microtubule polymerization or depolymerization"
42,0.0570887755731812,"Down",0.882166441356719,0.996944727953093,"GO:0002287","alpha-beta T cell activation involved in immune response"
42,0.0570887755731812,"Down",0.882166441356719,0.996944727953093,"GO:0002293","alpha-beta T cell differentiation involved in immune response"
42,0.0570887755731812,"Down",0.882166441356719,0.996944727953093,"GO:0002294","CD4-positive, alpha-beta T cell differentiation involved in immune response"
136,0.0585514356336422,"Down",0.88323475571867,0.996944727953093,"GO:0000819","sister chromatid segregation"
43,0.00839379445066761,"Down",0.883672420381269,0.996944727953093,"GO:0016079","synaptic vesicle exocytosis"
18,-0.0349076273727787,"Down",0.883673822498086,0.996944727953093,"GO:0014075","response to amine"
81,0.0273715983666043,"Up",0.8839734996826,0.996944727953093,"GO:0070555","response to interleukin-1"
17,0.0304477817273637,"Down",0.884031145039438,0.996944727953093,"GO:0006516","glycoprotein catabolic process"
51,0.0707329169759359,"Down",0.884076559748671,0.996944727953093,"GO:0070936","protein K48-linked ubiquitination"
122,0.0130467734641916,"Up",0.884409548205608,0.996944727953093,"GO:0090257","regulation of muscle system process"
344,0.0254611138069918,"Up",0.88441368309034,0.996944727953093,"GO:0120039","plasma membrane bounded cell projection morphogenesis"
41,0.0303472904566359,"Up",0.884540345159211,0.996944727953093,"GO:0019218","regulation of steroid metabolic process"
21,0.0402806069616518,"Up",0.884962605357696,0.996944727953093,"GO:0045023","G0 to G1 transition"
21,0.0402806069616518,"Up",0.884962605357696,0.996944727953093,"GO:0070316","regulation of G0 to G1 transition"
48,0.0531423846917611,"Up",0.885070643256376,0.996944727953093,"GO:0070098","chemokine-mediated signaling pathway"
16,0.185147931732789,"Down",0.885071702822535,0.996944727953093,"GO:0007063","regulation of sister chromatid cohesion"
25,0.144203019726478,"Up",0.885234210527461,0.996944727953093,"GO:0030517","negative regulation of axon extension"
77,0.0629681459469496,"Down",0.885405219627877,0.996944727953093,"GO:0048754","branching morphogenesis of an epithelial tube"
165,0.0421348762756433,"Down",0.885440640986589,0.996944727953093,"GO:0060485","mesenchyme development"
47,0.019429523783143,"Up",0.8855082916623,0.996944727953093,"GO:0035195","miRNA-mediated gene silencing"
34,0.0373471542596035,"Down",0.885606212303385,0.996944727953093,"GO:0009299","mRNA transcription"
36,0.0467967069465957,"Up",0.886282273629534,0.996944727953093,"GO:0016447","somatic recombination of immunoglobulin gene segments"
40,0.00718256748048772,"Down",0.886418882868414,0.996944727953093,"GO:0010660","regulation of muscle cell apoptotic process"
19,0.0483124224128499,"Down",0.886480640254838,0.996944727953093,"GO:0010390","histone monoubiquitination"
15,0.00571067461313482,"Down",0.886761310154741,0.996944727953093,"GO:0032691","negative regulation of interleukin-1 beta production"
51,0.00282065172286047,"Up",0.887298552235015,0.996944727953093,"GO:0072384","organelle transport along microtubule"
94,0.0189795435947055,"Down",0.887599476522539,0.996944727953093,"GO:0030178","negative regulation of Wnt signaling pathway"
406,0.0047379005150093,"Up",0.889029116581339,0.996944727953093,"GO:0001934","positive regulation of protein phosphorylation"
66,0.163267218715758,"Down",0.889325040988931,0.996944727953093,"GO:2001252","positive regulation of chromosome organization"
16,-0.00493422843205391,"Down",0.889540419203354,0.996944727953093,"GO:0046426","negative regulation of receptor signaling pathway via JAK-STAT"
45,-0.0131562686131612,"Up",0.889907104491033,0.996944727953093,"GO:0033077","T cell differentiation in thymus"
20,0.0979761442508069,"Down",0.890111143699114,0.996944727953093,"GO:0007431","salivary gland development"
20,0.0979761442508069,"Down",0.890111143699114,0.996944727953093,"GO:0007435","salivary gland morphogenesis"
16,-0.0344877460436805,"Up",0.890845493081641,0.996944727953093,"GO:0035357","peroxisome proliferator activated receptor signaling pathway"
32,0.0269870437049164,"Up",0.89096127172756,0.996944727953093,"GO:0046513","ceramide biosynthetic process"
15,-0.0163218269449956,"Up",0.890974568555713,0.996944727953093,"GO:0001504","neurotransmitter uptake"
479,0.116827484156169,"Up",0.890992660805097,0.996944727953093,"GO:0006396","RNA processing"
112,0.00226386444194291,"Up",0.891898378253941,0.996944727953093,"GO:0002695","negative regulation of leukocyte activation"
21,0.0267688888039123,"Up",0.892238775232129,0.996944727953093,"GO:0014741","negative regulation of muscle hypertrophy"
410,0.02271926510002,"Up",0.892292617880404,0.996944727953093,"GO:0032989","cellular component morphogenesis"
54,-0.0102234319354833,"Down",0.892838186023685,0.996944727953093,"GO:0032755","positive regulation of interleukin-6 production"
79,0.0151777894329254,"Up",0.893176557143553,0.996944727953093,"GO:0099504","synaptic vesicle cycle"
195,0.054445818136395,"Down",0.893290356727865,0.996944727953093,"GO:0006913","nucleocytoplasmic transport"
195,0.054445818136395,"Down",0.893290356727865,0.996944727953093,"GO:0051169","nuclear transport"
41,0.022254709429379,"Down",0.893362227931331,0.996944727953093,"GO:0016925","protein sumoylation"
56,6.89322399811313e-05,"Up",0.893742966837576,0.996944727953093,"GO:0032092","positive regulation of protein binding"
72,0.001903540070533,"Down",0.893926426087253,0.996944727953093,"GO:0050868","negative regulation of T cell activation"
67,0.0314157733071032,"Down",0.894290044247904,0.996944727953093,"GO:0046467","membrane lipid biosynthetic process"
55,0.0290526179938508,"Down",0.894333987184153,0.996944727953093,"GO:0014897","striated muscle hypertrophy"
75,0.042921298415239,"Up",0.894588894127655,0.996944727953093,"GO:1905037","autophagosome organization"
61,0.00544725257286108,"Down",0.894697078763708,0.996944727953093,"GO:0090398","cellular senescence"
324,0.0139303338718007,"Down",0.894741338661268,0.996944727953093,"GO:0008610","lipid biosynthetic process"
19,0.00299798716977769,"Up",0.895113834822201,0.996944727953093,"GO:0007095","mitotic G2 DNA damage checkpoint signaling"
20,0.0100584236524339,"Down",0.895187445495785,0.996944727953093,"GO:0030212","hyaluronan metabolic process"
15,0.0911609699695721,"Down",0.895474578508576,0.996944727953093,"GO:0016577","histone demethylation"
147,0.0948048713583706,"Down",0.8955394873539,0.996944727953093,"GO:0033044","regulation of chromosome organization"
23,-0.029782741078378,"Down",0.895823686807136,0.996944727953093,"GO:0042446","hormone biosynthetic process"
106,0.0774915299042858,"Down",0.895938929676592,0.996944727953093,"GO:0006282","regulation of DNA repair"
130,0.00268621586832389,"Up",0.896156371246639,0.996944727953093,"GO:0022898","regulation of transmembrane transporter activity"
295,0.022504562020532,"Down",0.896679170400229,0.996944727953093,"GO:0099537","trans-synaptic signaling"
201,0.0218121365360117,"Up",0.897671372499832,0.996944727953093,"GO:0050804","modulation of chemical synaptic transmission"
15,0.133120093923216,"Down",0.897696127985835,0.996944727953093,"GO:1903901","negative regulation of viral life cycle"
91,0.0158027763915689,"Down",0.897793149743861,0.996944727953093,"GO:0008016","regulation of heart contraction"
120,0.00519039000126459,"Up",0.897847907168636,0.996944727953093,"GO:0032886","regulation of microtubule-based process"
268,0.0617814102491919,"Up",0.898172758688339,0.996944727953093,"GO:0034660","ncRNA metabolic process"
72,0.0309307701188143,"Down",0.8984361917387,0.996944727953093,"GO:0030203","glycosaminoglycan metabolic process"
32,-0.00190653372017649,"Down",0.898665210601057,0.996944727953093,"GO:0019935","cyclic-nucleotide-mediated signaling"
21,0.0249711101674899,"Down",0.899614046581598,0.996944727953093,"GO:0060218","hematopoietic stem cell differentiation"
22,0.0478559312957041,"Down",0.899638065511041,0.996944727953093,"GO:0071168","protein localization to chromatin"
18,0.109284921380548,"Down",0.900076994660881,0.996944727953093,"GO:0055078","sodium ion homeostasis"
20,0.0616081308818619,"Down",0.90016968992378,0.996944727953093,"GO:0006953","acute-phase response"
139,0.0167836939307187,"Down",0.900432681893472,0.996944727953093,"GO:0001649","osteoblast differentiation"
56,0.00213364842262322,"Up",0.900459133313917,0.996944727953093,"GO:0032611","interleukin-1 beta production"
56,0.00213364842262322,"Up",0.900459133313917,0.996944727953093,"GO:0032651","regulation of interleukin-1 beta production"
44,0.0653080388029771,"Up",0.900765161175318,0.996944727953093,"GO:1902893","regulation of miRNA transcription"
46,0.0121496991292623,"Down",0.900999203959785,0.996944727953093,"GO:0006942","regulation of striated muscle contraction"
35,0.0227271869554161,"Down",0.901081037574835,0.996944727953093,"GO:0051148","negative regulation of muscle cell differentiation"
40,0.0744598767145384,"Up",0.901082197767843,0.996944727953093,"GO:0035904","aorta development"
21,0.036008213299788,"Down",0.901291256543078,0.996944727953093,"GO:0033522","histone H2A ubiquitination"
368,0.0252435819435751,"Up",0.901326885981594,0.996944727953093,"GO:0051301","cell division"
289,0.0459333995447324,"Up",0.901753930251436,0.996944727953093,"GO:2000112","regulation of cellular macromolecule biosynthetic process"
54,0.00351210416649344,"Down",0.90243593643258,0.996944727953093,"GO:0099175","regulation of postsynapse organization"
47,0.00936054921977499,"Up",0.90262582331044,0.996944727953093,"GO:1904427","positive regulation of calcium ion transmembrane transport"
58,0.00561579409422696,"Up",0.903516684914766,0.996944727953093,"GO:0046660","female sex differentiation"
239,0.0245955224670022,"Down",0.903853600902823,0.996944727953093,"GO:0007423","sensory organ development"
139,0.00745782711985322,"Down",0.904208948731844,0.996944727953093,"GO:0050670","regulation of lymphocyte proliferation"
60,0.0193819497256157,"Down",0.904438536010633,0.996944727953093,"GO:0090288","negative regulation of cellular response to growth factor stimulus"
33,0.0491055476712312,"Up",0.904583041956857,0.996944727953093,"GO:0022029","telencephalon cell migration"
74,0.00590660395508794,"Down",0.904597994085347,0.996944727953093,"GO:0071887","leukocyte apoptotic process"
119,0.0692293597127884,"Down",0.905773008206505,0.996944727953093,"GO:0000070","mitotic sister chromatid segregation"
76,-0.00123448279020752,"Up",0.906116787162297,0.996944727953093,"GO:0043401","steroid hormone mediated signaling pathway"
24,0.161287462642634,"Up",0.906199702530064,0.996944727953093,"GO:0051084","'de novo' post-translational protein folding"
39,-0.00891030048175734,"Up",0.906283456234474,0.996944727953093,"GO:0042306","regulation of protein import into nucleus"
52,0.0249564862156451,"Up",0.906650039781374,0.996944727953093,"GO:0030148","sphingolipid biosynthetic process"
32,0.0502856748943465,"Up",0.906712216818329,0.996944727953093,"GO:0043113","receptor clustering"
48,0.0944011629463602,"Up",0.907274317477231,0.996944727953093,"GO:0014032","neural crest cell development"
32,0.00886736579269877,"Down",0.907402628063201,0.996944727953093,"GO:0050805","negative regulation of synaptic transmission"
105,0.0416721667800707,"Up",0.907735297740452,0.996944727953093,"GO:0016482","cytosolic transport"
56,0.0470405868593957,"Up",0.907793872119803,0.996944727953093,"GO:1990868","response to chemokine"
56,0.0470405868593957,"Up",0.907793872119803,0.996944727953093,"GO:1990869","cellular response to chemokine"
16,0.034167937192525,"Down",0.907879530354248,0.996944727953093,"GO:0060914","heart formation"
27,-0.0103759444143978,"Up",0.907996842927494,0.996944727953093,"GO:0040001","establishment of mitotic spindle localization"
17,0.0992743640349648,"Up",0.908233740776503,0.996944727953093,"GO:0036010","protein localization to endosome"
84,0.0260883258682091,"Up",0.908477573684434,0.996944727953093,"GO:0007259","receptor signaling pathway via JAK-STAT"
62,0.00983523626717425,"Down",0.908652102895967,0.996944727953093,"GO:0050954","sensory perception of mechanical stimulus"
290,0.022602316194031,"Down",0.908686359002528,0.996944727953093,"GO:0007268","chemical synaptic transmission"
290,0.022602316194031,"Down",0.908686359002528,0.996944727953093,"GO:0098916","anterograde trans-synaptic signaling"
116,0.0104252753398853,"Down",0.908718241583794,0.996944727953093,"GO:0060348","bone development"
17,0.0675943856344652,"Up",0.908745413794511,0.996944727953093,"GO:1902914","regulation of protein polyubiquitination"
72,0.0293240385645495,"Up",0.908765466383945,0.996944727953093,"GO:0061640","cytoskeleton-dependent cytokinesis"
16,-0.00887510460178497,"Up",0.909061793748292,0.996944727953093,"GO:0008207","C21-steroid hormone metabolic process"
49,0.0163183821952856,"Down",0.909324519718518,0.996944727953093,"GO:0002526","acute inflammatory response"
24,-0.0223728279289417,"Down",0.909671566759131,0.996944727953093,"GO:0048066","developmental pigmentation"
35,0.104426712840958,"Up",0.909708815781735,0.996944727953093,"GO:0034243","regulation of transcription elongation by RNA polymerase II"
43,-0.00628286810522959,"Down",0.910242358176681,0.996944727953093,"GO:0045428","regulation of nitric oxide biosynthetic process"
63,0.0163005270753662,"Down",0.910485241971531,0.996944727953093,"GO:1901989","positive regulation of cell cycle phase transition"
26,0.0138122666960807,"Up",0.910752839759003,0.996944727953093,"GO:0060976","coronary vasculature development"
55,0.0293784683228228,"Down",0.910975424939127,0.996944727953093,"GO:0032006","regulation of TOR signaling"
19,0.0238564640455101,"Down",0.911310479523782,0.996944727953093,"GO:0030104","water homeostasis"
28,0.0278193654380612,"Down",0.911372876393195,0.996944727953093,"GO:0048704","embryonic skeletal system morphogenesis"
24,0.0291363949075012,"Up",0.911540976383941,0.996944727953093,"GO:0050819","negative regulation of coagulation"
18,-0.0173698954531051,"Up",0.911676451313268,0.996944727953093,"GO:0071676","negative regulation of mononuclear cell migration"
44,0.207276098544187,"Up",0.911708679394316,0.996944727953093,"GO:0010833","telomere maintenance via telomere lengthening"
27,-0.0190883854726248,"Down",0.911834034250183,0.996944727953093,"GO:0045103","intermediate filament-based process"
27,-0.0190883854726248,"Down",0.911834034250183,0.996944727953093,"GO:0045104","intermediate filament cytoskeleton organization"
68,0.000801340274573224,"Up",0.912481253496592,0.996944727953093,"GO:0030518","intracellular steroid hormone receptor signaling pathway"
443,0.00537805786740386,"Down",0.912772785150703,0.996944727953093,"GO:0043549","regulation of kinase activity"
29,-0.019168097428774,"Up",0.913134293842292,0.996944727953093,"GO:0030520","intracellular estrogen receptor signaling pathway"
18,0.0212103352595251,"Up",0.913243948012685,0.996944727953093,"GO:0120033","negative regulation of plasma membrane bounded cell projection assembly"
83,0.00428187062531431,"Up",0.913337596794062,0.996944727953093,"GO:0033135","regulation of peptidyl-serine phosphorylation"
70,0.0293370503524589,"Down",0.913500543266306,0.996944727953093,"GO:0035601","protein deacylation"
32,-0.00775378969947658,"Up",0.913524359359787,0.996944727953093,"GO:0051489","regulation of filopodium assembly"
38,0.0976166717400719,"Down",0.913959806757402,0.996944727953093,"GO:0043489","RNA stabilization"
208,0.019357336848674,"Down",0.914358421921336,0.996944727953093,"GO:0010631","epithelial cell migration"
208,0.019357336848674,"Down",0.914358421921336,0.996944727953093,"GO:0090132","epithelium migration"
16,-0.0191637032047345,"Up",0.914438684816538,0.996944727953093,"GO:1903204","negative regulation of oxidative stress-induced neuron death"
127,0.040211460648796,"Up",0.914471232217678,0.996944727953093,"GO:0060560","developmental growth involved in morphogenesis"
100,0.0314909623847599,"Up",0.914590343760542,0.996944727953093,"GO:0001837","epithelial to mesenchymal transition"
22,0.0132673044258867,"Down",0.914593552163402,0.996944727953093,"GO:1904037","positive regulation of epithelial cell apoptotic process"
19,-0.0103702914848428,"Down",0.914809881632844,0.996944727953093,"GO:0097421","liver regeneration"
224,0.0426587548014839,"Up",0.915209681590987,0.996944727953093,"GO:0050808","synapse organization"
60,0.0508738898462264,"Up",0.915465562685539,0.996944727953093,"GO:0031644","regulation of nervous system process"
45,0.0357172182443555,"Up",0.915543137685336,0.996944727953093,"GO:1902117","positive regulation of organelle assembly"
19,0.0781691061173602,"Up",0.915563996183566,0.996944727953093,"GO:1901797","negative regulation of signal transduction by p53 class mediator"
56,0.0339970886542346,"Down",0.915582740101784,0.996944727953093,"GO:0042752","regulation of circadian rhythm"
29,0.0161193656080898,"Up",0.915721470251465,0.996944727953093,"GO:2000272","negative regulation of signaling receptor activity"
20,0.0165126019351693,"Up",0.916106283477336,0.996944727953093,"GO:0010614","negative regulation of cardiac muscle hypertrophy"
24,-0.016617954205499,"Down",0.916417342893346,0.996944727953093,"GO:0046329","negative regulation of JNK cascade"
40,0.00589262209252123,"Down",0.916884668549339,0.996944727953093,"GO:0010596","negative regulation of endothelial cell migration"
18,0.00598153508695744,"Up",0.916942294277926,0.996944727953093,"GO:0097009","energy homeostasis"
142,0.00551147594498416,"Down",0.917116725295441,0.996944727953093,"GO:0032944","regulation of mononuclear cell proliferation"
354,0.014422419918292,"Up",0.917201197851595,0.996944727953093,"GO:0061061","muscle structure development"
22,-0.0154103784861214,"Down",0.9184654131612,0.996944727953093,"GO:0010922","positive regulation of phosphatase activity"
106,0.0146378271560231,"Up",0.918827989116623,0.996944727953093,"GO:0010634","positive regulation of epithelial cell migration"
37,0.019978443784502,"Down",0.918890838157575,0.996944727953093,"GO:0051899","membrane depolarization"
63,0.0126524746665382,"Up",0.919190456493618,0.996944727953093,"GO:1990830","cellular response to leukemia inhibitory factor"
46,0.0916460517398085,"Up",0.919202217878859,0.996944727953093,"GO:0034728","nucleosome organization"
31,0.0270724917427301,"Down",0.91937435245113,0.996944727953093,"GO:0048645","animal organ formation"
22,0.0856118433455227,"Up",0.919529509322542,0.996944727953093,"GO:0032728","positive regulation of interferon-beta production"
31,0.0363064763982085,"Down",0.920108528281634,0.996944727953093,"GO:0042789","mRNA transcription by RNA polymerase II"
16,0.0948097440427168,"Down",0.920738434656219,0.996944727953093,"GO:0010719","negative regulation of epithelial to mesenchymal transition"
50,-0.0057639690781281,"Down",0.921404385457268,0.996944727953093,"GO:0015914","phospholipid transport"
32,0.0604092335631202,"Up",0.921431973321494,0.996944727953093,"GO:0003208","cardiac ventricle morphogenesis"
18,0.00652466903379459,"Up",0.921541252554375,0.996944727953093,"GO:0032885","regulation of polysaccharide biosynthetic process"
327,0.00208085397709661,"Up",0.921630580345147,0.996944727953093,"GO:0032870","cellular response to hormone stimulus"
111,0.0191416295307501,"Up",0.921836827146913,0.996944727953093,"GO:1903522","regulation of blood circulation"
39,0.033798555966159,"Down",0.922554849515745,0.996944727953093,"GO:0043462","regulation of ATP-dependent activity"
496,0.0261764383398359,"Up",0.922900784151513,0.996944727953093,"GO:0035239","tube morphogenesis"
25,0.00243965589814286,"Down",0.923342115633393,0.996944727953093,"GO:0000266","mitochondrial fission"
30,0.0692166484873445,"Up",0.923758742228464,0.996944727953093,"GO:0016574","histone ubiquitination"
76,0.0241895163742091,"Up",0.924115230668064,0.996944727953093,"GO:0061351","neural precursor cell proliferation"
27,0.180448872429956,"Up",0.924811467511514,0.996944727953093,"GO:1904358","positive regulation of telomere maintenance via telomere lengthening"
34,0.0587795992020612,"Up",0.925101698217946,0.996944727953093,"GO:0031343","positive regulation of cell killing"
109,0.0114231609411211,"Up",0.925183979385806,0.996944727953093,"GO:0060047","heart contraction"
19,0.00358235050737689,"Down",0.925284222798074,0.996944727953093,"GO:0031664","regulation of lipopolysaccharide-mediated signaling pathway"
24,-0.00890984924172243,"Up",0.925413008222596,0.996944727953093,"GO:0036475","neuron death in response to oxidative stress"
49,0.0245308235173037,"Up",0.925692258374851,0.996944727953093,"GO:0001885","endothelial cell development"
22,-0.0268477282739939,"Up",0.925695574775607,0.996944727953093,"GO:0071398","cellular response to fatty acid"
178,0.0217535230496072,"Down",0.925884141178506,0.996944727953093,"GO:0001654","eye development"
39,0.0400903261558425,"Up",0.925908569669142,0.996944727953093,"GO:0086001","cardiac muscle cell action potential"
46,0.0350236357308113,"Down",0.926207369984743,0.996944727953093,"GO:2000514","regulation of CD4-positive, alpha-beta T cell activation"
43,0.0478621731590822,"Down",0.926465286126334,0.996944727953093,"GO:0001656","metanephros development"
20,-0.016910240785246,"Up",0.926474551146503,0.996944727953093,"GO:0031670","cellular response to nutrient"
42,0.170097176090264,"Up",0.926601075026313,0.996944727953093,"GO:0006367","transcription initiation at RNA polymerase II promoter"
78,0.0335070882853479,"Down",0.926952814202101,0.996944727953093,"GO:0048592","eye morphogenesis"
120,0.007881229392078,"Down",0.926954271348039,0.996944727953093,"GO:0002221","pattern recognition receptor signaling pathway"
17,0.0475837048173256,"Up",0.927004791424391,0.996944727953093,"GO:0032069","regulation of nuclease activity"
115,0.0966189738926528,"Down",0.927371884133806,0.996944727953093,"GO:0043484","regulation of RNA splicing"
196,0.00900630816823566,"Up",0.927462284852733,0.996944727953093,"GO:0030336","negative regulation of cell migration"
364,0.00117229464583363,"Down",0.927945036332563,0.996944727953093,"GO:1901699","cellular response to nitrogen compound"
23,0.041379820675397,"Up",0.928079147458863,0.996944727953093,"GO:0021872","forebrain generation of neurons"
36,-0.00932969156511851,"Up",0.928278914417416,0.996944727953093,"GO:0033619","membrane protein proteolysis"
41,0.00934753753764871,"Up",0.928408562877422,0.996944727953093,"GO:0034113","heterotypic cell-cell adhesion"
201,0.00367831728885424,"Up",0.929493710578962,0.996944727953093,"GO:0016311","dephosphorylation"
59,-0.0112619306557983,"Down",0.929564937331515,0.996944727953093,"GO:0036473","cell death in response to oxidative stress"
34,0.00396337118225279,"Up",0.929683880831797,0.996944727953093,"GO:0031113","regulation of microtubule polymerization"
80,0.0174959729975902,"Down",0.929878153754099,0.996944727953093,"GO:0044272","sulfur compound biosynthetic process"
102,0.0378590356306884,"Up",0.929901290842702,0.996944727953093,"GO:0071897","DNA biosynthetic process"
33,0.00889693356870418,"Up",0.929939986894361,0.996944727953093,"GO:0000271","polysaccharide biosynthetic process"
42,-0.0129089276613977,"Up",0.929961252384744,0.996944727953093,"GO:0008344","adult locomotory behavior"
65,0.061987219471287,"Down",0.930183648214763,0.996944727953093,"GO:0035637","multicellular organismal signaling"
26,0.0272031119808643,"Down",0.930342232491074,0.996944727953093,"GO:1900271","regulation of long-term synaptic potentiation"
40,0.0416368651446151,"Down",0.930818788347282,0.996944727953093,"GO:0002562","somatic diversification of immune receptors via germline recombination within a single locus"
40,0.0416368651446151,"Down",0.930818788347282,0.996944727953093,"GO:0016444","somatic cell DNA recombination"
47,-0.00187260817096408,"Down",0.931240994344981,0.996944727953093,"GO:0045995","regulation of embryonic development"
150,0.0187536791233574,"Up",0.931640815358878,0.996944727953093,"GO:0034612","response to tumor necrosis factor"
421,0.0190731379416779,"Up",0.932031649460498,0.996944727953093,"GO:0070848","response to growth factor"
20,0.134762721251855,"Down",0.932393289384376,0.996944727953093,"GO:0021799","cerebral cortex radially oriented cell migration"
158,0.0200633003030046,"Down",0.932683517468281,0.996944727953093,"GO:0043010","camera-type eye development"
29,5.14432960428968e-05,"Down",0.932858571487284,0.996944727953093,"GO:0090049","regulation of cell migration involved in sprouting angiogenesis"
71,0.0314914539568051,"Down",0.933221377434817,0.996944727953093,"GO:0030593","neutrophil chemotaxis"
39,0.0135467204245805,"Up",0.933415896273019,0.996944727953093,"GO:0006949","syncytium formation"
33,0.157101609696749,"Up",0.933439959264877,0.996944727953093,"GO:0032210","regulation of telomere maintenance via telomerase"
123,0.0420955918857121,"Down",0.933836779981047,0.996944727953093,"GO:0034249","negative regulation of cellular amide metabolic process"
128,0.0141076741220473,"Up",0.934732441634625,0.996944727953093,"GO:0002064","epithelial cell development"
195,0.00520446902382961,"Down",0.935705422334455,0.996944727953093,"GO:0048545","response to steroid hormone"
32,0.0748238269051501,"Up",0.935706794627403,0.996944727953093,"GO:0090148","membrane fission"
281,0.0154082229341794,"Down",0.93620719033519,0.996944727953093,"GO:0007186","G protein-coupled receptor signaling pathway"
41,0.025044241328713,"Up",0.936370821053646,0.996944727953093,"GO:0006893","Golgi to plasma membrane transport"
62,0.0449622417115617,"Up",0.936376598185166,0.996944727953093,"GO:0033045","regulation of sister chromatid segregation"
18,0.0348175266595431,"Up",0.937005142193191,0.996944727953093,"GO:0001569","branching involved in blood vessel morphogenesis"
101,0.0391718151515983,"Up",0.937934664003562,0.996944727953093,"GO:0051170","import into nucleus"
61,0.169958354891018,"Down",0.938160476891775,0.996944727953093,"GO:0032204","regulation of telomere maintenance"
484,0.0358730859739218,"Down",0.938247206124475,0.996944727953093,"GO:0009887","animal organ morphogenesis"
21,-0.0229076084573784,"Down",0.938314731824341,0.996944727953093,"GO:1900181","negative regulation of protein localization to nucleus"
247,0.0221529915536375,"Up",0.939107897258382,0.996944727953093,"GO:0019439","aromatic compound catabolic process"
36,0.178336339714642,"Down",0.939125441325305,0.996944727953093,"GO:2000142","regulation of DNA-templated transcription initiation"
188,0.0087897489966054,"Down",0.939249662070915,0.996944727953093,"GO:0006820","anion transport"
19,0.0156583735647194,"Up",0.939587845454391,0.996944727953093,"GO:0010574","regulation of vascular endothelial growth factor production"
80,0.0196169917636927,"Up",0.940196381996775,0.996944727953093,"GO:1904064","positive regulation of cation transmembrane transport"
47,0.102324029216036,"Up",0.940234942020028,0.996944727953093,"GO:0032784","regulation of DNA-templated transcription elongation"
30,0.0351938653572115,"Up",0.94041667049656,0.996944727953093,"GO:0042771","intrinsic apoptotic signaling pathway in response to DNA damage by p53 class mediator"
25,0.0508120561446993,"Down",0.940976544354127,0.996944727953093,"GO:0030857","negative regulation of epithelial cell differentiation"
83,0.0296143114545259,"Up",0.941040646845811,0.996944727953093,"GO:1990266","neutrophil migration"
49,0.0219919654096289,"Down",0.941175240078073,0.996944727953093,"GO:0140056","organelle localization by membrane tethering"
111,0.0177304912855572,"Down",0.941187297139594,0.996944727953093,"GO:0050679","positive regulation of epithelial cell proliferation"
25,-0.00250847058094726,"Down",0.941326555314124,0.996944727953093,"GO:0061842","microtubule organizing center localization"
58,0.028981332510126,"Down",0.941550442722344,0.996944727953093,"GO:0001938","positive regulation of endothelial cell proliferation"
115,0.0185717955808044,"Up",0.942296779072573,0.996944727953093,"GO:0022408","negative regulation of cell-cell adhesion"
23,0.0221221622881351,"Up",0.942451806026134,0.996944727953093,"GO:0038179","neurotrophin signaling pathway"
83,0.0269287343518919,"Up",0.94253696837117,0.996944727953093,"GO:0051961","negative regulation of nervous system development"
18,0.100333179626316,"Up",0.94255554162552,0.996944727953093,"GO:0048546","digestive tract morphogenesis"
99,0.0395671658721561,"Up",0.942764067987832,0.996944727953093,"GO:0030324","lung development"
309,0.0201839255880292,"Up",0.942960198175288,0.996944727953093,"GO:0099536","synaptic signaling"
15,-0.0361950626002041,"Up",0.943101600331823,0.996944727953093,"GO:0034694","response to prostaglandin"
124,0.124317642554476,"Up",0.943222823510829,0.996944727953093,"GO:0006403","RNA localization"
147,0.0173605527673706,"Down",0.943352200069864,0.996944727953093,"GO:0051146","striated muscle cell differentiation"
49,0.055060021825251,"Down",0.944009528354776,0.996944727953093,"GO:0006304","DNA modification"
33,0.13228359666468,"Down",0.944270737520481,0.996944727953093,"GO:0090497","mesenchymal cell migration"
53,0.0523075918628084,"Down",0.944732911786772,0.996944727953093,"GO:2000628","regulation of miRNA metabolic process"
32,-0.00773790672458445,"Down",0.944986444175473,0.996944727953093,"GO:0032873","negative regulation of stress-activated MAPK cascade"
32,-0.00773790672458445,"Down",0.944986444175473,0.996944727953093,"GO:0070303","negative regulation of stress-activated protein kinase signaling cascade"
69,0.0302615723632066,"Down",0.945080099157873,0.996944727953093,"GO:0031929","TOR signaling"
29,0.00820307873862959,"Up",0.94509156844376,0.996944727953093,"GO:0001774","microglial cell activation"
110,0.0215183378694612,"Up",0.945456490810202,0.996944727953093,"GO:0031099","regeneration"
71,0.0313534790183921,"Down",0.946036999748447,0.996944727953093,"GO:0098732","macromolecule deacylation"
122,0.0150868227240853,"Up",0.946406660302322,0.996944727953093,"GO:0014706","striated muscle tissue development"
103,0.0388043030724721,"Up",0.946478084468297,0.996944727953093,"GO:0030323","respiratory tube development"
210,0.0203691667950012,"Down",0.946484197314415,0.996944727953093,"GO:0090130","tissue migration"
46,0.0220816149866808,"Down",0.946992642020984,0.996944727953093,"GO:0046637","regulation of alpha-beta T cell differentiation"
16,0.0535326790883257,"Down",0.947465373814618,0.996944727953093,"GO:0035024","negative regulation of Rho protein signal transduction"
15,0.109301654645884,"Down",0.947781700900851,0.996944727953093,"GO:0021515","cell differentiation in spinal cord"
15,0.114860452317508,"Up",0.949189655663476,0.996944727953093,"GO:0009648","photoperiodism"
53,0.00852219203312049,"Down",0.949358412363586,0.996944727953093,"GO:0008625","extrinsic apoptotic signaling pathway via death domain receptors"
16,0.0925669805899315,"Up",0.949864058227914,0.996944727953093,"GO:0006482","protein demethylation"
16,0.0925669805899315,"Up",0.949864058227914,0.996944727953093,"GO:0008214","protein dealkylation"
17,-0.0152734503360565,"Up",0.950028985256289,0.996944727953093,"GO:1990776","response to angiotensin"
15,-0.032114598964996,"Down",0.950528347892423,0.996944727953093,"GO:0046174","polyol catabolic process"
37,0.00354063218527027,"Down",0.951041645111207,0.996944727953093,"GO:0061028","establishment of endothelial barrier"
71,0.0404991519753651,"Down",0.951137911471972,0.996944727953093,"GO:0022612","gland morphogenesis"
86,0.0287820509936317,"Down",0.951200651638241,0.996944727953093,"GO:0001936","regulation of endothelial cell proliferation"
18,0.0172237015665022,"Down",0.951385244530134,0.996944727953093,"GO:1903205","regulation of hydrogen peroxide-induced cell death"
16,0.0256075218674313,"Up",0.951535079674925,0.996944727953093,"GO:0050432","catecholamine secretion"
113,0.0217063082473088,"Down",0.952061809816068,0.996944727953093,"GO:0050807","regulation of synapse organization"
41,0.0356203190062421,"Down",0.952411485294154,0.996944727953093,"GO:0050853","B cell receptor signaling pathway"
28,0.114723273336947,"Down",0.952458065565149,0.996944727953093,"GO:0070897","transcription preinitiation complex assembly"
31,0.0282234723004626,"Down",0.952852342060337,0.996944727953093,"GO:0010972","negative regulation of G2/M transition of mitotic cell cycle"
72,0.0111071213701797,"Up",0.953131282299218,0.996944727953093,"GO:0045931","positive regulation of mitotic cell cycle"
81,-0.00115139695120142,"Down",0.953488872180033,0.996944727953093,"GO:0010469","regulation of signaling receptor activity"
64,0.0149271246063218,"Up",0.953523170314617,0.996944727953093,"GO:1990823","response to leukemia inhibitory factor"
28,0.0994869053955664,"Up",0.953670543512186,0.996944727953093,"GO:0035850","epithelial cell differentiation involved in kidney development"
44,-0.00673950482323603,"Up",0.954068799615607,0.996944727953093,"GO:0080164","regulation of nitric oxide metabolic process"
51,0.0309752261898381,"Down",0.95413256280985,0.996944727953093,"GO:0014909","smooth muscle cell migration"
58,0.0441682809427395,"Down",0.954676548989394,0.996944727953093,"GO:0045069","regulation of viral genome replication"
144,0.0488417565569763,"Down",0.95498934744779,0.996944727953093,"GO:0048762","mesenchymal cell differentiation"
25,0.01150627708513,"Up",0.955419214206029,0.996944727953093,"GO:0010656","negative regulation of muscle cell apoptotic process"
19,0.0281389896500859,"Up",0.956178718086777,0.996944727953093,"GO:0045740","positive regulation of DNA replication"
58,0.0679674183498738,"Down",0.956479156790477,0.996944727953093,"GO:0021987","cerebral cortex development"
177,0.00507354168259576,"Up",0.956511776265865,0.996944727953093,"GO:0032943","mononuclear cell proliferation"
18,0.0358418336990244,"Down",0.956675897552332,0.996944727953093,"GO:0032692","negative regulation of interleukin-1 production"
23,0.12147562696423,"Up",0.957053993146108,0.996944727953093,"GO:0014044","Schwann cell development"
37,0.134353611599889,"Up",0.957251303906991,0.996944727953093,"GO:0045071","negative regulation of viral genome replication"
15,0.0760692185226403,"Down",0.957337888361586,0.996944727953093,"GO:0045776","negative regulation of blood pressure"
33,0.0119993033772803,"Up",0.957611607522505,0.996944727953093,"GO:2000649","regulation of sodium ion transmembrane transporter activity"
24,0.0709326910243608,"Up",0.957686579334792,0.996944727953093,"GO:0070266","necroptotic process"
112,0.0184891511638103,"Down",0.957762117757941,0.996944727953093,"GO:0000910","cytokinesis"
18,0.0113882325753008,"Up",0.958864456610858,0.996944727953093,"GO:0043276","anoikis"
15,0.0426648274937471,"Up",0.959175215760054,0.996944727953093,"GO:0060148","positive regulation of post-transcriptional gene silencing"
15,0.0426648274937471,"Up",0.959175215760054,0.996944727953093,"GO:1900370","positive regulation of post-transcriptional gene silencing by RNA"
15,0.0426648274937471,"Up",0.959175215760054,0.996944727953093,"GO:2000637","positive regulation of miRNA-mediated gene silencing"
20,0.0448519717393093,"Up",0.959321822657977,0.996944727953093,"GO:0006622","protein targeting to lysosome"
18,0.159393804965032,"Down",0.959684237626008,0.996944727953093,"GO:0048025","negative regulation of mRNA splicing, via spliceosome"
25,0.0110338699577789,"Up",0.960200876561215,0.996944727953093,"GO:2000406","positive regulation of T cell migration"
15,0.0348960657846177,"Down",0.960503658943609,0.996944727953093,"GO:0050433","regulation of catecholamine secretion"
25,-0.00658083703587378,"Up",0.960523473377386,0.996944727953093,"GO:0010658","striated muscle cell apoptotic process"
47,0.0144494360042894,"Down",0.961216396950675,0.996944727953093,"GO:0043255","regulation of carbohydrate biosynthetic process"
182,0.0220468062686046,"Down",0.961273150200216,0.996944727953093,"GO:0048880","sensory system development"
182,0.0220468062686046,"Down",0.961273150200216,0.996944727953093,"GO:0150063","visual system development"
20,0.0285399974188971,"Down",0.961833207990391,0.996944727953093,"GO:0032878","regulation of establishment or maintenance of cell polarity"
20,0.0285399974188971,"Down",0.961833207990391,0.996944727953093,"GO:2000114","regulation of establishment of cell polarity"
176,0.0253706254404619,"Up",0.961939838117982,0.996944727953093,"GO:0071560","cellular response to transforming growth factor beta stimulus"
22,0.0428463470973728,"Down",0.962234439789856,0.996944727953093,"GO:0010573","vascular endothelial growth factor production"
29,0.120473028139522,"Down",0.962311278447506,0.996944727953093,"GO:0014037","Schwann cell differentiation"
17,0.0287445381948952,"Up",0.962610128186862,0.996944727953093,"GO:0090050","positive regulation of cell migration involved in sprouting angiogenesis"
62,0.05050158424862,"Down",0.963125953838223,0.996944727953093,"GO:0001508","action potential"
129,0.0261537735487955,"Down",0.96348003174854,0.996944727953093,"GO:0043543","protein acylation"
78,0.0105161864341656,"Down",0.96390131600637,0.996944727953093,"GO:0002244","hematopoietic progenitor cell differentiation"
20,0.0758376328685782,"Down",0.964099078281076,0.996944727953093,"GO:0014888","striated muscle adaptation"
42,0.0231127273895781,"Down",0.96422589949731,0.996944727953093,"GO:0060291","long-term synaptic potentiation"
89,0.146513097151863,"Down",0.964253585453622,0.996944727953093,"GO:0050684","regulation of mRNA processing"
25,0.0277874763369924,"Up",0.964429470897084,0.996944727953093,"GO:0032735","positive regulation of interleukin-12 production"
169,0.0104199531698143,"Up",0.964452621262758,0.996944727953093,"GO:0030217","T cell differentiation"
398,0.105902420416813,"Down",0.964716681173931,0.996944727953093,"GO:0016071","mRNA metabolic process"
23,0.00649035036020572,"Down",0.964859545784551,0.996944727953093,"GO:0032892","positive regulation of organic acid transport"
15,-0.0283617647068146,"Down",0.965266939204648,0.996944727953093,"GO:0009651","response to salt stress"
42,0.0236293015673298,"Down",0.965283660566758,0.996944727953093,"GO:0045669","positive regulation of osteoblast differentiation"
29,-0.00647707624283563,"Down",0.965539858128903,0.996944727953093,"GO:0034142","toll-like receptor 4 signaling pathway"
47,0.173641751687158,"Down",0.96573365629947,0.996944727953093,"GO:0000245","spliceosomal complex assembly"
18,0.0331411586213893,"Up",0.965840682302238,0.996944727953093,"GO:0033687","osteoblast proliferation"
47,0.0370119625541408,"Up",0.965882357307508,0.996944727953093,"GO:0042982","amyloid precursor protein metabolic process"
37,0.000172226775337113,"Down",0.966211085367374,0.996944727953093,"GO:0032757","positive regulation of interleukin-8 production"
92,-0.00558047779522536,"Up",0.966758230518503,0.996944727953093,"GO:0030183","B cell differentiation"
27,0.0126470495336336,"Up",0.966798610980528,0.996944727953093,"GO:0098900","regulation of action potential"
104,0.00962916328230526,"Up",0.967195433213927,0.996944727953093,"GO:0019722","calcium-mediated signaling"
27,0.00905757517720535,"Up",0.967350642936502,0.996944727953093,"GO:1903350","response to dopamine"
27,0.00905757517720535,"Up",0.967350642936502,0.996944727953093,"GO:1903351","cellular response to dopamine"
110,0.0165877894118207,"Down",0.96738841671257,0.996944727953093,"GO:0048738","cardiac muscle tissue development"
42,0.0100371247722468,"Down",0.967718492286353,0.996944727953093,"GO:1990874","vascular associated smooth muscle cell proliferation"
25,0.0523863621477587,"Up",0.967889739896629,0.996944727953093,"GO:0033120","positive regulation of RNA splicing"
166,0.00405977738563793,"Down",0.968081306359834,0.996944727953093,"GO:0071375","cellular response to peptide hormone stimulus"
150,0.00677478741626143,"Up",0.968166318776776,0.996944727953093,"GO:0048608","reproductive structure development"
57,0.000141474434573067,"Up",0.968288776964596,0.996944727953093,"GO:0060996","dendritic spine development"
29,0.0076780125441779,"Down",0.969070376589364,0.996944727953093,"GO:0033692","cellular polysaccharide biosynthetic process"
72,0.0401143246982086,"Down",0.969341235399539,0.996944727953093,"GO:0051304","chromosome separation"
17,-0.00891460678129583,"Up",0.969437891312642,0.996944727953093,"GO:0031365","N-terminal protein amino acid modification"
58,-0.000926997198710047,"Up",0.969507776020546,0.996944727953093,"GO:0050714","positive regulation of protein secretion"
98,0.041965230664942,"Up",0.969741744796955,0.996944727953093,"GO:0006606","protein import into nucleus"
87,0.0201361689134621,"Up",0.969878889948933,0.996944727953093,"GO:0014065","phosphatidylinositol 3-kinase signaling"
248,0.00350407911962639,"Down",0.969965809776553,0.996944727953093,"GO:0030099","myeloid cell differentiation"
59,0.0334754284390268,"Up",0.969997160090481,0.996944727953093,"GO:0048640","negative regulation of developmental growth"
36,0.171417880036923,"Up",0.970104514569072,0.996944727953093,"GO:1904356","regulation of telomere maintenance via telomere lengthening"
52,0.0195473944761743,"Up",0.970383096989994,0.996944727953093,"GO:1901992","positive regulation of mitotic cell cycle phase transition"
19,0.0256329403133124,"Down",0.970930508984307,0.996944727953093,"GO:0036037","CD8-positive, alpha-beta T cell activation"
15,0.040930606261522,"Up",0.971200723534003,0.996944727953093,"GO:0040036","regulation of fibroblast growth factor receptor signaling pathway"
33,0.0227610007062517,"Down",0.971974303682337,0.996944727953093,"GO:0061900","glial cell activation"
31,0.142733046451107,"Up",0.972053792364085,0.996944727953093,"GO:0001755","neural crest cell migration"
41,0.0125507375614766,"Down",0.972133805961378,0.996944727953093,"GO:2001021","negative regulation of response to DNA damage stimulus"
97,0.0846620217302823,"Up",0.972300789239696,0.996944727953093,"GO:0051168","nuclear export"
17,0.0635464173336465,"Up",0.972427428918438,0.996944727953093,"GO:0001783","B cell apoptotic process"
81,0.0324010591013617,"Up",0.972644854072361,0.996944727953093,"GO:0050768","negative regulation of neurogenesis"
22,0.0133059168716119,"Down",0.97314871643409,0.996944727953093,"GO:0002335","mature B cell differentiation"
442,0.00649801787304024,"Down",0.973928327447949,0.996944727953093,"GO:0000165","MAPK cascade"
67,0.0317894954490577,"Up",0.974079936134192,0.996944727953093,"GO:0035710","CD4-positive, alpha-beta T cell activation"
15,0.0173820538573626,"Up",0.97433199124869,0.996944727953093,"GO:1901673","regulation of mitotic spindle assembly"
51,0.0187389276643009,"Up",0.974477699680893,0.996944727953093,"GO:0051851","modulation by host of symbiont process"
72,0.0757239703042479,"Down",0.974490351555643,0.996944727953093,"GO:0045739","positive regulation of DNA repair"
18,0.114018875374255,"Down",0.974742458966463,0.996944727953093,"GO:0061311","cell surface receptor signaling pathway involved in heart development"
17,-0.00703005507340016,"Up",0.974867078867931,0.996944727953093,"GO:0036119","response to platelet-derived growth factor"
301,0.0255773579103669,"Up",0.97518356180446,0.996944727953093,"GO:0048667","cell morphogenesis involved in neuron differentiation"
111,0.0401034066973333,"Up",0.97536604830466,0.996944727953093,"GO:0006473","protein acetylation"
126,0.0365374053865114,"Down",0.975366707442566,0.996944727953093,"GO:0003018","vascular process in circulatory system"
22,0.0538238474397866,"Down",0.975375665352926,0.996944727953093,"GO:0099022","vesicle tethering"
19,0.213527966649052,"Up",0.975797288357578,0.996944727953093,"GO:0035459","vesicle cargo loading"
21,-0.0231159971778824,"Up",0.975834685157835,0.996944727953093,"GO:0045070","positive regulation of viral genome replication"
15,0.0118600758601383,"Up",0.976161324172071,0.996944727953093,"GO:0000096","sulfur amino acid metabolic process"
40,0.0101597115150099,"Up",0.976832815011209,0.996944727953093,"GO:0010812","negative regulation of cell-substrate adhesion"
242,0.0224716496285697,"Up",0.977033458246046,0.996944727953093,"GO:0044270","cellular nitrogen compound catabolic process"
45,0.054599515200572,"Down",0.977961128326087,0.996944727953093,"GO:1903509","liposaccharide metabolic process"
213,0.0214379784664815,"Down",0.977993185041727,0.996944727953093,"GO:0007178","transmembrane receptor protein serine/threonine kinase signaling pathway"
308,0.00749177772094853,"Down",0.978215621127854,0.996944727953093,"GO:0009896","positive regulation of catabolic process"
18,0.0465805515034443,"Down",0.978412713710966,0.996944727953093,"GO:2000819","regulation of nucleotide-excision repair"
21,0.0188640415101783,"Up",0.978755383461355,0.996944727953093,"GO:0090140","regulation of mitochondrial fission"
191,0.0585671108821283,"Down",0.978804558527499,0.996944727953093,"GO:0007059","chromosome segregation"
117,0.0145478389721752,"Down",0.978918018112783,0.996944727953093,"GO:0046578","regulation of Ras protein signal transduction"
29,0.15330193871976,"Up",0.978970007854357,0.996944727953093,"GO:2000144","positive regulation of DNA-templated transcription initiation"
17,0.0636071302584658,"Up",0.979240675434979,0.996944727953093,"GO:0051647","nucleus localization"
47,0.139371953553109,"Down",0.979295695202168,0.996944727953093,"GO:0007156","homophilic cell adhesion via plasma membrane adhesion molecules"
194,0.00770563786751308,"Up",0.979341268440063,0.996944727953093,"GO:0030111","regulation of Wnt signaling pathway"
22,0.105175751104261,"Down",0.979767944870277,0.996944727953093,"GO:0022011","myelination in peripheral nervous system"
22,0.105175751104261,"Down",0.979767944870277,0.996944727953093,"GO:0032292","peripheral nervous system axon ensheathment"
71,0.126352268835962,"Up",0.979841235700631,0.996944727953093,"GO:0048024","regulation of mRNA splicing, via spliceosome"
22,-0.0193288506439663,"Down",0.979907123876407,0.996944727953093,"GO:0019933","cAMP-mediated signaling"
37,0.0746843068314035,"Up",0.980027777304544,0.996944727953093,"GO:1902895","positive regulation of miRNA transcription"
95,0.0559493670995258,"Down",0.980631164647863,0.996944727953093,"GO:0042552","myelination"
18,-0.0076377594547787,"Up",0.980925477007155,0.996944727953093,"GO:0034643","establishment of mitochondrion localization, microtubule-mediated"
18,-0.0076377594547787,"Up",0.980925477007155,0.996944727953093,"GO:0047497","mitochondrion transport along microtubule"
39,0.0993665428642831,"Up",0.981007486318972,0.996944727953093,"GO:0044088","regulation of vacuole organization"
21,0.111312981537721,"Down",0.981161436152994,0.996944727953093,"GO:0090503","RNA phosphodiester bond hydrolysis, exonucleolytic"
38,0.0450893743118168,"Down",0.981188278258628,0.996944727953093,"GO:0042987","amyloid precursor protein catabolic process"
18,0.0714536541732823,"Up",0.981494551410981,0.996944727953093,"GO:0000959","mitochondrial RNA metabolic process"
131,0.054585831557122,"Down",0.981498658605285,0.996944727953093,"GO:0006354","DNA-templated transcription elongation"
151,0.00605309230260307,"Down",0.981874613945772,0.996944727953093,"GO:0061458","reproductive system development"
60,0.0110492241899444,"Up",0.981885195895173,0.996944727953093,"GO:0090100","positive regulation of transmembrane receptor protein serine/threonine kinase signaling pathway"
42,0.0387636390033589,"Down",0.982058475736683,0.996944727953093,"GO:0035924","cellular response to vascular endothelial growth factor stimulus"
28,0.0148437896640638,"Up",0.982061960337639,0.996944727953093,"GO:2000351","regulation of endothelial cell apoptotic process"
23,0.0480506274687827,"Up",0.982215316255564,0.996944727953093,"GO:0034405","response to fluid shear stress"
26,0.0132695714535527,"Down",0.982355934182279,0.996944727953093,"GO:0090224","regulation of spindle organization"
32,0.0441103506351431,"Down",0.982803988027869,0.996944727953093,"GO:0003407","neural retina development"
180,0.0230379569857673,"Up",0.983287657258519,0.996944727953093,"GO:0071559","response to transforming growth factor beta"
25,0.119032957044648,"Up",0.983708839675816,0.996944727953093,"GO:0086002","cardiac muscle cell action potential involved in contraction"
20,0.220476002827954,"Down",0.983960799228267,0.996944727953093,"GO:0034063","stress granule assembly"
206,0.0175775447762745,"Up",0.984126836851517,0.996944727953093,"GO:0001701","in utero embryonic development"
15,0.0459168815783777,"Up",0.9842523297802,0.996944727953093,"GO:1902307","positive regulation of sodium ion transmembrane transport"
24,0.0252725595543462,"Down",0.98443254544424,0.996944727953093,"GO:0006111","regulation of gluconeogenesis"
40,0.107388725394865,"Up",0.985007359094065,0.996944727953093,"GO:0008347","glial cell migration"
237,0.0172721367979856,"Up",0.985037072999011,0.996944727953093,"GO:0001503","ossification"
47,0.0456574298973544,"Down",0.986038879929694,0.996944727953093,"GO:1903035","negative regulation of response to wounding"
41,0.00572414251770709,"Down",0.986289691180214,0.996944727953093,"GO:1904705","regulation of vascular associated smooth muscle cell proliferation"
22,0.0151574824395435,"Down",0.986446656995404,0.996944727953093,"GO:2000515","negative regulation of CD4-positive, alpha-beta T cell activation"
19,0.144263712191388,"Up",0.986647040465406,0.996944727953093,"GO:0003382","epithelial cell morphogenesis"
29,0.024649568168304,"Down",0.986979660251035,0.996944727953093,"GO:1990089","response to nerve growth factor"
29,0.024649568168304,"Down",0.986979660251035,0.996944727953093,"GO:1990090","cellular response to nerve growth factor stimulus"
31,0.0174782137771668,"Up",0.987311646764843,0.996944727953093,"GO:0032613","interleukin-10 production"
31,0.0174782137771668,"Up",0.987311646764843,0.996944727953093,"GO:0032653","regulation of interleukin-10 production"
168,0.0560011009687782,"Down",0.987325301335627,0.996944727953093,"GO:0051054","positive regulation of DNA metabolic process"
186,0.0342275594883976,"Up",0.987450208238325,0.996944727953093,"GO:0140014","mitotic nuclear division"
19,0.0228991861577318,"Down",0.987695240567516,0.996944727953093,"GO:0031018","endocrine pancreas development"
97,0.0554523603744941,"Down",0.987831693036158,0.996944727953093,"GO:0007272","ensheathment of neurons"
97,0.0554523603744941,"Down",0.987831693036158,0.996944727953093,"GO:0008366","axon ensheathment"
33,0.0317644601965928,"Up",0.987963088028812,0.996944727953093,"GO:0033047","regulation of mitotic sister chromatid segregation"
33,-0.000684029408771308,"Up",0.988065521790376,0.996944727953093,"GO:0008652","cellular amino acid biosynthetic process"
22,0.142257472984369,"Up",0.988654891945745,0.996944727953093,"GO:0051085","chaperone cofactor-dependent protein refolding"
53,0.0782590554357051,"Up",0.988740979544434,0.996944727953093,"GO:0048864","stem cell development"
21,-0.0127998740415831,"Down",0.988783150049915,0.996944727953093,"GO:0021955","central nervous system neuron axonogenesis"
444,0.00445682020099367,"Down",0.989159686669952,0.996944727953093,"GO:0042327","positive regulation of phosphorylation"
16,0.0913062296429671,"Up",0.989383963098418,0.996944727953093,"GO:0006471","protein ADP-ribosylation"
26,0.0123122969148212,"Down",0.989633652829955,0.996944727953093,"GO:1903670","regulation of sprouting angiogenesis"
164,0.00345624426846721,"Down",0.990144733119317,0.996944727953093,"GO:0071692","protein localization to extracellular region"
56,0.0254835295795642,"Up",0.990314866462491,0.996944727953093,"GO:0014896","muscle hypertrophy"
239,0.025927057751272,"Down",0.990410632867802,0.996944727953093,"GO:0046700","heterocycle catabolic process"
92,0.109688959611269,"Down",0.99043147356125,0.996944727953093,"GO:0050657","nucleic acid transport"
92,0.109688959611269,"Down",0.99043147356125,0.996944727953093,"GO:0050658","RNA transport"
103,0.00500232735289388,"Up",0.990596959767431,0.996944727953093,"GO:0098656","anion transmembrane transport"
75,0.0286317571278078,"Up",0.990783619711921,0.996944727953093,"GO:0006022","aminoglycan metabolic process"
37,0.0225287368183454,"Up",0.991495956313687,0.996944727953093,"GO:0000768","syncytium formation by plasma membrane fusion"
37,0.0225287368183454,"Up",0.991495956313687,0.996944727953093,"GO:0140253","cell-cell fusion"
66,0.0439967317800794,"Up",0.991763261934665,0.996944727953093,"GO:1905818","regulation of chromosome separation"
18,7.13515920663867e-05,"Down",0.991897020057134,0.996944727953093,"GO:0046823","negative regulation of nucleocytoplasmic transport"
47,0.198701038107575,"Up",0.992112071607287,0.996944727953093,"GO:0006405","RNA export from nucleus"
331,0.0273605293231123,"Up",0.992220910892471,0.996944727953093,"GO:0048812","neuron projection morphogenesis"
23,-0.0119461491707166,"Down",0.992400759998222,0.996944727953093,"GO:1903203","regulation of oxidative stress-induced neuron death"
16,-0.00205016231846525,"Down",0.992423855402488,0.996944727953093,"GO:0070873","regulation of glycogen metabolic process"
68,0.0204137186514871,"Up",0.992435652738894,0.996944727953093,"GO:0051928","positive regulation of calcium ion transport"
20,0.0117583446509128,"Up",0.992493510496947,0.996944727953093,"GO:0005978","glycogen biosynthetic process"
20,0.0117583446509128,"Up",0.992493510496947,0.996944727953093,"GO:0009250","glucan biosynthetic process"
24,-0.015533578809302,"Down",0.992676328869008,0.996944727953093,"GO:0043507","positive regulation of JUN kinase activity"
19,-0.00457606758408987,"Down",0.992741600059119,0.996944727953093,"GO:0071425","hematopoietic stem cell proliferation"
26,0.0872596904443538,"Down",0.993215713861402,0.996944727953093,"GO:0035272","exocrine system development"
33,-0.00418739332479342,"Down",0.993428548227717,0.996944727953093,"GO:0009409","response to cold"
114,0.0210182673268863,"Down",0.993561220561907,0.996944727953093,"GO:0050803","regulation of synapse structure or activity"
29,0.052673396046723,"Up",0.993590227733484,0.996944727953093,"GO:1902459","positive regulation of stem cell population maintenance"
113,0.0890291982785381,"Up",0.993729641488316,0.996944727953093,"GO:0015931","nucleobase-containing compound transport"
30,0.0130937434197271,"Down",0.994338025559099,0.997286197602536,"GO:0002269","leukocyte activation involved in inflammatory response"
31,0.0345809941794984,"Down",0.994913648238649,0.997594633547834,"GO:0062208","positive regulation of pattern recognition receptor signaling pathway"
171,0.00583989999711212,"Down",0.995342898215952,0.997756175717015,"GO:0046651","lymphocyte proliferation"
43,0.0369842350315578,"Up",0.996217520441663,0.998307335292581,"GO:0002200","somatic diversification of immune receptors"
221,0.0289577749292324,"Down",0.996429304831133,0.998307335292581,"GO:0034655","nucleobase-containing compound catabolic process"
158,0.00806178778743917,"Down",0.99721415870504,0.998824733389355,"GO:0070663","regulation of leukocyte proliferation"
26,-0.0147342081532755,"Up",0.997964194960611,0.999150582285322,"GO:0043537","negative regulation of blood vessel endothelial cell migration"
35,0.00318679958756683,"Up",0.998076515548116,0.999150582285322,"GO:0042310","vasoconstriction"
115,-0.00310295275986586,"Down",0.999223928826247,0.999648578232643,"GO:0050708","regulation of protein secretion"
56,0.00451597510514239,"Up",0.999322931337822,0.999648578232643,"GO:1902749","regulation of cell cycle G2/M phase transition"
68,0.00626015175728598,"Down",0.999497210696773,0.999648578232643,"GO:0015748","organophosphate ester transport"
41,0.030211137256872,"Down",0.999648578232643,0.999648578232643,"GO:2000036","regulation of stem cell population maintenance"
