"gene","all15_adjusted_technique_logFC","all15_adjusted_technique_FDR","fresh11_logFC","fresh11_FDR","fresh_no_prior_treatment_logFC","fresh_no_prior_treatment_FDR"
"HES4",0.497855341620019,0.831586301123345,0.337093377889154,0.662968147963699,0.276985071150371,0.635630814036157
"ISG15",0.414484463068622,0.924498996804901,0.26268599295239,0.790067916621749,0.257087918638618,0.829309687795442
"AGRN",0.452544323003839,0.743641475921582,0.298380423691911,0.652754646020219,0.260044083668812,0.685511798317414
"TNFRSF18",0.750973748548457,0.620497879203569,0.562848129102982,0.539909812541728,0.565366897909066,0.454646209978998
"TNFRSF4",0.843003892707663,0.585154410769659,0.572875915891275,0.539909812541728,0.623383784366017,0.364381114006951
"SDF4",0.274878793691622,0.620497879203569,0.193904019062703,0.576859503928985,0.194204723471777,0.524568846667637
"MXRA8",-0.18342072028829,0.978731255112132,-0.131516459784158,0.943771660997727,-0.279479834089232,0.820813436109508
"AURKAIP1",0.238953281616771,0.946978282166981,0.197398237250571,0.610562468549926,0.275138232716143,0.457693902149344
"MRPL20",0.126843550677158,0.903608037062864,0.126367302945933,0.70238198276846,0.185269145705279,0.59257341004653
"ANKRD65",0.657493305941567,0.836203256481455,0.476236964856681,0.680554703992045,0.396588021989009,0.752667262709707
"VWA1",0.304157085593441,0.961059654169002,0.225789453873489,0.905296396015766,0.132796468325934,0.945651935947817
"SSU72",0.138401128907203,0.832510365260709,0.0973050843011684,0.763121519273086,0.163352291728199,0.57608720313013
"CDK11B",-0.108489011366557,0.882264046366445,-0.0767887418938422,0.776361663279111,-0.0808826949203555,0.801143625969714
"GNB1",-0.0707587892992704,0.937295590475388,-0.0385305859068282,0.891507633403955,-0.0464511120643997,0.883528995898572
"GABRD",-0.476974931865196,0.915615419264746,-0.383771977650243,0.826603556802908,-0.63460006880163,0.610364968373009
"FAAP20",0.228738119069629,0.915615419264746,0.152475212947421,0.736250818799569,0.207314040188688,0.669670035570073
"SKI",-0.174117802330846,0.8276928018909,-0.136849523133471,0.626375901485095,-0.143412081076214,0.628925208978826
"RER1",0.160377717370991,0.756024783939142,0.131047722119552,0.680554703992045,0.181321973764365,0.526483868522985
"TNFRSF14",0.210389000072893,0.756024783939142,0.202022132986284,0.567636892317067,0.252030133425219,0.478589739893132
"PRDM16-DT",0.368217676980969,0.947261053507097,0.235722383903129,0.903162098034093,0.0677127266691996,0.976553737496412
"PRDM16",-0.562978256018541,0.847164208899954,-0.352428156005072,0.790067916621749,-0.509863800083587,0.661047764554629
"MEGF6",-1.14660392195663,0.607226415643211,-0.779299634621988,0.539909812541728,-1.03931419311542,0.364381114006951
"KCNAB2",0.226054864132445,0.871146086444017,0.136449321572978,0.78785297839852,0.261701707938723,0.533803753509296
"RPL22",0.103925729679247,0.975727322813314,0.0177392692541726,0.963675564531743,0.00475847237444857,0.992577129869039
"ACOT7",0.247972195452173,0.903608037062864,0.124147646517147,0.833086038015381,0.118200446666415,0.869037585050217
"KLHL21",0.00250034524662188,0.998689477015887,-0.00794731858578512,0.991993697591546,-0.104436657396849,0.883528995898572
"CAMTA1",-0.135566627464046,0.85325053155458,-0.122230287710957,0.711331071049251,-0.197668248097398,0.562754315836961
"VAMP3",0.234671542806124,0.66824518927896,0.152809537776369,0.647778243729206,0.202343365895109,0.475799368520998
"PER3",-0.319701684856071,0.816802374023944,-0.27750996244047,0.646833124773783,-0.490847040576796,0.364397940374669
"PARK7",0.114926572002087,0.975727322813314,0.131834442525003,0.680554703992045,0.180211741141288,0.565565168186256
"ERRFI1",-0.335200080155453,0.76063344310174,-0.266153021280751,0.565951168967911,-0.439691190944371,0.257964807679234
"RERE",-0.212885664150443,0.743988537519481,-0.142033696213558,0.680554703992045,-0.230208722118908,0.512732031326607
"ENO1",0.481700643898698,0.620497879203569,0.337143229885756,0.539909812541728,0.399402397581709,0.257964807679234
"SLC2A5",0.494754090212566,0.585154410769659,0.358835870224292,0.539909812541728,0.414895822789881,0.364381114006951
"GPR157",-0.266799770834733,0.878896297442202,-0.135946984129241,0.860805568863765,-0.171172628754387,0.835540631784637
"MIR34AHG",-0.604225065837733,0.735468360345859,-0.437985660658337,0.680554703992045,-0.529755888415447,0.607799540806047
"SPSB1",0.22100683401221,0.915615419264746,0.249253904361472,0.725781874510064,0.0904542269627423,0.877069431682963
"SLC25A33",0.247060341202368,0.831586301123345,0.21482733939534,0.675699955475318,0.157175239102609,0.749292653756677
"PIK3CD",-0.227575575187348,0.838228110296931,-0.145428615374214,0.771102910355608,-0.186831671260549,0.709125894230301
"CLSTN1",0.0914742395261726,0.922573211693604,0.0765643753678536,0.839806827180451,0.0361342951602974,0.943978301924551
"LZIC",0.0542835576984343,0.959248300621966,0.0224757407907276,0.96242869953788,0.0702873895382655,0.843988175644867
"RBP7",0.314686537010232,0.920800560535454,0.149634160216803,0.921322498525649,0.765358586482552,0.426574974407626
"UBE4B",-0.0836504965401293,0.92417531528931,-0.0519148814557233,0.894437808342616,-0.0408475643802561,0.932543727288546
"KIF1B",0.136788187991174,0.935582707073966,0.172508206786729,0.65750952685365,0.123712910995933,0.778880488152119
"PGD",0.0971072570343254,0.847763278066247,0.0651284161410088,0.794635704147709,0.0586834031364625,0.858556683513597
"DFFA",0.0863497027659965,0.934723286792728,0.0785742853715783,0.831585683331886,0.146303166176954,0.674363867120955
"TARDBP",-0.12771559763444,0.845995942306838,-0.107813511865084,0.727359314461205,-0.167879315040603,0.628797604096334
"SRM",0.442592747255462,0.674893276948019,0.300344851296795,0.567636892317067,0.444733961732901,0.365925551768162
"EXOSC10",-0.06543616006911,0.945421051661546,-0.0391698591484526,0.925472853619315,-0.0372137033518201,0.93979183250301
"ANGPTL7",-0.227153595150511,0.976089777202807,-0.161949756801382,0.951722449221458,-0.363586634594435,0.857417679329704
"MAD2L2",0.170557142894835,0.945421051661546,0.124219861104047,0.682769929955018,0.118120691658543,0.724245636049355
"AGTRAP",-0.0186946399055573,0.987676987381042,-0.00821125881644325,0.987852510451791,0.0383402093219999,0.957032935111442
"MTHFR",-0.0503728823916711,0.977642744156684,-0.0493345214367969,0.932320009271582,-0.130210225706353,0.780470121393822
"AL021155.5",-0.679925343234551,0.615910607717767,-0.431624272949121,0.565951168967911,-0.674312773430601,0.257964807679234
"KIAA2013",0.296457492085772,0.620497879203569,0.181569459037079,0.567754820711177,0.165017399593811,0.633281215414405
"PLOD1",0.197020140786079,0.843597380972485,0.107030315911256,0.777536336922682,0.0711456617900108,0.879642667300819
"TNFRSF1B",0.0297162656691118,0.987676987381042,0.0563529411904809,0.891507633403955,0.0540353431524373,0.91093329104767
"VPS13D",-0.281021259027825,0.633461558848371,-0.209715831034103,0.55514082650781,-0.298332085973585,0.307928681666602
"DHRS3",0.394457414189126,0.615910607717767,0.246635846674231,0.565951168967911,0.298020261444182,0.470146306281723
"PDPN",0.651371825830507,0.620497879203569,0.498416865093772,0.539909812541728,0.574751525137036,0.477953424986133
"PRDM2",-0.184963975011087,0.743320417919054,-0.135794299360094,0.669124437478335,-0.16995344056509,0.639972620212142
"TMEM51",0.178315412705552,0.831586301123345,0.120601948771572,0.712661164701235,0.140714674687792,0.701923509492273
"EFHD2",0.202601424259171,0.713703084504335,0.138711365783136,0.659515997388856,0.132940884461003,0.661551674998693
"DDI2",-0.0697004922995267,0.945421051661546,-0.0757113389613271,0.833312333476619,-0.120223928068854,0.719114764621006
"PLEKHM2",0.194667327693654,0.842460010275105,0.182149522076322,0.598497349717122,0.144812702344839,0.692443850386734
"FBLIM1",-0.0990963784663216,0.983870626680522,-0.0979377719749505,0.947522425797012,-0.178121260429598,0.860190911861655
"AL450998.2",-0.333498388994611,0.663974594664865,-0.209526765483801,0.640296170376593,-0.333589928606326,0.364381114006951
"SPEN",0.0181888741053705,0.987676987381042,0.0417554811267549,0.891507633403955,0.00602824022044857,0.989193131684562
"EPHA2",-0.241044459045727,0.915615419264746,-0.265206129510535,0.700576833586673,-0.467654632790438,0.44942468992586
"FBXO42",-0.0417019328686652,0.96969270877943,-0.00728207526439653,0.981281389473242,-0.026004999991303,0.948163156610396
"SZRD1",0.0304975278380256,0.969952634197529,0.0208328277153985,0.951722449221458,-0.00972726617968087,0.980766459646602
"NECAP2",0.0719703251967473,0.924498996804901,0.0510038768250051,0.884392091917379,0.0468633307711538,0.91093329104767
"SDHB",-0.0360601694632858,0.975727322813314,-0.0202238530603691,0.968099084668931,-0.0536388841778673,0.89675635447082
"PADI2",0.128516821412404,0.934593646882978,0.00313785008147816,0.994761124908287,-0.0919578374404363,0.810255859833895
"RCC2",-0.0545155801513486,0.975333653661194,-0.0454246431156069,0.950352759818587,-0.157466389574564,0.763653082700191
"ARHGEF10L",-0.161485337493791,0.915615419264746,-0.0695498595665272,0.907199956713105,-0.153347433147171,0.794982096568494
"IGSF21",0.200701681802188,0.86918309088418,0.176107969365222,0.741266760767269,0.203042208670939,0.685511798317414
"ALDH4A1",0.320882833897902,0.916339396900937,0.194003085421163,0.824951711941929,0.120730647208803,0.902643232023022
"UBR4",0.03146944855118,0.975333653661194,0.0322835348584557,0.923054773439819,0.0222797097074839,0.95663234198753
"MRTO4",0.223732818276072,0.795440606734161,0.16467765249559,0.680554703992045,0.226326681613947,0.542987290174603
"AKR7A2",0.28011230160562,0.934816943280864,0.233259972614532,0.579154796044495,0.30856748993875,0.455988349676889
"CAPZB",0.212922090334257,0.8256295045224,0.17883139466326,0.593504960339697,0.170985542305814,0.59257341004653
"MICOS10",-0.0198381156345006,0.987168661761228,0.0137326564006402,0.973354405434521,-0.0246770996309587,0.957032935111442
"NBL1",0.730313441781673,0.633461558848371,0.582818030478368,0.539909812541728,0.551853961328851,0.376391918003978
"CAMK2N1",-0.629884067496248,0.871146086444017,-0.571265312419,0.706727969676431,-0.991839989439096,0.468140187860629
"CDA",-0.120727531572689,0.975727322813314,-0.0471584239445779,0.973528437650212,-0.150537154384157,0.902643232023022
"PINK1",0.311843002704054,0.743988537519481,0.182533063971286,0.709856235866375,0.229533923235781,0.677004758747164
"DDOST",0.406510058303711,0.790194960579831,0.24503955132947,0.655885041836434,0.274428940559549,0.594301230245286
"HP1BP3",-0.0385311265029238,0.967203858991469,-0.0382674274091685,0.903162098034093,-0.0711070908468779,0.834800523327559
"EIF4G3",-0.0220399045398572,0.987232790302631,0.00795994933495367,0.982962866478306,-0.0355776139732635,0.91792160187035
"ECE1",-0.216067378059305,0.945421051661546,-0.198578876864648,0.848354605388932,-0.289563693814898,0.703327541078532
"NBPF3",-0.614365519877107,0.842774473190308,-0.360486188942348,0.823141670358777,-0.517069384759956,0.53343481555173
"ALPL",0.0487172656347193,0.990850390543415,0.274586711161503,0.899623541499922,0.14872390601047,0.955892342072672
"USP48",-0.105311808299229,0.843597380972485,-0.0664518167256087,0.805882240027355,-0.0796142281658278,0.811910017160917
"HSPG2",-0.0466948669407496,0.989701309603352,-0.0739506510921003,0.967080217990028,-0.170382867917993,0.919542522552017
"CDC42",0.021881404994382,0.987232790302631,0.010868374278768,0.981143636643129,0.0313379203193287,0.952452473491598
"C1QA",0.403818707237824,0.695012064214002,0.270971395977291,0.542877387258005,0.344917538248097,0.44942468992586
"C1QC",0.29622770613185,0.743641475921582,0.199413865980175,0.602584390525497,0.156710577091965,0.678612840376044
"EPHB2",-0.0507886087041328,0.986243996198961,-0.0251467819408879,0.973021251271484,-0.110401983778825,0.852402427152772
"LUZP1",0.0109114769844247,0.989020511532505,0.0373406106881769,0.903162098034093,0.00355145380197161,0.995031168540369
"HNRNPR",0.16799365851879,0.779916009760274,0.124205628886045,0.707054072340348,0.166337650703869,0.623631194185174
"ID3",0.451140369736966,0.850765417220173,0.279728514824673,0.602584390525497,0.324530349971192,0.428606286713091
"RPL11",0.127822807198936,0.969952634197529,0.0593625273900341,0.878905000893612,0.0834811330627021,0.825293721416026
"ELOA",0.255694874154545,0.705285388385037,0.208939504637488,0.576859503928985,0.203701864128163,0.592456238694904
"PITHD1",0.136419890819902,0.802175895468196,0.112190625062123,0.708811003907701,0.10511358789454,0.753392468267112
"FUCA1",0.230925644684823,0.847164208899954,0.220312717019847,0.700576833586673,0.298114496846917,0.639972620212142
"PNRC2",0.0502249862039162,0.969952634197529,0.00429082195994828,0.994111893424054,-0.0293797922857558,0.945137784813934
"SRSF10",0.0207382163556556,0.985341801996434,0.0187449641295977,0.961663698018687,-0.00027566724903394,0.999739842870507
"IFNLR1",0.330868697963128,0.663974594664865,0.239953735296255,0.616245684561578,0.198910501580252,0.625243195356247
"RCAN3",0.204133640379743,0.885618959136343,0.1577924567614,0.792632874975668,0.26841380623905,0.676221429161992
"NCMAP",-0.457624934750563,0.805297296612406,-0.356997037525441,0.694207620665764,-0.552844036355448,0.534535673464558
"SRRM1",0.0309684295944448,0.98469852697543,0.0223191251974915,0.963632023564318,0.0268200862366577,0.963163635851747
"CLIC4",-0.191731353094904,0.903608037062864,-0.219901937465796,0.649331678226707,-0.29141777736656,0.562754315836961
"RUNX3",0.0615514244718244,0.987060796028084,0.0206757068011485,0.982567521584643,-0.0675873631146993,0.943575532563431
"SYF2",0.125383432922042,0.937120241257205,0.0345503033297475,0.923054773439819,0.0542927634561323,0.889079989871534
"RSRP1",0.151422344031443,0.863283423432487,0.114019115218142,0.762178011805281,0.0235025152447532,0.955253064145895
"TMEM50A",0.136809127224976,0.925683773823925,0.043820822837122,0.918264301475907,0.074059631249794,0.835496228774023
"MACO1",0.194434626262797,0.743988537519481,0.134631053029665,0.680554703992045,0.17140204868833,0.584982212025935
"MAN1C1",-0.1422995016228,0.923602803613446,-0.0897128586846094,0.879318949048446,-0.147947154488687,0.801143625969714
"SELENON",0.120503398028295,0.945421051661546,0.0195420254944927,0.967149837859175,-0.0213004427462622,0.973942463195293
"STMN1",0.406571314613278,0.915615419264746,0.235757971922246,0.682971009494621,0.25362055657755,0.673601444674556
"EXTL1",0.506852425319546,0.915615419264746,0.370757039380369,0.790067916621749,0.383973469069021,0.819404388860613
"ZNF593",0.0618736332903832,0.987676987381042,0.142895040275866,0.769244863018058,0.230684916513517,0.63619800783588
"SH3BGRL3",0.218590399289774,0.957189039659644,0.18400262730664,0.577660339563635,0.18797888700588,0.570453357692432
"HMGN2",0.0499988223133458,0.961059654169002,0.0277813458858523,0.944654221389336,0.0324495697882598,0.937464884225664
"RPS6KA1",0.0756120073788443,0.937120241257205,0.0370056769046419,0.925472853619315,-0.0270279406233512,0.948948694018818
"ARID1A",-0.0957410987232482,0.891570953693957,-0.0783185051250214,0.777536336922682,-0.0843686076301902,0.759954651839089
"NUDC",0.326474576130337,0.607226415643211,0.236206740488994,0.539909812541728,0.308435967099369,0.376007367404144
"TRNP1",-0.582878311420215,0.842460010275105,-0.502809028795358,0.6118955526808,-0.761285942625577,0.406317645003979
"SLC9A1",-0.360733201473286,0.667130010426893,-0.248144111833113,0.602584390525497,-0.393951474277701,0.376391918003978
"MAP3K6",0.118759865670376,0.975727322813314,0.0632226219981854,0.966260254238925,0.317798484568662,0.795852028600715
"WASF2",0.197947033127194,0.850765417220173,0.158661917797085,0.753503800478187,0.198903450391541,0.706323775177875
"FGR",0.447243927315901,0.635362086335881,0.292921659272544,0.6118955526808,0.383404088425779,0.455988349676889
"IFI6",0.450134834627371,0.876796771935752,0.296894793815763,0.760672802013947,0.320828333072406,0.783280038897654
"FAM76A",-0.048183198820916,0.968529247878935,-0.0136991549952044,0.973528437650212,0.00729939088653902,0.989193131684562
"STX12",0.0542699064252243,0.949591008943738,0.0549828206528222,0.865887045284762,0.0847709073749796,0.76314604473281
"THEMIS2",0.11527213652214,0.945421051661546,0.104984682903364,0.777536336922682,0.0954419818819133,0.824265827988779
"RPA2",0.0866703055327489,0.95867628166691,0.136478249773748,0.675806956804428,0.223566448693664,0.41778242206138
"EYA3",-0.16717965740081,0.795440606734161,-0.123598586374121,0.708900705627479,-0.144850323162311,0.67979676378871
"PTAFR",-0.0884088338046378,0.945421051661546,-0.0520505460248,0.923658544855646,-0.100098614336415,0.848000614637326
"DNAJC8",0.0999822424055433,0.895362634494784,0.0833903608200399,0.792119220424349,0.108067693426403,0.763401414502149
"ATP5IF1",0.0262369335992443,0.990850390543415,0.0293971670298536,0.941212492482467,0.0179440261815477,0.973032288889537
"SESN2",0.0224564062271641,0.987676987381042,0.0420829585119779,0.935421184648312,0.0539611794339493,0.912744775516187
"PHACTR4",-0.0202966641915237,0.987381297202584,0.0251940051792963,0.957394958288183,0.00101126355032642,0.998801924059983
"SNHG3",-0.172341156142703,0.795440606734161,-0.0881848122660377,0.790067916621749,-0.146800539438641,0.643946550076799
"TRNAU1AP",0.0958986985674396,0.915615419264746,0.0537011921530759,0.855264151360494,0.0526530369905685,0.876699863846491
"SNHG12",-0.0739497373228979,0.972446518765152,-0.151902135366729,0.735512908698436,-0.317955685961335,0.407296648637997
"RAB42",1.14726773657369,0.604925876047743,0.64180329505041,0.539909812541728,0.655323362641275,0.375353679182458
"AL360012.1",-0.897572204730672,0.585154410769659,-0.646338920614349,0.539909812541728,-0.867417441411717,0.257964807679234
"YTHDF2",0.17655569392242,0.732041954624041,0.13254044442983,0.655885041836434,0.107599659153499,0.745479749789988
"EPB41",-0.028384793140472,0.986243996198961,-0.0210891619010084,0.959017712897183,-0.0566996943146823,0.872664823926407
"SRSF4",0.0562470628120487,0.937295590475388,0.0505269245112848,0.867603247258077,0.088140571258474,0.757110439724718
"LAPTM5",0.327958452253845,0.663974594664865,0.217862471208908,0.539909812541728,0.259002210663179,0.422129583867478
"SDC3",0.170748497004153,0.946978282166981,0.0395702883385874,0.956240560346755,0.047548369501349,0.946888849990106
"PUM1",-0.0545052910961267,0.947261053507097,-0.0473490787695383,0.877596807432083,-0.0698338044424434,0.837429769891498
"ZCCHC17",0.204539950508083,0.6712330458952,0.162110921540999,0.602584390525497,0.200533300519593,0.549237887780251
"FABP3",0.479412189966742,0.743988537519481,0.383967362827077,0.630580518105103,0.327476697574824,0.703913696755257
"TINAGL1",0.187992454873462,0.973470246864783,0.0769896303974993,0.971524995429752,-0.227235078074044,0.893999230675575
"COL16A1",-0.156317342704866,0.975727322813314,-0.130953392226117,0.947522425797012,-0.274041094104248,0.851564929770219
"PTP4A2",-0.0414688783704351,0.968370079144705,-0.041116985679434,0.892840884979413,-0.0865351966430221,0.779378616307891
"KHDRBS1",0.0887823098428012,0.937295590475388,0.0728982479603417,0.868420307355323,0.137208708582244,0.667921674475988
"KPNA6",-0.105473862953967,0.882264046366445,-0.0511846170569465,0.863819272652839,-0.0681589352601284,0.811438752279164
"TXLNA",0.0248173126933155,0.987165551409643,0.0357199629452499,0.93914373777039,0.0123514835992041,0.983851956690426
"EIF3I",0.231571513867805,0.831586301123345,0.218262608894643,0.602584390525497,0.301930699203445,0.424283003036233
"LCK",0.813638714084728,0.795440606734161,0.62858795686635,0.707016966668684,0.641781094760301,0.704955888516877
"HDAC1",0.181463920051647,0.836203256481455,0.149391967793278,0.675806956804428,0.144646581982713,0.673601444674556
"MARCKSL1",-0.098170333556872,0.985589193542083,0.0100376507342493,0.984011097633494,-0.0412027773458931,0.950144594039427
"ZBTB8OS",-0.108354789594476,0.877674649062151,-0.0582247868145141,0.86055599668641,-0.0623046252682523,0.860190911861655
"RBBP4",-0.0926702436186077,0.915615419264746,-0.0653946447121742,0.867775140580767,-0.0828642438651195,0.857884865597646
"S100PBP",-0.196344226314062,0.756057892358215,-0.138180157488795,0.695474235878513,-0.170096585043745,0.661101052133121
"FNDC5",-0.482289396251278,0.850765417220173,-0.314652265328444,0.816966788753782,-0.479101915947204,0.65642344853735
"RNF19B",-0.218180200396271,0.800333220917391,-0.104432328178663,0.682769929955018,-0.162077432223841,0.562754315836961
"AK2",0.0335797076143274,0.95867628166691,0.0122243612290365,0.96668416533004,-0.0230429882489656,0.943978301924551
"AL513327.1",-0.413073273951179,0.7720934904036,-0.267762700767222,0.78785297839852,-0.303489982054092,0.761421121087099
"PHC2",0.205200155138156,0.895362634494784,0.146295495324284,0.846024136401659,0.141294477935922,0.865053534712714
"CSMD2",-0.393052535061927,0.924498996804901,-0.186178180171573,0.923054773439819,-0.321213156177197,0.763653082700191
"SMIM12",0.175096547763709,0.713703084504335,0.167700914947851,0.566135177186251,0.175836898393789,0.56122308555548
"TMEM35B",0.00756455742832457,0.99696237435303,-0.0308403057710283,0.95050569742153,-0.0341996954956101,0.922709833813539
"ZMYM6",-0.182264509021649,0.684052758618523,-0.138975611267204,0.6118955526808,-0.18337209677952,0.540045864690696
"SFPQ",0.15840308251949,0.848903305816828,0.0996566084232101,0.791199639106284,0.044548787768926,0.913198250106699
"ZMYM4",-0.0824622002921332,0.927411047546878,-0.0473558322175267,0.907067244794642,-0.0576064905665063,0.901057972955735
"KIAA0319L",-0.0670448500901221,0.961591643082254,-0.0226766513053728,0.966621762782751,-0.028880274956195,0.961530643332731
"PSMB2",0.0857896525928292,0.917367313206234,0.0736861773753324,0.8125777666121,0.0811681055001728,0.777479366201726
"CLSPN",0.00816357736859682,0.993545111216598,0.0429204647157697,0.949083560951574,0.0432062382769248,0.952219745772006
"AGO4",-0.0838021467572211,0.937120241257205,-0.0846556285864561,0.810640927520261,-0.0995148206908661,0.812456792848887
"AGO3",0.0631640812366844,0.951726996250602,0.06958154349923,0.845169358064318,0.0555665252670792,0.894435623026394
"COL8A2",0.107898902335035,0.956660628690128,0.0289391629678946,0.963632023564318,-0.0535749436332853,0.933496339884598
"TRAPPC3",0.204047717699019,0.662844876689135,0.161234065120029,0.602254985810371,0.207227022611772,0.494508229263021
"MAP7D1",0.274001640476966,0.659564394798225,0.193220717969982,0.584590931498796,0.16842223552388,0.631383103629534
"THRAP3",0.207892033235002,0.756024783939142,0.175053734006511,0.614396075881076,0.251507045387044,0.45302615241231
"EVA1B",0.175040791546898,0.969952634197529,0.16247684749579,0.755206261592226,0.240086026822965,0.642621820653838
"STK40",-0.0171810244362807,0.987676987381042,-0.0161350257532029,0.974423941231195,-0.0785565701948083,0.85536489445056
"LSM10",0.184534179059099,0.945421051661546,0.111990404402598,0.696845041771802,0.127863819789333,0.690216279468999
"MRPS15",0.151252650009473,0.923602803613446,0.146795742792246,0.58453580524573,0.189370702648166,0.468140187860629
"CSF3R",-0.0127223592648897,0.989701309603352,-0.00851351815545945,0.983543863208774,-0.0428086209212592,0.934890182573882
"GRIK3",-0.580707695735156,0.898622648526422,-0.397334406459414,0.823141670358777,-0.546365250674547,0.684351540774242
"ZC3H12A",0.213580452435644,0.862224189183265,0.109354399172055,0.831585683331886,0.0607808451695698,0.922709833813539
"MEAF6",0.0790761123220753,0.93906187677433,0.0629809524289099,0.893316955162768,0.102581505540823,0.79074754214483
"GNL2",0.214448769264946,0.722993526913415,0.172043151319594,0.6118955526808,0.173693249366806,0.640779962187052
"CDCA8",-0.16308118626277,0.95155244283198,-0.147260254361643,0.892452868202711,-0.104311440024396,0.939131388391146
"C1orf122",0.0459676293712648,0.987676987381042,0.107513620076456,0.706731637088025,0.10220514382559,0.760443381154284
"INPP5B",-0.315473130134982,0.644717611253926,-0.191361367222833,0.602584390525497,-0.274536260262734,0.485160378591964
"SF3A3",0.154591650318657,0.794138154549402,0.123645230424082,0.703986373319257,0.141086816410434,0.65642344853735
"FHL3",0.193660563893049,0.882264046366445,0.168277180366801,0.776361663279111,0.214297120142404,0.760378264086355
"UTP11",-0.0417535636281806,0.978731255112132,-0.0147028702619287,0.97886168663327,-0.0410052208229104,0.952219745772006
"POU3F1",-7.53590568393807e-05,0.999963380658618,-0.0360731125206925,0.972626641981822,-0.304961914788381,0.581877233068797
"RRAGC",0.428452315011831,0.562118039898797,0.302701596730504,0.539909812541728,0.329626832370979,0.416337165345633
"AL139260.1",0.130126987201696,0.937120241257205,0.142114731687374,0.832021907799425,0.13099378204016,0.870387599854381
"RHBDL2",0.174624595985011,0.945421051661546,0.231332740867348,0.808661139101294,0.163649321863632,0.868416651730548
"AKIRIN1",0.114119601609809,0.882264046366445,0.105882141148396,0.728626054491622,0.106179925503316,0.760378264086355
"NDUFS5",0.095135168727244,0.987381297202584,0.157985242687932,0.718987214997375,0.258706807277772,0.553933489292897
"MACF1",-0.00743217660839872,0.990966923882266,0.0156063050239684,0.96421701039658,-0.0181459886660112,0.96660816198977
"PABPC4",-0.291866081073782,0.831586301123345,-0.288446627257466,0.59186078503092,-0.369946420969084,0.510146919208901
"BMP8B",-0.324187970305072,0.920800560535454,-0.280362037519832,0.790067916621749,-0.379812683903948,0.699061159841879
"MFSD2A",0.142879014721058,0.943024469415971,0.0859154840100304,0.895074161486531,0.00040021780294474,0.999739842870507
"CAP1",0.186593933914829,0.805297296612406,0.114527133679468,0.756801218738335,0.157851055936755,0.674363867120955
"PPT1",0.21936959715313,0.788939209238137,0.116592111303727,0.756801218738335,0.106370885140678,0.823982185326409
"RLF",0.158645122147915,0.903608037062864,0.102046054780414,0.805113131384244,0.0805314967615716,0.869793185908311
"SMAP2",0.160947756640053,0.930115009790026,0.123996220758618,0.867775140580767,0.192059553135782,0.792470347875807
"NFYC",0.108062782146741,0.866886249963332,0.0552037603253534,0.849853073718665,0.0549174359564659,0.858437193300832
"CITED4",0.435589947465832,0.900538039598824,0.283525091075357,0.711331071049251,0.345405303017235,0.690501665017355
"SCMH1",-0.0701828088013063,0.956660628690128,-0.0623631419967124,0.923108484360897,-0.14878534878374,0.807005377837559
"HIVEP3",0.019960275245444,0.991594528553645,0.0716522514010563,0.959363914809973,0.0127292953534988,0.995031168540369
"FOXJ3",-0.133786210511763,0.847164208899954,-0.0919750908267849,0.781746921621551,-0.11956534230762,0.760378264086355
"PPCS",0.124733927573391,0.83918015622167,0.0898293164071773,0.756959699570331,0.118584810133562,0.669306105076811
"CCDC30",-0.0459193672227346,0.985214763269641,-0.00484456932205316,0.994368129329346,-0.0123578980670081,0.989193131684562
"YBX1",0.251851489556872,0.779982850130502,0.178442000462959,0.619039507055099,0.171773755706405,0.580119673975908
"CLDN19",-0.119013939531708,0.987165551409643,-0.027042954526421,0.984298346154552,-0.0688996556410652,0.973878594622367
"SVBP",-0.0678830638284762,0.969952634197529,-0.0462450177896844,0.931406634300638,-0.0690699398940958,0.853526164117401
"SLC2A1",-0.298879694723681,0.913354702114686,-0.350541246269351,0.675806956804428,-0.497705413385459,0.444632518366647
"EBNA1BP2",0.193577463949309,0.951617778171382,0.168622274210202,0.660171364133464,0.238699515947294,0.441384111538575
"CDC20",-0.42294119882721,0.83918015622167,-0.32950833545579,0.694286170885577,-0.548606613191865,0.454646209978998
"ELOVL1",0.291008616829377,0.854292450048448,0.170893665344171,0.58453580524573,0.219811752443245,0.492865920176733
"HYI",0.0873444433499664,0.959248300621966,0.04229312296621,0.923054773439819,0.0384265880697469,0.941755883674366
"PTPRF",-0.299708164314871,0.947261053507097,-0.246217821219391,0.879318949048446,-0.362359013999264,0.740202712586262
"ST3GAL3",-0.212612509864347,0.841271683568883,-0.128030280080198,0.813747570349955,-0.135765966330357,0.837429769891498
"ATP6V0B",0.352278030792501,0.76063344310174,0.199418433126618,0.576859503928985,0.232003763353304,0.552534852329702
"ERI3",0.279810168338507,0.674893276948019,0.235854716497916,0.567636892317067,0.266115260204516,0.512732031326607
"RNF220",-0.0401422729477801,0.972747459822463,-0.016972561609707,0.96834634534808,-0.0244308559809005,0.963197165494884
"RPS8",0.0533678839510263,0.987676987381042,-0.00313658798266831,0.995964398344206,0.0287663556635479,0.963197165494884
"PLK3",0.196615481952138,0.872891173032288,0.152105179472792,0.747518732835544,0.10779920355803,0.846522754089938
"PTCH2",-0.805645242931525,0.615910607717767,-0.572533510764621,0.539909812541728,-0.786435094349768,0.360738283189872
"EIF2B3",-0.0514945979221662,0.972448028722666,0.023203647952365,0.96277084031199,0.0536105005462631,0.914685256526293
"UROD",0.0835588435070974,0.980406997995604,0.0793151878646891,0.791199639106284,0.0768776664472268,0.834800523327559
"TESK2",-0.275132168161182,0.850765417220173,-0.161602933021712,0.805882240027355,-0.123154194121735,0.862604321830585
"PRDX1",0.165722189157686,0.972032683928677,0.150793779918556,0.635116598030598,0.122416452933251,0.735061433032242
"AKR1A1",0.229566804687421,0.740956428327799,0.20691965165284,0.59186078503092,0.233929837925146,0.565565168186256
"NASP",0.0783843535161697,0.928879799411077,0.0518193507155684,0.881765771274524,0.0480375414718081,0.909995429597945
"GPBP1L1",-0.130694886599636,0.831586301123345,-0.112721819874041,0.655516967718768,-0.129557241439501,0.629619559029358
"MAST2",0.0201789600782487,0.987676987381042,0.0544083884664848,0.92883248666184,0.00360463597448435,0.997113640321465
"PIK3R3",-0.645476910811585,0.633461558848371,-0.403796544505731,0.6118955526808,-0.710720245461337,0.257964807679234
"UQCRH",0.0833598051751203,0.946978282166981,0.0953923690918639,0.77932559982979,0.121402680829675,0.735061433032242
"MKNK1",-0.131196521669859,0.935853944284842,-0.0522814349954619,0.923004401329871,-0.105687775406505,0.811910017160917
"EFCAB14",-0.0997824273862262,0.882264046366445,-0.0907970019207112,0.756801218738335,-0.103188255097044,0.74172543702435
"TAL1",0.000441186216231389,0.999963380658618,0.0382916025801808,0.980453749474632,-0.0270360285231548,0.989193131684562
"CMPK1",-0.0960534412571624,0.923602803613446,-0.081295470519326,0.85542852292657,-0.122446099732046,0.759282469597321
"SPATA6",0.06149504738287,0.975195695221014,0.100899315224257,0.865887045284762,0.209203263100413,0.699061159841879
"FAF1",0.0618913677822622,0.95867628166691,0.0773030026155033,0.863660684599785,0.0463399005181629,0.933839342126497
"CDKN2C",0.122509983210251,0.978916937415713,-0.0287245624283382,0.968099084668931,-0.142153913467817,0.812456792848887
"RNF11",0.00844385341265106,0.990850390543415,-0.0023860611313202,0.995964398344206,-0.0389881597552362,0.93637900575043
"EPS15",-0.172731722875138,0.844246272414761,-0.103370344369448,0.761146693087719,-0.0632725667922158,0.859452932536531
"OSBPL9",-0.11109971395511,0.838228110296931,-0.071751755656054,0.791438454835134,-0.0933731811627993,0.758310502801211
"NRDC",-0.00816528151446991,0.989701309603352,0.0165124287707333,0.962715960888231,0.00365333106457029,0.994458394354299
"TXNDC12",0.174818798042011,0.815737291200415,0.147870069316925,0.696323727256883,0.179326854909177,0.635630814036157
"BTF3L4",-0.0015265858130354,0.998880166872192,0.0153856515479891,0.976890310310702,0.0519869318706465,0.919542522552017
"ZFYVE9",0.219074710176086,0.958007726819188,0.175128234088984,0.912200558994985,0.219175527947141,0.899181418189796
"PRPF38A",0.0593990212145205,0.937295590475388,0.0440728023933768,0.891954018570986,0.0487304228454681,0.884546907721629
"TUT4",-0.0692342844081498,0.937295590475388,-0.0785497288104868,0.793266081317201,-0.130187366531999,0.689878209589685
"GPX7",0.372035174272426,0.735879749823458,0.287181038277062,0.582680111329954,0.380506291814966,0.376391918003978
"SHISAL2A",0.545307872357464,0.633461558848371,0.358643445575939,0.6118955526808,0.428428958086309,0.584982212025935
"ZYG11B",-0.292376186294976,0.663401121515774,-0.20545269690228,0.58453580524573,-0.219025792090408,0.552534852329702
"ECHDC2",-0.0585909523417866,0.974793128542308,0.00828703729447296,0.989648351854567,-0.0443704095992328,0.955253064145895
"SCP2",-0.00343542217381748,0.995406975781891,0.0157819294149274,0.975940010120607,0.0222068321727745,0.973942463195293
"PODN",-0.0863283013098039,0.987381297202584,-0.0361234832785076,0.982567521584643,-0.1570609110414,0.924094511655778
"CZIB",0.165117408289287,0.909991992195616,0.0711787127181793,0.825928810266268,0.0851485696129908,0.775144278556006
"MAGOH",-0.0417819418159364,0.973305994881223,-0.0292307441852683,0.956240560346755,-0.0890702459529203,0.838550184244801
"HSPB11",-0.125254253067105,0.868273455347293,-0.079428421067227,0.839806827180451,-0.156583763054215,0.650996791290801
"TMEM59",0.258903141319015,0.87360343324762,0.112453700674033,0.810628724054337,0.162717833623163,0.713100936765743
"MRPL37",0.310047264988789,0.740956428327799,0.215436872241435,0.652754646020219,0.297058170429751,0.510146919208901
"SSBP3",-0.383313361345965,0.687572309746874,-0.280804666897467,0.565951168967911,-0.409767568198862,0.396298682889274
"DHCR24",-0.78610311352758,0.743988537519481,-0.593355866800982,0.58453580524573,-0.743768784539655,0.42463556256099
"USP24",-0.111281185216488,0.908504361694798,-0.109726909714781,0.771102910355608,-0.152616625940086,0.661101052133121
"PLPP3",-0.0979780575330126,0.984952104615951,-0.0790074553289516,0.958244031923122,-0.168194770499511,0.877564175602306
"TACSTD2",-0.193847901202443,0.975727322813314,-0.180221196037651,0.918264301475907,-0.442444564236634,0.792149335517592
"MYSM1",-0.184604074236121,0.700393778780536,-0.147107427915013,0.610562468549926,-0.192803179194145,0.534124250319527
"JUN",-0.0117758798492005,0.993893831457074,-0.128380098204673,0.819651123007178,-0.231990879888643,0.66079399228559
"FGGY",-0.0600331429622635,0.961399538616457,-0.00587978112077565,0.989648351854567,0.0105777410073414,0.98661291854552
"NFIA",-0.240466387145948,0.684238272206636,-0.180210488344009,0.6118955526808,-0.18249725157957,0.624783605922923
"TM2D1",-0.07807832674879,0.924498996804901,-0.0395017833348763,0.925417554206947,-0.0679560904338715,0.862604321830585
"PATJ",-0.288970450314675,0.937295590475388,-0.101685205444462,0.958093966183399,-0.269365811495013,0.87531825310361
"KANK4",-1.01126666297901,0.743641475921582,-0.70296016824203,0.614396075881076,-0.837035187260799,0.492865920176733
"USP1",0.0660608455775697,0.946978282166981,0.0271493332524341,0.956240560346755,0.0581026957401535,0.89675635447082
"DOCK7",-0.227381791906459,0.620497879203569,-0.153112763913744,0.6118955526808,-0.177786020858203,0.592456238694904
"ATG4C",-0.224534282731859,0.802175895468196,-0.178288956354839,0.704913506442777,-0.206015799099819,0.659522181455106
"FOXD3-AS1",-0.626146660929063,0.847763278066247,-0.380843630585344,0.707016966668684,-0.532590381799191,0.512503271974709
"FOXD3",-0.33022379259049,0.945421051661546,-0.323257030735766,0.813747570349955,-0.460786094060863,0.67262133082449
"ITGB3BP",-0.17654155310271,0.847763278066247,-0.0556698670800121,0.878905000893612,-0.0626626207006565,0.883528995898572
"PGM1",-0.0411583469995154,0.987168661761228,0.000400849640331716,0.99967840875972,0.01122643488051,0.992143007283185
"JAK1",0.120246151426194,0.903608037062864,0.0821674269379998,0.862255692657541,0.176355408944508,0.643946550076799
"LEPROT",0.0033665657952838,0.995059385715221,-0.0304408412890766,0.95050569742153,-0.0196781827290902,0.969752805540984
"LEPR",0.105270232365974,0.948604653187244,0.0700624808067834,0.934298675323455,0.0379671421033661,0.973942463195293
"PDE4B",-0.122884406297075,0.937120241257205,-0.124396842747445,0.81499137171655,-0.181993499862875,0.756710409736756
"SGIP1",-0.582174108424737,0.880242788387993,-0.541391519274621,0.721471797566012,-0.65113343303509,0.58565309013664
"MIER1",-0.0570798703522966,0.952093474531886,-0.0307045334127338,0.948956915581419,-0.0347528304613214,0.945137784813934
"SERBP1",0.204577162831522,0.7720934904036,0.13661868158248,0.707016966668684,0.17914530191446,0.659522181455106
"GADD45A",-0.292509888757755,0.920800560535454,-0.262476589046524,0.565951168967911,-0.395343146577121,0.341998100599396
"GNG12",0.109406305753564,0.98469852697543,0.0367296496388433,0.975491710400042,0.0102563642235899,0.995031168540369
"DIRAS3",-0.273907156015929,0.946978282166981,-0.042616999682492,0.980795996516143,-0.0796443712244861,0.972048915989614
"WLS",-0.75124842218542,0.562118039898797,-0.422584986144951,0.539909812541728,-0.545921018989166,0.236925580329189
"LRRC7",-0.29756075667779,0.937120241257205,-0.147449461539521,0.93914373777039,-0.277378910518721,0.764704261765228
"SRSF11",0.101922210864318,0.866640031847029,0.0636496641597716,0.823408681057155,0.0489854470221967,0.896785969713696
"ANKRD13C",-0.0141490453988769,0.987676987381042,0.00621924542633174,0.986357352470941,-0.0216227753878152,0.970880275567133
"ZRANB2",-0.183126644261618,0.743988537519481,-0.123627195406329,0.700576833586673,-0.145920238931302,0.597365886924465
"ZRANB2-AS2",-0.479115046579497,0.620497879203569,-0.326634970552533,0.619039507055099,-0.357389880962552,0.631383103629534
"NEGR1",-0.243026920099409,0.946978282166981,-0.204621173066362,0.875772472130238,-0.343203738120419,0.753392468267112
"FPGT",-0.109275408813274,0.92417531528931,-0.0827866966789545,0.86055599668641,-0.0905132459735927,0.862063018736608
"TNNI3K",-0.08942985421601,0.977922694820062,-0.0635459516707944,0.963632023564318,-0.215283318091296,0.848852976435192
"TYW3",-0.046178884654538,0.968529247878935,-0.0340177471343724,0.931098195759938,-0.00543873966527599,0.992143007283185
"ACADM",0.0641684041516403,0.947513136432699,0.0602468503533338,0.881765771274524,0.114577834765044,0.756877884706686
"RABGGTB",-0.00609764802449181,0.994202951143564,-0.0347499510450259,0.962866185703775,-0.099180231838761,0.879439979844401
"ST6GALNAC3",0.043526158553625,0.987232790302631,-0.00593494310785503,0.995119329019073,0.0767175761942637,0.937587715718017
"PIGK",-0.0596806408786766,0.963854740669037,-0.0320881054391115,0.955974194500863,-0.0189778363755135,0.975167068916286
"AK5",0.0513981415935852,0.987676987381042,0.0321185200629734,0.981281389473242,-0.161972040883384,0.891713916146166
"AC118549.1",-0.0380003168678692,0.956660628690128,-0.014527951243831,0.964054715445114,-0.0583869853884619,0.855867201873958
"USP33",-0.046177303400224,0.95447944680899,-0.0414389930989681,0.895123255933228,-0.0370559530120447,0.916996650945138
"MIGA1",-0.15895677284239,0.831586301123345,-0.10671199899179,0.758266749115759,-0.124387649809928,0.740800538563015
"NEXN",-0.554156306659543,0.663974594664865,-0.388652529557827,0.6118955526808,-0.529517941336528,0.502782781028872
"FUBP1",-0.019892349755057,0.987232790302631,-0.0199117659748414,0.966487133623917,-0.0320524651698845,0.948981974794731
"DNAJB4",-0.178417207367443,0.943546322228372,-0.273317351288534,0.638613914919712,-0.351454387369546,0.471689977666094
"AC103591.3",-0.835271637747488,0.607226415643211,-0.655490630410584,0.539909812541728,-0.880987450248723,0.307928681666602
"IFI44L",0.209761349371823,0.951726996250602,0.160380583522217,0.903162098034093,0.176025477605424,0.914685256526293
"IFI44",-0.0524777708554744,0.986243996198961,-0.0378096094491738,0.963675564531743,-0.0391012579058583,0.973046066546357
"ADGRL4",0.415782687134452,0.922769589110717,0.286431081997209,0.885041529327646,0.0771449333389893,0.976901867362516
"LINC01725",-0.226523831576951,0.934816943280864,-0.220555769885478,0.847224660047238,-0.0852312818246832,0.955892342072672
"TTLL7",0.00773724815879491,0.99696237435303,0.0309237284995436,0.980444404085137,-0.0510272223346918,0.966159812712856
"PRKACB",-0.1622807110407,0.891570953693957,-0.163638079467764,0.678110628123578,-0.220476731125502,0.539908246681204
"GNG5",0.148381564332823,0.961059654169002,0.0819196151894911,0.852542483251065,0.0850210839474221,0.837429769891498
"SPATA1",-0.493788838210686,0.620497879203569,-0.325808710320176,0.619039507055099,-0.491649103248239,0.44942468992586
"CTBS",0.137983879374846,0.845995942306838,0.0841631886127941,0.805882240027355,0.127458619171093,0.699127052861231
"MCOLN2",-0.104538741161344,0.946978282166981,-0.0352867221275144,0.962866185703775,-0.109686032979092,0.876952946308714
"WDR63",-0.0746964909943377,0.987165551409643,0.0180781304935085,0.989296968367675,-0.161194329889106,0.909633877358067
"MCOLN3",0.372663988288843,0.903608037062864,0.375789632249969,0.663988454978736,0.397203197402155,0.562754315836961
"BCL10",-0.0044989497735893,0.994202951143564,-0.034615679908134,0.94617045595008,-0.0535934525399901,0.915466250872337
"AL078459.1",0.317134522658318,0.882264046366445,0.212742997142804,0.831585683331886,0.0736840620061054,0.947902327822504
"DDAH1",0.0972920415188518,0.986243996198961,0.00660452907448471,0.996266714923748,-0.103433383184545,0.948163156610396
"CCN1",-0.062314851204735,0.987676987381042,-0.221087245026367,0.875772472130238,-0.398339086324534,0.756710409736756
"ZNHIT6",-0.080007572005216,0.937120241257205,-0.0399072765977969,0.933850507025293,-0.0300359291702631,0.960609717126394
"COL24A1",-0.684371714551805,0.847763278066247,-0.41650774401538,0.832809995674351,-0.547069289551349,0.793549065330735
"ODF2L",0.0211536632966778,0.986243996198961,0.0458281778927796,0.8843628398733,0.0357961291815477,0.92920497760036
"SH3GLB1",0.106530885304847,0.915615419264746,0.056335126739339,0.901239813928137,0.0844289495167194,0.862303805244231
"SELENOF",0.0404120507274604,0.975258468956804,0.0218381987219781,0.966260254238925,0.0103838982420513,0.986609483185373
"HS2ST1",-0.173075784933591,0.802175895468196,-0.132321453100112,0.7181094123907,-0.136235419447738,0.747613075358224
"LMO4",-0.306471585599568,0.673178229882399,-0.241677662776046,0.577660339563635,-0.311842375539159,0.478235658002261
"PKN2",-0.124488161262186,0.847164208899954,-0.0966891432235155,0.728626054491622,-0.12283892681042,0.680922650358031
"GTF2B",0.209150163708205,0.847164208899954,0.183693830898591,0.711331071049251,0.183874408607126,0.740850861189192
"KYAT3",0.0612771891464757,0.964462552585652,0.0648002674504114,0.895123255933228,0.0669612159746045,0.901872547234938
"GBP3",-0.180006451876577,0.915615419264746,-0.124867911487516,0.865887045284762,-0.154497951647158,0.82591843900154
"GBP1",0.331652373060918,0.794910857306378,0.224460985933444,0.707016966668684,0.225651942680604,0.707392058164091
"GBP2",0.135372397005024,0.935853944284842,0.0784834576956163,0.895026721870522,0.0153933612068108,0.977649323251274
"GBP4",0.380216348434782,0.680936246736474,0.275959102719791,0.619039507055099,0.316354855932546,0.578331030522123
"GBP5",0.30336943803573,0.839794838423733,0.243919730774814,0.707183058695103,0.28685789090047,0.692560546729583
"LRRC8B",-0.0318928925819863,0.986740807946813,0.0312823156997938,0.956240560346755,0.0425654300201535,0.932145981622832
"LRRC8C-DT",-0.31151372785073,0.680936246736474,-0.163932614831402,0.678110628123578,-0.22172108625096,0.602734415631695
"LRRC8C",-0.392011901957545,0.562118039898797,-0.290196410684196,0.539909812541728,-0.393902056034629,0.268918420505112
"LRRC8D",-0.178694643237307,0.781913752028351,-0.120771873117256,0.732900498693472,-0.112965909021848,0.794594005599009
"ZNF326",0.0731945283625648,0.916794742663761,0.0387872414912075,0.907199956713105,0.0395183807742696,0.919542522552017
"ZNF644",0.0546464974859162,0.948377378757092,0.0427487248971035,0.905296396015766,0.0796532958657656,0.79769723727405
"TGFBR3",-0.15599335938805,0.969952634197529,-0.229584068121386,0.865887045284762,-0.302746529874159,0.810255859833895
"RPAP2",-0.120126388539278,0.868450233540946,-0.0763309678659908,0.826863631776675,-0.0650395126034304,0.855104819044811
"EVI5",0.00783874659410726,0.990850390543415,0.0281274647222302,0.948560750840966,0.0550929254373682,0.880563161924565
"RPL5",0.223696883255849,0.92417531528931,0.104115038011094,0.779117741632649,0.121904038606884,0.672027179989312
"DIPK1A",0.134367118225399,0.906869631745234,0.142337439192731,0.780031844451084,0.196969649506886,0.732182402937651
"MTF2",-0.00725303401926513,0.990683814145874,0.00376224988041217,0.990656830758148,-0.022380486783759,0.955253064145895
"TMED5",0.131776772662214,0.871146086444017,0.10492296637351,0.78777712211067,0.0987217032586391,0.831013666506075
"CCDC18",-0.114924573405245,0.934314498143349,-0.0246030974501438,0.96834634534808,-0.144914411128854,0.760378264086355
"CCDC18-AS1",-0.256412247158821,0.713703084504335,-0.165205660023509,0.649331678226707,-0.156682224547256,0.680632625626404
"DR1",0.0287633344795567,0.986243996198961,0.00535854033699961,0.990471492962637,-0.0374636444533245,0.943978301924551
"FNBP1L",0.0882613615051488,0.95867628166691,0.0587169377998897,0.927168695182101,0.0529255448591806,0.945137784813934
"BCAR3",-0.0881981351290539,0.978731255112132,-0.02791089257642,0.980768903450828,-0.118658355767089,0.917407534210067
"DNTTIP2",0.194342091074268,0.831586301123345,0.12109105942528,0.775788428487388,0.132159126148943,0.792044889142667
"GCLM",0.1506327221214,0.850765417220173,0.102068658768125,0.76807261540306,0.152783688406465,0.659522181455106
"ARHGAP29",0.126426822010413,0.984220501986375,0.131588417716333,0.947522425797012,0.0551055876075331,0.979218528186553
"ABCD3",-0.0277307656566966,0.987049359827928,-0.0493798574942448,0.879318949048446,-0.0570360438165536,0.877069431682963
"F3",-0.335354507683149,0.916794742663761,-0.347236913030322,0.655885041836434,-0.507135657207057,0.492865920176733
"CNN3",-0.469302263613278,0.892493825858867,-0.381444651468583,0.707016966668684,-0.540666688604559,0.526483868522985
"PTBP2",-0.332288667873036,0.620497879203569,-0.267020701661428,0.565951168967911,-0.355853433476168,0.427789007407824
"DPYD",-0.0599957806453731,0.969952634197529,-0.0505397052683093,0.929365207622749,-0.0385599245352363,0.957562802791205
"SNX7",0.15264982315536,0.924498996804901,0.101242532443152,0.888295185891501,0.143155177440818,0.822669529808433
"FRRS1",0.486004803535079,0.790872788088734,0.375584717534015,0.675699955475318,0.634848400416299,0.364381114006951
"CDC14A",-0.163926646816476,0.850765417220173,-0.124937169177223,0.764477416271269,-0.21931284604116,0.598231449312978
"SLC30A7",-0.0586578448880814,0.961399538616457,-0.0566882766453287,0.897123059066415,-0.0605833186494256,0.899181418189796
"S1PR1",0.32761916736415,0.926409763342151,0.0848911307383011,0.953950398414795,0.0248034900446242,0.989130638310446
"RNPC3",-0.162598318741655,0.844246272414761,-0.130880152888528,0.743182114935525,-0.136180126862445,0.770281814366206
"NTNG1",0.695090507389107,0.882016856473754,0.605721181018659,0.728626054491622,0.410436993250052,0.75070515447857
"VAV3",-0.175884498160344,0.937120241257205,-0.0925757773734667,0.92536551725457,-0.107178116642995,0.924424449086745
"SLC25A24",0.166509787022953,0.889965930346834,0.110104302501598,0.842762032919684,0.179212900129607,0.75098218261211
"FAM102B",-0.283903208469492,0.781913752028351,-0.181809357219229,0.69275266410881,-0.297617266843706,0.503188932768188
"PRPF38B",0.0569569858277092,0.943083225919622,0.0524391462807895,0.8735378614098,0.0466417724830449,0.902643232023022
"STXBP3",-0.0485811389374194,0.968529247878935,-0.0591860815165858,0.890152476377743,-0.0214089473234004,0.970261558087018
"AKNAD1",-0.486592843364272,0.850765417220173,-0.370654261066936,0.781746921621551,-0.641881040976876,0.579873752615554
"GPSM2",-0.300548860593087,0.681444999183716,-0.170004392968692,0.703986373319257,-0.188725640380913,0.646743640939101
"SARS",0.168327028531599,0.743988537519481,0.138640623942963,0.64689033572854,0.15091464957166,0.646736088217769
"SORT1",0.0223178051268827,0.987168661761228,-0.0227584896219807,0.961732451996458,-0.0132118148625253,0.979218528186553
"PSMA5",0.15240393373588,0.833686082887391,0.131262447632053,0.697102926257961,0.150460260800053,0.626483070625434
"GNAI3",0.0908450645347396,0.935479761500471,0.107239564859551,0.712661164701235,0.127163635162713,0.688110473685969
"GSTM3",0.44754596621413,0.886616212943478,0.269115344402354,0.763807426580721,0.340235774983253,0.746248503638004
"CSF1",-0.21944182304829,0.969952634197529,-0.216214878412801,0.90057062962978,-0.401056777835086,0.771112365450846
"AHCYL1",-0.0347070410755262,0.975333653661194,-0.0506320694325907,0.877318442258331,-0.0726369957370125,0.820813436109508
"SLC16A4",0.0562320903767234,0.976089777202807,0.124435154410485,0.833086038015381,0.111653207076929,0.869793185908311
"LAMTOR5",0.072524690105883,0.987381297202584,0.079849807891958,0.807230688869868,0.104379696797815,0.767105192939401
"CD53",0.0634501398021511,0.959248300621966,0.0276429473942811,0.961663698018687,0.00488763679022715,0.994685046265957
"LRIF1",-0.225018348126809,0.805297296612406,-0.168794632760237,0.707016966668684,-0.203988797105357,0.666247365289957
"DRAM2",0.152736412139073,0.912259746037492,0.105017541084664,0.867775140580767,0.118159082202673,0.858437193300832
"CEPT1",-0.43772729038865,0.562118039898797,-0.340188146653969,0.539909812541728,-0.441621001315852,0.241248040103115
"ATP5PB",0.266123819417921,0.802377880555444,0.193723152659391,0.637306220903368,0.272172534587909,0.455729469688749
"C1orf162",0.240723716717255,0.847763278066247,0.193799457754913,0.736250818799569,0.314234202054919,0.552534852329702
"TMIGD3",0.580859979031466,0.700393778780536,0.347041323763478,0.690435247879622,0.487024956403509,0.56122308555548
"ADORA3",0.165980093433004,0.9117360607865,0.0657636559518069,0.925773221047207,0.125183475898486,0.859663729653652
"RAP1A",0.169592763083499,0.86918309088418,0.122639723464569,0.788519086990831,0.121709997284898,0.774544852909099
"INKA2",-0.227456707406735,0.836203256481455,-0.145191052117742,0.808361948844542,-0.184333687058411,0.760378264086355
"KCND3",0.163222404041834,0.945421051661546,0.0771258463347341,0.944564301575183,0.0504267312328808,0.970471175880853
"CTTNBP2NL",-0.00691701510048682,0.990850390543415,-0.016628900173232,0.96650907654919,-0.0124413645535256,0.979218528186553
"WNT2B",0.0862222775294373,0.968529247878935,0.0892007201562271,0.903162098034093,0.0856110150485386,0.90664230403665
"ST7L",-0.137017054625782,0.832510365260709,-0.0782237870818954,0.78785297839852,-0.126951805764219,0.674363867120955
"CAPZA1",0.0106425429742907,0.990683814145874,0.0138412774356329,0.975940010120607,0.0495597713219328,0.921388739958762
"RHOC",0.0578364403000318,0.987676987381042,0.105128790478663,0.755206261592226,0.117053152118399,0.745479749789988
"SLC16A1",-0.117281246352532,0.891570953693957,-0.0359751390350459,0.925773221047207,-0.121871983521609,0.687017483856568
"SLC16A1-AS1",-0.011177225196666,0.990850390543415,0.0492394448046025,0.912446813632446,0.0616318762995076,0.900216596874957
"MAGI3",-0.263623580350315,0.850765417220173,-0.120115233447353,0.860287205518009,-0.232318621954627,0.707129473839406
"RSBN1",-0.0203745374822117,0.987168661761228,-0.0232500690714631,0.96242869953788,-0.1084646933707,0.75070515447857
"PTPN22",-0.462720387791933,0.663974594664865,-0.288879585843079,0.599765720354976,-0.340434515262468,0.552117594692665
"HIPK1",-0.17526236707873,0.76063344310174,-0.156532830008138,0.602584390525497,-0.205875511796482,0.534389644897746
"OLFML3",0.341867984128494,0.841271683568883,0.197234939424887,0.659515997388856,0.177966973738423,0.723116381892166
"TRIM33",0.102085396307864,0.836203256481455,0.0823234940862619,0.728626054491622,0.113398007532882,0.646743640939101
"BCAS2",0.243788611450884,0.743988537519481,0.143093951781431,0.707016966668684,0.245552906888456,0.470146306281723
"CSDE1",0.0193255612628253,0.987060796028084,-0.015407241195088,0.963675564531743,-0.0186000273344936,0.959103258510948
"TSPAN2",-0.451677550815082,0.782347688269215,-0.369106742604013,0.682971009494621,-0.364698978230746,0.723331261933175
"SLC22A15",-0.0642927749085032,0.984220501986375,-0.108913965757715,0.907314027876186,-0.00385802129081948,0.998345852916099
"ATP1A1",0.0246124894823579,0.987060796028084,-0.0102730774827716,0.97886168663327,-0.108647782191694,0.700001431922865
"CD58",-0.0631464583294651,0.952093474531886,-0.0447983693480605,0.915782319260146,-0.0895669871776859,0.83780945723087
"MAN1A2",-0.0953185892167661,0.871146086444017,-0.0572273243087999,0.848123562433291,-0.0903360287348552,0.759954651839089
"TENT5C",-0.339844287286568,0.844317537025732,-0.226351781557612,0.726008162470312,-0.49641925788774,0.257964807679234
"GDAP2",-0.0834979445953257,0.915615419264746,-0.0805337694737577,0.794635704147709,-0.0887540950648934,0.813821171969538
"WARS2",0.0912796317186408,0.94640054668399,0.0956404005790716,0.855616970453911,0.16849728279461,0.732182402937651
"WARS2-AS1",-0.386625409375818,0.663974594664865,-0.283797333289836,0.619039507055099,-0.377061034688288,0.477953424986133
"PHGDH",0.334616130264235,0.930405765548751,0.303650673280434,0.726008162470312,0.241739842699693,0.777479366201726
"NOTCH2",-0.104893080274718,0.920170999728793,-0.0864986348629761,0.838765148518691,-0.106794066573508,0.814328563331989
"SEC22B",-0.154204968703496,0.855006692763517,-0.0978682299798537,0.823141670358777,-0.122277177434672,0.785331209741243
"AC253572.2",-0.977871425037275,0.562118039898797,-0.65376214694556,0.539909812541728,-0.879339427458946,0.271754239405015
"LINC00623",0.164491890766592,0.865934979413673,0.141203496249547,0.755206261592226,0.164426660247102,0.723116381892166
"FCGR1B",0.223535427026565,0.871146086444017,0.176541663436866,0.756801218738335,0.115564134555922,0.858808048670035
"AC244453.2",-0.924763264478806,0.620497879203569,-0.62157494299025,0.567636892317067,-0.928401782393755,0.364381114006951
"SRGAP2C",-0.21898953299655,0.804492887444672,-0.169094947425423,0.700576833586673,-0.205583778919182,0.477953424986133
"LINC02798",0.0910838355832233,0.957608581799535,0.0907858399123466,0.894114216309383,-0.00944365087368711,0.992577129869039
"LINC02802",-0.0493698452572876,0.988989939436751,0.000683351300262226,0.99967840875972,-0.200477752989588,0.830278497542291
"FP700111.1",-0.595496932234001,0.713703084504335,-0.440295874966643,0.655885041836434,-0.666919825970815,0.376391918003978
"SRGAP2B",-0.246271150687211,0.795440606734161,-0.198768997980081,0.666671664129483,-0.190137774125795,0.642621820653838
"AC245014.3",-0.802993840804549,0.620497879203569,-0.596339694853358,0.539909812541728,-0.873270996521986,0.121423197396795
"RNF115",0.192148004165325,0.795440606734161,0.155046689548646,0.707016966668684,0.1662711829578,0.672027179989312
"ITGA10",-0.138485733311018,0.937295590475388,-0.0708971968280878,0.926495146692989,-0.158445770754129,0.795852028600715
"RBM8A",-0.0511336890680892,0.978916937415713,-0.077842361757187,0.833312333476619,-0.140844113679374,0.726338862750366
"POLR3GL",0.132068375249949,0.840467050491297,0.0985979254130668,0.756801218738335,0.133500407033305,0.685511798317414
"TXNIP",-0.186147711870915,0.945421051661546,-0.272124379461161,0.707016966668684,-0.074898954979971,0.919289818241149
"AC239799.2",-0.512279400913268,0.626910403345555,-0.321078466717544,0.565951168967911,-0.48521480768948,0.257964807679234
"AC242426.2",-0.112428575350238,0.926058247355641,-0.055204123702018,0.933850507025293,-0.0561402097081787,0.938126337863265
"LINC00624",-0.547408206233206,0.831586301123345,-0.334251927384056,0.823408681057155,-0.207516372116201,0.898004089289119
"LINC01138",-0.200447916948881,0.838228110296931,-0.161418176992737,0.763807426580721,-0.207936262650159,0.674363867120955
"PDE4DIP",0.294556717062701,0.713703084504335,0.222341101023106,0.614396075881076,0.253300511150928,0.52485004547922
"AC245297.3",-0.335462868913689,0.620497879203569,-0.253467219029458,0.539909812541728,-0.296756853159819,0.364381114006951
"HIST2H2BF",-0.463751044335229,0.680936246736474,-0.301334184216326,0.596953795266698,-0.485112593924771,0.273227381123984
"AC243772.2",-0.835527247259362,0.631427909480806,-0.579334410800693,0.571185324951607,-0.813924197185164,0.371933782150218
"HIST2H2AC",-0.0470616589302223,0.987676987381042,-0.0746807086200262,0.893945927996825,-0.131936525355375,0.801990976304116
"OTUD7B",-0.168797799935024,0.967203858991469,-0.146872722562105,0.906642343276336,-0.253559766537795,0.801486118717895
"VPS45",-0.151743262378174,0.809147447471828,-0.0928595144515725,0.779535842465706,-0.139165209070369,0.703913696755257
"PLEKHO1",0.169293620275788,0.832959266950738,0.145377832162936,0.685242149522218,0.137589579544502,0.708198572179105
"ANP32E",0.113414451538079,0.885618959136343,0.0781778345549062,0.823141670358777,0.0302549917660666,0.948048716255807
"APH1A",0.418643387057175,0.747983371903506,0.207472974895844,0.6118955526808,0.262239595893886,0.49335622543846
"C1orf54",0.0620843918791561,0.975078487526034,0.0383131219460247,0.961732451996458,-0.104863804685115,0.872214293828511
"MRPS21",0.1899864189822,0.847763278066247,0.147807317531117,0.682769929955018,0.201250107243136,0.610364968373009
"RPRD2",-0.182999042491853,0.76063344310174,-0.120741515422797,0.682769929955018,-0.159190953259025,0.621015790398656
"ECM1",-0.110596281506729,0.978731255112132,-0.172398998105599,0.888295185891501,-0.293349719202567,0.795852028600715
"ADAMTSL4-AS1",-0.408296690598142,0.760525650507902,-0.221615789989903,0.638613914919712,-0.307481045878155,0.503188932768188
"MCL1",-0.0629461791369046,0.969952634197529,-0.0417710529373051,0.905296396015766,-0.0898981379526831,0.791364645921713
"ENSA",0.0101953846751073,0.989701309603352,0.0282521253179871,0.939600561074862,-0.0246923743410181,0.943665754096722
"CTSS",0.0399201462012319,0.976651500267561,0.0181277611190397,0.966487133623917,0.0596998991793272,0.883528995898572
"CTSK",-0.139251248714533,0.937120241257205,-0.125172959257861,0.865887045284762,-0.181328204087761,0.799807361722502
"ARNT",-0.141442912017221,0.844317537025732,-0.126274965396594,0.682769929955018,-0.127676768189043,0.704930167667097
"CERS2",0.00532266522929442,0.996717133488803,-0.0882868600489952,0.885041529327646,-0.166923371278589,0.761421121087099
"C1orf56",0.302286679503804,0.915615419264746,0.32775997994917,0.756801218738335,0.491131663703941,0.659522181455106
"CDC42SE1",0.040225948704431,0.983894524124084,0.081612143250019,0.85542852292657,0.0916738367414782,0.851615103190831
"MLLT11",-0.213502948345627,0.831586301123345,-0.112647053483004,0.796120504106463,-0.225996132741124,0.536280538719723
"PIP5K1A",-0.0804940805945564,0.937120241257205,-0.0334186738574449,0.932961517129018,-0.104859759400257,0.750059973571622
"PSMD4",0.263017779709068,0.620497879203569,0.207007071116349,0.567636892317067,0.267640768146075,0.427789007407824
"PI4KB",-0.0204987209650123,0.987165551409643,0.0177364410857448,0.96277084031199,-0.0326243867489431,0.923488310679102
"SELENBP1",1.60368909857562,0.620497879203569,1.20515112473587,0.539909812541728,1.29525392700036,0.420322421599594
"PSMB4",0.0471364345810965,0.989588695230066,0.0503315012129685,0.878318742925975,0.0429435762705444,0.90906672113102
"POGZ",-0.147417337266429,0.836203256481455,-0.10528944546313,0.713923131494012,-0.14499049743045,0.633281215414405
"AL365436.2",-0.531300443192362,0.743641475921582,-0.43360591166482,0.58453580524573,-0.732111144803396,0.307928681666602
"SNX27",-0.0337402561420536,0.975727322813314,-0.0437273019456171,0.918868323505402,-0.0547880558453137,0.902799134413293
"S100A10",-0.194716997046835,0.975078487526034,-0.0772539392316045,0.895074161486531,-0.051770901553532,0.916762859743837
"S100A11",0.157195992132399,0.966712918349758,0.106959895271124,0.73101121462528,0.114668739490817,0.751636540376963
"TCHH",0.290156103718165,0.937120241257205,0.447791370293313,0.602584390525497,0.372638806345512,0.565699562145283
"FLG-AS1",-0.739317033269555,0.620497879203569,-0.534783577161408,0.603185918088498,-0.760781820229844,0.415448111029357
"S100A12",-1.07441044797418,0.838228110296931,-0.760960465525852,0.73101121462528,-0.930164161963492,0.709763319203563
"S100A6",-0.372131478782163,0.937925320066869,-0.196629420902235,0.602584390525497,-0.192234174904159,0.58016139300506
"S100A4",-0.200203494791399,0.963891938748008,-0.0977829362966956,0.792119220424349,-0.116581689250046,0.767105192939401
"S100A2",0.387900702411702,0.945421051661546,0.375170001089438,0.832809995674351,0.192315572993544,0.874739911913299
"S100A16",0.371568536964303,0.945421051661546,0.339313998469706,0.75199825351363,0.2987775339933,0.76600330151552
"S100A13",0.0755947618566981,0.987381297202584,0.141627054865283,0.885041529327646,0.149428461907301,0.88003463546364
"S100A1",0.417944532028065,0.963710943134335,0.507215439546849,0.712661164701235,0.522997259313017,0.652434105797126
"ILF2",0.273352150942831,0.700393778780536,0.221562343207583,0.6118955526808,0.234852359800413,0.510112510951185
"GATAD2B",-0.0118355817212405,0.988172484594651,0.00281025592329217,0.993523124732251,0.0123592151305973,0.97525066269169
"SLC39A1",0.573274866658437,0.562118039898797,0.373710513273436,0.539909812541728,0.457081246962437,0.308434258198756
"JTB",0.213499105070662,0.78697738602823,0.121620890302427,0.655516967718768,0.148364445846282,0.58482270316746
"RAB13",0.307016648687255,0.908504361694798,0.248445225007521,0.567754820711177,0.402617943348744,0.307928681666602
"RPS27",0.127931690397987,0.973305994881223,0.0100112170761002,0.981143636643129,-0.0281605683737548,0.957562802791205
"TPM3",0.0852242513167526,0.95155244283198,0.105946870967352,0.788519086990831,0.0949608366397742,0.844314412133083
"C1orf43",0.207661406298687,0.834869989317809,0.167367466895376,0.724563954005688,0.186430780348045,0.680922650358031
"UBAP2L",0.0836703145378753,0.895362634494784,0.0529837913785395,0.832809995674351,0.0386914296918799,0.899828319482485
"HAX1",0.0806412742554277,0.912259746037492,0.104984795878723,0.712992859937042,0.0970012812589689,0.781887029653139
"IL6R-AS1",0.0808248650681884,0.986243996198961,0.0763694149521397,0.959082908386949,0.00981648063009056,0.995252373580312
"IL6R",-0.0424065591313573,0.978731255112132,-0.0409544171733455,0.916139333333639,-0.0881563501340567,0.794982096568494
"SHE",0.311851005456737,0.872171835439476,0.242982884533086,0.802405079216957,0.230661473875037,0.834800523327559
"ADAR",0.0307448163418931,0.986243996198961,0.0285962625171063,0.955974194500863,0.0209448554948975,0.973942463195293
"PMVK",0.212199501364611,0.743641475921582,0.194817941198232,0.567932803201193,0.243574025305859,0.503188932768188
"AL451085.1",-0.654820958645016,0.663974594664865,-0.515391503682412,0.539909812541728,-0.67844631780677,0.360738283189872
"PBXIP1",0.256803516016643,0.743641475921582,0.191253273005109,0.638264340343377,0.164087787571383,0.726321975723114
"SHC1",0.163285196042965,0.898622648526422,0.050123484590229,0.874635021227916,0.0200436910198384,0.96749032534522
"CKS1B",-0.163082597523278,0.969952634197529,-0.0564412135707434,0.875772472130238,-0.113785656282759,0.760378264086355
"ADAM15",0.191815948349325,0.858670945420424,0.171174802212199,0.707016966668684,0.200779404648394,0.675586274708035
"EFNA1",-0.581085982949454,0.842774473190308,-0.47075865073144,0.685242149522218,-0.619032684803506,0.604738049252398
"DPM3",-0.0106650284398382,0.994861430298128,0.0614846908927996,0.865887045284762,0.0356593979324937,0.940686939663035
"KRTCAP2",-0.00348328818527739,0.999861953973754,0.0417843278697316,0.918258326478409,0.0664898072182432,0.875703679005629
"MTX1",0.216438796607521,0.92565922966151,0.23112415894761,0.565951168967911,0.296500713061179,0.455988349676889
"FDPS",0.196673082046232,0.781913752028351,0.183604174113582,0.6118955526808,0.2149706355166,0.580119673975908
"ASH1L",-0.00111960062416657,0.999252748948143,0.0140351213620292,0.970873663395029,0.00553861266455929,0.992015271357945
"DAP3",0.0864000354545609,0.927411047546878,0.0942892373654721,0.756801218738335,0.10499280279323,0.697977915708529
"GON4L",-0.0679282762178173,0.928897568430517,-0.0296430201353964,0.919177064664124,-0.032207359405279,0.924094511655778
"SYT11",-0.121717707452109,0.975727322813314,-0.163393308552421,0.6118955526808,-0.214750298468149,0.562754315836961
"RIT1",0.163728761730073,0.841271683568883,0.117279105688261,0.73101121462528,0.114298256722694,0.780815890200692
"ARHGEF2",0.140774218282427,0.888570841393027,0.114425279238216,0.763121519273086,0.08396363958525,0.83780945723087
"SSR2",0.270284499007083,0.790872788088734,0.184498119469037,0.576859503928985,0.258414578268883,0.376391918003978
"LAMTOR2",0.102272948088638,0.986243996198961,0.121787033068434,0.70238198276846,0.16132097381152,0.643709696969539
"LMNA",0.263015809259043,0.903608037062864,0.150837061967074,0.842762032919684,0.165102360841446,0.835502300392726
"SEMA4A",-0.119230814094263,0.947261053507097,-0.0706433721342735,0.930063402377764,-0.0876455706279526,0.921388739958762
"SLC25A44",-0.259406067616947,0.831586301123345,-0.187687266023716,0.728626054491622,-0.248588547922402,0.684416956834868
"PMF1",0.20180471573351,0.695012064214002,0.197503152360621,0.539909812541728,0.242878335165598,0.406317645003979
"GLMP",0.225418969938043,0.847164208899954,0.0975654075580685,0.691058146260291,0.0994754632889018,0.733140110303463
"CCT3",0.34960366053134,0.615910607717767,0.270384595386824,0.539909812541728,0.362877747914979,0.376391918003978
"MEF2D",-0.205042468258991,0.871146086444017,-0.129645163343529,0.756994960881992,-0.25229592298291,0.521835404394511
"NAXE",0.0263744990023159,0.990850390543415,0.104798202043743,0.75395757213358,0.165590431748357,0.626483070625434
"GPATCH4",0.00939348224630959,0.993039382491997,0.0661878849914787,0.905085305148835,0.11885375853399,0.823356960569079
"NES",-0.028658501678377,0.993039382491997,-0.0376558108375946,0.975940010120607,-0.10166472760556,0.943978301924551
"CRABP2",0.242582154711854,0.882264046366445,0.22239560402286,0.728626054491622,0.14360045081519,0.842953960722082
"ISG20L2",0.16685514768379,0.85325053155458,0.1668585479476,0.660243239455962,0.178279417145131,0.639972620212142
"MRPL24",-0.0546386444868816,0.969952634197529,-0.00752782274418042,0.984011097633494,0.00506879116177032,0.994458394354299
"HDGF",0.180203427118941,0.615910607717767,0.122053553385413,0.576859503928985,0.120119918942427,0.610364968373009
"ARHGEF11",-0.468686374348083,0.615910607717767,-0.349121038323764,0.539909812541728,-0.466489301439661,0.307928681666602
"ETV3",-0.151622771652218,0.90266423080717,-0.105803320977732,0.823141670358777,-0.168039787581084,0.735611979916697
"CD1C",-0.686799143168443,0.695012064214002,-0.400372894941437,0.663988454978736,-0.563101603478654,0.518056166425906
"CD1E",-0.699275894794089,0.703140119270108,-0.480986176141816,0.643921980573827,-0.530266182199366,0.627189184484124
"MNDA",-0.157205158681356,0.882264046366445,-0.127054184037053,0.78785297839852,-0.144276010922034,0.778880488152119
"IFI16",-0.121209083087065,0.915615419264746,-0.138299759342852,0.713063672772372,-0.125978817004672,0.761421121087099
"CADM3",-0.569046396523761,0.882264046366445,-0.419290814178925,0.790067916621749,-0.531937537001402,0.719923483730873
"FCER1A",-0.226902049594284,0.951726996250602,-0.165448882950223,0.916199047574657,-0.586495217571505,0.502782781028872
"DUSP23",0.160467982423077,0.969506256606454,0.153527149031036,0.688762859666335,0.208252070401559,0.56387575959395
"SLAMF8",0.0976171068449055,0.969952634197529,0.0780133659897729,0.941264598661626,0.1815177837799,0.851615103190831
"TAGLN2",0.212493488845122,0.937295590475388,0.0688490556597391,0.870765190363925,0.0683330897421578,0.867023948291533
"ATP1A2",-0.91380004010398,0.75170860107918,-0.670484392341578,0.655516967718768,-0.805905279906465,0.510146919208901
"PEA15",0.193786693357921,0.922771531315628,0.088526158311158,0.806409740187469,0.0215493339840371,0.969752805540984
"DCAF8",-0.00596056544731996,0.990850390543415,0.00781962661593856,0.97886168663327,-0.0227372932333366,0.951869325101586
"COPA",0.0758190953833649,0.937120241257205,0.0571419304032133,0.839806827180451,0.0979389832973929,0.723116381892166
"SLAMF6",0.116592490240541,0.969952634197529,0.163343063767123,0.887873926895584,0.218735813470243,0.868416651730548
"CD84",0.122540458420605,0.911419896979759,0.102663649865353,0.80009025515769,0.184780508336292,0.604738049252398
"CD48",0.0288177530658225,0.987676987381042,-0.00988480849636196,0.989648351854567,0.0807229170640416,0.915669507806964
"SLAMF7",0.026185656268443,0.989924066985412,-0.0696080471371567,0.95050569742153,-0.151735684688227,0.792835401805648
"F11R",-0.0271574026282618,0.987168661761228,-0.017204088384632,0.963632023564318,-0.00895391675253654,0.980766459646602
"TSTD1",0.127141731061478,0.986740807946813,0.210831955621964,0.707016966668684,0.294361702735366,0.555497971283393
"ARHGAP30",0.038280138260168,0.975727322813314,0.0367790699318636,0.907314027876186,0.0257955833479767,0.951715326242549
"PFDN2",-0.016782407997888,0.987676987381042,-0.00591210762318894,0.99110039427907,-0.0454108930761401,0.939432715277062
"UFC1",0.188754413681629,0.86918309088418,0.173821901071172,0.582946363140296,0.219346179950819,0.484530896990441
"ADAMTS4",-0.805592614187926,0.841007039128195,-0.69347376429761,0.576859503928985,-0.893281176528045,0.475402890563908
"NDUFS2",0.265137444431286,0.745590386868765,0.230427403628877,0.635990683333229,0.289725013931863,0.56122308555548
"FCER1G",0.0974352303248236,0.95196329621018,0.135907553395779,0.734476632941173,0.057755724316976,0.911277515838766
"MPZ",-1.32776464421472,0.633461558848371,-0.944224833158197,0.539909812541728,-1.15319206771633,0.365925551768162
"SDHC",0.111389246559833,0.923602803613446,0.0865564125855304,0.866392107420694,0.057922993450188,0.907798853627752
"AL592295.5",0.129576769710591,0.943951495974271,0.164497827642333,0.780930792777978,0.298373325797864,0.602734415631695
"FCGR2A",-0.119497249595663,0.927411047546878,-0.0503020224129279,0.871103372434564,-0.115281894857993,0.685511798317414
"HSPA6",-0.291115878515287,0.882264046366445,-0.237312967028785,0.75395757213358,-0.150392405197987,0.780470121393822
"ATF6",0.105094038574615,0.919135672962633,0.0595433911721424,0.886521787873812,0.0920918431886831,0.806345549179156
"OLFML2B",0.115141001574082,0.964792346825516,0.0777405998471465,0.94617045595008,0.162858187963188,0.873908915379155
"NOS1AP",-0.20648437484981,0.961059654169002,-0.089373286302012,0.951200760838363,-0.181597813580689,0.884817625156155
"UHMK1",-0.0220211399225365,0.986243996198961,-0.0610752927528287,0.82069835192102,-0.0617916019881732,0.843043133014784
"UAP1",0.151571575254784,0.850765417220173,0.119936954845709,0.75805881070638,0.0891267842124055,0.839392539582093
"DDR2",-0.0218809251562846,0.990850390543415,-0.0445865360932496,0.963128956648986,-0.128950034521367,0.870736113385244
"RGS5",-0.251679396526582,0.94640054668399,-0.14211884334529,0.932961517129018,-0.38069513083812,0.732182402937651
"NUF2",-0.253991981999675,0.915615419264746,-0.0612602598364532,0.963632023564318,-0.0610564990056215,0.970471175880853
"PBX1",-0.374616001709774,0.908458190058852,-0.21458689269701,0.876813502977618,-0.341041048421624,0.732182402937651
"MGST3",0.116240241633165,0.947261053507097,0.124006027911029,0.797556545994522,0.200370630337559,0.597365886924465
"ALDH9A1",0.217067505337689,0.756057892358215,0.155058940058098,0.684666089327022,0.166321988758981,0.680922650358031
"TMCO1",0.0196581836713016,0.987676987381042,0.0210486106785783,0.964848597870791,-0.0170208846173248,0.979207899684523
"UCK2",-0.00284710805387579,0.996717133488803,0.0163244054005741,0.975491710400042,0.0124853830984171,0.986547086575987
"ILDR2",0.117208035041116,0.986243996198961,0.00842025693848251,0.996322269070203,0.039721601656076,0.989193131684562
"POU2F1",-0.130369984177666,0.836203256481455,-0.107934492766612,0.715341001422944,-0.137803346328417,0.639972620212142
"CD247",0.150751379957171,0.975727322813314,0.182944960294389,0.917287204800661,0.157556630665163,0.938176083415698
"CREG1",0.114709367876291,0.923602803613446,0.029073209642805,0.961663698018687,-0.00912471344432016,0.989193131684562
"RCSD1",0.125538850316067,0.903409622213377,0.107844422695935,0.79501289785789,0.0881425522144193,0.861639227217728
"MPZL1",0.238347120976851,0.795440606734161,0.144015857702866,0.756801218738335,0.21219178948367,0.659522181455106
"MPC2",0.549550037802931,0.607226415643211,0.347421031635491,0.539909812541728,0.51646154263281,0.298058004677488
"DCAF6",0.239418683079096,0.740956428327799,0.124108210727155,0.728626054491622,0.147907339451805,0.699101822198381
"TIPRL",0.171501845460169,0.743641475921582,0.128539398702262,0.679176621496314,0.164721087090779,0.595733322547859
"SFT2D2",-0.0945884103757391,0.898622648526422,-0.0835733576983373,0.779117741632649,-0.0990102410266124,0.764244946288008
"XCL2",0.4449837462916,0.937295590475388,0.473160103354235,0.756597469657113,0.264220167619068,0.888101158224411
"XCL1",0.64284397648095,0.887029396354312,0.319428815204334,0.877318442258331,0.0547903117817614,0.985159190594133
"ATP1B1",-0.0751373360874424,0.972747459822463,0.0456430722574707,0.950670754810894,-0.00680208875863299,0.995031168540369
"NME7",-0.0840105056130386,0.962718721338874,-0.00353677701608404,0.996049574432636,-0.0501307012805814,0.951715326242549
"SLC19A2",0.052379608442959,0.986243996198961,-0.0479480526662063,0.951921041926033,-0.022384417719569,0.973942463195293
"SELL",0.283190426993558,0.868450233540946,0.212276087956467,0.786827674548573,0.0330512471957462,0.972307092716559
"KIFAP3",-0.0572488562315325,0.952093474531886,-0.0221806567768397,0.961663698018687,-0.0068698157429778,0.990420116511119
"PRRC2C",0.0701691606784931,0.937295590475388,0.0430298563306835,0.901553497791501,0.0649769071384272,0.859663729653652
"DNM3",-0.229155774027947,0.900538039598824,-0.0698678727847856,0.947522425797012,-0.135849581871706,0.872340359917716
"PIGC",-0.111592979567249,0.934816943280864,-0.0421047939401016,0.935848509013914,-0.0415135695661925,0.943665754096722
"SUCO",0.0119823151357023,0.987676987381042,-0.019560108325822,0.962866185703775,-0.0198168361490019,0.970880275567133
"AL031599.1",-1.01259731930448,0.743641475921582,-0.45993387175354,0.726008162470312,-0.790737703762079,0.521835404394511
"TNFSF18",-0.154667050645276,0.98469852697543,0.146716786060683,0.918615564064886,-0.114990741772654,0.927882099367446
"AL645568.1",-0.172600928088377,0.906869631745234,-0.0786895828224654,0.923493171039234,-0.143132845252504,0.864197227365133
"PRDX6",0.289889881231475,0.635362086335881,0.213420639062268,0.567636892317067,0.219982153568061,0.454646209978998
"KLHL20",-0.0254670655838566,0.987165551409643,0.0100804656155654,0.982567521584643,-0.00191824452385523,0.998369720730305
"GAS5",-0.0470187473438478,0.969847956577813,-0.0238496003247678,0.958734588994762,-0.0143922160440292,0.977290579703121
"RC3H1",-0.322892117237263,0.663401121515774,-0.247678313625191,0.567636892317067,-0.326017036393673,0.437992645675782
"RABGAP1L",-0.0358324559377896,0.986243996198961,-0.0108587539633125,0.982567521584643,-0.0459732551763215,0.943470285236283
"Z99127.4",-0.354769479183387,0.633461558848371,-0.250073632255465,0.567754820711177,-0.387787472897645,0.376391918003978
"CACYBP",0.127707172813291,0.935479761500471,0.0276606831181739,0.963675564531743,0.0317036556051585,0.967663675087524
"KIAA0040",0.0951665859436238,0.927411047546878,0.0574996694956299,0.894437808342616,0.0173029368124145,0.977394789707633
"COP1",0.00270614206038027,0.994202951143564,0.00613440326891714,0.983695951086117,0.000919928058997059,0.998801924059983
"RASAL2",0.0704832423742565,0.969952634197529,0.0531037795132817,0.941264598661626,0.0228780163495083,0.979207899684523
"RALGPS2",0.0618375165215677,0.975195695221014,0.0316197734885023,0.963632023564318,0.104983133139219,0.863071351383996
"FAM20B",0.127908408496695,0.915615419264746,0.128559105980545,0.787285299040374,0.102326985264556,0.731683214870613
"TOR3A",0.169038824412617,0.908458190058852,0.145038250140541,0.81591027238249,0.097824594077181,0.90131829140123
"ABL2",0.0390220750658938,0.987168661761228,0.0615098426799327,0.936853564395437,0.0216868417648904,0.976248245486445
"SOAT1",-0.0538726317343725,0.952676354135022,-0.0748283293848933,0.796120504106463,-0.0881139326435139,0.792470347875807
"TOR1AIP2",-0.00589389927015914,0.992796445099194,-0.0142096622796959,0.972626641981822,-0.00225865875023868,0.997113640321465
"TOR1AIP1",-0.144788850631339,0.743988537519481,-0.114346571284265,0.655885041836434,-0.142581930790861,0.602734415631695
"CEP350",0.05277532109115,0.968190410187967,0.0108722760523771,0.981217349004059,0.0549248702839309,0.902643232023022
"QSOX1",0.237043302483082,0.673178229882399,0.171524752496777,0.617698893049793,0.177482179361152,0.627393320038457
"ACBD6",0.0684828233815426,0.943546322228372,0.0887849581372712,0.796120504106463,0.109388778001437,0.756877884706686
"XPR1",-0.125541816954396,0.86918309088418,-0.0995087385675718,0.784794565990796,-0.0894160975868026,0.843256962782433
"STX6",0.0351827897807267,0.984220501986375,-0.0040114429996064,0.994111893424054,0.0302951270977522,0.955483333983578
"IER5",0.199742570973028,0.915615419264746,0.00359321248087565,0.995677986178004,-0.0949866824914008,0.849865711971539
"GLUL",0.217710610658176,0.78698087141043,0.109354290495599,0.719906222635612,0.0862214671754626,0.802357455591739
"RGS16",0.464290329342606,0.697515918348544,0.279555778820878,0.62873374102614,0.139058568370029,0.763653082700191
"NPL",-0.00435912260023169,0.997129517930674,-0.00145435596426243,0.998847327855682,-0.0659959871998859,0.945137784813934
"DHX9",0.0415366186287185,0.972032683928677,0.023965376948965,0.96242869953788,0.00254201153598013,0.997113640321465
"LAMC1",-0.186592053867531,0.969952634197529,-0.162455997328197,0.916139333333639,-0.295653931201744,0.792645670335483
"SMG7",-0.10614995290207,0.849878078933592,-0.0650625753881198,0.832809995674351,-0.103739473548033,0.757346948876477
"NCF2",-0.169760353075171,0.831586301123345,-0.0656005087403205,0.865887045284762,-0.112299330950521,0.76600330151552
"ARPC5",0.148199717806119,0.833686082887391,0.0965882334997568,0.728626054491622,0.122500398128783,0.666927108553461
"RGL1",-0.465373184559297,0.743988537519481,-0.211315718160154,0.711331071049251,-0.311132815234013,0.485138356515192
"COLGALT2",0.319707793341971,0.912249710023291,0.194081426628952,0.885041529327646,0.254128900646754,0.855867201873958
"C1orf21",-0.327995012364491,0.86918309088418,-0.273864702587832,0.728626054491622,-0.372111828601467,0.625320779682003
"EDEM3",-0.128290977360663,0.841007039128195,-0.116993305008936,0.695474235878513,-0.145246593590316,0.66519535413294
"NIBAN1",-0.150093345004124,0.928897568430517,-0.100169911299755,0.879318949048446,-0.120773589133025,0.869793185908311
"IVNS1ABP",-0.476625803252165,0.607226415643211,-0.34740917041749,0.539909812541728,-0.420016667399037,0.351919938422795
"TPR",0.0818260778650928,0.915615419264746,0.059520169155412,0.868346873746697,0.0862249550614159,0.800759848264319
"AL096803.2",-0.207789192878155,0.90266423080717,-0.103165747351672,0.885041529327646,-0.115679429078164,0.866557324156809
"PTGS2",-0.193990726281046,0.961059654169002,-0.0757833643975193,0.93367376665467,-0.170649987094652,0.768245000954006
"PLA2G4A",0.0905079804857078,0.962718721338874,0.104341905893244,0.870238676232399,0.0243805460733832,0.973942463195293
"RGS18",-0.330245063611901,0.722993526913415,-0.248643869525408,0.607260215430647,-0.297305164442421,0.512503271974709
"AL390957.1",-0.477248940414389,0.677584570772595,-0.2890800644304,0.70970275777751,-0.480775611297679,0.468140187860629
"AL136987.1",-0.395973815573626,0.620497879203569,-0.260774811394136,0.572932137442038,-0.332050828861244,0.486708653561664
"RGS1",-0.054876662409135,0.986243996198961,-0.0620178045205671,0.928729308407458,-0.064381316423743,0.934885915925458
"RGS13",-0.12996949249797,0.937295590475388,-0.0283432917084764,0.96658764417076,-0.00258749427501202,0.99774736540395
"RGS2",-0.0655059207639371,0.986243996198961,-0.0817984572494013,0.905085305148835,-0.134651577205081,0.845442948108868
"RO60",0.0386384275322891,0.95867628166691,0.0119256751761152,0.969900650801383,0.0388734157738736,0.900216596874957
"GLRX2",0.0985589873894989,0.915615419264746,0.0906634427067127,0.80009025515769,0.118815993156257,0.761421121087099
"CDC73",0.120501376199407,0.850765417220173,0.0741001363607047,0.826262654925685,0.0858664095716857,0.807821027611497
"B3GALT2",-0.0820333846809198,0.985214763269641,-0.00936367910958574,0.994111893424054,0.282810088221664,0.822669529808433
"CFH",0.0500136346460679,0.989701309603352,-0.0967682507700912,0.96242869953788,-0.182071161091409,0.919289818241149
"ASPM",0.0372155537061907,0.987676987381042,0.0891484211801368,0.924986091689717,0.0121359112513383,0.992577129869039
"DENND1B",0.0415025351215237,0.972497965291955,0.0133116406498454,0.975940010120607,0.0693019625927484,0.859452932536531
"NEK7",-0.20296192687282,0.743641475921582,-0.184669405300514,0.567754820711177,-0.245363103905794,0.475799368520998
"PTPRC",-0.0823025022460928,0.94342973113594,-0.0727257479161155,0.864685040098482,-0.0924237816068538,0.83780945723087
"MIR181A1HG",-0.159370962744892,0.903608037062864,-0.135002562922184,0.819651123007178,-0.00756097712572821,0.990420116511119
"ZNF281",0.0762562335058049,0.937120241257205,0.0390595812943692,0.916199047574657,0.10936584348685,0.719503840082764
"KIF14",-0.409195674341972,0.85325053155458,-0.414292862709013,0.658343768971671,-0.674573962181765,0.443658298786382
"CAMSAP2",-0.113789653080587,0.912259746037492,-0.0713843228686854,0.865887045284762,-0.110134665324352,0.80022086844441
"TMEM9",0.217635758732169,0.934816943280864,0.130677916546218,0.726008162470312,0.110605559961559,0.812456792848887
"PHLDA3",0.0961563510178431,0.987168661761228,0.0682774651440274,0.956240560346755,-0.0527559669182594,0.959699104482547
"CSRP1",0.0645365492673846,0.987676987381042,0.0499385895848921,0.931884260814257,-0.0340918240273884,0.957562802791205
"NAV1",-0.047620564824847,0.98469852697543,-0.0780458561750417,0.899852561305608,0.0250040217708918,0.976949166476538
"IPO9-AS1",0.0478923471242489,0.987049359827928,0.0806463000437787,0.944564301575183,-0.0614509409457508,0.957562802791205
"IPO9",-0.00676620999912928,0.991594528553645,-0.00975053579042273,0.980444404085137,-0.020476898584641,0.970261558087018
"SHISA4",-0.000440480379567295,0.999963380658618,0.117461077970012,0.868346873746697,0.0518254232016865,0.945137784813934
"LMOD1",0.162186121317973,0.978731255112132,0.0572987703864652,0.976831570536172,0.00212092403720921,0.999739842870507
"TIMM17A",0.241141601140916,0.708906209861552,0.20775979147756,0.602584390525497,0.238727829397469,0.553359514148576
"ELF3",-0.144549134099628,0.985423194748011,-0.0424908217897192,0.983479606891045,-0.228386897258361,0.919289818241149
"GPR37L1",-0.502205301248553,0.895362634494784,-0.421665354135803,0.757215489546486,-0.529873428703291,0.594301230245286
"ARL8A",0.3275955219497,0.615910607717767,0.230968185085353,0.539909812541728,0.243902686183323,0.452015220025382
"PTPN7",0.106878911685832,0.937120241257205,0.147909735011053,0.73101121462528,0.0658261695127626,0.888998683162165
"UBE2T",0.0422064906282646,0.987292015106137,0.043459957683611,0.963675564531743,0.0513285804909003,0.966616392904718
"PPP1R12B",-0.169519061013248,0.845995942306838,-0.134011779818015,0.770856818853275,-0.144411927394387,0.79074754214483
"KDM5B",0.0932229912886169,0.919327712677189,0.0724321389518697,0.78785297839852,0.0107295910440525,0.979207899684523
"ADIPOR1",0.00150892578624947,0.999021462867674,-0.0128331728511778,0.981281389473242,-0.0662395899465212,0.901872547234938
"CYB5R1",0.126409341064742,0.878233515505605,0.116095665551935,0.756801218738335,0.0939999017310271,0.835496228774023
"CHI3L1",0.508447775370856,0.882264046366445,0.306997176895017,0.811380046436529,0.283448748849858,0.771112365450846
"BTG2",-0.338723313721698,0.831586301123345,-0.189640799967923,0.719739689718454,-0.309667483740408,0.552534852329702
"FMOD",-0.094724447069282,0.987381297202584,-0.245666869677606,0.867775140580767,-0.496036427629773,0.674363867120955
"PRELP",-0.239997553566825,0.974793128542308,-0.388443966289512,0.827520329847365,-0.584102898391485,0.71233550026931
"ATP2B4",-0.189433920442274,0.882264046366445,-0.0729694169614825,0.848374793858531,-0.116232621890964,0.775614707979965
"SNRPE",0.043830847991085,0.987676987381042,0.0202222419036871,0.963675564531743,0.0653297238245451,0.869793185908311
"PLEKHA6",-0.127967489348483,0.968662340367089,-0.109996035508647,0.934657118454907,-0.331514800019675,0.729695123645453
"PPP1R15B",0.00605552928425188,0.994202951143564,-0.0309208505545324,0.961732451996458,-0.0384962394576824,0.934890182573882
"MDM4",-0.395082633002566,0.620497879203569,-0.263060199067099,0.539909812541728,-0.272693010962048,0.486708653561664
"DSTYK",-0.0428955909629324,0.974793128542308,-0.0302171878034713,0.951921041926033,-0.0540477926700774,0.907227152174562
"CDK18",0.0952955922270521,0.956660628690128,0.0836087549984771,0.897123059066415,0.0106154386169831,0.992015271357945
"ELK4",-0.184002721758386,0.794910857306378,-0.171782897802226,0.6118955526808,-0.238132383346615,0.518056166425906
"NUCKS1",0.0549213536690537,0.968529247878935,0.0163975726953006,0.968736910528144,0.0137361058108878,0.977649323251274
"RAB7B",-0.123909700772004,0.969952634197529,-0.0549112557586609,0.96242869953788,-0.225265046857334,0.79319295522676
"SRGAP2",-0.108639762944275,0.915615419264746,-0.0875579231873628,0.811798361323719,-0.167657944911956,0.65642344853735
"RASSF5",0.112693701694211,0.937120241257205,0.0983604634900217,0.813747570349955,0.0345361833920573,0.952057233868039
"AL591846.2",-0.279244505439306,0.885618959136343,-0.175149773615965,0.814076601796715,-0.453125542763025,0.255695102597858
"MAPKAPK2",0.0730082827068381,0.951726996250602,0.073681836794944,0.819651123007178,-0.0165200663363978,0.969162032696058
"IL10",-0.122409942596591,0.969952634197529,0.0512801032742724,0.953950398414795,0.0982027273549143,0.908142271746693
"PIGR",0.0502548678270206,0.987676987381042,-0.0610765067563575,0.96277084031199,-0.248261941707248,0.792835401805648
"CD55",-0.112862157661415,0.95867628166691,-0.111837728275252,0.877318442258331,-0.100856208445769,0.900216596874957
"CD46",-0.121486981174833,0.841271683568883,-0.0900738863111259,0.756801218738335,-0.114439650706072,0.719114764621006
"MIR29B2CHG",-0.209355927947214,0.794910857306378,-0.165210002004982,0.682971009494621,-0.254667818905048,0.486708653561664
"CD34",-0.0245331009996581,0.993039382491997,-0.0851198700840717,0.956240560346755,-0.24558249906316,0.848852976435192
"PLXNA2",0.185831291740092,0.921386421447605,0.228980457783481,0.649331678226707,0.112417449074941,0.819404388860613
"G0S2",0.425186915203818,0.906869631745234,0.117791692231111,0.891115969730045,-0.0221611420345943,0.980108479276866
"RCOR3",-0.176243142182627,0.76063344310174,-0.138784979361552,0.675699955475318,-0.197587388696993,0.58016139300506
"TRAF5",0.140085105651403,0.923602803613446,0.103604107162615,0.848354605388932,0.189548088040779,0.689815711048353
"LPGAT1",-0.157355836799419,0.838228110296931,-0.101248797119821,0.784794565990796,-0.0699729920036243,0.858808048670035
"PPP2R5A",-0.0105297041173883,0.988989939436751,0.0323049715992876,0.923108484360897,0.0377144741937338,0.921633177647038
"NENF",0.174756213687194,0.956660628690128,0.134804886188962,0.712661164701235,0.196681346420448,0.570453357692432
"AC092803.1",-0.679671065636517,0.562118039898797,-0.490079154397364,0.539909812541728,-0.65393996018254,0.18131672651448
"ATF3",-0.14133615325378,0.956660628690128,-0.0641017286654721,0.880478315875426,-0.11011489922612,0.788712092387148
"BATF3",0.0312401549913455,0.987381297202584,0.036923452241981,0.963632023564318,-0.00374831928238302,0.997640330044719
"NSL1",-0.000526802161357946,0.999963380658618,0.0287172405495592,0.962866185703775,0.0347942363165858,0.95520151291446
"RPS6KC1",-0.0838006571897939,0.891937472178003,-0.0556303873189937,0.873610956273947,-0.0596290878401345,0.883528995898572
"PROX1",-0.155951296221112,0.926058247355641,-0.156680109768558,0.687248269614141,-0.247774797997857,0.468140187860629
"PTPN14",-0.0643912438450267,0.987381297202584,-0.1362311977004,0.891507633403955,-0.162618993219131,0.883528995898572
"CENPF",0.0852591068589706,0.969952634197529,0.0606619429765792,0.933850507025293,0.028874207348277,0.976949166476538
"KCTD3",-0.0174953048143249,0.990850390543415,-0.0595579667886289,0.905807862030204,-0.107205846331165,0.837505118760973
"GPATCH2",-0.125885411435742,0.838228110296931,-0.0664061310079763,0.813747570349955,-0.0863728660456614,0.777479366201726
"RRP15",-0.137536306062741,0.882264046366445,-0.0887367476978159,0.835332246194855,-0.150400834471233,0.740850861189192
"TGFB2",-0.475977684422744,0.626910403345555,-0.304318307528237,0.602584390525497,-0.390593964781087,0.528750079429814
"LYPLAL1",-0.181157821022941,0.848228309522531,-0.117868564978851,0.790067916621749,-0.181452814854445,0.65642344853735
"EPRS",0.00896152692270148,0.990850390543415,0.0102963389704252,0.981281389473242,0.0957281871848242,0.774249437804601
"IARS2",-0.0278049591127448,0.972032683928677,-0.0148525197006444,0.962866185703775,-0.0421486156870673,0.898004089289119
"RAB3GAP2",-0.172440289278709,0.743641475921582,-0.126499012267554,0.678110628123578,-0.109706992053625,0.72114752113053
"HLX",-0.24632677693519,0.908458190058852,-0.138551857094574,0.842672795585042,-0.222342176330705,0.754590891845521
"DUSP10",-0.147095230227219,0.919985914487433,-0.166256998025309,0.728626054491622,-0.252920727442203,0.635630814036157
"MIA3",-0.00795304442481612,0.990172016537236,-0.018798926141389,0.963350368188309,0.00992288814156655,0.981821004739499
"AIDA",0.0714460109972247,0.961399538616457,0.00463427666346306,0.994111893424054,0.03478350075286,0.957562802791205
"BROX",-0.123939037302298,0.900233158660965,-0.0996563763590337,0.823141670358777,-0.0918305376567978,0.849865711971539
"FAM177B",0.19051149001188,0.924498996804901,0.180152794859606,0.813747570349955,0.206975822179157,0.812456792848887
"AL392172.2",-0.430095996068053,0.831586301123345,-0.349907817443498,0.707054072340348,-0.429086361001154,0.655061802959268
"AL392172.1",-0.0465899868534405,0.978916937415713,-0.0437003020751016,0.941264598661626,-0.0783465122182481,0.889079989871534
"DISP1",0.0143705265406024,0.991594528553645,0.0408823155763657,0.961663698018687,0.0891069667891253,0.896987088212181
"TLR5",-0.130772388693096,0.925458422228106,-0.133663126154184,0.790067916621749,-0.0583455224039264,0.914685256526293
"CAPN2",-0.108795202269806,0.908458190058852,-0.0717821197723419,0.852605899415817,-0.0636628782546893,0.869793185908311
"TP53BP2",0.0571035829511646,0.975195695221014,0.0421153474913442,0.95565153722071,-0.0231733679746236,0.976949166476538
"FBXO28",0.0670176383770027,0.947711925014024,0.0471881299712862,0.905296396015766,0.0362048224379982,0.943665754096722
"DEGS1",-0.124615020434377,0.921066009650058,-0.12970776634448,0.780770088736195,-0.20787173665681,0.65642344853735
"CNIH4",0.169283881430203,0.926058247355641,0.073744236346368,0.867775140580767,0.108313435327496,0.811910017160917
"WDR26",-0.124086836855542,0.878852625556414,-0.10722808760001,0.745981363619619,-0.177082664754743,0.579879645097307
"CNIH3",-0.0784990845516564,0.964792346825516,-0.00642442722483065,0.993706970529175,-0.0638016253057724,0.938126337863265
"DNAH14",-0.14705621746587,0.968529247878935,0.0223123018835605,0.982567521584643,-0.0475996332324738,0.973942463195293
"LBR",-0.182641678354835,0.743988537519481,-0.155469601890096,0.6118955526808,-0.211064377574302,0.526483868522985
"ENAH",0.379342252966668,0.92417531528931,0.167847022697082,0.867775140580767,0.163324169631626,0.884546907721629
"SRP9",0.0408142016534788,0.984220501986375,0.0254320124496053,0.96668416533004,0.020217438519646,0.976901867362516
"EPHX1",-0.0356290305875395,0.987165551409643,0.0311199427049346,0.962866185703775,0.0114747002476091,0.989193131684562
"SDE2",0.0822843118619183,0.949591008943738,0.0961914321157225,0.830443594221367,0.0791554505622924,0.879642667300819
"H3F3A",0.0444202794926749,0.984220501986375,0.033343098974564,0.942235289270853,-0.00174440900799122,0.998084441964106
"ACBD3",0.108419364177079,0.850765417220173,0.0852283160307762,0.778880243895561,0.12435140911008,0.669306105076811
"PARP1",0.123706575214191,0.795440606734161,0.0917339122456551,0.728626054491622,0.126425581130882,0.65642344853735
"ITPKB",0.15055098654308,0.915615419264746,0.134878643413141,0.779945366404274,0.100143365438747,0.860190911861655
"CDC42BPA",-0.397190954601403,0.78697738602823,-0.259913253003636,0.684666089327022,-0.309868052426623,0.66624394661486
"ARF1",0.149834264405524,0.840467050491297,0.096298775600428,0.790067916621749,0.0894277146513444,0.794982096568494
"C1orf35",0.151901605660352,0.801469014519085,0.0980812514408376,0.707054072340348,0.114359037051619,0.667988323016415
"MRPL55",0.218572454344767,0.944515455237656,0.140770550523989,0.65750952685365,0.162744716567985,0.645262942501423
"GUK1",0.218132142279674,0.937120241257205,0.223195053510998,0.565951168967911,0.264360206562218,0.480352449472001
"HIST3H2A",-0.116369087324124,0.975727322813314,-0.101524231004436,0.864500729395429,-0.215137280756546,0.684351540774242
"RNF187",0.384587610106107,0.850765417220173,0.206028980977053,0.655516967718768,0.221700417295495,0.668290681860915
"RHOU",0.0434610448891092,0.987381297202584,0.108526896281068,0.897123059066415,0.0233965319384751,0.980766459646602
"RAB4A",0.218780017942462,0.623672057295787,0.155173518490129,0.600950135999603,0.178782686389513,0.494198277849011
"CCSAP",-0.0246389142390669,0.985594021977838,-0.024560290140835,0.950352759818587,-0.0446132324639846,0.898004089289119
"LINC01736",0.241564836786719,0.917370421984231,0.237523360100632,0.75733713491567,0.297953209613953,0.728503281016701
"GALNT2",-0.0416060309798702,0.969952634197529,-0.031445137201942,0.941264598661626,-0.039160731929946,0.934885915925458
"C1orf198",-0.0400368969954582,0.989020511532505,-0.0839534258861782,0.895058017410379,-0.124045309689078,0.858808048670035
"TTC13",-0.152405245466476,0.871146086444017,-0.112492036741355,0.823141670358777,-0.179718793370442,0.732482954843668
"FAM89A",0.0784129677890622,0.987168661761228,-0.0361579228536693,0.980444404085137,0.494240412207433,0.646736088217769
"EGLN1",0.146351244610525,0.86918309088418,0.072910262547735,0.842762032919684,0.0120540207688036,0.980766459646602
"TSNAX",0.119466568686297,0.910584415744043,0.0649049347361876,0.891507633403955,0.0711250221684652,0.898004089289119
"DISC1",-0.19570787968386,0.847164208899954,-0.136849996078285,0.781746921621551,-0.191204041231944,0.740850861189192
"AL136171.2",-0.550065778125351,0.756024783939142,-0.349541120427318,0.735856182479457,-0.340455752823644,0.740493061721778
"SIPA1L2",0.0301563704577982,0.987381297202584,-0.0513756042263221,0.907695454343316,-0.076601098957113,0.847236525989429
"NTPCR",0.0522892017762385,0.973305994881223,0.0544208627779009,0.925773221047207,0.0121153037180941,0.986829754990581
"PCNX2",-0.221988273730121,0.756024783939142,-0.150258808154238,0.707016966668684,-0.261562860756993,0.459784938542081
"KCNK1",0.578210700831832,0.937120241257205,0.414072822641612,0.887093645477721,0.282293857068237,0.928480571560772
"SLC35F3",0.502308126562583,0.919327712677189,0.458073783182331,0.833312333476619,0.287260764159384,0.896450060674546
"COA6",0.0255172432011719,0.989020511532505,0.0104638480013861,0.981580635040761,-0.0148336588149924,0.979207899684523
"TARBP1",-0.43473571868537,0.59030874370855,-0.303378313720908,0.539909812541728,-0.397766298755062,0.376391918003978
"IRF2BP2",-0.0409425211599531,0.974793128542308,-0.0661527632819531,0.867775140580767,-0.157529207559664,0.659522181455106
"TOMM20",0.193076730029492,0.937120241257205,0.0771685946307303,0.85648706971471,0.143384825075322,0.661311727667947
"ARID4B",0.106443467351006,0.86918309088418,0.0831452783395115,0.731923399003207,0.0724574985798541,0.819380227727859
"TBCE",-0.306651800850189,0.740956428327799,-0.195325182087928,0.6118955526808,-0.208724206867132,0.62915730044559
"B3GALNT2",-0.0416926831537551,0.977922694820062,-0.0261514199588535,0.963632023564318,-0.0141507954177261,0.982546554576037
"LYST",-0.298959305874664,0.663401121515774,-0.244787305360574,0.539909812541728,-0.266309087069402,0.477953424986133
"NID1",-0.88671529905998,0.680936246736474,-0.758831488580025,0.539909812541728,-1.03579246571022,0.351175410785092
"GPR137B",0.213692419121356,0.856422153104372,0.16473267976152,0.781746921621551,0.225592681942372,0.719114764621006
"ERO1B",-0.297577403379819,0.713703084504335,-0.192789618620782,0.685242149522218,-0.343590397506638,0.372925951502991
"MTR",-0.189263173460105,0.684052758618523,-0.157046471397176,0.58453580524573,-0.122632072327399,0.646736088217769
"CHRM3",-0.897982323843559,0.782347688269215,-0.574710555023704,0.746995097085364,-0.687708722918202,0.69440123045914
"KMO",-0.104094563179179,0.962718721338874,-0.0687245630774981,0.93914373777039,-0.101134309365427,0.898004089289119
"CHML",-0.152390381123636,0.908458190058852,-0.125964769166772,0.810607339458772,-0.129682959837582,0.806345549179156
"CEP170",-0.0273507268296814,0.987232790302631,-0.039789375456463,0.951200760838363,-0.0847761762972889,0.891946985071105
"SDCCAG8",-0.0398076991750305,0.969952634197529,-0.023294350552708,0.958093966183399,-0.0611024366414085,0.869793185908311
"AKT3",-0.227075512735863,0.778231677949963,-0.219159916653291,0.576859503928985,-0.255065042737167,0.526483868522985
"ADSS",0.0997459250657258,0.888570841393027,0.0764716492742261,0.825928810266268,0.124611321760492,0.706323775177875
"CATSPERE",-0.218627196596842,0.882264046366445,-0.1219214749286,0.903162098034093,-0.261193426557937,0.784437352462672
"DESI2",0.167741802611055,0.709746584312119,0.118361561675092,0.641358100100867,0.132899833694456,0.598983602964005
"COX20",-0.0445688711642627,0.959248300621966,-0.0182988084219968,0.963632023564318,-0.0447244446487952,0.91792160187035
"HNRNPU",0.005027285163159,0.99418593753529,-0.00693798644432832,0.982571067916725,-0.0266650782232592,0.945651935947817
"EFCAB2",-0.227370800681322,0.840467050491297,-0.155471844520325,0.743182114935525,-0.326878015606287,0.443658298786382
"KIF26B",-0.258589002090189,0.848903305816828,-0.185108748128829,0.796934711484316,-0.301492304129343,0.638557114550233
"SMYD3",-0.101670403215735,0.923602803613446,-0.0392755914405057,0.95050569742153,-0.0932993459371683,0.868416651730548
"CNST",-0.0451175389624083,0.961303592323787,-0.00157848782417678,0.996049574432636,-0.0347302039555995,0.934890182573882
"SCCPDH",0.221614554422194,0.923602803613446,0.107530779602098,0.813747570349955,0.130458503652862,0.788083281414875
"AHCTF1",0.027547050237351,0.985214763269641,0.00950929160443289,0.981217349004059,0.0133565773907919,0.979207899684523
"ZNF124",-0.0165132692022054,0.987676987381042,-0.0261611687500061,0.956240560346755,-0.0284391041943453,0.957032935111442
"NLRP3",-0.133312023837277,0.951610900208567,-0.0447168790546566,0.961663698018687,-0.0485034929951235,0.961530643332731
"ACP1",0.119829609706954,0.882264046366445,0.0713083702736803,0.852542483251065,0.0709453822051342,0.848852976435192
"TMEM18",0.0290804755499425,0.987676987381042,-0.0431955486916289,0.939600561074862,-0.00250566732282908,0.997113640321465
"PXDN",-0.140752683719957,0.986243996198961,-0.171425980222289,0.949757741465138,-0.325871367887877,0.868416651730548
"TRAPPC12",0.22024045580735,0.840467050491297,0.191415375658013,0.716776630926897,0.212443788490687,0.732182402937651
"ADI1",0.244556976662995,0.937120241257205,0.145462369110133,0.675699955475318,0.0892872638239214,0.823062475481757
"RPS7",0.0873781704261258,0.986243996198961,0.0164977358570073,0.973528437650212,0.01614686367061,0.973942463195293
"NRIR",0.202439023323797,0.961059654169002,0.228384185683926,0.888509687831256,0.306972878668937,0.812544061179002
"CMPK2",0.209407552599171,0.937120241257205,0.145869844627445,0.879318949048446,0.103370505971389,0.934885915925458
"RSAD2",0.118178333671152,0.969952634197529,0.0784768438079293,0.953950398414795,0.0196020931266462,0.990420116511119
"RNF144A",-0.687865613871026,0.743988537519481,-0.613733817419605,0.600950135999603,-0.7012133912645,0.518056166425906
"ID2",0.210098907349991,0.847164208899954,0.0956740821688534,0.833312333476619,0.0327313001219528,0.957032935111442
"KIDINS220",0.00956190062029409,0.989588695230066,0.000249100785052247,0.99967840875972,0.0161899057397929,0.973942463195293
"MBOAT2",-0.173107895633468,0.937120241257205,-0.172498090656752,0.82069835192102,-0.233082357537533,0.753392468267112
"ASAP2",-0.301019554731579,0.934314498143349,-0.229338012844217,0.86055599668641,-0.313334020212215,0.771112365450846
"ITGB1BP1",0.101060380395105,0.921019163155975,0.043431471555346,0.892452868202711,0.0959111267550521,0.733841056403726
"IAH1",0.0587759780779039,0.976089777202807,0.0612396994801673,0.941264598661626,0.15692298149688,0.836967395899676
"ADAM17",-0.0737030054394098,0.952676354135022,-0.0630133964438503,0.891801764226981,-0.0872621571159255,0.848852976435192
"YWHAQ",0.119067536542474,0.879034398226686,0.0843423884760647,0.821969412788873,0.067312854139822,0.879439979844401
"RRM2",-0.169531207804918,0.951617778171382,-0.00845210885437926,0.994111893424054,-0.1938010902894,0.839420094500349
"HPCAL1",0.249125382836965,0.781913752028351,0.229523070899931,0.565951168967911,0.291824596603866,0.407296648637997
"ODC1",0.0827640029353486,0.977922694820062,-0.0105776772822064,0.99159047822418,-0.141319890354137,0.888101158224411
"PDIA6",0.277945230289946,0.743988537519481,0.165818782317372,0.678110628123578,0.212996592275031,0.594301230245286
"ROCK2",-0.0500866083490015,0.969952634197529,-0.0209744593653746,0.966487133623917,0.025885717826057,0.964953305857239
"GREB1",-1.50000524452389,0.620497879203569,-0.801848759690741,0.593504960339697,-1.03617317069882,0.406317645003979
"LPIN1",0.131000629462639,0.919985914487433,0.0442061896654156,0.934657118454907,0.0269907471084417,0.963163635851747
"TRIB2",-0.415950548164522,0.847164208899954,-0.358384998881382,0.669417178610508,-0.529241170349278,0.454646209978998
"NBAS",0.0729204459235841,0.926541750504799,0.0687264203169304,0.860287205518009,0.102832519854293,0.780353552464128
"DDX1",-0.0199271195873344,0.987232790302631,-0.0297433709513634,0.951921041926033,-0.064122948133412,0.892914964963681
"FAM49A",0.313658423490038,0.795440606734161,0.244699368393446,0.689704842583902,0.227157327554895,0.72114752113053
"SMC6",-0.0140837216619433,0.987676987381042,0.00107109629761603,0.998806998670749,0.0285195498617436,0.958396418914472
"LINC01376",-0.466357986615472,0.795440606734161,-0.296834503128573,0.788876679002857,-0.45611168352236,0.673601444674556
"LAPTM4A",0.275557020834513,0.886428075551855,0.123564013883864,0.791438454835134,0.121251526244387,0.792835401805648
"PUM2",-0.171532443811649,0.725197208420541,-0.141688636555327,0.576859503928985,-0.178491424964235,0.518056166425906
"RHOB",0.199966096703346,0.875519982021551,0.0544692594305826,0.917723880271466,0.0425090787759867,0.93637900575043
"LDAH",-0.209840753644076,0.7789891026956,-0.120516884659633,0.781746921621551,-0.163702848379012,0.747613075358224
"KLHL29",-0.594249118206391,0.831586301123345,-0.412990057511579,0.756801218738335,-0.656487393838083,0.562754315836961
"ATAD2B",-0.00505610291762039,0.993039382491997,-0.00413098359399149,0.990471492962637,-0.0177339736468486,0.973046066546357
"UBXN2A",-0.0736454877252791,0.92417531528931,-0.0187902449177727,0.961732451996458,-0.0487576816985065,0.897120364639856
"FKBP1B",0.0488089463041982,0.990850390543415,0.173415153902678,0.820756688134211,0.148883080964689,0.870052794902462
"SF3B6",0.0298162267188467,0.990850390543415,0.0185591356242401,0.964780908825714,0.0264537431697287,0.95124259606861
"FAM228B",-0.264967977146651,0.654027551099472,-0.170215608106371,0.6118955526808,-0.238888602427338,0.486708653561664
"TP53I3",0.166964673732772,0.912259746037492,0.158465105614502,0.787285299040374,0.213651922982613,0.751636540376963
"ITSN2",-0.0691180204675658,0.937120241257205,-0.057860539803198,0.865887045284762,-0.0787410926165828,0.809477309475852
"NCOA1",-0.0713748913809647,0.923602803613446,-0.0448160394314806,0.865887045284762,-0.0475323272206499,0.868416651730548
"PTRHD1",-0.00339593941522685,0.999712449547403,0.0844228514265095,0.807081884394825,0.101512436133077,0.761116663369348
"ADCY3",0.165484005828764,0.915615419264746,0.0506407951035844,0.93991829964624,0.0017774184387432,0.998801924059983
"DNAJC27",-0.0636045328255622,0.968529247878935,-0.0214321100860371,0.969900650801383,-0.0625398699836204,0.911696415617216
"DNMT3A",-0.288436568850968,0.795440606734161,-0.190004658355117,0.730093576208553,-0.261644305170438,0.650528466704383
"DTNB",-0.0206671334755752,0.987955399080789,0.0226428791797327,0.975491710400042,-0.0325104502614634,0.973358142496759
"ASXL2",-0.0722330114050323,0.920800560535454,-0.0403787390455858,0.890152476377743,-0.0818824521951768,0.754590891845521
"KIF3C",-0.295521352402368,0.841271683568883,-0.218942243087312,0.73101121462528,-0.330321965181327,0.639972620212142
"RAB10",0.0305017973527058,0.985214763269641,0.0420549245392622,0.911812929826524,0.0370036258269131,0.934885915925458
"HADHA",0.221017139273827,0.773839354078259,0.155429692665695,0.710672050386581,0.241619390331583,0.542890266948191
"HADHB",0.356207212993125,0.625482695639334,0.265847781671767,0.567754820711177,0.29504886879381,0.492865920176733
"SELENOI",-0.0935859450907988,0.934816943280864,-0.0593167154261165,0.905296396015766,-0.111907079335942,0.837429769891498
"SLC35F6",0.0592003147016083,0.969952634197529,-0.0281436947723683,0.961617869252362,0.0341986095966641,0.943978301924551
"CENPA",-0.1599338020897,0.946978282166981,-0.14541671268505,0.88572649455291,-0.2301382253327,0.820808852201661
"OST4",-0.148114201863303,0.978731255112132,-0.0697907024528063,0.830443594221367,-0.0927725203837183,0.760378264086355
"EMILIN1",0.746282095240992,0.7720934904036,0.478549134043488,0.6118955526808,0.388463593588582,0.674363867120955
"ATRAID",0.0916163214151151,0.987168661761228,0.101189960604123,0.755206261592226,0.132680076571478,0.62915730044559
"MPV17",0.0356042953472641,0.968529247878935,0.0415975230921882,0.890616410042787,0.00927073919380766,0.980101463111603
"SNX17",0.409169871551889,0.698024958040665,0.244918640002023,0.596953795266698,0.318128137327016,0.496946036196299
"PPM1G",0.203388135316396,0.744042988862601,0.183443021940714,0.617344520250764,0.277427623409386,0.44942468992586
"NRBP1",0.185405629972656,0.695012064214002,0.135070428624118,0.603905752157553,0.127478368389871,0.627216971922475
"MRPL33",-0.25141170197035,0.831586301123345,-0.204219655513429,0.567636892317067,-0.280968975119607,0.45494131779146
"RBKS",-0.18368621005626,0.871146086444017,-0.0715653952971818,0.895123255933228,-0.195402670807827,0.661101052133121
"BABAM2",0.145900216959856,0.850765417220173,0.140019532860801,0.707054072340348,0.114087279403786,0.789455372735054
"FOSL2",0.00147486535633022,0.999861953973754,0.03538150010673,0.962866185703775,0.0164593636256773,0.986478173220917
"PPP1CB",-0.0283452951320557,0.987676987381042,-0.0377400284134291,0.961663698018687,0.0136891561962482,0.988199008429316
"SPDYA",-0.24274869135457,0.882016856473754,-0.141755419525287,0.856502735916962,-0.181975646952412,0.82591843900154
"WDR43",0.17484395311846,0.834869989317809,0.138122506386138,0.732900498693472,0.126244527734566,0.800759848264319
"CLIP4",-0.155434266063809,0.928897568430517,-0.0943768858082009,0.892452868202711,-0.00534656872122879,0.99624725508803
"YPEL5",0.0593524512387183,0.962718721338874,0.0160834604322283,0.973528437650212,0.0199154755722807,0.973942463195293
"LBH",-0.0321558692051617,0.987676987381042,-0.0173914022252029,0.980183926135288,-0.238477554061399,0.552534852329702
"LCLAT1",-0.230528791222047,0.830368961159877,-0.097458619550178,0.855616970453911,-0.139325446407152,0.811910017160917
"DPY30",0.0654842696784383,0.924498996804901,0.0490769738194564,0.865887045284762,0.0570825535044634,0.855036501398942
"SPAST",-0.0706806334542981,0.937295590475388,-0.0381567775547221,0.925773221047207,-0.0214471444374479,0.969752805540984
"YIPF4",-0.151245180883108,0.820711412257868,-0.137237578745182,0.655885041836434,-0.156968930694085,0.620180117723958
"BIRC6",-0.0242636521448405,0.983894524124084,-0.0174297216658906,0.96277084031199,-0.00135757743405425,0.99774736540395
"TTC27",-0.079923404581965,0.937120241257205,-0.0139909132192099,0.975940010120607,-0.00882980930553124,0.989193131684562
"LTBP1",-0.544325388540765,0.86918309088418,-0.353850154412883,0.811798361323719,-0.536708860991159,0.677246287404597
"RASGRP3",0.284294912290729,0.759826927228271,0.188288520602719,0.707016966668684,0.121392237499229,0.823121955524153
"FAM98A",0.266839028536922,0.780454653620982,0.221384141322697,0.658035177499378,0.236195708489746,0.6710176832196
"CRIM1",-0.643365600419061,0.59030874370855,-0.460152075210522,0.539909812541728,-0.637925161778083,0.307928681666602
"FEZ2",0.178413957165565,0.838228110296931,0.104734210146504,0.790067916621749,0.139488994941206,0.699101822198381
"STRN",-0.003079806984753,0.994202951143564,-0.00215109368470144,0.994111893424054,-0.0271369453803442,0.939131388391146
"HEATR5B",-0.171464427382909,0.7720934904036,-0.121328286133356,0.707054072340348,-0.221727141503393,0.503188932768188
"GPATCH11",-0.0906154282210262,0.919327712677189,-0.0504957158058114,0.90057062962978,-0.148132801468245,0.677004758747164
"EIF2AK2",0.00568826169136893,0.994700390530767,0.0195458756309652,0.975491710400042,0.0101772229781099,0.992015271357945
"CEBPZOS",-0.200212708314112,0.663401121515774,-0.119666217961446,0.668204455775168,-0.156214012664152,0.59257341004653
"CEBPZ",-0.0663105961815078,0.956660628690128,-0.0383220778160119,0.942866865475612,-0.0363312669826183,0.95124259606861
"PRKD3",-0.125248519586911,0.916339396900937,-0.11735030246539,0.803187281036891,-0.10754783940474,0.845504483011055
"QPCT",-0.0923678802987493,0.969952634197529,-0.0929517537700758,0.918615564064886,0.135713028216958,0.829309687795442
"CDC42EP3",-0.212918616515565,0.8276928018909,-0.133362322498426,0.770309272132263,-0.250117591831783,0.581862351217535
"RMDN2",-0.0762696405581483,0.956189059517408,-0.0525957492422263,0.923108484360897,-0.111943026446961,0.795852028600715
"CYP1B1",0.219118057292247,0.956291459840523,0.0538428264660484,0.962453021478042,-0.0650751141919391,0.946888849990106
"CYP1B1-AS1",-0.0908916062859317,0.976089777202807,-0.0927176114117763,0.933850507025293,-0.315866575096144,0.639658367838553
"HNRNPLL",-0.0551794909089606,0.968529247878935,-0.0121207727687847,0.975940010120607,-0.0541961014587846,0.897600292188603
"GALM",-0.089566624315135,0.961522738104892,-0.00384602952686163,0.994814943715488,-0.0562095198560406,0.924094511655778
"SRSF7",-0.138892046530098,0.871146086444017,-0.109937746661804,0.755206261592226,-0.155620775119767,0.685511798317414
"SOS1",-0.125322871575588,0.912259746037492,-0.0799295083059286,0.875077046802286,-0.0342070728161517,0.951715326242549
"MAP4K3",0.0932487033624827,0.946978282166981,0.0563546923237585,0.925773221047207,-0.0307166812346279,0.969162032696058
"MAP4K3-DT",-0.0224257283777306,0.987168661761228,0.0141301105150357,0.975491710400042,0.0119209249094495,0.986609483185373
"SLC8A1-AS1",-0.543453931080717,0.811879269103194,-0.294647344100216,0.806409740187469,-0.363119231955281,0.802059000518938
"SLC8A1",-0.14453169849915,0.89581571367435,-0.0992083199696742,0.813747570349955,-0.139968497631018,0.772663272404715
"EML4",0.0668221872913629,0.964563941864995,0.0613700190559484,0.909806300684739,-0.00325761520961571,0.997113640321465
"COX7A2L",0.206554890630564,0.842774473190308,0.139226216654046,0.787285299040374,0.255912933919197,0.578813814667834
"MTA3",0.0467284089486542,0.969952634197529,0.0602611550146898,0.897123059066415,0.0458752403031296,0.939131388391146
"ZFP36L2",0.012738141290882,0.990850390543415,-0.0223636560839803,0.968451687014955,-0.107091047367079,0.819997121780386
"THADA",0.0189877334635856,0.986740807946813,0.0325407448708436,0.925773221047207,0.0383268449438827,0.914685256526293
"PLEKHH2",-0.907037535004071,0.620497879203569,-0.638599915987273,0.576859503928985,-0.778414021029048,0.477953424986133
"DYNC2LI1",0.00566632950545684,0.994202951143564,0.0244734741326775,0.969900650801383,-0.00219846849192471,0.998515926983875
"LRPPRC",0.0396533899900564,0.964462552585652,0.0318377194181588,0.933635143715048,0.0477072731069692,0.902643232023022
"PPM1B",0.157090155984264,0.846453665372622,0.102564649533977,0.796014121101588,0.123555193240298,0.771400103797342
"PREPL",-0.29533721846547,0.680936246736474,-0.221352145249916,0.602584390525497,-0.286718179545086,0.534389644897746
"CAMKMT",-0.174085528808435,0.8276928018909,-0.105736223207305,0.84237046572042,-0.20705694205773,0.674363867120955
"SRBD1",0.00772591096132134,0.990850390543415,0.0297579037747066,0.944654221389336,0.0669245156203101,0.844314412133083
"PRKCE",0.158738126177451,0.903608037062864,0.108510757348124,0.852542483251065,0.203248505336328,0.669116305777218
"EPAS1",-0.151435418206649,0.9117360607865,-0.119895925028558,0.819651123007178,-0.217189367731018,0.646736088217769
"RHOQ",0.08893837915998,0.958794079059217,0.0339299904916108,0.962991857860018,0.193221090484001,0.663353740204739
"AC018682.1",-0.00712877052139302,0.994700390530767,0.0197222430992824,0.983479606891045,0.020829188555819,0.989151202762284
"CRIPT",-0.0907210027897303,0.937295590475388,-0.0729072886714252,0.874797239208241,-0.0625519724042588,0.909927751862353
"MCFD2",0.171676343676293,0.724801913381678,0.131273125559756,0.648927184672061,0.122712396496915,0.710089838262797
"TTC7A",0.0525043360612272,0.959248300621966,0.0209265446684434,0.963350368188309,-0.0264813010875716,0.955253064145895
"CALM2",0.0511931409240679,0.986243996198961,0.0239482477934311,0.961663698018687,-0.000944950004200173,0.999068323423265
"MSH2",-0.160299603255118,0.87265652493328,-0.062393953843924,0.891507633403955,-0.0835743476810728,0.860190911861655
"KCNK12",-0.0532613023310696,0.990850390543415,0.00373356892267134,0.998847327855682,-0.100745627515054,0.968445173103182
"MSH6",-0.14055815616977,0.840467050491297,-0.0563243041457841,0.870765190363925,-0.100119198595004,0.775149351557005
"FBXO11",0.0229708895828733,0.987232790302631,0.0466571537998411,0.895123255933228,-0.00448301261327792,0.992783438464685
"AC092650.1",-0.720405264608156,0.620497879203569,-0.475187345927384,0.602584390525497,-0.65773765322696,0.396298682889274
"FOXN2",-0.0647936177644116,0.974839822579152,-0.0254040023140478,0.973528437650212,-0.0343643491025783,0.966616392904718
"PPP1R21",-0.00710728955362444,0.990850390543415,0.0164495175047842,0.966592197459454,0.0398694253098166,0.914685256526293
"NRXN1",-0.67621118490131,0.85325053155458,-0.492273704514047,0.781746921621551,-0.620430474517921,0.655061802959268
"ASB3",-0.0150690421185791,0.987676987381042,0.01608603789781,0.975940010120607,-0.0548593182265675,0.925041708586946
"ERLEC1",-0.0348539951537824,0.969952634197529,-0.0172589806826584,0.962866185703775,-0.0341035302976367,0.931862140891295
"PSME4",0.184303662621168,0.834869989317809,0.122474506515056,0.758268005486744,0.142572089053045,0.65642344853735
"ACYP2",0.0656021850449022,0.935752785326103,0.0862598995466884,0.763121519273086,0.0490314190179517,0.869793185908311
"SPTBN1",-0.182052425604861,0.959248300621966,-0.16449671394354,0.875772472130238,-0.22423929607993,0.837429769891498
"RTN4",0.214146949314498,0.756024783939142,0.137696348575616,0.678110628123578,0.134864399783449,0.702012842855109
"RPS27A",0.109063752670801,0.975727322813314,0.0361925208952917,0.940619548176605,0.0807582937436677,0.837429769891498
"CCDC88A",-0.0459967574178443,0.969952634197529,-0.0381992911578467,0.932961517129018,-0.0580894969938314,0.893804865132082
"CFAP36",0.142051458428667,0.878852625556414,0.148380093546817,0.707016966668684,0.193032993906201,0.642212074713433
"PPP4R3B",-0.0430404418172765,0.954663243024224,-0.0322346561340078,0.924274119234894,-0.0588453014981224,0.868148059047137
"PNPT1",0.0138747943466422,0.987676987381042,0.0261747327255564,0.947522425797012,0.0235950151590203,0.957032935111442
"EFEMP1",0.204840539544674,0.969952634197529,-0.0172010688522386,0.994111893424054,-0.130021006056787,0.948261042835371
"AC132153.1",0.0213803139489504,0.989701309603352,0.043688423391215,0.968736910528144,0.109618149577669,0.924455285682511
"VRK2",0.0301178862792311,0.987165551409643,0.060328044153777,0.905296396015766,0.0727056902797603,0.902643232023022
"BCL11A",0.143429634908027,0.965243412692706,0.0551051317498907,0.962866185703775,0.155555874769486,0.89063093031718
"PAPOLG",0.18640928582195,0.895362634494784,0.110975577329683,0.850065259945549,0.218476006481441,0.635319731234811
"REL",0.192362809579664,0.840467050491297,0.159114850036187,0.626375901485095,0.145796214176849,0.671725003276423
"PUS10",-0.0076046661236496,0.993039382491997,-0.00102554220558012,0.998847327855682,-0.0215193860722502,0.977649323251274
"KIAA1841",0.0841178127078049,0.955707545161455,0.0731853627761023,0.894513115932639,0.138638383902292,0.811785898017482
"C2orf74",-0.26640164237515,0.871856176863231,-0.259653803330884,0.707016966668684,-0.122035143806492,0.870292140921992
"USP34",-0.0102228802532292,0.987676987381042,-0.00450479335426985,0.986357352470941,-0.030917233905566,0.928534784060247
"XPO1",-0.114453233212781,0.897129444505265,-0.107153876404308,0.75395757213358,-0.0771281228874676,0.849824407600381
"CCT4",0.0894587191866011,0.937120241257205,0.0447512692108834,0.933850507025293,0.0694670504128431,0.90133225705378
"COMMD1",0.108587596373463,0.886428075551855,0.13189031083735,0.641159139411334,0.164839221249277,0.576643274398569
"B3GNT2",0.047903089906011,0.978731255112132,0.018698959157246,0.975491710400042,-0.0110692090942034,0.989193131684562
"EHBP1",-0.122927362870729,0.915615419264746,-0.0926593172294097,0.829042790251159,-0.121119222354623,0.805343626581997
"AC007098.1",-0.0732020988910144,0.986243996198961,0.0516339744157344,0.969470153457836,0.0931623315286182,0.943470285236283
"WDPCP",-0.296154441045018,0.607226415643211,-0.187735491492788,0.638613914919712,-0.254653431613512,0.562754315836961
"MDH1",0.163425128598676,0.945421051661546,0.0715538427265119,0.885041529327646,0.079580615648834,0.85536489445056
"UGP2",-0.191105768781789,0.792323557479551,-0.167883207137294,0.625074027442924,-0.214448570347543,0.567004967640267
"VPS54",-0.183548960710777,0.633461558848371,-0.131543274729438,0.655516967718768,-0.167788600383988,0.617670448466621
"PELI1",-0.32574730372511,0.700393778780536,-0.274561841141487,0.539909812541728,-0.359971248037357,0.42463556256099
"AC012368.1",-0.102462740930142,0.903608037062864,-0.0622221250905399,0.875077046802286,-0.0602616240209477,0.866557324156809
"LINC00309",-0.783215771379675,0.607226415643211,-0.570230479539518,0.539909812541728,-0.707708952565722,0.298058004677488
"LGALSL",0.0193909344676926,0.993039382491997,-0.0472972467438864,0.962866185703775,-0.212753392617204,0.761421121087099
"AFTPH",-0.016562477805385,0.987676987381042,-0.0225153763451244,0.961663698018687,-0.0685337522584837,0.857520952580451
"SERTAD2",-0.124653825051718,0.842482482599777,-0.0894242253241444,0.707016966668684,-0.143183806502112,0.56350093837736
"LINC02245",0.154055752374547,0.847164208899954,0.112386325095001,0.770862523898752,0.0197041215565902,0.972923474956244
"SLC1A4",0.101059364306894,0.911641919586937,0.109379215274168,0.735856182479457,0.126508662387393,0.749855507789531
"CEP68",0.0816788597988275,0.916339396900937,0.0863893124448133,0.743182114935525,0.0999601758068129,0.740850861189192
"RAB1A",0.213528835053522,0.841271683568883,0.168089495999214,0.68999417015063,0.171152720729631,0.673601444674556
"ACTR2",-0.0495918103169877,0.966586420911889,-0.0459499612638224,0.905085305148835,-0.0693801601832099,0.863071351383996
"SPRED2",-0.207947593445471,0.820584191719364,-0.0989078387824413,0.777536336922682,-0.192667100423152,0.607360753037761
"AC007389.1",-0.479993970282935,0.86918309088418,-0.25135852825669,0.867775140580767,-0.465351198878912,0.580064608066242
"C1D",0.130433960971968,0.912259746037492,0.0734624511034807,0.891507633403955,0.117909526378945,0.823409505546055
"PNO1",0.0253367569728831,0.987381297202584,0.0430308913835743,0.949757741465138,-0.0062807738449055,0.995031168540369
"PPP3R1",-0.111159641525819,0.92417531528931,-0.0926578429913868,0.85542852292657,-0.226572757949432,0.582307005982188
"CNRIP1",-0.381773338331096,0.633461558848371,-0.228004176957616,0.539909812541728,-0.351504080271365,0.330174182699316
"PLEK",-0.0691700738455994,0.969952634197529,-0.0416784285774392,0.95050569742153,-0.11932921927911,0.820808852201661
"APLF",-0.284871095640252,0.758305486069759,-0.183755478588329,0.756801218738335,-0.297859415397051,0.630977432597502
"ARHGAP25",-0.332019584876439,0.772628913845821,-0.235856315276984,0.700576833586673,-0.325373102991923,0.56387575959395
"ANTXR1",-0.628451009338614,0.615910607717767,-0.465449459663585,0.539909812541728,-0.571413096334534,0.406317645003979
"GFPT1",-0.0270927519255307,0.98469852697543,-0.00752297785591517,0.982567521584643,-0.0194845014818088,0.971911262933349
"AAK1",-0.192843848536691,0.805297296612406,-0.12085666832894,0.724563954005688,-0.168866599774405,0.652272219761554
"ANXA4",0.0757154530627034,0.964219314381286,0.150789194519798,0.712661164701235,0.192916517231698,0.650719140476544
"SNRNP27",-0.0867916917951038,0.94640054668399,-0.0855267547212946,0.842762032919684,-0.123826688061235,0.801475140049363
"MXD1",0.100740760093538,0.972953729959244,0.0844404766736912,0.936853564395437,0.201861677534269,0.806345549179156
"PCBP1-AS1",-0.126667608498328,0.840467050491297,-0.0760726920819025,0.78372757254794,-0.107471160867295,0.669306105076811
"PCBP1",0.137359516584187,0.969952634197529,0.00207828709432187,0.996096614785389,-0.00631846899844215,0.992015271357945
"PCYOX1",0.0681785759459043,0.986243996198961,-0.0305576885073465,0.950352759818587,-0.0273209040190401,0.95848592426938
"SNRPG",-0.0493637350055468,0.977922694820062,-0.0705993898643208,0.867775140580767,-0.108500755580399,0.812456792848887
"TGFA",0.0713814380122317,0.974793128542308,0.0128269989412906,0.984011097633494,0.0477143319155684,0.953664291216341
"NAGK",0.135768134930143,0.86918309088418,0.0794674143917357,0.833312333476619,0.0657089382373892,0.885985150021141
"MPHOSPH10",0.233266200552064,0.832959266950738,0.070667172079939,0.841814466432924,0.0788628174922816,0.834129496117615
"ZNF638",-0.0272327149041615,0.978731255112132,-0.0296471444063858,0.932961517129018,-0.0294920582966918,0.93637900575043
"DYSF",0.420056150002892,0.847164208899954,0.345380901517382,0.732900498693472,0.313124655942594,0.750059973571622
"EXOC6B",-0.280774446691739,0.59030874370855,-0.178160160642254,0.6118955526808,-0.249270299931695,0.510146919208901
"SFXN5",0.190143814572983,0.841271683568883,0.164331329354237,0.726008162470312,0.174868944602447,0.749292653756677
"CCT7",0.404146372436932,0.842482482599777,0.259264707677614,0.571185324951607,0.366980098024043,0.406317645003979
"EGR4",0.151718017537218,0.969952634197529,0.159514235100957,0.891507633403955,0.10145053974583,0.93637900575043
"ALMS1",-0.18715678895796,0.805297296612406,-0.133629332203971,0.73101121462528,-0.10471195562442,0.822669529808433
"TPRKB",-0.0901448371313385,0.937295590475388,-0.0151596689506292,0.975491710400042,0.0219223525903934,0.96749032534522
"STAMBP",-0.0961717132206305,0.903608037062864,-0.0601606833472614,0.865887045284762,-0.0899149373347576,0.815752332865269
"ACTG2",0.441238203484536,0.946978282166981,0.384468027631266,0.877318442258331,0.184312984290546,0.936418953465064
"DGUOK",-0.0255461796643402,0.979640958490703,-0.00791671382033462,0.981281389473242,0.00632197264289518,0.989130638310446
"TET3",-0.229906273097171,0.620497879203569,-0.158935935789589,0.576859503928985,-0.160972830000385,0.565565168186256
"BOLA3",-0.24540582049554,0.946978282166981,-0.13400770663914,0.69872492652097,-0.158459905295464,0.599116449593747
"MOB1A",0.0728821950851406,0.948886346359929,0.026126711517764,0.962453021478042,0.00711136681817292,0.992015271357945
"MTHFD2",0.143284958753139,0.841271683568883,0.0890807830519551,0.797014489352343,0.113806321979233,0.760378264086355
"DCTN1",0.112799021414173,0.86918309088418,0.0905236368343966,0.771102910355608,0.124526238540476,0.732182402937651
"RTKN",0.0171402372118673,0.993039382491997,-0.0226996729818661,0.978868069865406,-0.0469605982227003,0.967180887795855
"WBP1",0.0780412341803193,0.935479761500471,0.0380355188088061,0.913030777551584,0.0141321041410401,0.977649323251274
"AUP1",0.401255823768976,0.687572309746874,0.229619331875649,0.567636892317067,0.281491973650367,0.468140187860629
"LOXL3",-0.164887164447437,0.877674649062151,-0.0791825419136017,0.875077046802286,-0.118508976967092,0.802467511404704
"HK2",-0.0428130959251018,0.987168661761228,-0.142814467210689,0.781746921621551,-0.306295883332815,0.45494131779146
"POLE4",0.0739285969270807,0.975727322813314,0.0618499150821231,0.894437808342616,0.134623165492104,0.749292653756677
"MRPL19",-0.0109407626328107,0.989020511532505,0.0374958154324665,0.914172578664351,0.0367127851658826,0.929357742989584
"GCFC2",-0.0893502048968354,0.937497297520597,-0.0244304934444297,0.964848597870791,-0.0721940698189836,0.884546907721629
"SUCLG1",0.203092340203142,0.756024783939142,0.146215575856008,0.699037608564375,0.23212847700987,0.503188932768188
"TRABD2A",0.436869434649956,0.725293744820196,0.318774642564089,0.652754646020219,0.37621760949013,0.610364968373009
"TMSB10",0.260602508694958,0.941220753373101,0.131071272328784,0.707016966668684,0.147208846058691,0.685511798317414
"KCMF1",0.182929234825638,0.743988537519481,0.157443092824268,0.635116598030598,0.150591110369237,0.65642344853735
"TCF7L1",0.0214305682516707,0.991753595981956,0.0820551332703465,0.950353656257907,0.0569661825776175,0.972048915989614
"TGOLN2",0.00671993250550536,0.990850390543415,-0.00775513249036546,0.981281389473242,-0.0419821884752824,0.915035341505384
"CAPG",0.355592642207471,0.680628431538757,0.29018484750088,0.539909812541728,0.270297294199026,0.53343481555173
"MAT2A",-0.0804045281066801,0.943083225919622,-0.0249124790403663,0.955326493180876,-0.023568596724999,0.962220442527391
"GGCX",-0.166695068773285,0.924498996804901,-0.044050692406706,0.960868334271748,-0.0286369387052471,0.973942463195293
"VAMP8",0.250536981968151,0.795440606734161,0.184074166703599,0.638613914919712,0.266224371074012,0.477953424986133
"VAMP5",0.586139414249432,0.842460010275105,0.491105413480361,0.539909812541728,0.680615841007041,0.376391918003978
"RNF181",0.0965424255261016,0.987060796028084,0.119791976048067,0.703986373319257,0.151383886870165,0.665620373298192
"GNLY",0.344292062866681,0.911419896979759,0.24128387252405,0.865887045284762,0.132066940770306,0.942743430595247
"ATOH8",0.236447631999035,0.894152577325643,0.199760683283068,0.719991570245763,0.156528827464614,0.792241745339718
"ST3GAL5",-0.338759939888357,0.745590386868765,-0.202247719343754,0.704145309434882,-0.293024503113546,0.585094209714597
"PTCD3",0.00395497843872356,0.993039382491997,0.00698101058159863,0.981281389473242,0.025888571664607,0.943978301924551
"IMMT",0.177706820369409,0.740956428327799,0.160419090144059,0.602584390525497,0.221934443368725,0.455988349676889
"KDM3A",-0.122139258317079,0.932284171534597,-0.163344274523704,0.707016966668684,-0.259395188732108,0.524568846667637
"CHMP3",-0.0952292326877514,0.877097147716339,-0.0616565162767359,0.839745310553286,-0.0733166922503823,0.845622083388679
"RNF103",-0.231659939241217,0.700393778780536,-0.200473161152551,0.542842339693613,-0.269141268064543,0.427789007407824
"CYTOR",-0.0568675025089949,0.972747459822463,0.0113977071434969,0.982567521584643,-0.0169009095084404,0.980108479276866
"KRCC1",-0.0512180196454107,0.975333653661194,-0.045043937323011,0.939836319316327,-0.0358798978431575,0.946888849990106
"EIF2AK3",0.237138011666693,0.841271683568883,0.142825820511835,0.761146693087719,0.157429358295629,0.76214077234056
"MAL",-0.484886993968088,0.923602803613446,-0.320554562056625,0.837201784480071,-0.462437877450923,0.733140110303463
"MRPS5",0.0389392037342385,0.97333750941677,0.0573380188966546,0.886521787873812,0.104626287590213,0.792241745339718
"LINC00342",-0.367382764109874,0.698024958040665,-0.247209338235839,0.637306220903368,-0.290658690886812,0.560203546352872
"ANKRD36C",-0.371534570790923,0.626896212561298,-0.312391024301854,0.539909812541728,-0.41323250090918,0.398605815282639
"DUSP2",0.319884598697078,0.850765417220173,0.196251679098428,0.743182114935525,0.111399310439835,0.857884865597646
"STARD7",0.0894071802262216,0.903608037062864,0.0294667467825582,0.925773221047207,0.0195792383043107,0.962220442527391
"STARD7-AS1",-0.347064337140987,0.709746584312119,-0.248340809163435,0.64689033572854,-0.370778414625744,0.468140187860629
"CIAO1",0.0989941802938599,0.898622648526422,0.0753649186354653,0.825928810266268,0.10363118222286,0.774544852909099
"SNRNP200",0.0290194083056436,0.969952634197529,0.0220175194267875,0.951115715798797,-0.00118453226179163,0.998515926983875
"ARID5A",0.203658441022506,0.850765417220173,0.171006227332453,0.655885041836434,0.126893383216484,0.760440344298506
"SEMA4C",-0.370849066093019,0.633461558848371,-0.256832526781726,0.576859503928985,-0.373161671279214,0.376391918003978
"ANKRD36",-0.32658302161016,0.740956428327799,-0.210326930278137,0.705610344257016,-0.354184777751976,0.533803753509296
"AC092683.1",-0.175214258032454,0.937295590475388,-0.0687339038100651,0.933850507025293,-0.24379887992021,0.639972620212142
"ANKRD36B",-0.183080854821944,0.958007726819188,-0.170846840946899,0.862943060912263,-0.464871758473762,0.471689977666094
"COX5B",0.113742807313161,0.978916937415713,0.13300978696337,0.682971009494621,0.189897805719352,0.562754315836961
"TMEM131",-0.0281000688740463,0.975333653661194,-0.0325118474623795,0.905085305148835,-0.0714298627828379,0.804311571829086
"INPP4A",-0.118272995206389,0.903608037062864,-0.0969803486913976,0.792998451388654,-0.0921285763477686,0.834800523327559
"UNC50",0.0524140292856117,0.978731255112132,0.0224047776124078,0.972633302354072,-0.0217262167329404,0.976949166476538
"MGAT4A",-0.0967202676131832,0.937120241257205,-0.0851005359214748,0.833086038015381,-0.124054356869493,0.771400103797342
"KIAA1211L",0.215200589184398,0.86918309088418,0.165254133365663,0.752510818762613,0.174450998179593,0.763653082700191
"TSGA10",-0.188341917574666,0.910842222551539,-0.112732833832356,0.867775140580767,-0.257541965167941,0.644500148464691
"EIF5B",0.00555809544636853,0.994013739827052,0.0159098695683127,0.975491710400042,-0.0234718972944132,0.973942463195293
"REV1",0.0426446213891392,0.954374919972925,0.0372361624331123,0.892452868202711,0.060035504145425,0.837429769891498
"AFF3",-0.562851878999461,0.709746584312119,-0.362549158238249,0.635776070989967,-0.40030882674276,0.623631194185174
"PDCL3",0.156995877986438,0.956660628690128,0.0972571781707189,0.835278724571696,0.125023127190867,0.732182402937651
"RPL31",-0.191661848863217,0.842774473190308,-0.164022537530094,0.661485646561577,-0.205952880819223,0.625320779682003
"TBC1D8",0.279553430123202,0.75651538860226,0.217387749725032,0.655885041836434,0.224482728832411,0.658630034567262
"RNF149",-0.0301995792694903,0.987165551409643,-0.00941499298116833,0.981217349004059,0.0114667533183947,0.980582155203971
"MAP4K4",-0.0671394135002434,0.968529247878935,-0.0639682352633437,0.902996013052202,-0.123595769926722,0.822669529808433
"IL1R2",-0.280560931858778,0.923602803613446,-0.173100977450862,0.870765190363925,-0.183832546836482,0.867607202511254
"IL1R1",-0.411105640032529,0.831586301123345,-0.294956214187972,0.73101121462528,-0.346388841317497,0.685511798317414
"IL18R1",-0.468550491948526,0.848903305816828,-0.334749181285048,0.723988436794654,-0.117840745406907,0.913682355390819
"FHL2",0.266937512302432,0.94773109868261,0.109903698534562,0.951722449221458,-0.0430911075518378,0.979207899684523
"NCK2",0.282944752442585,0.831586301123345,0.222172040265426,0.723988436794654,0.238030788842536,0.723116381892166
"UXS1",-0.193339306477417,0.76063344310174,-0.118342098263255,0.706962877518877,-0.21886555452738,0.486708653561664
"GCC2",-0.00399524857575812,0.99414105411578,0.00824430946341916,0.981281389473242,-0.0219112402479742,0.964229667801549
"LIMS1",0.25455697943678,0.743988537519481,0.185151233942516,0.641358100100867,0.194436870996024,0.624022949709912
"RANBP2",0.199124356856487,0.848228309522531,0.138171262550665,0.763807426580721,0.24299406933029,0.594301230245286
"SH3RF3",-0.0109298947126881,0.989924066985412,-0.00381919902444483,0.994111893424054,-0.0533850054055885,0.919289818241149
"SEPTIN10",0.0164063172162578,0.989701309603352,0.0490196092863255,0.932320009271582,0.089226705214771,0.868241349610993
"SOWAHC",-0.0705688170470706,0.987168661761228,-0.0822579934514131,0.891507633403955,-0.104933673385892,0.875703679005629
"MTLN",-0.0145969540062199,0.994202951143564,-0.0488896892732662,0.895058017410379,-0.14352048123362,0.646736088217769
"BUB1",0.383918416604056,0.887855759977428,0.245551751525757,0.865887045284762,0.29310728146034,0.855867201873958
"MIR4435-2HG",0.0220058853694098,0.989020511532505,0.0681206563993308,0.935848509013914,-0.0188020334314007,0.978643831543395
"BCL2L11",-0.0436145988800994,0.975727322813314,-0.0706317764847625,0.858976494061637,-0.111435910055742,0.78521123887799
"ZC3H6",-0.238678553396303,0.740956428327799,-0.167130245160976,0.649331678226707,-0.202334179740964,0.611154937429524
"TTL",0.0426733891120067,0.962718721338874,0.0610014291909844,0.84484624012706,0.0655607928379593,0.858808048670035
"CHCHD5",0.0891208881965652,0.986243996198961,0.134642999945916,0.707016966668684,0.194606077617356,0.597365886924465
"SLC20A1",-0.130764342702731,0.882264046366445,-0.120845966332,0.724232081367799,-0.230311636947854,0.455729469688749
"CKAP2L",-0.304446464977949,0.891570953693957,-0.122676517726659,0.895762048938093,-0.234825224890968,0.805343626581997
"IL1A",-0.52252489846197,0.831586301123345,-0.374063986883191,0.755206261592226,-0.501282712345534,0.654981163045593
"AC079753.2",-0.207322285373221,0.937925320066869,-0.0548148202618116,0.963675564531743,-0.12573867648625,0.909633877358067
"IL1B",-0.285411841419735,0.92417531528931,-0.067877452558926,0.950352759818587,-0.116495536081216,0.884546907721629
"IL1RN",-0.571695919536395,0.816802374023944,-0.21907856486057,0.707054072340348,-0.376269772389014,0.455729469688749
"PAX8-AS1",0.419579911376945,0.882264046366445,0.184609713585148,0.877308798401169,0.258534017963705,0.775336782443273
"SLC35F5",-0.142946567579071,0.850765417220173,-0.127130711589949,0.712661164701235,-0.156406713450236,0.679709057848607
"AC110769.2",-0.177738158142336,0.882016856473754,-0.0952245380282488,0.868346873746697,-0.200772440292777,0.562754315836961
"ACTR3",0.0674522447957353,0.957608581799535,0.0313713489535049,0.956978877099631,0.0301531369916597,0.961745091546653
"DDX18",-0.0790031475474906,0.923602803613446,-0.0497293250992694,0.890152476377743,-0.0533376295933098,0.896987088212181
"AC009404.1",0.085103868335581,0.969952634197529,0.131642654369747,0.848691408437845,0.314781668333162,0.587157613326748
"CCDC93",0.0645131651550157,0.915615419264746,0.0354729727414124,0.895026721870522,0.0294531125373977,0.936418953465064
"MARCO",0.848438797634691,0.795440606734161,0.706527134989533,0.667603484307654,0.858267896069528,0.552534852329702
"DBI",-0.129307690085878,0.967203858991469,-0.0713727491793904,0.925773221047207,-0.269469650562459,0.597365886924465
"PTPN4",-0.124699598423026,0.903608037062864,-0.0688614422843732,0.890910986681153,-0.10218783026704,0.853526164117401
"EPB41L5",-0.0968948813529421,0.946978282166981,-0.06851508672343,0.907964085280663,-0.187774583354029,0.685511798317414
"RALB",-0.0139599083027116,0.987676987381042,-0.0195171356973915,0.961663698018687,-0.0342469941632618,0.932543727288546
"CLASP1",-0.183424129416195,0.756024783939142,-0.153851010662167,0.647778243729206,-0.212167633845941,0.540579463551134
"NIFK",0.0994811626764284,0.945421051661546,0.0884068242092957,0.881734569107956,0.132213112335779,0.824670829245906
"GYPC",0.105030747270691,0.934816943280864,0.0727800605114664,0.890152476377743,0.0511341192614548,0.94115850350468
"BIN1",0.764216276648141,0.602492293553338,0.543381592573423,0.539909812541728,0.638625407450435,0.455729469688749
"CYP27C1",-0.0509620590895837,0.987676987381042,-0.00150406062090487,0.999188751903088,-0.0456882612851936,0.973942463195293
"AC068282.1",-0.353433047135728,0.850765417220173,-0.260480008163595,0.845169358064318,-0.394405646433995,0.753392468267112
"MAP3K2",-0.0231154389943537,0.987165551409643,-0.0494104074720092,0.885041529327646,-0.038595819788761,0.924625714273463
"IWS1",0.056733884830119,0.945171352666006,0.0442137278517562,0.895446502189607,0.0794061481896638,0.79074754214483
"LIMS2",-0.162055966343033,0.975727322813314,-0.172026731996324,0.914172578664351,-0.25948506239769,0.860203241922161
"WDR33",0.0413534426159655,0.95196329621018,0.039829024306173,0.892762432719831,0.0124036986883639,0.977290579703121
"MZT2B",0.0697314287276443,0.987676987381042,0.120383650132144,0.768239292111389,0.186490843900489,0.661101052133121
"CCDC115",0.219766904217225,0.916339396900937,0.11172039954642,0.832809995674351,0.144202189551566,0.763653082700191
"IMP4",0.329088598676523,0.615910607717767,0.264314150256999,0.539909812541728,0.344411971915943,0.376391918003978
"PTPN18",0.106293533370671,0.914855390544548,0.104166920713518,0.791199639106284,0.140044542245022,0.753392468267112
"PLEKHB2",0.244963227093618,0.615910607717767,0.172226020532243,0.539909812541728,0.179295683189681,0.526483868522985
"MZT2A",0.0436392868868623,0.986243996198961,0.0370026366565979,0.947522425797012,0.097668542781823,0.816618033750808
"C2orf27A",-0.707701947905909,0.900233158660965,-0.329658304359922,0.890152476377743,-0.0123098850096087,0.997640330044719
"LYPD1",0.211518339231905,0.95155244283198,0.119714874700362,0.894437808342616,0.0335095255125184,0.978718288594896
"NCKAP5",-0.429131159156315,0.788428194181591,-0.219068079477527,0.774038913251,-0.403874417357132,0.60624347039618
"NCKAP5-AS2",-0.377451038500165,0.878233515505605,-0.0975795988936343,0.949757741465138,-0.476356465586721,0.587867728656309
"MGAT5",0.134096188720475,0.900807090715416,0.143983742651448,0.675802258135152,0.164813477897838,0.664639500351045
"TMEM163",0.336243597886048,0.886617324741233,0.184912689506597,0.872607127143411,0.212697469657203,0.868416651730548
"CCNT2",-0.139180075660203,0.845995942306838,-0.110849811652523,0.755206261592226,-0.139830778387271,0.725100421060311
"RAB3GAP1",-0.0422488561110972,0.961835577371709,-0.0316917882269386,0.931623911773862,-0.00467210154168125,0.992577129869039
"ZRANB3",-0.204035293673721,0.760255945404762,-0.0992341251709306,0.848374793858531,-0.121068334106958,0.837429769891498
"R3HDM1",-0.142520925481634,0.850765417220173,-0.0817600167230945,0.841577123092841,-0.0707683075531845,0.884546907721629
"UBXN4",0.0652298289130551,0.943083225919622,0.0644138878507348,0.867775140580767,0.115271879966449,0.751308190341835
"MCM6",0.0338342418612594,0.986740807946813,0.0503585674978237,0.918372004041414,0.0373046494637096,0.951715326242549
"DARS",0.0902734462719953,0.897129444505265,0.0674451062053984,0.813051135635979,0.0917466798249195,0.759954651839089
"CXCR4",0.414218514685381,0.704988306651163,0.222228403559558,0.662968147963699,0.339052853206562,0.494508229263021
"HNMT",-0.0782989678863862,0.956660628690128,-0.00675101479976743,0.988672046294184,0.0348529822588475,0.943470285236283
"AC114763.1",-0.441796487965519,0.713703084504335,-0.298731945250815,0.728626054491622,-0.525730719344024,0.502782781028872
"SPOPL",-0.226351156124575,0.700393778780536,-0.198688560558096,0.567636892317067,-0.254106984210719,0.480485294501607
"KYNU",0.0168339412854962,0.987676987381042,0.0104704730834967,0.982567521584643,0.018835939347539,0.978107886620121
"ARHGAP15",0.0223841388373919,0.987232790302631,0.0109383203387426,0.980444404085137,-0.0498447577978773,0.91093329104767
"GTDC1",-0.156879044883522,0.831586301123345,-0.116053157692456,0.732900498693472,-0.0790393065292475,0.849865711971539
"ZEB2",-0.205001774580493,0.781913752028351,-0.160617315166648,0.622559656896082,-0.150561577760018,0.660131517259233
"ZEB2-AS1",-0.525610799326857,0.562118039898797,-0.368540105246635,0.539909812541728,-0.468665315655376,0.257964807679234
"TEX41",-0.414634219531989,0.848228309522531,-0.317061142552517,0.805113131384244,-0.386985833089621,0.789490414149243
"ACVR2A",-0.354471736359094,0.663974594664865,-0.227081163388904,0.660243239455962,-0.303957132176799,0.560203546352872
"ORC4",-0.0729348374709734,0.911901945151179,-0.0284576103505385,0.934111956447595,-0.0582940058326459,0.868416651730548
"MBD5",-0.24986975305998,0.709746584312119,-0.180436291307261,0.673101483647985,-0.258513600262251,0.562754315836961
"EPC2",-0.106130003387768,0.882264046366445,-0.0649663811073289,0.863819272652839,-0.127989723479565,0.719923483730873
"MMADHC",0.158715806119739,0.86918309088418,0.10366813752126,0.825476703993591,0.135837318949906,0.774544852909099
"AC007364.1",-0.052432313586528,0.986243996198961,0.0166711342834264,0.983543863208774,-0.104441818873823,0.914685256526293
"RND3",0.584934643142907,0.8276928018909,0.420782676928697,0.633815202176719,0.321613888045196,0.720093735268729
"RBM43",-0.104232489551721,0.969952634197529,-0.135036025756394,0.716776630926897,-0.12509215530951,0.760440344298506
"NMI",0.169478532768751,0.863283423432487,0.126915815168929,0.784790632031551,0.173007196737033,0.742507520511197
"TNFAIP6",-0.760101218123163,0.665272381593737,-0.598488182956977,0.539909812541728,-0.612143653549606,0.427789007407824
"RIF1",-0.0656462507322612,0.943083225919622,-0.054794682812,0.888295185891501,-0.0343504248684208,0.937464884225664
"ARL5A",0.289277257018577,0.831586301123345,0.192306116612472,0.725617590291339,0.180926744782628,0.746179584062355
"CACNB4",-0.297117884097161,0.924498996804901,-0.302756044604095,0.805882240027355,-0.467716536079602,0.719114764621006
"STAM2",-0.127675322176374,0.847763278066247,-0.097679423818431,0.768239292111389,-0.121840828305621,0.753392468267112
"FMNL2",0.312244881025029,0.659564394798225,0.204199941255316,0.567636892317067,0.279077522307776,0.416337165345633
"PRPF40A",0.056085678910173,0.954663243024224,0.0300722279466156,0.949486649686307,0.0168001739272015,0.973942463195293
"ARL6IP6",-0.0493741952238034,0.975727322813314,-0.0396225973947849,0.953259465443711,-0.0501345203406691,0.937464884225664
"AC073225.1",-0.524601267353159,0.8276928018909,-0.398968327791638,0.723988436794654,-0.49668374400754,0.624022949709912
"NR4A2",-0.212579750402184,0.937120241257205,0.00310511508308282,0.995677986178004,-0.0711667203605429,0.866557324156809
"GPD2",0.0496292317454588,0.959145885464539,0.0152486260933779,0.968736910528144,-0.0145316341647273,0.977649323251274
"CYTIP",0.138016473304489,0.937295590475388,0.0466397404680647,0.95958332927154,0.0402380017381135,0.96354247200553
"ACVR1",-0.125829980569553,0.903608037062864,-0.0956274798423791,0.842139493669345,-0.112661276168007,0.837429769891498
"PKP4",-0.0998778918476737,0.95155244283198,-0.0499600482114671,0.951921041926033,-0.0385304173101771,0.970471175880853
"TANC1",0.0368761493221886,0.987676987381042,0.0246046589208981,0.978215854469795,-0.11278515033652,0.909013039308803
"BAZ2B",-0.0932167099989179,0.8980755968188,-0.0738066593143187,0.802185872117309,-0.113638415463608,0.685511798317414
"MARCH7",0.0387177804211356,0.969952634197529,0.0103126825976388,0.978803819019133,0.0341985639472854,0.932604915803144
"CD302",-0.0197291827724607,0.989701309603352,-0.0379923700488628,0.963675564531743,0.104020129095332,0.883723070005941
"LY75",0.0625712387485618,0.943083225919622,0.0396788762781429,0.917287204800661,0.0848901620817414,0.79074754214483
"RBMS1",-0.0792827708177552,0.935479761500471,-0.0579353854021676,0.882796185416272,-0.0190276724749112,0.967198994334267
"TANK",-0.12826595116953,0.903608037062864,-0.12292940982583,0.756994960881992,-0.172780424348101,0.666696927518615
"PSMD14",-0.00509702889469221,0.993893831457074,0.00942990791038509,0.982201636578637,-0.0140683355773137,0.980942731148979
"IFIH1",0.0532868265262387,0.984952104615951,0.0287373999926692,0.967149837859175,-0.00162490004470947,0.998801924059983
"GCA",-0.012120477651096,0.990850390543415,0.00328563808279789,0.996049574432636,0.00358512402272866,0.997113640321465
"FIGN",-0.593439419197082,0.90266423080717,-0.406124170329499,0.852542483251065,-0.545984206083606,0.756429467510776
"GRB14",0.384498882649064,0.935853944284842,0.34155601965267,0.827824353706492,0.300640498414133,0.85656331705542
"COBLL1",-0.177439785160534,0.959248300621966,-0.107904368790663,0.929818547307167,-0.105548043477559,0.936804065345131
"SCN2A",-0.332599828650609,0.963854740669037,-0.214504197211424,0.944654221389336,-0.366387261077919,0.89150566264312
"TTC21B",-0.0967032701284306,0.897129444505265,-0.0744912018381327,0.833312333476619,-0.0969144775936562,0.816327919768523
"SCN9A",-0.594517575411612,0.86918309088418,-0.421425624523442,0.781746921621551,-0.533526876031324,0.719114764621006
"SCN7A",-1.03226524191207,0.767397326336059,-0.775806642277578,0.678110628123578,-0.950014632476569,0.552685518947761
"STK39",-0.342536886575188,0.842460010275105,-0.253166219428107,0.756959699570331,-0.0598562309788903,0.957562802791205
"CERS6",-0.0375314987174582,0.983894524124084,-0.0290802443896526,0.96277084031199,-0.0149576785078043,0.982118278386465
"NOSTRIN",0.137095018378799,0.969952634197529,0.1739993129648,0.895319379943077,0.0840505112418303,0.957562802791205
"DHRS9",-0.0429208864742534,0.990850390543415,-0.183265561637332,0.918615564064886,-0.323227280181421,0.853829098635518
"BBS5",-0.347332132882876,0.713703084504335,-0.252156907444218,0.655885041836434,-0.360161871825363,0.534389644897746
"FASTKD1",-0.196598286657182,0.745590386868765,-0.131292972846976,0.717924298456416,-0.190441698374801,0.648991108605065
"PPIG",0.0125604481724352,0.987676987381042,0.015384395918467,0.968736910528144,0.0437112711135485,0.911277515838766
"KLHL23",-0.252618839314083,0.878979008836662,-0.163859145760831,0.855616970453911,-0.188647635516749,0.846231544541977
"SSB",0.101635734022934,0.935853944284842,0.0664832638590222,0.878905000893612,0.0857274004586128,0.849373642506184
"METTL5",0.0143080435984165,0.987676987381042,0.0223177201548694,0.959017712897183,0.0328044171955944,0.926547168644906
"UBR3",-0.100900658469216,0.838228110296931,-0.0678449327267651,0.809613917200381,-0.0930028424835236,0.762671680069832
"GORASP2",0.0771981577909681,0.926409763342151,0.0665418083917703,0.863252251385844,0.0582649581681454,0.877069431682963
"TLK1",0.0670274177670714,0.937295590475388,0.0500641804362703,0.892452868202711,0.0793204323885395,0.829773450697194
"METTL8",0.0604078525042149,0.937295590475388,0.0593246168115532,0.860805568863765,0.0871777279438988,0.795852028600715
"CYBRD1",-0.16267421144085,0.848903305816828,-0.15839679830604,0.667603484307654,-0.200678964343279,0.58165534048094
"DYNC1I2",-0.0702999546852678,0.956189059517408,-0.052727621153974,0.921217419542669,-0.047793560812946,0.938766652604252
"SLC25A12",-0.113589238056608,0.908677802519192,-0.0429582567583382,0.941212492482467,-0.0637054753783644,0.912541687465855
"HAT1",0.0514142991801699,0.970094815452041,0.0585807189634392,0.910792859497578,0.0765161333365945,0.88003463546364
"DLX2",-0.349344738413615,0.898622648526422,-0.247077674326571,0.763807426580721,-0.398692947622062,0.63167235899886
"ITGA6",0.0704309014771246,0.987165551409643,-0.0389910643398894,0.962866185703775,0.0643606047704568,0.911768868128592
"PDK1",0.235428430764375,0.866886249963332,0.0704452067777273,0.89555290468384,0.157604653002479,0.751308190341835
"MAP3K20",0.0923110410411664,0.947711925014024,0.0504485376616014,0.924274119234894,0.138023236468747,0.746179584062355
"SP3",-0.0475035345723771,0.953818277828098,-0.0419994828456301,0.890152476377743,-0.0817443970697771,0.790169710575286
"OLA1",0.152014674065672,0.848903305816828,0.138501479169037,0.726740732682649,0.240098548919808,0.443658298786382
"CIR1",-0.0134740118549614,0.987676987381042,-0.00248524391065142,0.994409673187448,0.0293201387405088,0.940686939663035
"GPR155",-0.285608765766709,0.76063344310174,-0.201642376320212,0.707016966668684,-0.339387072556198,0.486708653561664
"WIPF1",-0.0503836045025508,0.961399538616457,-0.0495530532550602,0.882796185416272,-0.0491108180708367,0.900216596874957
"CHN1",0.148280867795365,0.962718721338874,0.0878848604083711,0.933916104645832,0.0462883065595469,0.971582780865488
"ATF2",-0.0975499624653813,0.895362634494784,-0.0973389763577853,0.749837654957149,-0.133428379939851,0.694988811109625
"ATP5MC3",0.209862791355112,0.967203858991469,0.185510659422826,0.593504960339697,0.23461302240453,0.45635154083288
"MTX2",0.000586401045894634,0.999963380658618,0.019813569708224,0.975940010120607,0.0352609820903565,0.967198994334267
"HNRNPA3",-0.00887264720095348,0.990850390543415,-0.00590869556302906,0.987498147844983,-0.0145383391271875,0.978051505782875
"NFE2L2",0.090288829008046,0.945421051661546,0.0920657798740527,0.823141670358777,0.092576807653611,0.850173416597071
"AGPS",0.157752837177926,0.76063344310174,0.116879173560482,0.707016966668684,0.156049183158445,0.601558141741616
"OSBPL6",-0.643431844582402,0.781913752028351,-0.341390580597431,0.776600231993502,-0.626425328734063,0.607799540806047
"FKBP7",-0.0373990274162759,0.987676987381042,-0.0600619199023067,0.941264598661626,-0.187810613608507,0.759954651839089
"PLEKHA3",0.0268508532498286,0.972446518765152,0.0141971087979125,0.963128956648986,-0.00651635427085981,0.988199008429316
"TTN-AS1",-0.211148770548388,0.86918309088418,-0.199047634281849,0.721202231452607,-0.252352634365393,0.677004758747164
"TTN",0.148411229521315,0.962566491102158,0.174196988938356,0.877308798401169,0.174054332728758,0.869793185908311
"SESTD1",0.0368545794090845,0.987060796028084,0.00445912547826212,0.994111893424054,0.0518865016257966,0.930490205989391
"CWC22",-0.0325241935493291,0.976089777202807,-0.0318540384881891,0.945726103275589,-0.0339041662088426,0.943978301924551
"UBE2E3",0.108123702633358,0.915615419264746,0.104552863196885,0.791199639106284,0.159081970943051,0.683703243550165
"LINC01934",-0.453990188849606,0.848228309522531,-0.381204533448409,0.756959699570331,-0.581994442569689,0.640779962187052
"ITGA4",-0.197621862022745,0.903608037062864,-0.114358424799006,0.879318949048446,-0.149028159226356,0.858845451094363
"ITPRID2",-0.0670990164899141,0.946978282166981,-0.0769842272780994,0.808252691235849,-0.120114626157982,0.703913696755257
"PPP1R1C",-0.101700811434522,0.987060796028084,-0.016762403180962,0.990471492962637,-0.160213314578832,0.914685256526293
"DNAJC10",-0.256472125680269,0.665272381593737,-0.184198356854976,0.59186078503092,-0.274844528387469,0.455729469688749
"FRZB",-0.354286308763567,0.952093474531886,-0.358594728795148,0.86055599668641,-0.503660285197633,0.719114764621006
"NCKAP1",-0.0909423468001755,0.987165551409643,-0.0933632256259307,0.95565153722071,-0.199117958823012,0.862868032693816
"ZNF804A",0.0831998744112263,0.975195695221014,0.0562704044389127,0.95449560049921,-0.0120673014131345,0.992015271357945
"FSIP2",-0.146932452883824,0.964462552585652,-0.0217819181856109,0.983695951086117,-0.119170297010187,0.909927751862353
"LINC01473",-0.196584274818505,0.877674649062151,-0.117308374167471,0.882796185416272,-0.15963277642575,0.857814169486466
"ZC3H15",0.0850960115183169,0.935029166986363,0.057687220376675,0.892452868202711,0.0679026254400332,0.888998683162165
"ITGAV",0.233773537044456,0.787305031476758,0.120858388870138,0.756994960881992,0.177945493321931,0.656156410780707
"CALCRL",0.147523806551761,0.969952634197529,-0.00810164229902464,0.995137404705563,0.0290757490672624,0.98661291854552
"TFPI",-0.0188502794262655,0.994202951143564,-0.134693181364786,0.928729308407458,-0.137487080002764,0.934885915925458
"GULP1",-0.250441982268192,0.951610900208567,-0.161932352055455,0.917628048908414,-0.292659135907352,0.800759848264319
"COL3A1",-0.408591968181845,0.941220753373101,-0.382040773387313,0.829870923265629,-0.744949339872251,0.59812902056963
"COL5A2",0.0437674131747061,0.989020511532505,0.0251450357941903,0.983966554525442,-0.0724580025881388,0.96354247200553
"SLC40A1",0.0732890863229914,0.975195695221014,0.0372923770120846,0.966621762782751,0.070391925947486,0.945137784813934
"ANKAR",-0.410416170147179,0.620497879203569,-0.285990326168463,0.571185324951607,-0.361464869046009,0.510146919208901
"ORMDL1",0.166199604020991,0.847164208899954,0.115508690901138,0.790067916621749,0.162292034017024,0.701122931559269
"PMS1",0.023320557986729,0.987676987381042,0.0117658233302545,0.984011097633494,0.0647112344119906,0.934885915925458
"C2orf88",-0.0588772248175545,0.987168661761228,-0.000329133761150855,0.99967840875972,-0.0869226744825932,0.930490205989391
"HIBCH",0.120547289007381,0.885213448640826,0.105574970484278,0.790067916621749,0.0793149350572436,0.863071351383996
"INPP1",0.379581869000643,0.805297296612406,0.260392565322266,0.58453580524573,0.282944381697946,0.530132733423668
"MFSD6",0.0269477999595381,0.987381297202584,0.0575859052878908,0.934556074635128,0.126370020325695,0.844314412133083
"NAB1",0.0781780931659232,0.939974313495137,0.0378993710578966,0.93914373777039,-0.059385060223435,0.883528995898572
"GLS",0.0875904306853561,0.937295590475388,0.0690505203701168,0.879318949048446,-0.0200816892130583,0.973878594622367
"STAT1",0.144805504653052,0.937120241257205,0.110338079976742,0.871103372434564,0.094351274400469,0.91093329104767
"STAT4",0.595753711855345,0.830388227196352,0.428608822917466,0.707016966668684,0.541880123186697,0.666927108553461
"MYO1B",0.0107563897754814,0.994202951143564,0.0420444741025543,0.973528437650212,-0.0510888023075972,0.975167068916286
"NABP1",-0.224152901376707,0.767397326336059,-0.154044759390076,0.678110628123578,-0.19634102253419,0.584982212025935
"CAVIN2",-0.107754025330845,0.986740807946813,-0.131061039020817,0.944328818062055,0.100426124704512,0.938766652604252
"SLC39A10",-0.285833515332162,0.695012064214002,-0.201823336174654,0.600950135999603,-0.31967378126397,0.376391918003978
"STK17B",-0.430171013064563,0.743988537519481,-0.235062061283073,0.647778243729206,-0.283909245085799,0.58016139300506
"AC114760.2",-0.530230410108942,0.790194960579831,-0.22448348571334,0.737981143011186,-0.148324828877089,0.858437193300832
"HECW2",-0.625209285612695,0.633461558848371,-0.450891223156208,0.572932137442038,-0.627795183628987,0.388236020101635
"PGAP1",0.0948352383986835,0.958007726819188,0.107198030800927,0.865887045284762,0.0598016324000661,0.936418953465064
"ANKRD44",-0.0903908710470427,0.934927627313204,-0.096332399346984,0.790067916621749,-0.115185133331585,0.763653082700191
"SF3B1",0.138621025061529,0.816588549579573,0.0999637083325522,0.728626054491622,0.105762371244616,0.730126078664102
"COQ10B",0.108088324894637,0.885213448640826,0.100729796990748,0.755206261592226,0.0824565126836498,0.837429769891498
"HSPD1",0.343341520894268,0.845995942306838,0.096054725749375,0.866137207719677,0.130472358014549,0.825293721416026
"HSPE1",-0.0394943338605528,0.987676987381042,-0.17575584831296,0.728626054491622,-0.248261236160835,0.650528466704383
"MOB4",0.170317264584659,0.807253920198163,0.125737073011085,0.728626054491622,0.136935800845499,0.732182402937651
"RFTN2",-0.602650068147176,0.743641475921582,-0.415225922221825,0.675806956804428,-0.501305148711535,0.526027543877305
"PLCL1",0.204311332418109,0.946978282166981,0.10843004021447,0.936853564395437,0.0171539694045805,0.992577129869039
"SATB2",0.149548861961885,0.923602803613446,0.146036075445912,0.842762032919684,0.148297952295292,0.857083876582248
"FTCDNL1",0.0171401475969878,0.989701309603352,0.0320250042998163,0.96668416533004,-0.105959460306788,0.877652576199105
"SPATS2L",0.017542047660384,0.989701309603352,0.0290206775787409,0.962866185703775,0.0728581352830714,0.877652576199105
"AC012459.1",-0.401780176966676,0.850765417220173,-0.201992923947702,0.877308798401169,-0.234616792659029,0.837429769891498
"SGO2",-0.307982860218863,0.720908775261095,-0.206255305830899,0.619039507055099,-0.250883180495533,0.58016139300506
"BZW1",0.0429317558856774,0.986243996198961,-0.0353427473237686,0.956240560346755,-0.0901266661856109,0.871237072166292
"CLK1",-0.109651233433409,0.920885507075657,-0.134467403688278,0.688044265849981,-0.179857629697666,0.63639373962669
"ORC2",-0.331800570645613,0.607226415643211,-0.224947394054799,0.539909812541728,-0.298566803107616,0.426574974407626
"FAM126B",-0.260438437200479,0.663401121515774,-0.201735467179458,0.567636892317067,-0.264286890633969,0.454646209978998
"NDUFB3",-0.26559923173476,0.937120241257205,-0.154280642172498,0.781746921621551,-0.227974335754412,0.654748620407897
"CFLAR",-0.163332452018243,0.850765417220173,-0.106850852373775,0.781441122744418,-0.169579814172374,0.585520352564786
"CFLAR-AS1",-0.311137182205187,0.740956428327799,-0.170896741071006,0.722429399014234,-0.255586796080855,0.579879645097307
"CASP8",-0.135647709967237,0.805297296612406,-0.0876222383356581,0.763807426580721,-0.141552407699166,0.613226027482647
"TRAK2",-0.146427788708698,0.847763278066247,-0.11777818491261,0.747745391900673,-0.103122827606331,0.819838452863045
"STRADB",-0.131489996736144,0.885213448640826,-0.0471007752489536,0.92529023279254,-0.0449070321295864,0.939131388391146
"ALS2",-0.267609880275219,0.756024783939142,-0.174584280246677,0.728626054491622,-0.219166413351446,0.684351540774242
"SUMO1",0.176972428897481,0.865934979413673,0.153462823791182,0.756959699570331,0.199852000885618,0.669693275959664
"NOP58",0.0180360178793661,0.987676987381042,0.0220972046809077,0.968736910528144,-0.0144072271160172,0.98334700686478
"BMPR2",-0.024438288815448,0.987168661761228,0.00801763693609393,0.982567521584643,-0.0405530117934595,0.934885915925458
"FAM117B",-0.16540925113603,0.909991992195616,-0.0860878154879233,0.901553497791501,-0.0940348570598563,0.896293775332044
"ICA1L",-0.269899069110875,0.832510365260709,-0.114194449852632,0.865887045284762,-0.0783753912945681,0.923486197985207
"NBEAL1",-0.149787376830131,0.847164208899954,-0.106038422544557,0.774038913251,-0.0510503111178148,0.913682355390819
"CYP20A1",-0.0624556726406384,0.958007726819188,-0.0395343501710091,0.93232394990418,0.00391835456903848,0.995386539319373
"ABI2",0.0214999122521571,0.987676987381042,0.0792166520002075,0.852542483251065,0.127385245955166,0.75070515447857
"RAPH1",-0.164224289605031,0.871146086444017,-0.0788766819779027,0.862943060912263,-0.129758589544053,0.738050170778117
"CTLA4",0.252897420956454,0.937120241257205,0.159334557270142,0.894513115932639,0.0966495055066373,0.947446279204408
"PARD3B",0.0966506912239619,0.978916937415713,0.0977711105405115,0.944654221389336,-0.0496199859396574,0.975167068916286
"NRP2",-0.171789705831068,0.847164208899954,-0.0762890748711289,0.856449746085977,-0.154691459419881,0.647645222814032
"INO80D",-0.16966706136919,0.756024783939142,-0.118235057027462,0.70238198276846,-0.100496705377223,0.76193005740603
"NDUFS1",-0.0739223553484535,0.903608037062864,-0.0612562024786613,0.816121150261862,-0.0613466807012506,0.837429769891498
"EEF1B2",0.159772934584595,0.943454646328941,0.0962133521162585,0.775365704617842,0.124045673188243,0.650225321258971
"ZDBF2",0.598291753530315,0.620497879203569,0.389647682749518,0.551608494098431,0.468490724633652,0.430331057882329
"ADAM23",0.175817065550666,0.975195695221014,0.153061275533702,0.928229270213868,0.0492998462404896,0.979207899684523
"AC008269.1",-0.499868361404254,0.667130010426893,-0.308736531795887,0.675699955475318,-0.422616779573624,0.562754315836961
"KLF7",-0.0342408697466927,0.987168661761228,-0.0279343705789998,0.969900650801383,-0.0789397644562505,0.888101158224411
"CREB1",-0.0152057981475529,0.987232790302631,0.000634393692334743,0.998847327855682,-0.00450019893860579,0.992190959133602
"METTL21A",-0.216296578697422,0.695012064214002,-0.123738859531266,0.682769929955018,-0.169212195119104,0.596801456598472
"CCNYL1",-0.360282405756771,0.620497879203569,-0.241982935734377,0.565951168967911,-0.393610667881459,0.307928681666602
"PLEKHM3",-0.155141208355424,0.903608037062864,-0.117858338569336,0.839806827180451,-0.129464867560952,0.848852976435192
"IDH1",0.0645905449896889,0.962718721338874,0.0516980398627121,0.923054773439819,0.0803887134740352,0.869793185908311
"PIKFYVE",-0.228327107720608,0.659564394798225,-0.197165043910942,0.539909812541728,-0.242608961447531,0.427789007407824
"MAP2",-0.346243587674547,0.897129444505265,-0.254274983751546,0.793266081317201,-0.322651313603742,0.714931208112861
"KANSL1L",-0.337928358936269,0.607226415643211,-0.212156167477831,0.542842339693613,-0.304245394021984,0.364381114006951
"AC007038.1",-0.339904971696197,0.743988537519481,-0.209131002427337,0.790067916621749,-0.32803140755957,0.699634598786394
"AC006994.2",-0.54340363744253,0.809147447471828,-0.43547504536062,0.701636166420676,-0.731751201891813,0.18131672651448
"IKZF2",-0.270314589633877,0.840467050491297,-0.215339253191923,0.737477721951413,-0.293204396728705,0.652272219761554
"SPAG16",0.0713774003406142,0.962718721338874,0.086257143577578,0.856571400328728,0.0425033722073586,0.936418953465064
"BARD1",-0.0356765000751204,0.975727322813314,-0.0348419408321945,0.941264598661626,-0.0101897239077517,0.98778746469922
"FN1",-0.0365965454855821,0.987060796028084,0.0269475509786275,0.963675564531743,0.0448072038207643,0.945651935947817
"AC012668.3",-0.995862934929467,0.687572309746874,-0.522786830433005,0.69275266410881,-0.87134558647578,0.473493734259366
"LINC00607",0.281127036803996,0.915615419264746,0.338533619811253,0.684666089327022,0.463666041881987,0.602691736488646
"XRCC5",0.128491317657762,0.847164208899954,0.0981915471412348,0.760448321718043,0.139487047570781,0.669693275959664
"RPL37A",0.0679855639339035,0.987232790302631,-0.0274191319149593,0.95050569742153,-0.0529686342119625,0.90131829140123
"IGFBP2",0.667238050419627,0.849184946634449,0.452994447466814,0.644248176640864,0.487676471049611,0.655061802959268
"IGFBP5",-0.58688424793313,0.902986300930928,-0.537444820831678,0.742036061649097,-0.719205368801624,0.659522181455106
"DIRC3",-0.759202691321425,0.620497879203569,-0.503925323385412,0.576859503928985,-0.539618362696994,0.565699562145283
"TNS1",0.0081475989813996,0.994202951143564,-0.031087898478216,0.973528437650212,-0.00156532875342282,0.999155714450675
"ARPC2",0.276517873028555,0.684238272206636,0.210342218573695,0.573591440280164,0.274036301406297,0.428606286713091
"PNKD",0.0482934467154793,0.959248300621966,0.0679094413090791,0.829042790251159,0.048928181571027,0.90796263499482
"TMBIM1",0.126825084931743,0.831586301123345,0.0907108221827254,0.722227383026582,0.0717952276742693,0.820813436109508
"CTDSP1",0.199571878221198,0.743988537519481,0.179543501327286,0.572932137442038,0.15618462666554,0.649385841518366
"USP37",0.0433934159830631,0.97113994679104,0.0391660233706874,0.923054773439819,0.0521003493321292,0.904385399799427
"CYP27A1",0.414240315384767,0.841271683568883,0.288592883669322,0.678110628123578,0.229117968843047,0.751449844271357
"WNT6",-0.60128258958382,0.892539999642562,-0.517621377200631,0.756959699570331,-0.815794715434865,0.627561529434102
"TUBA4A",0.166113220407761,0.943083225919622,0.108702027091063,0.901553497791501,0.0696670631155876,0.943978301924551
"DNAJB2",0.260358326599033,0.871146086444017,0.0808584354752611,0.846012846277298,0.054659335214288,0.901872547234938
"CHPF",0.643710263817608,0.871146086444017,0.498684081664616,0.659468322444728,0.537843969890321,0.639972620212142
"OBSL1",0.0762244288960154,0.987168661761228,0.0231421384927995,0.980092427465307,-0.0624275541145728,0.952057233868039
"EPHA4",-0.074891752179438,0.987165551409643,-0.0421237522035329,0.975491710400042,-0.300117539739124,0.756258027422061
"ACSL3",0.00808728908775182,0.992241705121031,-0.00552946223256215,0.99159047822418,0.0130141288947477,0.979708315365712
"AP1S3",-0.0565408352921776,0.976089777202807,-0.0779798245573092,0.895446502189607,-0.202153901839341,0.704930167667097
"WDFY1",-0.00454701607011128,0.993280685055571,0.00283000411983641,0.994111893424054,0.0183233842135247,0.973942463195293
"SERPINE2",0.0930786801071711,0.987292015106137,0.132600151531453,0.895123255933228,0.0850171828082848,0.945137784813934
"CUL3",0.0311331678573476,0.975727322813314,0.0119202641602973,0.975940010120607,-0.0289625319086291,0.945137784813934
"DOCK10",-0.118439203300301,0.885618959136343,-0.0721362017906417,0.848354605388932,-0.109360543916736,0.764157677053326
"IRS1",-0.0816730777676952,0.987676987381042,-0.0938956414086419,0.962866185703775,-0.198431527769389,0.909927751862353
"RHBDD1",-0.111785950754922,0.850765417220173,-0.0589885621474532,0.875077046802286,-0.0682547693964281,0.874616499685141
"COL4A4",-0.631364635132075,0.790872788088734,-0.459042206200167,0.682769929955018,-0.430367353158159,0.697977915708529
"COL4A3",-0.392247713591016,0.947261053507097,-0.202762993287951,0.942235289270853,-0.351030535270568,0.877069431682963
"AC097662.1",-0.420066241840961,0.847164208899954,-0.219246550229626,0.833086038015381,-0.306451855360983,0.749855507789531
"MFF",0.00804518462810833,0.990850390543415,0.0202702989572941,0.963632023564318,0.0336544812552447,0.93637900575043
"AGFG1",-0.100219011289675,0.912259746037492,-0.060853582057336,0.881765771274524,-0.0813306222571888,0.847722484068737
"CCL20",0.330084000687386,0.912259746037492,0.223401297793638,0.791847801222766,0.275477948937943,0.766555060430325
"PID1",-0.795710768014135,0.663974594664865,-0.495329957073847,0.539909812541728,-0.596261742943909,0.472662068418406
"TRIP12",-0.0341968058804838,0.969952634197529,-0.0262834029203629,0.942866865475612,-0.0424072724624918,0.907798853627752
"SP110",0.0891256505688859,0.957608581799535,0.0971440944259401,0.867775140580767,0.1087918456725,0.868416651730548
"SP140",0.0285366073264491,0.987060796028084,0.0895922358301259,0.798672484164938,0.0684817898720874,0.882876829449606
"SP140L",0.0640850126127421,0.92417531528931,0.0453913901896126,0.885041529327646,0.0329587925639952,0.933576351945733
"SP100",0.0150400878542782,0.987676987381042,0.0244392928904675,0.962866185703775,0.0300824203143034,0.957032935111442
"CAB39",-0.215754049129994,0.743988537519481,-0.163783567834859,0.655516967718768,-0.210526193279205,0.574248709914327
"ITM2C",0.0770326696117004,0.987232790302631,-0.0357792479750572,0.975940010120607,-0.178620656802248,0.879642667300819
"PSMD1",0.0106734638705976,0.987676987381042,0.0358932664868543,0.923054773439819,0.0563475593654462,0.879448950763826
"NCL",0.144713312562131,0.903608037062864,0.112703254039632,0.802405079216957,0.112854897657255,0.828802031902271
"PTMA",0.165620306463601,0.928879799411077,0.0635650029301849,0.879318949048446,0.0885370758558982,0.822727876050727
"DIS3L2",-0.0722702001850358,0.924498996804901,-0.0221633044674797,0.961663698018687,-0.0355391041744487,0.939882978835525
"EIF4E2",0.0054922703848976,0.993039382491997,0.0119935215263314,0.975940010120607,0.0114723298221029,0.984146310641431
"EFHD1",-0.693047755809879,0.77589459822922,-0.595019405891562,0.655885041836434,-0.838283082405468,0.468140187860629
"GIGYF2",-0.0267461614197877,0.983985247595735,-0.00680729997479538,0.984011097633494,0.0114432170469948,0.979207899684523
"INPP5D",-0.169668242161919,0.841271683568883,-0.122847823675333,0.732900498693472,-0.191452687358393,0.623631194185174
"DGKD",-0.165930574157388,0.915615419264746,-0.0896579280825658,0.868420307355323,-0.128141680367457,0.82591843900154
"USP40",-0.117552910002304,0.85837510142014,-0.0746954207416756,0.792998451388654,-0.110614156573344,0.736753471179569
"ARL4C",0.270755246023338,0.937120241257205,0.216602897518075,0.794635704147709,0.228370239055489,0.732482954843668
"SH3BP4",-0.240959305899903,0.932956753512882,-0.159927650172506,0.870765190363925,-0.159490117055041,0.859452932536531
"AGAP1",-0.450330489516846,0.760525650507902,-0.267914001118058,0.757215489546486,-0.388002221122166,0.666696927518615
"ACKR3",0.431599570144831,0.877674649062151,0.283780490320327,0.813747570349955,0.586746054747029,0.454646209978998
"COPS8",0.25026886711179,0.772628913845821,0.150471270956407,0.680554703992045,0.183601986972593,0.563221898352381
"COL6A3",-1.03050321516589,0.772628913845821,-0.968651567436001,0.565951168967911,-1.48312183510404,0.257964807679234
"LRRFIP1",-0.0492543788341291,0.975727322813314,-0.0340845606041431,0.956240560346755,-0.027513885435521,0.96749032534522
"RAMP1",0.512851417707741,0.844246272414761,0.303608891636532,0.73101121462528,0.347171318597,0.732843582631555
"UBE2F",0.281045240386175,0.663974594664865,0.220159576824835,0.567636892317067,0.330929777912191,0.364381114006951
"ILKAP",0.223751408141781,0.78188709116895,0.18582646807752,0.660243239455962,0.24295732157917,0.59257341004653
"HES6",0.44015263640034,0.86918309088418,0.233826631833505,0.625552489036077,0.236996335677328,0.607360753037761
"PER2",-0.0178359794152231,0.987676987381042,-0.0166320477943076,0.974061650661939,-0.0576294537044076,0.91093329104767
"TRAF3IP1",0.0499507843211519,0.975333653661194,0.0826745961327014,0.864689424191881,0.0625401193310351,0.916959452510363
"TWIST2",0.406929668531202,0.882264046366445,0.333875301684028,0.779117741632649,0.282248899856637,0.837429769891498
"HDAC4",-0.0853339363151549,0.937295590475388,-0.0534881073110147,0.921589415745913,-0.0428873010293853,0.938766652604252
"NDUFA10",0.201055725246944,0.674893276948019,0.169964423490025,0.59186078503092,0.185325417545226,0.59257341004653
"COPS9",-0.124506997954294,0.985214763269641,-0.0165575492876491,0.964780908825714,-0.025285183024998,0.957562802791205
"GPC1",-0.0828844186318199,0.987676987381042,-0.0922516970018972,0.963675564531743,-0.17793204546625,0.909633877358067
"ANKMY1",-0.147058612154511,0.897129444505265,-0.110429329768156,0.846012846277298,-0.161756674707622,0.760440344298506
"RNPEPL1",0.326903133185353,0.654027551099472,0.237697147069601,0.58453580524573,0.281279485403715,0.544090303005886
"KIF1A",-0.0188444888505062,0.994202951143564,-0.0324764005253797,0.984011097633494,-0.109064304086302,0.955253064145895
"SNED1",-0.482362155893777,0.840467050491297,-0.304240847401936,0.819834924964582,-0.407312346482963,0.742507520511197
"MTERF4",-0.00907924315218564,0.990850390543415,0.0255104809572573,0.960609256935669,0.0191386497224745,0.975438828868863
"PPP1R7",0.279733257016182,0.631427909480806,0.224379928346104,0.542842339693613,0.293884006981646,0.426574974407626
"HDLBP",0.0318166743874994,0.975333653661194,0.0495547648378742,0.876671510951064,0.012095387199895,0.979207899684523
"SEPTIN2",-0.0477537429402077,0.968370079144705,-0.0431774767207651,0.918442280345784,-0.0475511518738926,0.919542522552017
"FARP2",-0.0854716953316989,0.943083225919622,-0.0626352183158963,0.885041529327646,-0.120167071945499,0.777479366201726
"STK25",0.269535488457977,0.743641475921582,0.196877517304714,0.675806956804428,0.210064692615893,0.67979676378871
"DTYMK",0.0633733214074687,0.962414509086953,0.0546321086091739,0.908524530279617,0.108244236648409,0.831290078011518
"LINC01237",-0.990640617503723,0.620497879203569,-0.688177824969207,0.567636892317067,-0.91360045247636,0.364381114006951
"CHL1-AS2",-0.089732954386019,0.987381297202584,-0.0164417481918465,0.99159047822418,-0.0997647133391137,0.946888849990106
"CHL1",-0.760119751879005,0.831586301123345,-0.568477016019476,0.704956467974747,-0.705335899585303,0.580946868284976
"LINC01266",-0.0614956154163487,0.987676987381042,0.035230264397632,0.982567521584643,-0.182921317832743,0.919289818241149
"CNTN4",0.263938413429444,0.966712918349758,0.294183086362765,0.884392091917379,0.199494339500489,0.919542522552017
"CRBN",0.040929819261507,0.961644117235089,0.0123689834879106,0.972831694402535,0.0324685678097147,0.934890182573882
"SUMF1",-0.128685215600206,0.847763278066247,-0.0870804508783006,0.774038913251,-0.154210803556879,0.635630814036157
"ITPR1",-0.117033171924691,0.902996184285982,-0.0887749067110402,0.813747570349955,-0.127062491140094,0.756813122295849
"BHLHE40",0.110772591935016,0.946978282166981,0.0326760761228105,0.962866185703775,-0.112266854588139,0.802660657102513
"ARL8B",0.0991178841333808,0.937120241257205,0.063862771953375,0.8843628398733,0.0709347150521794,0.889599368412519
"AC026202.2",-0.341647338585161,0.790872788088734,-0.258452740062483,0.731838330994888,-0.408509506293226,0.56122308555548
"EDEM1",-0.132975479972811,0.937295590475388,-0.122858321892237,0.833312333476619,-0.16680549826718,0.795376120653317
"LMCD1-AS1",-1.06595391304143,0.633461558848371,-0.769174630069714,0.6118955526808,-0.998153899994878,0.486708653561664
"LMCD1",-0.659142068743828,0.663974594664865,-0.518392043339344,0.546717350039978,-0.69398074886782,0.376391918003978
"OXTR",0.555734277214516,0.912259746037492,0.394644682140567,0.825928810266268,0.469165475234948,0.799512925943274
"RAD18",-0.106095018462081,0.944766976797542,-0.0428616532162331,0.951921041926033,-0.00788937682160886,0.993904215506113
"SRGAP3",-0.284714567270178,0.781913752028351,-0.173184050193849,0.726006500711524,-0.248371639738866,0.646736088217769
"THUMPD3-AS1",-0.218185324121205,0.831586301123345,-0.120908166639768,0.79776538747391,-0.187990445539507,0.646743640939101
"SETD5",-0.0621782143183269,0.941220753373101,-0.0460105506581025,0.884392091917379,-0.0599196972135817,0.837429769891498
"MTMR14",0.219142762021277,0.716755156913227,0.178273432997363,0.61642728657258,0.133778077669573,0.732182402937651
"CAMK1",0.216227358327443,0.895362634494784,0.275473120929019,0.6118955526808,0.247310208435529,0.684416956834868
"TADA3",0.278321761786108,0.709746584312119,0.231882086667306,0.6118955526808,0.245690897962086,0.623631194185174
"ARPC4",0.196796334317219,0.743988537519481,0.154638781458262,0.678110628123578,0.187159042717988,0.631383103629534
"JAGN1",0.272541536202475,0.937120241257205,0.18883766939692,0.567636892317067,0.23578796335834,0.455988349676889
"EMC3",0.199190874549818,0.684238272206636,0.203068272867845,0.539909812541728,0.236097676638413,0.396298682889274
"BRK1",0.129042661199945,0.923535871787432,0.142491273447141,0.675699955475318,0.171935102687055,0.574898074639915
"IRAK2",-0.342698693622779,0.86918309088418,-0.170274424090324,0.763807426580721,-0.315148339000815,0.526483868522985
"SEC13",0.0838872033739447,0.937120241257205,0.147148158706313,0.6118955526808,0.177645939311778,0.526483868522985
"HRH1",-0.281372602906451,0.923602803613446,-0.0307882262801444,0.976831570536172,-0.103571619776508,0.932290136948232
"ATG7",-0.216306162101247,0.838228110296931,-0.124637569407203,0.787285299040374,-0.189249320494095,0.65642344853735
"VGLL4",0.116470819638183,0.887855759977428,0.128641122749969,0.707016966668684,0.15267348083886,0.674363867120955
"PPARG",0.888709678792416,0.562118039898797,0.593328060056958,0.539909812541728,0.616631176668777,0.41778242206138
"RAF1",-0.0970528346177497,0.912259746037492,-0.0800209213087036,0.819651123007178,-0.145099413917827,0.675352275574551
"RPL32",0.0832797075761001,0.987060796028084,0.0199334338549644,0.96421701039658,0.0445185031390856,0.913682355390819
"IQSEC1",0.00230548442338042,0.998689477015887,-0.0281867620356825,0.963675564531743,-0.0788087759940381,0.896785969713696
"FBLN2",-0.120591384182269,0.987165551409643,-0.126393654676662,0.947522425797012,-0.344653429218911,0.821128295635357
"TMEM43",-0.0913876138068142,0.951726996250602,-0.127705766456484,0.735856182479457,-0.163789667596814,0.690475825701405
"XPC",-0.122986632865853,0.840169911726094,-0.0718282335376644,0.809977015260922,-0.113086040120435,0.733140110303463
"LSM3",-0.0180224942398774,0.992072878881951,-0.0197111798179966,0.962866185703775,-0.0213304925810922,0.96354247200553
"SLC6A6",-0.0900779641066455,0.941220753373101,-0.0439840723247517,0.929437384618021,-0.111617349791363,0.792149335517592
"FGD5",0.299129616139265,0.937295590475388,0.424860489140727,0.751821559959425,0.320033664271431,0.845525160215197
"FGD5-AS1",-0.108664720596601,0.86918309088418,-0.0966926233397845,0.707016966668684,-0.136002767691197,0.635630814036157
"NR2C2",-0.178378015780985,0.78698087141043,-0.146157621838596,0.693778573921385,-0.187747674048729,0.64254253499209
"CAPN7",-0.165410795304361,0.790872788088734,-0.121349231903122,0.70238198276846,-0.189474367729545,0.565699562145283
"SH3BP5",0.312441146761514,0.848228309522531,0.280995707650869,0.666589979201833,0.352210710714038,0.578813814667834
"BTD",0.0468536797917873,0.969952634197529,0.0609247695684609,0.865887045284762,0.0250429763696024,0.961530643332731
"ANKRD28",-0.257520768697464,0.923602803613446,-0.193284182850889,0.877308798401169,-0.574239170562563,0.307928681666602
"GALNT15",0.102653510658994,0.987168661761228,0.0549946428744189,0.975958579911476,-0.0454825748118888,0.979207899684523
"DPH3",0.0474350264191834,0.978916937415713,-0.0162559435142757,0.974423941231195,-0.025268707290376,0.966584494336203
"OXNAD1",0.0371786591842294,0.98469852697543,0.0702246626139197,0.89555290468384,0.0330801892250152,0.96749032534522
"RFTN1",0.172963946070589,0.886294244609408,0.176298302850749,0.726008162470312,0.200818652267649,0.688110473685969
"PLCL2",-0.142322409309529,0.831586301123345,-0.0853458535976411,0.764836202282169,-0.160835065636183,0.552534852329702
"TBC1D5",-0.170427077923912,0.732301369377537,-0.106590189517796,0.678110628123578,-0.198434875621449,0.44942468992586
"SATB1",-0.2106335864852,0.842460010275105,-0.156290944102734,0.756801218738335,-0.236257693779237,0.66641716357641
"SATB1-AS1",-0.21012064869609,0.952093474531886,-0.00486177090439644,0.996322269070203,-0.176072170301829,0.800759848264319
"RAB5A",0.0662198378449435,0.942336175899295,0.0546933126305474,0.890616410042787,0.0453741493132289,0.916959452510363
"KAT2B",-0.23393036551727,0.700393778780536,-0.181250129015633,0.644660353094293,-0.284522148779791,0.454646209978998
"SGO1-AS1",-0.567295343858056,0.831586301123345,-0.468368171979642,0.728626054491622,-0.728526931666299,0.56387575959395
"ZNF385D",0.0130168833574246,0.994202951143564,0.194830954169722,0.877318442258331,0.187104100245619,0.899828319482485
"UBE2E2",0.0384917914672454,0.966712918349758,0.0489440059019607,0.861584914243227,0.0329075146483365,0.925041708586946
"UBE2E1",0.0956977572756541,0.923049362142027,0.0681571286009118,0.865887045284762,0.0400193338985631,0.931261886844412
"RPL15",0.219301678023437,0.947711925014024,0.118213352880817,0.682769929955018,0.156516426836769,0.560203546352872
"NR1D2",-0.151124485961944,0.926541750504799,-0.166890249312413,0.763807426580721,-0.330686179195246,0.503188932768188
"THRB",0.523438717607167,0.7720934904036,0.354123020075299,0.655516967718768,0.422149669357165,0.567886440791429
"RARB",-0.44904937326992,0.865934979413673,-0.311265543473386,0.816966788753782,-0.498541566429703,0.623631194185174
"TOP2B",0.0354133737546257,0.96326928658639,0.00419580262777167,0.987944373981679,-0.00141056272669967,0.99774736540395
"NGLY1",0.0951311664498369,0.858464683804866,0.0564481200009964,0.82069835192102,0.0815190402695717,0.745479749789988
"NEK10",-0.19690534877394,0.925683773823925,-0.122646561467477,0.89437414101352,-0.287661527583119,0.702012842855109
"SLC4A7",-0.320108474440383,0.713557776352413,-0.210152184321431,0.630939543083057,-0.276201247409932,0.562754315836961
"CMC1",-0.217581806882367,0.76063344310174,-0.146586925490965,0.723988436794654,-0.145590161603305,0.728190758770569
"AZI2",-0.0414430042086368,0.987168661761228,-0.02922855179861,0.973528437650212,0.0947006375714438,0.903582979460862
"ZCWPW2",-0.320384404982485,0.654027551099472,-0.176904048528425,0.707054072340348,-0.256604189593001,0.635630814036157
"RBMS3",-0.204001509765146,0.945421051661546,-0.171114767308022,0.887873926895584,0.0108867622967259,0.995252373580312
"RBMS3-AS3",0.226081834349434,0.939306929786099,0.259711844370039,0.823141670358777,0.346511495209714,0.760440344298506
"TGFBR2",-0.111072192623919,0.90551604090484,-0.109669289953411,0.751014342669379,-0.133562513105266,0.722561767101605
"STT3B",0.0361723258340422,0.964462552585652,2.12913007604545e-05,0.999845748742964,0.0125825138338475,0.973942463195293
"OSBPL10",-0.07273133444127,0.986243996198961,0.00408792963544459,0.996435856793831,0.0417105109196957,0.976949166476538
"CMTM8",-0.215113907860658,0.923535871787432,-0.123007491574978,0.90057062962978,0.0736670945732045,0.946888849990106
"CMTM7",0.0550264761024315,0.959248300621966,0.0883462795601289,0.758268005486744,0.0591138306930286,0.848852976435192
"CMTM6",0.051306293678991,0.968370079144705,0.0540231786168858,0.890152476377743,0.0159498010831819,0.976949166476538
"DYNC1LI1",0.0244656825593854,0.986243996198961,0.0186752577349655,0.964780908825714,0.00945176972453619,0.988199008429316
"GLB1",0.207361820901703,0.743321115019168,0.170474008687392,0.638613914919712,0.217624923296255,0.562754315836961
"CRTAP",-0.00497846225683336,0.993656967266561,-0.00337148998710816,0.994111893424054,0.0394546432983775,0.898004089289119
"SUSD5",0.174867455431695,0.964563941864995,0.265525280351881,0.848123562433291,0.246100325433891,0.868416651730548
"FBXL2",-0.424159830160894,0.795440606734161,-0.261653763649343,0.790067916621749,-0.272066857199649,0.75070515447857
"UBP1",-0.123506833547446,0.831586301123345,-0.088494318430507,0.755206261592226,-0.144899938801689,0.643946550076799
"CLASP2",-0.125053557348449,0.830128086366669,-0.0832441525431704,0.763807426580721,-0.110081866521692,0.749809560242555
"PDCD6IP",-0.0565212055454093,0.951772238190248,-0.0431233864497933,0.916199047574657,-0.0716019923854476,0.844314412133083
"TRANK1",-0.315982173154493,0.663974594664865,-0.227293168286113,0.602584390525497,-0.211687270115898,0.639972620212142
"EPM2AIP1",-0.252550360907228,0.631427909480806,-0.181047847726815,0.576859503928985,-0.198630208774081,0.538950023623525
"LRRFIP2",0.0727833353017655,0.882264046366445,0.0774723175368656,0.733628239281182,0.0930606322314348,0.732182402937651
"GOLGA4",0.106480662911898,0.916794742663761,0.087748245652056,0.820756688134211,0.116504467440623,0.765551108794978
"ITGA9",-0.160009123001246,0.920885507075657,-0.0929424277702692,0.879318949048446,-0.17928456454134,0.757533541049963
"ITGA9-AS1",-0.176210679986905,0.946978282166981,-0.0216256405490763,0.982571067916725,-0.00376077865551564,0.998121294671095
"CTDSPL",-0.289184848488858,0.926058247355641,-0.176808269514776,0.863660684599785,-0.247965045980353,0.801475140049363
"ACAA1",0.39336817419485,0.620497879203569,0.336788451081717,0.539909812541728,0.448679446719415,0.360738283189872
"OXSR1",0.126521897603493,0.903608037062864,0.0618644764938783,0.878905000893612,0.0763818807460254,0.868137401116203
"CSRNP1",0.00607677307465449,0.994700390530767,0.0163028422368397,0.977534965334459,-0.073957722608008,0.899181418189796
"XIRP1",0.072342383383041,0.987168661761228,0.0673743890279198,0.962866185703775,-0.0381610308227418,0.978643831543395
"CX3CR1",-0.243210197815098,0.937120241257205,-0.225432144185332,0.845169358064318,-0.266222616072949,0.837429769891498
"RPSA",0.346190401223172,0.841271683568883,0.211784562996668,0.573854371732616,0.287031942293034,0.406317645003979
"EIF1B-AS1",-0.305101984202849,0.700393778780536,-0.216370757332686,0.677211621068967,-0.272003571813347,0.582307005982188
"EIF1B",0.128846193967383,0.951726996250602,0.0217345009775075,0.963675564531743,0.00160480205442663,0.998515926983875
"ENTPD3-AS1",-0.108164747598313,0.920885507075657,-0.0497010152667757,0.902260808285526,-0.0413096475617703,0.938384083526526
"RPL14",0.160295680973318,0.956660628690128,0.101068350691571,0.781153062887919,0.162834552903056,0.580636766398833
"ZNF621",-0.180286096637863,0.790872788088734,-0.12585539030076,0.707016966668684,-0.12013596792956,0.740228469505966
"CTNNB1",-0.0141041290814822,0.989701309603352,-0.00876223958071673,0.985219543619167,0.00399485119369831,0.995952806686825
"ULK4",-0.288413469207893,0.7720934904036,-0.188128925593338,0.755804595002153,-0.357430185705024,0.526483868522985
"TRAK1",-0.104246409397461,0.871146086444017,-0.0559331183507812,0.868346873746697,-0.122596929618512,0.699061159841879
"CCK",0.049694089783114,0.987676987381042,-0.0533436054799781,0.972633302354072,-0.420075984514428,0.669693275959664
"SEC22C",0.0130450217709454,0.987676987381042,0.0091430300834829,0.981217349004059,0.0131098889040447,0.979218528186553
"NKTR",-0.0902551294878952,0.885618959136343,-0.0739123420828647,0.78785297839852,-0.0852448287213888,0.792835401805648
"AC006059.1",-0.0710878024270468,0.968529247878935,-0.0187322508670244,0.982039533410756,-0.15280786045579,0.849865711971539
"LINC02158",-0.433156376123157,0.767397326336059,-0.324193265883217,0.572932137442038,-0.468767364017454,0.426574974407626
"HIGD1A",0.225487963091554,0.937295590475388,0.132727089186688,0.720627753630801,0.141583262564239,0.659522181455106
"GASK1A",-0.487730498096103,0.795440606734161,-0.264153253755448,0.790067916621749,-0.308597465835212,0.784725764880091
"SNRK",-0.0715157705439097,0.923049362142027,-0.0499315713532272,0.877318442258331,-0.0248964310716073,0.953288966996308
"ANO10",-0.124181346998855,0.920170999728793,-0.0518651299301196,0.929365207622749,-0.0751503980581748,0.91093329104767
"ABHD5",-0.0690509524888721,0.949591008943738,-0.0664416070151802,0.845608808750541,-0.115734325584479,0.706323775177875
"TCAIM",-0.0603583199789754,0.958007726819188,-0.0354427319056907,0.944654221389336,0.00228126464714514,0.997315950306238
"ZNF197",-0.163855875447961,0.877132886555714,-0.0914853431739522,0.865887045284762,-0.113306953274437,0.846200357980108
"KIF15",0.257768920623335,0.943083225919622,0.221717546937446,0.880283018475967,0.396158580068677,0.800759848264319
"ZDHHC3",0.181759819206315,0.743988537519481,0.126750351181061,0.675699955475318,0.144695673730376,0.659522181455106
"TMEM158",0.423050966021884,0.886616212943478,0.212488110761616,0.838741898059118,0.0533544538665577,0.96749032534522
"LIMD1",-0.193491213324048,0.848228309522531,-0.0882328059706569,0.835278724571696,-0.126860270459037,0.764244946288008
"SACM1L",-0.15459685854982,0.838228110296931,-0.154600454302878,0.638812511997359,-0.201125874490236,0.588229699989317
"CCR1",-0.130112371523708,0.920885507075657,-0.130102308647495,0.781746921621551,-0.201231117593985,0.677246287404597
"CCRL2",0.236271037711999,0.879034398226686,0.10406413819173,0.891014345921942,0.0798448562807497,0.884643476112591
"CCDC12",0.14977330214373,0.795440606734161,0.131692305902527,0.680554703992045,0.111295212678684,0.717327599224002
"SETD2",-0.0793565660789842,0.923602803613446,-0.0482413685091599,0.887873926895584,-0.0593033254921408,0.874739911913299
"KIF9-AS1",-0.160051377467559,0.9117360607865,-0.0947544142131443,0.892360898988245,-0.183622575097588,0.767105192939401
"SMARCC1",0.00657929863666669,0.990850390543415,0.0101710460958394,0.975491710400042,0.0162161742472314,0.970254379760983
"MAP4",0.205078606957507,0.850765417220173,0.172178909115755,0.717433010177714,0.294581883535129,0.521835404394511
"TMA7",-0.116388478647339,0.963854740669037,-0.112863381416963,0.707016966668684,-0.194417598979046,0.52344642197819
"SHISA5",0.360187688026813,0.700393778780536,0.214475572702363,0.65750952685365,0.259231983979718,0.627561529434102
"COL7A1",0.535636920111322,0.815737291200415,0.404949611197961,0.695474235878513,0.351213751524036,0.680922650358031
"UQCRC1",0.424552478705219,0.59030874370855,0.29558326574623,0.539909812541728,0.383511216513183,0.407296648637997
"IP6K2",0.154630178897776,0.743641475921582,0.122748902182271,0.648927184672061,0.117919539303066,0.690527216356779
"PRKAR2A",0.0735177582503742,0.937120241257205,0.0784051130491999,0.732900498693472,0.0908413405702364,0.732182402937651
"ARIH2",0.0175855459934831,0.987060796028084,0.017881889708069,0.957084979660325,-0.0119616779974497,0.976949166476538
"P4HTM",0.442583234987452,0.838189665987972,0.25927664488311,0.602584390525497,0.2974200528289,0.58016139300506
"NDUFAF3",0.0798732703669934,0.987381297202584,0.104211803707292,0.756959699570331,0.140852504398178,0.69827389336335
"IMPDH2",0.263299251147856,0.924498996804901,0.138079059420306,0.678110628123578,0.195271235521844,0.492865920176733
"QRICH1",-0.297477202252678,0.629371590198601,-0.203243426112038,0.542842339693613,-0.300635943510287,0.376391918003978
"LAMB2",0.0510117570642999,0.987676987381042,0.0273961373640385,0.973528437650212,-0.04608142702222,0.960016261581241
"KLHDC8B",0.107372990536325,0.976089777202807,-0.00961962885455311,0.994111893424054,-0.0950910347563361,0.951469494247007
"C3orf62",0.00380174741046468,0.994537595490738,-0.00129525426964147,0.998130386925043,-0.0846939456045041,0.76214077234056
"USP4",0.155081001247129,0.743988537519481,0.134822021375795,0.58453580524573,0.123989763278555,0.65642344853735
"RHOA",0.212864878375569,0.795440606734161,0.160459123497379,0.700576833586673,0.24075818494941,0.486708653561664
"DAG1",-0.10266177505573,0.98469852697543,-0.136897117916573,0.757215489546486,-0.1668767085721,0.729695123645453
"IP6K1",0.0410210170849006,0.977642744156684,0.0460733431223696,0.929511829636257,-0.0127474462501486,0.981390543555017
"RBM6",-0.132656381235872,0.871146086444017,-0.0678213394393099,0.809613917200381,-0.053127365389461,0.85536489445056
"RBM5",-0.0410528473132547,0.968529247878935,-0.0488907916112838,0.875077046802286,-0.0371585758096722,0.90796263499482
"GNAI2",0.290163132956444,0.663401121515774,0.196046552504082,0.602584390525497,0.218667401872863,0.56387575959395
"SEMA3B",-0.0362172231526856,0.990850390543415,-0.0469551629449796,0.975491710400042,-0.135964837091115,0.919542522552017
"HYAL2",0.3059340101327,0.937497297520597,0.212008677840591,0.756959699570331,0.19840727662809,0.746248503638004
"RASSF1",0.113235094354916,0.908458190058852,0.122355249291292,0.728626054491622,0.10129966584807,0.816183228595031
"DOCK3",-0.146028894014278,0.959145885464539,-0.0843573143886306,0.957394958288183,-0.204407966502921,0.875242686820257
"MANF",0.49722545193011,0.804738005641345,0.319155385627359,0.577660339563635,0.465048060407961,0.407296648637997
"RAD54L2",-0.167529931020531,0.823161831261382,-0.103663707518982,0.771931159611123,-0.158847045343233,0.6824871277944
"TEX264",0.393580565462313,0.831586301123345,0.224008880444411,0.605933254866572,0.308516164082975,0.473137461033362
"PCBP4",0.0055047415549513,0.998880166872192,-0.046114852875355,0.973528437650212,-0.131963052403258,0.911696415617216
"RPL29",0.155835991726541,0.974835902782104,0.129038380142516,0.734476632941173,0.185411153132965,0.597365886924465
"ALAS1",0.151975826344908,0.908458190058852,0.0631467603214915,0.912188472638817,-0.01124571626503,0.989193131684562
"TWF2",0.368321870331289,0.663401121515774,0.279158094091552,0.567636892317067,0.325094265991873,0.473493734259366
"WDR82",0.0420170856432047,0.964462552585652,0.0166973926744935,0.959082908386949,0.0103893588333414,0.977649323251274
"NISCH",0.0769129410683981,0.951610900208567,0.102672228748639,0.772486588483571,0.1642124540978,0.646736088217769
"STAB1",-0.0115758232146942,0.993039382491997,0.0441628296248582,0.951722449221458,0.0420630036979962,0.946888849990106
"NT5DC2",0.122599321286319,0.945421051661546,0.181233374608406,0.699037608564375,0.280717429663258,0.560203546352872
"SMIM4",-0.0380964017508001,0.975727322813314,0.018835119019665,0.966621762782751,-0.0362585687057917,0.943665754096722
"PBRM1",-0.0232879539328756,0.987060796028084,-0.00234514004031461,0.995119329019073,-0.00323775635149204,0.995252373580312
"GNL3",-0.0645993508580239,0.962718721338874,-0.0344446544814308,0.956240560346755,-0.0605406208134382,0.922709833813539
"GLT8D1",0.200139078251709,0.915615419264746,0.0829552980106146,0.865887045284762,0.114980743392913,0.830278497542291
"SPCS1",0.133253793943449,0.970019150556478,0.0753351441452572,0.825928810266268,0.0952057588509589,0.756258027422061
"MUSTN1",-0.0937800088457483,0.975727322813314,-0.0627215834072856,0.961732451996458,-0.16320627651214,0.883528995898572
"STIMATE",0.155964350612219,0.782347688269215,0.109138214376925,0.700576833586673,0.140394656549264,0.63639373962669
"SFMBT1",-0.0843935677060362,0.935853944284842,-0.0505475911140298,0.894437808342616,-0.0974711357556958,0.809090522123723
"TKT",0.361463007296067,0.663974594664865,0.258263336103441,0.605933254866572,0.402173975354084,0.38163905749992
"DCP1A",0.0579181484349281,0.947261053507097,0.0545420982205219,0.865887045284762,0.0281382448113772,0.945137784813934
"CACNA1D",-0.0597702576993613,0.987232790302631,-0.063399818348429,0.964848597870791,-0.370505682425792,0.700136189280256
"SELENOK",-0.0614698912951111,0.973305994881223,0.0187843684156288,0.973528437650212,-0.0278747781691522,0.970880275567133
"CACNA2D3",-0.0377479541945999,0.987676987381042,0.0186536729712362,0.984011097633494,-0.242205290379325,0.734013864724764
"WNT5A",0.0963280783101633,0.979864736284809,0.0245823261146142,0.982567521584643,0.0450393576334825,0.977649323251274
"ERC2",0.0962162864643957,0.987060796028084,0.0204684113121706,0.990948223037677,0.0647139206941865,0.977290579703121
"CCDC66",-0.164159591614474,0.841271683568883,-0.0864470889089732,0.838279411333032,-0.0687743421274097,0.890212025354256
"TASOR",-0.158953795481752,0.760525650507902,-0.123117710221011,0.682769929955018,-0.14969646502175,0.626483070625434
"ARHGEF3",0.0587358205427939,0.969952634197529,0.0566120205899468,0.918273463015104,0.0878427969760334,0.877069431682963
"APPL1",0.0410736429246372,0.969952634197529,0.0127181695291149,0.975940010120607,0.0325936875729661,0.946888849990106
"ARF4",0.0873546034054741,0.946978282166981,0.0965837020071127,0.846012846277298,0.0536943503858992,0.928617999980495
"DENND6A",-0.0658086323313491,0.916339396900937,-0.0594236674768275,0.819834924964582,-0.0674825801681553,0.82591843900154
"SLMAP",-0.00395732351811647,0.993893831457074,0.00254764908660454,0.994111893424054,0.00147207639818841,0.99774736540395
"FLNB",-0.141812295448479,0.949591008943738,-0.104392587111251,0.903769375414226,-0.183661642097548,0.849064773420446
"DNASE1L3",-0.549505831733416,0.841271683568883,-0.555190096201291,0.601304327096909,-0.731173029918881,0.477953424986133
"PXK",0.0325451505016277,0.975727322813314,0.0250809556944385,0.95449560049921,0.0984266492926553,0.731331442054184
"PDHB",0.112294521166581,0.959248300621966,0.0788374743365866,0.856045860488115,0.131643060205797,0.710393453016604
"FAM107A",0.219726429857873,0.964462552585652,0.120823278769941,0.956240560346755,0.00659947828744852,0.997955205364019
"FHIT",0.226097239493157,0.75280348372754,0.175917819293263,0.647778243729206,0.229768289385013,0.56122308555548
"PTPRG",-0.805198648105801,0.841007039128195,-0.243491073017835,0.890152476377743,-0.552124381964743,0.674363867120955
"PTPRG-AS1",-0.413861154254281,0.848228309522531,-0.055709096191486,0.956240560346755,-0.185249409433604,0.822727876050727
"THOC7",0.0956421197686519,0.893595192096776,0.073194596952213,0.826015002324159,0.0942134032234003,0.777479366201726
"ATXN7",-0.0286801461646065,0.975333653661194,-0.0283477503273085,0.933850507025293,-0.0629755783401316,0.85616728220344
"PSMD6",0.204091809685281,0.740956428327799,0.163798175033276,0.619039507055099,0.202774439744175,0.53343481555173
"ADAMTS9",-0.313855806518359,0.956660628690128,-0.172263470956502,0.942721221206002,-0.327749207598878,0.87749732970537
"MAGI1",-0.594202654311298,0.7720934904036,-0.426471370775851,0.707016966668684,-0.579413606236748,0.56387575959395
"SLC25A26",0.128769310475456,0.850765417220173,0.110471438323863,0.756801218738335,0.0710083814978926,0.876419445342454
"LRIG1",-0.0978975973260989,0.966712918349758,-0.070266980187321,0.940619548176605,-0.215494052255469,0.771400103797342
"KBTBD8",0.147805340340372,0.912259746037492,0.0537871078689057,0.928729308407458,-0.0395417969661611,0.945137784813934
"SUCLG2",-0.0140839136785314,0.987676987381042,0.00635056808175161,0.983543863208774,-0.0094719950790979,0.981821004739499
"SUCLG2-AS1",-0.000299848143432612,0.999963380658618,0.0148774899210311,0.984298346154552,-0.00850883660517136,0.995300017785226
"TMF1",0.0902204476742892,0.908244134192469,0.0588746362429801,0.872301646022024,0.0681195256165903,0.863071351383996
"ARL6IP5",0.144578769953078,0.943083225919622,0.0410035233387996,0.923054773439819,0.0442618456893909,0.919542522552017
"FRMD4B",-0.390944856256082,0.620497879203569,-0.230503438586871,0.566135177186251,-0.320938622950417,0.44995437078403
"MITF",0.638601941757075,0.615910607717767,0.415320023393535,0.565951168967911,0.393353043667593,0.470558893003515
"SAMMSON",0.588092991219323,0.807686770704022,0.404618989575202,0.689280649415964,0.523508671043986,0.646736088217769
"FOXP1",-0.191599405706919,0.790872788088734,-0.134169106313919,0.703851799611006,-0.178975294123714,0.646736088217769
"RYBP",-0.0840685079707259,0.937295590475388,-0.076193988555343,0.855616970453911,-0.109782603142635,0.800759848264319
"GXYLT2",0.0510072401428761,0.987676987381042,0.0304272371982716,0.980260842713262,-0.0772772024267064,0.955892342072672
"PPP4R2",0.0799204500909247,0.91971507233412,0.0688896982358966,0.841577123092841,0.0265044957533691,0.951917333690946
"LINC02018",-0.601548028715183,0.620497879203569,-0.42257962359385,0.565951168967911,-0.550595527359068,0.426317930380328
"LINC00960",-0.206173613667689,0.968529247878935,-0.0568901357116731,0.977530165599063,0.0775594557510004,0.973942463195293
"ZNF717",-0.191599526624627,0.838228110296931,-0.0947947565836085,0.846325418492235,-0.103203297926704,0.857940629639548
"ROBO1",0.603644794933004,0.659564394798225,0.457627593293591,0.600950135999603,0.424606595412193,0.63619800783588
"GBE1",0.110199722264271,0.93906187677433,-0.00367378307024862,0.994111893424054,-0.060612687829778,0.902799134413293
"LINC02008",-0.596703503304309,0.743988537519481,-0.49134598035471,0.695474235878513,-0.76814948887122,0.496946036196299
"CADM2",-0.282435187195898,0.945421051661546,-0.198129232451477,0.892452868202711,-0.330257292899491,0.783280038897654
"VGLL3",-0.43690101072947,0.895362634494784,-0.354431679137461,0.783116134022257,-0.473205583145387,0.642621820653838
"CHMP2B",0.138450050288995,0.848228309522531,0.0707306579794412,0.848374793858531,0.0721558606366125,0.857884865597646
"CGGBP1",0.00733976865195015,0.990850390543415,0.0167872707931676,0.96277084031199,0.00958855924402418,0.981784695254787
"ZNF654",0.0665118365946413,0.937120241257205,0.0448962104044426,0.895123255933228,0.0196675588296657,0.971582780865488
"EPHA3",-0.305188608964736,0.951610900208567,-0.239463177960513,0.910792859497578,-0.442172906924875,0.760440344298506
"PROS1",0.039298992245895,0.987676987381042,-0.0234810698048561,0.968637079916911,-0.0756303067857701,0.902643232023022
"ARL13B",-0.0133065945260035,0.987676987381042,0.00767335964433324,0.98282194264539,-0.0158096797817446,0.977649323251274
"MTRNR2L12",-0.632593520521939,0.871146086444017,-0.4491395099732,0.819651123007178,-0.629913989259766,0.271754239405015
"CRYBG3",-0.153218727523023,0.886428075551855,-0.101386317381075,0.84980603096362,-0.100987483607064,0.873908915379155
"CLDND1",-0.0494748917647379,0.972747459822463,-0.0475063694398757,0.934298675323455,-0.0969061941716882,0.844314412133083
"ST3GAL6-AS1",0.273017210814435,0.850765417220173,0.168187175538323,0.781746921621551,0.0808269251005537,0.912223727570503
"ST3GAL6",-0.244379976834081,0.76063344310174,-0.192596019656545,0.655885041836434,-0.319962675404742,0.376391918003978
"DCBLD2",-0.0483866604965088,0.98469852697543,-0.0331142627273819,0.963632023564318,-0.0981941506017065,0.88696575298677
"COL8A1",-0.130439028712695,0.98469852697543,-0.0808589269693128,0.964376814043996,-0.19839221033374,0.876952946308714
"CMSS1",-0.056082870417651,0.952093474531886,0.00612280685568113,0.984011097633494,0.0186304673952882,0.970880275567133
"FILIP1L",-0.00930882362472739,0.993545111216598,0.0461612736991898,0.955246150837839,0.0141616978248954,0.989151202762284
"TBC1D23",0.0653839088640674,0.935582707073966,0.0350814411012713,0.923054773439819,0.0270445609900577,0.946888849990106
"NIT2",-0.0057709831096983,0.993039382491997,0.026344016579651,0.956240560346755,0.0509557255824242,0.893804865132082
"TFG",0.216691584218454,0.731855333507287,0.158079396756191,0.678110628123578,0.171367724253244,0.66079399228559
"ABI3BP",-0.150892476123044,0.967203858991469,-0.0835059997132664,0.957810913092003,-0.0786297539675224,0.964862521892374
"SENP7",-0.223932083617687,0.684558955714022,-0.161209639268584,0.629731222849179,-0.198142467745206,0.580681282031961
"TRMT10C",0.0736586111540762,0.961059654169002,0.0137664138314876,0.976831570536172,-0.0231942661461691,0.973046066546357
"PCNP",0.0382280955747448,0.972446518765152,0.00195562854713922,0.996049574432636,0.000240437269141139,0.999739842870507
"ZBTB11",0.0828498941429517,0.915615419264746,0.0767956755312671,0.809797830130171,0.0423491793874706,0.921388739958762
"RPL24",0.110410425245812,0.974793128542308,0.0333324335681553,0.937067718769401,0.0123734457161079,0.979461826064421
"NXPE3",-0.369835538215258,0.628523140147356,-0.273882007524833,0.539909812541728,-0.422700459798095,0.257964807679234
"NFKBIZ",-0.32382774041212,0.76063344310174,-0.227409721966607,0.672957516604787,-0.284365728801847,0.581862351217535
"ALCAM",-0.0970814141286526,0.939287046093933,-0.0820967708003681,0.877909816685733,-0.026673025863003,0.970471175880853
"CBLB",-0.00916334948148995,0.990850390543415,0.00400793553594308,0.994111893424054,0.0381768381130725,0.945137784813934
"DUBR",-0.478067910325391,0.743988537519481,-0.294633578037752,0.718987214997375,-0.347378136478201,0.685511798317414
"BBX",0.0816854880670777,0.92417531528931,0.0302045703495018,0.941264598661626,0.0549830701114939,0.883528995898572
"CD47",0.0568341448297015,0.952676354135022,0.0406703489051969,0.923054773439819,0.0351739016527527,0.939432715277062
"IFT57",0.176047894550073,0.947711925014024,0.0779518508917738,0.862944747919534,0.0247444338740291,0.962281970828449
"NECTIN3",0.186531553775233,0.962718721338874,0.0597578725878401,0.96421701039658,0.108800271488974,0.941924218767205
"CD96",0.156623726506626,0.975333653661194,0.112747317952202,0.957810913092003,0.0731908787668103,0.973942463195293
"PHLDB2",0.167924413503329,0.970712837078205,0.107222983853057,0.951722449221458,0.0725976732988188,0.964953305857239
"CD200",-0.062876869877509,0.987676987381042,-0.02287929931414,0.987944373981679,-0.186278514338463,0.893999230675575
"ATG3",0.0631111537745001,0.937120241257205,0.0340459412480796,0.923714046475634,0.0363704466862575,0.925310472180374
"CCDC80",-0.645944180512347,0.847763278066247,-0.643551397229365,0.582946363140296,-0.788789653580762,0.494508229263021
"NAA50",0.127162014456345,0.885618959136343,0.067310527113672,0.875331448516334,0.0326629852998277,0.953664291216341
"ATP6V1A",-0.0702746217286415,0.937120241257205,-0.0640489199975855,0.838765148518691,-0.0871809663522308,0.81122171597849
"ZBTB20",-0.170398439545616,0.805297296612406,-0.133840991791127,0.675806956804428,-0.182853887897775,0.540045864690696
"AC026341.1",-0.111341514994073,0.964792346825516,-0.0507193895301605,0.96668416533004,-0.0777790273926333,0.957032935111442
"GAP43",0.214685851870875,0.969952634197529,0.232261338504201,0.865887045284762,0.304164469486466,0.831764246533378
"LSAMP",-0.531351298462245,0.851499968841155,-0.326557257570769,0.820756688134211,-0.783601940664431,0.41778242206138
"AC092691.1",-0.899551082030445,0.680936246736474,-0.557515322025213,0.638613914919712,-1.00496593215166,0.364381114006951
"B4GALT4",-0.0268420053320183,0.987165551409643,-0.0214263379162702,0.968099084668931,-0.1051981543586,0.811785898017482
"ARHGAP31",0.00292949235071642,0.994700390530767,0.0291865573494761,0.950670754810894,0.019922429804783,0.972994753675532
"TMEM39A",0.0597470573343295,0.968529247878935,0.0903488103663988,0.865887045284762,0.00340241635105254,0.995952806686825
"POGLUT1",0.00190950687199607,0.998216842306075,0.0539561012451072,0.879318949048446,0.102794500855388,0.76214077234056
"TIMMDC1",0.117394033177387,0.903608037062864,0.138047179699415,0.716412132322489,0.175194191094455,0.648991108605065
"AC073352.2",-0.724792618614104,0.59030874370855,-0.410640623933664,0.539909812541728,-0.569365246371981,0.18131672651448
"PLA1A",-0.351046463059997,0.832719567576112,-0.194469918166721,0.777605663903616,-0.266271682385851,0.726399829480394
"POPDC2",0.093295734780836,0.969952634197529,0.0688888114535564,0.93914373777039,-0.0228171363266933,0.980108479276866
"COX17",-0.103067790948086,0.958378175838259,-0.119989444745571,0.763121519273086,-0.196392888138091,0.660258785451696
"GSK3B",-0.0160948395838862,0.987232790302631,-0.000342958691998952,0.99967840875972,-0.0392446547777053,0.914851075982289
"LRRC58",-0.100941912386989,0.858041384046153,-0.0907366570487778,0.724563954005688,-0.0825898523705117,0.753537006790174
"FSTL1",-0.484870661794539,0.902996184285982,-0.452374840371096,0.700576833586673,-0.606286171932534,0.526483868522985
"NDUFB4",0.0196076038417828,0.993545111216598,-0.0201607068382878,0.961663698018687,-0.038670739301819,0.919542522552017
"HCLS1",0.0601660621909817,0.970019150556478,0.0566338414878935,0.925773221047207,0.13454762337122,0.792044889142667
"GOLGB1",0.0183160079327047,0.987179055001188,0.0139910624108998,0.973180525785074,0.0318982676635216,0.939131388391146
"IQCB1",-0.0430687553730068,0.962718721338874,-0.0185823201200108,0.96277084031199,-0.0835226264304237,0.806345549179156
"EAF2",-0.138770335028162,0.911641919586937,-0.0700794355690093,0.891507633403955,-0.183656663184974,0.64254253499209
"SLC15A2",-0.0209668719927897,0.989020511532505,-0.0175730186679391,0.981281389473242,-0.0569597691923518,0.946888849990106
"CD86",0.0178381079176851,0.989020511532505,0.0580266240797248,0.873485069640704,0.0207343051026022,0.966616392904718
"CSTA",-0.0325489066111561,0.987381297202584,-0.0394254352966958,0.956240560346755,-0.0657556518863064,0.923653412051578
"FAM162A",0.141561079713796,0.850765417220173,0.068746718291025,0.842139493669345,0.065079951206623,0.82924665755452
"KPNA1",0.0675436561131852,0.941362866167704,0.0496785200955885,0.89555290468384,0.0242781980409758,0.963197165494884
"PARP9",0.102396569996351,0.952093474531886,0.101924749369064,0.855616970453911,0.109998091669509,0.861600338130576
"DTX3L",-0.00488934792861043,0.994202951143564,-0.0371948294434257,0.950756828849506,-0.0370358240349862,0.957032935111442
"PARP14",0.0908552889980564,0.962718721338874,0.121602484417703,0.791438454835134,0.0900954324249534,0.878146078064477
"HSPBAP1",-0.301459072624606,0.620497879203569,-0.219723477915234,0.567636892317067,-0.307527527380527,0.430331057882329
"SLC49A4",-0.0195521630955919,0.987676987381042,0.00672677685481859,0.989717950041587,-0.0515489077114898,0.936418953465064
"SEC22A",0.0588154532160004,0.962718721338874,0.0749434572735031,0.879318949048446,0.0585833314556962,0.922709833813539
"MYLK",-0.126972438228429,0.969952634197529,-0.058000638477587,0.963632023564318,-0.130541992903582,0.893280087890469
"CCDC14",-0.327620185118323,0.620497879203569,-0.238969165229902,0.539909812541728,-0.288453625538453,0.425009765064099
"ITGB5",-0.0410602033927285,0.978916937415713,0.0168308161706259,0.972626641981822,-0.0753610451311699,0.861600338130576
"HEG1",-0.213322075263244,0.895362634494784,-0.135910761624359,0.827265188324808,-0.23773901296389,0.685511798317414
"ZNF148",-9.82192855563261e-05,0.999963380658618,0.00519547350655223,0.987973601121545,0.0378533775747718,0.919542522552017
"SNX4",0.24948054256209,0.623672057295787,0.21392952151721,0.539909812541728,0.238495541355369,0.430331057882329
"OSBPL11",-0.124356629943555,0.841271683568883,-0.0833105570988782,0.781746921621551,-0.13110881667046,0.678245423085493
"LINC02614",-0.901836910876212,0.607226415643211,-0.638630737650277,0.539909812541728,-0.854876021694483,0.324961180468978
"KLF15",-0.337324802639681,0.937120241257205,-0.287187516908332,0.848123562433291,-0.415207297554349,0.674363867120955
"ZXDC",0.0590673292018787,0.961399538616457,0.0671829375735997,0.891507633403955,0.0116795950683625,0.987634434445471
"CHCHD6",0.0329703984965888,0.987168661761228,0.0726820028203626,0.893945927996825,0.03343466736588,0.967663675087524
"MGLL",0.0747381061327464,0.969952634197529,0.0906592811263888,0.892452868202711,0.122844445214836,0.853829098635518
"SEC61A1",0.205689517761768,0.663974594664865,0.149585425192075,0.610562468549926,0.178856475533026,0.55987109229781
"EEFSEC",0.20998187555394,0.795125502187699,0.177763245043121,0.682769929955018,0.200236369630338,0.67979676378871
"GATA2",0.285535890932222,0.937120241257205,0.224974040510873,0.831585683331886,0.129853848527461,0.916613851665333
"RPN1",0.214123461407358,0.85325053155458,0.082461642888348,0.834738933582356,0.066181599220845,0.869793185908311
"RAB7A",0.174853774655962,0.819309104725403,0.132725847326981,0.704956467974747,0.134817812312782,0.709298290205447
"CNBP",0.172036646361086,0.819309104725403,0.117872405737076,0.755891760836901,0.133002572782335,0.703913696755257
"H1FX",0.20089192345305,0.923535871787432,0.0564569548823737,0.891507633403955,0.014768618967138,0.979207899684523
"MBD4",0.207484922620529,0.795440606734161,0.138013768844908,0.732900498693472,0.218581299580816,0.594301230245286
"PLXND1",0.0691803701153613,0.964462552585652,0.0323900407619469,0.951921041926033,0.0819918277768986,0.850173416597071
"TMCC1",-0.217063394120011,0.654027551099472,-0.154876187452107,0.602584390525497,-0.233558521602186,0.454646209978998
"TRH",0.677928954161013,0.794511475184592,0.493866033134776,0.675699955475318,0.729563326338794,0.53105850834748
"AC097105.1",-0.38962788594059,0.908458190058852,-0.36265269962816,0.713248734092951,-0.562560437197565,0.59257341004653
"ATP2C1",-0.104983166031213,0.920885507075657,-0.12305892733436,0.728626054491622,-0.19405974671231,0.580119673975908
"NEK11",-0.107379271875956,0.92417531528931,-0.00991295122558442,0.989648351854567,-0.0712467810792465,0.93637900575043
"AC010210.1",-0.412336237098329,0.620497879203569,-0.336751170348794,0.539909812541728,-0.379458260144182,0.47176849052667
"NUDT16",0.27410487003939,0.850765417220173,0.167498413803536,0.823408681057155,0.272947568246549,0.709298290205447
"MRPL3",0.222560170954477,0.847164208899954,0.147492517755619,0.790067916621749,0.241083670028972,0.584982212025935
"DNAJC13",-0.162308714095014,0.743988537519481,-0.13650920362505,0.614396075881076,-0.160256089225103,0.585640017648962
"ACAD11",-0.122232693884006,0.923602803613446,-0.0938004289726595,0.879318949048446,-0.130201011194782,0.83780945723087
"NPHP3",-0.425040719235199,0.59030874370855,-0.315532429137746,0.539909812541728,-0.409741606601948,0.372925951502991
"CDV3",0.249181751413983,0.672839863206178,0.187186008830489,0.577660339563635,0.169776768123412,0.652434105797126
"TOPBP1",-0.135849013448191,0.831586301123345,-0.105337417420319,0.723988436794654,-0.128125065996061,0.69321545449816
"TF",-0.351706569761293,0.878896297442202,-0.270625591486645,0.809409034753912,-0.333871162689523,0.725100421060311
"RYK",-0.122302574279424,0.885213448640826,-0.102900802932354,0.791438454835134,-0.151481682341819,0.706323775177875
"AMOTL2",-0.316881515516506,0.946978282166981,-0.279486347913285,0.877318442258331,-0.400347444763352,0.760440344298506
"ANAPC13",0.070868549906739,0.986243996198961,0.0206250237518126,0.965689252706415,0.061596877602327,0.869793185908311
"CEP63",-0.0731831547459105,0.915615419264746,-0.0483478742839279,0.870457524583782,-0.0447794358289412,0.891055840715954
"EPHB1",0.092806341541915,0.986740807946813,0.0989948125045098,0.961617869252362,0.0636042125065802,0.972994753675532
"PPP2R3A",0.17807883091093,0.92417531528931,0.206220284511644,0.790067916621749,0.313812401542519,0.677246287404597
"STAG1",-0.168798889697876,0.779940702334348,-0.115271343715476,0.67273820695454,-0.17132639660229,0.521835404394511
"SLC35G2",-0.409746654454566,0.680099010735253,-0.258497300162531,0.704938019635202,-0.408841417283828,0.544090303005886
"NCK1-DT",-0.31137780849908,0.743988537519481,-0.210754669320194,0.675806956804428,-0.289673288412334,0.57608720313013
"NCK1",0.0191568434222259,0.987676987381042,0.0224811405705488,0.963675564531743,0.00245035665634968,0.997315950306238
"ARMC8",0.025603444161049,0.979514484933612,0.0183649583457804,0.963675564531743,-0.00228683033687644,0.997113640321465
"MRAS",0.112033486772911,0.96362700941351,0.0332486826984584,0.961663698018687,-0.0298746061967479,0.967663675087524
"PIK3CB",-0.27509654106551,0.615910607717767,-0.209255530522464,0.539909812541728,-0.219013484158086,0.503188932768188
"COPB2",0.188568160376432,0.743988537519481,0.145804096956859,0.680554703992045,0.204438289183889,0.510146919208901
"AC046134.2",-0.128156881546776,0.923535871787432,-0.0478111515019596,0.948560750840966,-0.103263168023711,0.879439979844401
"RBP1",0.346870194276363,0.958007726819188,0.187064237594075,0.932320009271582,0.081690463086743,0.973358142496759
"CLSTN2",-0.109124430952497,0.986740807946813,0.000216792221276385,0.99967840875972,-0.120515832911121,0.951917333690946
"SLC25A36",0.0303383412975082,0.969952634197529,0.00594344684179413,0.983479606891045,-0.0045239800790043,0.992577129869039
"PXYLP1",-0.456580579952088,0.743641475921582,-0.346722640533944,0.682971009494621,-0.488205127049114,0.5743622805577
"ZBTB38",-0.0738780259969383,0.935853944284842,-0.0596324209500196,0.87832623869238,-0.112607296398962,0.757299251546283
"RASA2",-0.27205427662405,0.620497879203569,-0.182266165781385,0.571185324951607,-0.208374864283562,0.552534852329702
"RNF7",0.219787937511997,0.882264046366445,0.11870632791882,0.728626054491622,0.130438432772616,0.677201813200289
"ATP1B3",0.324698623860437,0.814238168764927,0.292986831099349,0.59186078503092,0.367824383456986,0.473137461033362
"TFDP2",0.124656678988989,0.909991992195616,0.115676603593917,0.790067916621749,0.174526043398919,0.722252774202751
"GK5",-0.268998964710396,0.743321115019168,-0.16522772460408,0.700576833586673,-0.188578669372193,0.684351540774242
"XRN1",0.065239474803954,0.946978282166981,0.0380316861029628,0.923054773439819,0.0795152416830167,0.82924665755452
"ATR",-0.207480383439305,0.740956428327799,-0.149467629834574,0.680554703992045,-0.10393185913374,0.792149335517592
"TRPC1",-0.380027961998416,0.831586301123345,-0.291297775970251,0.712661164701235,-0.358746107322498,0.674363867120955
"U2SURP",-0.116422219084131,0.850765417220173,-0.100402057608776,0.736250818799569,-0.11580857928711,0.732182402937651
"CHST2",-0.217649748760777,0.935853944284842,-0.187838829991236,0.756801218738335,-0.334390816651691,0.545348360797921
"SLC9A9",-0.347021941547798,0.628523140147356,-0.217803491634022,0.58453580524573,-0.326363445471045,0.416337165345633
"DIPK2A",-0.140690841165203,0.874972551610285,-0.148351031812486,0.695474235878513,-0.19511558423627,0.628925208978826
"PLOD2",0.246749070803046,0.937120241257205,0.190464752853383,0.875386073049582,0.133413170844117,0.916996650945138
"PLSCR4",-0.050863515920763,0.989020511532505,-0.0443679531038946,0.979555468753244,-0.107238074120029,0.957562802791205
"PLSCR1",0.0317629222033989,0.987232790302631,0.0311619970742848,0.962453021478042,0.0272793516462501,0.973046066546357
"CPA3",-0.949597724545317,0.858464683804866,-0.893228911359262,0.69275266410881,-0.864844534740441,0.741261845945827
"GYG1",0.260749347465679,0.713114450976295,0.184104238756567,0.655885041836434,0.271627854610599,0.510146919208901
"HLTF",-0.138028251289169,0.885618959136343,-0.10376285035384,0.806409740187469,-0.131940472920482,0.740850861189192
"HPS3",-0.122626119686904,0.915615419264746,-0.121393340483666,0.76807261540306,-0.149111474344168,0.740850861189192
"CP",-0.124182045670085,0.972747459822463,-0.0348539632805869,0.980768903450828,-0.0890625387875204,0.949848283750376
"TM4SF1",-0.084547462593473,0.987676987381042,-0.100571068078562,0.96242869953788,-0.399234318580865,0.780353552464128
"WWTR1",-0.164112877563982,0.932956753512882,-0.153615642823102,0.819651123007178,-0.26562853752056,0.664639500351045
"COMMD2",-0.0494963541424126,0.965026801109949,-0.0407545001407956,0.921654579977596,-0.0365700531172945,0.934890182573882
"ANKUB1",-0.59738663023555,0.675213542065773,-0.439757153199103,0.707016966668684,-0.705942996404276,0.522774339424714
"RNF13",0.0423056413075744,0.97438769286752,0.0223018946779654,0.963675564531743,0.0661100334528691,0.888344912302343
"PFN2",0.0277035016327931,0.989020511532505,0.0311391423906001,0.975940010120607,0.0923767235746245,0.918553403979254
"TSC22D2",-0.0229091204373782,0.987676987381042,-0.0214130259345081,0.964848597870791,-0.0683689908548202,0.868416651730548
"SERP1",0.131848896856054,0.847763278066247,0.0975346110346875,0.732900498693472,0.134690319704381,0.659522181455106
"EIF2A",-0.0208952958094851,0.987232790302631,-0.0100316603640702,0.982567521584643,0.0561386531769395,0.888998683162165
"SELENOT",0.24212246853534,0.75651538860226,0.167700539646725,0.708988104897947,0.200250590645626,0.659522181455106
"SIAH2",0.15039952132885,0.916339396900937,0.201678277690368,0.567636892317067,0.152452996633697,0.661101052133121
"MED12L",-0.259418654533486,0.937120241257205,-0.0796784685585579,0.963675564531743,-0.210936283601254,0.90796263499482
"GPR171",0.26838529226512,0.947261053507097,0.155541735310418,0.929818547307167,0.583511577403629,0.6824871277944
"P2RY14",-0.678650517193096,0.740956428327799,-0.445632595078796,0.684666089327022,-0.538461815677262,0.653717293188076
"P2RY13",-0.197850120721872,0.937120241257205,-0.168282000081589,0.846302459024057,-0.275990888133075,0.753392468267112
"P2RY12",-0.0501029105461425,0.987232790302631,-0.0783313517438989,0.942866865475612,-0.298868694265933,0.65642344853735
"MBNL1",-0.273626072379117,0.717383688669922,-0.22705579643847,0.571185324951607,-0.280861026524224,0.518056166425906
"MBNL1-AS1",-0.479386956253448,0.663974594664865,-0.277181324446413,0.647522929906919,-0.440058464398796,0.343224439327631
"RAP2B",-0.102798782935272,0.924498996804901,-0.117614177208925,0.756801218738335,-0.120993802220338,0.773542721086432
"ARHGEF26-AS1",-0.711864221909648,0.847763278066247,-0.459888766861952,0.799176790955061,-0.627764163394739,0.656156410780707
"ARHGEF26",-0.179374052311857,0.961399538616457,-0.126692857571677,0.923054773439819,-0.138217306079038,0.877911583309889
"DHX36",0.00571539562679853,0.990966923882266,0.00392978861129732,0.989648351854567,-0.00506112720765428,0.991545995272153
"GMPS",0.203376242019633,0.792874152397324,0.147720641562365,0.718363586852566,0.27130877613489,0.44942468992586
"KCNAB1",-0.203248074289245,0.946978282166981,-0.126915557321618,0.923108484360897,-0.308166797093151,0.732182402937651
"SSR3",0.232622974527768,0.847763278066247,0.104109345821406,0.790581386278727,0.186055030749294,0.642437071348006
"TIPARP",0.268414470611002,0.743988537519481,0.132049906579676,0.707054072340348,0.13890966424527,0.69827389336335
"LINC00886",-0.256234244826005,0.847403579302165,-0.183487375202939,0.791438454835134,-0.232510176789839,0.763653082700191
"LEKR1",-0.295535593462917,0.877674649062151,-0.219021755139875,0.75870240413609,-0.384476454339357,0.59812902056963
"CCNL1",-0.0158555246589551,0.987676987381042,-0.0392853811657547,0.929818547307167,-0.0702191661995277,0.868416651730548
"AC092944.1",-0.540366900020826,0.562118039898797,-0.377565490842155,0.539909812541728,-0.484353933510708,0.343224439327631
"PTX3",-0.314398062573222,0.891570953693957,-0.299779257438093,0.539909812541728,-0.334888478826019,0.492865920176733
"RSRC1",-0.129598045159967,0.841271683568883,-0.0934015174638605,0.758266749115759,-0.106578009746725,0.772663272404715
"MLF1",0.0465335678521567,0.985214763269641,0.0129002683441785,0.98265815997378,0.00170219993409501,0.998801924059983
"LXN",-0.0917708513174125,0.965257932729473,-0.017460893958212,0.981281389473242,-0.0915003833606938,0.911696415617216
"RARRES1",-0.117208698736523,0.969952634197529,-0.0383697637490744,0.975178059978425,-0.117045013633142,0.908780995341695
"MFSD1",0.0190144447403983,0.987676987381042,-0.0317718381563089,0.957394958288183,-0.0145585952184244,0.981821004739499
"IQCJ-SCHIP1",0.0518411115834884,0.987676987381042,0.166479314810071,0.891954018570986,-0.0734075218021421,0.951715326242549
"IFT80",-0.373308841978462,0.620497879203569,-0.24816029372881,0.587136488655059,-0.307536171508793,0.532551602204525
"SMC4",-0.123215166515056,0.850765417220173,-0.108380415126252,0.726008162470312,-0.144808504472301,0.663353740204739
"KPNA4",0.0858846870793129,0.903608037062864,0.0631678461535547,0.823141670358777,0.0183258792355592,0.963163635851747
"PPM1L",-0.155248273350249,0.83719837079417,-0.0973071042117665,0.813747570349955,-0.0815022162785323,0.873908915379155
"NMD3",-0.104279025520135,0.903608037062864,-0.0121766444858732,0.975491710400042,0.00387359266959214,0.99504417436632
"PDCD10",0.111876240264305,0.903608037062864,0.0700402773597407,0.870765190363925,0.0962164694745829,0.83780945723087
"SERPINI1",0.0885451546506672,0.975258468956804,0.0657947872298799,0.958093966183399,0.0549078799423877,0.970880275567133
"GOLIM4",0.143211726941934,0.847763278066247,0.125514222132293,0.713248734092951,0.225934251026375,0.45494131779146
"SEC62",-0.105944487549231,0.92417531528931,-0.111706336160569,0.756801218738335,-0.147268950102562,0.716323327546628
"PHC3",-0.312718522164109,0.607226415643211,-0.247817914096313,0.539909812541728,-0.257758344835631,0.420322421599594
"PRKCI",-0.0993939178420746,0.926058247355641,-0.0444323189895828,0.921322498525649,-0.0508277062816411,0.916996650945138
"SKIL",-0.0331326408569901,0.987168661761228,9.81929891076695e-05,0.99967840875972,0.0179673941515411,0.976949166476538
"CLDN11",0.123734459684264,0.969952634197529,0.0896427559410963,0.870661925294145,0.0896323780709554,0.871962768137203
"SLC7A14-AS1",-0.0569748169140851,0.987676987381042,0.0163603921972916,0.990936461781775,-0.211973107126853,0.868416651730548
"RPL22L1",0.0905095942990687,0.975333653661194,0.0082851269029881,0.986357352470941,0.0098151724488779,0.989193131684562
"TNIK",-0.904432859054714,0.623672057295787,-0.56605988460539,0.567636892317067,-0.634792555671696,0.518056166425906
"PLD1",0.0723453259816752,0.975727322813314,0.0292407213771577,0.975491710400042,0.00936843966448537,0.995031168540369
"FNDC3B",-0.115660821579704,0.909991992195616,-0.0899070174213224,0.825928810266268,-0.0838096823110524,0.860190911861655
"TNFSF10",0.197360016338483,0.871146086444017,0.0948273597211637,0.865887045284762,0.114063222608202,0.848852976435192
"NCEH1",0.142816398191295,0.888338548189388,0.0796595132837025,0.875901207578288,0.189363818913119,0.594301230245286
"ECT2",-0.0742169207088908,0.973470246864783,-0.0296062832106293,0.972626641981822,0.0138725450023457,0.990420116511119
"NAALADL2",-0.51086126607495,0.663974594664865,-0.377186239957317,0.660243239455962,-0.586821196943827,0.454646209978998
"TBL1XR1",-0.0348310543340612,0.978731255112132,-0.016605672248541,0.973528437650212,0.0299017754316617,0.952219745772006
"LINC00578",1.01992431530709,0.713703084504335,0.753595102030356,0.614396075881076,1.04054386508357,0.518056166425906
"KCNMB2-AS1",-0.355812878757485,0.858464683804866,-0.213322922226626,0.865887045284762,-0.312992940373881,0.794147584924042
"ZMAT3",-0.158640192488985,0.912259746037492,-0.125400213978484,0.837201784480071,-0.255718849587598,0.65642344853735
"PIK3CA",-0.0924651615746626,0.911641919586937,-0.0968985391399583,0.755206261592226,-0.10983756824353,0.757346948876477
"MFN1",0.170601519962383,0.871146086444017,0.0948266059275849,0.86055599668641,0.147679922367708,0.770255027197967
"GNB4",0.115531005110365,0.91971507233412,0.0450638652963652,0.927295078732702,0.0495974620510947,0.932604915803144
"MRPL47",0.229828076039349,0.809147447471828,0.144079183561013,0.695474235878513,0.162501911705751,0.669670035570073
"NDUFB5",0.231202701592562,0.847763278066247,0.15801732117331,0.755804595002153,0.227008177575524,0.617670448466621
"USP13",-0.353538771398004,0.713703084504335,-0.260555237711704,0.616245684561578,-0.364402729440367,0.518056166425906
"TTC14",-0.130022632297634,0.879034398226686,-0.0947056692828441,0.819651123007178,-0.136179743447902,0.745915883672409
"FXR1",-0.0824922786683309,0.937295590475388,-0.0836184567873235,0.833312333476619,-0.0705165692206079,0.88003463546364
"DNAJC19",-0.0225096873338456,0.989020511532505,-0.0616737044142379,0.837532471123586,-0.0833842871726195,0.760440344298506
"SOX2-OT",-0.61264183379977,0.813674485940211,-0.462697139809158,0.700576833586673,-0.58423623142791,0.618310367784815
"SOX2",-0.677876414859649,0.86918309088418,-0.549650806596185,0.755206261592226,-0.671976027561236,0.653818859526795
"ATP11B",-0.138762375317609,0.847164208899954,-0.116268123113428,0.717414870888019,-0.193812952629424,0.562754315836961
"DCUN1D1",-0.0337447537243522,0.977335854090386,-0.028948840894179,0.952524996265069,-0.0160444989958951,0.977649323251274
"LAMP3",0.00576641544411215,0.998674355631457,0.0497970630335482,0.973528437650212,-0.00530044775497188,0.998345852916099
"MCF2L2",-0.447490142893914,0.75170860107918,-0.277223570733723,0.682769929955018,-0.388006615979371,0.52551450346205
"B3GNT5",-0.144801029336871,0.937120241257205,-0.124030656267913,0.813747570349955,-0.221630647823258,0.660258785451696
"KLHL6",0.46090889173827,0.615910607717767,0.291943831794465,0.539909812541728,0.360436614243274,0.275223601443207
"KLHL24",0.0414839476855627,0.97333750941677,-0.0173941464553127,0.963675564531743,0.0111475774165561,0.980101463111603
"YEATS2",0.0957683489675417,0.934723286792728,0.0614145140649158,0.882796185416272,0.0717134086359282,0.868416651730548
"ABCC5",-0.0466748518675601,0.978731255112132,-0.0150165515268097,0.980260842713262,-0.000951693805499378,0.999340717235879
"AP2M1",0.498405695259882,0.700393778780536,0.327373758322246,0.539909812541728,0.38823613899708,0.455729469688749
"PSMD2",0.3487276868744,0.562118039898797,0.251644557624057,0.539909812541728,0.291590917140776,0.376391918003978
"EIF4G1",0.193739625890653,0.713703084504335,0.129968833117424,0.680554703992045,0.143557838415164,0.661047764554629
"VPS8",-0.135369113184843,0.795440606734161,-0.111708201038267,0.699037608564375,-0.154365178560566,0.647645222814032
"C3orf70",0.209439843503482,0.956660628690128,0.104479312040681,0.951921041926033,-0.0191175570096259,0.992783438464685
"MAP3K13",-0.122642239778451,0.903608037062864,-0.0491191628810618,0.923054773439819,-0.0794832093629221,0.879439979844401
"SENP2",-0.146535472831747,0.813635984388874,-0.0977264012884297,0.735856182479457,-0.154496203977559,0.639972620212142
"IGF2BP2",-0.147518126753654,0.95155244283198,-0.131897776683543,0.879318949048446,-0.0627112144207002,0.951715326242549
"TRA2B",-0.245536841834851,0.787305031476758,-0.202140641702322,0.614396075881076,-0.303855009698093,0.426574974407626
"ETV5",-0.37577612551274,0.659564394798225,-0.233063155785603,0.638613914919712,-0.355106751506697,0.492469095361986
"DGKG",-0.151106298848131,0.934816943280864,-0.0325941234000271,0.968736910528144,0.0221873519482342,0.982599449114156
"DNAJB11",0.246296714072507,0.684558955714022,0.218473239589697,0.565951168967911,0.253948916073,0.492865920176733
"EIF4A2",-0.000214969236666958,0.999963380658618,-0.0473758096233147,0.903307056619906,-0.00543455334237155,0.992143007283185
"ST6GAL1",-0.0636477770762134,0.969952634197529,-0.0422348570132688,0.950352759818587,-0.0764054923678762,0.900216596874957
"BCL6",-0.25744040428779,0.743988537519481,-0.166500699640756,0.635116598030598,-0.221773680979948,0.552534852329702
"LPP",-0.161544308919078,0.805297296612406,-0.124782748978038,0.69275266410881,-0.126187009695512,0.673601444674556
"TPRG1",0.00464449359300089,0.996726244908192,0.0304829820189628,0.974061650661939,-0.00777726809137755,0.995891531328593
"P3H2",-0.36669658861086,0.833686082887391,-0.237644564101293,0.763807426580721,-0.459139108811716,0.558318790890467
"CLDN1",-0.830837384773134,0.628902509076854,-0.551557177532849,0.605933254866572,-0.884666293601251,0.42463556256099
"IL1RAP",-0.186322915093438,0.903608037062864,-0.0883644280474902,0.875077046802286,-0.228762515493503,0.591317813247651
"CCDC50",-0.0761817322135909,0.954971639490914,-0.0913709961306614,0.856449746085977,-0.144726469733316,0.774544852909099
"FGF12",0.306636089445723,0.917132712636844,0.333774443067986,0.707054072340348,0.189369792045849,0.829309687795442
"MB21D2",-0.110996277875828,0.969952634197529,-0.0057015794753036,0.990743626069857,-0.0633928593595063,0.909927751862353
"OPA1",-0.00624775115209948,0.990850390543415,-0.00980944437653901,0.975491710400042,-0.0190924926590931,0.961542996655408
"HES1",-0.381965960377703,0.882264046366445,-0.385471635869644,0.619039507055099,-0.574168233141113,0.454646209978998
"ATP13A3",-0.004156619792903,0.996717133488803,-0.0705229776524098,0.868420307355323,-0.100135793391367,0.830448887793427
"FAM43A",0.201276817995388,0.937120241257205,0.0235142511283482,0.973021251271484,-0.136115611990527,0.762674922516359
"ACAP2",-0.122723395506635,0.877674649062151,-0.0829218849411899,0.805882240027355,-0.106494511471461,0.773542721086432
"PPP1R2",0.143325662833585,0.833686082887391,0.119527459160269,0.682971009494621,0.126902415448017,0.676360722578207
"APOD",-0.406479059758492,0.962718721338874,-0.369319251792844,0.911790652554603,-0.684547935930333,0.837400069612318
"TFRC",-0.110237113924324,0.972747459822463,-0.0434446939410004,0.96668416533004,0.0596378436918801,0.957416828868268
"UBXN7",-0.104113725779342,0.871146086444017,-0.0915782703297564,0.710672050386581,-0.12124664224845,0.659522181455106
"RNF168",0.166595978767177,0.85325053155458,0.156560312899963,0.666718772248074,0.104840759415015,0.745479749789988
"PIGX",-0.104252413698874,0.945421051661546,-0.0421768490618643,0.924274119234894,-0.025403628241625,0.965835238935591
"PAK2",0.0500172900183784,0.975258468956804,0.0495806615170701,0.928729308407458,0.0737285419589801,0.897120364639856
"SENP5",-0.240016044183422,0.704988306651163,-0.176986225146097,0.576859503928985,-0.237283638877936,0.459587336422672
"NCBP2",-0.00438968470455947,0.993039382491997,-0.00345344390234651,0.992767031795886,-0.0224502622567461,0.962281970828449
"MELTF",0.101860092385156,0.969952634197529,0.0543509999366646,0.951200760838363,-0.095709129625209,0.877069431682963
"DLG1",-0.208029976732282,0.674893276948019,-0.145877479735631,0.63709012848594,-0.212623619562657,0.518056166425906
"RUBCN",-0.124959412354229,0.908458190058852,-0.0756221293570626,0.833086038015381,-0.137894439128611,0.703913696755257
"FYTTD1",0.039337967026733,0.978731255112132,0.0166735025137734,0.974805014070348,-0.0211352066427733,0.975167068916286
"LRCH3",-0.0396749214494924,0.969952634197529,-0.013968781840968,0.968099084668931,-0.0405397903939508,0.902799134413293
"IQCG",-0.179220173320453,0.828334591120586,-0.101145178717335,0.790067916621749,-0.0972321626065828,0.835739757867389
"RPL35A",0.0527036282679027,0.987676987381042,-0.0114801028552538,0.975940010120607,-0.0060196627361125,0.990420116511119
"ZNF718",-0.191184749867774,0.847164208899954,-0.110082272017414,0.848123562433291,-0.147062456695601,0.800759848264319
"ZNF141",-0.154767932796997,0.868718202741141,-0.110024002870082,0.802405079216957,-0.0334160311371648,0.950144594039427
"ZNF721",-0.241386672189722,0.663401121515774,-0.137652111368625,0.64689033572854,-0.141284677153709,0.661047764554629
"ATP5ME",0.159647290033942,0.952093474531886,0.0692603721951358,0.878905000893612,0.0368151592735496,0.948163156610396
"SPON2",0.614611349677562,0.680936246736474,0.371958817459342,0.652754646020219,0.676102546182417,0.371933782150218
"SLBP",0.338268195221695,0.620497879203569,0.206330874047595,0.566135177186251,0.262060335904139,0.425444726244535
"TACC3",0.0705433715419961,0.969952634197529,0.0952190263133386,0.877819238855688,0.0875754620982588,0.90664230403665
"NSD2",0.0558571122939153,0.962414509086953,0.0438982891203428,0.923054773439819,0.0524879131729407,0.919542522552017
"C4orf48",0.212474401759148,0.96977766296336,0.240244523682035,0.567754820711177,0.301011814503367,0.49710277555272
"MXD4",0.231182682398296,0.684238272206636,0.165802429607135,0.648952690695537,0.196194965847169,0.635630814036157
"ZFYVE28",0.223143823426701,0.906869631745234,0.201189366916237,0.78372757254794,0.247833705198251,0.762694170689092
"FAM193A",0.0290762246310987,0.978731255112132,0.040528889046903,0.891507633403955,0.0406177273425634,0.91093329104767
"TNIP2",0.357843941824359,0.607226415643211,0.289222060604059,0.539909812541728,0.373720719130116,0.360834263201549
"SH3BP2",-0.0275938767518707,0.986243996198961,0.0192673877941828,0.966487133623917,0.00692231230193269,0.990420116511119
"ADD1",0.0413893457171873,0.946978282166981,0.0339445891883772,0.903162098034093,0.0275117147013685,0.939660992233169
"MFSD10",0.374813278825113,0.626910403345555,0.302638043393998,0.539909812541728,0.439453899608885,0.360738283189872
"GRK4",0.288367877163057,0.834869989317809,0.261941102518533,0.647778243729206,0.284050504720216,0.659522181455106
"HTT",0.0820985240421802,0.885213448640826,0.0778471636305275,0.759278023791074,0.0615097851890766,0.860190911861655
"RGS12",0.0347011296106586,0.987676987381042,0.00977917824040737,0.99159047822418,-0.0865722527080401,0.922709833813539
"LRPAP1",0.537633439538084,0.633461558848371,0.35845924246206,0.539909812541728,0.426264128670592,0.426574974407626
"LYAR",0.24292288969259,0.708906209861552,0.201737935148518,0.584590931498796,0.199842276000045,0.612013517456986
"STX18",0.255259241114547,0.654027551099472,0.168071240758508,0.635447363508042,0.159174763647845,0.670041973817201
"STX18-AS1",-0.249665799711317,0.838228110296931,-0.15090270520703,0.829870923265629,-0.221684843974507,0.772663272404715
"MSX1",-0.215385165886151,0.941696666166782,-0.230071029141871,0.731838330994888,-0.427846848252162,0.473493734259366
"CYTL1",-0.548873425809292,0.76063344310174,-0.381464385008805,0.682769929955018,-0.506322732036414,0.617670448466621
"STK32B",-0.566814877538564,0.743988537519481,-0.374462821534301,0.707016966668684,-0.556036153232505,0.560203546352872
"MRFAP1",0.426387893978279,0.871146086444017,0.259555964363667,0.539909812541728,0.343519109739838,0.371933782150218
"S100P",-0.201489686073845,0.987168661761228,-0.17691510299138,0.964780908825714,-0.345037157508315,0.919542522552017
"KIAA0232",0.025894303890932,0.986243996198961,0.00245055988340565,0.995964398344206,0.0483738992012184,0.915782159236744
"TBC1D14",0.140727502024429,0.937120241257205,0.100965434164493,0.877318442258331,0.0973095240745386,0.89675635447082
"GRPEL1",0.208546118517637,0.743641475921582,0.13086422235909,0.707016966668684,0.118881204986332,0.760378264086355
"AFAP1",-0.263658588004679,0.920885507075657,-0.168406387408004,0.892452868202711,-0.244271189722885,0.795852028600715
"ABLIM2",0.0129872780690377,0.993039382491997,0.072669730736236,0.951722449221458,0.171218353319884,0.869793185908311
"SH3TC1",0.214064605651877,0.749564353620836,0.180000342839389,0.616245684561578,0.164104823191621,0.669693275959664
"SLC2A9",-0.197894259797627,0.743641475921582,-0.127683756950836,0.750997063115302,-0.211946042719248,0.562754315836961
"WDR1",0.185881543330201,0.672194521709824,0.102375349233103,0.680554703992045,0.0757071317587843,0.781142374056251
"CLNK",-0.50067852679472,0.809020167851663,-0.503951962908205,0.623206644050332,-0.646698552526341,0.567022984855542
"HS3ST1",0.416018102526345,0.795440606734161,0.399161561804452,0.601554980946672,0.675672167433465,0.345329429507274
"AC006230.1",0.0637741789839314,0.978731255112132,0.0855304835785834,0.901608804473214,0.221023511436916,0.708162756495889
"RAB28",-0.0903661406859463,0.946978282166981,-0.0352395920731631,0.961663698018687,-0.113917679380395,0.844314412133083
"BOD1L1",-0.0572300505676942,0.968662340367089,-0.0455157088769018,0.935848509013914,-0.0700060666630534,0.884817625156155
"LINC00504",-0.366966312251329,0.86918309088418,-0.176462679555841,0.876852691254119,-0.270356782490533,0.803294808525519
"CPEB2-DT",-0.187909867172059,0.937295590475388,-0.116547228278184,0.927320925434697,-0.251631685593499,0.81979060839163
"CPEB2",-0.0714395929692976,0.949591008943738,-0.0963204434195962,0.771102910355608,-0.181013753534044,0.562754315836961
"AC098829.1",-0.681787359204891,0.831586301123345,-0.546529085599719,0.735856182479457,-0.700382172765225,0.639972620212142
"CC2D2A",-0.245068540596756,0.832959266950738,-0.0666862160596314,0.923054773439819,-0.160185516059802,0.809950585876279
"FBXL5",-0.22429304866135,0.743988537519481,-0.176820323115484,0.641159139411334,-0.189937638554583,0.65642344853735
"FAM200B",-0.180708187623491,0.80566295668705,-0.125705357514332,0.632251648616281,-0.183743902645523,0.526483868522985
"CD38",0.492655675251224,0.76063344310174,0.398236125815669,0.636296641810803,0.492237402206295,0.584982212025935
"FGFBP2",-1.24207356759333,0.781913752028351,-0.800451438621024,0.675699955475318,-0.969345667778367,0.611154937429524
"TAPT1",-0.0747498173967132,0.903608037062864,-0.0597799632397232,0.823408681057155,-0.121401411760088,0.666743407027583
"TAPT1-AS1",-0.342127461113312,0.831586301123345,-0.249870721382227,0.779438129722726,-0.336072234621547,0.690076188603555
"LDB2",0.273258447678406,0.923832054749787,0.243601561740727,0.845169358064318,0.219711595184552,0.863071351383996
"QDPR",0.198958902417195,0.824897256535453,0.158669761067207,0.712661164701235,0.260206663204136,0.521835404394511
"LAP3",0.0376288352749456,0.980406997995604,0.03169753280824,0.955161791958022,-0.00133158997538086,0.998801924059983
"LCORL",-0.00677262489100619,0.991594528553645,-0.0279310962454699,0.947522425797012,-0.00539232890266557,0.992015271357945
"SLIT2",-0.379400684973023,0.86918309088418,-0.253343967545245,0.781746921621551,-0.368856877456401,0.672027179989312
"ADGRA3",-0.116959309216346,0.95447944680899,-0.0854390572011422,0.923054773439819,-0.0409830199031854,0.972964360112743
"DHX15",0.0481304587767648,0.962718721338874,0.0365463539490673,0.931884260814257,-0.0203238047506386,0.972048915989614
"SOD3",-0.841010874991067,0.836203256481455,-0.647739411334339,0.703986373319257,-0.826832836842217,0.565693614717533
"SEL1L3",-0.209094267408672,0.819059765462214,-0.158241858061807,0.722454510837134,-0.251733891557489,0.594301230245286
"SMIM20",0.0170042791348183,0.987676987381042,0.0322302510881591,0.94617045595008,0.0638192232533656,0.837429769891498
"RBPJ",-0.120144199849337,0.912259746037492,-0.0753103204771116,0.821444969952453,-0.0998405907823644,0.795852028600715
"TBC1D19",-0.152853218022876,0.882264046366445,-0.0681205691805421,0.910629392283386,-0.145568564886752,0.814173818717257
"STIM2",-0.234892157898993,0.620497879203569,-0.137003025955008,0.614396075881076,-0.193904597626385,0.518056166425906
"ARAP2",-0.0424456311498214,0.965026801109949,-0.0228235354202653,0.961617869252362,-0.0226974773642316,0.963197165494884
"C4orf19",0.10177512284558,0.969952634197529,0.0642935748135409,0.958093966183399,0.00893319340009776,0.995773281816741
"RELL1",-0.192125854112396,0.767397326336059,-0.145533157535208,0.649331678226707,-0.155454390586595,0.617295806842706
"PGM2",0.201561197816363,0.858464683804866,0.16906334818835,0.735512908698436,0.096411209212406,0.848852976435192
"TBC1D1",0.241325364004744,0.744042988862601,0.167494949281441,0.70238198276846,0.126571204745608,0.746823249340331
"KLF3",0.114015764143021,0.903608037062864,0.0835479602766879,0.813747570349955,0.131405397825759,0.702430088102267
"TLR1",-0.130719654574717,0.885213448640826,-0.133706146350585,0.707016966668684,-0.103200022635248,0.794982096568494
"FAM114A1",-0.00390543673588541,0.994700390530767,0.0267118629165693,0.962866185703775,0.11589850586521,0.7842871680125
"TMEM156",0.120842955180419,0.950497705925427,0.0992592296786075,0.885316206297822,-0.145246605725333,0.673601444674556
"KLHL5",-0.00887534758887277,0.989701309603352,0.0144718057798678,0.969401661212156,-0.0631113728263548,0.829309687795442
"AC079921.1",-0.138123316177661,0.937120241257205,-0.00636667317186924,0.994111893424054,-0.0152437637991412,0.989130638310446
"WDR19",-0.239772797030695,0.848228309522531,-0.17306306604228,0.771516803783071,-0.294092296952526,0.627393320038457
"RFC1",-0.0845832558835076,0.891570953693957,-0.0679088643474155,0.821969412788873,-0.0891402835802206,0.780815890200692
"RPL9",0.0880686795050659,0.986243996198961,0.00534872785449971,0.987973601121545,0.0262010751170806,0.950070799817556
"UGDH",-0.219708990104644,0.8256295045224,-0.178698128216736,0.680554703992045,-0.291304081687186,0.512503271974709
"SMIM14",-0.0830085259580282,0.935582707073966,-0.0394923219501372,0.93367376665467,-0.0172234809907589,0.976553737496412
"UBE2K",-0.0206003082723484,0.987232790302631,-0.0118752794453327,0.975958579911476,-0.00454513784493612,0.995031168540369
"PDS5A",-0.131316275983272,0.850765417220173,-0.104740692077558,0.730245999349297,-0.10071669781457,0.76214077234056
"N4BP2",-0.0562836217349339,0.966712918349758,-0.0637298528070431,0.890152476377743,-0.072786011653399,0.83780945723087
"RHOH",0.754996072639229,0.585154410769659,0.532075286787536,0.539909812541728,0.730593253641422,0.241248040103115
"RBM47",-0.0700959774087007,0.947711925014024,-0.0405544194493954,0.899773955112342,-0.0528572031636286,0.883528995898572
"APBB2",-0.383811734533668,0.848228309522531,-0.227478045914396,0.809797830130171,-0.180773711396781,0.863156907206373
"UCHL1",0.178811040303823,0.975727322813314,0.227978453690935,0.834449139647509,0.221968195925097,0.837429769891498
"LIMCH1",-0.013209787482232,0.994202951143564,0.0178030001849914,0.987852510451791,-0.0231902149411286,0.988199008429316
"TMEM33",-0.0147210800267637,0.987676987381042,-0.0610181821161528,0.879318949048446,-0.0231440223731084,0.967198994334267
"SLC30A9",0.0176178416328195,0.987179055001188,0.022462349795666,0.961663698018687,0.0494568079772273,0.891713916146166
"ATP8A1",-0.195883899324279,0.802175895468196,-0.173919593423919,0.696845041771802,-0.216235113461645,0.646743640939101
"ATP10D",-0.213859359201283,0.743641475921582,-0.171955673136265,0.62873374102614,-0.228496462634798,0.552534852329702
"TXK",-0.0549395052118106,0.987232790302631,-0.0382323338326629,0.975940010120607,-0.0985238944980619,0.945137784813934
"SLAIN2",-0.000433720838429706,0.999963380658618,0.0168906129341264,0.974423941231195,0.00881181730508116,0.990323971235893
"FRYL",0.101606600728146,0.897129444505265,0.0691396292204246,0.819651123007178,0.0735085555729543,0.811910017160917
"OCIAD1",0.105588475185731,0.922769589110717,0.0710257148524093,0.885041529327646,0.124685205454438,0.747613075358224
"OCIAD2",0.303114642525161,0.885213448640826,0.17095718432635,0.80103589156145,0.137582943635922,0.853829098635518
"DCUN1D4",-0.0476638857959798,0.969952634197529,-0.0549471633850614,0.893945927996825,-0.0894900587650984,0.844314412133083
"SGCB",0.0227693268787263,0.993039382491997,0.0100453286056634,0.989648351854567,-0.151220820166425,0.818827414401328
"USP46",-0.0564884332189716,0.962718721338874,-0.0150089486862101,0.975178059978425,-0.0217192930634896,0.973942463195293
"DANCR",-0.067718866156318,0.969952634197529,-0.0292422615854323,0.961663698018687,-0.162440335327975,0.663353740204739
"SCFD2",0.0525260911754891,0.968529247878935,0.100132464803034,0.856449746085977,0.135682795251127,0.822669529808433
"FIP1L1",0.180526902882362,0.684238272206636,0.138316234643624,0.641159139411334,0.172791698079831,0.54791419540248
"LNX1",0.522293662420061,0.749912506438151,0.485958806664905,0.576859503928985,0.667467681755197,0.427789007407824
"CHIC2",0.152505098468631,0.840467050491297,0.0973072781000393,0.793266081317201,0.102980980100632,0.795852028600715
"TMEM165",0.0602128556518389,0.946978282166981,0.0530799868169587,0.89006510427368,0.0301457788284653,0.951715326242549
"CLOCK",-0.0945783858007992,0.912249710023291,-0.0519518341931892,0.890152476377743,-0.0288950885621476,0.945137784813934
"EXOC1",-0.00913423353505176,0.989701309603352,-0.0109263327299742,0.976759332932075,-0.0208391947237294,0.969162032696058
"PAICS",0.118459000281211,0.913354702114686,0.117816000874534,0.781746921621551,0.238885029155013,0.492865920176733
"SRP72",0.225606429480995,0.713703084504335,0.150576730720676,0.692050352841508,0.241019765541315,0.439585783675273
"HOPX",0.48487127128531,0.915615419264746,0.249444611795076,0.885316206297822,1.01986851416779,0.454646209978998
"REST",0.105995489852946,0.880798283443905,0.0678616102333555,0.853487368031466,0.116590406283244,0.719114764621006
"POLR2B",-0.0843327749292944,0.922573211693604,-0.0606842823928264,0.877349794479147,-0.0770851879534421,0.852402427152772
"IGFBP7",-0.0800706557573044,0.987381297202584,-0.104011307284848,0.947522425797012,-0.385264960740126,0.676558239680475
"ADGRL3",-0.414107181884428,0.926058247355641,-0.305283408721651,0.867775140580767,-0.440886607863837,0.741119781734964
"LINC02232",-0.213614963823094,0.945421051661546,-0.196881742323703,0.848354605388932,-0.314052944917637,0.749809560242555
"AC104806.2",-0.338904650484783,0.888570841393027,-0.311841593275847,0.79501289785789,-0.470602385109621,0.723116381892166
"CENPC",-0.100233923888204,0.850765417220173,-0.0911519488107261,0.717278133633584,-0.0713426410550713,0.795852028600715
"UBA6",-0.0651201604996074,0.945421051661546,-0.0726878304338028,0.823141670358777,-0.0763524945270832,0.83780945723087
"UBA6-AS1",-0.140995729480852,0.937120241257205,-0.161103234972734,0.781746921621551,-0.214355976008152,0.737870328721417
"YTHDC1",-0.0235215752070424,0.986243996198961,-0.0444125808361199,0.893945927996825,-0.0972547803438124,0.76214077234056
"SULT1B1",0.00707171931658021,0.995347119192698,-0.0292800769758851,0.975491710400042,0.00169609513461775,0.999155714450675
"RUFY3",0.0201095281095598,0.986243996198961,0.0209056539482089,0.959082908386949,0.0358399872245189,0.930490205989391
"GRSF1",0.0823391832849493,0.908458190058852,0.0597257272063554,0.865887045284762,0.0932161734129033,0.760378264086355
"MOB1B",-0.300438514413042,0.620497879203569,-0.212714625677981,0.539909812541728,-0.282276291862706,0.422806078163613
"DCK",-0.0856005217400175,0.968662340367089,-0.101877727562882,0.888295185891501,-0.168310891149198,0.768245000954006
"ANKRD17",-0.0108566319426889,0.987676987381042,0.000407325941110022,0.999188751903088,-0.00323649981486838,0.99504417436632
"AC053527.2",-0.604497544156402,0.69016169664673,-0.4477979867145,0.649217809442069,-0.673564685792337,0.409032030750506
"CXCL8",-0.430006407721989,0.885191732662021,-0.333896377168791,0.74557626285337,-0.462377220560411,0.611154937429524
"CXCL1",0.0121676322999333,0.994202951143564,-0.0475862354598806,0.96668416533004,-0.120510403052927,0.914685256526293
"CXCL3",-0.202590725621777,0.956189059517408,-0.131355336835818,0.914172578664351,-0.166806006685906,0.883528995898572
"CXCL2",-0.0672328317019319,0.987060796028084,-0.084214885309636,0.941264598661626,-0.111584878833565,0.917407534210067
"MTHFD2L",-0.215177556845341,0.78216388715191,-0.128301669100999,0.736044434233638,-0.189856466777284,0.651784235801037
"EREG",0.2152576593429,0.949591008943738,0.0734387775473066,0.95565153722071,0.209088365600232,0.83780945723087
"AREG",0.306554833486174,0.937295590475388,0.311061319480943,0.781746921621551,0.641661760216786,0.521835404394511
"G3BP2",0.170797484483858,0.782347688269215,0.127801304768504,0.680554703992045,0.1370140998459,0.669670035570073
"USO1",-0.0338091022719973,0.970083113674839,-0.0119156264985722,0.975491710400042,-0.00322578894123899,0.995252373580312
"NAAA",0.279065784561747,0.620497879203569,0.219993136455438,0.539909812541728,0.301697661681115,0.360834263201549
"SDAD1",-0.0168736890242328,0.987232790302631,-0.0208648530297079,0.961663698018687,0.0219043509248981,0.957562802791205
"CXCL9",0.0472111381773489,0.989020511532505,0.0216820996778673,0.989648351854567,-0.0398283303533175,0.988199008429316
"CXCL10",0.0815570009768981,0.986330893234285,0.00286665985604171,0.998499665775541,-0.0520425783371875,0.973942463195293
"CXCL11",0.652860149962441,0.871146086444017,0.348686717472465,0.825928810266268,0.332651409379504,0.862601795381755
"SCARB2",0.147728207919987,0.795440606734161,0.0721831580591832,0.78899809665405,0.109157359249388,0.685511798317414
"SHROOM3",-0.491466562773274,0.912259746037492,-0.310406888243913,0.865887045284762,-0.413666099285691,0.792645670335483
"SEPTIN11",-0.0142278312498742,0.987676987381042,0.0262107949605431,0.961617869252362,0.000185427617864475,0.999773668548514
"CCNI",0.13518581288312,0.903608037062864,0.0974522404678121,0.833312333476619,0.164893224313186,0.692443850386734
"CCNG2",-0.269181917201922,0.825132861502703,-0.26840670934515,0.567636892317067,-0.443111931927105,0.259680302569623
"CNOT6L",0.0981980481419514,0.882264046366445,0.0380608538661709,0.901553497791501,0.0788727265021595,0.780751017655569
"MRPL1",-0.150965525347175,0.850765417220173,-0.0917861794870927,0.820756688134211,-0.0825825815349776,0.851564929770219
"FRAS1",-0.782105086806545,0.830368961159877,-0.6496189569089,0.684666089327022,-0.840717556833393,0.467293994161082
"ANXA3",0.282785144818069,0.943083225919622,0.209353674021052,0.868346873746697,0.0884936360763884,0.951715326242549
"LINC01094",0.0419924304613187,0.986243996198961,0.0138294277578713,0.981580635040761,0.0537773002251278,0.943881128460943
"AC098818.2",-0.18263769862295,0.871146086444017,-0.133032483902503,0.78785297839852,-0.274898237598567,0.503188932768188
"BMP2K",-0.167947074089317,0.903608037062864,-0.145140573572093,0.781746921621551,-0.237317604323505,0.675352275574551
"PAQR3",-0.33126907911441,0.842774473190308,-0.192303031469731,0.825928810266268,-0.244368592075238,0.807005377837559
"LINC01088",0.102306925272875,0.969952634197529,0.122988776487355,0.894513115932639,0.125544258040643,0.890302852589695
"ANTXR2",-0.387407122189862,0.699974023329324,-0.2368790019123,0.64689033572854,-0.278599121403066,0.626468217465442
"RASGEF1B",-0.0620210200315301,0.986330893234285,0.00306447616655077,0.996049574432636,-0.00955676824799794,0.990470085107491
"HNRNPD",0.0699772658956356,0.943454646328941,0.0344205651577142,0.941485840879694,0.0197329459829469,0.96749032534522
"HNRNPDL",0.0936645108439799,0.921280735030403,0.0613953440887032,0.877308798401169,0.0703846138890979,0.851747081476023
"TMEM150C",0.652812489696475,0.76063344310174,0.53248839757944,0.635990683333229,0.822525777466385,0.468140187860629
"SCD5",-0.329194122538015,0.868718202741141,-0.220736542215102,0.784794565990796,-0.295990499036263,0.740850861189192
"SEC31A",0.0313623796368553,0.975727322813314,0.03110161472161,0.936853564395437,0.0699701094877756,0.831307362146468
"PLAC8",0.692051729845221,0.607226415643211,0.473325701363974,0.539909812541728,0.573608355275621,0.42463556256099
"COQ2",0.277370902457886,0.743988537519481,0.191129834049521,0.700576833586673,0.216122261707809,0.65642344853735
"HPSE",-0.0950001259400941,0.974501079126411,-0.0835971801237653,0.940619548176605,-0.176273155521735,0.863062526960631
"MRPS18C",0.0517439768387985,0.975727322813314,0.0259727392777353,0.953950398414795,0.0325019326007185,0.943978301924551
"GPAT3",-0.520024653343376,0.794138154549402,-0.313215989568047,0.708900705627479,-0.65618434072894,0.268918420505112
"WDFY3",-0.150461599684131,0.80639712903851,-0.104401115775109,0.717414870888019,-0.160968648343738,0.58016139300506
"ARHGAP24",-0.0214270220791406,0.987676987381042,-0.0482343803222919,0.93367376665467,-0.0728897831573274,0.900216596874957
"MAPK10",-0.148553794827636,0.947711925014024,-0.0706658393758662,0.95050569742153,-0.0460033593162986,0.971911262933349
"PTPN13",-0.260773909560642,0.908504361694798,-0.182894062780232,0.813747570349955,-0.20527392009225,0.822669529808433
"AFF1",-0.182713443503416,0.790872788088734,-0.148536774389687,0.638613914919712,-0.185064988796475,0.562754315836961
"KLHL8",-0.0725435514348369,0.945421051661546,-0.0687982735730101,0.875077046802286,-0.0730954191071349,0.875894520613834
"HSD17B11",0.0974544644930476,0.937295590475388,0.05823335615916,0.923108484360897,0.12003564051046,0.801143625969714
"NUDT9",0.202990925907602,0.743988537519481,0.156507967541567,0.659515997388856,0.195720579479694,0.593789461872016
"SPARCL1",-0.314433250972115,0.947711925014024,-0.304219979607175,0.875381848280962,-0.492722833704588,0.756258027422061
"AC093895.1",-0.418186692437848,0.964792346825516,0.175005038133806,0.963632023564318,-0.027163770804615,0.995952806686825
"IBSP",1.25086017143979,0.863283423432487,0.811333945276537,0.813747570349955,0.775318746449375,0.830427113185978
"AC131944.1",-0.0759119522833123,0.987676987381042,0.180488876851159,0.93421701188218,0.0873155983765819,0.973942463195293
"SPP1",0.880937023042216,0.667130010426893,0.719438694592709,0.565951168967911,0.758648453083788,0.538950023623525
"PKD2",-0.041149900893592,0.975727322813314,-0.0487090088269715,0.925773221047207,-0.102081004359117,0.849373642506184
"ABCG2",-0.294889023259676,0.895362634494784,-0.0898232460978932,0.933635143715048,-0.207744963500219,0.834800523327559
"PPM1K",-0.0269893050905786,0.987168661761228,-0.0247903757241897,0.963632023564318,-0.0816893343069137,0.85113982769777
"HERC6",-0.0432988842411839,0.987232790302631,0.00149539572394425,0.998847327855682,-0.016193349878723,0.989193131684562
"HERC5",0.182160379855016,0.937925320066869,0.0867420820042843,0.921322498525649,0.0697652245878225,0.945137784813934
"PYURF",0.174956590286572,0.963914153263676,0.0934870971157631,0.788738008805858,0.108801502146159,0.733792358252607
"HERC3",-0.0700713119580736,0.935853944284842,-0.0599577533361135,0.875077046802286,-0.0567116226240823,0.876464004211119
"FAM13A",0.0618927552316132,0.973305994881223,0.00465365420169551,0.994111893424054,0.0435432022793559,0.946888849990106
"GPRIN3",-0.120694207702316,0.908458190058852,-0.0945314792110552,0.823141670358777,-0.120560510696809,0.794594005599009
"SNCA",-0.0951623928912322,0.957608581799535,-0.0382858295264145,0.961732451996458,-0.158296411547093,0.737832393878934
"MMRN1",0.0768169012886284,0.989020511532505,-0.0861909259950552,0.975491710400042,-0.701593551642949,0.745479749789988
"CCSER1",-0.244044311179619,0.889965930346834,-0.202394660806971,0.822676900138609,-0.315465744561405,0.746179584062355
"GRID2",-0.0738378197208354,0.987676987381042,-0.145658143484364,0.954054671197777,-0.181022085890978,0.943665754096722
"SMARCAD1",-0.222702627514793,0.740956428327799,-0.164850445400858,0.675699955475318,-0.198269749547118,0.633281215414405
"HPGDS",0.0972076793248396,0.975333653661194,0.073113129218144,0.956240560346755,-0.16121628837567,0.859452932536531
"PDLIM5",0.0727988562613613,0.943083225919622,0.0557694855841973,0.891507633403955,0.0341074124675371,0.947461899087776
"STPG2",-0.327377569812585,0.86918309088418,-0.166250034790074,0.894114216309383,-0.284615368592627,0.793625327932078
"RAP1GDS1",0.0533882855473998,0.958007726819188,0.0485120527960224,0.900660505935413,0.0997600749320218,0.795852028600715
"TSPAN5",-0.0453222531608945,0.987676987381042,0.00102025082855471,0.99967840875972,-0.0905128958594177,0.924094511655778
"EIF4E",-0.14047994645709,0.935752785326103,-0.100530194338468,0.879318949048446,-0.163700566962304,0.733140110303463
"ADH5",0.30889533412282,0.866886249963332,0.157176593472666,0.713246135769724,0.177498046718838,0.664639500351045
"AP002026.1",-0.441379708181182,0.836203256481455,-0.325004303187873,0.761247178146483,-0.487613518144113,0.631383103629534
"DAPP1",0.0120708899150935,0.989701309603352,0.0133271405188779,0.976831570536172,0.0302931992311591,0.955253064145895
"LAMTOR3",0.0753716226813,0.949591008943738,0.0567234394399631,0.914172578664351,0.0158048869616232,0.979207899684523
"DNAJB14",-0.0156726197062637,0.987232790302631,-0.0112881003844129,0.975491710400042,-0.039293333099293,0.923299180995747
"H2AFZ",0.00260777071043126,0.999861953973754,-0.0107240692720484,0.981580635040761,-0.11290419986842,0.78436051160303
"AC097460.1",-0.465345925823019,0.748129736295606,-0.302415568844686,0.700576833586673,-0.516798564922794,0.477953424986133
"PPP3CA",-0.116832785588819,0.910584415744043,-0.0972663261755932,0.781441122744418,-0.080641351932893,0.848852976435192
"BANK1",-0.341102019669091,0.882264046366445,-0.161943337508367,0.882796185416272,-0.32196587204455,0.723116381892166
"SLC39A8",-0.140412165687766,0.937295590475388,-0.036412544252988,0.961732451996458,-0.0261602026198611,0.975167068916286
"NFKB1",0.0207766148550944,0.987676987381042,0.0224256243389025,0.965741834761312,-0.000152182230564359,0.999773668548514
"MANBA",0.0452531355414949,0.967203858991469,0.0423926787463481,0.916199047574657,0.0855328938023906,0.823409505546055
"UBE2D3",0.215770547566812,0.756024783939142,0.150382883935393,0.647778243729206,0.174367216559815,0.627216971922475
"CISD2",0.238389428900347,0.794910857306378,0.175263981029358,0.712661164701235,0.26845381339673,0.582307005982188
"SLC9B2",0.197362875494578,0.945421051661546,0.157168952839655,0.8843628398733,0.167062766311462,0.893718814106452
"BDH2",0.184107293892235,0.951610900208567,0.0955510284846129,0.833086038015381,0.147845676202797,0.750059973571622
"CENPE",-0.20918760534369,0.892493825858867,-0.118931830002493,0.868346873746697,-0.0472407021498166,0.955253064145895
"AC004069.1",-0.586613614605375,0.684238272206636,-0.427130028885887,0.602584390525497,-0.575106547862935,0.376391918003978
"TET2",-0.0786204205850222,0.937120241257205,-0.0634214567572496,0.864742356481094,-0.118829177266835,0.708162756495889
"PPA2",-0.0750602040667444,0.946978282166981,-0.0570726051025017,0.906065847573787,-0.116806343557986,0.732182402937651
"GSTCD",-0.215989339929923,0.76063344310174,-0.153937709273285,0.703851799611006,-0.21427446982647,0.63143215869396
"TBCK",-0.15149499361412,0.86918309088418,-0.104134919055061,0.848354605388932,-0.0820206348740305,0.900216596874957
"AIMP1",-0.0610359913552815,0.946978282166981,-0.058312156637711,0.872107878894087,-0.0260899859830796,0.955892342072672
"DKK2",-0.00354680456308092,0.999252748948143,0.0500568184342415,0.971524995429752,-0.0364625289024413,0.980989191776043
"PAPSS1",0.00213835218776769,0.997328968740243,0.0290282841582361,0.95565153722071,0.0468612687118887,0.921388739958762
"SGMS2",-0.11637865359287,0.958149966463211,-0.102257833855879,0.897123059066415,-0.0738089451621922,0.899181418189796
"AC096564.1",-0.382708084039663,0.760525650507902,-0.260782596003318,0.732900498693472,-0.41425747701597,0.613226027482647
"CYP2U1",-0.101371982512543,0.975727322813314,-0.133287229493408,0.787285299040374,-0.0889851537371872,0.880911840026368
"HADH",0.302284752334109,0.720908775261095,0.206692545565468,0.675806956804428,0.272145610814079,0.534389644897746
"RPL34",0.0257212234865841,0.990850390543415,-0.0517663541956639,0.916199047574657,-0.0475408678573015,0.934890182573882
"OSTC",0.200478150937625,0.89857850100084,0.101383843861438,0.833312333476619,0.183875060200459,0.641515814869831
"SEC24B",0.0121371652266717,0.987676987381042,0.00676009701727655,0.982567521584643,0.00282329199689197,0.995952806686825
"MCUB",0.364667552270534,0.635362086335881,0.298452188879106,0.539909812541728,0.305076271165881,0.416337165345633
"PLA2G12A",-0.0458837514571422,0.96362700941351,-0.0126030719743149,0.972626641981822,-0.0106890694383019,0.979218528186553
"CFI",0.807446853956304,0.805297296612406,0.565781272757625,0.655885041836434,0.548836117720555,0.676872191446192
"FAM241A",-0.0413970064881525,0.978731255112132,-0.00407388852399153,0.991599085914501,-0.0546472641305127,0.893999230675575
"TIFA",-0.0239261492634784,0.987676987381042,-0.0863598124930683,0.885041529327646,-0.140220641406167,0.751308190341835
"ALPK1",0.00377445843452665,0.994700390530767,0.00287302791785059,0.995964398344206,-0.0201945332557632,0.976901867362516
"LARP7",-0.110852886534325,0.89581571367435,-0.0880677657135294,0.805113131384244,-0.105210929059299,0.783267212861772
"ANK2",-0.291200508906779,0.916339396900937,-0.197103617344444,0.865887045284762,-0.281150705879292,0.802467511404704
"CAMK2D",0.0935255145799516,0.917858459129911,0.0758773549492207,0.812637158088117,0.014503084349921,0.976949166476538
"UGT8",-0.610344884628003,0.86918309088418,-0.456492068524962,0.756801218738335,-0.584238436988478,0.669048446657744
"SNHG8",-0.176275581178918,0.898622648526422,-0.142483872688246,0.708760527632081,-0.256858067669385,0.427789007407824
"SEC24D",-0.0423629515217306,0.969952634197529,0.00405899094569556,0.99159047822418,-0.00886948770876606,0.988199008429316
"SYNPO2",-0.343430601451524,0.891164357084993,-0.203927333264775,0.868346873746697,-0.326352554322011,0.565699562145283
"MYOZ2",-0.157011977402014,0.969952634197529,-0.0453489316190148,0.975940010120607,0.013553920895402,0.99504417436632
"USP53",-0.165540253771682,0.937120241257205,-0.149814314348462,0.833312333476619,-0.278622333962839,0.655796142154467
"C4orf3",0.289827280665674,0.91894813655846,0.153218784091465,0.675615236715404,0.155876728702047,0.617670448466621
"PDE5A",-0.117612188331157,0.968190410187967,0.0348989054548923,0.977399313998974,-0.0374503196105848,0.979207899684523
"MAD2L1",0.177176468743434,0.954157865532933,0.109766564499047,0.882224304734097,0.109835387259448,0.892914964963681
"AC073475.1",-0.208514606688903,0.863283423432487,-0.120412178408609,0.888509687831256,-0.167376449103102,0.857083876582248
"TNIP3",-0.000284884723762298,0.999963380658618,0.00241552304488042,0.998847327855682,-0.00632571878552645,0.997315950306238
"ANXA5",0.333585098069912,0.725197208420541,0.233262833490167,0.58453580524573,0.276627251379493,0.518056166425906
"CCNA2",0.076633737900211,0.984220501986375,0.143039085370361,0.893316955162768,0.0871199165753404,0.945137784813934
"KIAA1109",-0.0501926792021613,0.962718721338874,-0.0719893974133597,0.823141670358777,-0.107108145221953,0.737911625244294
"FGF2",-0.0896899219595598,0.987168661761228,-0.083375121548222,0.96277084031199,-0.178318865058733,0.895129952148091
"SPATA5",-0.0804558158418325,0.937295590475388,-0.03087729171789,0.960450451875729,-0.0403739009086922,0.949539020553317
"SPRY1",0.181455782452826,0.945421051661546,0.110972060654915,0.925472853619315,0.0510919570325509,0.974684551184762
"LINC01091",0.135530467091077,0.986243996198961,-0.00332903860318752,0.998852111567446,-0.101926915406844,0.967198994334267
"ANKRD50",-0.165562492495352,0.85325053155458,-0.147875769347331,0.681071901012335,-0.190645278031645,0.649967003798859
"INTU",-0.336731007173588,0.704988306651163,-0.199188424980407,0.67476276761169,-0.243183373533439,0.639972620212142
"HSPA4L",-0.0826638931531202,0.978731255112132,-0.0358836126532701,0.973587280964195,-0.145978297150137,0.85500379784052
"ABHD18",-0.129031884608464,0.842774473190308,-0.0696607808349009,0.855247937797739,-0.0905587386470255,0.822412053739223
"LARP1B",0.0501428890274772,0.962718721338874,0.067255994356114,0.845608808750541,0.0717947157668494,0.853526164117401
"PGRMC2",0.092899416377208,0.903608037062864,0.055661105765164,0.865887045284762,0.0703867579894281,0.83780945723087
"JADE1",-0.0528667094921573,0.969847956577813,-0.0259801481169604,0.962949268625378,0.0225266579087425,0.973878594622367
"SCLT1",-0.204054611273735,0.673178229882399,-0.130257382911454,0.662968147963699,-0.193356943521304,0.549237887780251
"PCDH10",-1.30592482550492,0.620497879203569,-0.916837508012569,0.539909812541728,-1.20033741197353,0.360738283189872
"SLC7A11",-0.577166069728863,0.794910857306378,-0.39823858629589,0.711331071049251,-0.492657346072618,0.671725003276423
"ELF2",0.0213240383466218,0.987676987381042,-0.00842521693705946,0.981580635040761,0.0360437972954708,0.922709833813539
"NDUFC1",-0.00310323521760602,0.999712449547403,-0.0214596821192658,0.956240560346755,-0.0514893088225962,0.89063093031718
"NAA15",0.0229686909734483,0.987060796028084,0.0204533478383333,0.963675564531743,0.0120458648931275,0.980766459646602
"AC097376.3",-0.232843118629184,0.700393778780536,-0.147961328156736,0.655885041836434,-0.188880933325145,0.526483868522985
"SETD7",-0.156231187758774,0.842774473190308,-0.129612038453628,0.707016966668684,-0.231855942758913,0.518056166425906
"MGST2",0.0104427969549547,0.990850390543415,0.0310134778373292,0.95449560049921,0.0620761411560678,0.891055840715954
"MAML3",-0.172052188643017,0.729204634678015,-0.0975900144216912,0.692169833709813,-0.155779383433898,0.553359514148576
"SCOC",0.10933726865919,0.968662340367089,0.0238962612447991,0.963675564531743,0.0968718305108105,0.837429769891498
"TBC1D9",-0.216535475384067,0.743641475921582,-0.173617920851371,0.616245684561578,-0.270651568233689,0.455729469688749
"RNF150",-0.339844760031702,0.915615419264746,-0.219774445206182,0.882224304734097,-0.364637437723437,0.756877884706686
"ZNF330",0.00297693185550029,0.994202951143564,-0.00704512822276325,0.982567521584643,-0.0331394690052371,0.934987236994112
"LINC02432",0.160587297667874,0.975727322813314,0.128465850805822,0.950352759818587,-0.168889845043021,0.918430377076416
"IL15",0.234382329602774,0.756024783939142,0.173463203137098,0.703986373319257,0.238917560752211,0.54316517853099
"INPP4B",-0.260909183246976,0.871101737531254,-0.25892839165304,0.726008162470312,-0.239413457828924,0.761421121087099
"AC104596.1",-0.0965199283666194,0.978731255112132,0.0209803425447395,0.9861665900331,-0.0295298767470351,0.988199008429316
"USP38",-0.0177232936876163,0.987676987381042,-0.0484790242604114,0.915782319260146,-0.125269256375323,0.68768317588084
"GAB1",-0.12553013098085,0.913005767373679,-0.127363519192275,0.777605663903616,-0.16263648300994,0.746179584062355
"SMARCA5",0.0855430003489444,0.923602803613446,0.0504688170177476,0.896898631362009,0.0379861753236757,0.938766652604252
"ANAPC10",-0.0679499970371344,0.959248300621966,-0.0387549371941307,0.950756828849506,-0.107937127140924,0.812456792848887
"ABCE1",0.179541664399303,0.840467050491297,0.116878018779189,0.792119220424349,0.144672232732976,0.719114764621006
"OTUD4",0.0943182244644358,0.906869631745234,0.0572793344076643,0.878340184429724,0.0220438640981528,0.963024732493286
"SMAD1",-0.31347663592537,0.905660137405531,-0.16276178269396,0.894517902507167,-0.0918803048404162,0.951211092216974
"ZNF827",-0.622821984407509,0.847763278066247,-0.445456231752786,0.765736298613192,-0.519868677004556,0.747613075358224
"LSM6",-0.0126008924468454,0.990850390543415,-0.0446927561842956,0.938692122642555,-0.00269775522407127,0.997113640321465
"SLC10A7",-0.377265843836488,0.680936246736474,-0.277407732541207,0.635447363508042,-0.307592861148868,0.604738049252398
"TMEM184C",-0.261529962497245,0.633461558848371,-0.166221541392444,0.617698893049793,-0.168377088647762,0.654981163045593
"PRMT9",0.165155205968082,0.912259746037492,0.156752479034324,0.790067916621749,0.202392546826572,0.732182402937651
"ARHGAP10",0.130014203118871,0.952676354135022,0.196191002023444,0.758268005486744,0.3169613597229,0.607360753037761
"NR3C2",-0.48586768494832,0.672194521709824,-0.326719274328309,0.669417178610508,-0.473413704149365,0.510146919208901
"LRBA",-0.000102792788254921,0.999963380658618,0.00707762091011765,0.987852510451791,0.0250814115848812,0.972048915989614
"RPS3A",0.226279131073338,0.946978282166981,0.110502298075818,0.781746921621551,0.170700802299617,0.598801790751149
"SH3D19",-0.182236704838589,0.935853944284842,-0.0933152598089696,0.933850507025293,-0.187678927147198,0.837429769891498
"FAM160A1",-0.84241109513264,0.677584570772595,-0.572653035429552,0.676209031988616,-0.901580078011994,0.489452461082674
"GATB",-0.0407071576017991,0.983385812283737,0.0284685433242943,0.951921041926033,0.0226219224610408,0.970471175880853
"FBXW7",-0.0127761031881796,0.987676987381042,-0.0206767430573766,0.961663698018687,-0.0652871320037515,0.855433907472701
"AC023424.3",-0.0636591514844657,0.986740807946813,0.0707907919413914,0.964449850757238,0.234883265473389,0.883528995898572
"TMEM154",-0.347056552935509,0.834896462424035,-0.310966225885191,0.682769929955018,-0.450838571899618,0.584982212025935
"ARFIP1",0.138025949043485,0.923602803613446,0.107762041956431,0.868346873746697,0.140255371206605,0.848852976435192
"FHDC1",0.108059043287567,0.986243996198961,0.0933808796894244,0.945887491986644,0.00672506218045039,0.997113640321465
"TRIM2",-0.509600055655894,0.834896462424035,-0.392793490547114,0.712661164701235,-0.574414199042772,0.560203546352872
"TMEM131L",-0.209479213940677,0.790872788088734,-0.147610741917781,0.707054072340348,-0.142750084610146,0.749855507789531
"AC106865.2",-0.265642774549177,0.911641919586937,-0.130596690420307,0.909513979278938,-0.0914674779486553,0.938245432373051
"TLR2",0.0555692318776334,0.975727322813314,0.0365502344155443,0.962709575889519,0.158760068610681,0.749292653756677
"RNF175",-0.600023179776725,0.629371590198601,-0.38659335795427,0.6118955526808,-0.478996768651033,0.510146919208901
"LRAT",-0.382136051927212,0.923602803613446,-0.262645652961863,0.766609082576973,-0.403516766269587,0.611154937429524
"MAP9",0.122599697650506,0.975195695221014,0.0786483116741622,0.901553497791501,0.124304894307421,0.844314412133083
"GUCY1A1",-0.0384091553988696,0.987676987381042,-0.0522172298583111,0.964780908825714,-0.146942503443582,0.902643232023022
"GUCY1B1",0.17410669862946,0.961059654169002,0.10210183222315,0.945887491986644,-0.0382280493332315,0.981938514455922
"CTSO",-0.212044932366337,0.727274673816588,-0.154189528295343,0.617698893049793,-0.157690810219147,0.628719301812436
"PDGFC",-0.126884467880333,0.903608037062864,-0.0499640678895005,0.923054773439819,-0.0730049938750532,0.869793185908311
"AC084740.1",-0.330522225913055,0.945421051661546,-0.178716263309636,0.930260159537447,-0.331627127163178,0.850173416597071
"GASK1B",-0.026554222273368,0.989020511532505,-0.0847436381414877,0.832809995674351,-0.150353693558832,0.72114752113053
"FAM198B-AS1",0.271869002823322,0.847164208899954,0.242837928975531,0.707016966668684,0.223445417550064,0.763653082700191
"TMEM144",0.171243747751757,0.871146086444017,0.127214557672606,0.781153062887919,0.0786073765915812,0.876952946308714
"ETFDH",0.0251700096189809,0.986243996198961,0.016768603706584,0.967149837859175,0.0261108841577419,0.957562802791205
"FNIP2",0.34751039816269,0.708906209861552,0.214282361890034,0.660236113755287,0.229340435045463,0.65642344853735
"RAPGEF2",0.0496583920656261,0.986243996198961,0.0326274717968908,0.972633302354072,0.00293462262382339,0.997113640321465
"NAF1",0.408546552527404,0.620497879203569,0.320136191379947,0.539909812541728,0.371343295190619,0.44942468992586
"TMA16",-0.153478790888925,0.847763278066247,-0.113431913029171,0.763807426580721,-0.131177345035502,0.768245000954006
"MARCH1",-0.258712023362981,0.663974594664865,-0.1865280198997,0.58453580524573,-0.186744913228476,0.617670448466621
"TMEM192",-0.129388461685279,0.782347688269215,-0.0882815841344687,0.70238198276846,-0.126475630646271,0.633281215414405
"KLHL2",-0.0723679788990055,0.94640054668399,-0.0548365766367921,0.901553497791501,-0.0725526755280504,0.885309828045233
"MSMO1",-0.362834185549895,0.871146086444017,-0.299502184141151,0.565951168967911,-0.409710712939003,0.430331057882329
"CPE",0.481162915163118,0.903608037062864,0.263944342217608,0.872107878894087,0.130155124338351,0.922709833813539
"DDX60",-0.00526389342153294,0.994700390530767,0.0153457663774867,0.980763950104783,-0.00981969365155051,0.992015271357945
"DDX60L",0.0838457147851232,0.958007726819188,0.043549115966587,0.947522425797012,0.0244781332165705,0.976901867362516
"PALLD",0.203089413367357,0.833686082887391,0.126175613436337,0.76807261540306,0.15427000957704,0.756877884706686
"CBR4",-0.179300812615138,0.832141824288918,-0.1147433652408,0.781746921621551,-0.0670915310258386,0.895976049649057
"SH3RF1",-0.235382168677468,0.852514263136765,-0.179648992835466,0.728626054491622,-0.155587954782179,0.79074754214483
"NEK1",-0.147300050866181,0.831586301123345,-0.0745032037276312,0.820756688134211,-0.0805266524395196,0.82924665755452
"CLCN3",-0.0549936747545978,0.945421051661546,-0.0394043370092753,0.905296396015766,-0.0494336545068828,0.902419045647928
"HPF1",-0.108203016842151,0.921745497785775,-0.0733084606653453,0.868420307355323,-0.0550129861413517,0.91241011258695
"GALNT7",0.0214709912496259,0.987232790302631,0.0117500221673688,0.980000233091819,0.0518341238892519,0.918792465545707
"HMGB2",0.10590693498312,0.947261053507097,0.0254157845123665,0.971765814093087,0.0405303646812784,0.955504385831616
"SAP30",0.136971810812514,0.951610900208567,0.106305358025651,0.908487932460696,0.107416307574581,0.916996650945138
"SCRG1",-0.117612059737353,0.969952634197529,-0.0486010149101777,0.971939469693547,0.153651097926449,0.900216596874957
"AC093849.4",-0.229787775636379,0.904494265063236,-0.183319938615322,0.833086038015381,0.00595272191912952,0.99673835156956
"HAND2",1.13632397091785,0.858670945420424,0.996953443525945,0.707016966668684,0.808960976444525,0.732182402937651
"HAND2-AS1",0.360962283818792,0.943083225919622,0.352131589247125,0.835332246194855,0.230953347502421,0.845757444477371
"HPGD",0.566270165972129,0.903608037062864,0.480009156859784,0.790067916621749,0.738854639279206,0.668846097638562
"GPM6A",-0.914575232410026,0.780452763710479,-0.605634662953173,0.69275266410881,-0.759048571579911,0.526483868522985
"WDR17",-0.4771207588578,0.773839354078259,-0.252909919127588,0.779117741632649,-0.373551308897728,0.685511798317414
"SPCS3",-0.023990422301362,0.987165551409643,-0.0554794122587484,0.885041529327646,-0.0594065440820195,0.883490407405661
"AC078881.1",-0.0991159961061984,0.95867628166691,-0.0584601075476533,0.96277084031199,-0.0739354054789512,0.955253064145895
"TENM3",-0.717364749779486,0.848228309522531,-0.477235445309985,0.806409740187469,-0.661067514086833,0.684351540774242
"WWC2",0.0206096064869861,0.987676987381042,0.00179459899177678,0.996322269070203,0.0457203385456959,0.922709833813539
"CDKN2AIP",0.106626455560054,0.958007726819188,-0.0096970406768757,0.982567521584643,-0.0410490146879888,0.938766652604252
"ING2",0.259524473860715,0.903608037062864,0.100569700207377,0.730245999349297,0.0649681554627282,0.851207358141116
"STOX2",-0.679010515019996,0.863283423432487,-0.460239517356213,0.807917837312275,-0.614819227154017,0.666696927518615
"ENPP6",-0.184117425115913,0.956189059517408,-0.161321925274727,0.895762048938093,-0.285410583645223,0.82924665755452
"IRF2",0.0065333090512886,0.993039382491997,-0.00492616705774004,0.991602015153698,0.0348689893991204,0.950144594039427
"LINC02427",-0.391161795160782,0.891570953693957,-0.240217281341283,0.839806827180451,-0.341538528364792,0.774544852909099
"CASP3",0.0134627045066535,0.990140623419615,-0.0328266957771945,0.961083985064568,0.00595301548799642,0.993410292546677
"CENPU",0.137628176960231,0.946978282166981,0.0832249734926995,0.925773221047207,0.120254093093307,0.883528995898572
"ACSL1",0.152176317422347,0.937120241257205,0.105786728622874,0.879318949048446,0.150761505424071,0.831291397157077
"AC084871.1",-0.31049561207937,0.891570953693957,-0.168751704657872,0.865887045284762,-0.312467425079666,0.729309537435849
"MIR3945HG",-0.184448238611616,0.92417531528931,-0.102545135520811,0.894383547354664,-0.0613841109587639,0.945137784813934
"SLC25A4",0.298573199558464,0.874838929100483,0.220051483258252,0.566135177186251,0.244050246350111,0.49710277555272
"CFAP97",-0.0398437370555395,0.968529247878935,-0.0158968506246621,0.970528775251263,-0.0071272027761335,0.990095306124048
"SNX25",-0.0124554536142169,0.990850390543415,-0.040736436169427,0.951722449221458,-0.108259606422182,0.853829098635518
"ANKRD37",0.303713196812229,0.759826927228271,0.198025885942371,0.614396075881076,0.181575452519691,0.643946550076799
"UFSP2",-0.171460541492792,0.743988537519481,-0.12301039083279,0.638613914919712,-0.137036575383616,0.642621820653838
"PDLIM3",-0.0655408492624072,0.987676987381042,-0.140095807039596,0.923493171039234,-0.247226584721927,0.837429769891498
"SORBS2",-0.699235961635744,0.837836391925067,-0.505012437443014,0.707016966668684,-0.634098941506013,0.58165534048094
"TLR3",0.190796121797853,0.903608037062864,0.0908709672341812,0.867775140580767,0.106437801759473,0.834129496117615
"FAM149A",0.359884735324315,0.840467050491297,0.22083027688634,0.757215489546486,0.145154821039328,0.859818047709113
"FAT1",-0.317468211297733,0.946978282166981,-0.240529878969278,0.890616410042787,-0.371595053902287,0.795852028600715
"FRG1-DT",-0.600714493617762,0.713703084504335,-0.455427065509642,0.638264340343377,-0.640215308338872,0.455729469688749
"FRG1",-0.045023818848359,0.975727322813314,-0.050187916661842,0.923054773439819,-0.0646126407353783,0.91093329104767
"SDHA",0.18292280301711,0.713703084504335,0.12524574448097,0.675802258135152,0.11670819510937,0.729606391884089
"PDCD6",0.0798736356548432,0.903608037062864,0.0740193931582528,0.807230688869868,0.0851516581745859,0.771400103797342
"LPCAT1",0.0921014509378959,0.943083225919622,0.0238250382859641,0.954105940970052,0.00740385647308966,0.989130638310446
"MRPL36",0.0603687759397837,0.987676987381042,0.0941245374696557,0.758268005486744,0.0964733310569144,0.796035153822152
"NDUFS6",0.160565079332913,0.964219314381286,0.12788033514818,0.730093576208553,0.189827268404228,0.646743640939101
"ICE1",0.0270905500803884,0.986243996198961,0.0210752883227731,0.963675564531743,-0.0191913593416101,0.973942463195293
"MED10",0.105334315800113,0.882264046366445,0.0974176680117517,0.712661164701235,0.0939569750105243,0.749151660320807
"SEMA5A",-0.568214551982813,0.878979008836662,-0.422728135943048,0.763807426580721,-0.549590798316507,0.703913696755257
"CCT5",0.222730359186562,0.76063344310174,0.161739064842134,0.707016966668684,0.218578306077072,0.626468217465442
"CMBL",-0.73974646814539,0.713703084504335,-0.50278665966918,0.617698893049793,-0.720759740027764,0.430331057882329
"MARCH6",-0.112805354545215,0.865934979413673,-0.0939115816431762,0.707054072340348,-0.133526448950524,0.631383103629534
"ANKRD33B",-0.187162050041475,0.937120241257205,-0.210803913102934,0.761904671341902,-0.383455121719527,0.52765050859271
"DAP",0.0819952613978046,0.882264046366445,0.0766004314205022,0.779985172446709,-4.89287558806225e-05,0.999773668548514
"TRIO",0.000638602748097552,0.999861953973754,-0.0107494762025573,0.975940010120607,-0.0524845056079505,0.890830781421895
"OTULINL",-0.102017496429968,0.952093474531886,-0.0428699138476378,0.961617869252362,-0.151708215563352,0.812456792848887
"OTULIN",-0.00949248503570598,0.992572521146882,0.00245146948052961,0.996322269070203,-0.035019249108935,0.957562802791205
"ANKH",-0.164601414663439,0.937295590475388,-0.099838910457734,0.893945927996825,-0.150261915583917,0.861600338130576
"ZNF622",0.381119012712425,0.585154410769659,0.293107409739727,0.539909812541728,0.313438643126441,0.396298682889274
"RETREG1",-0.101337359758382,0.975727322813314,-0.0951471582147276,0.921322498525649,0.0330892638515091,0.973942463195293
"MYO10",-0.322989340125234,0.882264046366445,-0.205611065793134,0.824951711941929,-0.263825405590539,0.786285727556286
"BASP1",0.375386088918141,0.628523140147356,0.277466022673643,0.539909812541728,0.299982055500754,0.473493734259366
"BASP1-AS1",-0.50241880672565,0.59030874370855,-0.331127864903905,0.539909812541728,-0.492827956919494,0.18131672651448
"CDH6",-0.307857788582262,0.937295590475388,-0.186805134800772,0.899684446584915,-0.325460410920088,0.795852028600715
"PDZD2",-0.157826591639685,0.967203858991469,-0.112703296775962,0.934556074635128,-0.190090283378076,0.851615103190831
"GOLPH3",0.0664091820909396,0.953727737571912,0.060901705669873,0.890152476377743,0.0432300927071287,0.929357742989584
"ZFR",0.0232534615193053,0.987060796028084,0.00960191861356986,0.981281389473242,-0.00984507823256797,0.986644829479252
"SUB1",0.061346328189006,0.965243412692706,0.0470957241911182,0.916199047574657,0.0222768748959703,0.971582780865488
"TARS",-0.0510699886024683,0.967203858991469,-0.0389176104305612,0.938450495053442,-0.0767744453001203,0.879642667300819
"RAI14",0.035480820894133,0.989701309603352,0.00224848113452874,0.998847327855682,-0.0249147528290734,0.989130638310446
"DNAJC21",0.0205494918255777,0.987060796028084,0.0154771577676148,0.972626641981822,0.0638125552408539,0.837429769891498
"PRLR",0.101313172247441,0.971135027358867,0.02807583426407,0.978488082755116,0.237131276037456,0.778284814880455
"SPEF2",-0.257543351023938,0.871146086444017,-0.158335029840287,0.783116134022257,-0.20414571163779,0.745479749789988
"IL7R",0.201962340423676,0.968529247878935,0.281265099195148,0.865887045284762,0.343560541784713,0.848852976435192
"SLC1A3",0.0647525537188037,0.964792346825516,0.0562245148057413,0.902996013052202,0.0652761081399423,0.897600292188603
"AC008957.1",-0.175540528647059,0.915615419264746,-0.0386801922843729,0.969401661212156,0.0293423024576745,0.979218528186553
"NIPBL",0.0211508015338954,0.987168661761228,-0.0107245665599628,0.976831570536172,-0.00145642565105404,0.99774736540395
"CPLANE1",-0.11053611760924,0.908458190058852,-0.051711813329472,0.902207649470343,-0.0346662167658676,0.947461899087776
"WDR70",-0.080703775755452,0.937295590475388,-0.0365240138474351,0.942866865475612,-0.0884070975818997,0.848852976435192
"EGFLAM",0.304021237105555,0.969952634197529,0.300811442701208,0.903307056619906,0.101337134340388,0.973942463195293
"LIFR",-0.0855904983925178,0.987381297202584,-0.021299579670336,0.99004589809332,-0.100819194063895,0.95124259606861
"OSMR",0.0500986781010174,0.989020511532505,0.0491891758869039,0.979555468753244,-0.0555904004801981,0.977633779291268
"RICTOR",-0.251296071938009,0.713703084504335,-0.218816422020422,0.567754820711177,-0.249223956979202,0.510146919208901
"FYB1",-0.0216992856010455,0.987676987381042,-0.034524246563985,0.953062569820144,-0.0566542532903019,0.882876829449606
"DAB2",0.0227844373715236,0.987676987381042,0.015521315270856,0.981102889072188,0.118626495959485,0.82924665755452
"AC114977.1",-0.070656826888635,0.979514484933612,0.00453551288729995,0.995964398344206,-0.0738311771564102,0.931855669972043
"AC114977.2",-0.412612175484436,0.842774473190308,-0.320578743260466,0.703851799611006,-0.493985097036679,0.474728555292751
"TTC33",-0.0766915991881301,0.945421051661546,-0.0017931512535453,0.996322269070203,-0.0561882520000255,0.914685256526293
"PTGER4",0.0981211299273719,0.947261053507097,0.0852560652021548,0.888295185891501,-0.0436008377524478,0.943978301924551
"RPL37",0.0948249543315481,0.975727322813314,-0.0260345696752775,0.951921041926033,-0.0668129350633304,0.869793185908311
"OXCT1",0.0216262106034393,0.989020511532505,0.0272726149740479,0.968736910528144,-0.0673263530325237,0.90795735135144
"SELENOP",-0.369858402509111,0.680936246736474,-0.233335190045315,0.655885041836434,-0.244115703349996,0.5985876195958
"AC008875.3",-0.729760222690697,0.562118039898797,-0.527555810490425,0.539909812541728,-0.68739845610607,0.18131672651448
"ZNF131",-0.0791031273679438,0.920885507075657,-0.0392466416400724,0.898376416324428,-0.0331600380490038,0.931060228047859
"NIM1K",-0.495073937985764,0.847164208899954,-0.370380065284628,0.778575089118196,-0.531962183173536,0.613872543967166
"HMGCS1",-0.288972222448756,0.628215124463658,-0.206667626559505,0.567636892317067,-0.322335394888887,0.371933782150218
"CCL28",0.0443249345287578,0.989701309603352,-0.0155494727383885,0.992767031795886,0.0189438558540592,0.991809414073968
"TMEM267",-0.174862414959546,0.891015328653625,-0.0922875611797842,0.881765771274524,-0.0901411069275716,0.900216596874957
"PAIP1",0.0797635777389855,0.929586199191008,0.0520376560749868,0.895796839976438,0.0167690505135181,0.973942463195293
"NNT-AS1",-0.0937210425637515,0.937295590475388,-0.0411097607039256,0.943031009875411,-0.0268218614522342,0.970880275567133
"NNT",-0.0545292860571101,0.961399538616457,-0.0555831951789611,0.894437808342616,-0.0827818340609634,0.865612189242294
"EMB",-0.323334489227401,0.700393778780536,-0.158052844996436,0.732900498693472,-0.264127830534739,0.457332627975681
"PARP8",-0.248578356931033,0.635362086335881,-0.198182025773267,0.539909812541728,-0.218256753528639,0.486708653561664
"PELO",0.485070514831782,0.842460010275105,0.335640499148463,0.539909812541728,0.387589443925061,0.406519478517665
"ITGA1",0.153762074340226,0.976089777202807,0.0963310750570077,0.961732451996458,0.00267434684813884,0.999155714450675
"ITGA2",-0.402971837119212,0.903608037062864,-0.287890968184314,0.819651123007178,-0.384436673260863,0.723116381892166
"MOCS2",0.190488809140299,0.903608037062864,0.0911870511044682,0.865887045284762,0.185810994611904,0.677246287404597
"FST",1.25903631077043,0.674893276948019,0.936279329702406,0.567636892317067,0.808658513036212,0.594301230245286
"NDUFS4",0.0541169444122287,0.937295590475388,0.0537385156131188,0.865887045284762,0.0826924280211343,0.773876586421391
"ARL15",-0.173757728532672,0.831586301123345,-0.105859004494,0.809409034753912,-0.165708469774375,0.725100421060311
"SNX18",-0.298983352897731,0.765968007458962,-0.284797814251401,0.567636892317067,-0.312814517343264,0.512732031326607
"ESM1",1.44468769114011,0.740877974418763,0.782616626708492,0.716776630926897,0.620785867258538,0.768735144177172
"GPX8",0.133575080917115,0.975727322813314,0.0865059279010856,0.95449560049921,0.0540128003839863,0.973942463195293
"DHX29",-0.0789834093603835,0.878233515505605,-0.0453606268440468,0.875901207578288,-0.0540189487412883,0.866557324156809
"MTREX",-0.276052950009214,0.607226415643211,-0.2033661775138,0.539909812541728,-0.258706313867006,0.426317930380328
"PLPP1",0.00662737159327561,0.990966923882266,0.0192581791385945,0.966413444282727,-0.0470982512106284,0.919542522552017
"SLC38A9",-0.210476819024194,0.722993526913415,-0.162909373011157,0.675699955475318,-0.168585517617269,0.674363867120955
"IL6ST",0.0833752168817719,0.943913608268026,0.0242850010695777,0.963128956648986,-0.0381664782751369,0.939131388391146
"MAP3K1",-0.432180385005499,0.620497879203569,-0.348476341952584,0.539909812541728,-0.411011593661523,0.441897772623656
"GPBP1",0.0864290451354343,0.937120241257205,0.0621591465427765,0.879318949048446,0.0971901670543861,0.823409505546055
"PLK2",-0.178055572432209,0.946978282166981,-0.24869495206613,0.6118955526808,-0.438809276150539,0.257964807679234
"GAPT",-0.0954178396400588,0.96977766296336,-0.0960857285291342,0.899847031403601,-0.19801265179333,0.75070515447857
"PDE4D",0.363902040035134,0.847763278066247,0.237212063877978,0.790067916621749,0.302578974360486,0.749292653756677
"PART1",-0.272463507966416,0.909991992195616,-0.110840162405937,0.894437808342616,-0.281781278754005,0.661047764554629
"ELOVL7",0.129984257615114,0.977922694820062,0.176737976723773,0.910792859497578,0.0701246541859369,0.973942463195293
"ERCC8",-0.0324476651564307,0.986656681400961,0.014801594557269,0.976831570536172,-0.104802308846803,0.812456792848887
"NDUFAF2",-0.155335408872188,0.903608037062864,-0.0814439432964306,0.884514195537012,-0.132620764270667,0.806345549179156
"SMIM15",0.256538857095608,0.927653195423269,0.113029362139794,0.865887045284762,-0.0136760040504726,0.980582155203971
"ZSWIM6",-0.13244914336269,0.923049362142027,-0.0814914241480156,0.870765190363925,-0.164998276868459,0.733254766467616
"KIF2A",0.0181511185270366,0.987676987381042,0.0339392385876776,0.949757741465138,0.0578040034082461,0.907227152174562
"IPO11",-0.112770755084184,0.937295590475388,-0.0680641086605838,0.918909460284579,-0.152053618645714,0.812456792848887
"RNF180",-0.0319996197964293,0.989020511532505,-0.0387167999467378,0.975491710400042,-0.0409647522981435,0.979207899684523
"SREK1IP1",-0.0680494664018887,0.937295590475388,-0.0491606935771648,0.895058017410379,-0.0934371054164096,0.812456792848887
"CWC27",0.00548788990180779,0.993039382491997,0.0209646045861583,0.961663698018687,0.0457053392368781,0.891946985071105
"ADAMTS6",-0.31941550203719,0.850765417220173,-0.184967226405537,0.848150887080806,-0.227157111049194,0.825293721416026
"CENPK",-0.264245900591728,0.913354702114686,-0.17558154081702,0.865887045284762,-0.147070485910701,0.893012492381287
"NLN",0.0538306893851286,0.968662340367089,0.0526856358755862,0.905296396015766,0.123351831842226,0.763401414502149
"ERBIN",-0.118311202316091,0.871146086444017,-0.103228266184899,0.728626054491622,-0.137923153648211,0.660681652585144
"SREK1",-0.0355040437960885,0.969952634197529,-0.0390965707918956,0.908660072503086,-0.0614048610439211,0.869793185908311
"MAST4",-0.0998089960254292,0.969952634197529,-0.141121237044173,0.856498777716758,-0.224564028072798,0.763653082700191
"PIK3R1",0.182402457169537,0.838228110296931,0.185568587819998,0.647778243729206,0.203599227923549,0.627216971922475
"CCNB1",0.0709104068311716,0.986243996198961,0.00625520834950084,0.994111893424054,-0.104630138631515,0.876952946308714
"MRPS36",-0.0300650659089763,0.987676987381042,-0.0490365999542419,0.931653064791714,-0.0632089773984951,0.90063658288973
"AK6",0.168686508089706,0.858670945420424,0.134833112571805,0.776361663279111,0.132558162304285,0.792044889142667
"TAF9",0.295498040975634,0.688935346222494,0.20876011998586,0.576859503928985,0.226321045956071,0.53343481555173
"NAIP",-0.498123647906977,0.59030874370855,-0.370976761745011,0.539909812541728,-0.511909173698532,0.286107049308749
"BDP1",-0.0127054774292643,0.987676987381042,-0.00325627704784205,0.994111893424054,-0.0230253467931971,0.962444857585715
"MCCC2",-0.0979654127418761,0.877132886555714,-0.0456673518129067,0.8843628398733,-0.0905672075329783,0.781966609883628
"MAP1B",0.586397499216718,0.831586301123345,0.373110935270279,0.682769929955018,0.410172253087781,0.674363867120955
"MRPS27",-0.261604935876398,0.684558955714022,-0.167801153904998,0.65750952685365,-0.189972468857504,0.661101052133121
"ZNF366",-0.286080539279345,0.915615419264746,-0.320155861429209,0.756801218738335,-0.192201427425729,0.877069431682963
"TNPO1",-0.0123868942126913,0.989701309603352,-0.0525371333315919,0.903941558678038,-0.0360177472872394,0.943665754096722
"FCHO2",-0.18031572145469,0.86918309088418,-0.129882014715203,0.75191920269781,-0.170749928027944,0.690501665017355
"FOXD1",0.190968622574323,0.961835577371709,-0.0261321888020954,0.981281389473242,-0.136179701949242,0.90131829140123
"BTF3",0.171818636714462,0.962718721338874,0.0988023579291011,0.823141670358777,0.129097801694603,0.688110473685969
"ARHGEF28",-0.405678827508548,0.943083225919622,-0.252882438449601,0.923054773439819,-0.386671670828803,0.861600338130576
"ENC1",-0.236311744086873,0.813387804220046,-0.23220914154882,0.571185324951607,-0.384567386262477,0.307928681666602
"HEXB",0.130910291716379,0.906563760961181,0.0471803115450124,0.913030777551584,0.0156863176972291,0.976901867362516
"NSA2",0.168797701788198,0.920885507075657,0.0975842587041974,0.877909816685733,0.177790329886574,0.738553820185858
"HMGCR",-0.041439349168939,0.985214763269641,-0.0490699130550955,0.928729308407458,-0.0833627491076697,0.883528995898572
"CERT1",0.0930406697791926,0.897129444505265,0.0416462114732691,0.875901207578288,0.0470623516515547,0.877069431682963
"POLK",-0.261044158546266,0.620497879203569,-0.211793051097559,0.539909812541728,-0.244818427950398,0.44942468992586
"IQGAP2",0.112290980726774,0.946978282166981,0.100394275142138,0.829042790251159,0.158549854186761,0.737279286081194
"F2R",0.476413029651741,0.870169251409955,0.191466466508409,0.865887045284762,0.12100962264206,0.912541687465855
"S100Z",-0.103095105785938,0.935853944284842,-0.0872380753971451,0.877340784713919,-0.104273028467426,0.867739047397191
"CRHBP",-0.51297720624524,0.740956428327799,-0.40090861653497,0.660243239455962,-0.548735380589279,0.553933489292897
"AGGF1",0.0325893058359775,0.986740807946813,0.021043170018688,0.972633302354072,0.0566946531314039,0.931855669972043
"ZBED3-AS1",-0.168047067061183,0.937295590475388,-0.0579949302578469,0.955974194500863,-0.102294664896457,0.897600292188603
"PDE8B",-0.453475026021086,0.823596314582941,-0.248467295143562,0.827680442785269,-0.349394110206021,0.702430088102267
"WDR41",0.231947471368727,0.680936246736474,0.185376365173946,0.58453580524573,0.222980167382128,0.533803753509296
"TBCA",-0.046196063573021,0.967203858991469,-0.0470241068217282,0.901553497791501,-0.0470729685627257,0.921715844160944
"AP3B1",-0.0287920284762197,0.970528002221328,-0.0124508571948095,0.968736910528144,-0.0232304344625246,0.946888849990106
"SCAMP1",-0.00706890503846954,0.990966923882266,-0.00880336363683512,0.98196779305146,0.0167498737214157,0.976901867362516
"LHFPL2",0.276544904634242,0.755298745721327,0.183686209761613,0.692050352841508,0.25904795768047,0.565699562145283
"ARSB",-0.0411522630455629,0.975727322813314,-0.00240693469645773,0.996049574432636,-0.0198407753932579,0.973942463195293
"DMGDH",-0.532673484681419,0.809147447471828,-0.319999128360903,0.76807261540306,-0.541611584295583,0.562754315836961
"JMY",0.112132349880558,0.923408413434143,0.0867476180406301,0.863819272652839,0.139859698801178,0.76214077234056
"HOMER1",0.106028857123921,0.962718721338874,0.0976830064576374,0.879318949048446,0.0501253680118407,0.945651935947817
"TENT2",-0.193674825087674,0.831586301123345,-0.149306901185806,0.713923131494012,-0.208989031038992,0.650488265843412
"CMYA5",-0.0645629722297691,0.984952104615951,-0.0635384046791067,0.951723470599962,-0.0401787365298454,0.975167068916286
"SERINC5",-0.207941653233312,0.840467050491297,-0.124686507228307,0.772626311773818,-0.147180745317437,0.751989911035739
"ZFYVE16",-0.100106157661937,0.912259746037492,-0.0533336728399837,0.892452868202711,-0.0662850207062762,0.880911840026368
"AC008771.1",0.138209238871052,0.945421051661546,0.183527888590475,0.781746921621551,0.18176216806514,0.813761986183831
"DHFR",-0.369921538915337,0.745590386868765,-0.297877085141275,0.576859503928985,-0.402457776451665,0.416337165345633
"MSH3",-0.101709408318827,0.833686082887391,-0.0441262082128607,0.875077046802286,-0.0565548504683576,0.853829098635518
"CKMT2-AS1",-0.147203335174946,0.886616212943478,-0.0735171824952351,0.89437414101352,-0.0859736452597923,0.898612889761417
"SSBP2",-0.16598811378113,0.886520545100434,-0.159648313271757,0.655885041836434,-0.172313446841588,0.62915730044559
"ATG10",0.0167875034330931,0.987232790302631,0.0174292241201668,0.96668416533004,0.0134152374805496,0.979218528186553
"RPS23",0.0538501858622562,0.987381297202584,-0.0286385231361623,0.951921041926033,-0.0104748905523002,0.981821004739499
"TMEM167A",0.0864010905024833,0.936813462377296,0.0615665124800024,0.890152476377743,0.153481334685977,0.653717293188076
"XRCC4",-0.0476737903372535,0.969952634197529,-0.0316329853222204,0.95565153722071,0.0136795622803214,0.982309350112741
"VCAN",-0.464813369863144,0.8276928018909,-0.375263714262398,0.703854476908052,-0.451228713049162,0.65642344853735
"EDIL3",-0.614504339087431,0.888683273478412,-0.438355331232991,0.791199639106284,-0.532538172280788,0.69889736173682
"COX7C",0.0848666698909201,0.987168661761228,0.0400147418230169,0.916199047574657,0.0599475697321726,0.883567926142115
"RASA1",0.00119899004918187,0.998689477015887,0.0142115789741873,0.972626641981822,0.00765031907766348,0.988403664815284
"CCNH",0.235604362148514,0.819309104725403,0.19924616557879,0.683371735931916,0.287642741746332,0.455729469688749
"TMEM161B-AS1",-0.467521316900843,0.59030874370855,-0.345356395481826,0.539909812541728,-0.387990424611058,0.42388527680337
"MEF2C-AS2",-0.884033375696488,0.620497879203569,-0.618869661915215,0.635776070989967,-0.728739355390941,0.610364968373009
"MEF2C",-0.360264916898046,0.698024958040665,-0.266799648794099,0.567754820711177,-0.37886001288273,0.43221285602634
"MEF2C-AS1",-0.299027114037695,0.701187797547743,-0.220551013559827,0.680554703992045,-0.38738990084083,0.455729469688749
"ADGRV1",0.329275646833135,0.886428075551855,0.219523971050465,0.846535166948637,0.477046192499774,0.644500148464691
"LUCAT1",-0.178218436921975,0.925458422228106,-0.0993700262331757,0.901553497791501,-0.108117872104564,0.894435623026394
"ARRDC3",-0.270949630229447,0.779940702334348,-0.235001563022235,0.623206644050332,-0.232363349455803,0.637313132843697
"ARRDC3-AS1",-0.23187698658156,0.841271683568883,-0.164234812549256,0.796120504106463,-0.246110139972881,0.704930167667097
"NR2F1-AS1",-0.442992940497645,0.903608037062864,-0.297607038140445,0.833312333476619,-0.428645274190272,0.685511798317414
"NR2F1",-0.567642247745679,0.871146086444017,-0.415048963606137,0.757215489546486,-0.54511353680473,0.565699562145283
"FAM172A",-0.21255620479813,0.620497879203569,-0.155302181297847,0.542842339693613,-0.220112771383215,0.430331057882329
"KIAA0825",-0.0579611850369868,0.958794079059217,-0.017984964705996,0.978803819019133,-0.00779992446982129,0.995031168540369
"SLF1",-0.0626301476554344,0.964462552585652,0.00731880450611219,0.987498147844983,0.0590352345741299,0.907227152174562
"MCTP1",-0.409915936856297,0.607226415643211,-0.254792353309603,0.555756803428148,-0.363787927375025,0.406317645003979
"TTC37",-0.14084141350268,0.833686082887391,-0.108226028053825,0.749703406367952,-0.0773059909373397,0.800759848264319
"ARSK",0.0619347187005475,0.975727322813314,0.0384689113194198,0.963350368188309,0.0710211458112428,0.936418953465064
"SPATA9",-0.138191068407878,0.94801751582644,-0.0863005834821806,0.940619548176605,-0.202650281020015,0.844314412133083
"RHOBTB3",0.16728531067511,0.850765417220173,0.146543601998215,0.725781874510064,0.119529327987007,0.779709513358652
"GLRX",0.0411027196885129,0.98469852697543,0.0584154017122335,0.918909460284579,0.0182528346575705,0.977649323251274
"ELL2",0.0812278626833273,0.969847956577813,0.0530185503050692,0.930753507402891,0.0958142335616045,0.85914580607415
"CAST",0.0837294650265851,0.951772238190248,0.0621684050113832,0.912280978253107,0.133829497476876,0.801475140049363
"ERAP2",0.142213175040047,0.968529247878935,0.0906174591786855,0.95449560049921,0.0804293603746253,0.952057233868039
"LNPEP",-0.108032026222591,0.878979008836662,-0.121156898938234,0.660243239455962,-0.164588087042772,0.595733322547859
"RGMB",-0.0362800021240894,0.987232790302631,-0.0514689329292095,0.950352759818587,-0.114252911496403,0.877652576199105
"CHD1",0.180723489447313,0.831586301123345,0.116595500796438,0.73101121462528,0.141005304622792,0.68768317588084
"LINC02062",-0.634333485208892,0.620497879203569,-0.471835060490103,0.576859503928985,-0.660764563551557,0.376391918003978
"ST8SIA4",-0.231338819501202,0.75280348372754,-0.186043184376676,0.605933254866572,-0.228668317456791,0.56122308555548
"PAM",-0.185619203642047,0.888241285587719,-0.112157858723929,0.870765190363925,-0.168150086081819,0.800759848264319
"PPIP5K2",-0.162934027397307,0.8276928018909,-0.106248223069972,0.756801218738335,-0.0973727563192508,0.816618033750808
"FBXL17",-0.14237368026575,0.841007039128195,-0.109254494634608,0.767879213279718,-0.17223745017649,0.675312666289578
"FER",-0.122384820072298,0.881679459483581,-0.109495340076014,0.756801218738335,-0.134039647979884,0.72114752113053
"PJA2",0.0130772944425132,0.987676987381042,0.00527063635046993,0.986357352470941,0.00407057982572353,0.994458394354299
"MAN2A1",0.00971160586368595,0.990850390543415,-0.000382906336508314,0.99967840875972,0.0728707867717398,0.83780945723087
"TMEM232",0.144487374675531,0.945983160313409,0.179201361329656,0.848374793858531,0.28390059190863,0.760378264086355
"CAMK4",0.307461998017937,0.939974313495137,0.228477162797907,0.903162098034093,0.169819028791698,0.942743430595247
"STARD4",-0.314151425417991,0.832510365260709,-0.222407132677888,0.73101121462528,-0.320344538939135,0.663353740204739
"NREP",-0.467038487658604,0.69062073713346,-0.314495622612696,0.638613914919712,-0.282945027320452,0.705286173072981
"EPB41L4A",-0.124997054577089,0.969952634197529,-0.0715748265349571,0.96242869953788,-0.124998661487145,0.928534784060247
"EPB41L4A-AS1",0.0571855751126948,0.985589193542083,0.0176523962048893,0.964129047926838,0.0833614037459695,0.767618092084002
"APC",-0.0668236387613944,0.934816943280864,-0.0358552746850403,0.923054773439819,-0.0293474863091317,0.945137784813934
"SRP19",0.0599883139013617,0.950581525806333,0.0748200252790537,0.846535166948637,0.0795436546774135,0.853165977656603
"REEP5",0.0946734339148485,0.915615419264746,0.0705405142590862,0.855616970453911,0.122740091881334,0.674363867120955
"DCP2",-0.0340655766888982,0.973069605188034,-0.0460369911205983,0.892762432719831,-0.0469378593564556,0.911657256373237
"MCC",-0.745228671169775,0.659564394798225,-0.473448585911377,0.647522929906919,-0.689309411885808,0.376391918003978
"YTHDC2",-0.0912777038135617,0.935479761500471,-0.05746332534044,0.905085305148835,-0.0943007576134845,0.85536489445056
"CCDC112",0.0873658262892948,0.935853944284842,0.0536595301429231,0.903959420211204,0.0795710340128231,0.868137401116203
"FEM1C",0.0184558045136271,0.987676987381042,-0.054292081198311,0.86822983131918,-0.111837573249571,0.728503281016701
"TMED7",0.0752866848300178,0.986243996198961,-0.0530614285945302,0.912978136901108,-0.0609260160690899,0.907798853627752
"ATG12",-0.0196699535283011,0.987232790302631,-0.0213827837396456,0.962866185703775,-0.0176742069017423,0.973942463195293
"AP3S1",0.214481422257137,0.795440606734161,0.14130677291292,0.735856182479457,0.239226279530033,0.503188932768188
"COMMD10",0.104080917595854,0.88175520648129,0.114255428470931,0.709502836298038,0.120726272398,0.725100421060311
"SEMA6A",-0.330027168756227,0.86918309088418,-0.162413188933471,0.891507633403955,-0.270983261697554,0.783579215323284
"SEMA6A-AS1",-0.507164223282359,0.663974594664865,-0.404184153368865,0.638613914919712,-0.532331836890221,0.54879683697825
"DMXL1",-0.037151761033386,0.958007726819188,-0.0260393763314192,0.933850507025293,-0.0387427650476136,0.909927751862353
"TNFAIP8",-0.0739798338699969,0.969952634197529,-0.0701965864903717,0.925773221047207,-0.0886863073859575,0.908239338742661
"HSD17B4",0.181485182209465,0.731189131296163,0.123646784386831,0.69275266410881,0.168361202115906,0.594301230245286
"SRFBP1",0.153954458419076,0.846346954184314,0.123335813431906,0.756801218738335,0.148773169796358,0.660042483217495
"LOX",0.1291403160055,0.987060796028084,-0.0574883716180485,0.978226756643844,-0.180067997132277,0.931855669972043
"SNCAIP",0.410475032766816,0.871146086444017,0.213371008327911,0.856447750160523,0.466494211056932,0.638557114550233
"SNX2",0.211685840123479,0.778231677949963,0.157126112642545,0.696845041771802,0.17961048574416,0.669670035570073
"SNX24",0.0805856065474809,0.945568189254044,0.100568475128471,0.790067916621749,0.126400622367516,0.761642890605828
"PPIC",-0.0977100207941077,0.987168661761228,-0.0949235496687113,0.942866865475612,-0.234511945479901,0.800759848264319
"CSNK1G3",0.058878388747434,0.946978282166981,0.0409393601159174,0.921589415745913,0.0456973851593331,0.923488310679102
"ZNF608",0.187454496429964,0.950843078951475,0.185575718118174,0.879318949048446,0.0754623150734283,0.962220442527391
"GRAMD2B",-0.0199143318166142,0.989020511532505,0.0360114821639137,0.963632023564318,0.103494728690805,0.888101158224411
"AC093535.1",-0.590758620542469,0.795440606734161,-0.330715940053856,0.823141670358777,-0.264683576947297,0.879642667300819
"ALDH7A1",0.113357668227304,0.910842222551539,0.153380559466558,0.600950135999603,0.154006939908335,0.643079817908447
"PHAX",0.137368805887834,0.836203256481455,0.12079472720049,0.703851799611006,0.15426200457749,0.635630814036157
"LMNB1",0.240371263416585,0.790872788088734,0.163388778514189,0.712661164701235,0.175995703321692,0.673601444674556
"MARCH3",0.260371787883111,0.838228110296931,0.183394321067018,0.751821559959425,0.133711966876155,0.850173416597071
"LINC01184",-0.153142856001935,0.888570841393027,-0.076708968501931,0.867775140580767,-0.103773583058152,0.843043133014784
"SLC12A2",-0.169817429465588,0.871146086444017,-0.163112762715231,0.625074027442924,-0.294501300020794,0.371933782150218
"FBN2",-0.0731243263834763,0.987676987381042,0.090507063609616,0.971292959514722,0.0458920705482473,0.98901636070263
"AC008591.1",-0.176114780500166,0.953731662590093,-0.100462855652477,0.955974194500863,-0.183300875699607,0.916996650945138
"CHSY3",-0.096734416843122,0.964462552585652,-0.00147731400257749,0.999188751903088,0.0354213088555929,0.977649323251274
"HINT1",0.0656672737160658,0.987381297202584,0.0535919809232169,0.894114216309383,0.0889838215268249,0.823409505546055
"CDC42SE2",-0.0646643496217537,0.951115457683765,-0.0353917231625595,0.941264598661626,-0.0561434430322474,0.909013039308803
"RAPGEF6",-0.192243494224338,0.78216388715191,-0.145777390429254,0.700576833586673,-0.217277732585636,0.522774339424714
"FNIP1",0.0910788563403243,0.920885507075657,0.0587130245348981,0.867775140580767,0.0513080397855705,0.900089393092193
"MEIKIN",-0.229615191313971,0.964462552585652,0.109693026937787,0.951921041926033,0.0178629902262129,0.995031168540369
"CSF2",-0.217998232349214,0.975727322813314,-0.145461627857298,0.961663698018687,-0.505632108379778,0.729695123645453
"P4HA2",0.496349859259238,0.845995942306838,0.305452040877321,0.743182114935525,0.27976267407073,0.732182402937651
"PDLIM4",0.149537430051081,0.986243996198961,0.175245941103645,0.895058017410379,0.119389638749244,0.938318462386293
"C5orf56",-0.160881294681532,0.852514263136765,-0.0947918658316036,0.833312333476619,-0.123709238523552,0.792835401805648
"IRF1",-0.000904671531750252,0.999861953973754,0.0236028278776322,0.972626641981822,-0.0578707739602077,0.924094511655778
"RAD50",-0.0427501918286414,0.962718721338874,-0.00721592464220393,0.982567521584643,0.00756184903263598,0.987458600515095
"UQCRQ",0.0326489965133726,0.990330047470661,-0.00767721412173551,0.98196779305146,-0.0343374794012552,0.94115850350468
"AFF4",0.0595579848189288,0.962718721338874,0.0643651738479022,0.845169358064318,0.0109810491071883,0.980766459646602
"ZCCHC10",-0.159898857398476,0.871146086444017,-0.107252308112008,0.81200779318274,-0.15549342901146,0.757110439724718
"HSPA4",0.336122163951702,0.620497879203569,0.211783416611172,0.565951168967911,0.252272288806707,0.475402890563908
"C5orf15",-0.00452862811908036,0.994336031473947,-0.0171807153986281,0.975491710400042,-0.105934581116578,0.83078835302058
"VDAC1",0.351878183640186,0.623672057295787,0.218084767672951,0.589994756052454,0.305610777172224,0.427789007407824
"SKP1",0.121588293630019,0.967203858991469,0.071421734267275,0.872122077323626,0.0860492648324868,0.844314412133083
"PPP2CA",0.0861546706377004,0.925683773823925,0.0683483609315406,0.852605899415817,0.0221161951792474,0.966616392904718
"CDKL3",-0.277805416765535,0.781913752028351,-0.189819534331889,0.707016966668684,-0.319854985140579,0.486708653561664
"UBE2B",0.253417062823461,0.700393778780536,0.163481681237596,0.655885041836434,0.179600768069966,0.639972620212142
"SAR1B",0.0619052395518428,0.947711925014024,0.0429567941972054,0.923054773439819,0.0473506613587314,0.919542522552017
"SEC24A",-0.0867896334443574,0.946978282166981,-0.0542538606027622,0.922733993271,-0.105264773215347,0.830427113185978
"CAMLG",0.185037073544023,0.921066009650058,0.0978043870616562,0.775788428487388,0.142912515680049,0.666696927518615
"DDX46",0.0451408400534136,0.962763330605132,0.0562048244893048,0.875901207578288,0.0584850519930613,0.888998683162165
"C5orf24",-0.0527171326816976,0.962718721338874,-0.0671822364340288,0.855616970453911,-0.12595087087442,0.732182402937651
"TXNDC15",0.114718947801611,0.915615419264746,0.106527156237792,0.813747570349955,0.162977262398529,0.707392058164091
"H2AFY",0.314476928133237,0.620497879203569,0.214881244150736,0.565951168967911,0.303876448725342,0.376391918003978
"CXCL14",-0.444495919665005,0.937925320066869,-0.261677586848592,0.879318949048446,-0.381466914220961,0.837429769891498
"TGFBI",-0.154423113368283,0.877132886555714,-0.047656760962753,0.903344883188581,-0.082613656296528,0.850173416597071
"SMAD5",-0.125485870201935,0.850765417220173,-0.111694014028104,0.728626054491622,-0.116667077212763,0.749855507789531
"HNRNPA0",0.282984419087271,0.908458190058852,0.107183144904937,0.775788428487388,0.116102520102646,0.756258027422061
"AC106791.1",-0.292841742594406,0.7720934904036,-0.22665755294664,0.6118955526808,-0.317923468470826,0.455729469688749
"FAM13B",-0.0671632321926879,0.937120241257205,-0.0458562544701413,0.89033472493253,-0.118409297192572,0.686478775380596
"GFRA3",0.136462737390582,0.987060796028084,0.148620272661456,0.938153447542059,0.0119609743926961,0.995773281816741
"FAM53C",-0.151973944708109,0.928013870551709,-0.0458221916793232,0.927133590817285,-0.0860457790464081,0.831291397157077
"KDM3B",-0.0565579989839935,0.957608581799535,-0.0034931923904699,0.993406058487082,-0.0917763866177383,0.760378264086355
"EGR1",-0.425992701497006,0.831586301123345,-0.292514640401294,0.603185918088498,-0.420489964859075,0.360834263201549
"ETF1",0.148060340986393,0.912703941939996,0.170266514146964,0.6118955526808,0.143211961799218,0.674363867120955
"HSPA9",0.108090861147767,0.86918309088418,0.0666045093511684,0.79400496342994,0.0615588187461299,0.849373642506184
"CTNNA1",0.118069687968402,0.831586301123345,0.104850853232859,0.647522929906919,0.105344036600939,0.677246287404597
"SIL1",0.319284464899524,0.654027551099472,0.287833741968304,0.539909812541728,0.372504202213339,0.376391918003978
"PAIP2",-0.0162325125611175,0.987381297202584,-0.0163782774116959,0.966233510678072,-0.0499282985079649,0.898864857837774
"DNAJC18",-0.110807326683587,0.937295590475388,-0.0557001481568928,0.923054773439819,-0.0390681218708949,0.946888849990106
"TMEM173",0.136907641919977,0.921745497785775,0.155193182320555,0.755206261592226,0.135320731075683,0.831290078011518
"UBE2D2",0.125762987759122,0.838228110296931,0.110993172384561,0.707016966668684,0.104583834729028,0.692687308822066
"CXXC5",0.800507932179516,0.743988537519481,0.536164053249718,0.539909812541728,0.622683218672871,0.426574974407626
"PURA",0.0317156017967859,0.974501079126411,0.0279757342768309,0.941264598661626,-0.00228228740952919,0.997113640321465
"CYSTM1",0.0681423976364092,0.946978282166981,0.0869677648847262,0.817073135019479,0.0934051411651139,0.795852028600715
"PFDN1",0.0174253513165633,0.987232790302631,0.0351517105195853,0.931098195759938,-0.0245410644566535,0.959861523125434
"HBEGF",-0.0432356760938309,0.987676987381042,0.078317721585232,0.9002218651918,0.0376143341492217,0.96749032534522
"ANKHD1",0.00100601221774673,0.99882009933461,0.0148778823243626,0.963632023564318,0.0113179826953357,0.976949166476538
"SRA1",0.134803550729172,0.878233515505605,0.154902910568457,0.633815202176719,0.135398932159277,0.684351540774242
"CD14",0.139623684437363,0.915615419264746,0.173014245257284,0.68999417015063,0.133727170534305,0.792149335517592
"NDUFA2",0.0670503449860791,0.985589193542083,0.0873283525846583,0.753503800478187,0.0750242523505258,0.837429769891498
"IK",0.126070515501545,0.933760103374907,0.0483197562305256,0.931884260814257,0.0841352105607004,0.888101158224411
"ZMAT2",0.140515499443048,0.925683773823925,0.0613730921675163,0.865887045284762,0.127200082434959,0.677246287404597
"TAF7",-0.0866962558339548,0.915615419264746,-0.0633254203759742,0.823141670358777,-0.103231559274591,0.742507520511197
"DIAPH1",-0.124468875677715,0.915615419264746,-0.0904203782284866,0.833312333476619,-0.146976527171163,0.72775334072544
"PCDH1",0.157974592045131,0.98469852697543,0.0951612375277717,0.96668416533004,0.0361522126611982,0.988554595184688
"PCDH12",-0.369634987868804,0.86918309088418,-0.176476272255812,0.879318949048446,-0.175089662693579,0.890302852589695
"GNPDA1",0.0465385308151764,0.968356761104109,0.0572101462816407,0.890152476377743,0.0769725603954901,0.831013666506075
"NDFIP1",0.171809687691218,0.795440606734161,0.112470399133765,0.75395757213358,0.173390093231624,0.617670448466621
"SPRY4",-0.659605853657842,0.836203256481455,-0.497133366251833,0.680554703992045,-0.729125876465081,0.516222050192045
"FGF1",-0.510698948337643,0.886616212943478,-0.392428541777396,0.790067916621749,-0.376633935508563,0.811910017160917
"ARHGAP26",0.0771858014227673,0.926058247355641,0.0583877233234273,0.856592782425992,0.0797879823056823,0.820813436109508
"NR3C1",-0.107196414284196,0.891570953693957,-0.0909523166198948,0.772736528109056,-0.141220120445014,0.702012842855109
"YIPF5",0.123605026753995,0.86918309088418,0.0648527155320454,0.833312333476619,0.0714743739114875,0.844314412133083
"PRELID2",-0.256804157532807,0.795440606734161,-0.173248550025084,0.761146693087719,-0.22994833541187,0.684351540774242
"LARS",-0.103122467124808,0.908458190058852,-0.0749648507530656,0.857474868048215,-0.0676494992165074,0.888101158224411
"RBM27",-0.0790372686018979,0.935853944284842,-0.0541735021545035,0.895058017410379,-0.0756987944096266,0.869793185908311
"TCERG1",-0.0274116650784614,0.986243996198961,-0.0172697332508981,0.972626641981822,-0.044617608769015,0.924094511655778
"PPP2R2B",-0.225337260579305,0.956660628690128,-0.0890152087549447,0.951200760838363,-0.205160051773455,0.83780945723087
"DPYSL3",0.255387588034402,0.920800560535454,0.268710102459546,0.781746921621551,0.47857996566912,0.552534852329702
"JAKMIP2",0.27829479595031,0.946978282166981,0.262179688869596,0.865887045284762,0.190607801687029,0.877069431682963
"AC011346.1",-0.639263963392121,0.585154410769659,-0.455208556863489,0.539909812541728,-0.570901590346607,0.364381114006951
"ADRB2",-0.15186127471927,0.926620571687561,-0.123855591073912,0.833312333476619,-0.292949699145139,0.423413080779875
"SH3TC2",0.279907065121329,0.943083225919622,0.212079334035627,0.895796839976438,0.0246891962125153,0.989193131684562
"ABLIM3",0.272229818446045,0.923535871787432,0.241101165034907,0.790067916621749,0.209770737444097,0.805343626581997
"CARMN",-0.713275993218575,0.740956428327799,-0.44402043729112,0.711331071049251,-0.531832386090209,0.639972620212142
"CSNK1A1",0.109864619597035,0.879030363093532,0.0859448315050249,0.761146693087719,0.084486149122821,0.795852028600715
"PPARGC1B",-0.113719629120124,0.89857850100084,-0.0650929362907101,0.879318949048446,-0.0730799456271114,0.880563161924565
"SLC26A2",-0.0190476877189148,0.987232790302631,0.00229917933992746,0.996049574432636,0.0181817364776873,0.966584494336203
"HMGXB3",0.12738695641727,0.865934979413673,0.120151453078304,0.728626054491622,0.140250228322292,0.723331261933175
"CSF1R",0.276691491628559,0.743988537519481,0.169018041542645,0.707016966668684,0.162278934133163,0.75070515447857
"PDGFRB",0.653294803555902,0.787402962300597,0.525576629411588,0.61642728657258,0.389985901204652,0.706323775177875
"TCOF1",-0.0210156628415994,0.990850390543415,-0.0150926526793831,0.986357352470941,-0.0410177362169815,0.973942463195293
"CD74",0.0758011005671385,0.969952634197529,0.034369308632373,0.948956915581419,-0.0236323832274776,0.946214331475134
"RPS14",0.0979538668650451,0.98469852697543,0.0507332892728694,0.908487932460696,0.103570375318978,0.791183439973638
"NDST1",0.148696156405991,0.920800560535454,0.113717121356358,0.85542852292657,0.0660244303935045,0.932604915803144
"SYNPO",0.626275323881746,0.744042988862601,0.382269722497222,0.675806956804428,0.368796741596039,0.635319731234811
"RBM22",0.121914934613537,0.850765417220173,0.0801865034222243,0.81971599282233,0.0815886837053088,0.814173818717257
"DCTN4",0.0247256296853246,0.987168661761228,0.0210352245554975,0.966233510678072,0.0231654665996048,0.973032288889537
"SMIM3",0.635150341960447,0.620497879203569,0.435871886387152,0.567636892317067,0.521193591735696,0.492865920176733
"GPX3",0.169047697820589,0.968190410187967,0.075981712956325,0.907199956713105,0.0576708224910252,0.943665754096722
"TNIP1",-0.0491134375165563,0.978916937415713,-0.0741094691881353,0.892452868202711,-0.138790932899424,0.771112365450846
"ANXA6",0.210781054530399,0.937295590475388,0.0628373722320831,0.951722449221458,0.0711564821059191,0.943665754096722
"GM2A",0.0753087142367904,0.946978282166981,0.00861440999065317,0.981580635040761,-0.0751639226007588,0.837429769891498
"SPARC",-0.343503639269409,0.935853944284842,-0.284007605682502,0.756801218738335,-0.443723777944679,0.624576959151405
"ATOX1",0.21591072630619,0.92417531528931,0.202267527179127,0.614396075881076,0.257345792576769,0.561551940976951
"G3BP1",0.020624773826813,0.987168661761228,-0.00613777949577994,0.98706524090344,-0.00228470935574091,0.997113640321465
"GALNT10",0.0539331669674646,0.969847956577813,-0.00899847022359223,0.982571067916725,-0.0231237510435379,0.972994753675532
"SAP30L-AS1",-0.476060755953004,0.631427909480806,-0.377042813028887,0.600950135999603,-0.476513906082063,0.454646209978998
"LARP1",-0.00633458473770061,0.990850390543415,0.0116192765111723,0.969401661212156,0.0278214815563936,0.932604915803144
"FAXDC2",-0.477091695515064,0.633461558848371,-0.312076372868982,0.6118955526808,-0.415170629281208,0.486708653561664
"MRPL22",0.169512471284217,0.847763278066247,0.115453355276856,0.619039507055099,0.114664424200913,0.660373570029727
"HAVCR2",0.28434583764529,0.672194521709824,0.231740436028352,0.565951168967911,0.221301948946836,0.580946868284976
"ITK",0.578901308929541,0.86918309088418,0.395597706758863,0.822530413830063,0.270924561829624,0.879642667300819
"CYFIP2",-0.28371078733073,0.903608037062864,-0.164740302615047,0.876915417348679,-0.247858695926554,0.811910017160917
"ADAM19",-0.465243498505784,0.804492887444672,-0.370997414243075,0.700576833586673,-0.218130893051392,0.83780945723087
"CLINT1",0.0694384649525008,0.937120241257205,0.0411551318604723,0.918615564064886,0.0101236865861738,0.985159190594133
"RNF145",0.1110909979538,0.915615419264746,0.0593817371614418,0.891507633403955,-0.0110266781926832,0.983851956690426
"AC008691.1",-0.460670783033832,0.913354702114686,-0.499782587972932,0.763807426580721,-0.724910564273856,0.68768317588084
"ADRA1B",1.13895293505428,0.663974594664865,0.760884390110435,0.635116598030598,0.762224153134133,0.658630034567262
"TTC1",0.115628206772993,0.882264046366445,0.0995296300019768,0.786827674548573,0.104164455078061,0.811785898017482
"PWWP2A",0.0526671812451142,0.964462552585652,0.0675078756562616,0.858600740190134,0.0679236239427943,0.875581118417293
"SLU7",0.078013452827886,0.912259746037492,0.0303863822448474,0.927064243982203,0.00638036633976851,0.98833262269817
"PTTG1",-0.0119459447032701,0.994700390530767,0.0343377588889895,0.950352759818587,-0.0721187304459717,0.868416651730548
"MIR3142HG",0.0555583662801223,0.987168661761228,0.0491955039595637,0.965689252706415,0.0131887111071008,0.992015271357945
"GABRB2",-0.211225092102455,0.975727322813314,0.120003045784611,0.950352759818587,0.202673338736618,0.806345549179156
"CCNG1",0.0826120885676691,0.945421051661546,0.0232245011652653,0.954539069867881,0.0225788797819682,0.955892342072672
"NUDCD2",0.0184320816951575,0.988098841947966,0.0115756533498135,0.981281389473242,-2.53014409204148e-05,0.999842527724978
"HMMR",-0.229557661656348,0.915615419264746,-0.142788764824021,0.870765190363925,-0.286436285720113,0.732182402937651
"RARS",0.081394838755243,0.91971507233412,0.0667782089437268,0.848374793858531,0.100508476187019,0.757986251845624
"PANK3",-0.121225433404553,0.87360343324762,-0.118179309539956,0.712661164701235,-0.13205290557381,0.677246287404597
"SLIT3",0.132919107669433,0.983894524124084,0.0559160697749582,0.97246381207248,-0.183942412150122,0.891946985071105
"DOCK2",-0.0381138557914821,0.969952634197529,-0.020751528942825,0.961663698018687,-0.0769766281920476,0.819404388860613
"LCP2",-0.0494069424095977,0.975727322813314,-0.0217147943887195,0.972633302354072,-0.0659262979136064,0.91093329104767
"LINC01366",-0.0361142878207775,0.987676987381042,-0.0299633625914338,0.973587280964195,-0.156092367437124,0.695310922375912
"KCNIP1",0.0104773064539185,0.994202951143564,0.10043348458612,0.935940267154224,-0.126301792384922,0.902799134413293
"KCNMB1",0.0731104631942387,0.969952634197529,0.129685903779892,0.757575015433916,0.171166949592838,0.67979676378871
"RANBP17",0.0748493361045487,0.986243996198961,0.14841336278275,0.892452868202711,0.235540008158548,0.844314412133083
"NPM1",0.341803331259156,0.794910857306378,0.221090689964876,0.626375901485095,0.282841721821069,0.484530896990441
"FBXW11",-0.00642585086262175,0.993039382491997,0.0138801379320152,0.975940010120607,-0.0776838172202165,0.868416651730548
"STK10",-0.0680594855764988,0.97511291681835,-0.0500978333253613,0.925773221047207,-0.101087903559694,0.849373642506184
"UBTD2",-0.0356955303723049,0.986330893234285,0.014575359645362,0.975940010120607,-0.0432647383773052,0.939448801257632
"SH3PXD2B",0.256893974804832,0.915615419264746,0.23565758288601,0.797014489352343,0.320794746387264,0.743592762023648
"NEURL1B",0.131379280801317,0.983870626680522,0.065876949107103,0.973021251271484,-0.0508916117492369,0.980582155203971
"AC022217.3",-0.469673411070035,0.709746584312119,-0.292560239167388,0.69275266410881,-0.385159746994995,0.628719301812436
"DUSP1",0.0107332209056666,0.993545111216598,-0.0108388775013746,0.984011097633494,-0.0514596820848877,0.943665754096722
"ERGIC1",-0.159345028028804,0.85325053155458,-0.142080421114592,0.669124437478335,-0.197966190634922,0.587157613326748
"AC008429.1",-0.209729023726694,0.90551604090484,-0.120082451624389,0.865887045284762,-0.179606534709355,0.795852028600715
"RPL26L1",0.0431092551111037,0.987676987381042,0.0573230833833522,0.878905000893612,0.0142696906716784,0.976901867362516
"ATP6V0E1",0.183781232818165,0.841271683568883,0.202867427321868,0.565951168967911,0.223433332410136,0.525615470730499
"CREBRF",-0.165440890219119,0.85325053155458,-0.157869431656025,0.700576833586673,-0.207026955097071,0.627393320038457
"BOD1",0.253278201590521,0.807253920198163,0.16620542281318,0.707016966668684,0.197104754808992,0.672027179989312
"CPEB4",-0.154095926109929,0.919327712677189,-0.088401280295209,0.8843628398733,-0.183755179584159,0.65642344853735
"HRH2",0.0294046806940877,0.987381297202584,0.0424071700252374,0.956978877099631,0.0809401365324995,0.914685256526293
"SIMC1",-0.0801403610684339,0.963669518592274,-0.0183709765079355,0.977019075260405,-0.02436922330859,0.977649323251274
"NOP16",0.127896577069521,0.937295590475388,0.135650012866636,0.834832205291166,0.15261094310801,0.837740570596176
"HIGD2A",0.141899170526776,0.975727322813314,0.155371526598806,0.63709012848594,0.160583532068387,0.643709696969539
"CLTB",0.307166163770919,0.680936246736474,0.213944332757017,0.539909812541728,0.250035899885421,0.443658298786382
"FAF2",0.0616260078628871,0.94801751582644,0.0655902364002678,0.848374793858531,0.0728907962534192,0.82591843900154
"UIMC1",-0.0513322786387596,0.969952634197529,-0.0254269093135564,0.96277084031199,-0.0711168560502756,0.862063018736608
"NSD1",-0.0756488851284402,0.924498996804901,-0.0288170117165473,0.941264598661626,-0.0185161433501121,0.972048915989614
"PRELID1",0.232082877683285,0.941481893371475,0.178152535629983,0.6118955526808,0.194417349393028,0.617670448466621
"LMAN2",0.413567044455361,0.76063344310174,0.25584075227682,0.539909812541728,0.31879262543936,0.408142477549887
"DBN1",0.623662943684258,0.836203256481455,0.341950214383466,0.761732633664525,0.343291696228818,0.767618092084002
"PDLIM7",0.449117778904517,0.655064704728957,0.30871275547154,0.577660339563635,0.355599770965643,0.510146919208901
"TMED9",0.393500828436733,0.665272381593737,0.234218255763077,0.551608494098431,0.275942852249153,0.473493734259366
"NHP2",0.0384743908027194,0.990850390543415,0.0932902247506791,0.820756688134211,0.131805597593307,0.756813122295849
"HNRNPAB",0.104669287199429,0.935479761500471,0.0868620416000356,0.867775140580767,0.0597049978645956,0.923488310679102
"PHYKPL",-0.000864343376582504,0.999861953973754,0.0373792568018337,0.95449560049921,0.0282662071919341,0.97373044749767
"ADAMTS2",0.903559623278886,0.740956428327799,0.746892548022781,0.6118955526808,1.10697409060191,0.376391918003978
"RUFY1",0.173265155498679,0.693306436703996,0.161435620439809,0.539909812541728,0.170453600730266,0.497564170347714
"HNRNPH1",-0.235048458043291,0.790872788088734,-0.152277916289436,0.713923131494012,-0.219171128176175,0.629619559029358
"CANX",0.11463550497257,0.882264046366445,0.0496107959971659,0.890152476377743,0.0686536842021487,0.85616728220344
"LTC4S",0.0130659093035236,0.990850390543415,0.0734959815388617,0.870765190363925,0.0267813120914016,0.957562802791205
"MGAT4B",0.39137760309322,0.782347688269215,0.189163656211812,0.663988454978736,0.208716604959615,0.658477858631489
"SQSTM1",0.0917204991557423,0.966712918349758,0.0624170672998973,0.941264598661626,-0.0605528436912104,0.928617999980495
"MRNIP",0.0483934734298603,0.986243996198961,0.0685013533125437,0.934556074635128,0.0143463840600079,0.988199008429316
"RNF130",-0.0398518155394349,0.975727322813314,-0.0296323628226554,0.951723470599962,-0.0399155660473647,0.911768868128592
"RASGEF1C",0.00139153020532401,0.999963380658618,0.0097994933928429,0.996049574432636,-0.0935540575084742,0.969752805540984
"GFPT2",-0.388340514142133,0.886428075551855,-0.332786632418697,0.735512908698436,-0.594251605017348,0.461593118428979
"MGAT1",0.395898420189128,0.674893276948019,0.207029077097742,0.567636892317067,0.172567667454818,0.631383103629534
"HEIH",-0.0437952287251372,0.979937087517268,-0.0691470975058934,0.891507633403955,-0.152250034306367,0.66950787711072
"LINC00847",0.0976404183439569,0.937925320066869,0.0478385602437525,0.934298675323455,-0.0437959297909517,0.923488310679102
"BTNL9",0.708582190456699,0.8276928018909,0.500409830976351,0.756801218738335,0.503476765913157,0.745479749789988
"RACK1",0.330667287835476,0.886617324741233,0.215557681699253,0.576859503928985,0.303635100656491,0.364381114006951
"IRF4",-0.482410980793793,0.794511475184592,-0.318156497469367,0.576859503928985,-0.415094087724416,0.495586025860712
"EXOC2",-0.210755988967543,0.695012064214002,-0.155930321891132,0.649331678226707,-0.156853169360115,0.676872191446192
"FOXC1",0.538121461551046,0.844246272414761,0.2197729073781,0.763121519273086,0.171303319827293,0.849971664046083
"GMDS",0.331780780221189,0.713703084504335,0.306147614190826,0.602584390525497,0.333574984061193,0.591489845936739
"GMDS-DT",-0.243382601021934,0.716755156913227,-0.159344162102995,0.707016966668684,-0.164804914420474,0.733792358252607
"SERPINB1",0.17697382700927,0.765446296541722,0.165384710377125,0.6118955526808,0.215454574568622,0.455988349676889
"SERPINB9P1",-0.175853779519263,0.916339396900937,-0.169026228967117,0.756801218738335,-0.254180580229411,0.652434105797126
"SERPINB9",-0.109760746036642,0.937120241257205,-0.0519446236844259,0.928729308407458,-0.087660388978394,0.882466649141182
"SERPINB6",0.193971164494511,0.825132861502703,0.168360363831622,0.678110628123578,0.254565014971565,0.526483868522985
"NQO2",-0.0298990320547496,0.986740807946813,-0.0211967329958031,0.963675564531743,-0.0648060578736652,0.88696575298677
"RIPK1",0.018538396455419,0.987232790302631,0.0535091716913144,0.84980603096362,0.0615835092310853,0.845504483011055
"TUBB2A",0.262259676625061,0.941362866167704,0.202642917911912,0.655885041836434,0.0825845520845487,0.853829098635518
"TUBB2B",-0.0366811170503603,0.990966923882266,0.0332680474660819,0.980000233091819,-0.0551826206564273,0.970471175880853
"PSMG4",-0.0102280100337505,0.990850390543415,-0.0165206795020521,0.973528437650212,-0.00957658477835503,0.989193131684562
"SLC22A23",-0.164897833633275,0.924498996804901,-0.204323372224445,0.727359314461205,-0.318461735697803,0.560203546352872
"PXDC1",0.096730090576648,0.946978282166981,0.102096806282672,0.858706778179047,-0.0445220061278149,0.938245432373051
"PRPF4B",-0.161499674831558,0.838228110296931,-0.0970594105463622,0.804065117431189,-0.14523936646521,0.740850861189192
"ECI2",0.310142180028685,0.620497879203569,0.237950424634099,0.539909812541728,0.333340513967002,0.343224439327631
"CDYL",0.117247724624933,0.906869631745234,0.106288913266449,0.790067916621749,0.106590096588303,0.831013666506075
"LYRM4",0.0425466842756813,0.962718721338874,0.0656763402721042,0.797556545994522,0.0667898032980423,0.837429769891498
"FARS2",0.211208802144813,0.807686770704022,0.192502169008181,0.694207620665764,0.225344650831129,0.668290681860915
"NRN1",-0.225009928638743,0.958007726819188,-0.159881522218755,0.888509687831256,-0.279696194721421,0.740850861189192
"F13A1",-0.122080669096824,0.986136653224698,-0.0319138582225693,0.981281389473242,-0.0274012263294607,0.990095306124048
"LY86",0.085851119095253,0.94801751582644,0.101463674766994,0.825928810266268,0.0794813217886623,0.83780945723087
"RREB1",0.0814326499785607,0.920885507075657,0.0595178455969897,0.865887045284762,0.0937903381993671,0.757943212685876
"SSR1",-0.148551208507616,0.832510365260709,-0.109599696956234,0.725781874510064,-0.16534428872374,0.643946550076799
"RIOK1",0.0531113064604417,0.958007726819188,0.0504844165576318,0.89281147073688,0.0631657839357601,0.848752424140973
"BMP6",-0.287390177455926,0.916339396900937,-0.321247050805784,0.731624194752017,-0.488597356211911,0.521259875208012
"TXNDC5",-0.0812386536811578,0.962718721338874,-0.128424867211868,0.728626054491622,-0.205166355122538,0.602734415631695
"EEF1E1",-0.0247630778097613,0.987232790302631,-0.00063559309854812,0.999188751903088,0.0113237001215521,0.980108479276866
"HULC",-0.113284438691033,0.94773109868261,-0.0578542334999552,0.956240560346755,-0.137792650936182,0.876952946308714
"GCNT2",-0.30755857806967,0.866021281360059,-0.14169177966859,0.877421130655106,-0.288669114303551,0.704955888516877
"TMEM14C",-0.0133215950516225,0.993280685055571,-0.0262941757933531,0.963675564531743,-0.0353460138165979,0.943978301924551
"TMEM14B",-0.0547713163675735,0.968529247878935,-0.00427924938400482,0.993523124732251,-0.00024457366797134,0.999739842870507
"MAK",-0.654948355293503,0.607226415643211,-0.417293667765723,0.572932137442038,-0.495975282276868,0.49710277555272
"NEDD9",-0.260216816561163,0.745590386868765,-0.12774653702977,0.742036061649097,-0.174708844839036,0.674363867120955
"TMEM170B",-0.32792842059461,0.743988537519481,-0.247794402029199,0.6118955526808,-0.340098217732891,0.492865920176733
"HIVEP1",-0.292656388976953,0.794138154549402,-0.13773819705825,0.697102926257961,-0.230744713098025,0.475799368520998
"EDN1",-0.351623354133801,0.915615419264746,-0.421577463633879,0.646694978186956,-0.659614291530151,0.366678867165602
"PHACTR1",0.0937239598393604,0.947261053507097,0.103008956409238,0.82631015560339,0.098875993061459,0.837429769891498
"TBC1D7",0.0673855515623339,0.947711925014024,0.0229158802989413,0.96277084031199,-0.0700783572686335,0.861600338130576
"GFOD1",0.300574817196836,0.848228309522531,0.200275050303594,0.76807261540306,0.228743368726052,0.725100421060311
"NOL7",0.155556874591974,0.841271683568883,0.138686822045498,0.707016966668684,0.144126458711315,0.671725003276423
"RANBP9",0.111228653225934,0.937120241257205,0.0933447795023103,0.855616970453911,0.059863687333819,0.914685256526293
"MCUR1",0.184455389526374,0.705996054562018,0.15675494296249,0.602584390525497,0.169331904011922,0.570453357692432
"CD83",0.0178033291938513,0.993039382491997,0.08890095138572,0.848150887080806,0.00607220833218457,0.992190959133602
"AL133259.1",-0.224057683618795,0.95867628166691,-0.328385478241532,0.73101121462528,-0.450430535335121,0.668290681860915
"JARID2",-0.0726774852913024,0.964462552585652,-0.0303043289417708,0.961663698018687,-0.0605919571974535,0.904385399799427
"DTNBP1",0.26028369293095,0.620497879203569,0.212880886528574,0.539909812541728,0.270083972427747,0.376391918003978
"MYLIP",0.106203015570902,0.937120241257205,0.0196094682361327,0.972626641981822,-0.0568713212584176,0.901872547234938
"ATXN1",-0.234608194373623,0.680936246736474,-0.163828376569167,0.602584390525497,-0.257893350496737,0.42463556256099
"NUP153",0.00411603046730455,0.994202951143564,0.0101412820178942,0.982567521584643,-0.0169509376792856,0.979207899684523
"KIF13A",-0.0957885169209656,0.937295590475388,-0.0425071681687569,0.936550331587861,0.0182223220326463,0.977649323251274
"DEK",0.0675124748647,0.954749851012742,0.00140772623066635,0.996707533811374,-0.0266251475526048,0.957562802791205
"RNF144B",-0.0574363842734001,0.986243996198961,-0.0742691969529531,0.940619548176605,-0.0324974951130992,0.978888641982806
"ID4",-1.06265514529721,0.713703084504335,-0.901225838732551,0.567636892317067,-1.12112777873104,0.427789007407824
"MBOAT1",-0.440465509363804,0.695012064214002,-0.254739966453779,0.700576833586673,-0.248723522801104,0.732182402937651
"E2F3",-0.0438745607701924,0.959248300621966,-0.0265515085529457,0.93914373777039,-0.0193442749120888,0.964671066810479
"CDKAL1",-0.163602776495936,0.760255945404762,-0.109351764702709,0.755206261592226,-0.0984763303909755,0.818747649027668
"SOX4",-0.0593854661659865,0.987060796028084,-0.140623704666515,0.796120504106463,-0.21023677549773,0.707129473839406
"CASC15",0.0696864128101385,0.985214763269641,0.0807682624704839,0.926067070699412,0.0332246640700637,0.977649323251274
"TDP2",-0.0731986408823009,0.937120241257205,-0.0853169481710665,0.772626311773818,-0.127958842471724,0.699169202663262
"ACOT13",0.0150619780916038,0.987676987381042,0.0759423892148382,0.831370012774944,0.134229231952091,0.668846097638562
"C6orf62",-0.264148627231816,0.760525650507902,-0.208288501123484,0.649673650001193,-0.250661896208022,0.59257341004653
"GMNN",0.0938428190569932,0.947711925014024,0.0839497319111788,0.879318949048446,0.0656139321729816,0.923551390953285
"RIPOR2",-0.337005597317166,0.847164208899954,-0.240008068733312,0.76807261540306,-0.248255213381722,0.801143625969714
"CARMIL1",0.0658292397332446,0.97976411588027,0.0593514846403256,0.955974194500863,0.301794327234762,0.661101052133121
"TRIM38",-0.073736171125005,0.937120241257205,-0.0560518731371731,0.880283018475967,-0.0860539068901462,0.835739757867389
"HIST1H1C",0.139899669305065,0.975727322813314,0.0813938461694814,0.907659522502179,0.105640607138324,0.879642667300819
"HIST1H4C",-0.145896287514995,0.963710943134335,-0.199353334549251,0.728626054491622,-0.268660372643589,0.562754315836961
"HIST1H2AC",-0.0744899151086943,0.961399538616457,-0.107045701675622,0.798386759541427,-0.175938986141624,0.650528466704383
"HIST1H1E",-0.0796940367666756,0.987168661761228,-0.183160937885655,0.76807261540306,-0.26145687936189,0.642621820653838
"HIST1H3D",-0.189564163934954,0.946978282166981,-0.250750086042379,0.692050352841508,-0.405439132070297,0.484530896990441
"HIST1H2BG",0.149515070029993,0.937295590475388,0.0974785400045325,0.89555290468384,0.0466815220479571,0.946888849990106
"HIST1H1D",-0.074449063509041,0.978731255112132,-0.116823883910927,0.887873926895584,-0.0613513380879934,0.951917333690946
"HIST1H4H",-0.938469491035964,0.59030874370855,-0.738184432609267,0.539909812541728,-0.918355919671046,0.18131672651448
"BTN3A2",0.864096670607322,0.633461558848371,0.572477003958229,0.567754820711177,0.661629020376217,0.512503271974709
"HIST1H2AG",-0.229643765165784,0.886428075551855,-0.20640404943236,0.716776630926897,-0.320206044204429,0.526027543877305
"HIST1H2AH",-0.217091770192554,0.915615419264746,-0.142686223058693,0.834449139647509,-0.263014530684559,0.56387575959395
"HIST1H1B",-0.194008869880832,0.949896827190037,-0.182914782553341,0.833086038015381,-0.274750694680422,0.706323775177875
"ZSCAN16-AS1",-0.0981980575263911,0.920885507075657,-0.0472609099768583,0.911790652554603,-0.139842517269868,0.714358965510153
"AL121944.1",-0.210347378842054,0.871101737531254,-0.0576107201421357,0.903162098034093,-0.144794388884584,0.685511798317414
"HLA-F",0.354587364837627,0.620497879203569,0.286996632257289,0.539909812541728,0.313877626197444,0.429282266758225
"HLA-A",0.693577356535575,0.628902509076854,0.404494494068921,0.539909812541728,0.467729311898462,0.360834263201549
"HCG18",-0.0730987848621399,0.946978282166981,-0.0155566809294552,0.968736910528144,0.01145325180991,0.979207899684523
"RPP21",0.0352627470443126,0.987676987381042,0.0632002094194294,0.883320428133359,0.102764556396014,0.825293721416026
"HLA-E",0.267603632283484,0.722993526913415,0.187736222020003,0.600950135999603,0.226810140344689,0.510146919208901
"GNL1",0.275425597663196,0.631427909480806,0.229243840765116,0.539909812541728,0.168500546908272,0.627216971922475
"ABCF1",0.00110037233644924,0.999712449547403,0.0228959035500601,0.963350368188309,-0.00306751336657602,0.997113640321465
"PPP1R10",-0.0338133373547778,0.984809336198053,0.0218579265713244,0.962866185703775,-0.0176197524768723,0.970438323134195
"MRPS18B",0.216516356681768,0.743641475921582,0.135954321360269,0.678110628123578,0.216266738981011,0.486708653561664
"PPP1R18",0.237932555886114,0.620497879203569,0.161725987881568,0.576859503928985,0.128170137313021,0.669693275959664
"TUBB",0.367763791979674,0.8276928018909,0.199204380029082,0.539909812541728,0.25570870990816,0.427789007407824
"FLOT1",0.265871337628877,0.663974594664865,0.220683364170278,0.539909812541728,0.222424005457093,0.532551602204525
"IER3",0.229528575085638,0.906869631745234,0.256817088230733,0.539909812541728,0.253860769249089,0.510146919208901
"LINC00243",-0.313205898321234,0.843597380972485,-0.158050751106803,0.833312333476619,-0.210277548250527,0.76193005740603
"DDR1",0.0776204600564699,0.987165551409643,0.0228920301078819,0.976831570536172,-0.0404468667120371,0.971582780865488
"HLA-C",0.810391270162021,0.662844876689135,0.528627654789165,0.539909812541728,0.606802844801475,0.241248040103115
"HLA-B",0.586342727015997,0.635362086335881,0.320365715744182,0.539909812541728,0.395992372405402,0.268918420505112
"MICA",-0.0221203647037507,0.988989939436751,0.0688631199358252,0.909187720435598,0.0491834685019421,0.936418953465064
"DDX39B",0.0930775211312735,0.916339396900937,0.0798759448466163,0.838741898059118,0.0804449117722267,0.860312992856759
"TNF",-0.471341945926928,0.863283423432487,-0.203205915266729,0.827520329847365,-0.340110843087624,0.604738049252398
"LTB",-0.120400276445381,0.965863957544162,-0.122139725022286,0.865887045284762,-0.135246283497133,0.871237072166292
"LST1",-0.0975250491813131,0.945421051661546,-0.000155528754296894,0.99967840875972,-0.0611178494159004,0.883841284176259
"AIF1",0.068923343957173,0.986243996198961,0.0434386003475088,0.901553497791501,0.00294378050270692,0.995773281816741
"CSNK2B",0.186602117361082,0.937120241257205,0.105740544812108,0.756801218738335,0.141288603262149,0.643946550076799
"ABHD16A",0.0572491390224209,0.964563941864995,0.0927381244403874,0.779438129722726,0.0324126879664076,0.937196857773232
"DDAH2",0.269180525753599,0.672194521709824,0.203963121751795,0.571185324951607,0.176014608534875,0.646736088217769
"CLIC1",0.394001138345902,0.838228110296931,0.275050227423475,0.539909812541728,0.295929533884277,0.364381114006951
"LSM2",0.103475540283538,0.946978282166981,0.0554516175779447,0.885041529327646,0.127298220105545,0.69288471063633
"HSPA1A",-0.00316852832104177,0.999861953973754,-0.26624757800382,0.675699955475318,-0.287620491306114,0.62915730044559
"HSPA1B",-0.276890717272203,0.937295590475388,-0.443035439300486,0.569932367616775,-0.528999284390941,0.492633269829433
"SNHG32",0.0823029734028839,0.94773109868261,0.030055855145896,0.933850507025293,0.0380369953402271,0.921388739958762
"NEU1",-0.168190094115755,0.912259746037492,-0.220062549744402,0.6118955526808,-0.369662261397929,0.307928681666602
"C2",0.400575615189981,0.795440606734161,0.373113027723183,0.602584390525497,0.505223889560898,0.422806078163613
"CFB",-0.179800025765938,0.959248300621966,-0.135601077784104,0.873067922094414,-0.183692123229191,0.831013666506075
"NELFE",0.135355037410764,0.936813462377296,0.091606167872309,0.76807261540306,0.124528873785403,0.731331442054184
"TNXB",-0.0586032546792898,0.987381297202584,-0.0922343177560918,0.956240560346755,-0.176490618493307,0.909013039308803
"EGFL8",-0.0462339903202661,0.989701309603352,-0.00878462840290831,0.994111893424054,-0.0952058131583506,0.941641674764993
"AGPAT1",0.0523062740907812,0.987232790302631,-0.0392601630431672,0.942269421387533,-0.0294870409734866,0.951723230338668
"RNF5",0.0908124842855617,0.986243996198961,0.00132806733322263,0.996922272475779,-0.0221179631529776,0.952219368330894
"GPSM3",0.288139958175977,0.663401121515774,0.2299919361027,0.576859503928985,0.244436489150259,0.562754315836961
"NOTCH4",0.0351561582188057,0.987676987381042,0.0179171548496856,0.981580635040761,-0.0327648808894314,0.973878594622367
"TSBP1-AS1",-0.104104764935282,0.969952634197529,-0.0670820604530925,0.953950398414795,-0.15077069633541,0.882481661994655
"HLA-DRA",0.195724843866836,0.926058247355641,0.137273014870235,0.790067916621749,0.154061639707495,0.740850861189192
"HLA-DRB1",-0.52076022129704,0.745590386868765,-0.378070559746176,0.6118955526808,-0.339831094505054,0.684351540774242
"HLA-DQA1",-0.347428303424602,0.820711412257868,-0.262646063438268,0.680554703992045,-0.371415395493584,0.574734543184491
"HLA-DQB1",0.342907924104201,0.832510365260709,0.188334020245718,0.756801218738335,0.117550863587451,0.83780945723087
"HLA-DQA2",4.02635570138573,0.615910607717767,2.99189276359988,0.539909812541728,2.76614956870449,0.562754315836961
"TAP2",0.230733525037236,0.842460010275105,0.199100540204136,0.708900705627479,0.15870925976958,0.769064538994739
"PSMB8",0.471915003229864,0.836203256481455,0.32980372153639,0.539909812541728,0.426879733030796,0.345329429507274
"PSMB9",0.42021345301031,0.684238272206636,0.341116459415855,0.567636892317067,0.422852235949523,0.492865920176733
"TAP1",0.665992509767562,0.59030874370855,0.485286362984802,0.539909812541728,0.523360526958509,0.426574974407626
"HLA-DMB",0.119510157852132,0.922769589110717,0.0939826683335328,0.85542852292657,-0.0136361781583132,0.981938514455922
"HLA-DMA",0.262813781180427,0.756876062393678,0.224648532228732,0.5667926369966,0.206278481175257,0.549695983821101
"BRD2",-0.199404408097503,0.831586301123345,-0.169085592170883,0.675806956804428,-0.285045701415227,0.464988484038246
"HLA-DOA",0.00912669062255747,0.990966923882266,-0.0194268873225154,0.968736910528144,-0.0391297881482956,0.936418953465064
"HLA-DPA1",0.220385706162498,0.882264046366445,0.125861041297563,0.758083011260247,0.118774954168551,0.795852028600715
"HLA-DPB1",0.177735829325567,0.912259746037492,0.122462695236306,0.793266081317201,0.159855486373826,0.659522181455106
"SLC39A7",0.384495207783515,0.842482482599777,0.171668661643747,0.577939110670902,0.160034927604451,0.628797604096334
"RPS18",0.0177239788621722,0.993545111216598,-0.00766254362693097,0.984118878898905,0.0151310159070502,0.976949166476538
"RGL2",0.116796504947113,0.920885507075657,0.0936853031969679,0.849262748031994,0.0118131444608616,0.987390510458518
"TAPBP",0.182635985276423,0.745590386868765,0.140560117156776,0.647778243729206,0.160978895155249,0.642212074713433
"CUTA",0.0798807934105606,0.987232790302631,0.101689225918807,0.761146693087719,0.0894238637141186,0.837429769891498
"ITPR3",-0.34482401704514,0.921745497785775,-0.260392687392897,0.836729811998121,-0.352409025858777,0.723116381892166
"UQCC2",-0.0355170809767536,0.98469852697543,0.010895871355575,0.980768903450828,0.0746763408258143,0.859026784040244
"HMGA1",0.231334551354749,0.665272381593737,0.140491850650887,0.647778243729206,0.152250943929715,0.644562507706647
"SMIM29",-0.0737706150760151,0.986243996198961,-0.0201047035049235,0.96668416533004,0.0247367754477444,0.967663675087524
"AL354740.1",-0.261506458767891,0.840467050491297,-0.135316329317211,0.833086038015381,-0.133979614082669,0.855104819044811
"NUDT3",-0.141956131541495,0.86918309088418,-0.101561692996015,0.792119220424349,-0.129241936811967,0.76214077234056
"RPS10",-0.444729338712484,0.882679897116793,-0.370177896689667,0.539909812541728,-0.348491458730956,0.486708653561664
"ILRUN",0.157732486869322,0.842460010275105,0.135719164633242,0.626375901485095,0.116310355753733,0.729695123645453
"SNRPC",0.0879183463111816,0.946978282166981,0.108389622722449,0.680554703992045,0.11795304290493,0.655796142154467
"TAF11",0.0354645932496203,0.970103565877539,0.0541471743476179,0.87658461623176,-0.0133968600495437,0.977649323251274
"ANKS1A",0.0590254267255774,0.956189059517408,0.0667319361764793,0.870765190363925,0.0303302570974424,0.952057233868039
"PPARD",-0.108280927800723,0.951610900208567,-0.0598930427495781,0.908524530279617,-0.127737183972125,0.805891734806675
"RPL10A",0.0647839124920806,0.987381297202584,0.0511249064084736,0.890616410042787,0.0757984817761121,0.802467511404704
"FKBP5",0.237027542041708,0.933760103374907,0.176521774456983,0.881734569107956,0.296883246830447,0.800759848264319
"MAPK14",-0.147268293092378,0.782347688269215,-0.109353828789341,0.696845041771802,-0.111626095813157,0.72114752113053
"KCTD20",0.00821603505847584,0.990850390543415,0.0122912386905649,0.97308093374412,0.0125293782671283,0.977987747863683
"STK38",-0.0127304366291585,0.989701309603352,-0.0219175648341136,0.964780908825714,-0.0162721997759854,0.977394789707633
"SRSF3",0.0639221286429045,0.952676354135022,0.0500692167928199,0.894383547354664,0.0485601382676144,0.914685256526293
"CDKN1A",-0.021077671998857,0.987676987381042,-0.0585588771604264,0.882796185416272,-0.11982388155427,0.756710409736756
"C6orf89",0.0905255514612999,0.912259746037492,0.0808169299131989,0.798836118993548,0.105076687067464,0.757986251845624
"MTCH1",0.188981358623548,0.756024783939142,0.18027059069627,0.539909812541728,0.150269702725919,0.626262000594963
"FGD2",-0.0388043434578366,0.987060796028084,0.00392489779266444,0.995964398344206,0.131462117474367,0.835496228774023
"PIM1",0.354502135154494,0.795440606734161,0.16678941260118,0.753503800478187,0.0941854353980306,0.870423196490773
"RNF8",0.146482166355727,0.863683229367313,0.123864229260268,0.738441246089039,0.22331100741783,0.524568846667637
"CCDC167",-0.13353995615525,0.965026801109949,0.0189455151190227,0.975958579911476,0.0748847324612146,0.919350342023517
"ZFAND3",-0.0347698119904757,0.974793128542308,-0.0121734424784111,0.971619787724466,-0.0258488995109754,0.945137784813934
"BTBD9",-0.160177562527386,0.83918015622167,-0.117931276113293,0.78387086398771,-0.0649465569744412,0.895389060587653
"GLO1",0.105042890225596,0.946978282166981,0.0409876139884393,0.958093966183399,0.139964043396899,0.799807361722502
"KCNK17",0.743789299567329,0.804738005641345,0.48190763603339,0.75031734596847,0.471845073373362,0.780707245084573
"DAAM2",0.183838959900538,0.947261053507097,0.15176151867857,0.891507633403955,0.147605591237767,0.883528995898572
"TREM2",0.288502550513339,0.8276928018909,0.263444442513147,0.577939110670902,0.293861501630319,0.555094888409749
"TREM1",-0.243223232238887,0.920170999728793,-0.0807246916759488,0.883252562500238,-0.190899236981389,0.650488265843412
"TOMM6",0.0739952341909004,0.987676987381042,0.0696921624216088,0.837201784480071,0.0953366643636642,0.760378264086355
"USP49",-0.0664117344990345,0.977922694820062,-0.0565951634528822,0.951921041926033,-0.0805083790907279,0.92355701345697
"CCND3",0.229719843778843,0.9117360607865,0.18427324418824,0.833911963386088,0.288931323860397,0.760378264086355
"MRPS10",0.0489293400555848,0.958007726819188,0.0373107550957418,0.901776346236601,0.0576353495476053,0.861600338130576
"TRERF1",-0.551445781920477,0.655064704728957,-0.393550655245484,0.6118955526808,-0.545525199183012,0.512503271974709
"UBR2",-0.086581091063895,0.915615419264746,-0.0601020603708169,0.848069065760602,-0.0661294337520712,0.851207358141116
"BICRAL",-0.390366309633634,0.562118039898797,-0.277164013405003,0.539909812541728,-0.332171892956129,0.406317645003979
"RPL7L1",0.177090089620838,0.7720934904036,0.14757426937925,0.669124437478335,0.164821653643517,0.639972620212142
"CNPY3",0.375981231179048,0.615910607717767,0.257839323033728,0.542842339693613,0.366862044235239,0.376391918003978
"MEA1",0.209941848859755,0.943083225919622,0.140853983068574,0.703986373319257,0.192306520889322,0.600875338187416
"RRP36",0.350375285229214,0.563701397919685,0.279065814322805,0.539909812541728,0.3370164064383,0.307928681666602
"DNPH1",0.0716899141379202,0.987381297202584,0.154204550754525,0.655885041836434,0.167821922073022,0.629619559029358
"YIPF3",0.41898388986863,0.795440606734161,0.236012072385548,0.567754820711177,0.287293998961629,0.492865920176733
"VEGFA",0.349544399623889,0.888241285587719,0.274957520803828,0.72444137108056,0.3415580670829,0.660131517259233
"AL109615.2",0.168192098303626,0.912249710023291,0.156212696757101,0.763807426580721,0.149216241383591,0.807005377837559
"MRPL14",0.0251300017602432,0.987676987381042,0.129301299149956,0.662549644226789,0.118506678694729,0.730453256510292
"SLC29A1",0.202029080537538,0.863283423432487,0.127061535939992,0.829013748623538,0.126201606240205,0.851615103190831
"HSP90AB1",0.250518418189362,0.915615419264746,0.0851043493539783,0.872607127143411,0.0719490195669896,0.911696415617216
"SLC35B2",0.0442019108172803,0.987676987381042,-0.0521975254012172,0.95050569742153,-0.132917720479901,0.835540631784637
"NFKBIE",0.100747315176781,0.943454646328941,0.0450415438402865,0.938163005316088,0.0685308244358446,0.897120364639856
"CDC5L",0.0798339128050964,0.924498996804901,0.0531644860594225,0.893945927996825,0.0548903979710476,0.89675635447082
"SUPT3H",-0.0641283636836643,0.946978282166981,-0.0481761411609107,0.923108484360897,0.00831496334651787,0.99029662861262
"RUNX2",-0.0442781440507334,0.985589193542083,-0.0612502431162087,0.924600420229195,-0.115078155547203,0.83780945723087
"ENPP4",0.157272818883103,0.923602803613446,0.0661243628663141,0.925773221047207,-0.00458944833524215,0.995952806686825
"RCAN2",-1.2067192867005,0.659564394798225,-0.903979418477385,0.576859503928985,-1.10410600254746,0.470146306281723
"PLA2G7",0.76796083956135,0.620497879203569,0.455258935936265,0.539909812541728,0.513372550458847,0.364381114006951
"ADGRF5",0.458935461398376,0.909991992195616,0.375613086759641,0.835278724571696,0.253679694578663,0.898481253416395
"TNFRSF21",0.247679103793202,0.850765417220173,0.221274673334245,0.703986373319257,0.258700111646183,0.665035925237882
"CD2AP",0.0191726180451271,0.987232790302631,0.00011986471449836,0.99967840875972,0.0124813082178307,0.979207899684523
"AL353138.1",-0.307301763951794,0.899444662239254,-0.207736476319001,0.868420307355323,-0.330248861904751,0.740493061721778
"MCM3",0.148250696537561,0.912259746037492,0.098918976116117,0.856785135164202,0.183145874763816,0.725895446380695
"PAQR8",-0.110322340876069,0.98469852697543,-0.149824371277128,0.790067916621749,-0.232273775892845,0.670884915964199
"EFHC1",-0.396022928166167,0.743988537519481,-0.280010249198934,0.678110628123578,-0.328925026125107,0.656497225381904
"TRAM2",0.0717199589971494,0.975333653661194,0.0679135488491345,0.93914373777039,0.0788566171359598,0.928480571560772
"TMEM14A",-0.13836039517178,0.975727322813314,-0.11167394105954,0.916199047574657,-0.172692261023163,0.877069431682963
"FBXO9",-0.0137799499951669,0.987676987381042,0.00336462537456673,0.994111893424054,-0.0430311867240804,0.926493644917102
"ELOVL5",-0.0146219438977613,0.987381297202584,-0.0336691284034715,0.903959420211204,-0.0699374099208806,0.822727876050727
"GCLC",0.0280808564874198,0.988989939436751,-0.0494822369266936,0.95050569742153,-0.0294069002127977,0.973942463195293
"LRRC1",-0.212862866703945,0.917132712636844,-0.161666632999516,0.858976494061637,-0.237192024012638,0.792835401805648
"MLIP",-0.821470293605534,0.86918309088418,-0.578875991793301,0.790012485044247,-0.731468299620936,0.748961801454769
"COL21A1",-1.06690716564637,0.745369713372191,-0.742128943370624,0.647778243729206,-0.675522234707575,0.65642344853735
"DST",-0.0559179559237246,0.956291459840523,-0.0323252701150804,0.942796061586225,-0.0245852035189356,0.957562802791205
"ZNF451",-0.00590843744924899,0.990850390543415,-0.0130244695742954,0.969900650801383,-0.0173294057438738,0.970471175880853
"PRIM2",-0.18072847220085,0.794910857306378,-0.101615633043199,0.813747570349955,-0.121213114750667,0.806345549179156
"KHDRBS2",-0.142903242919874,0.973305994881223,-0.187753250782309,0.893632374210033,-0.261132703565701,0.859270892438059
"PHF3",-0.0613361097887218,0.947711925014024,-0.0769367669105815,0.817449049480332,-0.0641240746682455,0.868416651730548
"EYS",-0.31920628074306,0.848228309522531,-0.205126527062079,0.848150887080806,-0.197599156539029,0.853526164117401
"ADGRB3",-0.791601048868747,0.620497879203569,-0.578067621897444,0.539909812541728,-0.888294951887392,0.273227381123984
"LMBRD1",-0.0657847428642023,0.946978282166981,-0.0670192146889589,0.867775140580767,-0.0835090169787424,0.848456156311108
"FAM135A",-0.201115679881648,0.834869989317809,-0.186942057829471,0.647522929906919,-0.237428668525091,0.562754315836961
"SMAP1",0.0945938744652888,0.896632194312045,0.0618656605710448,0.865887045284762,0.0968494578776003,0.79074754214483
"AL589935.1",-0.251768390562775,0.86852877622815,-0.147868208562644,0.868420307355323,-0.291698665450881,0.671725003276423
"OGFRL1",0.0273123927594458,0.987381297202584,-0.0170249159594554,0.975544798159894,-0.12697021494605,0.751636540376963
"LINC00472",-0.361978715150162,0.743988537519481,-0.272294965399245,0.666673305112669,-0.38871420166214,0.492865920176733
"KCNQ5",-0.246807250739244,0.965429829577843,-0.118701163137952,0.963513166602116,-0.517281015374589,0.791364645921713
"CGAS",0.276507222608715,0.743988537519481,0.225391480657299,0.602584390525497,0.196429267257263,0.659522181455106
"EEF1A1",0.179739513085439,0.947261053507097,0.062176181554925,0.891507633403955,0.0644441025471431,0.868416651730548
"SLC17A5",0.079181416878134,0.959248300621966,0.065186924619698,0.910792859497578,0.0539453554881206,0.936418953465064
"CD109",-0.267549230280494,0.903608037062864,-0.157452563787693,0.877318442258331,-0.371741083490708,0.661101052133121
"COL12A1",-0.100021897698645,0.987168661761228,-0.0902563188995538,0.96242869953788,-0.164030211490334,0.914685256526293
"COX7A2",0.0154058652330668,0.994202951143564,0.0398230416172749,0.931623911773862,0.0597850960652965,0.907227152174562
"TMEM30A",0.0232535751702615,0.987676987381042,-0.0938347243428926,0.728626054491622,-0.129203365562397,0.674188768108013
"FILIP1",-0.0369836703263155,0.987676987381042,0.0138716658839958,0.990128606041003,-0.00264738924734549,0.998991540767589
"SENP6",-0.105769489050476,0.895362634494784,-0.0819847060181065,0.818037472136314,-0.121994675043395,0.753392468267112
"MYO6",-0.175633670116034,0.959248300621966,-0.205376193096816,0.83591068513833,-0.312641867000992,0.759954651839089
"IRAK1BP1",-0.385952149299879,0.781913752028351,-0.218899475282299,0.788519086990831,-0.377324674437661,0.661101052133121
"PHIP",-0.0923750674624839,0.876539754367235,-0.0810533893018542,0.73101121462528,-0.0924159140375247,0.723116381892166
"HMGN3",-0.0262296856958822,0.986243996198961,-0.00521998929060685,0.988934870673404,-0.066082020326293,0.858808048670035
"BCKDHB",0.0668828669495753,0.962718721338874,0.0790244034448255,0.890152476377743,-0.0346834001457105,0.957032935111442
"TENT5A",-0.09526497255005,0.923535871787432,-0.0549900289783049,0.891507633403955,-0.168372527967324,0.58482270316746
"LINC02542",0.448838138350373,0.795440606734161,0.348777586048611,0.707016966668684,0.543772318665616,0.524568846667637
"IBTK",-0.151791676334163,0.816891426562279,-0.105269229592315,0.756153491520394,-0.0766741106358971,0.82591843900154
"TPBG",-0.726539054834037,0.628902509076854,-0.495107309668995,0.577660339563635,-0.438090820769868,0.642621820653838
"UBE3D",-0.359757613052861,0.663974594664865,-0.256068844741453,0.64689033572854,-0.319935040759782,0.58482270316746
"DOP1A",-0.104360950972479,0.903608037062864,-0.0916437746414652,0.813747570349955,-0.130037519290628,0.753750518640655
"ME1",-0.113911771705305,0.962718721338874,0.00615210500652259,0.994368129329346,0.017542475253373,0.988199008429316
"CYB5R4",0.0136376495195367,0.987232790302631,0.00107607586806716,0.996707533811374,-0.0231824872267296,0.945814612664551
"CEP162",-0.275627913186803,0.704988306651163,-0.176551049901278,0.678110628123578,-0.187715799814377,0.664639500351045
"SNX14",-0.0509544802426032,0.945421051661546,-0.0385508713384749,0.895123255933228,-0.0530435275662968,0.866557324156809
"SYNCRIP",0.0696590290079871,0.947711925014024,0.0450367436746409,0.927064243982203,0.0310905328391392,0.955253064145895
"SNHG5",0.0116756488684915,0.993039382491997,-0.044839521881071,0.961663698018687,-0.0962071934232745,0.877069431682963
"ZNF292",-0.0295717468350827,0.986243996198961,-0.059358614873984,0.877340784713919,-0.0579815748167344,0.888819912965196
"SMIM8",-0.363842196053404,0.633461558848371,-0.243409166221026,0.539909812541728,-0.326300387476661,0.426574974407626
"RARS2",0.0609307654003705,0.937120241257205,0.0460133735799108,0.89437414101352,0.0804694200104376,0.82591843900154
"ORC3",-0.119986312668076,0.850765417220173,-0.0610338044373769,0.865887045284762,-0.0744891699450017,0.85616728220344
"AKIRIN2",0.126497620727225,0.878717842431722,0.0928256085702954,0.813051135635979,0.0241717882465495,0.96749032534522
"RNGTT",-0.0699751412605737,0.937120241257205,-0.0182398975117883,0.966674371390903,-0.0362793998307844,0.943715624195426
"PNRC1",0.0537034409983525,0.973305994881223,0.00929147652940011,0.982567521584643,0.0220129496420644,0.96749032534522
"UBE2J1",0.213055709291688,0.831586301123345,0.139070638909762,0.756153491520394,0.19187431379648,0.688705518841158
"ANKRD6",-0.099068046008106,0.923044406059656,-0.0550818636828932,0.925773221047207,-0.0576909471798568,0.934890182573882
"LYRM2",-0.0494593250181197,0.964563941864995,-0.0121353049959183,0.975544798159894,-0.0134632525385024,0.979207899684523
"MDN1",-0.0171441683350859,0.987232790302631,0.00498032089337902,0.989648351854567,0.0171856029385883,0.975167068916286
"CASP8AP2",-0.0771005078966683,0.942492479468341,-0.0438090817699407,0.927996675096634,-0.0236790272202645,0.970471175880853
"BACH2",-0.372039579181433,0.868718202741141,-0.252208631648319,0.824089719241719,-0.372569460954146,0.665477505562361
"MAP3K7",-0.0624945738038803,0.946978282166981,-0.0729028670105902,0.840535117059591,-0.0782875464749046,0.848456156311108
"UFL1",0.0954410649688473,0.923535871787432,0.0630148936977679,0.890152476377743,0.0894514327330341,0.837429769891498
"MMS22L",-0.530754234573041,0.562118039898797,-0.38751821934916,0.539909812541728,-0.441483530079789,0.416337165345633
"FBXL4",-0.288236448355752,0.620497879203569,-0.221075677567155,0.567636892317067,-0.225968091260584,0.565699562145283
"PNISR",-0.124591229021504,0.858670945420424,-0.104175555103009,0.743182114935525,-0.136804982352121,0.673601444674556
"USP45",-0.214398279881043,0.836203256481455,-0.128807649708279,0.823141670358777,-0.135066792053903,0.846522754089938
"TSTD3",-0.405745319983743,0.620497879203569,-0.262158899890428,0.616245684561578,-0.327013270603498,0.562754315836961
"ASCC3",-0.0155017864541394,0.987381297202584,-0.00416712859126455,0.99159047822418,-0.00380017599437352,0.995386539319373
"AL357522.1",-0.558135090949499,0.915615419264746,-0.489411440779032,0.806409740187469,-0.617746551958092,0.773151693281628
"POPDC3",0.515060084713774,0.831586301123345,0.489537441680387,0.682769929955018,0.499834118385005,0.679709057848607
"PREP",-0.062011004276308,0.935582707073966,-0.0350475655009377,0.925773221047207,-0.071702484599407,0.851207358141116
"PRDM1",-0.125714110577961,0.935582707073966,-0.0803509560294096,0.862943060912263,-0.138618919874302,0.745356724932506
"ATG5",0.150217569614536,0.841271683568883,0.128433665505934,0.714486780209112,0.145402109244159,0.685511798317414
"CRYBG1",-0.0849682708081242,0.969952634197529,-0.0461203583862027,0.962866185703775,0.0943042454020661,0.902799134413293
"PDSS2",-0.0263435453927767,0.986243996198961,0.0232653696993002,0.962866185703775,-0.0110854862437511,0.986609483185373
"SOBP",-0.089910040839708,0.987232790302631,0.193097863497342,0.901776346236601,0.112043809620293,0.948981974794731
"SCML4",0.665697569215169,0.795440606734161,0.540178832225565,0.700576833586673,0.534843442058207,0.674363867120955
"SEC63",-0.0236655332200794,0.976336199499045,-0.00896736598274314,0.976831570536172,-0.035342024453081,0.919289818241149
"OSTM1",-0.0349197571313413,0.975195695221014,-0.0269245086854036,0.953950398414795,-0.0333989230118856,0.943273803547504
"SNX3",0.20606589063623,0.821014778838176,0.120289270002388,0.781746921621551,0.172137637648238,0.672027179989312
"AFG1L",-0.0914601564695708,0.938617381292698,-0.0403230398835939,0.959363914809973,0.00182195513449354,0.998801924059983
"FOXO3",0.0762209758590244,0.950497705925427,0.025729422101498,0.962866185703775,0.0312846117453742,0.957278826291924
"ARMC2",-0.0415238397965567,0.986243996198961,0.028187455568851,0.972626641981822,-0.0182641041689322,0.98661291854552
"SESN1",-0.0650555558285637,0.969952634197529,-0.0787614951413082,0.894437808342616,-0.038830641195279,0.962220442527391
"CD164",0.0920709902138534,0.921745497785775,0.0325162561761709,0.942235289270853,0.048877705430874,0.901057972955735
"AK9",-0.396276780942102,0.656116321170262,-0.294140907938416,0.5667926369966,-0.391794974127092,0.42463556256099
"FIG4",-0.0908199467175041,0.920800560535454,-0.073755750542315,0.865887045284762,-0.138989939521404,0.749855507789531
"CDC40",0.0268395629176565,0.975727322813314,0.0242518980619496,0.94880957591207,0.0331473610419589,0.932543727288546
"CDK19",-0.243237469318117,0.696319555448604,-0.174724523507835,0.623206644050332,-0.277199790670593,0.455988349676889
"AMD1",-0.139640263886806,0.871146086444017,-0.134669316215215,0.707016966668684,-0.221058028783735,0.510146919208901
"GTF3C6",0.162945922613717,0.937120241257205,0.114401955320282,0.728626054491622,0.152805978152033,0.623631194185174
"RPF2",-0.032480786165472,0.987165551409643,-0.00359394431976732,0.995964398344206,-0.0200932020143217,0.979207899684523
"SLC16A10",0.432889334618366,0.920800560535454,0.50125459644394,0.600950135999603,0.644111899803676,0.455729469688749
"MFSD4B",0.0561034068325571,0.966712918349758,0.0716973624396678,0.882550819749609,0.111624540684093,0.822329630704024
"REV3L",-0.23382532018484,0.680936246736474,-0.169339116898112,0.602584390525497,-0.205877800535255,0.510146919208901
"TRAF3IP2-AS1",-0.415385824406938,0.59030874370855,-0.33653415742713,0.539909812541728,-0.489206074342383,0.257964807679234
"TRAF3IP2",0.0174225990592378,0.987676987381042,0.0299638476925701,0.962866185703775,0.109481305823538,0.837429769891498
"FYN",-0.012982918831724,0.993039382491997,-0.0497662217450901,0.959017712897183,-0.0490927266179692,0.957032935111442
"FAM229B",0.0227405138210864,0.993039382491997,0.0402300298912917,0.961732451996458,0.00102868894610488,0.99948530430867
"LAMA4",-0.174948639476712,0.975195695221014,-0.16156982286893,0.923108484360897,-0.296335182870235,0.829309687795442
"MARCKS",0.0596545870304405,0.987060796028084,-0.0427571043924537,0.933850507025293,-0.0135887705401955,0.980514175353266
"LINC01268",-0.228844363769654,0.866886249963332,-0.188460202956121,0.756801218738335,-0.231756277537758,0.669306105076811
"HDAC2",0.0221345478660868,0.987232790302631,0.0211266686580108,0.968451687014955,0.0285235461793264,0.96354247200553
"HDAC2-AS2",-0.0336669476699479,0.987232790302631,0.0137686382571344,0.984011097633494,0.0422325919400116,0.969162032696058
"NT5DC1",-0.0505779931194997,0.975727322813314,0.00289675260835594,0.996049574432636,0.0716794561840371,0.884546907721629
"TSPYL4",-0.122312732562472,0.975333653661194,-0.144920332808509,0.783116134022257,-0.250431453297556,0.666696927518615
"DSE",-0.129657050296977,0.886520545100434,-0.103982029597234,0.771861415042149,-0.132949101068364,0.741356866789519
"TSPYL1",0.0283748518722939,0.987676987381042,-0.0574131320782294,0.887905766052439,-0.0654895727407207,0.883681506018053
"CALHM6",0.124260739034068,0.947261053507097,0.100820892898611,0.813747570349955,0.143757004500986,0.674363867120955
"RWDD1",0.0788562420117227,0.946978282166981,0.0723260347856504,0.875077046802286,0.14486031958891,0.71233550026931
"KPNA5",-0.216079995050277,0.760255945404762,-0.172686300810263,0.648927184672061,-0.274871532126689,0.462429374103924
"GOPC",0.0565915616350798,0.945171352666006,0.0653840653069621,0.837201784480071,0.0899945425389597,0.789297614355546
"SLC35F1",-0.430848759023047,0.935479761500471,-0.273631347471568,0.891507633403955,-0.385669102573152,0.790544208457948
"CEP85L",-0.39409934021564,0.562118039898797,-0.287751215151713,0.539909812541728,-0.348542467723371,0.37015433694426
"MCM9",-0.233882244113917,0.700393778780536,-0.151930946631274,0.723988436794654,-0.19051500164232,0.69557035223712
"AL137009.1",-0.445722022520793,0.854531124380244,-0.408098817995728,0.755206261592226,-0.419421280540715,0.773876586421391
"FAM184A",-0.0521121014799123,0.987232790302631,-0.0693363012521763,0.959017712897183,-0.102437058212299,0.935513082241521
"MAN1A1",0.116064409265556,0.932517504073116,0.0347825630606689,0.950670754810894,0.0414135007287881,0.938766652604252
"AL078600.1",-0.476371164293651,0.684558955714022,-0.436405222550483,0.659515997388856,-0.573224736800475,0.565699562145283
"TBC1D32",-0.278933840498537,0.684238272206636,-0.175239373202316,0.717433010177714,-0.274085054126844,0.599116449593747
"GJA1",0.169634206913684,0.981775591990989,0.128387122425153,0.950670754810894,0.0438304908397122,0.983289447705065
"SERINC1",-0.0229596766241166,0.987232790302631,-0.0739140226183491,0.833312333476619,-0.0746990257350493,0.85524217122191
"PKIB",0.130675095498353,0.962348329941207,0.175569917303041,0.809907528930234,0.214330252201467,0.791183439973638
"RNF217-AS1",-0.124875636078465,0.934593646882978,-0.0780173337809674,0.923054773439819,0.0321602459922723,0.974401930701319
"RNF217",-0.027410585451328,0.986243996198961,-0.0270489957160918,0.956240560346755,0.0382639188116952,0.932271261068286
"TPD52L1",-0.336777965759165,0.937120241257205,-0.170049618492886,0.931593639903366,0.239923963154668,0.900216596874957
"HDDC2",0.128075262782966,0.945421051661546,0.076891836836244,0.84980603096362,0.13282886867467,0.661311727667947
"NCOA7",-0.286742163838188,0.740956428327799,-0.166676808231071,0.708096523326463,-0.260801458748596,0.552534852329702
"TRMT11",-0.12668998091045,0.903608037062864,-0.0513651339476974,0.923108484360897,-0.0354389476563336,0.95848592426938
"CENPW",0.0961749728558215,0.984952104615951,0.0727371544405507,0.931098195759938,0.0685235619782028,0.936267582711561
"RNF146",-0.12765698098261,0.934816943280864,-0.118757246485113,0.834832205291166,-0.171225093475219,0.72114752113053
"ECHDC1",0.129651331259568,0.912259746037492,0.091606534557181,0.865887045284762,0.158150011461391,0.737870328721417
"KIAA0408",-0.623972698659701,0.836203256481455,-0.489582396538658,0.682769929955018,-0.620682276892559,0.565565168186256
"SOGA3",0.0979404213691663,0.986330893234285,0.144945009603987,0.923493171039234,0.0694376347976527,0.972964360112743
"LAMA2",-0.504894048603647,0.794138154549402,-0.37339654942433,0.685424656067348,-0.567954559525128,0.409023911632036
"AL356124.1",-0.105357082491446,0.92417531528931,-0.0203913631534966,0.974423941231195,-0.021571581382796,0.977649323251274
"ARHGAP18",0.131225327615376,0.915615419264746,0.139971609962388,0.735512908698436,0.219674126604705,0.486708653561664
"EPB41L2",0.1421429171236,0.908458190058852,0.103138611761471,0.828950088254591,0.065131676594973,0.91093329104767
"AKAP7",-0.117207317579108,0.847164208899954,-0.0561378158741995,0.863819272652839,-0.0874436142966715,0.792044889142667
"ENPP1",-0.399268319163055,0.682833215369481,-0.283712592310812,0.619039507055099,-0.455681112724181,0.427789007407824
"CCN2",0.202570557302965,0.975727322813314,0.0244246358315537,0.989296968367675,-0.159115796498907,0.939448801257632
"MOXD1",0.292638754814702,0.952676354135022,0.168064584245036,0.923054773439819,0.0593113552813201,0.976881546651984
"STX7",0.00719309688335985,0.990966923882266,-0.0164941049378364,0.968099084668931,-0.0480054542264057,0.91093329104767
"SLC18B1",-0.080052572592985,0.969952634197529,-0.114431577236524,0.870661925294145,-0.186797775927632,0.78521123887799
"RPS12",0.162109478191398,0.968529247878935,0.0787241737204113,0.848123562433291,0.104624928743921,0.794019265540802
"TBPL1",0.134753667253354,0.923535871787432,0.0981021882526621,0.856292466956988,0.117872418900671,0.841268489400122
"SGK1",-0.150279962113057,0.903608037062864,-0.126554255469388,0.755804595002153,-0.243690556346361,0.526027543877305
"AL355881.1",-0.425949997553627,0.713703084504335,-0.25003825835094,0.700576833586673,-0.401003789485844,0.446745182560947
"LINC01010",-0.536978118938369,0.695012064214002,-0.35907380568848,0.655516967718768,-0.726671732712323,0.257964807679234
"CT69",-0.212364829010216,0.923602803613446,-0.127210182058692,0.894114216309383,-0.343821164765138,0.675312666289578
"AL078590.2",0.00501086076345907,0.997328968740243,-0.000832544631681074,0.99967840875972,-0.0571814832666562,0.962450275808751
"HBS1L",0.0559502609772266,0.962718721338874,0.0462113768788079,0.923493171039234,0.0490449701100606,0.92705518869401
"AHI1",0.217158185597543,0.674893276948019,0.177327911355072,0.567636892317067,0.163877599316065,0.607360753037761
"LINC00271",-0.141453026539443,0.959248300621966,-0.0498124572993995,0.963350368188309,-0.297020867790979,0.685511798317414
"PDE7B",-0.491991241478368,0.843597380972485,-0.16102688134528,0.886521787873812,-0.368735572514046,0.694946500373852
"AL360178.1",0.0322966783626798,0.990850390543415,0.242248817083345,0.819651123007178,0.413061624914151,0.709298290205447
"BCLAF1",0.0469503296234323,0.968529247878935,0.012010901871585,0.977530165599063,0.0533113419809076,0.892914964963681
"MAP3K5",-0.131506992421523,0.916794742663761,-0.0935609991891059,0.846012846277298,-0.0553331337839038,0.91241011258695
"AL121933.2",0.164610857271416,0.935479761500471,0.170227176088921,0.802961358307063,0.154422104460298,0.837429769891498
"IFNGR1",0.0940107057686951,0.951118072710446,0.0307486915702634,0.963632023564318,0.059128060367215,0.922709833813539
"AL356234.3",-0.67093076187723,0.672839863206178,-0.485432535721624,0.565951168967911,-0.615497804477608,0.41778242206138
"WAKMAR2",-0.345702620473603,0.847164208899954,-0.211190411665273,0.809613917200381,-0.331854960700618,0.57322725835086
"TNFAIP3",-0.302310699916841,0.842460010275105,-0.244965123020577,0.711331071049251,-0.282535401178159,0.643946550076799
"PERP",0.272194125397485,0.956291459840523,0.20011391013543,0.8843628398733,-0.0150996741628469,0.994458394354299
"HEBP2",0.0674530282704511,0.952093474531886,0.0563280880379578,0.895668208123086,0.0602763614698513,0.869793185908311
"NHSL1",0.0779920849932008,0.975727322813314,0.00976039719345306,0.99159047822418,0.0512883671725925,0.963163635851747
"AL590617.2",0.249035975110204,0.847164208899954,0.179775902137907,0.781746921621551,0.164958986184391,0.828769610127563
"REPS1",-0.0552998850627119,0.94801751582644,-0.0301052840555258,0.95050569742153,-0.0503872819402135,0.91093329104767
"ABRACL",0.241080282248782,0.837836391925067,0.158486929178629,0.770856818853275,0.133343404661389,0.825293721416026
"HECA",-0.135937256690433,0.871146086444017,-0.134269883623493,0.682971009494621,-0.146177323683572,0.672027179989312
"AL592429.2",-0.567899410112864,0.83918015622167,-0.361721188887909,0.818669881922612,-0.636794814506879,0.639972620212142
"CITED2",-0.0848109162470812,0.975727322813314,-0.162367316044282,0.820773097427908,-0.37362857442642,0.364381114006951
"AL035446.2",-0.223566884720271,0.963914153263676,0.0606713975480654,0.975491710400042,0.0478196104104739,0.980766459646602
"ADGRG6",-0.389405275098042,0.695012064214002,-0.291415189107927,0.616245684561578,-0.291193228669225,0.639721049300902
"HIVEP2",0.133571105659034,0.924498996804901,0.0643665826578091,0.90776485861185,0.0108659727368028,0.989835822034093
"AL355304.1",-0.0647119125624325,0.986243996198961,-0.0215418950367779,0.981281389473242,-0.0524527571788936,0.955892342072672
"AIG1",-0.0421515057852381,0.975727322813314,-0.00624634078150065,0.990128606041003,-0.112674002429823,0.773542721086432
"FUCA2",0.21977021424347,0.635362086335881,0.190768497423468,0.565951168967911,0.199428616631882,0.514053514355839
"PHACTR2",-0.0358528550822994,0.975727322813314,-0.0201713678530342,0.962866185703775,0.00629703009541224,0.991109352193103
"PLAGL1",-0.0710980757501305,0.953744578592206,-0.0745334465729822,0.876852691254119,-0.0485762224844702,0.921388739958762
"HYMAI",-0.110611709775907,0.956291459840523,-0.0912814160228825,0.891507633403955,-0.174484826954155,0.79074754214483
"SF3B5",0.0121427548857552,0.996072710143085,0.100818447123012,0.73101121462528,0.122315103183827,0.716323327546628
"STX11",0.160824976570402,0.937295590475388,0.19677040747654,0.712661164701235,0.159135043318208,0.781235478015081
"UTRN",-0.00764796292968526,0.993039382491997,-0.0021209709942544,0.996322269070203,0.0488815752352566,0.936418953465064
"EPM2A",-0.277332728548628,0.620497879203569,-0.208959594710369,0.566135177186251,-0.293832766076655,0.45302615241231
"AL356599.1",-0.424499472080504,0.585154410769659,-0.273888571350869,0.567636892317067,-0.321255208462139,0.521835404394511
"FBXO30",-0.226505828576583,0.795440606734161,-0.241707430809386,0.539909812541728,-0.321569794792027,0.360738283189872
"SHPRH",-0.165194549632833,0.781913752028351,-0.110807440566226,0.732900498693472,-0.100970901312091,0.793682178898581
"RAB32",0.0674481741124078,0.969952634197529,0.0238275945178056,0.967149837859175,0.0578323862654102,0.928617999980495
"STXBP5",-0.141381430890066,0.882833636678261,-0.117636665261339,0.805882240027355,-0.114213746731715,0.846522754089938
"SAMD5",-0.411756647912744,0.939907712337907,-0.245447403592542,0.914118874420638,-0.402375036640899,0.835502300392726
"SASH1",-0.297352721195874,0.877650755431816,-0.141311299469164,0.877308798401169,-0.208472953552059,0.811910017160917
"UST",-0.508993575543751,0.713703084504335,-0.399963282576206,0.649331678226707,-0.593901273255316,0.454646209978998
"TAB2",-0.120773210947423,0.920170999728793,-0.114432258052168,0.797556545994522,-0.196876987554778,0.635630814036157
"PPIL4",0.11822576985549,0.871146086444017,0.114399299778114,0.728626054491622,0.123515883703048,0.722561767101605
"GINM1",0.0882247149031447,0.906869631745234,0.0614427224194243,0.868420307355323,0.105111196387691,0.732182402937651
"LATS1",-0.158274909007324,0.816845238414918,-0.104452414797253,0.755206261592226,-0.13897931455902,0.710089838262797
"PCMT1",0.238406308650846,0.663974594664865,0.202567963013566,0.576859503928985,0.230667711726201,0.473493734259366
"PLEKHG1",-0.586489101838966,0.798712890081597,-0.432632138084727,0.707054072340348,-0.402273747490468,0.685511798317414
"MTHFD1L",0.23625047610834,0.743988537519481,0.17009779869365,0.619039507055099,0.134349128868465,0.702012842855109
"AKAP12",0.3077229544041,0.903608037062864,0.183490431742979,0.779117741632649,0.15138242549952,0.851564929770219
"CCDC170",-0.520945744058866,0.623672057295787,-0.304762750630695,0.602584390525497,-0.369337017817651,0.562754315836961
"ESR1",-0.355533907588246,0.709746584312119,-0.191830284691574,0.733049895101401,-0.308091080390654,0.584982212025935
"SYNE1",-0.5694927524466,0.59030874370855,-0.392483349081575,0.539909812541728,-0.518313151220252,0.360738283189872
"MTRF1L",0.0691359041280368,0.943546322228372,0.0640655054045954,0.856449746085977,0.0789576645593535,0.837505118760973
"RGS17",-0.364286402535856,0.908458190058852,-0.231337018661016,0.868420307355323,-0.388456740279831,0.552534852329702
"OPRM1",-0.913066871261931,0.620497879203569,-0.525489241718753,0.614396075881076,-0.676401757967625,0.492865920176733
"IPCEF1",-0.736419749016009,0.743988537519481,-0.384160337239872,0.728626054491622,-0.638274487995385,0.53343481555173
"CNKSR3",-0.5550976021682,0.838228110296931,-0.395816782408638,0.756597469657113,-0.58583866620581,0.56122308555548
"SCAF8",-0.119432267451375,0.871146086444017,-0.086307918932342,0.823141670358777,-0.117644392298812,0.774544852909099
"TIAM2",-0.180295235762211,0.841271683568883,-0.11748315550041,0.823141670358777,-0.169047943241372,0.716323327546628
"ARID1B",-0.0592436456927467,0.946978282166981,-0.0486626016223322,0.885041529327646,-0.0267883991453398,0.946888849990106
"ZDHHC14",-0.0413220992086884,0.974793128542308,0.0270393472645159,0.956240560346755,-0.0431927880125411,0.928617999980495
"SNX9",0.149453616140302,0.916339396900937,0.151791033538284,0.62873374102614,0.140156084997693,0.663353740204739
"SYNJ2",0.102653315154959,0.959248300621966,0.0886176386155403,0.893945927996825,0.0308179997819125,0.974112575616955
"SERAC1",0.148874272899965,0.886616212943478,0.108493257256817,0.820756688134211,0.195424087301007,0.639972620212142
"GTF2H5",-0.121400079442082,0.978916937415713,-0.00826420728696059,0.982567521584643,0.0283091436793969,0.946888849990106
"TULP4",-0.0649569984546964,0.945421051661546,-0.0324655115432693,0.933916104645832,-0.050521753334808,0.903504617821389
"TMEM181",-0.0960902919440618,0.909991992195616,-0.0715562907407278,0.838030584810798,-0.0608675137833525,0.875703679005629
"DYNLT1",0.237061228557636,0.743641475921582,0.170512096910354,0.655885041836434,0.200353432861819,0.623631194185174
"SYTL3",0.41797210259844,0.700393778780536,0.256497876414678,0.626375901485095,0.29658057936797,0.512135304242516
"EZR",0.0600303075343028,0.975727322813314,0.0161524520989758,0.975940010120607,0.049117701066012,0.936418953465064
"TAGAP",0.119720311325632,0.937120241257205,0.0603485738497551,0.905085305148835,0.0188656810563732,0.979207899684523
"SOD2",0.0521448673796786,0.983894524124084,0.0626061887527542,0.925547196323859,0.0908552937416539,0.868416651730548
"WTAP",0.09873643915482,0.931343182023009,0.100231454840429,0.805882240027355,0.126243000001031,0.778880488152119
"ACAT2",0.276482362978645,0.655064704728957,0.221030498712675,0.542842339693613,0.212123536928171,0.574520003080644
"TCP1",0.104120519408382,0.909991992195616,0.0403917914680563,0.920105272451569,0.0128724592799338,0.980101463111603
"MRPL18",0.0969686579657537,0.956660628690128,-0.00506535136209559,0.99159047822418,-0.0325036490687818,0.951917333690946
"IGF2R",-0.125397227284495,0.871146086444017,-0.102583848637963,0.744385028749195,-0.163506305122492,0.645262942501423
"MAP3K4",0.0302496369138463,0.978731255112132,0.0261885185555625,0.95565153722071,0.04737978259165,0.918553403979254
"AGPAT4",0.193337671757403,0.855006692763517,0.149503249112258,0.678110628123578,0.153593731264165,0.673601444674556
"PRKN",-0.37372458939336,0.620497879203569,-0.289081545023706,0.602584390525497,-0.413764369598428,0.455729469688749
"QKI",-0.00863226039944674,0.992241705121031,0.00515104131563821,0.99159047822418,-0.0277261182679508,0.96749032534522
"SFT2D1",0.0688025810534768,0.959248300621966,0.0493433943718772,0.93367376665467,0.00425058964743951,0.995386539319373
"MPC1",0.180106318389242,0.659564394798225,0.136331549065035,0.6118955526808,0.178671170763563,0.492865920176733
"RPS6KA2",0.107821361473621,0.937295590475388,0.0330041514689905,0.962715960888231,0.01718103528322,0.98334700686478
"RNASET2",0.416226818084944,0.615910607717767,0.279493246963145,0.539909812541728,0.317428247305321,0.350266232452948
"AFDN",0.474776014170907,0.698024958040665,0.289150639260471,0.576859503928985,0.334468148475632,0.534535673464558
"BX322234.1",-0.344374150807941,0.845995942306838,-0.246101534448951,0.763807426580721,-0.229769684653502,0.802660657102513
"THBS2",0.132088661401621,0.986243996198961,0.0580472774436998,0.973180525785074,0.00918841471990223,0.997113640321465
"WDR27",-0.477477777360111,0.615910607717767,-0.343198851658678,0.567636892317067,-0.411453814827229,0.486708653561664
"PHF10",0.0385863459527806,0.975727322813314,-0.0350941153738047,0.923054773439819,-0.0146489319875558,0.976901867362516
"FAM120B",-0.187657943973634,0.713703084504335,-0.120318316127046,0.728626054491622,-0.12782819855827,0.747486234269654
"PSMB1",0.324185276008601,0.903608037062864,0.21944861533135,0.539909812541728,0.268019862492355,0.376391918003978
"PDCD2",0.144592785306569,0.850765417220173,0.130325576368671,0.732900498693472,0.164252885384178,0.65642344853735
"FAM20C",0.706856772117057,0.607226415643211,0.499196755643249,0.539909812541728,0.654116185487117,0.376391918003978
"PDGFA",0.296590666785298,0.946978282166981,0.170931848178997,0.911778485125184,0.109563377927879,0.939131388391146
"SUN1",-0.187799029095337,0.773839354078259,-0.14542060213258,0.666673305112669,-0.219037334594173,0.53343481555173
"C7orf50",0.174284939270913,0.831586301123345,0.157840249403843,0.684666089327022,0.213004572216526,0.567886440791429
"ZFAND2A",-0.0662993521451065,0.975333653661194,-0.116851200820919,0.825928810266268,-0.171917188595788,0.723331261933175
"MICALL2",-0.359137051737601,0.888570841393027,-0.242630004790113,0.736259086010202,-0.420382554541262,0.471689977666094
"MAFK",0.0250721938855074,0.987232790302631,0.00308993270549387,0.995189969370784,-0.0775106116639058,0.862761309084526
"NUDT1",0.0487281857441106,0.987381297202584,0.0963751545053587,0.823141670358777,0.0637349926829325,0.91093329104767
"SNX8",0.109212963882593,0.952093474531886,0.172170420770558,0.649217809442069,0.165623421991533,0.703913696755257
"EIF3B",0.309882997034886,0.620497879203569,0.257115122954063,0.539909812541728,0.293667393094364,0.46132271320129
"CHST12",0.0861005958960002,0.9528453736489,0.0767477537368622,0.879318949048446,0.0960435303467052,0.864197227365133
"TTYH3",-0.140596082465374,0.952093474531886,-0.0829721745510436,0.912200558994985,-0.258079210270326,0.661101052133121
"AMZ1",0.126786651901253,0.958007726819188,0.175783334464706,0.823141670358777,0.152094067172582,0.869793185908311
"GNA12",0.0914874361213799,0.94773109868261,0.102651870000709,0.823141670358777,0.0165805469240347,0.978643831543395
"CARD11",0.03005733374075,0.987165551409643,0.0910629405032885,0.790067916621749,0.0797561323273928,0.839420094500349
"SDK1",-0.0608414364723079,0.987232790302631,-0.0398057273933058,0.973528437650212,-0.0996612068844373,0.941641674764993
"WIPI2",0.342454123061811,0.585154410769659,0.253142581209403,0.539909812541728,0.262575913492456,0.406317645003979
"TNRC18",-0.346374475985288,0.629371590198601,-0.229829374578484,0.567636892317067,-0.330168822201599,0.428606286713091
"ACTB",0.335681168338701,0.838634498242165,0.203506057945574,0.697030675859691,0.0919521579385187,0.868416651730548
"FSCN1",-0.101088722957054,0.963086775164943,-0.0539260843532294,0.95654101642918,-0.260142378857207,0.674363867120955
"RNF216",0.0322441585293794,0.974793128542308,0.0410229010345176,0.89437414101352,0.0135743103956561,0.976901867362516
"EIF2AK1",0.0621018038452745,0.937295590475388,0.0607923654027348,0.865887045284762,0.0696182917806381,0.851747081476023
"CYTH3",0.0245246519179862,0.987676987381042,-0.0181934387760173,0.973528437650212,-0.129158045019223,0.78216205798947
"RAC1",0.277253779572961,0.663974594664865,0.206310121587789,0.539909812541728,0.259185716158487,0.403957151410804
"DAGLB",0.140834764701256,0.891570953693957,0.118076361682954,0.76576006588915,0.109947017348803,0.823409505546055
"KDELR2",0.355684029536962,0.871146086444017,0.171244969204241,0.747745391900673,0.172689375944002,0.71233550026931
"C1GALT1",0.0546300546201877,0.95867628166691,0.0109885569401365,0.976842043129573,0.033386966522025,0.934890182573882
"COL28A1",-0.654023009012938,0.848228309522531,-0.473970484268809,0.753503800478187,-0.601680772223119,0.626483070625434
"MIOS",6.62508966600094e-06,0.999963380658618,0.000465492156515877,0.99967840875972,-0.0486805352297921,0.922709833813539
"RPA3",-0.0716098234429733,0.932517504073116,0.0024082112076407,0.994111893424054,-0.0086263566879398,0.983422154172852
"UMAD1",-0.204130394337825,0.716755156913227,-0.15434262931113,0.675806956804428,-0.240089292657363,0.526027543877305
"GLCCI1",-0.135686615294038,0.944603306759959,-0.112565137639543,0.877308798401169,-0.246962659314545,0.702012842855109
"ICA1",-0.134525387885567,0.935853944284842,-0.0913748830009267,0.878905000893612,-0.207154961546746,0.717533425586328
"NDUFA4",-0.0587663395951272,0.989020511532505,0.0389688931139785,0.907314027876186,0.0325086396723316,0.929357742989584
"PHF14",-0.194499020054587,0.684558955714022,-0.134925655577077,0.614396075881076,-0.127890972876341,0.638342318048335
"THSD7A",-0.216243809404668,0.968529247878935,-0.137346949524225,0.947522425797012,-0.245165696661705,0.877069431682963
"TMEM106B",-0.0704658568841174,0.952093474531886,-0.0753586704104468,0.848123562433291,-0.069575027799821,0.868416651730548
"SCIN",0.426586743024697,0.663401121515774,0.246284130025548,0.600693329730553,0.194936155151237,0.564363768039077
"ARL4A",-0.0328660371180188,0.98454523666472,-0.0445209439657399,0.925773221047207,-0.0419894938155143,0.941209091017088
"ETV1",-0.836708219553909,0.620497879203569,-0.572126081063299,0.576859503928985,-0.748886428165908,0.396298682889274
"BZW2",-0.0480760703218096,0.964219314381286,-0.0167834730036657,0.968736910528144,-0.0349153720427631,0.941255781402891
"TSPAN13",0.972699448947354,0.628902509076854,0.685250281959231,0.539909812541728,0.981665755628462,0.307928681666602
"AHR",-0.387473745863264,0.654027551099472,-0.346246970598259,0.539909812541728,-0.457298007828897,0.307928681666602
"AC073332.1",-0.655140088186567,0.615910607717767,-0.480646125639019,0.539909812541728,-0.606296337880019,0.42388527680337
"AC019117.2",-0.451017753690228,0.886616212943478,-0.247896375373912,0.867775140580767,-0.50333187971865,0.681162225832968
"SNX13",-0.0997091936732123,0.903608037062864,-0.0928018884189253,0.782827683585061,-0.140705937678617,0.666927108553461
"HDAC9",-0.069361054540132,0.975727322813314,-0.0991757720204641,0.895058017410379,-0.0807403712942548,0.927834962329026
"TWIST1",1.38277876455565,0.703140119270108,0.991053962352468,0.636895136002659,0.805463411828902,0.683530433169965
"TWISTNB",0.310859898416659,0.856344909004165,0.181103200206579,0.703851799611006,0.243669130560963,0.600224709769895
"AC005062.1",0.262228764419227,0.951610900208567,0.219521406813116,0.895796839976438,0.1035244261955,0.962152952988325
"MACC1",-0.0454901585804913,0.987165551409643,-0.0419157191059704,0.96242869953788,-0.0384637497831167,0.973358142496759
"ITGB8",-0.203577652255049,0.952676354135022,-0.190517456208262,0.847807356732724,-0.280538864210271,0.723116381892166
"SP4",-0.217311743906799,0.674893276948019,-0.168649325772702,0.600950135999603,-0.251374628346047,0.45494131779146
"RAPGEF5",-0.0977649245524772,0.987381297202584,-0.0866230982123757,0.972626641981822,-0.222157067121932,0.911696415617216
"STEAP1B",-0.214431640372265,0.951610900208567,-0.220637873140897,0.871422277147639,-0.377607099016271,0.738553820185858
"IL6",-0.513484894355246,0.847164208899954,-0.243449968914397,0.838030584810798,-0.317095386745767,0.77714254746469
"TOMM7",-0.0652577166882679,0.987676987381042,-0.0377302712651408,0.907314027876186,-0.0310144455304669,0.940459124180791
"FAM126A",-0.206183855028748,0.663974594664865,-0.148331846067358,0.577660339563635,-0.175280528228075,0.526483868522985
"KLHL7",-0.0259856939511056,0.986740807946813,-0.00235323202642559,0.996049574432636,-0.0153264257731735,0.979207899684523
"GPNMB",0.104028502652113,0.964219314381286,0.0518257998878109,0.951722449221458,-0.0778576239120478,0.918553403979254
"MALSU1",0.0736321628305745,0.923602803613446,0.0545700257566037,0.848354605388932,0.0785431348429692,0.780470121393822
"IGF2BP3",-0.214364124531942,0.912259746037492,-0.115964480950831,0.894114216309383,-0.176569929112688,0.849413189157486
"TRA2A",-0.16659889024533,0.86918309088418,-0.14026532134099,0.728626054491622,-0.20714896853064,0.614840692136411
"CCDC126",-0.0982062049361629,0.938205210367432,-0.065671864103167,0.903959420211204,-0.0423057501547406,0.951715326242549
"MPP6",-0.0946063644290232,0.987165551409643,-0.0215466068037922,0.987452783543134,-0.0867306373033603,0.961530643332731
"GSDME",0.192184816292913,0.903608037062864,0.183825713542375,0.712661164701235,0.157114021148173,0.792835401805648
"OSBPL3",-0.0679484136244533,0.945421051661546,-0.0562618927865809,0.890616410042787,-0.0911880445179792,0.83780945723087
"CYCS",0.178692940654027,0.871146086444017,0.0824901684876416,0.833312333476619,0.076147213309167,0.862063018736608
"NFE2L3",-0.510813073787352,0.795440606734161,-0.300619455138012,0.779117741632649,-0.435543273967553,0.672027179989312
"HNRNPA2B1",-0.194952783509157,0.832510365260709,-0.143626311592543,0.692050352841508,-0.237989949335012,0.437992645675782
"CBX3",-0.237495133756778,0.75651538860226,-0.193591154274655,0.647778243729206,-0.277870074039059,0.557206288583315
"SNX10",-0.0198884073557791,0.987381297202584,0.0087637476256981,0.984011097633494,0.0840526588298022,0.848456156311108
"AC004540.1",-0.462620988257054,0.663401121515774,-0.286506423750777,0.598497349717122,-0.345494432978033,0.56122308555548
"SKAP2",-0.0833829978409889,0.943083225919622,-0.0702792090401726,0.879318949048446,-0.0913295417668266,0.85536489445056
"HOTAIRM1",-0.208374359628998,0.851499968841155,-0.141684894241739,0.807230688869868,-0.377521280621748,0.376391918003978
"HIBADH",-0.23725147602456,0.85325053155458,-0.192704393430751,0.758268005486744,-0.355031001741843,0.503188932768188
"TAX1BP1",0.100153224549305,0.915615419264746,0.0560990555573847,0.894114216309383,0.102983093885072,0.803540685620759
"JAZF1",0.248037140343738,0.848228309522531,0.146121348703712,0.813747570349955,0.265465772275382,0.674363867120955
"CREB5",-0.881878621806203,0.59030874370855,-0.640437371557717,0.539909812541728,-0.841938866602238,0.265092248624324
"AC005162.3",-0.409547174306481,0.832510365260709,-0.295437326783635,0.761146693087719,-0.219525002590971,0.837429769891498
"SCRN1",-0.107848799563231,0.848228309522531,-0.0887089127274482,0.73101121462528,-0.0925510105846945,0.759282469597321
"FKBP14",-0.284108741225354,0.715858228429977,-0.170957751584315,0.682971009494621,-0.268023260897743,0.544090303005886
"MTURN",0.0729364387746967,0.964219314381286,0.016457608993204,0.976919982564823,-0.0906130364546325,0.869793185908311
"ZNRF2",-0.139671063160554,0.930115009790026,-0.117730736109713,0.866829588379884,-0.217678592832828,0.703913696755257
"GGCT",0.181913753682397,0.848903305816828,0.148962782644376,0.711331071049251,0.203325576198897,0.649967003798859
"GARS-DT",-0.412413318889244,0.615910607717767,-0.29290401853367,0.539909812541728,-0.333835918836719,0.406317645003979
"GARS",0.146692409225085,0.795440606734161,0.111609630363224,0.707054072340348,0.12667071016975,0.705286173072981
"AQP1",0.529137264167637,0.926058247355641,0.26677669260087,0.905296396015766,0.145520551916857,0.961087486304893
"PDE1C",-0.59628934917014,0.850765417220173,-0.398023918212139,0.755206261592226,-0.635992280923582,0.486708653561664
"LSM5",-0.0574028229890436,0.969952634197529,-0.0286324381417054,0.953950398414795,-0.00272362881931123,0.997113640321465
"AVL9",-0.0834579644523747,0.921745497785775,-0.0647509325309445,0.870765190363925,-0.0707734459414658,0.870144706406843
"KBTBD2",-0.112043860278809,0.893595192096776,-0.0923224123190206,0.787285299040374,-0.166445256596169,0.627561529434102
"FKBP9",-0.0684380341995665,0.964462552585652,-0.0761375968870877,0.876852691254119,-0.134633273172892,0.77699420110724
"NT5C3A",0.137580709627179,0.915615419264746,0.0920685973109658,0.868420307355323,0.138917057507289,0.816327919768523
"BBS9",-0.285653247626687,0.607226415643211,-0.180698268792098,0.70238198276846,-0.27958000489043,0.580119673975908
"HERPUD2",-0.0407025708790652,0.959248300621966,-0.0251471279405033,0.949738456709873,-0.00269440410368576,0.995891531328593
"SEPTIN7",0.104356678118871,0.924498996804901,0.0603383449134738,0.901608804473214,0.15104022201124,0.720298697270526
"EEPD1",0.978042151043315,0.663401121515774,0.57451089356485,0.6118955526808,0.675366604179857,0.574248709914327
"ANLN",0.643200114676397,0.751772387368647,0.459415558949099,0.710672050386581,0.432737667870119,0.763401414502149
"AOAH",0.305408472727256,0.676055953535312,0.28382996111412,0.539909812541728,0.348329947159729,0.396298682889274
"ELMO1",-0.00912602381391976,0.990850390543415,-0.0203950412518336,0.962315129514994,-0.0191740580722905,0.970471175880853
"ELMO1-AS1",-0.00158532281383658,0.999963380658618,-0.0580017762472244,0.963675564531743,-0.200438387530281,0.837429769891498
"EPDR1",0.0715029279954076,0.98469852697543,0.119136411429146,0.914118874420638,0.111427469768049,0.922709833813539
"SFRP4",0.333823436072657,0.937295590475388,0.169926966748685,0.922869462896843,0.0311350525450806,0.988350014201583
"STARD3NL",0.0671177461927554,0.945421051661546,0.0733445801529037,0.860287205518009,0.0881720923160652,0.82591843900154
"TRG-AS1",-0.54936248597977,0.66824518927896,-0.356417720182659,0.596953795266698,-0.505981068936498,0.454646209978998
"VPS41",0.101604967010682,0.85837510142014,0.076810104689435,0.790220565724651,0.0920892519495495,0.768245000954006
"RALA",0.0798233336140242,0.92417531528931,0.0711848534450113,0.848374793858531,0.0817882462227257,0.823058839120399
"CDK13",0.0537670135996161,0.937295590475388,0.0543129113809081,0.832809995674351,0.0461531573754803,0.883528995898572
"MPLKIP",0.0661959357163493,0.945421051661546,0.0632248518638415,0.867775140580767,0.0607558218494049,0.869793185908311
"SUGCT",-0.261447310383858,0.91971507233412,-0.211383179075975,0.868420307355323,-0.208652635882172,0.884546907721629
"INHBA",-0.0642992341904209,0.975727322813314,-0.0203583259288108,0.977534965334459,-0.180036572106658,0.66079399228559
"INHBA-AS1",-0.423025159387641,0.838228110296931,-0.203275819002035,0.712661164701235,-0.37418685579851,0.486708653561664
"GLI3",-0.00696479712921722,0.998674355631457,0.0348466863633541,0.98265815997378,-0.113081321160577,0.942704346768459
"PSMA2",0.286736064067665,0.920170999728793,0.17847495774892,0.64689033572854,0.244117189995145,0.521835404394511
"MRPL32",-0.0260105737095916,0.987232790302631,0.0102218258596521,0.983543863208774,-0.0414011125558407,0.946888849990106
"STK17A",0.0336949470174416,0.975727322813314,0.0280402674394436,0.950352759818587,0.0512229328288063,0.89675635447082
"COA1",-0.115189611219774,0.885618959136343,-0.0674640301538051,0.862943060912263,-0.0593933743495215,0.879642667300819
"BLVRA",0.289596739708089,0.850765417220173,0.256557621839474,0.704956467974747,0.430774225076985,0.510146919208901
"MRPS24",0.0954926386842461,0.986243996198961,0.103863231637295,0.728626054491622,0.154672923944765,0.626468217465442
"DBNL",0.260948378682196,0.740492187408839,0.248334840591419,0.567754820711177,0.272747218099461,0.552534852329702
"AEBP1",0.189917693492665,0.978731255112132,0.0883857748507369,0.969900650801383,0.00541854668941868,0.998801924059983
"POLD2",0.283921789056461,0.846012031041948,0.148281436941398,0.779117741632649,0.180982968082141,0.759954651839089
"CAMK2B",-0.501553591358161,0.849878078933592,-0.245152500632449,0.868346873746697,-0.385322443288206,0.760378264086355
"NUDCD3",-0.017422999639601,0.987168661761228,-0.0014997664680014,0.996322269070203,-0.0256086148040755,0.951715326242549
"TMED4",0.0369477483888745,0.985214763269641,-0.0253560327408931,0.94115918947566,-0.0170516184057204,0.966961732042822
"OGDH",-0.0182215001222372,0.987676987381042,0.0172497296500504,0.969219565086751,0.0164842179522053,0.977226122428739
"PPIA",0.0217058441579947,0.989924066985412,0.0131356087311919,0.975940010120607,-0.0279134668468306,0.955892342072672
"H2AFV",0.0840501493622373,0.878979008836662,0.0479078985556103,0.865887045284762,0.021336540481547,0.957562802791205
"PURB",-0.0580959344764593,0.969952634197529,-0.0585925780205702,0.908524530279617,-0.116868009087947,0.801143625969714
"MYO1G",0.364138095927782,0.819061028387512,0.284557391754088,0.707016966668684,0.351880192646761,0.652010243519229
"SNHG15",0.107092714633661,0.912259746037492,0.0915360295503139,0.823141670358777,0.0762859655746692,0.877069431682963
"CCM2",0.28239739189508,0.709746584312119,0.263733141552321,0.539909812541728,0.319050270402659,0.437992645675782
"IGFBP3",0.0986267740572382,0.987168661761228,-0.0531936606657788,0.975491710400042,-0.294164794021414,0.83780945723087
"TNS3",-0.0206333851401485,0.987232790302631,0.016257112603097,0.968736910528144,0.0256087459176017,0.955253064145895
"PKD1L1",-0.211515806387095,0.923602803613446,-0.137081063016961,0.895508433600679,-0.230183080696116,0.817770647801397
"UPP1",0.368010803802166,0.620497879203569,0.279798264811373,0.539909812541728,0.33622530581463,0.364381114006951
"IKZF1",0.143139765228499,0.877097147716339,0.119596271346681,0.761732633664525,0.109370366366246,0.829258805841472
"GRB10",0.222866880841557,0.937295590475388,0.133754145624764,0.918615564064886,0.254421678966083,0.837429769891498
"COBL",-0.54230311278394,0.877132886555714,-0.379395816622024,0.808219091239737,-0.51449927987045,0.704930167667097
"SEC61G",-0.132072086372047,0.98034846805297,-0.0774567086899903,0.881765771274524,-0.125295887985529,0.801712757799524
"EGFR",0.296746014747602,0.935479761500471,0.319932934521724,0.809797830130171,0.277479452997321,0.860190911861655
"VOPP1",0.113950150545836,0.886428075551855,0.116977822952326,0.712661164701235,0.0915543922286128,0.781142374056251
"NIPSNAP2",0.0533196625865132,0.964462552585652,0.0453594945087942,0.923108484360897,0.0887767678336896,0.811438752279164
"CCT6A",0.200400417616556,0.781913752028351,0.138569088715867,0.726008162470312,0.18210604013633,0.645311661608288
"SUMF2",0.104550890278216,0.908458190058852,0.126139246294878,0.70238198276846,0.121545311018964,0.729403247468261
"CHCHD2",0.0586576835160952,0.987676987381042,0.068445793563147,0.848354605388932,0.0865911677958874,0.789455372735054
"VKORC1L1",-0.0643857199287471,0.946978282166981,-0.0159002422249641,0.971619787724466,0.0243340847194953,0.958994264355441
"GUSB",0.313829236968716,0.620497879203569,0.251908197618968,0.539909812541728,0.295035130608869,0.455729469688749
"ASL",0.179087461021061,0.847164208899954,0.166812708903911,0.680554703992045,0.166894551805495,0.731140320712574
"TPST1",0.317566315454234,0.906869631745234,0.342661231213501,0.726770159616137,0.441214528185454,0.676872191446192
"LINC00174",-0.290986782548178,0.740956428327799,-0.165990268688606,0.707016966668684,-0.243297610884897,0.518056166425906
"AC006001.2",-0.272827194867864,0.871146086444017,-0.21385848016117,0.807124449768838,-0.388152596419524,0.636109896753566
"RABGEF1",0.0930913624551652,0.947261053507097,0.108583121979767,0.82037149544622,0.0752119247134885,0.899181418189796
"TMEM248",0.158703249130082,0.831586301123345,0.0981322298153338,0.78899809665405,0.107711383953283,0.75070515447857
"SBDS",0.205732803171602,0.956291459840523,0.13507525705045,0.728626054491622,0.08407897284846,0.83780945723087
"TYW1",-0.164463527653689,0.790872788088734,-0.09365740673234,0.781153062887919,-0.127733011064072,0.747756082099088
"AUTS2",0.137981297603109,0.926058247355641,0.065425345962245,0.912609895189611,0.096093409750291,0.876952946308714
"GALNT17",-0.23494295222915,0.969952634197529,-0.122823976598017,0.962866185703775,-0.229585939264798,0.919542522552017
"TYW1B",-0.275405358349373,0.848228309522531,-0.151818268922835,0.848354605388932,-0.221946485668626,0.76214077234056
"POM121",0.0300205610452314,0.973305994881223,0.0390430291190487,0.892452868202711,0.0526225138722947,0.869793185908311
"BAZ1B",0.0184396896579075,0.987381297202584,0.0157244030273267,0.972626641981822,0.0422022603779161,0.928534784060247
"BCL7B",0.169038518244884,0.850765417220173,0.125708125321464,0.779535842465706,0.0667066610091156,0.877069431682963
"BUD23",0.0392106087659878,0.969952634197529,0.0547793553386631,0.885041529327646,-0.0159711761342834,0.973942463195293
"ELN",-0.457542327055149,0.937120241257205,-0.495811014297059,0.807124449768838,-0.711282545788794,0.730453256510292
"EIF4H",0.0679025883906315,0.921019163155975,0.0382409664706831,0.901553497791501,0.00324490218686643,0.99504417436632
"LAT2",0.119523877946306,0.921745497785775,0.125889562978398,0.755206261592226,0.0991322826603176,0.845504483011055
"CLIP2",0.0307394511057732,0.987676987381042,0.0883887461168222,0.895058017410379,-0.00435493922357429,0.997113640321465
"GTF2IRD1",0.414998453866949,0.740956428327799,0.299058729084271,0.647778243729206,0.311183845065601,0.65642344853735
"GTF2I",-0.107602277029296,0.850765417220173,-0.0714811566304208,0.790067916621749,-0.0950693677885661,0.761421121087099
"AC211433.1",-0.281109220612172,0.903608037062864,-0.117553156800853,0.947522425797012,-0.167836336285133,0.918553403979254
"NCF1",0.19796010776892,0.850948580062729,0.194815234271734,0.683371735931916,0.105340922569099,0.844314412133083
"HIP1",-0.166119118737918,0.927653195423269,-0.0306628728560738,0.965617664294158,-0.0327233141594616,0.970471175880853
"RHBDD2",0.286883259435632,0.663974594664865,0.227714843093637,0.567636892317067,0.240436752023184,0.540863647427842
"POR",-0.00144441139774999,0.998674355631457,0.0448271625186866,0.894437808342616,0.0150067466070203,0.976949166476538
"MDH2",0.28918876451489,0.906869631745234,0.197581816820764,0.59186078503092,0.23046234166664,0.467769500472515
"HSPB1",0.142024033695545,0.985589193542083,-0.110583407052022,0.879752666201422,-0.0999576709021715,0.901872547234938
"YWHAG",0.0783210740759549,0.945421051661546,0.0591104384622122,0.890152476377743,0.0537404626938715,0.914685256526293
"CCDC146",-0.221295334971035,0.838228110296931,-0.105127934685494,0.86055599668641,-0.181523298799425,0.738553820185858
"FGL2",-0.208353642184079,0.831586301123345,-0.157177343279011,0.726008162470312,-0.197397671309563,0.685511798317414
"GSAP",-0.257831846103933,0.700393778780536,-0.189194472652969,0.6118955526808,-0.2950158838387,0.426574974407626
"PTPN12",-0.0322419092414925,0.975727322813314,-0.0197635398983526,0.963350368188309,-0.00840388451428197,0.988350014201583
"RSBN1L",-0.0878218276306241,0.883619215663686,-0.0557563776696722,0.855616970453911,-0.0790000193102871,0.775672508437464
"PHTF2",-0.0214142593915186,0.986243996198961,0.00270897920972902,0.994111893424054,-0.0139901392276182,0.978107886620121
"MAGI2",-0.281608184682812,0.924498996804901,-0.134391079907145,0.903162098034093,-0.244332705210891,0.832302691489421
"MAGI2-AS3",-0.421329134428378,0.896897490533929,-0.305806685880049,0.805882240027355,-0.437997941905546,0.707392058164091
"GNAI1",-0.0986738302757032,0.969952634197529,-0.0269306148101259,0.975940010120607,-0.0951911284615981,0.930546843485905
"CD36",-0.617029044088876,0.841271683568883,-0.202414409123997,0.865887045284762,-0.252682536301513,0.83780945723087
"SEMA3C",-0.136298061724396,0.967203858991469,-0.113069675923794,0.907314027876186,-0.121443338933547,0.883528995898572
"HGF",-0.29923382922915,0.850765417220173,-0.283562118509476,0.707054072340348,-0.307608870294384,0.690558646848504
"SEMA3D",-0.124316265767651,0.987232790302631,-0.164185101430275,0.95449560049921,-0.300447292064732,0.87705672975402
"DMTF1",-0.160240125672938,0.781913752028351,-0.142069727799918,0.641159139411334,-0.174600196289966,0.604738049252398
"TMEM243",-0.0207499533267659,0.989701309603352,-0.0367926917496605,0.96834634534808,-0.150845826521311,0.829309687795442
"TP53TG1",0.0102768489824659,0.996370711193427,0.0877469978308307,0.821969412788873,0.051648879748898,0.916762859743837
"ABCB4",0.0778661697729989,0.962718721338874,0.0573501694901766,0.923054773439819,-0.0120224543140467,0.986609483185373
"ABCB1",-0.0617485040540384,0.987676987381042,0.0205453858989896,0.99159047822418,-0.0777173925364711,0.973942463195293
"DBF4",0.0836721547290676,0.945421051661546,0.0662688605721373,0.890152476377743,0.0435052715225936,0.943470285236283
"SRI",0.207296307523922,0.8276928018909,0.159681851392901,0.682971009494621,0.214268766989668,0.485160378591964
"AC003991.1",-0.00311367356704363,0.99882009933461,-0.0199930156962049,0.982879092917309,-0.115673748750454,0.91093329104767
"STEAP4",-0.368925879253647,0.885213448640826,-0.337881427718577,0.728626054491622,-0.482828474581371,0.607360753037761
"CDK14",-0.214659837565246,0.86918309088418,-0.16424758430871,0.772858844400066,-0.31889647244649,0.582307005982188
"AC002456.1",-0.299826427921977,0.891570953693957,-0.248781655497801,0.770856818853275,-0.369306687287333,0.674363867120955
"FZD1",0.0105080340342744,0.99418593753529,-0.00697016816173433,0.994111893424054,-0.29836056879297,0.512732031326607
"MTERF1",-0.341708033813744,0.684238272206636,-0.214588835850389,0.705610344257016,-0.25814253090451,0.673277586957893
"AKAP9",-0.137434946976059,0.831586301123345,-0.0935107260400442,0.755206261592226,-0.13778225218481,0.638557114550233
"CYP51A1",-0.115809788339608,0.946978282166981,-0.110618669314528,0.823141670358777,-0.154415747862093,0.766401312426668
"KRIT1",-0.127110863705514,0.794910857306378,-0.101287885868185,0.688083306131201,-0.134366376891408,0.629619559029358
"ANKIB1",-0.148485284978391,0.743988537519481,-0.0953879932413441,0.723988436794654,-0.109925833409284,0.71233550026931
"GATAD1",-0.024712911023839,0.986243996198961,0.00393397548390485,0.993406058487082,0.00283085086262929,0.997113640321465
"AC007566.1",-0.438466453465229,0.620497879203569,-0.330909240098731,0.542757682203866,-0.387323379696262,0.468140187860629
"FAM133B",-0.141648714110828,0.871146086444017,-0.0638789194291756,0.867775140580767,-0.125838817437052,0.738050170778117
"CDK6",-0.106302722527749,0.939306929786099,-0.0524886294497703,0.938450495053442,-0.0734767655674385,0.915669507806964
"SAMD9",0.0324488221857092,0.987179055001188,-0.0244038891947739,0.969900650801383,0.00937510196389687,0.992015271357945
"SAMD9L",0.192184280756437,0.903608037062864,0.151013902880507,0.807230688869868,0.195699797846862,0.762671680069832
"VPS50",-0.130546642979668,0.871146086444017,-0.102739482007455,0.801633201293907,-0.0424503702134074,0.927834962329026
"CALCR",-0.818258234319076,0.59030874370855,-0.533827661431414,0.539909812541728,-0.755172268033907,0.241248040103115
"TFPI2",0.16873709159503,0.975727322813314,0.0919459272713735,0.963675564531743,-0.0430133492141297,0.986609483185373
"GNG11",0.0916094877176774,0.987676987381042,0.139960170722057,0.923108484360897,0.0210729824802731,0.990420116511119
"COL1A2",-0.22699743393241,0.959248300621966,-0.2350249964612,0.852542483251065,-0.383938245658814,0.674363867120955
"CASD1",-0.0726520608943087,0.934816943280864,-0.0616709987003851,0.865887045284762,-0.100672971273238,0.773750220182096
"SGCE",-0.618755059601413,0.745590386868765,-0.427152173969064,0.710672050386581,-0.551216052439862,0.591317813247651
"PEG10",-1.0746920079816,0.708906209861552,-0.8009699427176,0.565951168967911,-1.02391294405604,0.393559748452957
"PPP1R9A",-0.41893627431265,0.923602803613446,-0.269856899887362,0.879318949048446,-0.382483108498081,0.814173818717257
"PON2",0.231714845015063,0.904494265063236,0.10446837302717,0.843145223255781,0.0687512511871819,0.902643232023022
"AC002451.1",-0.0312596114082052,0.987676987381042,-0.119770064074022,0.888509687831256,-0.193724923929176,0.810255859833895
"PDK4",0.712212455051283,0.782347688269215,0.376743327258591,0.758268005486744,0.857669858823566,0.376391918003978
"SLC25A13",-0.133149579092913,0.831586301123345,-0.0962474282955986,0.751488675492253,-0.135370490830464,0.684351540774242
"SEM1",-0.0149547822912662,0.987676987381042,-0.0285932773714819,0.942235289270853,-0.0738694941753916,0.837505220710487
"AC079781.5",-0.285225076367946,0.838228110296931,-0.191713234403088,0.781746921621551,-0.324612381648301,0.526483868522985
"BRI3",0.151711940351655,0.863683229367313,0.126965891374759,0.682769929955018,0.192438660857912,0.510146919208901
"NPTX2",-0.760440942623852,0.842774473190308,-0.450125442326817,0.733037289347324,-0.612231267456707,0.609989447618659
"TRRAP",-0.133834086249707,0.831586301123345,-0.0597436127607181,0.86055599668641,-0.100735336811665,0.756258346899185
"SMURF1",-0.0705625964129244,0.935853944284842,-0.0362280556465508,0.93367376665467,-0.107867932226839,0.761963622549989
"ARPC1A",0.274443779755356,0.740956428327799,0.224613384925587,0.640296170376593,0.257911859218234,0.536280538719723
"ARPC1B",0.150926885400031,0.871146086444017,0.169420366572739,0.64689033572854,0.140647886424068,0.650528466704383
"PDAP1",0.186657284688715,0.663974594664865,0.16443317123239,0.573591440280164,0.194624906677285,0.514046956721147
"BUD31",0.248747294264263,0.937295590475388,0.189640087757031,0.539909812541728,0.230331384470834,0.388236020101635
"ATP5MF",0.038242469420661,0.990850390543415,0.0817830171179715,0.792119220424349,0.0644146933709711,0.877652576199105
"ZNF655",-0.0482943345257459,0.943083225919622,-0.0390409866341469,0.886113543057518,-0.0477383819958921,0.869793185908311
"AZGP1",-1.21702462646504,0.756532238273004,-0.785254188885597,0.638613914919712,-0.97470962667449,0.503188932768188
"ZKSCAN1",-0.181955867767933,0.831586301123345,-0.119561376464185,0.735856182479457,-0.137755842383762,0.702430088102267
"COPS6",0.144108135459183,0.796093449653117,0.129546377916061,0.658343768971671,0.147472559233128,0.65642344853735
"MCM7",-0.0662036095528272,0.958249016027434,-0.0428017700920155,0.927320925434697,-0.105798835525955,0.811438752279164
"LAMTOR4",0.0788891030836322,0.975195695221014,0.110410379379382,0.750304065506332,0.138640249382772,0.706323775177875
"GAL3ST4",0.0627204198799481,0.975195695221014,0.078512071164849,0.901553497791501,0.140516339030428,0.794142255410456
"PILRA",-0.0545727675352676,0.969952634197529,-0.00819481393141073,0.984011097633494,-0.104581972039062,0.794019265540802
"MEPCE",-0.265742514122247,0.877132886555714,-0.274534892820082,0.610562468549926,-0.418706390733725,0.360738283189872
"TSC22D4",0.117017832182765,0.975727322813314,0.00968413807516072,0.985970661384568,-0.0777863829835394,0.90131829140123
"PCOLCE",0.242677846291199,0.959248300621966,0.0732013233813884,0.956240560346755,-0.0659606581804687,0.956621348180289
"GNB2",0.274793882400604,0.911641919586937,0.102726201611243,0.817022054438777,0.13554587471157,0.731451517446309
"EPHB4",-0.407617779610522,0.891570953693957,-0.292679737213673,0.790067916621749,-0.364298996100863,0.761421121087099
"TRIP6",0.382072007368179,0.805297296612406,0.230351773332403,0.565951168967911,0.246766007134996,0.518056166425906
"SRRT",0.154300237512493,0.819309104725403,0.147605030612642,0.649217809442069,0.0757082727763567,0.836849022487865
"TRIM56",-0.113224416391668,0.921745497785775,-0.0792423300231005,0.878318742925975,-0.126592030621812,0.735212030070037
"SERPINE1",0.160481905999304,0.986243996198961,-0.0376270487487673,0.984011097633494,-0.469025147609899,0.666516850004496
"AP1S1",0.345362511007264,0.906869631745234,0.278326841482438,0.539909812541728,0.28651966076797,0.454646209978998
"PLOD3",0.234232901479657,0.704988306651163,0.186480289181154,0.602584390525497,0.186347440604177,0.584982212025935
"ZNHIT1",0.0741692091794187,0.987168661761228,0.118789458344197,0.75191920269781,0.143896941770353,0.750059973571622
"FIS1",0.26384465905394,0.945421051661546,0.253877587360274,0.576859503928985,0.316084242251681,0.521835404394511
"CUX1",-0.0592912493107932,0.946978282166981,-0.0167761428830694,0.961663698018687,-0.0243848440997379,0.945137784813934
"PRKRIP1",0.0935120049113883,0.915615419264746,0.0996602815065645,0.717278133633584,0.0681106742842469,0.835496228774023
"ORAI2",0.345434483859555,0.623672057295787,0.255348510477262,0.567754820711177,0.229223301428041,0.635630814036157
"POLR2J",0.0677604516623397,0.987381297202584,0.103662326642997,0.763121519273086,0.153302135721581,0.685511798317414
"POLR2J3",-0.0857898967674594,0.975195695221014,-0.0656109866621132,0.951921041926033,-0.136215900840204,0.894663753870057
"FBXL13",-0.461229017549754,0.805297296612406,-0.249824577092538,0.838204694608073,-0.458180862361723,0.679131007082978
"NAPEPLD",-0.310905593955219,0.826933474983211,-0.195160026150267,0.757215489546486,-0.193411295981079,0.787722563733403
"PMPCB",0.0965989501734527,0.915615419264746,0.0779045363916804,0.850640858042837,0.145537480062124,0.693548204131988
"DNAJC2",0.16400029611279,0.861442531698028,0.165879706861194,0.707054072340348,0.159102756949902,0.745479749789988
"PSMC2",0.244867409002206,0.620497879203569,0.195390791388168,0.543566318983453,0.222000121066106,0.441384111538575
"RELN",-0.262163693633961,0.96977766296336,-0.223810950838721,0.923108484360897,-0.352844144251322,0.848852976435192
"AC007384.1",-0.455726306890417,0.620497879203569,-0.290619157967057,0.571185324951607,-0.327623558402986,0.555138188483905
"LINC01004",-0.416235462732038,0.620497879203569,-0.2987378281412,0.546717350039978,-0.425992729656583,0.371933782150218
"KMT2E-AS1",-0.48634890155712,0.662844876689135,-0.291264128632781,0.647778243729206,-0.467609726093119,0.307928681666602
"KMT2E",-0.106425466193776,0.903608037062864,-0.101201977982716,0.730245999349297,-0.153082972065292,0.635630814036157
"SRPK2",-0.049235467350612,0.964462552585652,-0.00278925200863151,0.994111893424054,0.0450535459987566,0.898004089289119
"ATXN7L1",-0.18777507958736,0.831586301123345,-0.128995030735987,0.779463999820244,-0.119930689241389,0.807821027611497
"SYPL1",0.141941698863263,0.902724468235012,0.0640739624116449,0.879752666201422,0.113345777475954,0.752196195528005
"NAMPT",-0.35322247469606,0.86918309088418,-0.176274383524683,0.743182114935525,-0.200781135181899,0.749292653756677
"CCDC71L",0.0528643253698741,0.987232790302631,-0.0463120034505221,0.93367376665467,-0.133889810109183,0.761642890605828
"PIK3CG",-0.284800827439002,0.672194521709824,-0.249334899794231,0.539909812541728,-0.353078102804493,0.364381114006951
"PRKAR2B",0.0907522371738227,0.974793128542308,0.0663557710072248,0.956240560346755,0.067824284874781,0.943470285236283
"HBP1",0.0171170916453911,0.987676987381042,-0.0268406499660298,0.96242869953788,-0.0999803549100146,0.83693937884848
"COG5",-0.192755859639138,0.659564394798225,-0.136774411488105,0.6118955526808,-0.207556496443549,0.486708653561664
"BCAP29",0.0519513024698974,0.967203858991469,0.0177340774901856,0.97308093374412,0.0577067913715591,0.900216596874957
"DLD",0.135670628230041,0.848228309522531,0.0982288740220473,0.781746921621551,0.114644183544672,0.757943212685876
"LAMB1",-0.105751451000163,0.986243996198961,-0.0962959201924877,0.959017712897183,-0.151490970518697,0.924094511655778
"NRCAM",-0.367644552596045,0.93547433959633,-0.241361128357287,0.885041529327646,-0.324168434479814,0.839392539582093
"PNPLA8",0.0603047126231665,0.957608581799535,0.0312102273651575,0.951921041926033,0.0294476054554257,0.957562802791205
"DNAJB9",0.464347738571258,0.816588549579573,0.236213089892758,0.603662557624495,0.287770361266907,0.52551450346205
"IMMP2L",0.0334467415446159,0.975727322813314,0.0406415689238438,0.932320009271582,-0.04767404743935,0.914685256526293
"DOCK4",0.0348995811042135,0.987676987381042,-0.00770639172852743,0.994111893424054,-0.16905615661844,0.791252506176959
"ZNF277",0.0110004188566319,0.990298845548915,0.0186623490893523,0.965934461260662,0.0134614201615554,0.979218528186553
"IFRD1",0.0551471715704043,0.969952634197529,0.0282811001343318,0.956240560346755,-0.0166762854444573,0.977649323251274
"TMEM168",-0.210022621921423,0.713703084504335,-0.160477903250312,0.64689033572854,-0.229814401657772,0.535985104786305
"BMT2",0.0599149836348877,0.962718721338874,0.0227185008476837,0.968099084668931,0.00564883014384347,0.995031168540369
"SMIM30",-0.0349349544639283,0.987917890906206,-0.0925824727337046,0.867179825611848,-0.0171032170095009,0.979207899684523
"FOXP2",-0.940292572407238,0.790872788088734,-0.687078731308323,0.714486780209112,-0.852213746190376,0.666696927518615
"MDFIC",-0.153627128528002,0.85325053155458,-0.11602562334401,0.781746921621551,-0.0604474501140039,0.909802089335926
"TFEC",-0.0757461921772465,0.945421051661546,-0.0723723379858029,0.865887045284762,-0.0681349156576124,0.868416651730548
"TES",-0.00313869743241677,0.998674355631457,-0.0444183323526342,0.96277084031199,-0.0332633037838659,0.976949166476538
"CAV2",-0.0879659676928021,0.987381297202584,-0.198984016611175,0.89555290468384,-0.369324523936214,0.772624969369292
"CAV1",0.198164185849293,0.975333653661194,0.0131525162618575,0.994111893424054,-0.14330628214447,0.939448801257632
"MET",-0.394998310414732,0.915615419264746,-0.326453446631709,0.81200779318274,-0.443809385997856,0.72114752113053
"CAPZA2",0.0643101076392581,0.962348329941207,0.0500023495685849,0.927320925434697,0.0805475216264863,0.871237072166292
"ST7",-0.0850602649310337,0.937295590475388,-0.0247646019930464,0.962866185703775,-0.0558077006229914,0.916959452510363
"CTTNBP2",0.232926169521752,0.834896462424035,0.176836820758832,0.73101121462528,0.168587437358858,0.744256580926029
"LSM8",-0.173535844529001,0.75651538860226,-0.143703285868944,0.647778243729206,-0.116671330265219,0.684351540774242
"CPED1",-0.157766130288934,0.923535871787432,-0.0760209433528971,0.923054773439819,-0.23074571952583,0.685511798317414
"FAM3C",0.0433277154959862,0.975078487526034,0.0180373620942799,0.971524995429752,0.0192297546851472,0.973942463195293
"PTPRZ1",-0.0930387661408812,0.987676987381042,-0.0323575567810918,0.98706524090344,-0.109563535285476,0.961542996655408
"AASS",-0.324898981043975,0.794910857306378,-0.256370077952407,0.675806956804428,-0.401690949622644,0.498390546722916
"CADPS2",-0.424213063075257,0.903608037062864,-0.120522986620666,0.941484262067876,-0.116492423657079,0.939660992233169
"NDUFA5",0.1127287356422,0.876796771935752,0.0656193321867947,0.86055599668641,0.111517821216337,0.749855507789531
"WASL",0.0390745234185528,0.972032683928677,0.00764606225271651,0.983479606891045,-0.0168702966980043,0.976901867362516
"POT1",-0.297512861588231,0.631427909480806,-0.229079867005484,0.567754820711177,-0.275238049609199,0.526483868522985
"POT1-AS1",-0.661366985950203,0.628902509076854,-0.522730843036413,0.576859503928985,-0.681474763024163,0.485160378591964
"ZNF800",0.25621141133492,0.695012064214002,0.159355631803986,0.680554703992045,0.131824301823162,0.685511798317414
"ARF5",0.33232822868071,0.92417531528931,0.249746774335623,0.755206261592226,0.101125563521809,0.911768868128592
"SND1",0.104762953529342,0.850765417220173,0.0930194630713753,0.731838330994888,0.105032833841722,0.749855507789531
"RBM28",0.129886314131344,0.849184946634449,0.1186255343909,0.728626054491622,0.147156981521081,0.689878209589685
"HILPDA",0.396799697602108,0.840467050491297,0.135092664765534,0.833312333476619,0.201941788119718,0.75070515447857
"CALU",0.127593142888009,0.845995942306838,0.086480693501232,0.794811524175007,0.107433934723933,0.771112365450846
"ATP6V1F",0.325774307720189,0.912259746037492,0.220409720898496,0.539909812541728,0.287424162655475,0.376391918003978
"TNPO3",-0.0895531849749379,0.866886249963332,-0.0606072001178974,0.813376354404761,-0.0967696295326245,0.723116381892166
"TSPAN33",0.142113495793552,0.925683773823925,0.140693150753354,0.813747570349955,0.103922337760972,0.892914964963681
"AHCYL2",-0.116560008855677,0.915615419264746,-0.0516188557907029,0.941212492482467,-0.0968016134455616,0.882876829449606
"NRF1",-0.0969940873525999,0.909991992195616,-0.0771701874064722,0.865887045284762,-0.138561719874166,0.757943212685876
"UBE2H",-0.0395999579061983,0.969952634197529,-0.042006268235106,0.879318949048446,-0.0934617147108505,0.729606391884089
"KLHDC10",-0.0767008375739089,0.933760103374907,-0.0373398394554355,0.926495146692989,-0.0837064650902923,0.837429769891498
"MEST",-0.200791887204713,0.90551604090484,-0.174662054932354,0.790067916621749,-0.197409922829165,0.743361726549117
"COPG2",-0.230395339575913,0.820711412257868,-0.134289752612757,0.790067916621749,-0.117315928799155,0.837429769891498
"AC016831.7",0.18999788047549,0.903608037062864,0.11823391034117,0.858732225772775,0.152550331481491,0.822669529808433
"LINC00513",-0.0934108272003206,0.968529247878935,-0.0489146320704959,0.956240560346755,-0.0720075352073009,0.923709790565982
"AC016831.1",-0.0625437527828726,0.972032683928677,-0.049500280669737,0.941264598661626,-0.0991089031331004,0.851747081476023
"AC016831.5",0.117500913139175,0.937295590475388,0.0617105206505032,0.920105272451569,0.101651990795635,0.863071351383996
"AC058791.1",0.116112187606514,0.969506256606454,0.139058228677508,0.885041529327646,0.258924001406553,0.792149335517592
"LINC-PINT",0.180430400031172,0.882264046366445,0.161238102097946,0.707016966668684,0.215792164175826,0.650521374043316
"MKLN1",-0.123623688148655,0.842482482599777,-0.0833917932067099,0.728626054491622,-0.104034217097435,0.706116277078409
"PODXL",-0.143371117057904,0.957608581799535,-0.0432778667184782,0.97176299417624,-0.14168231405345,0.889599368412519
"CHCHD3",0.127682547764453,0.878233515505605,0.101046309104775,0.801135000030191,0.115654849556885,0.744256580926029
"EXOC4",-0.00468038416583903,0.993039382491997,0.0156435966584129,0.963632023564318,0.0110306410714001,0.979218528186553
"AKR1B1",0.242427278480244,0.802175895468196,0.19069239645837,0.649331678226707,0.249208612607738,0.562754315836961
"BPGM",0.0222336017268917,0.989020511532505,-0.0689314793579182,0.870765190363925,-0.156302012575932,0.680922650358031
"CALD1",-0.286116438907323,0.937120241257205,-0.228567522674209,0.867775140580767,-0.339331605543981,0.771112365450846
"AGBL3",-0.283150320667574,0.830368961159877,-0.160026563700692,0.847807356732724,-0.225354057289815,0.794142255410456
"CYREN",0.148648810741302,0.908677802519192,0.0488965558880197,0.937627157139003,-0.00404135091006826,0.997113640321465
"TMEM140",0.305368567793754,0.848228309522531,0.128903016217319,0.865887045284762,0.117050381706995,0.888998683162165
"AC083862.3",0.0929997889015664,0.975727322813314,-0.0522188311432009,0.961732451996458,-0.183079312834932,0.814173818717257
"WDR91",0.0909595117430876,0.956189059517408,0.0549666943163973,0.939892103670903,-0.0747549039065099,0.91093329104767
"CNOT4",-0.00759053316104683,0.990140623419615,0.00100375367968905,0.997577465746275,-0.00668904418320546,0.989193131684562
"STMP1",-0.0266668015888872,0.986243996198961,-0.032153931014619,0.943738008192869,0.00596741248719323,0.990420116511119
"MTPN",0.0924706137849187,0.923602803613446,0.0405168169213583,0.922835788344825,0.0531451429390027,0.909995429597945
"AC078845.1",-0.0221283485751293,0.990850390543415,0.0390988615870604,0.975940010120607,-0.08332502926831,0.957562802791205
"PTN",-0.579500632736744,0.900044120198441,-0.48886811662741,0.781746921621551,-0.668674315560463,0.66079399228559
"CREB3L2",-0.0642308698674672,0.937120241257205,-0.0599603133769995,0.855616970453911,-0.109692664240241,0.732182402937651
"TRIM24",-0.0490655091043982,0.959248300621966,-0.0426553036493477,0.896898631362009,-0.0264252751462047,0.951715326242549
"ZC3HAV1",-0.0351300605946362,0.986243996198961,-0.0346367835420508,0.942235289270853,-0.0237236834996953,0.96749032534522
"UBN2",-0.166618214809712,0.790872788088734,-0.136381940903311,0.64984446340371,-0.177809778834233,0.596801456598472
"FMC1",-0.246532476780329,0.956660628690128,-0.122447818375497,0.736044434233638,-0.233236910044901,0.512732031326607
"LUC7L2",0.143035891016886,0.847164208899954,0.126912375360966,0.728626054491622,0.0935295358475575,0.812456792848887
"HIPK2",-0.00200579161384717,0.998216842306075,-0.013587314039445,0.975940010120607,-0.00661006746917378,0.990420116511119
"TBXAS1",0.149909937317622,0.885213448640826,0.133123368065931,0.756801218738335,0.170132596694999,0.700887286470261
"PARP12",0.277460115784792,0.794373052249496,0.208152463885776,0.638613914919712,0.238590764305546,0.635630814036157
"KDM7A",-0.165284060107663,0.913354702114686,-0.13414067820766,0.758083011260247,-0.130546138786495,0.772663272404715
"KDM7A-DT",-0.2985483975569,0.848228309522531,-0.303072025256409,0.582946363140296,-0.415821280882928,0.376391918003978
"DENND2A",-0.953661301907865,0.836203256481455,-0.776246503721199,0.727878132068755,-1.06867407403014,0.549695983821101
"NDUFB2",0.109248065255034,0.969952634197529,0.10450067816534,0.75395757213358,0.0973738152395375,0.822306208474632
"BRAF",0.117296675348739,0.911641919586937,0.0875096306022105,0.832809995674351,0.123680789405281,0.763653082700191
"MRPS33",0.0194226821718146,0.990140623419615,0.0316689787651027,0.947522425797012,0.089153627550494,0.816362245413327
"DENND11",-0.191320654579575,0.897129444505265,-0.167513216590732,0.784636148297039,-0.261818063136969,0.674363867120955
"SSBP1",-0.0223424754005926,0.987232790302631,-9.22459617101538e-05,0.99967840875972,-0.0336336056364511,0.93979183250301
"MGAM",-0.781705529231877,0.663401121515774,-0.342225751168172,0.576417864672359,-0.505243945494319,0.376391918003978
"CLEC5A",-0.892429749440028,0.620497879203569,-0.473999223695851,0.539909812541728,-0.646359897202662,0.376391918003978
"GSTK1",0.176155914005757,0.799839306045913,0.175574995917332,0.6118955526808,0.224110691820396,0.492865920176733
"ZYX",0.106100227463974,0.896831419137296,0.0723338346146543,0.825928810266268,0.0439797740838012,0.909995429597945
"EPHA1-AS1",-0.616465335965837,0.779982850130502,-0.447453524326044,0.696845041771802,-0.678178098021391,0.470558893003515
"TCAF1",-0.228133386060397,0.680936246736474,-0.144925397009072,0.648927184672061,-0.14770312963875,0.656156410780707
"AC004889.1",0.153621376641931,0.966251468147606,0.0972505860747133,0.951115715798797,0.0839168437426491,0.963163635851747
"TPK1",-0.141993995226845,0.76063344310174,-0.0878457554437781,0.723988436794654,-0.103466578379321,0.706323775177875
"CNTNAP2",-1.02104743950901,0.743641475921582,-0.704579886496943,0.69275266410881,-1.00093502709896,0.549695983821101
"CUL1",0.162995934683207,0.843597380972485,0.12186416997508,0.712661164701235,0.137856183895627,0.715282904877509
"EZH2",-0.254552731680102,0.805297296612406,-0.199489128576796,0.660243239455962,-0.325780321533018,0.371933782150218
"PDIA4",0.0284780206270202,0.989714838915354,-0.0349691686048555,0.911104990632369,-0.0728124266735495,0.828401074096464
"ATP6V0E2",0.487031194744523,0.830368961159877,0.300299028910436,0.641358100100867,0.235956450165882,0.732182402937651
"RARRES2",-1.02527017940924,0.8276928018909,-0.652023345635384,0.69275266410881,-0.804170800402398,0.521835404394511
"GIMAP8",-0.302350097180987,0.795440606734161,-0.229774276334518,0.707016966668684,-0.240194711516881,0.717663932683668
"GIMAP7",-0.238093654347172,0.903608037062864,-0.204284675115695,0.787285299040374,-0.151227325242562,0.860312992856759
"GIMAP4",0.12512295284453,0.937120241257205,0.0436542030198615,0.944564301575183,0.137063067015786,0.767105192939401
"GIMAP6",-0.11756137193268,0.95196329621018,-0.131262282365058,0.848374793858531,-0.094628390539362,0.900089393092193
"GIMAP1",-0.0981726909930548,0.967203858991469,-0.102445437785127,0.89931403768134,-0.0411610754872703,0.973046066546357
"GIMAP5",-0.107351702823244,0.951726996250602,-0.0637539154006485,0.936014340189785,-0.0880508735522784,0.910198363334555
"TMEM176B",0.918757696147311,0.66824518927896,0.639658593590884,0.539909812541728,0.943714798599585,0.364381114006951
"TMEM176A",0.574099716487153,0.847763278066247,0.487026439219511,0.567636892317067,0.733103841065715,0.371933782150218
"TMUB1",0.542138148496515,0.562118039898797,0.336818442481461,0.539909812541728,0.394378217860585,0.241248040103115
"SMARCD3",0.463373663006338,0.722654050853002,0.341216105164894,0.644660353094293,0.482421619109996,0.486708653561664
"NUB1",0.0763330422832947,0.923535871787432,0.0564152705349422,0.877318442258331,0.0539848431717033,0.900216596874957
"WDR86",0.0743736297928534,0.987676987381042,0.0862231462600241,0.958093966183399,-0.0247503632236339,0.988199008429316
"WDR86-AS1",0.481251127375852,0.941362866167704,0.523048340879159,0.678110628123578,0.401812395118165,0.655796142154467
"RHEB",0.406220032309605,0.633461558848371,0.318040927130905,0.565951168967911,0.311644259261271,0.473493734259366
"PRKAG2",0.0497972185314915,0.975195695221014,0.0387990706664487,0.942866865475612,0.120233338733692,0.760419067400165
"PRKAG2-AS1",0.078255559456825,0.962718721338874,0.0471110106602653,0.950756828849506,0.058475745459967,0.916646446946595
"GALNT11",-0.0967956085970249,0.883619215663686,-0.0414114207436884,0.89555290468384,-0.0844582344857163,0.811785898017482
"KMT2C",-0.116299257794344,0.871146086444017,-0.0945203672913068,0.727878132068755,-0.121308625228475,0.682248943270219
"INSIG1",-0.117024166067585,0.937120241257205,-0.0636957829425117,0.905085305148835,-0.143533339323398,0.769064538994739
"RBM33",0.0160479617708519,0.986243996198961,0.0066437152945748,0.980444404085137,0.013411390078097,0.973878594622367
"LINC01006",0.0427258413802954,0.987232790302631,0.0595807463071985,0.932320009271582,-0.0173206641865142,0.984095076130832
"LMBR1",-0.114503946565293,0.853908472607729,-0.0853648878619847,0.823141670358777,-0.114066138829083,0.794594005599009
"UBE3C",-0.0501974386398453,0.939287046093933,-0.0326131858617155,0.914172578664351,-0.0784340197656809,0.795852028600715
"DNAJB6",0.153533085448049,0.850765417220173,0.102473292099209,0.756801218738335,0.067729349961458,0.871173236239181
"NCAPG2",-0.180075254075761,0.868718202741141,-0.106441080179987,0.833312333476619,-0.189018594651504,0.722252774202751
"ESYT2",0.0695388659181287,0.967203858991469,0.0166459998373189,0.973180525785074,-0.0201569534499824,0.973942463195293
"WDR60",-0.216906471726742,0.713703084504335,-0.12552367348131,0.724563954005688,-0.215229581633715,0.565565168186256
"FBXO25",0.00483532979275437,0.993039382491997,0.0248746504975903,0.95050569742153,-0.0321141559231969,0.937196857773232
"ERICH1",-0.124962319501164,0.795440606734161,-0.0729790004858534,0.763807426580721,-0.0959376869335382,0.740228469505966
"CLN8",0.242568076171492,0.831586301123345,0.173967138828732,0.75191920269781,0.160887129852337,0.771112365450846
"AC100810.1",0.00651522972602049,0.993280685055571,0.0244135669641969,0.962866185703775,-0.0539921149501732,0.902643232023022
"ARHGEF10",-0.267486750637015,0.893595192096776,-0.233549902709603,0.763807426580721,-0.315246587070327,0.644500148464691
"MCPH1",-0.157083231641312,0.825709747415067,-0.0864651276494649,0.806409740187469,-0.11193344407635,0.777479366201726
"ANGPT2",-0.0674343496748003,0.976651500267561,0.0353968402855299,0.969900650801383,0.0643443725819359,0.943665754096722
"AGPAT5",0.0442185767821984,0.972446518765152,-0.0267122163892059,0.951200760838363,-0.0466041464076284,0.91093329104767
"DEFB1",0.373036507391302,0.946978282166981,0.11575401279689,0.961732451996458,0.039217293382016,0.989193131684562
"PRAG1",-0.0598895004331419,0.975727322813314,-0.0213490139409208,0.975940010120607,-0.133038488135062,0.83780945723087
"MFHAS1",-0.15933923963023,0.875447982337502,-0.115928044852385,0.781746921621551,-0.110954724731408,0.797972493400449
"ERI1",0.0415376169993934,0.978731255112132,0.0101739615583561,0.982567521584643,-0.0271968965324377,0.969600463301846
"PPP1R3B",-0.113586037948684,0.965026801109949,-0.122220619758615,0.882550819749609,-0.193297376050467,0.821128295635357
"AC022784.1",0.377353299759451,0.882264046366445,0.186350545184359,0.85465642305296,0.102327421294057,0.922096086495604
"TNKS",-0.0548509124961506,0.95155244283198,-0.0325945276743361,0.946575958381891,-0.0851823437770604,0.849064773420446
"MSRA",0.178454453381896,0.743988537519481,0.147094264314663,0.660243239455962,0.152671303129346,0.642621820653838
"SOX7",-0.311098057950355,0.915615419264746,-0.246629733908445,0.845608808750541,-0.30992443176575,0.811785898017482
"XKR6",-0.188164838345543,0.848903305816828,-0.0903347927083495,0.89427945958319,-0.240046354994759,0.685511798317414
"FDFT1",-0.0224950935203974,0.987165551409643,0.00977807301720516,0.980000233091819,0.00538872417880849,0.992577129869039
"CTSB",0.0832207059557348,0.95196329621018,0.0923114805519083,0.756801218738335,0.060111747749387,0.866995319453104
"AC068587.4",-0.449534669465767,0.684052758618523,-0.281116344380577,0.680554703992045,-0.436148335155855,0.525082444112271
"LONRF1",0.142632356354428,0.943083225919622,0.0918908682659461,0.921322498525649,0.101869433860015,0.843485540238215
"DLC1",-0.0544102069646285,0.987168661761228,-0.0595742731027247,0.961663698018687,-0.109438983676292,0.90664230403665
"MSR1",-0.143553416150139,0.925683773823925,-0.063350615507017,0.916294702011649,-0.0665999318111563,0.924094511655778
"MICU3",-0.239040681857541,0.838228110296931,-0.189295009831894,0.730245999349297,-0.257670156298865,0.666696927518615
"ZDHHC2",-0.0252507703069021,0.987676987381042,-0.0709829511182162,0.895058017410379,-0.0712014542558161,0.907798853627752
"CNOT7",-0.0187530023440737,0.986656681400961,-0.0231484954463194,0.95165523536286,-0.0225002757052137,0.957032935111442
"VPS37A",0.159198723684027,0.841271683568883,0.0952420344971314,0.811003392445953,0.120196714979698,0.779378616307891
"MTUS1",-0.2970852331678,0.836203256481455,-0.171709770132281,0.763834456038696,-0.199579967423167,0.749292653756677
"PCM1",-0.0952995854607796,0.903608037062864,-0.08795903012068,0.743910569746862,-0.097677260571796,0.758403189535834
"ASAH1",0.142508589676844,0.882264046366445,0.0603743365481734,0.8843628398733,0.0465248576243613,0.924450102068873
"PSD3",-0.180851865011528,0.926058247355641,-0.0347093875021685,0.950756828849506,-0.0632232380468715,0.91093329104767
"AC100849.1",-0.593233467247111,0.743988537519481,-0.415283037819773,0.655885041836434,-0.609640385367319,0.486708653561664
"CSGALNACT1",0.0183327611379186,0.990850390543415,0.0266691468732218,0.975491710400042,0.137856772069387,0.867023948291533
"INTS10",0.192852051626882,0.885618959136343,0.144437751751213,0.81971599282233,0.137482258996135,0.844795230937249
"LPL",0.761847647391224,0.633461558848371,0.537775249181768,0.600950135999603,0.693360617191804,0.494198277849011
"ATP6V1B2",0.138963563975909,0.867098685390414,0.0913802925485831,0.78200548951756,0.0577336719894001,0.870387599854381
"LZTS1",-0.52449043621779,0.850765417220173,-0.295834772599643,0.806409740187469,-0.463241504747642,0.659522181455106
"GFRA2",0.63652408272281,0.831586301123345,0.422181067452955,0.734034742031875,0.47955088833673,0.708162756495889
"DOK2",0.241285019358116,0.923602803613446,0.163809333662276,0.717433010177714,0.125821445135894,0.794019265540802
"XPO7",-0.16950203408925,0.743988537519481,-0.13849333772022,0.655885041836434,-0.189555541790102,0.58165534048094
"BMP1",-0.00187114059105718,0.999861953973754,-0.0680828427342204,0.942866865475612,-0.198347276291619,0.771400103797342
"SLC39A14",-0.162616370924894,0.937120241257205,-0.127429274279459,0.868346873746697,-0.31235396814758,0.578813814667834
"PPP3CC",0.141921325532042,0.885213448640826,0.142671822913193,0.73101121462528,0.135358994020896,0.776155963298816
"AC087854.1",-0.691020297742788,0.615910607717767,-0.485321841008427,0.571185324951607,-0.59064427281752,0.456278093224864
"SORBS3",-0.128072126567135,0.920885507075657,-0.114024011319284,0.76807261540306,-0.203608925973625,0.594301230245286
"PDLIM2",0.0521813268851712,0.989527600653266,0.133294328272045,0.790067916621749,0.0904853105589325,0.889599368412519
"BIN3",0.0651743399382894,0.964792346825516,0.0725761193048234,0.875772472130238,0.0493594484351098,0.931855669972043
"EGR3",-0.51777446289281,0.882264046366445,-0.223951453891413,0.73101121462528,-0.409817598198453,0.360738283189872
"TNFRSF10B",-0.0937580503410454,0.946978282166981,-0.011910179771433,0.976831570536172,-0.0840629167614814,0.831013666506075
"TNFRSF10D",-0.0387901640649769,0.987168661761228,-0.0270480343566293,0.973528437650212,-0.20693766666836,0.725100421060311
"LOXL2",0.627324733267062,0.834252579668856,0.574500551207037,0.694286170885577,0.459816968407611,0.756813122295849
"SLC25A37",0.181650335846918,0.877132886555714,0.118412996353179,0.833312333476619,0.137399201376214,0.822669529808433
"STC1",0.417463913246078,0.942492479468341,0.205470766572277,0.93991829964624,0.107803151529766,0.970471175880853
"ADAM28",-0.227318069448783,0.790872788088734,-0.202127495963458,0.6118955526808,-0.316364929863704,0.427789007407824
"AC120193.1",-0.300879886271277,0.911641919586937,-0.233379689845379,0.855616970453911,-0.277665861304904,0.822669529808433
"ADAMDEC1",0.858187027027392,0.620497879203569,0.670901798855335,0.539909812541728,0.722648719795386,0.455988349676889
"NEFM",0.0396344810756679,0.989020511532505,0.0200245033182358,0.985377115340074,-0.00803227030854486,0.99673835156956
"DOCK5",-0.108441503083955,0.92417531528931,-0.111905268325647,0.78899809665405,-0.0603039055069967,0.900089393092193
"KCTD9",0.148893441863314,0.831586301123345,0.100906206790577,0.761146693087719,0.103999538416563,0.792645670335483
"PPP2R2A",0.0690710722351474,0.928938171849069,0.0473266088776843,0.884392091917379,0.0220449779231461,0.961990052870565
"BNIP3L",0.244146406602423,0.756024783939142,0.139885784647052,0.712661164701235,0.16007242018664,0.659522181455106
"DPYSL2",-0.367736590893619,0.667130010426893,-0.280952942082666,0.576859503928985,-0.375931008009141,0.478589739893132
"PTK2B",0.275045874817363,0.813674485940211,0.202612492487064,0.708900705627479,0.31351958862524,0.562754315836961
"CLU",-0.913496887892503,0.831586301123345,-0.647295510055564,0.707016966668684,-0.820063658445586,0.574734543184491
"SCARA3",-0.0535942333221886,0.990850390543415,-0.0535145884959347,0.981304582301155,-0.218936471976536,0.911696415617216
"CCDC25",0.103553266478022,0.908458190058852,0.079590990201805,0.77924494957461,0.12080397589574,0.690558646848504
"ESCO2",0.0171804951590272,0.993039382491997,0.0747281246922474,0.957810913092003,0.0176897966614847,0.992143007283185
"HMBOX1",-0.109763046582996,0.886428075551855,-0.0734005211924183,0.832809995674351,-0.14432793060883,0.66624394661486
"KIF13B",0.0583925904501959,0.952676354135022,0.0507009725602382,0.892452868202711,0.0883501397867242,0.812183338036845
"DUSP4",0.0604225875499142,0.986243996198961,0.1119136205782,0.897123059066415,-0.0652745632056154,0.926002075218843
"SARAF",0.302268104131107,0.75170860107918,0.176573929585797,0.728626054491622,0.262280807319846,0.562754315836961
"LEPROTL1",0.176621428386076,0.795440606734161,0.11234516274246,0.756153491520394,0.160314743879781,0.669306105076811
"AC026979.2",-0.292689405524062,0.835065411271984,-0.183834270287665,0.76807261540306,-0.262733571813338,0.695326217239244
"DCTN6",0.0849805806807223,0.937295590475388,0.0799404145647855,0.832809995674351,0.0856046634043898,0.802271340040531
"RBPMS",-0.134935110077507,0.972747459822463,-0.114541427778499,0.941264598661626,-0.245952080664915,0.806345549179156
"PPP2CB",0.0844344174500243,0.932956753512882,0.045368309207325,0.923054773439819,0.0423138378288962,0.935513082241521
"WRN",-0.318786625139797,0.59030874370855,-0.22436724990379,0.539909812541728,-0.280633758576825,0.430331057882329
"NRG1",0.185431031358933,0.969952634197529,0.200762013637489,0.892840884979413,0.130367495605738,0.934890182573882
"AC090204.1",0.185658287876707,0.900233158660965,0.20878868191689,0.680554703992045,0.186724537111023,0.733792358252607
"ZNF703",0.150952124382966,0.96881324515284,0.00111876327483793,0.998847327855682,-0.127985015476743,0.756258027422061
"ADGRA2",-0.0428039046365875,0.989701309603352,-0.0662868955915969,0.96668416533004,-0.169831692266428,0.896987088212181
"RAB11FIP1",-0.410319828324988,0.688935346222494,-0.288894702149441,0.567636892317067,-0.345357848603631,0.443658298786382
"EIF4EBP1",0.191251774192147,0.831586301123345,0.131935422973072,0.755206261592226,0.216651220815111,0.626483070625434
"LSM1",0.202081085837461,0.848228309522531,0.114813101966501,0.787285299040374,0.120562454311542,0.761421121087099
"NSD3",0.0415478054292881,0.952093474531886,0.0312308861934586,0.919371416088589,0.0140719358231287,0.973942463195293
"FGFR1",0.159050913344632,0.946978282166981,0.111805026519622,0.904155282124104,0.0611480652416642,0.957562802791205
"TACC1",0.0674355022388891,0.937295590475388,0.0342207020579154,0.925547196323859,0.0112256047886713,0.980108479276866
"PLEKHA2",-0.0223838876549916,0.987060796028084,-0.0354256517323922,0.915782319260146,-0.0687357732914897,0.837429769891498
"TM2D2",0.195869137283248,0.926058247355641,0.0711055365628825,0.895058017410379,0.0940068304903664,0.869793185908311
"ADAM9",-0.0586935166823644,0.974793128542308,-0.0881132329246809,0.87166764142083,-0.163365498725445,0.760841518933028
"ADAM32",0.0107920675647814,0.994202951143564,0.0274793594133309,0.978868069865406,-0.0253428900872703,0.98661291854552
"IDO1",0.323920599747026,0.895362634494784,0.325385654568402,0.728626054491622,0.337026144267305,0.732182402937651
"TCIM",-0.097623069345889,0.987165551409643,-0.172263584839905,0.915782319260146,-0.308758670767532,0.821128295635357
"SFRP1",-1.05082015235184,0.809657544836189,-0.729357252944811,0.678110628123578,-0.881648251234208,0.639972620212142
"GOLGA7",0.036189145509109,0.986243996198961,-0.012162171420152,0.980444404085137,0.013600436811749,0.979708315365712
"AC009630.4",-0.468286107916923,0.866795833636156,-0.29052926518989,0.823141670358777,-0.330633642929355,0.810255859833895
"KAT6A",-0.0793023496520662,0.915615419264746,-0.0582803107211283,0.823141670358777,-0.0422667446673885,0.888101158224411
"PLAT",-0.295583432293474,0.885618959136343,-0.177035443473132,0.865887045284762,-0.276236042636106,0.690076188603555
"IKBKB",-0.223145824605962,0.743988537519481,-0.146965707700518,0.675699955475318,-0.177466319071806,0.549695983821101
"POLB",0.108080596067371,0.92417531528931,0.09006303416507,0.845169358064318,0.119863789398261,0.811785898017482
"VDAC3",0.289336471481033,0.680936246736474,0.238155794484042,0.5936384760076,0.336338374360937,0.454646209978998
"SLC20A2",-0.0892453507418992,0.877132886555714,-0.0482588222882721,0.876915417348679,-0.0710412893947208,0.829309687795442
"SMIM19",0.101956260232071,0.924498996804901,0.0840163885061161,0.825928810266268,0.117325459323213,0.691623413868572
"HOOK3",-0.0119766616573721,0.987676987381042,-0.0122223757008285,0.972165132677935,-0.00989495481812377,0.980766459646602
"FNTA",0.18968988623813,0.722993526913415,0.148175600762572,0.660243239455962,0.19560207109759,0.565565168186256
"HGSNAT",-0.203354488168739,0.782347688269215,-0.131193945983076,0.727359314461205,-0.13931663399792,0.749207151584815
"SPIDR",-0.0674834201987341,0.937120241257205,-0.0373811827023302,0.914527082205176,-0.0781916336757908,0.820813436109508
"CEBPD",0.0368640367173975,0.987165551409643,0.012275736288522,0.982567521584643,0.00178707824206657,0.998301845666392
"PRKDC",-0.119362329091005,0.866886249963332,-0.0806532913143396,0.823141670358777,-0.10238505945767,0.771112365450846
"MCM4",-0.137134035715145,0.923535871787432,-0.0643770423119095,0.897335209404733,-0.0823512002510028,0.879642667300819
"UBE2V2",0.13407600651719,0.842774473190308,0.115923487022297,0.73101121462528,0.162769370980484,0.631843702354139
"PCMTD1",-0.0369235126873424,0.980406997995604,-0.037680632846007,0.950443368715465,0.00292215814390248,0.997113640321465
"ST18",0.30027147660357,0.795440606734161,0.212285999139458,0.728626054491622,0.292010018312278,0.639972620212142
"RB1CC1",-0.116789938495063,0.868718202741141,-0.116956764190785,0.701636166420676,-0.104386041129333,0.699127052861231
"ATP6V1H",0.176343250903938,0.838402292005806,0.12194619425631,0.763807426580721,0.101170211317279,0.83780945723087
"TCEA1",0.00013490858199192,0.999963380658618,-0.00249991898953252,0.995964398344206,0.00813195932979816,0.989193131684562
"LYPLA1",-0.0435145698962261,0.978731255112132,-0.0121606968172156,0.982567521584643,0.0106263360341107,0.988350014201583
"MRPL15",0.406895188764817,0.620497879203569,0.267682454005959,0.539909812541728,0.38313490271925,0.307928681666602
"XKR4",-0.288026575860657,0.938619322035111,-0.160132839605912,0.923108484360897,-0.226916088526014,0.83780945723087
"TGS1",-0.0411339697409184,0.951610900208567,-0.0143937403843949,0.964780908825714,-0.0319225513106039,0.927834962329026
"LYN",-0.0190390807312362,0.987381297202584,0.0121886089145413,0.973528437650212,-0.051955520323271,0.883841284176259
"RPS20",0.0746743060385212,0.987168661761228,0.00186581881889886,0.996322269070203,0.0218769400423938,0.973942463195293
"PLAG1",-0.391100150521191,0.620497879203569,-0.313174937849462,0.539909812541728,-0.369071116157566,0.441384111538575
"CHCHD7",0.0319204624769383,0.972747459822463,0.0325833748546712,0.931098195759938,0.0155687083197921,0.973878594622367
"PENK",0.301433192016682,0.937497297520597,0.245899586135591,0.848123562433291,0.356829602628951,0.723116381892166
"LINC00968",0.131238732333186,0.958007726819188,0.0544583206059297,0.962866185703775,0.0377567315129916,0.976881546651984
"IMPAD1",0.0391380598440984,0.969952634197529,-0.000800689452264408,0.998806998670749,-0.0299401955758677,0.945137784813934
"FAM110B",0.0947595747372741,0.939974313495137,0.0616161613522335,0.89555290468384,0.129296058964611,0.75070515447857
"UBXN2B",0.170153599462456,0.845995942306838,0.0772951493601597,0.839806827180451,0.138535712548341,0.670884915964199
"SDCBP",0.118590243394878,0.932517504073116,0.0728299377182273,0.884514195537012,0.0519419450641855,0.922709833813539
"NSMAF",-0.167163632108101,0.850765417220173,-0.139636058266209,0.73101121462528,-0.236018386804118,0.455988349676889
"TOX",-0.257174594949156,0.9117360607865,-0.18593909111009,0.875901207578288,-0.289388627700619,0.807005377837559
"LINC01301",-0.454874281820396,0.755960143441111,-0.281160396292523,0.750304065506332,-0.459934067073213,0.594301230245286
"RAB2A",0.164468936599881,0.7720934904036,0.121709226806444,0.694286170885577,0.156551925689418,0.643946550076799
"CHD7",0.0186877322238947,0.987381297202584,-0.0187562000064361,0.964129047926838,-0.0245686008491317,0.957562802791205
"AC113143.3",-0.305400090315312,0.895362634494784,-0.200577291278421,0.846012846277298,-0.14086596128021,0.844314412133083
"ASPH",-0.042166624577782,0.961059654169002,-0.00320956434150248,0.99159047822418,-0.00715369869380491,0.98833262269817
"NKAIN3",-0.0317694137092462,0.990850390543415,-0.022048711833041,0.985904404323331,-0.20693834396804,0.83780945723087
"GGH",0.041284377085697,0.989020511532505,0.0772714309247825,0.915782319260146,0.0900527050935766,0.904689628572369
"YTHDF3",0.0350723450770852,0.975727322813314,0.027875907057128,0.951921041926033,-0.0137817318526174,0.979207899684523
"CYP7B1",-0.346631757928016,0.943083225919622,-0.235714393784877,0.89033472493253,-0.389601208144072,0.812456792848887
"MTFR1",0.0736216837894412,0.946978282166981,0.0912378973954634,0.855616970453911,0.123590442872258,0.821311436180363
"PDE7A",0.172177947834064,0.845460943772112,0.118878983426369,0.782827683585061,0.170076424297486,0.713479631874497
"MYBL1",-0.694489158106135,0.680628431538757,-0.499406474192377,0.6118955526808,-0.893949288699668,0.257964807679234
"SGK3",-0.113016152402255,0.91971507233412,-0.093801963748991,0.838741898059118,-0.110962190832335,0.834800523327559
"SNHG6",0.014743460064501,0.989701309603352,-0.0268897064424338,0.945887491986644,-0.0519165143762645,0.895174355130938
"COPS5",0.0944683869291131,0.926058247355641,0.0928289764977834,0.833312333476619,0.128609703194688,0.759954651839089
"CSPP1",-0.142972436221576,0.780452763710479,-0.0788132507483764,0.771931159611123,-0.081851924409569,0.802660657102513
"ARFGEF1",0.00883897867547781,0.987676987381042,0.00368262301531616,0.989668092293795,0.00927417677916969,0.979708315365712
"CPA6",0.258559442914534,0.891570953693957,0.238877462140902,0.779117741632649,0.434900626719518,0.596801456598472
"PREX2",0.403370368239551,0.820711412257868,0.337467182526165,0.649217809442069,0.373872856502674,0.64254253499209
"SULF1",-0.653176728617388,0.871146086444017,-0.586333473486694,0.755206261592226,-0.818614002366897,0.56122308555548
"NCOA2",-0.195237874809219,0.713703084504335,-0.163068356348363,0.567636892317067,-0.190675764977662,0.510146919208901
"TRAM1",0.115275326318819,0.921745497785775,0.0205640415470599,0.968099084668931,0.0711072783174328,0.868416651730548
"TERF1",0.00895858320251724,0.989020511532505,0.0143434158388974,0.964449850757238,-0.00270405154266099,0.995386539319373
"SBSPON",-0.462505817072469,0.896368090226755,-0.349129697717586,0.766250172068691,-0.483026122046345,0.649385841518366
"RPL7",0.141317385779328,0.976629208958047,0.103696071979702,0.756801218738335,0.176206798041064,0.561514913681191
"RDH10",-0.178087681915459,0.963048307123439,-0.171846260582135,0.711331071049251,-0.32839654188906,0.41778242206138
"STAU2",-0.315861619676711,0.620497879203569,-0.226457321230466,0.567636892317067,-0.288228382207421,0.485786327337491
"UBE2W",-0.0947379483437217,0.937164400648541,-0.0514455366888873,0.923108484360897,-0.0897226668135917,0.868416651730548
"AC022868.2",-0.537700220052731,0.713703084504335,-0.337616675505678,0.675806956804428,-0.621020390720187,0.364381114006951
"ELOC",-0.0291154255218172,0.987165551409643,-0.0152248630469431,0.977248566143452,-0.0782086719882555,0.891055840715954
"TMEM70",0.457091618061384,0.635362086335881,0.279256671135401,0.567754820711177,0.35720582573363,0.454646209978998
"LY96",0.0331578585080512,0.986243996198961,0.029224462277329,0.962715960888231,0.0388335815783178,0.952974449165695
"GDAP1",0.163391482706924,0.882264046366445,0.16731673918111,0.727359314461205,0.237796648194922,0.639972620212142
"PKIA",-0.096284837846549,0.986243996198961,-0.0515015192371751,0.972633302354072,-0.204259087820534,0.85198302569722
"ZC2HC1A",-0.155830743533829,0.885213448640826,-0.12587617316631,0.784794565990796,-0.130634345012594,0.81009870897543
"IL7",-0.168791523780251,0.923602803613446,-0.0419334388393143,0.97308093374412,-0.0221827537327089,0.989193131684562
"AC083837.1",-0.30072937266667,0.915615419264746,-0.139110600196295,0.916199047574657,-0.203138963786421,0.870974606166548
"LINC02605",-0.247654398305156,0.937295590475388,-0.130197976037904,0.916199047574657,-0.0667822094948048,0.959699104482547
"HEY1",0.0877773167882746,0.987168661761228,0.0452445717461356,0.966716956419007,-0.20322998578336,0.779378616307891
"MRPS28",0.0186347417408696,0.987676987381042,0.0303388121792941,0.953950398414795,-0.00911287940472007,0.98661291854552
"TPD52",0.166246180913212,0.937120241257205,0.123847358274205,0.885041529327646,0.106606764934838,0.861600338130576
"ZBTB10",-0.0961107399216906,0.94801751582644,-0.119469664221594,0.806409740187469,-0.176526467064517,0.643946550076799
"ZNF704",-0.66930116378469,0.667130010426893,-0.441536039144084,0.655516967718768,-0.547625967227089,0.565699562145283
"PAG1",-0.0729236839121179,0.945421051661546,-0.0971155773289223,0.761732633664525,-0.119223381774312,0.742507520511197
"AC079209.1",-0.421566547369785,0.850765417220173,-0.254368604216227,0.823141670358777,-0.36757530257496,0.62915730044559
"FABP5",0.563005613804643,0.795440606734161,0.387279223926033,0.6312790506749,0.613367766089288,0.437992645675782
"PMP2",-0.275101363420338,0.972747459822463,-0.066172638915613,0.969219565086751,-0.253497724580041,0.831013666506075
"FABP4",0.446323784295384,0.95867628166691,0.352297718634832,0.907995835423185,0.932383442322446,0.750079893319287
"RBIS",-0.0340689988023765,0.98524999231426,-0.042891195457996,0.916199047574657,-0.0369343405535908,0.932840458390985
"CA2",0.143203659180282,0.950972662765713,-0.00253977291542767,0.996322269070203,-0.140099478837853,0.794982096568494
"WWP1",-0.141673865218232,0.755054417061292,-0.0997518533942392,0.726008162470312,-0.107291223660919,0.75070515447857
"RMDN1",-0.00428109525216207,0.994185041598494,0.011997734190435,0.975491710400042,0.037091880463259,0.924094511655778
"CPNE3",0.0830524211317891,0.95867628166691,0.0118762872025269,0.97886168663327,0.0830376288714623,0.83780945723087
"AF117829.1",0.132415479106964,0.895362634494784,0.115034604755927,0.790067916621749,0.122363697639404,0.807005377837559
"RIPK2",0.272184657341983,0.832254798231811,0.16874422890967,0.73935390750126,0.23012491104839,0.668846097638562
"OSGIN2",0.0688174402673647,0.951610900208567,0.0362405477468088,0.942866865475612,0.0403505260566421,0.940689162228499
"NBN",0.162448637959074,0.850765417220173,0.132507456569671,0.756801218738335,0.221171894309474,0.521835404394511
"DECR1",0.208769032671691,0.795440606734161,0.170934231582254,0.700576833586673,0.273918830585762,0.455988349676889
"LINC00534",-0.234876818043048,0.935853944284842,-0.112254175597277,0.936853564395437,-0.230629234322419,0.840412082235387
"OTUD6B-AS1",-0.251279596915362,0.602492293553338,-0.186524593503068,0.539909812541728,-0.250979812959983,0.376391918003978
"LRRC69",-0.302654126185263,0.831586301123345,-0.217854848053279,0.758930649986212,-0.280458512918159,0.677246287404597
"PDP1",-0.209049105994839,0.847164208899954,-0.124913643279473,0.820773097427908,-0.316997430920422,0.47176849052667
"GEM",0.0551382300132982,0.987060796028084,0.0267955851478979,0.977530165599063,-0.135177660783722,0.855433907472701
"NDUFAF6",-0.103184120057783,0.881963441136312,-0.0544879951580268,0.877318442258331,-0.118137898117312,0.733140110303463
"TP53INP1",-0.488938074212932,0.633461558848371,-0.405770156671248,0.539909812541728,-0.549104452005998,0.364381114006951
"PLEKHF2",-0.137989714205791,0.920170999728793,-0.152494978139206,0.756153491520394,-0.254984112451435,0.567491109455756
"C8orf37-AS1",0.0446723786250112,0.987676987381042,0.0755731232101178,0.961663698018687,-0.0625498131635311,0.969752805540984
"UQCRB",0.0817755876512235,0.987165551409643,-0.00633600291593122,0.987498147844983,0.0167470805247114,0.976881546651984
"SDC2",-0.363857669083016,0.885191732662021,-0.175661188772048,0.844370190190409,-0.141175183604876,0.889599368412519
"CPQ",-0.200878317828058,0.743988537519481,-0.127791381297754,0.675806956804428,-0.153464224311204,0.65642344853735
"MTDH",0.0761812488803251,0.937120241257205,0.0655600453975661,0.855247937797739,0.088721449004043,0.811910017160917
"LAPTM4B",-0.0349428754132237,0.991594528553645,0.0689042741606167,0.950670754810894,-0.0440710485666242,0.970471175880853
"MATN2",-0.099298756736606,0.987168661761228,-0.0953130334687792,0.961617869252362,-0.179258832909993,0.902643232023022
"RPL30",0.0743502104736396,0.987168661761228,0.0108401977246713,0.97886168663327,0.0191910359108067,0.969752805540984
"NIPAL2",-0.381149300062428,0.690046347390928,-0.272116167511199,0.64689033572854,-0.328869530427618,0.582307005982188
"STK3",-0.106562776581255,0.882292967384147,-0.0449182197621294,0.902260808285526,-0.0387277263599141,0.934885915925458
"VPS13B",-0.181074384300885,0.695012064214002,-0.120182265335497,0.703986373319257,-0.163480493196319,0.645874601429332
"COX6C",-0.0302988637596333,0.990966923882266,0.00901717145505814,0.981281389473242,-0.0114155416330635,0.981938514455922
"POLR2K",-0.0137441888489876,0.994202951143564,-0.0267521761113143,0.958093966183399,-0.00704049421012745,0.990061592941951
"RNF19A",0.298453893911189,0.756024783939142,0.248504958791617,0.638613914919712,0.201355461480473,0.719114764621006
"PABPC1",-0.349291182430554,0.700393778780536,-0.280180035554016,0.565951168967911,-0.384139826588012,0.422439546779694
"YWHAZ",-0.00762441946790625,0.993545111216598,-0.00471964259263636,0.994111893424054,0.000547963619557234,0.999739842870507
"ZNF706",0.0690683615929033,0.939287046093933,0.0402332622745564,0.921322498525649,0.0360838554816221,0.936469849860029
"NCALD",-0.281181037417497,0.923602803613446,-0.232475099638086,0.846402206632537,-0.300445749976656,0.763653082700191
"RRM2B",-0.202387654234739,0.836927702341604,-0.17548989573328,0.700576833586673,-0.277136699342784,0.562754315836961
"UBR5",-0.0074123412845377,0.990140623419615,-0.0170764488979826,0.960862379864045,-0.0128801832661011,0.973942463195293
"KLF10",-0.0728383514791486,0.975333653661194,-0.0811544406596324,0.894114216309383,-0.203553495537691,0.659522181455106
"AZIN1",-0.108167739726144,0.89581571367435,-0.0620252473867827,0.879318949048446,-0.0941134862824856,0.822306208474632
"AZIN1-AS1",-0.389954101256078,0.841007039128195,-0.270327756727099,0.757215489546486,-0.341159869031663,0.645874601429332
"ATP6V1C1",0.100790357294038,0.884114971930341,0.0915534540917349,0.76807261540306,0.0553545393078658,0.879642667300819
"BAALC",0.846378890926077,0.724801913381678,0.610454296279848,0.655516967718768,0.504678914119623,0.702012842855109
"SLC25A32",0.0929990949877676,0.928897568430517,0.0331861946806076,0.946575958381891,-0.0252579179209155,0.951869325101586
"DCSTAMP",-0.837423569243413,0.695012064214002,-0.684900033716372,0.539909812541728,-0.858083624997689,0.341998100599396
"LRP12",0.167159645151242,0.923535871787432,0.107453344525366,0.875386073049582,0.215149785456421,0.72775334072544
"OXR1",0.129573600921196,0.945421051661546,0.025762195038892,0.968335359712799,0.033489131632786,0.964907907470581
"EIF3E",0.119695283206526,0.924498996804901,0.0627158859982197,0.907314027876186,0.151523530769476,0.685897364445241
"EMC2",0.0446889173579509,0.975727322813314,0.0337656559513909,0.956240560346755,0.0956641125083865,0.844314412133083
"ENY2",-0.042831335064965,0.967203858991469,-0.0243392740052105,0.954054671197777,-0.0417136319466652,0.91939433580064
"EBAG9",0.00257635566193488,0.996370711193427,0.0121742196670616,0.975940010120607,0.0713339209158438,0.800759848264319
"TRPS1",-0.0776682819599681,0.945421051661546,-0.0773684915318932,0.834832205291166,-0.12380911240517,0.760378264086355
"EIF3H",0.190276515329441,0.831586301123345,0.133435380405667,0.756801218738335,0.200331672867157,0.526483868522985
"RAD21",0.098043991753777,0.923602803613446,0.0146562720221228,0.973587280964195,0.0464238649085803,0.919383396491636
"EXT1",-0.444445974980502,0.620497879203569,-0.306222612480624,0.576859503928985,-0.470639292603111,0.371933782150218
"SAMD12",-0.166263367242983,0.903608037062864,-0.178316205648893,0.771102910355608,-0.227572191893901,0.733140110303463
"AC023590.1",-0.574498121263035,0.842460010275105,-0.432152076393928,0.756153491520394,-0.562180196129395,0.626468217465442
"TNFRSF11B",0.969402435048911,0.620497879203569,0.734645536065343,0.539909812541728,0.838723434248502,0.427789007407824
"CCN3",-0.170302386356569,0.980898903319809,-0.148812066722162,0.938450495053442,-0.276959434218037,0.861600338130576
"ENPP2",-0.382835541005434,0.858670945420424,-0.278695635563857,0.784794565990796,-0.387518533548325,0.649385841518366
"DEPTOR",0.0182487837275671,0.989701309603352,0.044760865450786,0.947522425797012,0.109170684420625,0.848852976435192
"COL14A1",0.164767230251644,0.978731255112132,0.0769811842925737,0.966674371390903,-0.0278221700182286,0.989193131684562
"MRPL13",0.0811514744493827,0.950497705925427,0.0596439398929049,0.900323824869838,0.0879264078720207,0.844314412133083
"SNTB1",0.12176522276882,0.937120241257205,0.0907022821358889,0.893945927996825,0.187603988751395,0.78521123887799
"ZHX2",0.0991384911609173,0.956660628690128,0.0713870930226795,0.924986091689717,0.0177891463978495,0.984972267782658
"DERL1",0.217620503326183,0.620497879203569,0.143463204906162,0.593504960339697,0.177452836099574,0.468140187860629
"ZHX1",0.00559353373645569,0.993379482960815,-0.0292368766312176,0.950756828849506,0.00460300649414252,0.994458394354299
"ATAD2",0.226705560172509,0.830368961159877,0.137491403194129,0.779117741632649,0.162758625948976,0.763653082700191
"FBXO32",-0.00854567878218714,0.994336031473947,-0.12944161126507,0.868346873746697,-0.211709581823758,0.775541708308157
"FAM91A1",-0.174261974444282,0.790872788088734,-0.156283452959529,0.617698893049793,-0.194311068690338,0.552685518947761
"AC090192.2",-0.128398329330351,0.975727322813314,-0.119948311647046,0.941264598661626,-0.204584076141586,0.859818047709113
"TMEM65",-0.17637946331257,0.848903305816828,-0.185567301605488,0.637306220903368,-0.219835944801989,0.591317813247651
"RNF139",0.149264570800397,0.842482482599777,0.119704839720928,0.726008162470312,0.112046467854906,0.777505970740019
"NDUFB9",0.0726242793173345,0.935582707073966,0.0664435542435129,0.862943060912263,0.0802705729656682,0.851747081476023
"MTSS1",0.395078279680493,0.784235531304607,0.277609051798433,0.707016966668684,0.352765446714697,0.660373570029727
"SQLE",-0.244295246190741,0.836203256481455,-0.155322320400492,0.773067952016737,-0.269803668523169,0.591119202663838
"NSMCE2",0.0980413717262322,0.903608037062864,0.0943725976308364,0.73101121462528,0.0829594817431012,0.793445620891167
"TRIB1",-0.219136623339666,0.838228110296931,-0.158883662820722,0.707016966668684,-0.264078469798394,0.426574974407626
"AC016074.2",-0.0359690568276535,0.987676987381042,-0.0475393978565256,0.973528437650212,-0.152798713034845,0.914685256526293
"MYC",-0.327053925522993,0.903608037062864,-0.315523239903679,0.712661164701235,-0.444207624485644,0.614157039248407
"PVT1",-0.120601400524308,0.891570953693957,-0.0247767091717992,0.96242869953788,-0.0781029241902521,0.851747081476023
"CCDC26",0.249204980232206,0.882264046366445,0.130548309007845,0.865887045284762,0.0204825199443498,0.986310763813686
"FAM49B",0.274311833941368,0.743988537519481,0.212990195567454,0.647522929906919,0.262013892565968,0.565699562145283
"ASAP1",0.0626996427222725,0.952538256592388,0.0860948324900307,0.809797830130171,0.0849605473171832,0.845504483011055
"EFR3A",0.162526034644084,0.744042988862601,0.110442669194717,0.707016966668684,0.129043583569908,0.653818859526795
"KCNQ3",-0.0537362256496645,0.986243996198961,-0.0345013019820514,0.972626641981822,-0.0442327237394982,0.972994753675532
"PHF20L1",-0.0131213687895023,0.987676987381042,-0.0332475050172099,0.917723880271466,-0.0462197301867572,0.901872547234938
"SLA",0.165384294242638,0.871146086444017,0.129755808693699,0.788876679002857,0.215732201825891,0.649967003798859
"NDRG1",-0.101826986907072,0.975727322813314,-0.176763701847657,0.724863513206542,-0.29892768029284,0.492865920176733
"ST3GAL1",-0.07901874177383,0.975333653661194,-0.0295268359662654,0.963675564531743,-0.0566648822402554,0.936448042244929
"ZFAT",-0.20722126301239,0.882264046366445,-0.0432287207603823,0.95449560049921,-0.123749560242608,0.83780945723087
"KHDRBS3",-0.274495838230856,0.78698087141043,-0.150289283939153,0.742036061649097,-0.266701331236994,0.562754315836961
"AC079015.1",-0.300708436219336,0.844246272414761,-0.186442311807913,0.804887189163341,-0.259950271740967,0.724331261441897
"FAM135B",-0.210942744119281,0.978731255112132,0.0427744210410962,0.982785931173244,-0.118184688635192,0.963163635851747
"TRAPPC9",0.132002402190157,0.908175134923711,0.138353679946222,0.781746921621551,0.116201985135926,0.853829098635518
"CHRAC1",-0.0137851535165297,0.989020511532505,-0.0188636240363596,0.973528437650212,-0.0143217203505023,0.981938514455922
"AGO2",0.0235868145524665,0.987381297202584,0.0179248009694386,0.964237096153296,0.0438160642718422,0.914086024255116
"PTK2",0.0588694477639609,0.978731255112132,0.0518213871488955,0.954379790402556,-0.160108055001996,0.733140110303463
"DENND3",0.0256066882623443,0.987676987381042,-0.0344807871501952,0.9620858544106,-0.0454480391781555,0.946888849990106
"SLC45A4",-0.575409877488334,0.739429824654308,-0.41767896705109,0.64377264867047,-0.748683625505716,0.18131672651448
"PTP4A3",-0.115003887304017,0.986243996198961,-0.104864983239674,0.958687948909621,-0.246601892041603,0.860190911861655
"ARC",-0.130807801454926,0.975727322813314,-0.0623568104175943,0.963632023564318,-0.422939343087189,0.430331057882329
"LY6K",0.512214238734246,0.908458190058852,0.254579502719293,0.891507633403955,-0.135698427155256,0.948048716255807
"LYPD2",-0.797946215226803,0.912259746037492,-0.55673656000579,0.834449139647509,-0.79987465875889,0.649385841518366
"LYNX1",-0.116406180834509,0.975195695221014,-0.124418446680005,0.891507633403955,-0.211257301375537,0.752168574155076
"LY6E",0.392776457685535,0.923602803613446,0.193265456868685,0.885041529327646,0.203551193084392,0.901026657196321
"AC067930.8",0.175486699112445,0.912259746037492,0.0788264644017121,0.894437808342616,0.179960681124016,0.745479749789988
"GSDMD",0.56411454417157,0.607226415643211,0.432891835529996,0.539909812541728,0.571380867960214,0.376391918003978
"EEF1D",0.231128735323763,0.871146086444017,0.174130655272606,0.660400857020424,0.236463388541821,0.56203033984372
"TSTA3",0.408462307349951,0.695012064214002,0.363972724585819,0.539909812541728,0.496490360225631,0.372925951502991
"PUF60",0.419521478785121,0.886352372814188,0.299346666458178,0.539909812541728,0.36579507021664,0.416337165345633
"NRBP2",-0.268082898293021,0.831586301123345,-0.23749991373941,0.63227005616003,-0.327448499808141,0.52344642197819
"PLEC",0.183679183236459,0.871146086444017,0.142628316198063,0.779945366404274,0.133507330237102,0.829309687795442
"GRINA",0.289242279590505,0.659564394798225,0.186888382520943,0.616245684561578,0.187194601893008,0.616892884380519
"GPAA1",0.429332632861834,0.795440606734161,0.263226264561778,0.607260215430647,0.250804929480914,0.659522181455106
"CYC1",0.324964667092745,0.894534908425232,0.224391823027223,0.571185324951607,0.298001306932276,0.416337165345633
"MAF1",0.549016616546958,0.740956428327799,0.313210572310031,0.562788400441728,0.398609818803235,0.451520245433401
"SCX",-0.401923641565108,0.834252579668856,-0.363681979603065,0.680554703992045,-0.527696351218478,0.556272215005118
"SLC52A2",0.562943216220796,0.620497879203569,0.340294594116041,0.539909812541728,0.424056650171497,0.364381114006951
"VPS28",0.364382436479989,0.844246272414761,0.244919841665688,0.587136488655059,0.34034726611919,0.464939812325664
"CYHR1",0.144298880208274,0.909991992195616,0.133476328603763,0.790067916621749,0.156638196791991,0.794982096568494
"PPP1R16A",0.00503414169698725,0.998674355631457,-0.0532005973383399,0.95050569742153,-0.154876893601293,0.794147584924042
"ARHGAP39",-0.0382157585122567,0.990850390543415,-0.0325513298291534,0.984011097633494,-0.177958670810919,0.923488310679102
"RPL8",0.201762215016335,0.95385291082492,0.138123379408738,0.726006500711524,0.162528983375019,0.674363867120955
"C8orf33",-0.00488481225655987,0.994202951143564,0.0545501278825444,0.895026721870522,0.0413118551228901,0.93637900575043
"DOCK8",0.0723283700090005,0.956660628690128,0.0859323902547327,0.840490632271104,0.0575881527234909,0.883567926142115
"KANK1",0.136928620090987,0.967203858991469,0.131893894404721,0.895762048938093,0.182877634972468,0.795967555937562
"SMARCA2",0.146584295645564,0.866886249963332,0.109791553625818,0.790067916621749,0.158959686549458,0.699169202663262
"VLDLR",0.131594714922462,0.975727322813314,0.0888915531835966,0.944654221389336,0.00480677222234117,0.99774736540395
"PUM3",0.101729919380962,0.937120241257205,0.114446168380711,0.813747570349955,0.140367711683035,0.784439298927776
"RFX3",-0.17677878197187,0.840467050491297,-0.156466141298291,0.722227383026582,-0.255460327412277,0.570453357692432
"RFX3-AS1",-0.531738606183112,0.653906526599392,-0.389875007894019,0.618488668745307,-0.502814419420378,0.498709816652038
"GLIS3",0.158191016647349,0.892539999642562,0.12275904397151,0.826262654925685,0.101958427844191,0.85536489445056
"CDC37L1",0.020652159152413,0.987232790302631,0.0377168075819629,0.93914373777039,0.0605458251955965,0.900216596874957
"AK3",0.093527682425598,0.92417531528931,0.0166362002439793,0.967149837859175,0.065645050162159,0.83780945723087
"RCL1",0.303475703007674,0.743988537519481,0.260730545025971,0.6118955526808,0.298998913447681,0.584982212025935
"JAK2",-0.0821896684118795,0.903608037062864,-0.0712012835396568,0.797014489352343,-0.0926618244678635,0.749280595220055
"PLGRKT",0.0182426341618666,0.989020511532505,0.0373132093947945,0.96096209599485,0.0717946505012847,0.898864857837774
"AL162253.2",-0.331767463690135,0.745590386868765,-0.232257781537701,0.700576833586673,-0.397532055174828,0.494198277849011
"RIC1",0.0097666628635089,0.990683814145874,-0.0111721518525193,0.980444404085137,-0.0339088111870097,0.95203811009517
"KIAA2026",-0.15143295389952,0.724801913381678,-0.107233754420231,0.638613914919712,-0.161138690167941,0.521835404394511
"UHRF2",-0.246057022393628,0.663974594664865,-0.203642563278371,0.567636892317067,-0.269857411010979,0.437992645675782
"KDM4C",-0.0480378144648338,0.937295590475388,-0.0314220332386339,0.928976069967072,-0.0551159596695544,0.877652576199105
"DMAC1",0.0599496900515196,0.987676987381042,0.138824885595898,0.675699955475318,0.155932501173137,0.676558239680475
"MPDZ",-0.44520704894935,0.911641919586937,-0.335869798377459,0.823408681057155,-0.463835856551154,0.750059973571622
"NFIB",-0.271381384349218,0.937120241257205,-0.184248966435382,0.883320428133359,-0.278469887672743,0.792044889142667
"ZDHHC21",-0.290669109191357,0.635516616998435,-0.227006446334572,0.567636892317067,-0.340473686972516,0.376391918003978
"TTC39B",-0.0313320750095739,0.987381297202584,0.00583986653716035,0.994111893424054,0.106947710062551,0.877069431682963
"PSIP1",-0.0627883861052002,0.937120241257205,-0.0152920501558898,0.968736910528144,-0.0342790268059471,0.916996650945138
"CCDC171",-0.243496221468146,0.781913752028351,-0.127989238369054,0.779463999820244,-0.178685393133296,0.737870328721417
"BNC2",-0.0323715108561869,0.986243996198961,-0.0447567565890623,0.923108484360897,-0.000224802350899905,0.999739842870507
"CNTLN",-0.102341451313961,0.85325053155458,-0.0524761163423883,0.867775140580767,-0.0482986812529295,0.888998683162165
"SAXO1",-0.878670678652047,0.663974594664865,-0.609629876400633,0.611358970767471,-0.841336578070692,0.396298682889274
"RRAGA",0.484259420518316,0.848228309522531,0.352039574413754,0.539909812541728,0.361440007273963,0.372815740666806
"HAUS6",0.370410422701062,0.607226415643211,0.28597960459915,0.539909812541728,0.370772046756827,0.351175410785092
"PLIN2",1.06191766651662,0.585154410769659,0.65571077957513,0.539909812541728,0.872301121962424,0.241248040103115
"DENND4C",0.335220891873546,0.633461558848371,0.187659979297037,0.602584390525497,0.244532887940849,0.492865920176733
"RPS6",0.143577849384893,0.968529247878935,0.0569027313641058,0.897123059066415,0.0909206373359982,0.804309211853646
"SLC24A2",0.0497632786412456,0.989527600653266,0.0898251601961607,0.96668416533004,-0.0403959221610786,0.986446389626677
"MLLT3",-0.173876688466431,0.934816943280864,-0.117564725692643,0.895123255933228,-0.123649389649129,0.91093329104767
"FOCAD",-0.200832324113631,0.751772387368647,-0.143571426489324,0.736250818799569,-0.188338717494031,0.716328459345966
"HACD4",0.00217031919995306,0.998337914350116,0.00592354486799956,0.99159047822418,-0.015773153431213,0.979207899684523
"IFNB1",-0.822706912703575,0.850765417220173,-0.592973671554502,0.763807426580721,-0.698795275524548,0.760378264086355
"MTAP",-0.0739094892023036,0.937120241257205,-0.0210333477775641,0.96277084031199,-0.0356097517532887,0.934890182573882
"CDKN2A",-0.0595887723740026,0.987165551409643,-0.0933389360710365,0.895058017410379,-0.316498148286397,0.514053514355839
"CDKN2B-AS1",-0.310836907317121,0.781913752028351,-0.246169896095522,0.707016966668684,-0.376246309314324,0.58016139300506
"CDKN2B",-0.168657227649262,0.935582707073966,-0.0714619741944026,0.942235289270853,-0.343013952783514,0.492865920176733
"CAAP1",0.0362958843293282,0.98469852697543,0.0474533358572118,0.931098195759938,0.0515733306229613,0.928617999980495
"IFT74",-0.0152672443191104,0.987676987381042,0.0409730189881142,0.923658544855646,0.0174332421845816,0.975167068916286
"MOB3B",-0.0638183239899795,0.969952634197529,-0.0643542211341769,0.922849947002599,-0.119741142032703,0.852515895314788
"C9orf72",-0.118927274241237,0.923602803613446,-0.0975705907600627,0.835278724571696,-0.0502918651261328,0.931862140891295
"ACO1",0.0682360883438052,0.959248300621966,0.0830729187114382,0.855616970453911,0.119786072455595,0.812544061179002
"DDX58",-0.129005863538064,0.915615419264746,-0.0763381420454621,0.882550819749609,-0.129406239112071,0.816496905119965
"TOPORS",0.0137025116543578,0.987676987381042,0.020132374452743,0.962715960888231,-0.00778930160221474,0.98778746469922
"NDUFB6",0.0550714589641849,0.985214763269641,0.00633399232771883,0.987852510451791,-0.0125500200717148,0.979218528186553
"APTX",0.0380911268051798,0.966712918349758,0.0428855838751561,0.882224304734097,0.0210061660141926,0.957562802791205
"DNAJA1",0.166075716518622,0.903608037062864,0.0706096463084711,0.885041529327646,0.0124130357628725,0.98661291854552
"SMU1",0.00492147960529392,0.993039382491997,0.0189394950226312,0.963675564531743,0.0150962565660905,0.977649323251274
"B4GALT1",-0.164688344838486,0.903608037062864,-0.0618732031777209,0.890152476377743,-0.103634605565648,0.825444340724025
"BAG1",0.328027730916803,0.585154410769659,0.243162606234227,0.539909812541728,0.266801374880494,0.364381114006951
"CHMP5",0.0846519206500068,0.946978282166981,0.061059720125464,0.892452868202711,0.0695922577340957,0.890881439534861
"NFX1",-0.264238818674809,0.620497879203569,-0.177229947004548,0.546717350039978,-0.216791475524368,0.455729469688749
"AQP3",0.0970962532563435,0.990850390543415,0.00248689110354721,0.998806998670749,-0.148005339795732,0.889079989871534
"UBE2R2",0.0689469565058296,0.946978282166981,0.0505253394185303,0.879190735898957,0.0614302651566735,0.851207358141116
"UBAP2",0.107352527725124,0.896897490533929,0.0950617534751843,0.758268005486744,0.112049947200734,0.730453256510292
"UBAP1",-0.120369344489902,0.911641919586937,-0.0809529875586265,0.825476703993591,-0.162123502233153,0.661101052133121
"DCTN3",0.0691012081788129,0.987676987381042,0.142156222811995,0.677211621068967,0.206284664018775,0.550447677418185
"CCL19",1.91696359435733,0.629371590198601,1.52617116797193,0.539909812541728,2.52656922650095,0.307928681666602
"VCP",0.262323242270358,0.607226415643211,0.198544784883116,0.539909812541728,0.244954979831465,0.44942468992586
"STOML2",0.363853150454716,0.871146086444017,0.253251553547955,0.539909812541728,0.325795898355227,0.376391918003978
"UNC13B",0.00594147344300417,0.994202951143564,0.017391350424798,0.980444404085137,0.117746227091813,0.866995319453104
"RUSC2",-0.118972312719622,0.952093474531886,-0.0841688804485649,0.931308739084768,-0.121035585296577,0.90664230403665
"CD72",0.556900729714076,0.620497879203569,0.439679158504918,0.539909812541728,0.609993983953748,0.371933782150218
"RMRP",-0.908222823645595,0.794910857306378,-0.766113926454699,0.593504960339697,-0.894721234255179,0.430331057882329
"CCDC107",0.450704510306985,0.825752946937819,0.313836723172643,0.539909812541728,0.423906232603405,0.406317645003979
"TPM2",0.263725644575511,0.923871824689807,0.195943908000143,0.81499137171655,0.0946435696253691,0.925041708586946
"TLN1",0.178597496944875,0.790872788088734,0.11893839673354,0.704956467974747,0.0978909192455894,0.792241745339718
"CREB3",0.405632117025367,0.623672057295787,0.339033046446462,0.539909812541728,0.409287884526499,0.257964807679234
"HINT2",0.0751537560088989,0.987232790302631,0.144973287978984,0.694043465447507,0.161294209173443,0.6824871277944
"RECK",0.142761941589914,0.86918309088418,0.0780301269546163,0.848123562433291,0.0785883671161966,0.866995319453104
"GLIPR2",0.109312394532231,0.94640054668399,0.116939574657663,0.79400496342994,0.102126298967622,0.822727876050727
"CLTA",0.24223902701595,0.663401121515774,0.213375179328609,0.539909812541728,0.288849402446947,0.376391918003978
"RNF38",-0.160964576955521,0.831586301123345,-0.118101713869403,0.734811729657953,-0.138646125978828,0.745479749789988
"ZCCHC7",-0.190817910125216,0.795440606734161,-0.128111865495198,0.735512908698436,-0.0583609297071184,0.901057972955735
"GRHPR",0.363710847262264,0.838228110296931,0.201322151573056,0.635447363508042,0.29378948758801,0.454646209978998
"TOMM5",0.0226784783585329,0.991786406916107,0.00765590653290599,0.982567521584643,0.000222129324146206,0.999739842870507
"DCAF10",0.0280505363361325,0.980406997995604,0.0529682677152183,0.873755496891607,0.0902779039229488,0.773542721086432
"SHB",0.347462158859601,0.848228309522531,0.27913933051545,0.727359314461205,0.200846015172912,0.780815890200692
"GLIDR",-0.0163500423329165,0.991786406916107,-0.010892859487216,0.988412619164658,-0.150620709044841,0.794982096568494
"CBWD5",-0.33917424167603,0.655064704728957,-0.257169626422626,0.565951168967911,-0.276381604425531,0.537389610915761
"PGM5",-0.111966934245006,0.937295590475388,-0.0850217167475272,0.882550819749609,-0.184893667709514,0.704955888516877
"PIP5K1B",-0.276807601502965,0.882264046366445,-0.141660943451629,0.885041529327646,-0.287901004290752,0.749855507789531
"TJP2",0.0738333125038517,0.971938787147186,0.0416368865457952,0.961663698018687,-0.00950716432035299,0.992922613674419
"APBA1",-0.397241649761904,0.740956428327799,-0.28885926433367,0.707016966668684,-0.517848689724494,0.461593118428979
"PTAR1",-0.161574759125931,0.831586301123345,-0.15969949976798,0.626122754263514,-0.149631028335985,0.668846097638562
"MAMDC2",-1.64223191763085,0.562118039898797,-1.12251261749724,0.539909812541728,-1.35625364943852,0.257964807679234
"SMC5-AS1",-0.29200297596361,0.781913752028351,-0.142490406546423,0.793266081317201,-0.226080301414439,0.706323775177875
"SMC5",-0.0112347783166933,0.987676987381042,-0.00194748953579037,0.995964398344206,-0.0229516378675201,0.953664291216341
"KLF9",0.0777578704055498,0.979864736284809,-0.0695788629455221,0.916199047574657,-0.0789552239995577,0.911768868128592
"TRPM3",-0.699648542699607,0.760255945404762,-0.390873392678826,0.757215489546486,-0.51715258654011,0.607360753037761
"CEMIP2",-0.4899108275415,0.633461558848371,-0.30184390983299,0.539909812541728,-0.408696042423502,0.373822622740088
"C9orf85",0.046697485888324,0.969952634197529,0.0507280799775973,0.907368381565775,0.0979491152947132,0.834800523327559
"LINC01504",-0.417163304650917,0.607226415643211,-0.293738483472578,0.539909812541728,-0.315946734037392,0.502054972008526
"ZFAND5",0.346792194492822,0.847763278066247,0.151167928365444,0.713559697883264,0.235522896329699,0.555094888409749
"ALDH1A1",-0.0592645407153477,0.987676987381042,-0.044824709802002,0.963632023564318,-0.00875953763601288,0.994395179726977
"ANXA1",0.0542806269064512,0.98469852697543,-0.0284801796033471,0.966207936709219,-0.0738136281300548,0.900216596874957
"NMRK1",-0.0599895707818644,0.959248300621966,-0.0416098899156152,0.924986091689717,-0.057277940327865,0.869793185908311
"OSTF1",0.0153372630373794,0.989701309603352,0.00903061348852102,0.988397916313293,-0.00656708409209888,0.994458394354299
"PCSK5",-0.241370390310142,0.795440606734161,-0.182444515648262,0.695474235878513,-0.235802047417715,0.610364968373009
"RFK",0.304741482223663,0.905754345254302,0.14260269094859,0.717433010177714,0.223896284888095,0.562754315836961
"GCNT1",-0.160175533772788,0.934927627313204,-0.120242614160039,0.880478315875426,0.0900353732433769,0.907798853627752
"PRUNE2",-0.358112960357017,0.836203256481455,-0.246348040610062,0.758268005486744,-0.174267320718156,0.851564929770219
"PCA3",-0.0386017803179812,0.990850390543415,0.0947170772806884,0.963632023564318,-0.0652767090850077,0.963197165494884
"VPS13A",-0.235404321343245,0.756024783939142,-0.174746132200029,0.680554703992045,-0.20640526824101,0.659522181455106
"GNAQ",0.142783365503761,0.903608037062864,0.106020327103402,0.820924010106663,0.17508831581969,0.646736088217769
"TLE4",-0.566925789771787,0.620497879203569,-0.416661382110927,0.539909812541728,-0.561143543420366,0.351919938422795
"TLE1",0.168534451726228,0.945421051661546,0.0978925729604001,0.882550819749609,0.101029063472468,0.876699863846491
"FRMD3",-0.0583776154304627,0.987165551409643,0.016753110568625,0.985970661384568,0.0213849540886422,0.988199008429316
"UBQLN1",-0.0340149839435308,0.969952634197529,-0.0368471598894773,0.906297237519218,-0.0506618357135579,0.889079989871534
"HNRNPK",0.0381160034317719,0.975727322813314,-0.00294415120092793,0.994111893424054,-0.0467204716517889,0.91792160187035
"NTRK2",-0.59469214688709,0.862164923537317,-0.452971799055203,0.763121519273086,-0.579744745609512,0.639972620212142
"AGTPBP1",-0.198810486947561,0.756024783939142,-0.163601217744151,0.6118955526808,-0.195747368141918,0.58482270316746
"NAA35",-0.0381483456557784,0.964462552585652,-0.0110740757619399,0.974423941231195,-0.0378768670295521,0.921633177647038
"GOLM1",-0.0615045494560606,0.987060796028084,0.0501692063571924,0.963675564531743,-0.124496492754504,0.902799134413293
"ISCA1",0.261637350043567,0.677584570772595,0.158647442885036,0.655516967718768,0.225509668551416,0.502054972008526
"TUT7",0.0639731676339822,0.972032683928677,0.0478928728556241,0.934556074635128,0.0127849763599419,0.980766459646602
"GAS1",-0.505100201097578,0.909991992195616,-0.463624728366585,0.749837654957149,-0.466651118541141,0.787249224218094
"DAPK1",-0.185858269847774,0.865179376037457,-0.107706140714446,0.845169358064318,-0.0544120978147736,0.932604915803144
"CTSL",0.0359636979478531,0.979937087517268,0.0284653989913556,0.958734588994762,-0.0208565104320715,0.973942463195293
"SPIN1",-0.196043958262283,0.751772387368647,-0.138325576497654,0.65216449027339,-0.18316795974163,0.580566973158281
"S1PR3",-0.210655121784815,0.964462552585652,-0.266135390224938,0.819651123007178,-0.41792291246547,0.61224748569564
"CKS2",0.114256088626153,0.945421051661546,0.0344226356909592,0.96242869953788,-0.0932325791793679,0.861600338130576
"SECISBP2",0.0200853619623833,0.987049359827928,0.0278983206287295,0.944654221389336,-0.0389404508644938,0.888998683162165
"SEMA4D",0.146242096575209,0.915615419264746,0.111675851672782,0.86055599668641,0.0198468375692572,0.980766459646602
"GADD45G",-0.0220687830872213,0.993039382491997,-0.127552566479383,0.873610956273947,-0.283142521852528,0.62789152319157
"DIRAS2",0.503974149069477,0.9117360607865,0.317229605322586,0.861126823428081,0.309166440165363,0.865053534712714
"SYK",0.0145444277597676,0.987917890906206,0.0103265531083294,0.981217349004059,-0.0148381603583411,0.979207899684523
"AL158071.1",0.0232901609456126,0.989701309603352,0.0871730980522655,0.951722449221458,-0.00762453308678043,0.997113640321465
"AUH",-0.0583974757480702,0.962718721338874,-0.069490825992927,0.891507633403955,-0.104222676665596,0.850173416597071
"NFIL3",0.063752122813491,0.975727322813314,0.0423785784072406,0.941264598661626,0.0462825728167644,0.919542522552017
"SPTLC1",-0.0520445941210796,0.945421051661546,-0.0331567742836594,0.927320925434697,-0.0505792366635053,0.888529517119554
"IARS",-0.0546719125431102,0.956660628690128,-0.0122583119813043,0.975940010120607,-0.0505962337477402,0.902643232023022
"NOL8",-0.0651748587308269,0.945421051661546,-0.052135465952167,0.893945927996825,-0.0317800316475986,0.947445661086935
"CENPP",-0.189212782840168,0.842482482599777,-0.0791007111853986,0.895668208123086,-0.0903726554619353,0.875581118417293
"OGN",-0.692936673655555,0.743988537519481,-0.440038807034794,0.727359314461205,-0.584182763442234,0.65642344853735
"ECM2",-0.122953087816379,0.964462552585652,0.0507933653258586,0.968099084668931,-0.0508704918824247,0.973942463195293
"BICD2",-0.0698467539655072,0.92417531528931,-0.0332098548596099,0.918258326478409,-0.0844992644769542,0.795852028600715
"SUSD3",0.0250027168338095,0.989020511532505,0.0441523507112041,0.963350368188309,-0.106777470194617,0.893999230675575
"CARD19",-0.0287120600164163,0.987168661761228,-0.0237052716255129,0.96650907654919,-0.0227684415297949,0.973942463195293
"NINJ1",0.272733453434232,0.759826927228271,0.221626336896506,0.539909812541728,0.256951932814494,0.415381722336876
"FAM120AOS",-0.0427495520236017,0.956724687065385,-0.0331609672030764,0.905296396015766,-0.00898254998548017,0.979218528186553
"FAM120A",-0.0356523010019816,0.969952634197529,-0.054262448396502,0.863819272652839,-0.0512294388633184,0.869793185908311
"PTPDC1",-0.189184071789402,0.882264046366445,-0.121445183819619,0.846650472339202,-0.179210815073289,0.795376120653317
"AL158152.1",-0.291259831764277,0.620497879203569,-0.215638913220374,0.539909812541728,-0.259327517140686,0.427789007407824
"LINC02603",-0.137171116411996,0.964563941864995,0.015923171806858,0.990128606041003,0.0195916628327907,0.992143007283185
"MFSD14B",-0.197490852990648,0.742985453469998,-0.155784317210553,0.637306220903368,-0.237991184562969,0.476187759455917
"FBP1",0.336206698610968,0.678171418041482,0.280599419566213,0.576859503928985,0.408375060295883,0.393559748452957
"AOPEP",-0.486305574477844,0.562118039898797,-0.340569483016262,0.539909812541728,-0.407885882899022,0.455729469688749
"FANCC",-0.232899825613825,0.848228309522531,-0.131425819734377,0.877340784713919,-0.173248946204371,0.848852976435192
"PTCH1",-0.39552412471152,0.909991992195616,-0.369852595323512,0.758268005486744,-0.407986067945946,0.753392468267112
"LINC00476",-0.350005326006944,0.695012064214002,-0.243052639976842,0.602584390525497,-0.26532285296938,0.597365886924465
"ERCC6L2",-0.169546258033168,0.816588549579573,-0.123162302624062,0.728626054491622,-0.128942157890076,0.732482954843668
"SLC35D2",0.269340408356947,0.767397326336059,0.211237250639929,0.680554703992045,0.284255823440881,0.552534852329702
"HABP4",0.24834041189543,0.756057892358215,0.200691624952063,0.649331678226707,0.241289190472524,0.612424860876903
"CDC14B",0.0577416513880654,0.978731255112132,0.0921459281525274,0.892452868202711,-0.00230315360988558,0.998801924059983
"PRXL2C",0.108877494159993,0.933760103374907,0.092695290755828,0.855616970453911,0.0874833031171694,0.85616728220344
"AL589843.1",-0.373670536266617,0.897129444505265,-0.216853147725621,0.888839590300951,-0.231025955955383,0.856058895341429
"MFSD14C",-0.105913078972682,0.885618959136343,-0.05230080527366,0.884392091917379,-0.0538387945552817,0.891946985071105
"TDRD7",0.00155087378158007,0.998674355631457,-0.00617489218236314,0.990447610469742,-0.0556369812122805,0.925041708586946
"TMOD1",0.100853986311129,0.972032683928677,0.103834414448641,0.916199047574657,0.0749319100014653,0.943978301924551
"XPA",-0.108611211235332,0.848228309522531,-0.0628074685629255,0.823408681057155,-0.113368373617841,0.66079399228559
"AL499604.1",-0.546916755590921,0.585154410769659,-0.382897753229013,0.539909812541728,-0.553919147157494,0.268918420505112
"ANP32B",0.157912552505685,0.850765417220173,0.10093576711131,0.823408681057155,0.235576698720817,0.484530896990441
"NANS",0.247081600423118,0.663401121515774,0.217765885110356,0.539909812541728,0.243006783398803,0.486708653561664
"TRIM14",0.0505375397563622,0.975727322813314,0.0544550435524967,0.933710649858926,0.0555248934005556,0.937464884225664
"TBC1D2",0.566947125853311,0.620497879203569,0.381519115180832,0.540550203970591,0.464505148022837,0.406317645003979
"COL15A1",-0.262762356438022,0.947672792537443,-0.2143514814543,0.796120504106463,-0.359453472005507,0.674363867120955
"TGFBR1",-0.249520949953245,0.847164208899954,-0.186538846059538,0.755206261592226,-0.293333261998,0.66079399228559
"SEC61B",0.120376400633091,0.975727322813314,0.0920897152673806,0.790220565724651,0.0815256807956924,0.840228120475673
"STX17-AS1",-0.718722738568336,0.847164208899954,-0.19201476938208,0.756801218738335,-0.267497154854204,0.707268978527803
"NR4A3",-0.224542968781656,0.961303592323787,0.00732810360137128,0.985377115340074,-0.0527908333993586,0.909927751862353
"STX17",0.0335991137931804,0.975727322813314,0.0302409856163825,0.947522425797012,-0.00719207517654376,0.990151464377335
"ERP44",0.162320125898741,0.848228309522531,0.123610928041845,0.776361663279111,0.138804342718814,0.749855507789531
"INVS",-0.0362111862504253,0.975727322813314,0.00187610447935778,0.99684265152223,-0.0119279926167249,0.988350014201583
"ZNF189",0.180373629494504,0.909991992195616,0.152286647814496,0.809797830130171,0.0917127614427062,0.869793185908311
"SMC2",-0.0267475180780696,0.987168661761228,-0.0486555757516301,0.905296396015766,0.00872569592023715,0.983436495131716
"ABCA1",0.221528693050765,0.850894126704838,0.100807668753054,0.848123562433291,0.0716706698895606,0.901872547234938
"CT70",0.319931106490743,0.850765417220173,0.191515828474002,0.713559697883264,0.10129478340112,0.860190911861655
"SLC44A1",-0.110789976371534,0.850765417220173,-0.0837898473517671,0.728626054491622,-0.095926063448656,0.735611979916697
"FSD1L",0.0629498422207258,0.971135027358867,0.0838791901125204,0.886510964652716,0.0583643249165017,0.937464884225664
"TMEM38B",0.223686936310751,0.843597380972485,0.153115319825741,0.73101121462528,0.201000756094072,0.667921674475988
"ZNF462",-0.430148272032841,0.905433863177203,-0.259828655151543,0.877308798401169,-0.406327054642834,0.771112365450846
"RAD23B",0.0403731617603792,0.968529247878935,0.0307845127635625,0.945054841795602,0.00257540405107761,0.997113640321465
"KLF4",-0.0992595918755882,0.965026801109949,-0.146806674951416,0.790067916621749,-0.271253461418508,0.593079039716702
"ELP1",-0.283861361491645,0.674893276948019,-0.218881608968801,0.592103366413315,-0.272655947537963,0.52765050859271
"ABITRAM",-0.142393678114228,0.937120241257205,-0.0885596973645992,0.863236341606518,-0.0919334626155648,0.862656615716173
"CTNNAL1",-0.165029774154384,0.969952634197529,-0.125687816819241,0.875077046802286,-0.232141768997402,0.716321410328792
"TMEM245",-0.200440817231176,0.672839863206178,-0.130533455011234,0.660243239455962,-0.184835007243306,0.560203546352872
"FRRS1L",-0.326426686046787,0.937120241257205,-0.189526677165643,0.885041529327646,-0.330708258872034,0.712907738568674
"EPB41L4B",-0.405765271286441,0.924498996804901,-0.300813899043514,0.848374793858531,-0.439352478862924,0.722252774202751
"PALM2-AKAP2",-0.166153703411987,0.903608037062864,-0.111965316939386,0.838279411333032,-0.195226488560024,0.725100421060311
"TXN",-0.160778272311142,0.975195695221014,-0.0871764006845981,0.885041529327646,-0.062986335964402,0.922709833813539
"MUSK",-0.356727053180392,0.903608037062864,-0.216332909860851,0.893945927996825,-0.583617335663954,0.673601444674556
"LPAR1",0.306982550217451,0.795440606734161,0.213848740280411,0.732900498693472,0.137675597965667,0.836967395899676
"ECPAS",0.0331058632872012,0.978731255112132,0.00286052694833907,0.994111893424054,0.0355905864785899,0.936418953465064
"PTGR1",0.0772466207169139,0.959248300621966,0.126327096309885,0.756959699570331,0.0706902345599775,0.895389060587653
"GNG10",0.24516304981191,0.832510365260709,0.146733865024694,0.774038913251,0.192908190449973,0.689565063642889
"UGCG",0.268996074841816,0.842774473190308,0.123134993152211,0.833086038015381,0.0554389453762421,0.942743430595247
"SUSD1",-0.0499380377016582,0.987165551409643,-0.0275535326214576,0.975940010120607,-0.164702187372808,0.82924665755452
"PTBP3",-0.150143568833135,0.85325053155458,-0.146881510969083,0.680554703992045,-0.14136718972616,0.702434739343271
"HSDL2",0.349515992495291,0.684238272206636,0.231361938500569,0.635776070989967,0.378853235118717,0.364381114006951
"KIAA1958",-0.245224451195637,0.86918309088418,-0.118542352557932,0.877318442258331,-0.12806670638877,0.883528995898572
"SNX30",0.124818173790691,0.84753280677748,0.0524588419138582,0.867775140580767,0.0286059796395749,0.938779103692382
"SLC31A2",0.112441891941604,0.934816943280864,0.0704048135712208,0.903959420211204,0.123702816351357,0.770281814366206
"FKBP15",0.066262940214126,0.937120241257205,0.034206689908815,0.925773221047207,0.0486178510055833,0.896785969713696
"CDC26",0.0105034351441473,0.990850390543415,-0.00617762074410453,0.98894577263189,-0.0291043807592491,0.955253064145895
"POLE3",0.102621589492655,0.932363949659362,0.0304234300672333,0.950670754810894,-0.0037840890133805,0.995773281816741
"RGS3",0.163236143536212,0.937120241257205,0.0689029622847459,0.931653064791714,0.149735007556456,0.849064773420446
"ZNF618",-0.346283967401904,0.722993526913415,-0.216870670627217,0.703986373319257,-0.308247845955485,0.63801791564725
"COL27A1",-0.453414805105139,0.831586301123345,-0.290525943617487,0.777605663903616,-0.34561124190416,0.719114764621006
"AKNA",0.0741239612500002,0.965026801109949,0.0391909474341461,0.956240560346755,0.0525470007821838,0.939247573988996
"ATP6V1G1",0.264745050087512,0.903608037062864,0.110112499804002,0.784794565990796,0.168619854433295,0.66079399228559
"TNFSF15",-0.370737937092271,0.837836391925067,-0.304957117826118,0.707016966668684,-0.437126563191845,0.47176849052667
"TNFSF8",0.0470234630835999,0.969952634197529,0.0266594754835678,0.961732451996458,0.00487311951453493,0.995031168540369
"TNC",-0.0533298811292785,0.987676987381042,0.0199896913895648,0.987852510451791,-0.0926191823370916,0.951715326242549
"PAPPA",-0.951359824339267,0.682833215369481,-0.650916313260989,0.647778243729206,-0.788223675598739,0.492865920176733
"ASTN2",-0.293058707201605,0.891570953693957,-0.168778614076719,0.885041529327646,-0.306070311718001,0.767249978131559
"TLR4",-0.259669975115651,0.795440606734161,-0.248609875097138,0.576859503928985,-0.293799108073152,0.467769500472515
"AL160272.1",-0.595710107819758,0.628902509076854,-0.39267024175329,0.6118955526808,-0.52885741997366,0.503188932768188
"CDK5RAP2",-0.0145276042595019,0.987381297202584,5.72538459271362e-05,0.99967840875972,-0.0207198409337085,0.963163635851747
"MEGF9",-0.0264839781409486,0.987676987381042,-0.0435666291715482,0.957810913092003,-0.111488985846112,0.860190911861655
"PHF19",0.192065008429377,0.794910857306378,0.132910438078588,0.689100266376634,0.173767279343644,0.565699562145283
"TRAF1",-0.18398588478088,0.915615419264746,-0.116274171758593,0.877596807432083,-0.17514440548219,0.802059000518938
"CNTRL",0.0322221025492934,0.98469852697543,0.0118726924083986,0.980444404085137,-0.0123636545517066,0.979983270350144
"RAB14",0.153469699873582,0.836203256481455,0.094128824917304,0.790067916621749,0.075933391502581,0.868416651730548
"GSN",0.216549258470188,0.831472058004347,0.181218768395669,0.699037608564375,0.212375750556716,0.635630814036157
"GSN-AS1",-0.191426883098119,0.943454646328941,-0.0376707559228868,0.974061650661939,-0.184519390826516,0.841507186158092
"STOM",0.163133298872871,0.795440606734161,0.0973909444324835,0.756801218738335,0.0928668177762812,0.800759848264319
"DAB2IP",0.0448192615716866,0.987676987381042,-0.0109404123329829,0.99238064627398,-0.258739181749205,0.762674922516359
"NDUFA8",0.201572079876209,0.926058247355641,0.13742806619745,0.655885041836434,0.15187861534676,0.579879645097307
"PTGS1",0.246553591458047,0.833686082887391,0.170341789466508,0.75031734596847,0.0813698659436087,0.896987088212181
"AL359636.2",-0.224977705935302,0.975727322813314,-0.138555448462183,0.963632023564318,-0.205325898449659,0.938621918996746
"PDCL",0.145956407586832,0.891570953693957,0.0925001036923339,0.855616970453911,0.0659723059386056,0.907227152174562
"RC3H2",-0.171485641575136,0.740956428327799,-0.136002397169264,0.626375901485095,-0.201279907045872,0.494198277849011
"RABGAP1",-0.0781463681882036,0.885213448640826,-0.0508594710429194,0.82631015560339,-0.0738396465421624,0.777479366201726
"STRBP",-0.0662756037648665,0.975727322813314,-0.131776526560154,0.809932162137718,-0.279733153770364,0.562754315836961
"DENND1A",-0.0304162830846637,0.978731255112132,0.00315087568851767,0.994111893424054,-0.0577211918907963,0.898004089289119
"NEK6",0.486624930477248,0.709746584312119,0.400829832190228,0.607231435819541,0.416119673417145,0.617295806842706
"PSMB7",0.252557895974016,0.615910607717767,0.2153775042174,0.539909812541728,0.264825406634542,0.376391918003978
"NR6A1",-0.277238348114458,0.802175895468196,-0.188711387323418,0.758268005486744,-0.125887973403462,0.860190911861655
"MIR181A2HG",0.00424137558769401,0.998674355631457,0.018499502732202,0.9861665900331,-0.110713922765306,0.934890182573882
"OLFML2A",-0.108984570842646,0.976058668886097,-0.138383333985636,0.892452868202711,-0.27408869386939,0.76214077234056
"RPL35",0.10108115206053,0.986243996198961,0.0301907408722952,0.951722449221458,0.0586439308910633,0.901057972955735
"ARPC5L",0.213088419293969,0.743988537519481,0.152944718492594,0.675699955475318,0.168361406088621,0.666927108553461
"SCAI",-0.376532975931898,0.713703084504335,-0.238316789101256,0.703851799611006,-0.330487499387436,0.633281215414405
"HSPA5",0.643079042193005,0.684052758618523,0.389273882021389,0.539909812541728,0.50572477789584,0.376391918003978
"GAPVD1",0.0439410753401259,0.95867628166691,0.0540909082192724,0.855200702977348,0.0658595167748692,0.822727876050727
"MAPKAP1",-0.035271684206705,0.969952634197529,0.00701945848983067,0.981281389473242,-0.0277998485460259,0.943665754096722
"PBX3",-0.00276648832724754,0.994700390530767,0.000729396517356089,0.998847327855682,0.0127776405064278,0.979218528186553
"MVB12B",-0.00653660368086162,0.994202951143564,0.0270398827914021,0.97308093374412,0.0245483480241338,0.97969137254021
"ZBTB43",-0.0243061069607544,0.986243996198961,-0.00210848964424024,0.996049574432636,-0.0367599363921462,0.935950066501974
"GARNL3",-0.321739148910222,0.684238272206636,-0.2570674727691,0.635447363508042,-0.3057282562663,0.597365886924465
"RPL12",0.124723003658733,0.969952634197529,0.0595779298747122,0.881734569107956,0.0825695153625417,0.822727876050727
"LRSAM1",0.176688666219636,0.847164208899954,0.157558219842297,0.719739689718454,0.186328870520364,0.719114764621006
"NIBAN2",0.323883282617346,0.873702027357122,0.166499817368618,0.81971599282233,0.129470835644325,0.868137401116203
"STXBP1",-0.16125891503118,0.937120241257205,-0.0891448465405936,0.923493171039234,-0.213433052862722,0.770255027197967
"SH2D3C",-0.198020694383829,0.937120241257205,-0.149940000048558,0.877318442258331,-0.218719350805915,0.812369350763987
"ENG",0.217613117530334,0.838228110296931,0.208613155654894,0.600950135999603,0.182750741169156,0.635319731234811
"AK1",-0.056815749557967,0.987168661761228,-0.0710901203210323,0.901553497791501,-0.148849685841731,0.801712757799524
"FAM102A",-0.000567468118729412,0.999963380658618,-0.0327643335270886,0.963419096883156,-0.0908929146608695,0.893942821748448
"SLC25A25",-0.00311719904061831,0.997223279837635,0.0152363639065906,0.979412011605605,-0.135242570718478,0.75070515447857
"C9orf16",0.189537842816067,0.969952634197529,0.245269963332767,0.576859503928985,0.320805014945009,0.455988349676889
"GOLGA2",-0.0352225905458163,0.975333653661194,-0.0160593264794738,0.968335359712799,-0.061281965675507,0.876617119314814
"SWI5",0.0496064074984741,0.974793128542308,0.0953261780686122,0.816121150261862,0.115674267090591,0.814173818717257
"TRUB2",0.205752248868567,0.831586301123345,0.185728413388036,0.638613914919712,0.263832498795093,0.510146919208901
"COQ4",0.0657247794423966,0.962718721338874,0.111056871652758,0.776361663279111,0.147751475214549,0.741448736751073
"URM1",0.221658097950956,0.787022388998985,0.207546725885164,0.614396075881076,0.255044118021208,0.538950023623525
"CERCAM",0.46346350841284,0.866886249963332,0.273149907302252,0.733628239281182,0.29179323390239,0.75790568189453
"SPTAN1",-0.00398451096224465,0.994202951143564,0.00343542826925986,0.994111893424054,-0.0854970297362658,0.781142374056251
"WDR34",0.0934586815251283,0.986243996198961,0.0273745398474633,0.975940010120607,-0.0664278610665008,0.946418475389209
"SET",0.177429734220645,0.886616212943478,0.0732898181388877,0.865887045284762,0.088496213990134,0.848852976435192
"ZDHHC12",0.465203577027155,0.838228110296931,0.301504673921033,0.567636892317067,0.496586095308153,0.307928681666602
"LRRC8A",-0.221952494036939,0.915615419264746,-0.250071379591308,0.607260215430647,-0.379459485736896,0.41778242206138
"SH3GLB2",0.41574021083182,0.633461558848371,0.301447512414016,0.567636892317067,0.318236573951356,0.562754315836961
"PTPA",0.105799201551972,0.89857850100084,0.0759408157616889,0.820805534168489,0.0429412366893011,0.918777807505402
"IER5L",0.608656243249881,0.838228110296931,0.337147858736708,0.719512861541921,0.221337283620103,0.83635209034052
"LINC00963",0.0143185831724883,0.987955399080789,0.0426459911977627,0.921322498525649,0.0786124145528682,0.837429769891498
"NTMT1",0.220136621270497,0.663974594664865,0.160772734983599,0.603324674080483,0.221231558369745,0.454646209978998
"C9orf78",0.147659352754694,0.848228309522531,0.0862141347665451,0.832809995674351,0.110803557405298,0.772624969369292
"FNBP1",0.0601836382871151,0.968370079144705,0.0740739825017153,0.871103372434564,0.0892816599109553,0.865065150522472
"NCS1",1.14055497829505,0.620497879203569,0.794563912878988,0.539909812541728,0.857909680577205,0.368747071598235
"FUBP3",-0.067721176797319,0.942492479468341,-0.0643543935618809,0.865887045284762,-0.110262079819573,0.765073652778084
"ABL1",-0.0909345378205335,0.937295590475388,-0.0136929082138955,0.975940010120607,-0.0588508795566434,0.909013039308803
"AIF1L",-0.926843965636968,0.809164971868333,-0.661565239266433,0.707016966668684,-0.799279927558909,0.647645222814032
"NUP214",0.328373175912442,0.740956428327799,0.254294263966438,0.649331678226707,0.469533963052356,0.360738283189872
"PRRC2B",-0.042440712475043,0.96113609063212,-0.0198727156408316,0.956240560346755,0.00161212205201977,0.997315950306238
"RAPGEF1",-0.00738360699562349,0.993026821297497,-0.0292874340160551,0.950352759818587,-0.070017163615862,0.860190911861655
"MED27",0.227521064087408,0.700393778780536,0.205163163159524,0.567636892317067,0.246834869214004,0.485138356515192
"SETX",-0.0883621549768349,0.937120241257205,-0.0762026798617121,0.848150887080806,-0.0601725329157888,0.888529517119554
"RALGDS",0.032449907914233,0.987168661761228,0.0426006428973271,0.948047019294368,-0.0291407751965629,0.963163635851747
"RPL7A",0.190457439354728,0.957608581799535,0.112820041430229,0.728626054491622,0.13965862041404,0.595733322547859
"SURF1",0.272327671195698,0.663974594664865,0.231039728970626,0.539909812541728,0.286227524593929,0.416337165345633
"SURF4",0.178484791381735,0.756532238273004,0.0975981454011353,0.732900498693472,0.0538937623988366,0.871173236239181
"ADAMTSL2",0.730171434004576,0.743988537519481,0.479109091800979,0.682769929955018,0.518883780415717,0.668554493326807
"BRD3",-0.0565298048461653,0.959248300621966,-0.0587072245838974,0.879318949048446,-0.0600044538438798,0.893012492381287
"RXRA",-0.110879196237006,0.927411047546878,-0.0933115640679601,0.808755157958912,-0.131951846326729,0.745479749789988
"COL5A1",-0.54851968008925,0.844246272414761,-0.435177093542933,0.707016966668684,-0.614885968540627,0.524568846667637
"FCN1",-0.6389464287011,0.841271683568883,-0.408660104900017,0.784794565990796,-0.544710877700243,0.723331261933175
"OLFM1",-0.278050159546452,0.959248300621966,-0.330465114018875,0.797867139383552,-0.437033444987917,0.701352426947005
"UBAC1",0.0903244154497768,0.902724468235012,0.104487948551235,0.707016966668684,0.0728120910926587,0.824807377744087
"NACC2",-0.277438387316905,0.794511475184592,-0.174240823444553,0.726008162470312,-0.227009716335452,0.669693275959664
"NOTCH1",-0.145689923387961,0.923602803613446,-0.120314967573399,0.806318739704142,-0.147301952302518,0.756258027422061
"EGFL7",-0.00115196755150081,0.999963380658618,0.165641832487349,0.897123059066415,0.197060393672111,0.877339437657531
"AGPAT2",0.308314591714572,0.743988537519481,0.277589636889659,0.576859503928985,0.440037427498799,0.364381114006951
"SNHG7",0.0429193586645964,0.972747459822463,0.0018993488700054,0.996322269070203,0.0394453179953121,0.936418953465064
"TMEM141",0.113224113758516,0.975727322813314,0.165524621182216,0.75395757213358,0.32739047447356,0.503234008867331
"RABL6",0.249502040178102,0.695012064214002,0.197124044980225,0.605933254866572,0.231249742265533,0.579230887860376
"PHPT1",0.0597041563262783,0.989020511532505,0.148688542188087,0.707016966668684,0.139823879856757,0.76214077234056
"EDF1",0.210456084213515,0.937120241257205,0.157947690629984,0.680554703992045,0.226962472110598,0.552534852329702
"FBXW5",0.38882539021243,0.620497879203569,0.311554493836072,0.539909812541728,0.387294997705772,0.441384111538575
"PTGDS",0.0802696571702277,0.989020511532505,0.140523383397404,0.96242869953788,-0.0483059152359072,0.989193131684562
"PAXX",0.0704994619125277,0.937120241257205,0.0926347518468875,0.781746921621551,0.124327756723147,0.731331442054184
"CLIC3",0.769482079168046,0.794910857306378,0.542647976148009,0.603324674080483,0.841522987075964,0.455729469688749
"ABCA2",-0.0773603275300436,0.987168661761228,-0.118590224099601,0.871103372434564,-0.229468476451923,0.707392058164091
"NPDC1",0.121044270359252,0.984006484080006,0.0810607327858292,0.956240560346755,-0.021699660600409,0.988350014201583
"MAN1B1",0.354848462508298,0.672839863206178,0.25213443422701,0.615587230527447,0.29231596211684,0.604738049252398
"DPP7",0.491342561712664,0.608092350472878,0.380649773315317,0.539909812541728,0.447720611088785,0.441384111538575
"SSNA1",0.197728923094246,0.871146086444017,0.102023614394315,0.756959699570331,0.157902559287807,0.639972620212142
"TUBB4B",0.303387715696692,0.882264046366445,0.133071363371287,0.701215480896238,0.0452309414870894,0.902643232023022
"NRARP",0.0344235735613177,0.988989939436751,-0.0382467285990725,0.973493593094634,-0.268727880516173,0.536853639843908
"MRPL41",0.207419608557303,0.935582707073966,0.148554793989415,0.700576833586673,0.191676692307416,0.642858224336516
"EHMT1",0.0155986216146051,0.987168661761228,0.033925407974409,0.902996013052202,0.0142883710839617,0.973942463195293
"ZMYND11",-0.0300929981732836,0.975727322813314,-0.0247383200545693,0.951921041926033,-0.0519323605739554,0.884643476112591
"DIP2C",-0.417403144485696,0.663401121515774,-0.242912197076729,0.694286170885577,-0.358020586170987,0.533803753509296
"LARP4B",-0.0324251224589453,0.969952634197529,-0.023315484725306,0.94617045595008,-0.0266271174100829,0.940021000624202
"GTPBP4",0.104438420487288,0.898622648526422,0.0927839629141461,0.790220565724651,0.101190019276975,0.760378264086355
"IDI1",0.0800742021142354,0.956660628690128,0.0856776285893086,0.879318949048446,-0.0334954065581929,0.952219745772006
"WDR37",-0.188872373734388,0.831586301123345,-0.142800046646328,0.74434847151562,-0.275095767072234,0.503188932768188
"PFKP",0.474024586550994,0.790872788088734,0.302136993781771,0.7164917626122,0.417194329630054,0.485138356515192
"KLF6",-0.0445423538725994,0.986243996198961,-0.105293166653605,0.823408681057155,-0.186529165055453,0.673601444674556
"AKR1C1",-2.34871442023759,0.59030874370855,-1.87807390598469,0.539909812541728,-1.04526917980807,0.419986023345155
"AKR1C2",0.0365735822253451,0.992572521146882,-0.0181206329738063,0.994111893424054,-0.15310385710665,0.943978301924551
"AKR1C3",-0.197621929295311,0.968529247878935,-0.248225953619665,0.879318949048446,-0.000416274788752235,0.999773668548514
"NET1",0.195553780476224,0.911641919586937,0.186205797540887,0.791438454835134,0.213853074558968,0.719114764621006
"TASOR2",-0.0497513161069555,0.968190410187967,-0.0230470841118295,0.963128956648986,-0.0446545027066795,0.933504502390837
"GDI2",0.162954511962089,0.831586301123345,0.126464346250954,0.728626054491622,0.184757119823133,0.594301230245286
"RBM17",0.134828796504726,0.78597632581002,0.0933530278360209,0.73101121462528,0.0980627512759095,0.75070515447857
"PFKFB3",0.00696518148163795,0.994202951143564,-0.0158868849679099,0.977530165599063,-0.0182679664105409,0.979708315365712
"LINC02649",-0.309823520349551,0.868273455347293,-0.244008647330446,0.776361663279111,-0.235049864182753,0.809550750739728
"SFMBT2",-0.110313942430037,0.929586199191008,-0.0734780404798811,0.871103372434564,-0.091534380424442,0.812544061179002
"LINC02642",0.173517453044137,0.952093474531886,0.18915349693207,0.865887045284762,0.143099778429481,0.910878590592782
"ITIH5",-0.0382828988822544,0.987676987381042,-0.0473079230945059,0.967149837859175,-0.0876500471125697,0.944377111185559
"ATP5F1C",0.158938197477697,0.841271683568883,0.136412068837293,0.725781874510064,0.171559427609401,0.639972620212142
"TAF3",-0.0218507872890629,0.987165551409643,0.0212638109742647,0.961732451996458,0.071954233325721,0.837429769891498
"CELF2",-0.0395627469543683,0.978916937415713,-0.057125591099852,0.894437808342616,-0.0291285483142895,0.955253064145895
"USP6NL",0.0511710882699908,0.975195695221014,0.0111159747679709,0.982567521584643,-0.0616575935458435,0.90821115104893
"UPF2",-0.277499468615295,0.620497879203569,-0.198637460104098,0.539909812541728,-0.26187419824256,0.41778242206138
"NUDT5",0.11091254334333,0.850765417220173,0.107310648048304,0.707016966668684,0.111350564327255,0.736166381245796
"CDC123",0.253222192978594,0.713557776352413,0.227074910364293,0.593504960339697,0.23162685646471,0.540579463551134
"CAMK1D",0.0628485436787673,0.937120241257205,0.0631749524881159,0.831585683331886,-0.00530106182299216,0.990420116511119
"OPTN",0.557824645210326,0.805297296612406,0.41386899335301,0.700576833586673,0.438934975553137,0.574248709914327
"PHYH",-0.076076397745109,0.959248300621966,-0.0538860632515468,0.93057810366106,-0.124588322892667,0.789455372735054
"BEND7",-0.00185006579133968,0.999963380658618,-0.0166077631820854,0.993406058487082,-0.104592554130125,0.916959452510363
"AL157392.3",-0.192822089655138,0.921745497785775,-0.105292196042572,0.911778485125184,-0.0521126014540187,0.966691258905221
"FRMD4A",-0.0209018138355688,0.987676987381042,-0.0422364126946509,0.942235289270853,-0.0663431524472449,0.911696415617216
"AC044781.1",-0.577329721516277,0.848228309522531,-0.414239675704285,0.825476703993591,-0.138413011880867,0.962281970828449
"FAM107B",0.25532159010281,0.905433863177203,0.0878914677227264,0.93057810366106,0.0612350966081074,0.951715326242549
"RPP38",0.0011053055812497,0.999712449547403,0.0445751819431372,0.923108484360897,0.0674281457062924,0.888101158224411
"NMT2",-0.406368465428509,0.743641475921582,-0.263445131269428,0.69052371714122,-0.349441095550741,0.575155536539861
"FAM171A1",0.055284322497423,0.989924066985412,0.0361978779179415,0.985377115340074,-0.0808197897463579,0.976289060123327
"MINDY3",-0.26523905490828,0.633461558848371,-0.202251379784766,0.607260215430647,-0.236755218592849,0.584982212025935
"RSU1",-0.0345489952224364,0.984220501986375,0.01637465112786,0.973180525785074,0.0319195262274375,0.937464884225664
"CUBN",-0.505414179707581,0.838634498242165,-0.35618804004709,0.73101121462528,-0.561570867683328,0.497318360234665
"TRDMT1",-0.250312747780016,0.842460010275105,-0.137637751988924,0.799889910366128,-0.259284473872123,0.631383103629534
"VIM",0.229121435357799,0.962348329941207,0.152941386247382,0.81200779318274,0.113999002977052,0.85536489445056
"AL133415.1",0.0572350898740688,0.987676987381042,0.208176510837129,0.894383547354664,0.0472110744789041,0.977649323251274
"HACD1",-0.0769129268358104,0.986740807946813,-0.0841475322669793,0.951722449221458,-0.123978679298984,0.914685256526293
"STAM",-0.037065814586011,0.974793128542308,-0.0274638639449508,0.954054671197777,-0.0642030731922626,0.89063093031718
"MRC1",-0.817129399262714,0.743988537519481,-0.390162338520999,0.627563333522093,-0.394657605426618,0.639972620212142
"CACNB2",-0.611532857227574,0.773839354078259,-0.323245875520802,0.787639160721717,-0.39138120179254,0.732182402937651
"AL450384.2",-0.100254612806168,0.975727322813314,-0.0307572107085322,0.979965919248719,-0.0533079101836707,0.967663675087524
"NSUN6",-0.557274348622625,0.607226415643211,-0.384092660935994,0.539909812541728,-0.479802608280019,0.350266232452948
"ARL5B",-0.150431263311114,0.937120241257205,-0.169061003448329,0.805882240027355,-0.199935319735591,0.576643274398569
"PLXDC2",0.000612174367772984,0.999963380658618,-0.00547833185300531,0.990128606041003,-0.000131363090309532,0.999773668548514
"AC069549.1",-0.634519250752875,0.663974594664865,-0.398979311397323,0.726740732682649,-0.46129079539123,0.700136189280256
"NEBL",0.371733818924389,0.916339396900937,0.317232480421473,0.811798361323719,0.22610035809826,0.876699863846491
"MIR1915HG",0.257917033781204,0.969952634197529,0.266561377691842,0.865887045284762,0.147110186137983,0.92272149469889
"MLLT10",-0.0512172427820786,0.958007726819188,-0.0370974724790153,0.921322498525649,-0.0277279992482487,0.946888849990106
"DNAJC1",0.0694360203786286,0.937295590475388,0.0829847080418998,0.806409740187469,0.13801925297459,0.666696927518615
"COMMD3",-0.0526634072121661,0.947261053507097,-0.00384066263227853,0.99159047822418,-0.0144491411924955,0.976248245486445
"BMI1",0.0510135955819372,0.978731255112132,-0.0506032403389911,0.916199047574657,-0.0279878220444511,0.964671066810479
"PIP4K2A",0.155639623239994,0.858464683804866,0.096740438743135,0.819651123007178,0.186447599952566,0.635630814036157
"MSRB2",0.13591960192416,0.882264046366445,0.106438620265465,0.756994960881992,0.182332503740209,0.591317813247651
"OTUD1",0.139915630639972,0.959248300621966,0.0904077074904981,0.931998186550067,-0.0526673414170346,0.957267443174802
"KIAA1217",-0.493456274048966,0.896003573705676,-0.30239456421134,0.856292466956988,-0.425613174719136,0.734013864724764
"ARHGAP21",-0.137481977493906,0.888570841393027,-0.0893211517768639,0.816272740042864,-0.115471082189537,0.800169662236638
"APBB1IP",0.264033575287688,0.831586301123345,0.186194394387154,0.728626054491622,0.284201399937214,0.562754315836961
"ABI1",0.0427439789038199,0.975195695221014,-0.0116238731324099,0.976831570536172,-0.0412144233082456,0.930490205989391
"ANKRD26",-0.170364462146801,0.837836391925067,-0.101851793185821,0.788876679002857,-0.117116770819696,0.779709513358652
"YME1L1",-0.063223785315544,0.946978282166981,-0.0455431848316313,0.903162098034093,-0.0787149846422691,0.835502300392726
"MASTL",-0.000369548331764625,0.999963380658618,0.0225302051551246,0.975491710400042,-0.06737144902357,0.925846525415444
"ACBD5",0.114996478059607,0.865934979413673,0.0747591257964274,0.819834924964582,0.0840944408188807,0.82591843900154
"RAB18",0.165849326390246,0.743988537519481,0.127889907077561,0.682971009494621,0.131366314677293,0.679131007082978
"WAC",-0.0127382320480567,0.987676987381042,-0.014203063332691,0.966413444282727,-0.0373413004646781,0.915782159236744
"BAMBI",0.104977110793827,0.975727322813314,0.0455586055695427,0.962252218950256,-0.0878800312021052,0.91257003945194
"SVIL",-0.467253825166302,0.716755156913227,-0.295324034229674,0.706962877518877,-0.276538805228969,0.757346948876477
"MAP3K8",0.201246365961884,0.842460010275105,0.168395787382599,0.711331071049251,0.147223769777128,0.749855507789531
"ZNF438",-0.215436442247503,0.760525650507902,-0.14458934477201,0.73101121462528,-0.190475399083584,0.672027179989312
"AL359546.1",-0.937151782198944,0.620497879203569,-0.663845803270257,0.577660339563635,-0.783816480771189,0.503188932768188
"ZEB1-AS1",-0.200507528187065,0.908458190058852,-0.0801811518540099,0.927727473747703,-0.234483403758458,0.757346948876477
"ZEB1",-0.111425427877956,0.937120241257205,-0.0607200616988346,0.916199047574657,-0.106777909866586,0.861600338130576
"ARHGAP12",0.108971196871554,0.903608037062864,0.081441388886187,0.813747570349955,0.0619801170263026,0.869793185908311
"KIF5B",0.213260666944125,0.633461558848371,0.148561163830095,0.602584390525497,0.194229434507847,0.468140187860629
"EPC1",-0.0124479681060646,0.987676987381042,0.00598901960982262,0.985970661384568,-0.0227171820901346,0.963197165494884
"CCDC7",-0.426804412006894,0.607226415643211,-0.257706994994847,0.576859503928985,-0.362676557971558,0.423413080779875
"ITGB1",0.0372864890855785,0.985214763269641,-0.0219106273030301,0.96277084031199,-0.0462353897089743,0.922709833813539
"ITGB1-DT",-0.181756839265395,0.912259746037492,-0.0951883641655285,0.892452868202711,-0.291615806614773,0.549300666919441
"NRP1",-0.0982182314889193,0.969952634197529,0.0413546575878963,0.939464979957616,0.00557561744849298,0.994575100819314
"PARD3",0.310412293218992,0.946978282166981,0.302932157083836,0.878563630398547,0.15138991952968,0.943978301924551
"CREM",0.119937709204432,0.964462552585652,0.191127093513238,0.712661164701235,0.195071768171261,0.740202712586262
"CCNY",-0.0803692130151995,0.952093474531886,-0.052905859756872,0.934111956447595,-0.130707071453426,0.772624969369292
"ZNF248",-0.36504949547527,0.684052758618523,-0.247758472391922,0.655885041836434,-0.321070594312627,0.596801456598472
"ZNF33A",-0.0688408832214962,0.956660628690128,-0.00993856624251345,0.982567521584643,0.0180379990194817,0.976901867362516
"ZNF37A",-0.142841034601235,0.760255945404762,-0.0872535067631844,0.724232081367799,-0.0958980510140674,0.737911625244294
"ZNF33B",-0.194166127710521,0.831586301123345,-0.143689101842889,0.753503800478187,-0.0720096506365001,0.899181418189796
"CSGALNACT2",-0.125235305142835,0.891570953693957,-0.106877810793103,0.779117741632649,-0.126768565192496,0.763653082700191
"HNRNPF",0.192255345656323,0.849878078933592,0.156331487404145,0.755804595002153,0.170255696331554,0.730453256510292
"CXCL12",-0.365633131626357,0.794138154549402,-0.351756438037105,0.567636892317067,-0.376430448920876,0.455988349676889
"TMEM72-AS1",-0.520653311471558,0.663974594664865,-0.390341862218794,0.626375901485095,-0.516378987605542,0.485138356515192
"RASSF4",0.0308895058781051,0.987676987381042,-0.0452906082382974,0.951921041926033,-0.0163453852656161,0.98661291854552
"DEPP1",0.409762434063047,0.937120241257205,0.252449756030472,0.879752666201422,0.221414220907545,0.896785969713696
"ZNF22",0.116663077215908,0.963914153263676,0.0019227150936818,0.996266714923748,0.04375236889577,0.922709833813539
"ALOX5",-0.0835248278593869,0.932495304053678,-0.0424914586264402,0.918372004041414,-0.0520225994226507,0.914685256526293
"WASHC2C",-0.149630752010908,0.831586301123345,-0.101256479152708,0.728626054491622,-0.0793794793404854,0.802059000518938
"NCOA4",0.118001710380919,0.950972662765713,0.0536341650303753,0.950670754810894,0.047664152638545,0.943978301924551
"MAPK8",-0.0496519213186595,0.959248300621966,-0.0376901942584483,0.923108484360897,-0.0632537039315682,0.877069431682963
"ARHGAP22",-0.06381680054623,0.972747459822463,0.00100370030580045,0.998847327855682,-0.0674138039944464,0.914685256526293
"WDFY4",-0.0184282274009671,0.987232790302631,-0.0173397200809349,0.968776941464102,-0.0939930449662345,0.780815890200692
"TMEM273",-0.197898181055862,0.850765417220173,-0.141106711010912,0.779117741632649,-0.244450858557983,0.61692780182417
"ERCC6",0.00696766608211021,0.993039382491997,-0.0165859801845177,0.972831694402535,-0.0544490766379694,0.915466250872337
"PARG",-0.0876727480230586,0.923602803613446,-0.0254271227622911,0.961732451996458,-0.0282549244703731,0.962220442527391
"WASHC2A",-0.0850010652161897,0.912259746037492,-0.0401164364521132,0.910792859497578,-0.0271476607408711,0.950144594039427
"SGMS1",-0.24152188153387,0.743988537519481,-0.145485131514133,0.689380545295917,-0.187557426335423,0.643709696969539
"DKK1",0.194629337890267,0.968662340367089,0.122680578299216,0.933850507025293,0.0813737990407812,0.966691258905221
"LNCAROD",-0.0295587304977433,0.987676987381042,-0.0183383081270567,0.976831570536172,0.0134248075202452,0.986446389626677
"ZWINT",0.412591454953696,0.850765417220173,0.208712731375209,0.845169358064318,0.206969633124887,0.861600338130576
"IPMK",-0.00739004703994801,0.992369248917565,-0.0227742420735263,0.962866185703775,-0.0677303147423539,0.875581118417293
"CISD1",-0.00440321913809567,0.994202951143564,0.00395076315214241,0.99159047822418,0.0272226689570468,0.951715326242549
"UBE2D1",0.092614052862269,0.945421051661546,0.043528980029869,0.94617045595008,0.00542527746919361,0.995252373580312
"TFAM",-0.0656430026279329,0.968529247878935,-0.0765334485245753,0.8808939289938,-0.132439668683327,0.806345549179156
"BICC1",-0.458251670739346,0.838228110296931,-0.378371335755349,0.73101121462528,-0.366641668378421,0.761421121087099
"LINC00844",-1.17583689103188,0.713703084504335,-0.91489645270358,0.602584390525497,-1.06978784133434,0.376391918003978
"CCDC6",0.282799238189042,0.842460010275105,0.192968931705004,0.774038913251,0.210301298433092,0.762674922516359
"ANK3",-0.0687144273786493,0.987060796028084,-0.0621335436995941,0.963350368188309,-0.00961648207628998,0.995773281816741
"CDK1",0.022201825482068,0.993039382491997,-0.106701670641528,0.93823275282007,-0.172212614038439,0.888288515330587
"RHOBTB1",0.152634171131808,0.849878078933592,0.144217692653002,0.711331071049251,0.16606769635419,0.708264208042903
"ARID5B",0.332259825762856,0.795440606734161,0.27942037013462,0.675806956804428,0.199099791186283,0.731683214870613
"RTKN2",-0.416640156478439,0.841271683568883,-0.166759717646625,0.871813500995323,-0.363342937886361,0.674363867120955
"EGR2",-0.310324271703678,0.92417531528931,-0.156245643511642,0.860287205518009,-0.36441149273574,0.364381114006951
"NRBF2",0.191468635852938,0.696319555448604,0.1698210023222,0.576859503928985,0.164416151596919,0.62915730044559
"JMJD1C",-0.194299821865491,0.795440606734161,-0.14062737791795,0.701636166420676,-0.157823794485974,0.683703243550165
"REEP3",0.0684551235840014,0.946978282166981,0.0599568851590558,0.893160046806376,0.0658121725516952,0.878650982331443
"CTNNA3",-0.357963424990844,0.845460943772112,-0.303466289218396,0.726008162470312,-0.265201115630344,0.757943212685876
"SIRT1",-0.0113252350320426,0.989020511532505,-0.037452516406469,0.927168695182101,-0.0973035684260979,0.792835401805648
"HERC4",-0.172042820930602,0.756024783939142,-0.125820761882278,0.647778243729206,-0.155768357386106,0.58016139300506
"HNRNPH3",-0.0346424682151524,0.975727322813314,-0.0448410768308185,0.903162098034093,-0.0971668742406961,0.79074754214483
"RUFY2",-0.17183710364017,0.805297296612406,-0.111371485054138,0.750304065506332,-0.119404285397755,0.76743379641509
"TET1",-0.525306463733557,0.767397326336059,-0.353121062800354,0.713923131494012,-0.405755824900619,0.699127052861231
"CCAR1",-0.0416919829845375,0.96493784208835,-0.0188656054742408,0.96277084031199,-0.0117511910801703,0.977847392637056
"DDX50",-0.113696259172634,0.865934979413673,-0.056609873051177,0.84980603096362,-0.0723746108493443,0.831291397157077
"DDX21",-0.145557736200115,0.916339396900937,-0.0848327638803029,0.8843628398733,-0.153785170637208,0.794982096568494
"KIF1BP",0.107603498112527,0.903608037062864,0.117386634204891,0.711331071049251,0.130723436254146,0.704857298067594
"SRGN",-0.0630499604158012,0.987165551409643,0.0589332730241391,0.916199047574657,0.0521965684283508,0.928534784060247
"VPS26A",0.118921155377964,0.912259746037492,0.121399920409891,0.713923131494012,0.141677854664438,0.692687308822066
"HK1",0.308695052841553,0.633461558848371,0.272698460613271,0.539909812541728,0.290244725430652,0.376391918003978
"TSPAN15",0.0551238595507581,0.978731255112132,0.101056771435153,0.875077046802286,0.0926284363453065,0.901872547234938
"SAR1A",0.152713518566795,0.743988537519481,0.11833103122471,0.659515997388856,0.14046845065554,0.635630814036157
"PPA1",0.414031801932821,0.871146086444017,0.257506396103681,0.6118955526808,0.378737856099098,0.427789007407824
"EIF4EBP2",-0.0142436913416653,0.987676987381042,-0.0517472905320325,0.876852691254119,0.00317802508205517,0.995031168540369
"PALD1",-0.136682979691792,0.882264046366445,-0.0917299376669469,0.827962584543738,-0.182043177613554,0.65642344853735
"PCBD1",0.0955243762396639,0.951772238190248,0.0909806684644141,0.758083011260247,0.132379657251678,0.65642344853735
"UNC5B",0.182015633257047,0.908458190058852,0.15200456143693,0.812181379819391,0.265638756320305,0.65642344853735
"VSIR",0.576857850463946,0.620497879203569,0.425814816152375,0.539909812541728,0.484346998064294,0.486708653561664
"PSAP",0.0709278082879595,0.969506256606454,-0.0183360552133709,0.965675142898041,-0.0953115590923697,0.780353552464128
"CHST3",0.0826178251036294,0.987676987381042,0.0381931015108828,0.983543863208774,-0.0374140399904446,0.98778746469922
"SPOCK2",0.280916468262917,0.937120241257205,0.288263611532559,0.832809995674351,0.270658452688003,0.868137401116203
"ASCC1",0.0445637069246192,0.969952634197529,0.0633273259315597,0.877318442258331,0.115161160137041,0.771047052446169
"ANAPC16",0.0422399978407102,0.967203858991469,0.0246109999657302,0.95565153722071,0.05867276667038,0.877069431682963
"DDIT4",0.241406854936771,0.782347688269215,0.145004341736886,0.747745391900673,0.169324438890085,0.723116381892166
"DNAJB12",0.295076483028164,0.620497879203569,0.239174262752322,0.539909812541728,0.293125518290941,0.430331057882329
"MICU1",-0.00690782052281136,0.993039382491997,0.00828882685698759,0.984298346154552,-0.00963469666117081,0.989193131684562
"MCU",-0.186338597435059,0.842774473190308,-0.154645367091406,0.728626054491622,-0.197985144511022,0.703913696755257
"P4HA1",0.140792327415003,0.961550842791093,-0.0288004313390738,0.96277084031199,-0.077186158434454,0.883528995898572
"DNAJC9",0.0671803175456278,0.951610900208567,0.103940072714938,0.776361663279111,0.114816349543397,0.76214077234056
"MRPS16",0.132227324908236,0.831586301123345,0.102633320487929,0.707016966668684,0.168468438586517,0.512503271974709
"ANXA7",0.129374534674256,0.886520545100434,0.112812084158416,0.791199639106284,0.155870964939209,0.703127051297804
"PPP3CB",0.00556091704797684,0.993039382491997,0.0220417211269408,0.962715960888231,-0.00532833110688816,0.992577129869039
"PPP3CB-AS1",-0.256988654278709,0.794373052249496,-0.160953639837767,0.712848745378406,-0.19203971214242,0.703913696755257
"USP54",0.096098181873188,0.957608581799535,0.138544060206946,0.842762032919684,0.107365927684882,0.889599943221656
"FUT11",-0.134211619524418,0.903608037062864,-0.140760373734324,0.680554703992045,-0.195601317054789,0.473493734259366
"CHCHD1",0.159204694961452,0.969952634197529,0.105999110622464,0.704956467974747,0.159800473904371,0.536853639843908
"PLAU",-0.462354909038779,0.849184946634449,-0.254863931468854,0.823141670358777,-0.448465923368944,0.623631194185174
"VCL",0.00382920588975769,0.994202951143564,0.00648688024016529,0.985377115340074,-0.0377174028376753,0.93637900575043
"ADK",0.0616938428618754,0.950093895107624,0.0523829108379508,0.900090030044765,0.12677612757831,0.741261845945827
"KAT6B",-0.0696684015449803,0.943454646328941,-0.0307265979522073,0.942866865475612,0.0272825708795091,0.949505766305777
"SAMD8",-0.105751582086244,0.886616212943478,-0.0758936308818641,0.798386759541427,-0.135918057464978,0.670884915964199
"VDAC2",0.393028387082801,0.635362086335881,0.287834520531164,0.539909812541728,0.377974121303524,0.372815740666806
"COMTD1",0.280507774629403,0.928938171849069,0.225118174503413,0.707016966668684,0.406571305678847,0.479741062640961
"ZNF503",-0.0974570062771786,0.975727322813314,-0.153222115982182,0.682769929955018,-0.291861019948722,0.396298682889274
"LRMDA",0.123266868576667,0.86918309088418,0.118826182853514,0.635447363508042,0.129936390947701,0.647645222814032
"KCNMA1",-0.251366168512246,0.966586420911889,-0.133940683656322,0.944654221389336,-0.0307646125669436,0.98901636070263
"DLG5",-0.272886524167232,0.923602803613446,-0.194739655409035,0.875077046802286,-0.31046678486712,0.760440344298506
"RPS24",0.115639713360463,0.968529247878935,0.0410003336633834,0.931653064791714,0.0869157417067529,0.82591843900154
"ZMIZ1",-0.0548267161930273,0.975727322813314,-0.0597752890154603,0.913030777551584,-0.133884607025787,0.800759848264319
"PPIF",0.190197959043621,0.850765417220173,0.110048172585162,0.78785297839852,0.0943909989628995,0.849373642506184
"ZCCHC24",-0.345355593883237,0.743988537519481,-0.273969195584965,0.588174965187578,-0.397611386391327,0.376391918003978
"NUTM2B-AS1",-0.121472401572591,0.895362634494784,-0.106104296349915,0.763807426580721,-0.153607847013193,0.695973481797918
"PLAC9",-0.0448647871994766,0.990850390543415,-0.0467493342616719,0.977530165599063,-0.136980403881976,0.937196857773232
"ANXA11",0.397968416357788,0.607226415643211,0.306587826563202,0.539909812541728,0.357730956254665,0.396298682889274
"PRXL2A",0.251792308562517,0.905433863177203,0.125270377763209,0.712661164701235,0.115234862119923,0.775541708308157
"TSPAN14",0.182330682758999,0.838228110296931,0.112089691762787,0.797556545994522,0.108151841841477,0.837503168401024
"GHITM",0.29591818867055,0.740956428327799,0.179310479499283,0.576859503928985,0.201093440355515,0.53105850834748
"CERNA2",0.991173124584089,0.709746584312119,0.712350605857117,0.576859503928985,0.537456521350062,0.62915730044559
"CCSER2",-0.0273023626659,0.973470246864783,-0.00280932128037627,0.993406058487082,-0.00340735487246893,0.995031168540369
"WAPL",0.0336491914458527,0.972032683928677,0.0274128122139544,0.94617045595008,0.0242165827992578,0.957032935111442
"BMPR1A",-0.162320944170879,0.850765417220173,-0.0923633759499553,0.854308908975889,-0.189531763823462,0.658630034567262
"ADIRF",-0.641273813585668,0.886428075551855,-0.500037836459235,0.73101121462528,-0.664038584334262,0.617295806842706
"GLUD1",0.0174962373688461,0.987232790302631,0.0261209781364671,0.951722449221458,-0.0288705824764524,0.937196857773232
"SHLD2",-0.113294509402778,0.920885507075657,-0.038727640327935,0.934298675323455,-0.0219707925974736,0.973046066546357
"NUTM2A-AS1",-0.194038373698161,0.845995942306838,-0.180621936322569,0.699037608564375,-0.219282432163506,0.669048446657744
"PAPSS2",-0.644687576431683,0.672839863206178,-0.367816402426247,0.572932137442038,-0.444834649448558,0.526483868522985
"ATAD1",0.00504492913988121,0.993039382491997,0.0142915629406693,0.97308093374412,0.0187551767544787,0.972947775908784
"PTEN",-0.0216220138629049,0.987676987381042,-0.0357294348920182,0.961732451996458,0.022346642377196,0.977847392637056
"RNLS",-0.0332414620635146,0.986243996198961,0.0200797678382428,0.975491710400042,-0.0261664973987241,0.974809843684223
"ANKRD22",0.493543768458279,0.831586301123345,0.312822649491415,0.779117741632649,0.281808516755827,0.794142255410456
"STAMBPL1",0.0716906061070546,0.969952634197529,0.0100019880518116,0.987498147844983,-0.0703947149849045,0.927834962329026
"ACTA2",-0.0174414319572253,0.991594528553645,-0.00362416175936653,0.99666121008568,-0.113799763185598,0.911696415617216
"FAS",-0.0410977284805717,0.987165551409643,-0.0788674165017337,0.896898631362009,-0.195821805835067,0.737870328721417
"CH25H",-0.393450288643513,0.937295590475388,-0.117307103099146,0.950352759818587,-0.538775380308638,0.618987025319404
"LIPA",0.0682209994267625,0.961399538616457,0.0299941546332562,0.961663698018687,0.0459455796008988,0.941692171237798
"IFIT2",-0.0328052544954098,0.989701309603352,-0.0719559766764286,0.960450451875729,-0.124691915287159,0.922709833813539
"IFIT3",0.299938648492922,0.912259746037492,0.22041784899312,0.839422319377174,0.203038894294587,0.869793185908311
"IFIT1",0.595243455083093,0.76063344310174,0.45780090473702,0.648927184672061,0.444008187926633,0.692443850386734
"SLC16A12",-0.0235509612707352,0.994202951143564,0.0170993514244578,0.994111893424054,-0.0935182927163375,0.963024732493286
"KIF20B",-0.210366937104854,0.731604526683762,-0.164260352770119,0.610562468549926,-0.205153229320275,0.510146919208901
"LINC01374",-0.0766625273850712,0.973069605188034,-0.0924282199275026,0.903162098034093,-0.225685748854674,0.759886178097863
"HTR7",-0.316971471450249,0.815737291200415,-0.270775630455441,0.64689033572854,-0.274406542802479,0.659522181455106
"PCGF5",0.0884822161495752,0.912259746037492,0.0695240961904039,0.845099479611443,0.0966773272456937,0.768058647595537
"HECTD2",-0.0333623637595666,0.987676987381042,0.00652079561833857,0.994111893424054,-0.052268238868541,0.957562802791205
"TNKS2",0.0328589509788668,0.975333653661194,0.00475836980484603,0.989668092293795,0.020605103264625,0.963163635851747
"BTAF1",0.00776917974812653,0.990850390543415,-0.015124335059128,0.963632023564318,-0.0459465862219508,0.883528995898572
"CPEB3",-0.016439760459592,0.987676987381042,0.00332160080432694,0.995677986178004,-0.0181132809780782,0.977290579703121
"MARCH5",0.224621129019391,0.831586301123345,0.193670142708522,0.692050352841508,0.111903376993319,0.749855507789531
"KIF11",-0.201570672562464,0.915615419264746,-0.0712911909544951,0.942731380000795,-0.125820197793644,0.897135985603776
"HHEX",0.0918580343386268,0.937295590475388,0.053018998706701,0.909806300684739,0.0188824637808281,0.973942463195293
"EXOC6",-0.0227579059861067,0.987381297202584,0.0344672736538086,0.95050569742153,0.0578754446351072,0.916762859743837
"MYOF",-0.0180171889855749,0.987232790302631,-0.00874496580715469,0.981281389473242,-0.0248114602830335,0.961530643332731
"CEP55",-0.0968594295245304,0.975333653661194,-0.0627865894412101,0.961663698018687,-0.2178528939656,0.843485540238215
"RBP4",0.421613186906851,0.879034398226686,0.320188835031223,0.707016966668684,0.302737937015963,0.760378264086355
"FRA10AC1",-0.167121270161105,0.832735391613884,-0.129211009510102,0.715780052847712,-0.123477708030196,0.740300541320636
"PLCE1",-0.0404810154266068,0.987232790302631,0.0314312056821088,0.971524995429752,0.0887264860340971,0.883528995898572
"NOC3L",-0.111574780802995,0.9117360607865,-0.0645353047363523,0.882796185416272,-0.0138011972865284,0.979207899684523
"TBC1D12",0.104833970182029,0.935853944284842,0.0855603201083834,0.866137207719677,0.0616658313496392,0.919383396491636
"HELLS",-0.14121353654758,0.916794742663761,-0.0941555320236847,0.868346873746697,-0.215936026894308,0.668290681860915
"PDLIM1",0.582481647280636,0.805297296612406,0.291348728311214,0.763807426580721,0.201990414298034,0.844314412133083
"SORBS1",-0.548219608560983,0.833686082887391,-0.398434135848955,0.69275266410881,-0.524030246766344,0.537389610915761
"TCTN3",-0.0256046972092741,0.987165551409643,-0.0187205507758463,0.965741834761312,-0.0587429780801144,0.88229929144352
"ENTPD1",-0.360667031000931,0.620497879203569,-0.239924483102357,0.567754820711177,-0.332184492415682,0.460774244728869
"ENTPD1-AS1",-0.568576225754044,0.562118039898797,-0.3629554736932,0.539909812541728,-0.403368730372545,0.44942468992586
"CC2D2B",-0.411709913484877,0.674893276948019,-0.267827001028811,0.700576833586673,-0.401364264904619,0.56387575959395
"ZNF518A",-0.295212983023016,0.620497879203569,-0.203781765470331,0.582680111329954,-0.175703960617688,0.653717293188076
"BLNK",-0.594707942563896,0.628902509076854,-0.413442506423297,0.576859503928985,-0.605111429236952,0.426574974407626
"TM9SF3",-0.0328334433289056,0.972747459822463,-0.0357272915590071,0.9184779854662,-0.0716573420872055,0.848852976435192
"PIK3AP1",-0.148962106667485,0.841271683568883,-0.102743167020071,0.726008162470312,-0.157347785627504,0.579230887860376
"LCOR",-0.0296985120415481,0.977922694820062,-0.0363771312542788,0.916139333333639,-0.0200738354808052,0.957032935111442
"ARHGAP19",-0.0155525506901031,0.989020511532505,-0.00438516146759988,0.994111893424054,-0.0707996156946429,0.89608859533129
"RRP12",-0.103092354966492,0.950241547622995,-0.00133668851359977,0.998806998670749,-0.0265778788994921,0.970880275567133
"PGAM1",0.208648938068791,0.840467050491297,0.154661801937531,0.723988436794654,0.187393052194655,0.675352275574551
"AVPI1",0.652110634846365,0.713703084504335,0.396075739037219,0.565951168967911,0.422310957880226,0.473493734259366
"MARVELD1",-0.0764548862556367,0.987168661761228,-0.069697636220655,0.89555290468384,-0.0952552125761375,0.869793185908311
"SFRP5",-0.835073461392729,0.841271683568883,-0.576504921325594,0.707016966668684,-0.730595474495077,0.560203546352872
"R3HCC1L",-0.0113143413403837,0.987676987381042,-0.0100765428638009,0.975940010120607,-0.0348113831379852,0.926493644917102
"DNMBP",-0.0713921490845599,0.975727322813314,-0.0373526470243233,0.963675564531743,-0.0450919108310235,0.962281970828449
"BLOC1S2",0.43849769691019,0.607226415643211,0.307343656655896,0.539909812541728,0.320703976100519,0.44942468992586
"SCD",0.306057160770539,0.923760136581755,0.110985965742344,0.779117741632649,0.0143204841564545,0.978174391377583
"OLMALINC",0.120216845511597,0.915615419264746,0.0847998811632621,0.865887045284762,-0.0114678617019141,0.980766459646602
"NDUFB8",0.196330958680689,0.915615419264746,0.120180494332462,0.682769929955018,0.111676886147326,0.74357223805456
"SLF2",-0.213136956909106,0.814238168764927,-0.148582031771614,0.736079365501875,-0.137383276644232,0.794594005599009
"MRPL43",0.164273767928997,0.961522738104892,0.0928047971317592,0.728626054491622,0.0996954927835431,0.750059973571622
"BTRC",-0.10517789475307,0.871146086444017,-0.0527843425722828,0.892452868202711,-0.0802195892485498,0.851615103190831
"FBXW4",-0.0973293767677271,0.920885507075657,-0.0746485083554505,0.868346873746697,-0.104326334295446,0.829309687795442
"OGA",-0.157692857762367,0.831586301123345,-0.149942280539757,0.602584390525497,-0.178089794012205,0.567022984855542
"ARMH3",-0.102192094463159,0.871146086444017,-0.0691194518791048,0.837532471123586,-0.121365294682249,0.729606391884089
"NOLC1",0.0861027480618546,0.951772238190248,0.0847460351357309,0.882224304734097,0.0672859735506686,0.913786342460111
"GBF1",-0.0591531913832174,0.945421051661546,-0.0106290523944086,0.975544798159894,-0.0379906069164094,0.919542522552017
"NFKB2",0.211418418341463,0.891570953693957,0.157122057969181,0.806409740187469,0.155974375105772,0.825293721416026
"CUEDC2",0.354868942482804,0.75170860107918,0.256205492173528,0.542842339693613,0.335770092269646,0.416337165345633
"ACTR1A",0.279780376855513,0.620497879203569,0.204147138527127,0.539909812541728,0.259757197125464,0.42463556256099
"SUFU",0.0658391610911471,0.946978282166981,0.103185954429787,0.781746921621551,0.090058684337988,0.849865711971539
"TRIM8",-0.0852736474908989,0.937120241257205,-0.0562456997482405,0.892452868202711,-0.127364201203031,0.749292653756677
"ARL3",0.0286059421689759,0.978916937415713,0.00549771034628499,0.982039533410756,-0.016584670597601,0.964159665277084
"WBP1L",-0.0110757009420796,0.990850390543415,0.00697168358265372,0.986357352470941,0.0491694326987759,0.916996650945138
"BORCS7",0.106580840558053,0.831586301123345,0.0967720599547997,0.707016966668684,0.100401598200462,0.732182402937651
"CNNM2",-0.0218067428418035,0.987232790302631,0.00377992649550489,0.995119329019073,-0.0697655959274435,0.913682355390819
"NT5C2",-0.071204721020379,0.92417531528931,-0.0529286711042179,0.844929496863613,-0.0754443416705211,0.792645670335483
"ATP5MD",-0.0369027026480948,0.987676987381042,-0.0364009964159141,0.93421701188218,-0.0537261352632815,0.912223727570503
"NEURL1",-0.297373084620544,0.920170999728793,-0.0942582721361842,0.954379790402556,-0.222217886258184,0.85656331705542
"SH3PXD2A",-0.389089812385594,0.740956428327799,-0.239824366303308,0.707016966668684,-0.361359540341174,0.52139907878696
"SLK",0.121973690110862,0.869369381527411,0.071522530053295,0.84980603096362,0.0992631670452408,0.761421121087099
"GSTO1",0.298800521933627,0.758066260813379,0.241244575142646,0.539909812541728,0.307525908528748,0.350266232452948
"ITPRIP",-0.0325158241188655,0.987168661761228,0.000585344570964792,0.99967840875972,-0.10462610416364,0.813821171969538
"SORCS1",-0.411028813395157,0.915615419264746,-0.176115558520973,0.923493171039234,-0.277555646778035,0.849865711971539
"ADD3",-0.122819457816702,0.950581525806333,-0.157390665673859,0.756801218738335,-0.119690781033062,0.843043133014784
"MXI1",-0.134360607618161,0.925683773823925,-0.177092036809259,0.707054072340348,-0.108863356364069,0.822306208474632
"SMNDC1",0.0748157231899478,0.943083225919622,0.0457550586425009,0.923108484360897,0.0466592542019798,0.935281462873143
"DUSP5",-0.302876247006474,0.889569241217111,-0.202625389807377,0.717433010177714,-0.379604937071497,0.44942468992586
"SMC3",0.0573906556226496,0.946978282166981,0.0304248612603889,0.944564301575183,0.0787922782231276,0.801927298390889
"PDCD4",0.0948220393741459,0.920885507075657,0.0416369737542797,0.925038116618585,0.0143946466611304,0.979207899684523
"SHOC2",-0.0933911434577011,0.923602803613446,-0.0846162161572712,0.825928810266268,-0.127942572176407,0.760440344298506
"VTI1A",0.00940139428095683,0.987676987381042,0.0220262192372243,0.949757741465138,-0.018182448911539,0.963163635851747
"TCF7L2",-0.268524764590488,0.820584191719364,-0.172501398277508,0.745981363619619,-0.268689359265512,0.629619559029358
"NHLRC2",-0.326005615950738,0.620497879203569,-0.268911963706444,0.539909812541728,-0.269685025729895,0.473493734259366
"CCDC186",0.0353603735073169,0.966965374391893,0.0414929233859494,0.892452868202711,0.0555832377594545,0.869793185908311
"AFAP1L2",-0.426021315022732,0.915615419264746,-0.3309358637486,0.81200779318274,-0.485058908140677,0.685511798317414
"ABLIM1",-0.234495776015729,0.951610900208567,-0.15740312363721,0.926493857657502,-0.282102869651211,0.83780945723087
"GFRA1",0.0689600230472947,0.987676987381042,0.054227595086148,0.975940010120607,-0.0275380577026292,0.990420116511119
"HSPA12A",-0.532850897050117,0.848228309522531,-0.393418104442099,0.728626054491622,-0.514096290966531,0.646736088217769
"ENO4",-0.479993599457935,0.795440606734161,-0.263306969235053,0.863114432543453,-0.1956097443076,0.909927751862353
"SHTN1",0.0351984262913923,0.987165551409643,0.0150775997112499,0.981281389473242,0.0685444960507369,0.926493644917102
"SLC18A2",-0.0800856844410014,0.986136653224698,0.00661145537365176,0.996322269070203,0.0397833858309199,0.983436495131716
"PDZD8",0.0672260943312608,0.945421051661546,0.0522615389634835,0.900323824869838,0.0247057806214044,0.956127514853306
"RAB11FIP2",-0.233470629094234,0.633461558848371,-0.193068148701271,0.539909812541728,-0.233705729067748,0.44942468992586
"CASC2",-0.0760544808393156,0.985214763269641,-0.024815071497226,0.982567521584643,-0.0518914519607281,0.973878594622367
"FAM204A",-0.0291866349072526,0.974793128542308,-0.0197762770571786,0.961663698018687,-0.0245003700296276,0.945679794111185
"CACUL1",-0.0137212168801457,0.987676987381042,-0.0108218967982132,0.975491710400042,-0.0462387718479258,0.90131829140123
"EIF3A",0.166387997269175,0.831586301123345,0.123030162765917,0.728626054491622,0.127287655488115,0.731331442054184
"PRDX3",0.21587414289816,0.920800560535454,0.118535168585539,0.865887045284762,0.153082255705383,0.807988980075664
"GRK5",-0.29816876829983,0.735468360345859,-0.192571185637503,0.680554703992045,-0.33977953885457,0.454646209978998
"RGS10",0.196597673869382,0.743988537519481,0.148640987379242,0.622348263617697,0.151173718942176,0.649967003798859
"TIAL1",0.061416391960238,0.946978282166981,0.0423294159579529,0.923108484360897,0.0240871147948996,0.962340034078794
"BAG3",0.190216251840198,0.962718721338874,-0.116375210089505,0.820756688134211,-0.228884792788233,0.632481991945369
"INPP5F",-0.14130751636243,0.904784008841403,-0.142012741070974,0.730093576208553,-0.215387221842858,0.63214036138728
"MCMBP",-0.177683506464678,0.840467050491297,-0.130252418064984,0.731838330994888,-0.189753779326578,0.66079399228559
"WDR11",-0.358068873739425,0.562118039898797,-0.261125429600797,0.539909812541728,-0.321484680645024,0.376391918003978
"ATE1",-0.0837735598734667,0.920885507075657,-0.0685177503844776,0.856449746085977,-0.0981164795121271,0.812971737366058
"PLEKHA1",-0.0327113199235191,0.975727322813314,0.00196660420306862,0.996049574432636,-0.0108638807837751,0.980101463111603
"HTRA1",0.171671139878948,0.937120241257205,0.171971780644469,0.832809995674351,0.111899633494776,0.916762859743837
"BUB3",0.151521308973753,0.826114481138706,0.0983937982841974,0.777254896397835,0.122906888689254,0.739117450751539
"CHST15",-0.043238297122796,0.987165551409643,-0.067516751207052,0.905807862030204,-0.101797477535152,0.837429769891498
"OAT",0.0151146691007665,0.989924066985412,-0.059965277658637,0.892452868202711,-0.116652765275898,0.775336782443273
"LHPP",0.224541131048029,0.831586301123345,0.221401486984985,0.626375901485095,0.227592892128418,0.661101052133121
"FAM53B",0.277051559993476,0.684052758618523,0.199857109072678,0.617698893049793,0.186802046071063,0.65642344853735
"AL731577.2",-0.4944268515258,0.847164208899954,-0.446619775669657,0.743182114935525,-0.761955684111026,0.492865920176733
"ZRANB1",0.0981643242669007,0.903608037062864,0.0427148481438091,0.897123059066415,0.0333374175131043,0.937111977561015
"CTBP2",-0.0865005244304276,0.920800560535454,-0.084662879906415,0.728626054491622,-0.114123937965976,0.670884915964199
"UROS",0.364227789335988,0.607226415643211,0.288654203863049,0.539909812541728,0.356287083243323,0.396298682889274
"ADAM12",-0.422924483878371,0.836203256481455,-0.18342021072672,0.860805568863765,-0.387279809474178,0.669693275959664
"DOCK1",-0.540098339564479,0.628902509076854,-0.292732864508864,0.65216449027339,-0.407333999296507,0.562039561626728
"PTPRE",-0.43915511902105,0.684558955714022,-0.267880993689338,0.593504960339697,-0.351812871249611,0.503188932768188
"MKI67",0.66639343049967,0.8276928018909,0.665767793425653,0.638264340343377,0.537287984922753,0.729695123645453
"MGMT",0.272359652544583,0.700393778780536,0.236669637018754,0.577939110670902,0.333596175255038,0.454646209978998
"GLRX3",0.240512409495096,0.663401121515774,0.177420060430141,0.6118955526808,0.2136190010076,0.512135304242516
"BNIP3",0.221919216542874,0.915615419264746,0.0477450400266503,0.955974194500863,0.0272445562028475,0.963537188703301
"INPP5A",-0.145895339501166,0.937295590475388,-0.103027157059098,0.890152476377743,-0.115515079166481,0.883528995898572
"TUBGCP2",0.124576110812722,0.871146086444017,0.114170823514422,0.755206261592226,0.175172314461769,0.617295806842706
"ZNF511",0.41103012828446,0.628902509076854,0.291163349361116,0.539909812541728,0.358166668310463,0.257964807679234
"FUOM",0.31240281197424,0.85325053155458,0.273357026759305,0.602584390525497,0.38277233046806,0.45635154083288
"ECHS1",0.402476989002392,0.848228309522531,0.324842995646612,0.539909812541728,0.367888332466485,0.367459552110966
"PSMD13",0.331920832835168,0.620497879203569,0.22479670566465,0.574706331067518,0.298383421747527,0.454646209978998
"IFITM2",-0.00676098709970432,0.998674355631457,-0.0137776595362767,0.983479606891045,0.0233863520275309,0.980101463111603
"IFITM1",0.0953336895670927,0.987232790302631,0.0766721892377819,0.96277084031199,-0.0149761576449667,0.994575100819314
"IFITM3",-0.104987859568906,0.987168661761228,-0.0961584381699757,0.942731380000795,-0.103961209566618,0.943665754096722
"SIGIRR",-0.008259025610637,0.993545111216598,0.00864617550667381,0.983543863208774,0.0574186147144217,0.89558507860981
"RNH1",0.371328348559331,0.628902509076854,0.301199746295879,0.542842339693613,0.427920954976711,0.366678867165602
"HRAS",0.416007432650642,0.841271683568883,0.25364801663724,0.566135177186251,0.324897430740476,0.416337165345633
"IRF7",0.471790078788345,0.695012064214002,0.388058299264266,0.539909812541728,0.423476105982132,0.479741062640961
"SCT",0.229689167291557,0.952538256592388,0.106845686621696,0.944654221389336,0.0728831889210941,0.969162032696058
"DEAF1",0.175674436922509,0.871146086444017,0.174453318581274,0.707016966668684,0.191235610065257,0.695945709372814
"TALDO1",0.362941876899557,0.847763278066247,0.248238727935332,0.542842339693613,0.264510903329903,0.518056166425906
"RPLP2",0.0113808506273263,0.994202951143564,-0.0366278875420169,0.928729308407458,-0.0457926975442355,0.916996650945138
"PNPLA2",0.187051283046165,0.838228110296931,0.166361721045906,0.707054072340348,0.08257782349785,0.853526164117401
"CD151",0.384202172874625,0.90892413263569,0.310490490082409,0.6118955526808,0.368348646607593,0.510146919208901
"POLR2L",-0.0978600001190806,0.987165551409643,-0.00095700590457249,0.998806998670749,-0.0275261912025836,0.962211306578147
"TSPAN4",0.0241009025291385,0.987381297202584,-0.0152946708163858,0.975940010120607,0.00767683500510071,0.992143007283185
"CHID1",0.279784695025915,0.7720934904036,0.270478438290881,0.576859503928985,0.37542463229345,0.455988349676889
"AP2A2",0.116602212001764,0.946978282166981,0.108497571096966,0.867775140580767,0.203496720809095,0.727883969205406
"TOLLIP",0.333040445072224,0.620497879203569,0.245893686150811,0.539909812541728,0.271691956157314,0.498504670177581
"MOB2",0.316702335776964,0.667130010426893,0.239333657499236,0.58453580524573,0.311165505274071,0.492865920176733
"DUSP8",0.189452825852265,0.937295590475388,0.020249698248593,0.978226756643844,-0.000439830047672519,0.999739842870507
"CTSD",0.661130638928722,0.663974594664865,0.382547706231686,0.567754820711177,0.42228833229125,0.562754315836961
"LSP1",0.138660546995838,0.923535871787432,0.0998568592245879,0.85542852292657,-0.0486392441217839,0.932145981622832
"MRPL23",0.183213644541745,0.975195695221014,0.277338479746161,0.539909812541728,0.232666412927801,0.518056166425906
"H19",0.186664015364375,0.986136653224698,-0.0268813731294942,0.99238064627398,-0.110407273488925,0.973942463195293
"IGF2",-0.418493305145649,0.929586199191008,-0.242455388060404,0.897123059066415,-0.635856081540627,0.567886440791429
"CD81",0.509635230209736,0.809331963114266,0.301372113724168,0.638613914919712,0.409677399688255,0.537389610915761
"TSSC4",0.612061489128918,0.713703084504335,0.382917139406198,0.539909812541728,0.442298514355638,0.364381114006951
"KCNQ1",-0.130740785972136,0.937120241257205,-0.0290654918324692,0.963350368188309,-0.150848639573487,0.751308190341835
"KCNQ1OT1",-0.0337921586792064,0.987676987381042,0.0663167121664277,0.916199047574657,0.0190276450291061,0.975167068916286
"CDKN1C",0.178351816434975,0.953818277828098,0.0179929504767152,0.975940010120607,-0.0456297469390993,0.947445661086935
"PHLDA2",-0.00484678810152581,0.998674355631457,-0.0607038338779336,0.93823275282007,-0.127487920471248,0.849064773420446
"NAP1L4",0.0431282076326358,0.946978282166981,0.0433243859597886,0.87832623869238,0.0332123514807256,0.926493644917102
"CARS",0.0842237157232475,0.937295590475388,0.101091080043538,0.751821559959425,0.115581000079465,0.75098218261211
"OSBPL5",0.00354880595787873,0.998674355631457,0.0734930535227633,0.953888729015304,0.0992830429101797,0.938537216669135
"NUP98",-0.0514135876597919,0.962714897499214,-0.0208171039349212,0.961663698018687,-0.0558890904781436,0.887917708803447
"RHOG",0.270876989209459,0.663974594664865,0.19561330459846,0.602584390525497,0.256262314453703,0.514053514355839
"STIM1",0.0142556380543091,0.987676987381042,0.0251007236952072,0.95449560049921,0.0273411224572751,0.952548302434256
"RRM1",0.196002519008075,0.808311629068188,0.143413573955322,0.701636166420676,0.171070365550765,0.677246287404597
"HBB",5.51951772354379,0.635362086335881,4.28738344018399,0.542842339693613,4.49560272532112,0.455729469688749
"AC104389.5",-0.251780420595836,0.923602803613446,-0.159794720149206,0.907199956713105,-0.210769534043904,0.875703679005629
"TRIM5",0.123741549516533,0.912259746037492,0.139692207653455,0.755206261592226,0.153574543474277,0.733140110303463
"TRIM22",0.0678958352938969,0.958007726819188,0.0456555304307994,0.929818547307167,0.0781237251238711,0.876699863846491
"CAVIN3",0.0195454755416875,0.994700390530767,0.138504192254143,0.903080855887633,0.0418931824056829,0.976949166476538
"SMPD1",0.217204587009091,0.956660628690128,0.106600056641935,0.826142687326538,0.108655969108389,0.849865711971539
"DNHD1",-0.193654673967408,0.885618959136343,-0.121043467023562,0.875077046802286,-0.180909578978721,0.775336782443273
"ILK",0.157281571470109,0.802175895468196,0.135520766263502,0.692661517084304,0.176729124439419,0.640379115986451
"TAF10",0.130718875712862,0.937120241257205,0.121994355997373,0.728626054491622,0.159580582274955,0.639972620212142
"TPP1",0.0992981397559001,0.919985914487433,0.0366616078312149,0.931685760305551,0.0301229190648475,0.951715326242549
"MRPL17",0.133555998732549,0.969506256606454,0.075234946441645,0.823141670358777,0.11428961553789,0.69557035223712
"PPFIBP2",0.216192130598713,0.80566295668705,0.122660111353969,0.771102910355608,0.105933522293924,0.835540631784637
"CYB5R2",-0.428609256516042,0.908458190058852,-0.210698162881427,0.833086038015381,-0.333337966103572,0.642621820653838
"EIF3F",0.296122167260083,0.7720934904036,0.192154282336381,0.616245684561578,0.259440438940438,0.430331057882329
"RPL27A",0.0914275981024661,0.986243996198961,0.029474610911647,0.950756828849506,0.0918934779579189,0.801475140049363
"ST5",-0.187581632580172,0.921019163155975,-0.117156808148373,0.892452868202711,-0.208618913405542,0.807005377837559
"TMEM9B",0.326208070043844,0.684238272206636,0.227378787185887,0.638613914919712,0.256346261251218,0.587769749127062
"NRIP3",0.11080613329879,0.968529247878935,-0.00403350179706192,0.996266714923748,-0.0734933526536077,0.92920497760036
"DENND5A",-0.0680273769372615,0.967203858991469,-0.0935093002133101,0.823141670358777,-0.160143770403288,0.707392058164091
"TMEM41B",-0.138967726933638,0.903608037062864,-0.0566288263275149,0.906065847573787,-0.0531322625541607,0.925041708586946
"IPO7",-0.0997758089351939,0.920885507075657,-0.0834548464883229,0.835905021360007,-0.0818346221802737,0.862868032693816
"WEE1",0.195949874734621,0.924498996804901,0.0491637167359511,0.953950398414795,-0.0126130261343282,0.989193131684562
"SWAP70",0.154552695268393,0.795440606734161,0.119870681597468,0.678247655934718,0.097856760026398,0.753392468267112
"SBF2",-0.0688900241959103,0.946978282166981,-0.0423060372607568,0.901553497791501,-0.0414526750836392,0.915466250872337
"AC011092.2",-0.135024301820973,0.959266879660959,-0.0498047145811709,0.973180525785074,-0.076244305056015,0.957562802791205
"ADM",0.468494184111097,0.878233515505605,0.111446849267494,0.842762032919684,-0.00501861345960403,0.995353722869839
"AMPD3",-0.0933555979645474,0.92417531528931,-0.0758808061363021,0.863660684599785,-0.0788997390190793,0.837429769891498
"MTRNR2L8",-0.660093803454986,0.845995942306838,-0.490465623311963,0.781746921621551,-0.696403377698304,0.307928681666602
"RNF141",-0.0841495829568642,0.903608037062864,-0.0671583318560305,0.797556545994522,-0.0507021027099796,0.875894520613834
"LYVE1",-0.446399444419603,0.885213448640826,-0.190984040039895,0.879318949048446,-0.14395510501134,0.919542522552017
"MRVI1",-0.727221189155171,0.620497879203569,-0.538054479647068,0.539909812541728,-0.602471457744837,0.455729469688749
"CTR9",-0.0947308177627979,0.903608037062864,-0.0404893746684479,0.903162098034093,-0.0881267549978623,0.79074754214483
"EIF4G2",0.107833498222564,0.885213448640826,0.0470639166460911,0.885041529327646,0.0237440508260266,0.955253064145895
"GALNT18",-0.0566059177400988,0.989020511532505,0.0392969379878802,0.982567521584643,-0.155434361361123,0.93637900575043
"USP47",0.0313866176314773,0.968190410187967,0.0236202878984262,0.937067718769401,0.0416393763081996,0.888288515330587
"DKK3",-0.107673622862001,0.986243996198961,-0.091753821651481,0.946472253778321,-0.173745235705479,0.852402427152772
"MICAL2",-0.653346173322436,0.620497879203569,-0.385221832544279,0.539909812541728,-0.506500857481114,0.407296648637997
"PARVA",-0.159750980192746,0.969952634197529,-0.138649459933332,0.915782319260146,-0.263065567266756,0.807988980075664
"TEAD1",-0.0585375495897373,0.987232790302631,-0.0215257900481636,0.982567521584643,-0.167088103660569,0.848176042869407
"BTBD10",-0.132342055321865,0.858670945420424,-0.0942719776131456,0.813747570349955,-0.102354144293496,0.82591843900154
"FAR1",-0.0503327391358844,0.94801751582644,-0.0676340205523216,0.803248789697863,-0.103888688844816,0.731331442054184
"SPON1",-0.000169237558591394,0.999963380658618,0.0262793493810133,0.98706524090344,-0.190553452765012,0.912541687465855
"RRAS2",0.556340072863598,0.756024783939142,0.383324648229403,0.689380545295917,0.350994764805764,0.709763319203563
"COPB1",0.0444571936241812,0.968529247878935,0.049583882059521,0.89437414101352,0.0502273167625206,0.899181418189796
"PSMA1",0.138303739129302,0.850765417220173,0.120776558171414,0.727878132068755,0.15304991576308,0.661047764554629
"PDE3B",0.128970468308473,0.912259746037492,0.0738606785975337,0.879318949048446,0.134742222072129,0.750059973571622
"INSC",-0.517857354483267,0.882264046366445,-0.345547124466943,0.791199639106284,-0.452857155049648,0.702430088102267
"SOX6",-0.618937194858889,0.713703084504335,-0.424506591133725,0.59186078503092,-0.567212672967518,0.473493734259366
"C11orf58",0.106083080976826,0.872171835439476,0.0724258039547554,0.820756688134211,0.0786112607502374,0.834800523327559
"PLEKHA7",0.193062413558798,0.915615419264746,0.127951847700358,0.865887045284762,0.134528109518046,0.860190911861655
"RPS13",0.100961253629912,0.98469852697543,0.0183720375109662,0.968335359712799,0.0274903326163033,0.952219368330894
"PIK3C2A",-0.11190192287392,0.847763278066247,-0.0757918991072928,0.805882240027355,-0.0981282848512374,0.771112365450846
"NUCB2",0.143191822742627,0.946978282166981,0.0821786992934403,0.86822983131918,0.178649859544658,0.56122308555548
"NCR3LG1",0.206054661309861,0.92417531528931,0.155611625258939,0.855616970453911,0.153654614170683,0.830427113185978
"SERGEF",0.325216797821523,0.705996054562018,0.258794635302231,0.631242211828419,0.340657813952886,0.55987109229781
"HPS5",0.0577185080345356,0.937295590475388,0.0369293644182333,0.916199047574657,0.0363560379364517,0.918553403979254
"GTF2H1",0.0687239699429186,0.94640054668399,0.0610059150626903,0.879752666201422,-0.00239392729614561,0.997113640321465
"LDHA",0.510956751685109,0.628902509076854,0.33669166192781,0.539909812541728,0.466246280501376,0.307928681666602
"TSG101",0.144836825605691,0.863283423432487,0.106138087459502,0.794635704147709,0.152152149318338,0.66079399228559
"SPTY2D1",-0.0096340522962143,0.990850390543415,0.0110909152770667,0.981281389473242,-0.0211086173366904,0.974809843684223
"NAV2",-0.774610966277224,0.700393778780536,-0.538858454068407,0.668204455775168,-0.71098488204497,0.54879683697825
"HTATIP2",0.264002804016717,0.893444984138234,0.126858381359833,0.790067916621749,0.261554921392702,0.53343481555173
"PRMT3",-0.162899831332301,0.831586301123345,-0.102434586054585,0.792632874975668,-0.182300607132621,0.65642344853735
"SVIP",-0.29603683212738,0.903608037062864,-0.251820431651773,0.539909812541728,-0.308036420035942,0.415448111029357
"LGR4",-0.348206873731133,0.700393778780536,-0.251027074923901,0.675806956804428,-0.319854722443643,0.618310367784815
"BDNF-AS",-0.633520578438211,0.620497879203569,-0.453973249994489,0.539909812541728,-0.635400020537786,0.364381114006951
"METTL15",-0.0399865646581606,0.982970545336331,-0.0127934017041709,0.981281389473242,-0.076755436171575,0.876952946308714
"ARL14EP",-0.105871337628305,0.897129444505265,-0.113716138683578,0.712661164701235,-0.14224199877037,0.688688102106642
"MPPED2",-0.786853397207365,0.807686770704022,-0.35770746619242,0.779438129722726,-0.468899682262372,0.693548204131988
"IMMP1L",-0.309795209009703,0.620497879203569,-0.220569233167802,0.567636892317067,-0.314238293584814,0.441384111538575
"ELP4",-0.231002847225662,0.713703084504335,-0.153776873236094,0.703986373319257,-0.213850685542671,0.623631194185174
"RCN1",0.517579244557717,0.743641475921582,0.313506874365172,0.539909812541728,0.409595859377783,0.307928681666602
"EIF3M",0.190428820463798,0.845460943772112,0.148397235933873,0.755206261592226,0.231866533418243,0.553933489292897
"PRRG4",0.463905531897236,0.700393778780536,0.31468000837458,0.675806956804428,0.507106531441355,0.441384111538575
"QSER1",-0.0788342145757428,0.920885507075657,-0.0624636417634273,0.85542852292657,-0.0834755346949352,0.829309687795442
"CSTF3",-0.208594510847786,0.705508013829458,-0.149275083669913,0.655885041836434,-0.211001031507893,0.468140187860629
"HIPK3",-0.00146182572358738,0.998674355631457,-0.00563965911563228,0.985377115340074,-0.0167680615492144,0.972307092716559
"CD59",0.000319395775501732,0.999963380658618,0.00685497525103156,0.986357352470941,-0.0567131549108174,0.895389060587653
"LMO2",0.0579220899244097,0.972747459822463,0.0377429493118715,0.959677115662982,-0.0210645386622978,0.979207899684523
"CAPRIN1",0.029833873803679,0.984220501986375,0.0156174102791852,0.973528437650212,0.0285835561495667,0.95849484221556
"ABTB2",-0.840160147554611,0.655064704728957,-0.580499937009723,0.603185918088498,-0.915463000145649,0.345329429507274
"CAT",0.385716554570334,0.620497879203569,0.252178946930131,0.592361391573153,0.341322550986422,0.396298682889274
"APIP",0.0961787535061306,0.968529247878935,0.0341551680470469,0.962866185703775,0.0594031849766428,0.916996650945138
"CD44",-0.164966936436978,0.878979008836662,-0.144722984136993,0.736044434233638,-0.18758492898039,0.674363867120955
"SLC1A2",-0.38847074421352,0.847763278066247,-0.293230954426192,0.757215489546486,-0.420478736282397,0.635630814036157
"FJX1",0.264418262729762,0.943083225919622,0.220911234779774,0.79501289785789,0.138372464254656,0.89558507860981
"TRIM44",0.0167249478643253,0.987060796028084,0.0102830063927192,0.974061650661939,0.00626748359235194,0.989193131684562
"LDLRAD3",0.0634979956865848,0.985300777881201,0.0483690927984049,0.963632023564318,0.24413920015987,0.729695123645453
"COMMD9",0.264027301722001,0.615910607717767,0.217330579325907,0.539909812541728,0.239303080628842,0.45302615241231
"LRRC4C",-0.652547872184873,0.816588549579573,-0.42314149127331,0.750304065506332,-0.60460822107009,0.584982212025935
"TTC17",-0.0628400546521346,0.928897568430517,-0.036195900938035,0.897123059066415,-0.0831978979578584,0.763653082700191
"HSD17B12",0.0588766387138538,0.968529247878935,0.0451822984991456,0.912200558994985,0.0087513267575041,0.98901636070263
"C11orf96",0.300001883929467,0.943454646328941,0.0135124619769737,0.98894577263189,-0.17417337213513,0.837429769891498
"EXT2",-0.0182899176990625,0.987676987381042,-0.000402140851654995,0.99967840875972,-0.0267586785972462,0.965835238935591
"CD82",0.266480004540873,0.891570953693957,0.16354466900115,0.761732633664525,0.0983017945990113,0.883528995898572
"TP53I11",-0.155547111526823,0.937295590475388,-0.116311302345583,0.885041529327646,-0.263902107950973,0.710089838262797
"CHST1",0.346055738811095,0.915615419264746,0.180675009547932,0.882796185416272,0.367452263622467,0.72114752113053
"MAPK8IP1",-0.793621668169604,0.794910857306378,-0.671906851409076,0.619039507055099,-0.864433209395822,0.503188932768188
"PHF21A",-0.211154607271758,0.759826927228271,-0.176326230113642,0.6118955526808,-0.243247845947128,0.510146919208901
"MDK",0.717643470601041,0.838228110296931,0.606646123782626,0.539909812541728,0.648356845487701,0.498504670177581
"AMBRA1",0.143967182520457,0.909991992195616,0.092833494485505,0.876915417348679,0.0666919664339017,0.924094511655778
"ARHGAP1",-0.0554854268519431,0.964219314381286,-0.0268765659034287,0.955974194500863,-0.0244860572266569,0.961530643332731
"CKAP5",-0.119366994771666,0.906869631745234,-0.073918908517985,0.877421130655106,-0.0524951317708347,0.914685256526293
"C11orf49",0.173524159228539,0.886428075551855,0.186287874434955,0.712661164701235,0.16299356267674,0.790809949886747
"DDB2",0.169560681708572,0.845460943772112,0.153085655088378,0.707054072340348,0.0962733141798973,0.841781763256927
"ACP2",0.412990591932401,0.672245313884693,0.295626563931203,0.611366863114911,0.432458082338546,0.437992645675782
"NR1H3",0.474484563103937,0.620497879203569,0.368751378928476,0.539909812541728,0.544406379833865,0.341998100599396
"SPI1",0.258161094466955,0.671116672823617,0.211823363415207,0.539909812541728,0.213462176100365,0.52344642197819
"AC090559.1",-0.113070394474359,0.916339396900937,-0.0718287486767861,0.823141670358777,-0.0970838249841813,0.783532610976513
"PSMC3",0.341860042720896,0.876796771935752,0.23028800029578,0.539909812541728,0.267442754629774,0.477953424986133
"CELF1",-0.111577525140155,0.885213448640826,-0.0760374390558968,0.809613917200381,-0.118379488958564,0.69889736173682
"NDUFS3",0.284015342604424,0.915615419264746,0.182842301785037,0.593504960339697,0.231480640039945,0.518056166425906
"PTPMT1",-0.17164611147032,0.967203858991469,-0.166589650135579,0.680554703992045,-0.129771283204105,0.631383103629534
"MTCH2",0.0877366862803611,0.886616212943478,0.0615826508033519,0.831585683331886,0.0917303466615254,0.749855507789531
"FNBP4",0.093153503240176,0.886617324741233,0.0730219988305175,0.790067916621749,0.0493258573460282,0.890881439534861
"NUP160",0.0255186027922966,0.987168661761228,0.00945318259914437,0.982567521584643,-0.0304492574610091,0.95559684973249
"PTPRJ",0.0897597209664022,0.937295590475388,0.101881783262632,0.810628724054337,0.126103505958885,0.75070515447857
"SSRP1",0.271062118148978,0.820584191719364,0.105194782185131,0.733628239281182,0.141156882983998,0.645874601429332
"SLC43A3",0.0336833648815688,0.986740807946813,0.000654855860996522,0.999188751903088,-0.0163550207299133,0.977649323251274
"TIMM10",0.225047699609085,0.954749851012742,0.207644742686232,0.565951168967911,0.272381590825852,0.427789007407824
"UBE2L6",0.471479576407249,0.620497879203569,0.337035603695744,0.539909812541728,0.386217289242858,0.462385571528939
"SERPING1",0.399222964786705,0.847164208899954,0.23879635815003,0.73101121462528,0.330155164521819,0.646736088217769
"TMX2",0.130698951777467,0.831586301123345,0.104505915383679,0.728626054491622,0.127543489167392,0.674363867120955
"SELENOH",0.122045666111785,0.915615419264746,0.100958605150515,0.716332216182705,0.0781648605423654,0.815445125135707
"CTNND1",-0.450120356426124,0.585154410769659,-0.310006399588373,0.539909812541728,-0.376644520069998,0.376391918003978
"LPXN",-0.102343741003575,0.937295590475388,-0.0749163220754039,0.891507633403955,-0.183025455217462,0.669306105076811
"ZFP91",0.0653300309640129,0.937295590475388,0.0317902997902228,0.935421184648312,-0.0118984601254287,0.977633779291268
"CNTF",0.0568351550659807,0.987676987381042,0.104679805993372,0.923493171039234,0.032908363738422,0.979207899684523
"AP001636.3",-0.148143018536406,0.915615419264746,-0.111223598818935,0.877349794479147,-0.0736952216459477,0.930490205989391
"FAM111B",0.28960501604556,0.95066863106352,0.259030522498981,0.820756688134211,0.259794387769462,0.848456156311108
"FAM111A",-0.0346675157199791,0.972747459822463,-0.0227714056066098,0.961663698018687,0.00337505743666344,0.995773281816741
"MPEG1",-0.575937017135351,0.620497879203569,-0.416852441926024,0.539909812541728,-0.591179041773572,0.364381114006951
"OSBP",0.228211273430067,0.629371590198601,0.184479828598712,0.539909812541728,0.191392121122807,0.52344642197819
"STX3",0.115292968719659,0.872171835439476,0.0686683474368056,0.848926626708164,0.023145460440184,0.961968934650855
"MRPL16",0.0669227250389081,0.967203858991469,0.0679106762981113,0.894279347614065,0.0937720131616952,0.837429769891498
"MS4A6A",0.112485050184095,0.937295590475388,0.075880691327567,0.894437808342616,0.184319088663487,0.673601444674556
"MS4A4A",0.159549471658893,0.883619215663686,0.159151649370046,0.712661164701235,0.216422355940351,0.639972620212142
"MS4A7",0.0115936101720063,0.990966923882266,0.0717899022320518,0.870765190363925,0.0926938089595412,0.819404388860613
"MS4A14",0.116527282100413,0.920885507075657,0.117391662323898,0.781746921621551,0.136765943860494,0.768245000954006
"MS4A1",-0.75743727649706,0.795440606734161,-0.380689981573885,0.791438454835134,-0.264529873507403,0.858851705005255
"TMEM109",0.314174896817298,0.906869631745234,0.137230978297317,0.790067916621749,0.0969713184098598,0.877069431682963
"TMEM132A",0.225603311876647,0.959248300621966,0.16778579764245,0.882550819749609,0.100458743472176,0.938245432373051
"SLC15A3",0.0986436081635408,0.920885507075657,0.0262970650976637,0.95565153722071,-0.00323615897470164,0.995952806686825
"CD6",-0.425670606460322,0.795440606734161,-0.290501750436048,0.726006500711524,-0.381408837222455,0.685511798317414
"DDB1",-0.00768310300372049,0.989701309603352,-0.0141682313092811,0.964791937692933,-0.0506424823496702,0.877069431682963
"TKFC",-0.0204979091860583,0.987676987381042,-0.0041914739299205,0.994111893424054,-0.0685861100225522,0.896987088212181
"CYB561A3",-0.125029500627268,0.937120241257205,-0.086762838370182,0.894114216309383,-0.194686694787724,0.751636540376963
"TMEM258",0.0377825903685619,0.990850390543415,0.0363213637490873,0.917723880271466,0.0412865996156118,0.922709833813539
"FEN1",0.325386948217911,0.915615419264746,0.205565663829374,0.713246135769724,0.224087436133447,0.729695123645453
"FADS2",-0.518469669090317,0.740956428327799,-0.396441344017179,0.640296170376593,-0.558618716523521,0.455729469688749
"FADS1",-0.345328309655442,0.635362086335881,-0.253834170409212,0.562788400441728,-0.349052062495168,0.380664680608798
"FADS3",0.0868734146514044,0.975727322813314,0.0108176986076244,0.9861665900331,-0.108226196948218,0.831013666506075
"RAB3IL1",-0.146873448848694,0.937497297520597,-0.0274817846771173,0.968736910528144,0.0030068121912769,0.99774736540395
"BEST1",-0.185144610927478,0.886616212943478,-0.0801827318414173,0.890152476377743,-0.12598160433576,0.821311436180363
"FTH1",0.0601551285363671,0.986243996198961,0.0410608483225978,0.93914373777039,0.0525817013880775,0.919542522552017
"ASRGL1",0.0550294351238246,0.986243996198961,0.0539089783171059,0.95565153722071,-0.0655049406671452,0.941651068057134
"AHNAK",-0.0938827335375603,0.968529247878935,-0.154941647699436,0.707016966668684,-0.135451736510111,0.76212579917122
"EEF1G",0.433029843030101,0.794511475184592,0.262976138122129,0.539909812541728,0.372057470865325,0.364381114006951
"B3GAT3",0.311777811989142,0.633461558848371,0.236063064998162,0.576859503928985,0.271102380407168,0.555500932814753
"GANAB",-0.0314938809929096,0.969952634197529,-0.0221749169135834,0.950352759818587,-0.0534604614419532,0.869793185908311
"CSKMT",-0.507529316367489,0.615910607717767,-0.393930327425814,0.539909812541728,-0.552260700725543,0.307928681666602
"UBXN1",0.345125289597974,0.700944504739508,0.26434120552594,0.565951168967911,0.40264731907706,0.364381114006951
"BSCL2",0.235224898861033,0.831586301123345,0.159317868791454,0.712661164701235,0.156628534756359,0.757110439724718
"HNRNPUL2",0.0796422959851396,0.916339396900937,0.0250976037695468,0.950352759818587,0.0304319859722086,0.94172063964408
"POLR2G",0.108452954686298,0.978731255112132,0.0703623331498126,0.825928810266268,0.105985836575458,0.756429467510776
"TMEM223",0.0618363969097301,0.968529247878935,0.0627644355665356,0.894437808342616,0.154826428570002,0.703913696755257
"TMEM179B",0.0759561745374328,0.925458422228106,0.0999966929095732,0.730245999349297,0.145860609322515,0.626483070625434
"NXF1",-0.142182932041683,0.906869631745234,-0.135616417233843,0.756959699570331,-0.278838659588719,0.376391918003978
"AP001160.1",-0.0877787050881416,0.986243996198961,-0.0185304584790704,0.99004589809332,-0.303688881612496,0.692443850386734
"WDR74",-0.333573395611703,0.620497879203569,-0.270824593678023,0.539909812541728,-0.320642009620269,0.376391918003978
"SNHG1",-0.215479985006506,0.663974594664865,-0.147443659579728,0.638613914919712,-0.22388771159845,0.49710277555272
"SLC3A2",0.661922579837058,0.562118039898797,0.405682404678648,0.539909812541728,0.401678573548354,0.376391918003978
"PLAAT4",0.435566238370243,0.888570841393027,0.341610441508304,0.539909812541728,0.346223601796717,0.503188932768188
"PLAAT3",0.187027053372734,0.831586301123345,0.111559029363661,0.705610344257016,0.0970769858231408,0.774249437804601
"ATL3",-0.0686921338319871,0.937120241257205,-0.0681237676530822,0.824951711941929,-0.0168999263991445,0.96749032534522
"RTN3",0.144053253661204,0.878233515505605,0.114304063250285,0.75858279830278,0.126458532806738,0.749855507789531
"COX8A",-0.00801249872949062,0.998578320732226,0.0536117289057313,0.877596807432083,0.0389693100158683,0.924094511655778
"STIP1",0.129093606488579,0.937295590475388,0.0196481428138458,0.973528437650212,-0.00259984972778276,0.997535500882844
"FERMT3",0.154977960165503,0.841271683568883,0.149993383951228,0.655516967718768,0.109057428617193,0.760378264086355
"NUDT22",0.162218787530207,0.773839354078259,0.139789689837289,0.652754646020219,0.170639810076833,0.627393320038457
"DNAJC4",0.338228934535172,0.628902509076854,0.256897327275245,0.546717350039978,0.352292216681587,0.376391918003978
"VEGFB",0.320783674482007,0.80533890411338,0.27102128090577,0.693726440319481,0.301030364518239,0.659522181455106
"PPP1R14B",0.331126401672255,0.886617324741233,0.21859228658991,0.577660339563635,0.316457778937998,0.376391918003978
"BAD",0.257732894643154,0.882264046366445,0.209882085598929,0.539909812541728,0.237963713633202,0.510146919208901
"TRMT112",-0.128643187697945,0.984392197018604,-0.0745297167551674,0.844929496863613,-0.112698257581251,0.751636540376963
"PRDX5",0.0627708918677422,0.987676987381042,0.139368675827131,0.666673305112669,0.155727874019638,0.666247365289957
"RASGRP2",0.0664378325451981,0.969952634197529,0.0535433167309111,0.931653064791714,0.0654454629242494,0.924455285682511
"SF1",-0.004306070897145,0.993039382491997,-0.00659001444968534,0.982567521584643,-0.0202207166284047,0.962220442527391
"EHD1",0.117146885260626,0.947261053507097,0.0404105378129441,0.950352759818587,0.000751470877908893,0.99948530430867
"ARL2",0.246332773426563,0.961059654169002,0.274381364850219,0.565951168967911,0.336519610976386,0.478235658002261
"SAC3D1",0.194280011262772,0.951617778171382,0.0755529744724154,0.902620720586164,0.187863837157599,0.751145224801179
"VPS51",0.36821716809797,0.635174331459082,0.297440865454768,0.539909812541728,0.331947608702642,0.495535954636583
"FAU",0.0950546708168452,0.986136653224698,0.034595389337406,0.934298675323455,0.0592981653803282,0.876952946308714
"CAPN1",0.349135765888389,0.620497879203569,0.272727968796834,0.539909812541728,0.283374281467437,0.518056166425906
"CDC42EP2",0.571796229138861,0.672245313884693,0.363322026549531,0.565951168967911,0.409068873396739,0.485138356515192
"FRMD8",0.0710240432080012,0.94773109868261,0.0600793782715919,0.879318949048446,0.00927585085524863,0.986446389626677
"NEAT1",-0.0495917139404223,0.985422814264547,-0.0343594531639051,0.950756828849506,-0.0530030446865416,0.909927751862353
"MALAT1",-0.139855349747514,0.943083225919622,-0.0752994782693646,0.86055599668641,-0.110000012520503,0.806345549179156
"SCYL1",0.396836663853645,0.59030874370855,0.287534511248979,0.539909812541728,0.294071158659736,0.453821288757609
"LTBP3",0.39146242294484,0.847763278066247,0.210926566123582,0.602584390525497,0.162039504090419,0.699634598786394
"FAM89B",0.531346291003431,0.680899517809706,0.282141148583164,0.539909812541728,0.38068069750844,0.307928681666602
"EHBP1L1",0.243305013233269,0.672194521709824,0.194431865583016,0.567754820711177,0.171352325530163,0.643946550076799
"MAP3K11",0.173384604294785,0.811879269103194,0.128225705354437,0.728626054491622,0.0830310641777628,0.849971664046083
"SIPA1",0.412491916288837,0.635362086335881,0.290663440034227,0.60350890893634,0.306265639244143,0.627393320038457
"RNASEH2C",0.0992077215669189,0.978916937415713,0.146468648537359,0.694207620665764,0.178148050620137,0.663353740204739
"CFL1",0.312635513364497,0.903608037062864,0.224481969651094,0.539909812541728,0.246653510424373,0.406317645003979
"EFEMP2",0.473998502499354,0.877132886555714,0.299733848026809,0.714486780209112,0.154362385890788,0.868416651730548
"CTSW",0.442076533313006,0.847164208899954,0.30418682510706,0.757215489546486,0.137234995254172,0.899181418189796
"FIBP",0.318647234258804,0.920885507075657,0.264662562127853,0.565951168967911,0.362895796494754,0.414448015744506
"CCDC85B",0.343494243971318,0.898622648526422,0.170078010135658,0.662968147963699,0.171806612344408,0.677246287404597
"FOSL1",-0.0011298047284479,0.999861953973754,0.0796428315355353,0.879318949048446,0.0352149273905697,0.957416828868268
"DRAP1",0.146765777756257,0.949591008943738,0.0915540161782985,0.732900498693472,0.0722305866887762,0.830278497542291
"BANF1",0.0142033004829207,0.993039382491997,0.0300264927061226,0.944654221389336,0.0273179283458057,0.951869325101586
"CST6",0.453411850590718,0.920800560535454,0.454629148569034,0.539909812541728,0.651588752060449,0.271754239405015
"SF3B2",0.167980364439101,0.756024783939142,0.112477394053729,0.726008162470312,0.147601416279148,0.649967003798859
"PACS1",-0.00849452059717381,0.990850390543415,0.026356612696487,0.946443685366716,0.0243422450875724,0.957386130228933
"RAB1B",0.132380028573382,0.935479761500471,0.0688230357206817,0.755206261592226,0.0357026418104938,0.907227152174562
"YIF1A",0.14964845008491,0.968529247878935,0.0837342657527865,0.806409740187469,0.122408705562396,0.739079681071512
"B4GAT1",0.147335407807396,0.972747459822463,0.0470173924322066,0.957810913092003,-0.00135786636027228,0.999340717235879
"MRPL11",0.0578396850835365,0.987676987381042,0.108904671909555,0.73101121462528,0.166757907070933,0.562754315836961
"CTSF",0.339317168101241,0.908458190058852,0.13985370450441,0.796219959991913,0.105409268215178,0.867031668772577
"CCS",0.190082791566997,0.794910857306378,0.17406264743014,0.638613914919712,0.224452151767379,0.578548303953289
"RBM4",0.230427297414609,0.663974594664865,0.181068666707063,0.593504960339697,0.167374250702661,0.62915730044559
"C11orf80",-0.191817694066051,0.915615419264746,-0.10914502491575,0.910792859497578,-0.129416456045978,0.90664230403665
"PC",-0.204311759223883,0.924498996804901,-0.0771308117638417,0.940653504198601,-0.190731536223537,0.795852028600715
"KDM2A",-0.0731898845952041,0.946978282166981,-0.0467541766660982,0.887873926895584,-0.105536044793746,0.732182402937651
"GRK2",0.0756346882984951,0.95447944680899,0.0391671323614609,0.950352759818587,0.00414492094542747,0.996315324591452
"RAD9A",0.118728038232241,0.937120241257205,0.122215057268285,0.811003392445953,0.126605156039799,0.772624969369292
"POLD4",0.0767259203173012,0.945421051661546,0.100452943962003,0.774038913251,0.130340705272345,0.749292653756677
"CLCF1",0.305608249606739,0.871856176863231,0.174985647425554,0.813747570349955,0.165640445530125,0.844776065828827
"PPP1CA",0.352565686969388,0.788355766027646,0.253501849783509,0.567636892317067,0.308691210746389,0.45494131779146
"CORO1B",0.442245238336018,0.633461558848371,0.322683724748436,0.576859503928985,0.303742714939759,0.594301230245286
"TMEM134",-0.0485917346049806,0.951610900208567,-0.0060301880352411,0.984298346154552,0.0219673156697596,0.957562802791205
"AIP",0.183057974465567,0.963854740669037,0.126831355758211,0.744385028749195,0.189512881731934,0.65642344853735
"CDK2AP2",0.0131909204693787,0.994202951143564,0.0603875928040528,0.839356517814563,0.0670694034329778,0.830278497542291
"GSTP1",-0.0288021914278267,0.993039382491997,0.0545277213783849,0.894437808342616,0.0855538613892518,0.830278497542291
"NDUFV1",0.394467012187757,0.620497879203569,0.308772423764402,0.542842339693613,0.372903081646502,0.455988349676889
"ACY3",-0.0870199144542321,0.987676987381042,0.109315580734826,0.962866185703775,-0.294728328465489,0.850173416597071
"UNC93B1",0.370303034138829,0.620497879203569,0.276029257088046,0.565951168967911,0.310949289503831,0.521835404394511
"ALDH3B1",0.114629820687422,0.887855759977428,0.082407421230842,0.825928810266268,0.106781012529525,0.802467511404704
"NDUFS8",0.194130896643127,0.925845604602159,0.143115078549076,0.703851799611006,0.164562376239122,0.690216279468999
"TCIRG1",0.458107142308131,0.59030874370855,0.367516544505012,0.539909812541728,0.430111930627831,0.376391918003978
"CHKA",0.388691833088905,0.684558955714022,0.300430864309637,0.6118955526808,0.188857069625061,0.699169202663262
"KMT5B",-0.00133604124744542,0.998578320732226,-0.00714397031434399,0.981281389473242,-0.00269220882401445,0.995773281816741
"C11orf24",0.183138098382434,0.9117360607865,0.0444797166002202,0.892452868202711,0.00519409363249891,0.992577129869039
"PPP6R3",-0.0575847464521023,0.946978282166981,-0.0609983568190009,0.806409740187469,-0.0811326309152649,0.771400103797342
"CPT1A",0.43454505166699,0.781913752028351,0.293748100193914,0.675699955475318,0.61430911059743,0.298058004677488
"MRPL21",0.129693073483623,0.96977766296336,0.113745326122524,0.712661164701235,0.171851697681301,0.555138188483905
"CCND1",-0.24340750993246,0.943083225919622,-0.165126430621941,0.819651123007178,-0.240637818447628,0.756877884706686
"PPFIA1",0.174347082938786,0.756024783939142,0.130335441738238,0.670847565704637,0.125463125373185,0.693237967224355
"CTTN",0.0447372237616133,0.988962010382078,0.00562582053274031,0.996322269070203,-0.0876487321878534,0.945988667273006
"NUMA1",-0.0418115435098815,0.968529247878935,-0.0397433421135532,0.911104990632369,-0.0758271782332631,0.834800523327559
"LAMTOR1",0.197926371032071,0.756024783939142,0.143745090366673,0.682769929955018,0.183024536620609,0.583209173018713
"ANAPC15",-0.0704036148410956,0.987165551409643,0.0301423925377523,0.947522425797012,-0.00774618950015027,0.989130638310446
"PDE2A",0.479208905648221,0.836203256481455,0.376277139862941,0.707016966668684,0.386146339225011,0.705286173072981
"ATG16L2",-0.0542780874263802,0.971451837798876,-0.018030002930776,0.975491710400042,-0.0784371918046662,0.887642307226908
"FCHSD2",0.0569516350609095,0.950581525806333,0.0497095613423151,0.882796185416272,0.0757496161047235,0.800759848264319
"ARHGEF17",-0.0223883782631144,0.993545111216598,-0.0477112605531463,0.975491710400042,-0.223353963253389,0.850528862597749
"RELT",8.74008895945426e-05,0.999963380658618,-0.0159353723085452,0.975940010120607,-0.0756637602560324,0.867359446447989
"FAM168A",-0.198152918532845,0.819067166929882,-0.12344730864998,0.75199825351363,-0.172602887150748,0.676872191446192
"PLEKHB1",0.108609074196575,0.987165551409643,0.181116048452885,0.768239292111389,0.125531020499996,0.868358861117531
"RAB6A",-0.0857604344385494,0.937120241257205,-0.0596516365018138,0.879318949048446,-0.013929914298868,0.977987747863683
"COA4",0.0215086630793113,0.987381297202584,0.0476412463454157,0.890616410042787,0.0590208322386415,0.861108344555185
"UCP2",0.500504355348421,0.615910607717767,0.340279307871114,0.565951168967911,0.435173527627805,0.448229546449803
"C2CD3",-0.133569041138897,0.892539999642562,-0.0811616379104617,0.867775140580767,-0.151706009302787,0.737911625244294
"PPME1",0.271074039756606,0.743988537519481,0.201055131911118,0.638613914919712,0.195137104941193,0.669306105076811
"P4HA3",0.3394614343897,0.848228309522531,0.284960467888345,0.763121519273086,0.384330334443644,0.71233550026931
"PGM2L1",0.22594993478935,0.86918309088418,0.134936780322105,0.820805534168489,0.165614552149498,0.760443381154284
"KCNE3",-0.232424485563361,0.78597632581002,-0.203497570965409,0.603662557624495,-0.191731236296373,0.610364968373009
"RNF169",-0.0975863952070119,0.903608037062864,-0.0275071001509834,0.951921041926033,-0.0117239976068989,0.981938514455922
"XRRA1",0.0967132293490188,0.978916937415713,0.147531580992692,0.901553497791501,0.148436818705627,0.867739047397191
"SPCS2",0.235220305434634,0.834869989317809,0.135598137909414,0.682769929955018,0.179110454061804,0.594301230245286
"SLCO2B1",-0.248929048953324,0.743988537519481,-0.172944645354001,0.635116598030598,-0.227400437421388,0.534389644897746
"ARRB1",-0.0147519538864872,0.989924066985412,0.00242934940289684,0.996322269070203,-0.0324995478913325,0.964953305857239
"RPS3",0.210922040050787,0.945421051661546,0.120644667499166,0.707016966668684,0.165847106361654,0.570453357692432
"SERPINH1",-0.0384237823715201,0.989924066985412,-0.197281902358316,0.760448321718043,-0.287064089745198,0.538950023623525
"UVRAG",-0.120894701016706,0.847763278066247,-0.101434661019479,0.722227383026582,-0.153009448989855,0.629619559029358
"EMSY",-0.0845524037915457,0.923602803613446,-0.0652239598940145,0.868346873746697,-0.0717370921623893,0.869793185908311
"LRRC32",0.37487427420441,0.904494265063236,0.11699945302225,0.904840712666796,0.114109338063603,0.914685256526293
"ACER3",0.118032401224154,0.858670945420424,0.0993766063871062,0.712661164701235,0.111276370292841,0.676872191446192
"PAK1",0.039991204210349,0.972176191549292,0.0445796623544655,0.916199047574657,0.00697908982862085,0.992015271357945
"CLNS1A",0.193707411707089,0.841271683568883,0.140185351437453,0.757215489546486,0.220036203992997,0.614157039248407
"RSF1",-0.0138804437000474,0.987676987381042,-0.0221180741799136,0.951722449221458,-0.0190995935271008,0.959474258974623
"AAMDC",0.0387088350306069,0.975727322813314,0.0701433059239964,0.868346873746697,0.125774933789011,0.763707435895768
"NDUFC2",-0.00929176184836255,0.997223279837635,0.0269460206672021,0.946118977935743,0.0402939785447004,0.909927751862353
"GAB2",-0.0970680881343985,0.913005767373679,-0.077794360300966,0.809907528930234,-0.11280611921697,0.75070515447857
"NARS2",-0.220314615874886,0.732041954624041,-0.14341077709953,0.697102926257961,-0.187449619733719,0.648991108605065
"TENM4",0.352241727787818,0.740956428327799,0.2754809916691,0.64689033572854,0.456881885649326,0.454646209978998
"PRCP",0.0853367220527946,0.919985914487433,0.0821972121569212,0.820756688134211,0.0564824893079555,0.900216596874957
"RAB30-DT",-0.291455832038743,0.620497879203569,-0.205670502087238,0.539909812541728,-0.237676336323655,0.454646209978998
"PCF11",0.00523973500197993,0.994202951143564,0.02241495480333,0.966096390487327,-0.023693599143414,0.95848592426938
"CCDC90B",-0.00685408178180006,0.991786406916107,-0.013818698369076,0.973180525785074,0.0180609008784513,0.971582780865488
"DLG2",-0.334055107438475,0.663401121515774,-0.217757216527744,0.730245999349297,-0.367513141830323,0.562754315836961
"TMEM126B",0.0243849687420654,0.982970545336331,0.017443637277723,0.96277084031199,0.0274723408039116,0.943665754096722
"TMEM126A",0.0253096002534623,0.987168661761228,0.0298991229831676,0.950443368715465,0.0357313343945416,0.938766652604252
"CREBZF",-0.104990435850243,0.932284171534597,-0.0869094982595917,0.865887045284762,-0.115889880744256,0.830278497542291
"SYTL2",-0.082104242346042,0.977922694820062,-0.064141427432591,0.961663698018687,-0.00869965633090612,0.995952806686825
"PICALM",0.109354124642436,0.915615419264746,0.0479714480631979,0.899623541499922,0.0171882413418527,0.973046066546357
"HIKESHI",0.0195549066656469,0.987381297202584,0.0237899858932999,0.963350368188309,-0.0072909081718055,0.99029662861262
"ME3",0.408482652283436,0.849878078933592,0.347513696518356,0.726008162470312,0.574529531364096,0.585120099445941
"PRSS23",0.0050934971034462,0.99920062062974,-0.00659233899495218,0.996322269070203,-0.117841144165553,0.943470285236283
"FZD4",0.227486547221374,0.943948314842885,0.13568327754569,0.90457646502454,0.155536782015663,0.908239338742661
"TMEM135",0.214440372357081,0.86918309088418,0.128718521685146,0.863660684599785,0.280849068237122,0.666696927518615
"CTSC",0.294623671344345,0.695012064214002,0.211795449987686,0.619039507055099,0.307236279547163,0.427789007407824
"CHORDC1",0.0569289650578695,0.979937087517268,-0.016540758869722,0.980000233091819,-0.056587845320192,0.936418953465064
"SLC36A4",-0.0784928863644791,0.938253196647939,-0.0907039172997087,0.73101121462528,-0.0956585298233475,0.757986251845624
"SMCO4",0.425978322597427,0.674893276948019,0.234680437013504,0.683371735931916,0.441658320638764,0.372592078753497
"TAF1D",-0.0635182187932197,0.947261053507097,-0.0496795553126663,0.897123059066415,-0.0659562078923497,0.877652576199105
"C11orf54",-0.080458776594201,0.947261053507097,-0.0281956295654641,0.962715960888231,-0.0480130630669054,0.934885915925458
"PANX1",0.126002589756374,0.946978282166981,0.200785235879771,0.610562468549926,0.151540461539576,0.707392058164091
"AP002784.1",-0.0812218559244549,0.983894524124084,0.0156445513546605,0.987452783543134,-0.0545297781847927,0.957562802791205
"GPR83",0.401777102042531,0.937295590475388,0.341075782710614,0.827520329847365,0.334777796034832,0.843043133014784
"AMOTL1",0.0539549804854068,0.985300777881201,0.00324385907494765,0.996322269070203,-0.0643601396220175,0.945137784813934
"CWC15",0.0650772726184152,0.946640442476822,0.0346192039506019,0.928229270213868,0.0904533902254206,0.76600330151552
"SRSF8",-0.00898083289968948,0.994202951143564,-0.0734429290165087,0.890616410042787,-0.11883081563034,0.825293721416026
"ENDOD1",-0.160286103520749,0.968529247878935,-0.167522190154711,0.771931159611123,-0.169101362281378,0.807005377837559
"AP000787.1",-0.505883679941435,0.620497879203569,-0.332301508477309,0.5936384760076,-0.530151450753032,0.372925951502991
"SESN3",-0.0945804217659403,0.959248300621966,-0.0988017466376054,0.8843628398733,-0.21904761767463,0.731683214870613
"CEP57",0.0350219236032223,0.972806716437594,0.031936648037531,0.939666190259149,0.0324806808746198,0.939131388391146
"MTMR2",-0.0662967228455941,0.939448722792632,-0.0348726828562918,0.938450495053442,-0.0839864184852324,0.848852976435192
"MAML2",-0.0407101002435552,0.978731255112132,-0.0554793842312669,0.89555290468384,-0.0545849806495668,0.89150566264312
"CCDC82",-0.0224227400877135,0.986243996198961,-0.0355290913991104,0.927320925434697,-0.0315275904851575,0.938318462386293
"ARHGAP42",0.0475904042383272,0.987676987381042,0.0784808884532769,0.961732451996458,-0.292704891324237,0.767618092084002
"TRPC6",0.385382145148467,0.90551604090484,0.35478391979536,0.766609082576973,0.976665223597925,0.364381114006951
"CEP126",-0.330439644743271,0.847763278066247,-0.219348380090623,0.792119220424349,-0.291728703962027,0.760841518933028
"YAP1",-0.33868482915737,0.923535871787432,-0.270600960815436,0.833312333476619,-0.407100554705483,0.733497820455416
"BIRC3",0.119262878587387,0.954749851012742,0.12498538809925,0.877349794479147,0.168834782113471,0.823356960569079
"BIRC2",0.070602639379751,0.937120241257205,0.0449579551751326,0.901800573448934,0.0426156551477178,0.919542522552017
"TMEM123",0.0158237414148915,0.987676987381042,-0.0244014337520502,0.962866185703775,-0.00565157154683344,0.992577129869039
"MMP7",0.79030358262893,0.831586301123345,0.388279310868684,0.809613917200381,1.05785021882614,0.455729469688749
"MMP10",-0.893454949320807,0.773839354078259,-0.643009790727808,0.683371735931916,-0.796739857372459,0.616876346754994
"DYNC2H1",-0.183436903096879,0.912259746037492,-0.10804580459032,0.871094101298421,-0.17913340804029,0.800759848264319
"PDGFD",-0.102567867013544,0.987060796028084,-0.0345322439954676,0.982567521584643,-0.13853494094921,0.938044537758503
"CASP4",-0.0308318426161379,0.987165551409643,-0.0213629896374836,0.972831694402535,-0.00314712539225374,0.997315950306238
"CASP1",0.0476102126620777,0.969952634197529,0.0186290915270446,0.972626641981822,-0.0028844586742258,0.997113640321465
"CARD16",0.0582451763407277,0.987232790302631,0.00539196092634303,0.993523124732251,0.0486711406938104,0.943978301924551
"AASDHPPT",0.124991469882579,0.937120241257205,0.0403201333649413,0.942235289270853,0.112492803127298,0.79074754214483
"CWF19L2",-0.163421081442196,0.743988537519481,-0.126704691974697,0.655885041836434,-0.170235888726114,0.55987109229781
"CUL5",-0.0126604689150815,0.989020511532505,0.0114885754943661,0.980000233091819,-0.00598651672476312,0.992577129869039
"ACAT1",0.134478356813971,0.86918309088418,0.132574687644366,0.72353976167839,0.196090166068388,0.54316517853099
"ATM",-0.386065934583348,0.61851995442248,-0.28035794528941,0.539909812541728,-0.356078709805088,0.422317278574067
"C11orf65",-0.665818683776355,0.562118039898797,-0.437520464293592,0.577660339563635,-0.531213847232553,0.526483868522985
"DDX10",-0.129601190623979,0.885213448640826,-0.0789823489725894,0.857030683201566,-0.0745392276605078,0.879642667300819
"RDX",0.148959371589543,0.844246272414761,0.122088225802581,0.707016966668684,0.125680901674006,0.750059973571622
"ZC3H12C",0.038707020012992,0.987232790302631,0.025712358476211,0.975544798159894,-0.0797429182997021,0.869793185908311
"FDX1",0.0601091095226378,0.972032683928677,0.023393941660405,0.97308093374412,0.0300372687815266,0.972048915989614
"ARHGAP20",-0.104667371830407,0.975727322813314,-0.00626870586746535,0.996049574432636,0.000246320426050958,0.999773668548514
"LAYN",0.246145331311016,0.957608581799535,0.190679320953802,0.868346873746697,0.0786796638767134,0.951715326242549
"SIK2",0.0124992362141392,0.989701309603352,0.0148735068119656,0.975491710400042,-0.00726675218165709,0.989193131684562
"ALG9",0.0351700324266145,0.986243996198961,0.045315933948989,0.93914373777039,0.0524819524508352,0.937196857773232
"CRYAB",-0.575738869399387,0.871146086444017,-0.410121024965055,0.655885041836434,-0.541292942355438,0.522774339424714
"HSPB2",-0.14228402542785,0.987168661761228,0.0496551171487501,0.974991764701518,-0.0654703893006214,0.9701770823914
"DIXDC1",-0.0596765624486937,0.987165551409643,0.0633271126567763,0.959408531692941,-0.0350289527330024,0.976553737496412
"TIMM8B",0.131621826613052,0.969952634197529,0.130517196774362,0.677211621068967,0.167623804671181,0.627216971922475
"SDHD",0.0229224200830313,0.987676987381042,0.0364858363968898,0.963632023564318,-0.00748198929784723,0.993620127155076
"IL18",0.246451137022987,0.7789891026956,0.177473210446999,0.697102926257961,0.248302336437218,0.49710277555272
"BCO2",-0.0724674628213995,0.937120241257205,-0.054213646196022,0.879318949048446,-0.0943744539032984,0.784381056505216
"PTS",-0.185890889716097,0.831586301123345,-0.0977437054007665,0.811380046436529,-0.17968837309747,0.65642344853735
"LINC02762",-0.157464855606764,0.91971507233412,-0.0714495580986745,0.923054773439819,-0.106135750958185,0.886969042780999
"NCAM1",-0.645900305735572,0.848228309522531,-0.474055195677329,0.763807426580721,-0.581793884396211,0.664372601648794
"TMPRSS5",-1.01746464319799,0.695012064214002,-0.773465961263117,0.602584390525497,-0.938181617863893,0.45494131779146
"ZBTB16",0.355702201528068,0.908504361694798,0.258674276795052,0.861584914243227,0.385572248676766,0.811438752279164
"NNMT",0.566900533278976,0.850765417220173,0.312821978406934,0.806409740187469,0.371298198098158,0.806345549179156
"REXO2",0.180275382055348,0.926058247355641,0.0579448123499963,0.895123255933228,0.107363554075226,0.794594005599009
"CADM1",-0.279524024325811,0.831586301123345,-0.190768909337416,0.744385028749195,-0.309616123226044,0.560203546352872
"SIK3",0.0928525970145245,0.952676354135022,0.0749648551728325,0.894437808342616,-0.0209980858170365,0.973878594622367
"PAFAH1B2",0.053993629015307,0.946978282166981,0.0308715200782721,0.925773221047207,0.0391247041641298,0.900216596874957
"TAGLN",0.306156502551813,0.912259746037492,0.137854963324819,0.875772472130238,0.0566769904574868,0.957562802791205
"PCSK7",0.0877542152878924,0.951797068254338,0.074975388066503,0.891507633403955,0.0909830830106816,0.877069431682963
"BACE1",-0.129217996712447,0.916794742663761,-0.0701043017675788,0.895026721870522,-0.0253246111308769,0.975167068916286
"FXYD6",-0.0747545134701465,0.986243996198961,-0.0986583282331267,0.924986091689717,-0.191285429462803,0.837429769891498
"IL10RA",-0.0431837590512894,0.978731255112132,-0.0204178643694126,0.963749295458791,-0.053138923293712,0.904528833843256
"SMIM35",-0.387969124932791,0.915615419264746,-0.28749275268645,0.781746921621551,-0.468196605973066,0.626483070625434
"JAML",0.498229205793504,0.692271642548685,0.326393544363803,0.636115615987678,0.456906895023201,0.510146919208901
"MPZL2",0.299880739283619,0.903608037062864,0.168411919039444,0.841936426369159,0.212229796708111,0.757345760645417
"CD3D",0.985239092848477,0.808331725671651,0.736155793254925,0.680554703992045,0.784413439279495,0.676558239680475
"CD3G",0.644254029463412,0.840169911726094,0.549873791048178,0.717278133633584,0.592600407965815,0.708162756495889
"UBE4A",0.125042077476066,0.886617324741233,0.0998386533378023,0.802961358307063,0.162813254333186,0.685511798317414
"ATP5MG",0.0843939679434589,0.986243996198961,0.0306568535674778,0.938163005316088,0.0572373831606716,0.870534954213475
"KMT2A",-0.0407318969696831,0.96326928658639,-0.0344676194069455,0.902996013052202,-0.0332397193626009,0.922709833813539
"ARCN1",0.143139914192121,0.87268208247702,0.116319862850718,0.787063637663308,0.160552609927925,0.714931208112861
"PHLDB1",0.49341194744937,0.781913752028351,0.389707353254252,0.565951168967911,0.365443426344713,0.526483868522985
"DDX6",-0.0662256910823705,0.945421051661546,-0.0530309602812074,0.892452868202711,-0.0678264445469379,0.877069431682963
"RPS25",0.0114309523294893,0.994202951143564,-0.0722591868233055,0.862943060912263,-0.0906083410539859,0.803540685620759
"TRAPPC4",0.174759763666108,0.921745497785775,0.12289766782636,0.743182114935525,0.189320956699401,0.607799540806047
"H2AFX",0.134154607449467,0.968190410187967,0.0442204159524515,0.946575958381891,-0.090148622253253,0.840412082235387
"CBL",-0.044691964983261,0.975727322813314,-0.0363769284760695,0.949083560951574,-0.0601420971229752,0.916996650945138
"MCAM",0.151968408281143,0.978731255112132,0.0785487217659306,0.963350368188309,-0.00555500682522146,0.99774736540395
"THY1",0.347004899174792,0.949591008943738,0.356993959824165,0.791199639106284,0.264139554761088,0.856030042664281
"OAF",-0.155109596549018,0.969952634197529,-0.158658867276593,0.820756688134211,-0.297440210684791,0.65642344853735
"ARHGEF12",-0.12318950190765,0.90266423080717,-0.0686255791816089,0.849257415721245,-0.124262592637516,0.723116381892166
"SC5D",-0.228413200746571,0.743988537519481,-0.172390139379853,0.626375901485095,-0.211295526564887,0.562754315836961
"SORL1",-0.11989155542314,0.92417531528931,-0.135548047539626,0.732900498693472,-0.221904209356306,0.565565168186256
"AP001977.1",-0.157197974900852,0.920885507075657,-0.133828764693943,0.866137207719677,-0.22817862262478,0.7626406927759
"MIR100HG",-0.229428088208969,0.90892413263569,-0.146417155508723,0.879318949048446,-0.239361803128441,0.782517609163275
"UBASH3B",0.116438717345542,0.958378175838259,0.102079150584735,0.879318949048446,0.00308995686616796,0.99774736540395
"CRTAM",-0.150951873392052,0.923049362142027,-0.13013913353226,0.807917837312275,-0.13513629242472,0.83780945723087
"JHY",-0.142255772018534,0.916339396900937,-0.0537999868825665,0.933850507025293,-0.0740006594528519,0.916266419523569
"HSPA8",0.158379549548886,0.947261053507097,0.0164477121338931,0.969900650801383,-0.0462216627217873,0.914851075982289
"GRAMD1B",-0.156475873944816,0.915621644383541,-0.126727782127203,0.836729811998121,-0.28775312145308,0.530479427593156
"VWA5A",0.0584859143140154,0.986243996198961,0.0535023924005032,0.956240560346755,0.0348467073360078,0.976949166476538
"TBRG1",-0.0160070187412495,0.987232790302631,-0.0213638837180966,0.959082908386949,-0.0299078320559874,0.943978301924551
"NRGN",-0.312601892689838,0.882264046366445,-0.139155027778726,0.871813500995323,-0.209948477591684,0.798935323723636
"ESAM",0.293786859050095,0.926620571687561,0.13449283861391,0.879318949048446,-0.0025053977856529,0.998801924059983
"ROBO4",-0.42724570527131,0.804492887444672,-0.276753205199908,0.736250818799569,-0.297684745246346,0.756429467510776
"HEPACAM",0.0544234745232066,0.989701309603352,0.061761723812636,0.975491710400042,-0.0319319252839758,0.988554595184688
"HEPN1",-0.363337597958633,0.942899239281669,-0.237723303305147,0.888295185891501,-0.335965025694968,0.781235478015081
"SLC37A2",-0.0153643938046765,0.989020511532505,-0.0224542699841883,0.968736910528144,-0.107957618872923,0.811438752279164
"FEZ1",0.0151072245954088,0.993545111216598,0.0263002332639348,0.981102889072188,-0.0756469823240912,0.940686939663035
"EI24",0.289830676648236,0.674893276948019,0.187428804128595,0.626134653049717,0.221335738809298,0.591317813247651
"SRPRA",0.0893487574039428,0.903409622213377,0.0527310368928401,0.880478315875426,0.065764635082549,0.852402427152772
"ST3GAL4",0.0477861670301707,0.987381297202584,-0.00462809185472859,0.996049574432636,-0.0316709753909051,0.974201568777467
"LINC02712",-0.368258618926362,0.937120241257205,-0.206712224635703,0.921116466264833,-0.349529366333277,0.85536489445056
"ETS1",-0.084546346416359,0.965243412692706,-0.0806979849421524,0.895123255933228,-0.110097796799904,0.872214293828511
"FLI1",-0.369252073050627,0.607226415643211,-0.284724036915286,0.539909812541728,-0.323620476346004,0.376391918003978
"ARHGAP32",-0.109988731454713,0.942899239281669,-0.103660824993013,0.86055599668641,-0.163616248398505,0.780285395277599
"APLP2",0.165351022104518,0.767008173039101,0.09507849783043,0.712661164701235,0.126516230557732,0.646736088217769
"ZBTB44",-0.144396015965617,0.802175895468196,-0.132261264282547,0.614396075881076,-0.154470747415215,0.587769749127062
"ADAMTS8",0.60339188033648,0.903608037062864,0.378591654335971,0.863353446513897,0.248585158194721,0.902643232023022
"NTM",-0.0907534098015944,0.987676987381042,-0.0277879256752213,0.989648351854567,-0.291880404376713,0.888998683162165
"LINC02731",-0.710198518616937,0.865934979413673,-0.578546791066405,0.728626054491622,-0.76938198708661,0.638557114550233
"JAM3",-0.228835897239198,0.951610900208567,-0.178123147048789,0.903162098034093,-0.414924652922345,0.702430088102267
"NCAPD3",-0.12276722463622,0.885213448640826,-0.0709629234538746,0.867775140580767,-0.0918289354655664,0.851615103190831
"THYN1",0.137890814983755,0.969952634197529,0.0625020878828495,0.882550819749609,0.0620923247179365,0.896785969713696
"SLC6A13",0.229522571428883,0.935479761500471,0.150273289622585,0.906297237519218,0.0805860401345227,0.962220442527391
"KDM5A",-0.0384747168858943,0.961399538616457,-0.0256446330234642,0.938450495053442,-0.028090658387206,0.938176083415698
"WNK1",-0.032509978833211,0.975727322813314,-0.0447793479480569,0.880478315875426,-0.0420095246973306,0.896987088212181
"ERC1",0.0757489746968869,0.932284171534597,0.0759406234442018,0.791199639106284,0.092486337913905,0.782330512566656
"WNT5B",-0.00173034274518879,0.999861953973754,0.0418076911102921,0.975491710400042,0.0676166683353431,0.969752805540984
"FBXL14",0.177536790690248,0.898622648526422,0.0714849276829615,0.917723880271466,0.0761183700067474,0.922709833813539
"ADIPOR2",0.0518556109111084,0.951617778171382,0.0310753933085352,0.923054773439819,0.0112262527053981,0.979207899684523
"DCP1B",-0.171429480335607,0.904398347047516,-0.125217921725255,0.868346873746697,-0.12163113352157,0.891713916146166
"FKBP4",0.408463381527705,0.795440606734161,0.148430659662681,0.767036739071566,0.127121295753087,0.788083281414875
"TULP3",-0.0567049528069522,0.97333750941677,-0.0454815237338208,0.94500635226351,-0.104846352237743,0.853336294921174
"TSPAN9",0.421402965492902,0.87268208247702,0.333149470736147,0.763807426580721,0.262538596347496,0.82924665755452
"CCND2",-0.409962240259988,0.633461558848371,-0.313807162082998,0.567636892317067,-0.454846086969621,0.376391918003978
"TIGAR",0.0651298719367667,0.958551682865135,0.0658195403738673,0.882224304734097,0.042643795603117,0.936418953465064
"RAD51AP1",-0.0176445264893087,0.990850390543415,-0.0464597905276798,0.956240560346755,-0.106989118626383,0.89675635447082
"NDUFA9",0.354181119660528,0.562118039898797,0.284406386464688,0.539909812541728,0.323257949279291,0.361679412238685
"VWF",0.467222246296923,0.912259746037492,0.334313590814865,0.865887045284762,0.241336375312894,0.914685256526293
"CD9",0.0326029532416816,0.990850390543415,-0.035416402513354,0.972566892095937,-0.220789547733103,0.764501704035029
"TNFRSF1A",0.189225963233577,0.749768392717871,0.123878988339704,0.701215480896238,0.142912837440264,0.62915730044559
"LTBR",0.109365491059172,0.86918309088418,0.0862683786045749,0.756959699570331,0.0947142207252182,0.757533541049963
"CD27",0.659025666202024,0.878979008836662,0.616664917651909,0.756801218738335,0.660379335175418,0.75098218261211
"MRPL51",0.0104088637686542,0.99696237435303,0.0691563879663661,0.827265188324808,0.127537825814468,0.661047764554629
"NCAPD2",-0.372762772683981,0.713703084504335,-0.277722932552928,0.62873374102614,-0.310480824450401,0.605702441093301
"GAPDH",0.448958525554428,0.875519982021551,0.320807280380307,0.539909812541728,0.313199310188562,0.371933782150218
"CHD4",-0.0281256296219581,0.986243996198961,0.0178632236632849,0.967080217990028,0.00201204041981798,0.99774736540395
"COPS7A",-0.147133572217086,0.848228309522531,-0.0940208772414231,0.813747570349955,-0.143870793140828,0.701122931559269
"MLF2",0.253762335153927,0.71444637324098,0.207676190574017,0.626375901485095,0.212005544838955,0.640779962187052
"PTMS",0.251382688153336,0.937120241257205,0.146155589912805,0.680554703992045,0.130964594844755,0.753392468267112
"CD4",-0.0535418297549675,0.951726996250602,0.00303509298023147,0.9926960541996,-0.0409930842201639,0.91093329104767
"CDCA3",-0.584405642389976,0.76063344310174,-0.411775386642296,0.728626054491622,-0.56086938794222,0.661047764554629
"TPI1",0.35116362730542,0.850765417220173,0.208422040593749,0.539909812541728,0.203692324706654,0.503188932768188
"ATN1",-0.270636921197368,0.802910623801354,-0.240532457060963,0.614396075881076,-0.370379598097945,0.437992645675782
"C12orf57",-0.558342082423074,0.882264046366445,-0.32740213472893,0.567754820711177,-0.537431288160907,0.307928681666602
"PTPN6",0.282812715141428,0.663974594664865,0.227382419769722,0.565951168967911,0.198548537088135,0.617295806842706
"PHB2",0.388146702675641,0.805297296612406,0.235316861867709,0.607260215430647,0.295245086559058,0.468140187860629
"C1S",-0.321761403859442,0.937120241257205,-0.319355595297947,0.792119220424349,-0.438661945372739,0.679131007082978
"C1R",-0.251511640226851,0.962414509086953,-0.234296521647035,0.878905000893612,-0.359095615113646,0.776470090295609
"CD163L1",-0.138376381581184,0.956291459840523,-0.023914569689107,0.981217349004059,-0.0199253090319844,0.989130638310446
"CD163",0.0196272061099877,0.990850390543415,0.00574094008348473,0.996049574432636,0.132438330621627,0.902643232023022
"SLC2A3",-0.304224169792758,0.937120241257205,-0.132252469754881,0.89033472493253,-0.196609349395969,0.829258805841472
"C3AR1",0.317961132336631,0.772628913845821,0.285815681789218,0.593504960339697,0.388073034586322,0.364381114006951
"LINC00937",-0.260193947805228,0.915615419264746,-0.134108002578528,0.899623541499922,-0.181444741509315,0.876952946308714
"CLEC4E",-0.157415858907827,0.960180047202686,-0.0669907882336049,0.962866185703775,0.0254103299882718,0.988554595184688
"MFAP5",0.814658405186782,0.794511475184592,0.325358858785379,0.806409740187469,0.337649825349777,0.811438752279164
"RIMKLB",0.0916788920683601,0.958007726819188,0.032804459167348,0.96242869953788,0.06267458670639,0.916996650945138
"M6PR",0.121792964282701,0.882264046366445,0.0762129498554634,0.857474868048215,0.0479050150159389,0.922709833813539
"A2M",0.116881331979347,0.935853944284842,0.0512057251076887,0.908524530279617,-0.0141855688931681,0.976901867362516
"AC092821.3",-0.212132955854275,0.831586301123345,-0.150474272674036,0.746290670940047,-0.236975578177808,0.639972620212142
"KLRB1",0.384334132369087,0.912259746037492,0.383806482099002,0.774038913251,0.451260860474981,0.760378264086355
"CLEC2D",-0.361874534720813,0.682833215369481,-0.277886165981062,0.610562468549926,-0.365872282673724,0.514046956721147
"CD69",-0.131892487567418,0.937120241257205,-0.0406919101369996,0.951921041926033,-0.0699510376495883,0.917407534210067
"KLRF1",-0.769859629994256,0.743988537519481,-0.575932039997125,0.6118955526808,-0.711393722946104,0.545348360797921
"CLEC2B",0.0499892428813672,0.969952634197529,-0.0289458903546556,0.940619548176605,-0.00765776081644262,0.988350014201583
"CLEC9A",-0.129938656435941,0.969952634197529,-0.0479255027405531,0.972633302354072,-0.299531397367305,0.768245000954006
"CLEC7A",-0.255179503416764,0.831586301123345,-0.097728810572199,0.833312333476619,-0.192770685751685,0.660373570029727
"OLR1",0.012094095007338,0.991786406916107,0.00182487124808674,0.996435856793831,0.0141599311952174,0.979218528186553
"GABARAPL1",0.258096184432474,0.834896462424035,0.146920543960115,0.755804595002153,0.209163906582716,0.594301230245286
"KLRD1",0.351559088902815,0.915615419264746,0.255143253864599,0.865887045284762,0.27015560876003,0.854077732326249
"KLRK1",0.384662132005488,0.915615419264746,0.319470432325938,0.844289423695787,0.355818669386577,0.83780945723087
"YBX3",0.146263399756731,0.903608037062864,0.110593761195275,0.807230688869868,0.0505270422904504,0.919542522552017
"PRH1",-0.207078553277921,0.841271683568883,-0.130138348828539,0.79501289785789,-0.209964154876595,0.703913696755257
"PRR4",-0.0199502145833339,0.991594528553645,-0.0310653749277522,0.979412011605605,-0.244916516305465,0.806345549179156
"ETV6",-0.203631085160229,0.83918015622167,-0.145943222611503,0.734701074180741,-0.212745226194838,0.65642344853735
"BCL2L14",0.345737649692958,0.882264046366445,0.322487372897717,0.743910569746862,0.292914070794812,0.801143625969714
"DUSP16",-0.215274444388224,0.831586301123345,-0.168004259071284,0.669317337998275,-0.194473600545214,0.576643274398569
"CREBL2",-0.140324602969636,0.832719567576112,-0.123798715884769,0.689380545295917,-0.176909310157482,0.589477623405471
"CDKN1B",-0.0211184748904787,0.987381297202584,-0.0759388627773409,0.835278724571696,-0.0437745410266988,0.893280087890469
"APOLD1",-0.336453449976576,0.86918309088418,-0.289673835796452,0.742642354433938,-0.428359539346515,0.526483868522985
"GPRC5A",-0.286874462296815,0.941362866167704,-0.283369478512586,0.825928810266268,-0.399686068377437,0.74172543702435
"HEBP1",0.148731532361632,0.878653108141159,0.120519757087486,0.781746921621551,0.199804150446678,0.565699562145283
"EMP1",-0.962096730427524,0.654027551099472,-0.788970178012095,0.539909812541728,-1.02352773756749,0.430331057882329
"ATF7IP",-0.150449341146632,0.840467050491297,-0.128271512120238,0.700576833586673,-0.126464214221794,0.683703243550165
"PLBD1",0.0982574358025387,0.947261053507097,0.101032531944474,0.863252251385844,0.124531831026648,0.771400103797342
"H2AFJ",0.177813827723054,0.973470246864783,0.18222036581389,0.576859503928985,0.188090141762108,0.614524865059627
"WBP11",0.0314278723021241,0.975333653661194,-0.00356946070654529,0.99159047822418,-0.0233191645678796,0.957562802791205
"C12orf60",-0.0937146067869594,0.975195695221014,-0.0352233604201151,0.973528437650212,0.109251246624728,0.909633877358067
"SMCO3",0.564805276170653,0.885213448640826,0.400861658915521,0.728626054491622,0.278311785825902,0.792835401805648
"MGP",0.385832404325899,0.958007726819188,0.184582472127082,0.945887491986644,0.0327802404747153,0.992015271357945
"ARHGDIB",0.276289556737344,0.756024783939142,0.178810319358386,0.655885041836434,0.243488066255774,0.441384111538575
"EPS8",0.115161364618183,0.897129444505265,0.061627455893062,0.868346873746697,0.115425037605073,0.73788769242731
"STRAP",0.257004813228435,0.81827440488845,0.213031751876654,0.703986373319257,0.224607241964279,0.666696927518615
"DERA",0.0706028135106594,0.969952634197529,0.0692841275492257,0.926067070699412,0.106912895970797,0.862063018736608
"MGST1",-0.112720878974545,0.962718721338874,-0.0824469955644135,0.914172578664351,-0.119925514303362,0.883528995898572
"PLEKHA5",-0.015556407656382,0.990850390543415,-0.0392975080518235,0.96277084031199,0.0740934334904866,0.926493644917102
"AEBP2",-0.101221661738158,0.877132886555714,-0.0760193970723895,0.816121150261862,-0.134128717736559,0.699634598786394
"PDE3A",-0.787325238815786,0.663974594664865,-0.484668399448466,0.678110628123578,-0.725258907428817,0.526483868522985
"RECQL",0.0173862931126088,0.987232790302631,0.010250148750576,0.978745080224563,0.0331139742170959,0.938766652604252
"LDHB",0.249388307800636,0.941696666166782,0.171268938319966,0.726008162470312,0.303251751150559,0.406317645003979
"AC053513.1",-0.222740181934701,0.95623060346501,-0.0828963853597831,0.966207936709219,-0.309896514644017,0.837429769891498
"C2CD5",-0.2827221362296,0.620497879203569,-0.225861793524566,0.565951168967911,-0.231323702754362,0.538473342659441
"ETNK1",-0.0962956600473599,0.915615419264746,-0.0932112928084256,0.790067916621749,-0.140551474473627,0.720058868691908
"SOX5",-0.093743872609144,0.987168661761228,0.0880575581285924,0.963632023564318,-0.106963663478629,0.957032935111442
"BCAT1",-0.133857530550013,0.923535871787432,-0.12266333955262,0.805882240027355,-0.0665766991830837,0.91093329104767
"LRMP",-0.146840030064329,0.847763278066247,-0.111080649520997,0.755206261592226,-0.147941271846296,0.677004758747164
"ETFRF1",0.0955623971199916,0.937295590475388,0.0754672498504311,0.877318442258331,0.0913619086039683,0.848852976435192
"KRAS",0.0444912999874784,0.965026801109949,0.0250326949555106,0.956240560346755,0.0354030294029698,0.933317716699392
"AC087239.1",-0.549732366781774,0.562118039898797,-0.378426116907239,0.539909812541728,-0.52184986756951,0.255695102597858
"RASSF8-AS1",0.0422184240092523,0.986243996198961,0.0481573243545628,0.941264598661626,-0.0281005788795253,0.971582780865488
"RASSF8",0.263228932350771,0.850765417220173,0.171852702122838,0.813377679916131,0.160719712871195,0.857083876582248
"BHLHE41",0.0601420866626495,0.97511291681835,-0.00624143741838154,0.991879655613432,-0.103082278656207,0.868358861117531
"SSPN",0.0866004089402596,0.962718721338874,0.0287410529267742,0.95565153722071,0.06907030927828,0.876699863846491
"AC022509.4",-0.730034349888441,0.831586301123345,-0.545405932474588,0.726740732682649,-0.747852892032269,0.512732031326607
"ITPR2",-0.138074549185127,0.923535871787432,-0.101162658469492,0.870765190363925,-0.215492880209972,0.634310130915045
"FGFR1OP2",0.093507701745259,0.921745497785775,0.029299078085592,0.949757741465138,0.0418189025665373,0.923488310679102
"TM7SF3",-0.166323156842209,0.841271683568883,-0.119986634509143,0.768239292111389,-0.203201201345772,0.633269495419776
"STK38L",-0.196411420580998,0.8276928018909,-0.148769030547951,0.706198326332625,-0.248166657579052,0.536280538719723
"PPFIBP1",-0.390296261407856,0.743641475921582,-0.219226738144763,0.707054072340348,-0.285363343914403,0.661047764554629
"KLHL42",-0.0386099982856168,0.978731255112132,-0.0111319215073755,0.980000233091819,-0.0100734256997626,0.988046017670122
"CCDC91",0.00242138606954933,0.995406975781891,0.00756832249044565,0.982567521584643,0.036125030423357,0.91093329104767
"AC012150.1",0.0692370647273845,0.986243996198961,0.0286908698586251,0.978091436269734,-0.0832083301909331,0.943665754096722
"FAR2",0.0219273744421252,0.987292015106137,0.0272041294970825,0.961663698018687,0.0958361391471507,0.800759848264319
"ERGIC2",-0.0323748155819567,0.987060796028084,-0.00593757316744794,0.991599085914501,0.0481714045343149,0.919383396491636
"OVCH1-AS1",-2.39182535414219,0.700393778780536,-2.04578676326308,0.539909812541728,-2.3705563120283,0.441384111538575
"TMTC1",0.0503954921207506,0.987676987381042,0.0516235390045699,0.975491710400042,0.0169061515466536,0.992577129869039
"SINHCAF",-0.0525880746509699,0.964462552585652,-0.0506199186599646,0.895026721870522,-0.0578697774934121,0.891055840715954
"DENND5B",-0.0774288286994989,0.975333653661194,-0.00963449190123663,0.990936461781775,0.0355448059707268,0.973942463195293
"AMN1",-0.169311286045842,0.850765417220173,-0.0729780251246504,0.887873926895584,-0.118358292304342,0.825293721416026
"AC023157.3",-0.497924805113429,0.672839863206178,-0.338503801076332,0.61914383338926,-0.573874886344268,0.364381114006951
"RESF1",-0.282889829985639,0.808311629068188,-0.192414511344751,0.739101780289194,-0.185843079920724,0.746248503638004
"BICD1",-0.30612111329528,0.782623892877722,-0.154342725282549,0.791438454835134,-0.252607794701539,0.690076188603555
"FGD4",0.00753929269380171,0.993496682024704,0.00618554033239453,0.990128606041003,-0.00779672623439734,0.990420116511119
"DNM1L",-0.0712739156741544,0.912259746037492,-0.0248577975294129,0.93914373777039,-0.055320467984335,0.860190911861655
"PKP2",0.113407846363864,0.979624472869482,0.090412678990571,0.961663698018687,0.185306711761075,0.877069431682963
"SYT10",0.127445961196271,0.975727322813314,0.0697353507070642,0.966233510678072,0.172726651205533,0.916613851665333
"CPNE8",-0.201943465685072,0.831586301123345,-0.135135544827422,0.729604132003868,-0.0838940905668959,0.862601795381755
"KIF21A",-0.162853806705618,0.965429829577843,-0.108089801402599,0.932320009271582,-0.115796060324074,0.924515658296041
"SLC2A13",-0.284908438036625,0.674893276948019,-0.240558710629964,0.539909812541728,-0.287667848373446,0.481910187478774
"LRRK2",-0.265486339441106,0.743988537519481,-0.220990802825149,0.619039507055099,-0.255700209809314,0.603388922459987
"CNTN1",-0.423398297558726,0.939657569638269,-0.270740026758227,0.905296396015766,-0.451300032722754,0.803855174011006
"AC090630.1",-0.273728354709853,0.926058247355641,-0.170414977054275,0.870765190363925,-0.341983271696659,0.441384111538575
"YAF2",0.140674074573231,0.866927105896921,0.112065143400471,0.771931159611123,0.10862068235154,0.812456792848887
"PPHLN1",0.0892317251424985,0.903608037062864,0.0850234897816265,0.797064046996921,0.0920815995120573,0.795852028600715
"ZCRB1",0.183429826887689,0.877132886555714,0.115152494358438,0.732900498693472,0.187850425026674,0.568136661799545
"PRICKLE1",0.40383598091282,0.847763278066247,0.364735276909356,0.703851799611006,0.344168240131063,0.75070515447857
"PUS7L",-0.159262019794465,0.850765417220173,-0.129577586119284,0.724563954005688,-0.132153402628416,0.71233550026931
"TWF1",0.130403482775597,0.908677802519192,0.0517692110451387,0.923054773439819,0.0555592530810224,0.922381644150774
"TMEM117",0.0993234604688103,0.961059654169002,0.105350827721351,0.897123059066415,-0.009836956620828,0.994458394354299
"ANO6",-0.0797468455576237,0.903608037062864,-0.0595855055707324,0.846012846277298,-0.083238986847631,0.809477309475852
"ARID2",-0.139115447142629,0.847164208899954,-0.105692093123882,0.73101121462528,-0.145533927783208,0.663353740204739
"SCAF11",-0.0372487576634195,0.972032683928677,-0.0467252420799826,0.8843628398733,-0.0632575407461475,0.865053534712714
"SLC38A1",-0.151113034279034,0.964462552585652,-0.137171255176306,0.908524530279617,0.169973696132588,0.879642667300819
"SLC38A2",-0.168379041707423,0.876796771935752,-0.150998564737121,0.716776630926897,-0.307039905670938,0.381126970039356
"AC008014.1",-0.405903911862462,0.743988537519481,-0.256832658667536,0.641358100100867,-0.417900508044502,0.455988349676889
"PCED1B",-0.0342908837803807,0.987165551409643,-0.0278717996886823,0.967149837859175,-0.115496944518928,0.857863044176009
"PCED1B-AS1",0.0532372527246092,0.962718721338874,0.0388735607463301,0.932961517129018,-0.0444328591614775,0.922709833813539
"SLC48A1",0.111584411803369,0.94801751582644,0.11446950644172,0.855616970453911,0.166734149978185,0.806754777416922
"HDAC7",-0.0505549824197205,0.97511291681835,0.000155765037506411,0.99967840875972,-0.0146495205637594,0.979218528186553
"VDR",0.0501954407403564,0.987168661761228,0.0466598413581233,0.962866185703775,0.120739518138305,0.881230363846656
"TMEM106C",0.0136047630493894,0.994202951143564,-0.031333916564881,0.961663698018687,-0.0895223810435126,0.876699863846491
"CCDC184",-0.220711628528794,0.964563941864995,-0.112578028338885,0.931138239952162,-0.282225317095362,0.738553820185858
"CCNT1",-0.0139082756879849,0.987676987381042,-0.00941274345861801,0.980444404085137,-0.0184889642354742,0.973942463195293
"RND1",-0.419771902402078,0.802175895468196,-0.356242799374615,0.635447363508042,-0.573162885775561,0.376391918003978
"FKBP11",-0.0632249223730193,0.971135027358867,0.00355164246124043,0.995684435589003,0.00520200968716617,0.995773281816741
"ARF3",0.125519120723137,0.782623892877722,0.0986478778027172,0.710672050386581,0.108661343494366,0.727883969205406
"DHH",0.144084260230358,0.975727322813314,0.116857674799553,0.905085305148835,0.0242829807788412,0.986478173220917
"TUBA1B",0.376006263960252,0.842460010275105,0.239932601422238,0.566135177186251,0.286558404017659,0.423555964292071
"TUBA1A",-0.0706585501395374,0.987232790302631,-0.0472978905239841,0.916294702011649,-0.105101317670787,0.822412053739223
"TUBA1C",0.222770966094924,0.711490060174052,0.185950825828455,0.606866700507509,0.220712094914923,0.518056166425906
"SPATS2",-0.101480520983312,0.91971507233412,-0.0401995835416895,0.93057810366106,-0.109692486572752,0.781235478015081
"FMNL3",-0.078387422538618,0.959145885464539,-0.0686942876882633,0.901553497791501,-0.159844024104534,0.763653082700191
"TMBIM6",0.161035747821135,0.878233515505605,0.0589205581191653,0.847772458993982,0.0366074003786425,0.91792160187035
"NCKAP5L",-0.0620191136267006,0.958007726819188,-0.0320575951129229,0.942235289270853,-0.103943428473143,0.753392468267112
"COX14",0.117544407300685,0.985214763269641,0.133474435395942,0.655885041836434,0.176795000046581,0.58016139300506
"AC074032.1",-0.0524061875636062,0.972032683928677,0.0212131063193684,0.968736910528144,0.0120577260908648,0.988199008429316
"LIMA1",-0.150914643914482,0.916339396900937,-0.0775676425466743,0.881734569107956,-0.159578300430072,0.745915883672409
"LARP4",0.0595821187318133,0.964462552585652,0.0419651509117516,0.93914373777039,0.0446481614975649,0.941625568315302
"DIP2B",-0.171836228141356,0.847763278066247,-0.143044307588518,0.73101121462528,-0.218176377336693,0.549104828248253
"METTL7A",0.0528825385082415,0.975333653661194,-0.041582783028805,0.925773221047207,-0.00612541854527107,0.992015271357945
"SLC11A2",0.0144040167057514,0.989020511532505,-0.00130270116983075,0.998499665775541,-0.00250813551050727,0.997315950306238
"TFCP2",-0.200557781952744,0.740956428327799,-0.114267547263181,0.713923131494012,-0.165504734268468,0.643946550076799
"DAZAP2",-0.0059472948362835,0.990850390543415,-0.0188545910227755,0.956240560346755,-0.0377210238076881,0.914685256526293
"BIN2",0.0331909526000412,0.98469852697543,0.0660237898098785,0.864719214956426,0.0174769533214366,0.975167068916286
"SLC4A8",-0.187437230211191,0.888570841393027,-0.105041179730193,0.882550819749609,-0.181542232350789,0.770410127202137
"ACVRL1",0.65354357995397,0.836203256481455,0.409234000489894,0.761146693087719,0.406122506074852,0.795406030704316
"GRASP",0.288222183497152,0.861442531698028,0.279568919583817,0.648952690695537,0.402878367344427,0.409032030750506
"NR4A1",-0.454344483718266,0.838402292005806,-0.176823203354882,0.728626054491622,-0.337933151525979,0.455729469688749
"ATG101",0.351211360535362,0.59030874370855,0.300973575455877,0.539909812541728,0.310231324563939,0.366301588657365
"KRT8",-0.237382374859066,0.912249710023291,-0.0949419153084794,0.921322498525649,-0.105300196274697,0.915621533171765
"KRT18",0.0576403109756737,0.987676987381042,0.0427999255628538,0.975940010120607,0.213225006370534,0.865099971242924
"EIF4B",0.08869115343058,0.90892413263569,0.0423418267655275,0.896278780728954,0.0493322036325741,0.877069431682963
"AC068888.1",-0.24784309417694,0.790872788088734,-0.152520707043427,0.781746921621551,-0.246412670631737,0.661047764554629
"TNS2",-0.180342810282362,0.946978282166981,-0.202977289945266,0.80668779254726,-0.222095059924168,0.810255859833895
"IGFBP6",0.385796997528095,0.949591008943738,0.348493960573695,0.837201784480071,0.33119032861304,0.850173416597071
"CSAD",-0.161392955657587,0.863683229367313,-0.0895811833747368,0.847807356732724,-0.142470456492611,0.75094423486302
"PFDN5",0.158252388007221,0.937295590475388,0.115955577553914,0.75199825351363,0.166750264549143,0.651919872916144
"C12orf10",0.336096061219769,0.908677802519192,0.241590029493096,0.567754820711177,0.347453083130414,0.41778242206138
"PRR13",0.107943560680997,0.889425496930046,0.0605529535364228,0.872107878894087,0.0877534918529639,0.822669529808433
"PCBP2",-0.037010051088849,0.975727322813314,-0.053176502705579,0.891507633403955,-0.0934515650642072,0.822727876050727
"ATF7",-0.0320459069937327,0.975195695221014,0.0142394600304376,0.967149837859175,0.03972038409879,0.914685256526293
"ATP5MC2",0.0626799663243004,0.986740807946813,0.0279667530878985,0.956240560346755,0.0656853927647596,0.845622083388679
"CBX5",-0.123567097747176,0.828334591120586,-0.0787068300796046,0.772736528109056,-0.108606986247139,0.732182402937651
"HNRNPA1",0.175420884896295,0.886520545100434,0.0721383710655467,0.877318442258331,0.118042746834035,0.730126078664102
"COPZ1",0.271175335575515,0.838228110296931,0.164926449889308,0.611358970767471,0.212322991742425,0.496946036196299
"GPR84",-0.158059725132605,0.882264046366445,-0.0886860037736997,0.852606556437145,-0.0899103073195968,0.860203241922161
"ZNF385A",0.0637905733531485,0.958007726819188,0.0169497985315328,0.971939469693547,-0.065737003568067,0.871237072166292
"ITGA5",-0.0609968371628195,0.969952634197529,-0.0742045600079248,0.879318949048446,-0.14088304650471,0.722252774202751
"NCKAP1L",0.00926136369571565,0.989701309603352,5.67019176817121e-05,0.99967840875972,-0.0111952514157754,0.980101463111603
"ITGA7",0.252208648893523,0.943083225919622,0.150794426714373,0.897313193969235,0.0762140546390627,0.957032935111442
"BLOC1S1",0.172527512525334,0.975195695221014,0.19510155785773,0.635776070989967,0.264547456190625,0.533803753509296
"CD63",0.298004568778728,0.935479761500471,0.199936871007989,0.539909812541728,0.224922488267481,0.486708653561664
"GDF11",0.101141973988864,0.935479761500471,0.106281443387309,0.792119220424349,0.107393769609938,0.829309687795442
"SARNP",0.0440701571839846,0.975195695221014,0.0569177760440388,0.894114216309383,0.0660690084966548,0.893629713478255
"ORMDL2",0.136624621850051,0.952615382903687,0.132682711109996,0.758083011260247,0.230833041329581,0.576643274398569
"MMP19",0.11039237104933,0.946978282166981,0.132195656939449,0.823408681057155,0.157992100878413,0.789490414149243
"RPS26",0.328388888272367,0.935853944284842,0.159219431110911,0.867775140580767,0.273256849908049,0.747613075358224
"ERBB3",-0.756962411491214,0.805297296612406,-0.563091902195439,0.666673305112669,-0.706964707573008,0.524568846667637
"PA2G4",0.203371538378454,0.85325053155458,0.123227108127675,0.748496417662075,0.168795135868622,0.690501665017355
"RPL41",0.0447223125956782,0.987381297202584,-0.0120142756931339,0.975491710400042,-0.0127645687821718,0.979218528186553
"MYL6B",0.146547195744002,0.847763278066247,0.154679373109718,0.635776070989967,0.122224529531715,0.7534479473143
"MYL6",0.125531635662189,0.974793128542308,0.113020560046002,0.707016966668684,0.0898850192721697,0.79074754214483
"SMARCC2",-0.0503943248667104,0.946978282166981,-0.0534670891704793,0.865887045284762,-0.0556802843142094,0.862868032693816
"CNPY2",0.0767963078376739,0.949591008943738,0.0586442856611986,0.840535117059591,0.0651544639789467,0.849064773420446
"IL23A",-0.051821027636635,0.987676987381042,-0.0498764214493335,0.974061650661939,-0.0986650523662296,0.957032935111442
"STAT2",0.102327357304696,0.952093474531886,0.117540682423901,0.839806827180451,0.179819640821738,0.759954651839089
"RBMS2",-0.107805466519833,0.888338548189388,-0.0534085096084411,0.875077046802286,-0.0490648594753911,0.902643232023022
"BAZ2A",-0.0219224858336069,0.986243996198961,-0.0341809978327908,0.899623541499922,-0.0578247584939064,0.852402427152772
"ATP5F1B",0.321295171736267,0.877674649062151,0.181583314614478,0.59186078503092,0.220327377589266,0.486708653561664
"PTGES3",0.303551747809683,0.703140119270108,0.170560653801696,0.655885041836434,0.221402882875554,0.57608720313013
"NACA",0.216923764608728,0.937295590475388,0.119959198261563,0.712661164701235,0.165721775733208,0.52344642197819
"NAB2",0.158380954044199,0.92417531528931,0.0845064654901515,0.903307056619906,-0.0728621206895629,0.917329402121426
"LRP1",-0.138724413792526,0.833142182210715,-0.0888008115710114,0.755206261592226,-0.17267031985571,0.562754315836961
"NDUFA4L2",0.443968811442523,0.937120241257205,0.316492239586978,0.856292466956988,0.115823045449186,0.951715326242549
"R3HDM2",-0.164752016877758,0.818540501639485,-0.0892153347249361,0.774038913251,-0.0837418759144582,0.82698508921934
"ARHGAP9",0.000718536444278597,0.999861953973754,0.0465217637443527,0.914172578664351,-0.0340509797373673,0.945814612664551
"DDIT3",0.110742845009792,0.956660628690128,-0.0173379203319677,0.974809239121588,-0.0451588835426618,0.936813512881953
"DCTN2",0.362049322957347,0.620497879203569,0.285443518346074,0.562788400441728,0.37706036926266,0.441384111538575
"OS9",0.263013389175554,0.663401121515774,0.209949209409437,0.572932137442038,0.205358429832422,0.617670448466621
"TSPAN31",-0.045593053903423,0.969952634197529,-0.00478028235138054,0.99159047822418,-0.0278671911922913,0.95239205448095
"CDK4",0.165322636756403,0.871146086444017,0.111229481272001,0.736250818799569,0.147328223916863,0.661047764554629
"CTDSP2",0.0391912778279417,0.972032683928677,0.0115646897435888,0.976759332932075,0.0168303131711509,0.976901867362516
"SLC16A7",-0.661752122699083,0.621568271941873,-0.55363966587649,0.539909812541728,-0.638594111317684,0.423413080779875
"TAFA2",-0.196774142480785,0.831586301123345,-0.129795354351106,0.78785297839852,-0.272598612247783,0.510146919208901
"USP15",0.0995887129157565,0.885618959136343,0.0531131601045365,0.863236341606518,0.0390192930136096,0.919503351899239
"MON2",-0.160975049811458,0.724801913381678,-0.125868141327362,0.635990683333229,-0.140124119454286,0.636109896753566
"PPM1H",-0.858644268519312,0.607226415643211,-0.623197705839181,0.542757682203866,-0.726237911273372,0.486708653561664
"SRGAP1",0.103507642636781,0.953336275938538,0.0869123676667448,0.900323824869838,0.114690256759873,0.876952946308714
"C12orf56",-0.83490651832216,0.832510365260709,-0.596927020855369,0.756597469657113,-0.850367555343336,0.591317813247651
"XPOT",-0.28147164122662,0.635516616998435,-0.222495296450784,0.539909812541728,-0.296429221032446,0.427789007407824
"TBK1",0.0298804332540865,0.986243996198961,0.0181820683011475,0.971939469693547,0.00440412650269252,0.995386539319373
"RASSF3",-0.0711713842651899,0.946978282166981,-0.0626429251906273,0.881632809852023,-0.0765500365703256,0.868416651730548
"GNS",0.0548997009680198,0.941362866167704,0.0331670028889319,0.923108484360897,0.0608281026649019,0.85616728220344
"LEMD3",0.0830716926786109,0.915615419264746,0.0296524432355323,0.93914373777039,0.0345237806434263,0.936448042244929
"MSRB3",-0.150379600878997,0.971355958945572,-0.137648697913789,0.928286835787809,-0.249222985621714,0.848852976435192
"LLPH",0.0674330615756371,0.94773109868261,0.0396513521587728,0.933850507025293,0.00865588470933341,0.988350014201583
"TMBIM4",0.0674624622362756,0.946978282166981,0.0473349215928895,0.905085305148835,0.0582405939484733,0.879642667300819
"IRAK3",0.155554293278435,0.915615419264746,0.117065519658726,0.856449746085977,0.174718250838954,0.772624969369292
"HELB",-0.0758519367887624,0.968529247878935,-0.0402303337968057,0.950352759818587,0.0120018189267175,0.988199008429316
"CAND1",0.114353070312907,0.807253920198163,0.0932804255713468,0.710096358443432,0.0981729386675571,0.741356866789519
"RAP1B",0.257463553419986,0.635362086335881,0.18536300351659,0.567636892317067,0.250368695480681,0.423555964292071
"SLC35E3",0.0857529282838599,0.937120241257205,0.0426356351643422,0.933850507025293,0.0910969565507504,0.847825706357294
"MDM2",-0.0690776037930938,0.951610900208567,-0.0608603401686488,0.882796185416272,-0.131096911489672,0.75070515447857
"CPM",0.0966550524444564,0.972747459822463,0.0306356120130988,0.975491710400042,0.143542482637314,0.868416651730548
"CPSF6",0.0136178419723561,0.987676987381042,-0.00587440543659061,0.98706524090344,-0.0687915015238773,0.851564929770219
"LYZ",0.0726817454992982,0.975727322813314,0.0517530864513901,0.950670754810894,-0.0265297151709812,0.977290579703121
"AC020656.1",0.507315162057403,0.888241285587719,0.476086287766392,0.774038913251,0.45305739926313,0.756710409736756
"YEATS4",0.191008486444978,0.838228110296931,0.144261699499735,0.728626054491622,0.184177248240785,0.677246287404597
"FRS2",-0.117994082864794,0.882264046366445,-0.0725781879992193,0.867775140580767,-0.112040014574604,0.807005377837559
"CCT2",0.214992933855807,0.747983371903506,0.162979818628158,0.684998140446946,0.187463086515434,0.649385841518366
"AC025159.1",-0.457726180380023,0.620497879203569,-0.347552001617866,0.539909812541728,-0.530492814774075,0.259680302569623
"CNOT2",-0.0101476499510259,0.987676987381042,-0.0201983432276912,0.95050569742153,-0.0149363296505123,0.970471175880853
"KCNMB4",-0.260725095366616,0.920800560535454,-0.227939227880407,0.707016966668684,-0.333661996861288,0.591317813247651
"AC025569.1",-0.985887128587959,0.678171418041482,-0.748486174335817,0.602584390525497,-0.856010388533846,0.562754315836961
"PTPRB",-0.171036803874932,0.974835902782104,-0.0240166762625286,0.990471492962637,-0.139062945210606,0.947445661086935
"TSPAN8",-1.02126486243922,0.840467050491297,-0.7558315068583,0.728626054491622,-0.936667500383818,0.627393320038457
"ZFC3H1",-0.0788278874256302,0.921066009650058,-0.0639822489593627,0.848374793858531,-0.127021035705498,0.650528466704383
"THAP2",0.055345637548126,0.98469852697543,0.0467226583532796,0.960450451875729,0.143626372907239,0.845504483011055
"RAB21",0.0576407571912882,0.952093474531886,0.0122933535353254,0.975491710400042,-0.0123673051751477,0.979218528186553
"TBC1D15",0.134073547216591,0.877773795297427,0.046059372166036,0.909150653559537,0.0545481817983799,0.900089393092193
"TRHDE",0.200805351438007,0.943454646328941,0.0891404843717841,0.944654221389336,0.290303842814418,0.661047764554629
"ATXN7L3B",-0.0351585507396727,0.987060796028084,-0.0684089613922242,0.877318442258331,-0.0717712516504468,0.892914964963681
"CAPS2",-0.173819192353548,0.989020511532505,-0.136610466092779,0.825928810266268,-0.196701080718449,0.763401414502149
"GLIPR1",-0.0713244328158261,0.956660628690128,-0.0735558651819971,0.865887045284762,-0.109848756824479,0.737870328721417
"KRR1",0.00633156815017139,0.992241705121031,0.0406808452157424,0.920131556294179,0.0415903936284052,0.922709833813539
"PHLDA1",0.280270650970376,0.937120241257205,0.0930395009034565,0.913601001699949,-0.00538204255810242,0.997113640321465
"NAP1L1",0.0810641720862831,0.957608581799535,0.00972477781560763,0.983695951086117,0.0459485749445253,0.928617999980495
"OSBPL8",-0.0322072037822686,0.975727322813314,-0.0536709473228052,0.875077046802286,-0.0788616512982944,0.812456792848887
"ZDHHC17",-0.0908746705415683,0.903608037062864,-0.080933199427169,0.806409740187469,-0.0984209259953663,0.807005377837559
"CSRP2",-0.273958139948593,0.916339396900937,-0.166458287955397,0.865887045284762,-0.258218748887014,0.754590891845521
"NAV3",-0.274410959260226,0.967203858991469,-0.333352936398353,0.865887045284762,-0.527815870770527,0.72114752113053
"PAWR",-0.210035092821976,0.945421051661546,-0.224279378680871,0.860287205518009,-0.418305934022329,0.674363867120955
"PPP1R12A",0.0771448665729945,0.915615419264746,0.0525600026537768,0.873569703523446,0.0757800217250314,0.801475140049363
"LIN7A",-0.151364577651357,0.959248300621966,-0.147090138086655,0.875077046802286,-0.046920310050605,0.96749032534522
"ACSS3",-0.860707185615904,0.708906209861552,-0.58144688163708,0.610562468549926,-0.794223565494857,0.454646209978998
"CCDC59",0.125969571844266,0.951610900208567,0.0324713189375819,0.932741847993677,0.0334167238470191,0.937464884225664
"METTL25",-0.146200336291543,0.871146086444017,-0.0982999435060058,0.834449139647509,-0.120324323860286,0.829258805841472
"TMTC2",-0.246413522453974,0.842482482599777,-0.170780410145308,0.805882240027355,-0.230903005101879,0.761963622549989
"MGAT4C",-0.0518128597422563,0.990850390543415,0.110500651630882,0.968335359712799,0.00496519411212544,0.998801924059983
"CEP290",-0.154118867155124,0.813674485940211,-0.11072422166357,0.728626054491622,-0.108997394664581,0.733140110303463
"KITLG",-0.713303838236726,0.623672057295787,-0.514277453813092,0.567754820711177,-0.793159481836906,0.364381114006951
"DUSP6",-0.463516073087831,0.825625433327129,-0.443342026907384,0.539909812541728,-0.586302665185004,0.259680302569623
"POC1B",-0.239938416820485,0.713703084504335,-0.180429108789835,0.614396075881076,-0.242938842073206,0.52344642197819
"GALNT4",-0.127130207183164,0.926058247355641,-0.172449795932813,0.640296170376593,-0.201036047095942,0.570226969105926
"ATP2B1",-0.146495031904101,0.878233515505605,-0.116771887239262,0.726230639148308,-0.141635511908227,0.690527216356779
"ATP2B1-AS1",-0.427299094134994,0.663401121515774,-0.286083182334155,0.567754820711177,-0.397710105475903,0.307928681666602
"AC009522.1",-0.167077872489586,0.946978282166981,-0.102083079465645,0.92529023279254,-0.180564549459973,0.835540631784637
"LUM",-0.962444753845199,0.833686082887391,-0.807762761772564,0.602584390525497,-1.27285825532038,0.307928681666602
"DCN",-0.57589151486461,0.909311356879019,-0.534923345760352,0.753503800478187,-0.805790300111075,0.584982212025935
"LINC01619",-0.0785581522195098,0.986243996198961,-0.0717206391312822,0.963675564531743,0.0830918842234001,0.963163635851747
"BTG1",0.17955302247098,0.866260368087558,0.0856895298363519,0.823141670358777,0.147145835845414,0.685511798317414
"AC025164.1",-0.130640900270582,0.882264046366445,-0.0889389849083968,0.816121150261862,-0.151185503412703,0.69557035223712
"LINC02391",-0.395721245975682,0.807686770704022,-0.315886536706273,0.707016966668684,-0.55266268648129,0.426574974407626
"LINC02397",-0.33220466285999,0.842460010275105,-0.23760494105475,0.756597469657113,-0.395854984913408,0.56387575959395
"EEA1",-0.0337296441913851,0.978731255112132,-0.015845607999353,0.973854119491552,0.00119821015122672,0.998801924059983
"AC124947.1",-0.278936867172484,0.937120241257205,-0.144585799249962,0.935848509013914,-0.342066728162757,0.82924665755452
"NUDT4",-0.149664766396009,0.827967548189528,-0.102860479920201,0.756801218738335,-0.188199855261848,0.510146919208901
"UBE2N",0.120647745760943,0.915615419264746,0.102019190981747,0.834832205291166,0.075798414649279,0.879642667300819
"SOCS2",0.473729772917258,0.86918309088418,0.287767005022921,0.734701074180741,0.251765793765216,0.760440344298506
"CRADD",-0.238118475849173,0.731855333507287,-0.181303917241557,0.713248734092951,-0.260647819778354,0.642621820653838
"PLXNC1",-0.209119014052696,0.795440606734161,-0.159499581120166,0.666673305112669,-0.20892349440911,0.626483070625434
"CEP83",-0.082034810336531,0.924498996804901,-0.026984224014881,0.951921041926033,-0.0510207487552359,0.91093329104767
"TMCC3",-0.148374870037904,0.831586301123345,-0.10812405943272,0.723988436794654,-0.115533164278308,0.7345610803567
"NDUFA12",-0.0108086238793357,0.991594528553645,0.0197443712638121,0.966260254238925,0.0451646371416482,0.926493644917102
"FGD6",-0.6179147576787,0.607226415643211,-0.389893544575236,0.539909812541728,-0.483726398190716,0.396298682889274
"VEZT",-0.075013465393826,0.897129444505265,-0.0434386023837751,0.865887045284762,-0.048202696979535,0.869793185908311
"METAP2",-0.0128863613135026,0.989020511532505,-0.0077288504961005,0.984011097633494,-0.0521066431951745,0.919289818241149
"NTN4",0.368677090809494,0.945421051661546,0.309643847750683,0.865887045284762,0.182436687482682,0.91969808375336
"SNRPF",-0.0943735172652195,0.976089777202807,-0.0975317797200572,0.767345972198134,-0.115881878820287,0.740850861189192
"LTA4H",-0.246858889796687,0.743988537519481,-0.178203531755033,0.617344520250764,-0.222682733907545,0.454646209978998
"ELK3",-0.207000113521335,0.795440606734161,-0.156418809491242,0.695474235878513,-0.198448868521437,0.635630814036157
"CDK17",0.152767735643249,0.845995942306838,0.110432174480412,0.763807426580721,0.114477826519166,0.801990976304116
"CFAP54",-0.0459827763083224,0.987676987381042,0.0378299343005464,0.975940010120607,-0.0399918483412046,0.977302882241025
"NEDD1",-0.154874064851729,0.836203256481455,-0.120845581945548,0.725781874510064,-0.149490363428882,0.690501665017355
"TMPO",-0.0296658317248034,0.986243996198961,0.0414973787872023,0.923054773439819,0.0206785253122333,0.972994753675532
"SLC25A3",0.299461421087414,0.842482482599777,0.190334259759092,0.6118955526808,0.241131548591917,0.477953424986133
"IKBIP",-0.0745783424428118,0.946978282166981,-0.0133606327855986,0.974423941231195,0.00301721486928141,0.99624725508803
"APAF1",-0.258108268272354,0.757307250580675,-0.169330430887362,0.660243239455962,-0.226140269265929,0.594301230245286
"ANKS1B",-0.943458650001106,0.590342686988338,-0.631994759454004,0.539909812541728,-0.767626392112872,0.364381114006951
"UHRF1BP1L",-0.125543801593243,0.843597380972485,-0.103971689139057,0.735512908698436,-0.142993296579908,0.6710176832196
"SCYL2",-0.11439104044884,0.850765417220173,-0.0816644678068285,0.779438129722726,-0.102719006309477,0.757986251845624
"GAS2L3",-0.357759143232256,0.633461558848371,-0.268181289844755,0.5667926369966,-0.369082379852403,0.427789007407824
"ARL1",0.206867618632385,0.913354702114686,0.106067683707953,0.809409034753912,0.110553364677434,0.802467511404704
"MYBPC1",-0.0599905298337487,0.987381297202584,-0.0269638427225912,0.98196779305146,0.0826393454291448,0.955892342072672
"CHPT1",0.199835402402707,0.906869631745234,0.145651079273522,0.849257415721245,0.227081343114918,0.723116381892166
"GNPTAB",-0.126417237359752,0.847763278066247,-0.0478736428855081,0.888062307757676,-0.050069478566026,0.899181418189796
"DRAM1",-0.236375302551901,0.81827440488845,-0.105163998001133,0.796014121101588,-0.175852052056759,0.69889736173682
"WASHC3",0.0645834044831356,0.946978282166981,0.0532427723461881,0.89006510427368,0.0601162283433201,0.876464004211119
"HELLPAR",-0.245366138312383,0.871146086444017,-0.124107772486117,0.865887045284762,-0.171767630938564,0.780815890200692
"IGF1",-0.131255190365814,0.937120241257205,-0.047479092334356,0.951921041926033,-0.11632734173527,0.823982185326409
"NT5DC3",0.29385340933084,0.908504361694798,0.140367590995813,0.879752666201422,0.249293828098041,0.79074754214483
"HSP90B1",0.242003148566632,0.848228309522531,0.129147037750052,0.781746921621551,0.167417783787741,0.748961801454769
"TDG",0.0530641615006342,0.964219314381286,0.047126629216729,0.917628048908414,0.0161503869489751,0.979207899684523
"GLT8D2",0.248793264414006,0.954157865532933,0.194609636941047,0.892762432719831,0.148183575742273,0.934890182573882
"HCFC2",-0.0516890826865156,0.964462552585652,-0.0283608058663354,0.953950398414795,-0.0475228411046425,0.922709833813539
"TXNRD1",0.129046998380027,0.903608037062864,0.0813491952522388,0.867775140580767,0.0511937308981247,0.934885915925458
"CHST11",0.200147226101849,0.844246272414761,0.143342731581939,0.763121519273086,0.0647729632390083,0.902643232023022
"SLC41A2",-0.000638711992811782,0.999963380658618,0.0179361788718102,0.981217349004059,0.0249341563019756,0.979207899684523
"C12orf45",-0.148319956297486,0.838228110296931,-0.0636009500465246,0.851958949683269,-0.0811610524335469,0.812369350763987
"WASHC4",-0.015841711578706,0.987676987381042,-0.0453436043278849,0.895026721870522,-0.0509742549239367,0.882876829449606
"APPL2",-0.136592103400352,0.882264046366445,-0.0814748636518662,0.866137207719677,-0.162524051359495,0.733792358252607
"C12orf75",0.152334618127073,0.969952634197529,0.0852529589670393,0.961663698018687,-0.21331760289693,0.875581118417293
"NUAK1",0.0814837012636312,0.962718721338874,0.0129329295084391,0.981281389473242,-0.0602964269884576,0.917875672478684
"CKAP4",-0.146821294331902,0.959248300621966,-0.150611685867727,0.735856182479457,-0.204789482318417,0.667988323016415
"RIC8B",-0.128753882796673,0.888241285587719,-0.0744478198951138,0.867775140580767,-0.104675684352205,0.821128295635357
"TMEM263",0.0824141137173213,0.920885507075657,0.0560037668212421,0.870765190363925,-0.0167530634496051,0.973466071794376
"CRY1",-0.0739285502686146,0.964462552585652,-0.0834415923339834,0.852542483251065,-0.182538527653979,0.646736088217769
"BTBD11",0.55856339067224,0.743641475921582,0.401494382734596,0.68999417015063,0.550224146249908,0.607360753037761
"PWP1",0.130912677540598,0.836203256481455,0.0998424038634054,0.753503800478187,0.142806788050027,0.666696927518615
"CMKLR1",0.0928863708077116,0.945421051661546,0.0872475006915272,0.871103372434564,0.0853079929236391,0.868275023290377
"ISCU",0.0394970512369099,0.987676987381042,-0.0278002607304938,0.961732451996458,-0.0609436634379424,0.866995319453104
"SELPLG",0.188158148944383,0.878979008836662,0.0556505402755261,0.918909460284579,0.0364483961891072,0.955253064145895
"CORO1C",0.273227278642787,0.67454490576913,0.15688416012737,0.660243239455962,0.208902833751051,0.565699562145283
"SSH1",-0.0929374963158873,0.917132712636844,-0.0708684822407614,0.855616970453911,-0.126036615174021,0.729309537435849
"ACACB",-0.152683275821026,0.94801751582644,-0.00336733288760296,0.996322269070203,0.102282001733305,0.914685256526293
"GLTP",0.00557322915333752,0.994202951143564,-0.00732707807803454,0.985970661384568,-0.00837020921752644,0.990151464377335
"TCHP",-0.19721090313557,0.838228110296931,-0.0815502779811509,0.876852691254119,-0.114706193741832,0.848456156311108
"GIT2",-0.0872237926758759,0.895362634494784,-0.0510521996985592,0.855616970453911,-0.0673902367516129,0.837429769891498
"C12orf76",0.0262101747587751,0.987168661761228,0.0488581266773045,0.910967359434935,0.0647718660670455,0.893280087890469
"ATP2A2",0.11186155600951,0.903608037062864,0.0929586916256351,0.726008162470312,0.0661048996047695,0.845525160215197
"ARPC3",0.137445913091661,0.908458190058852,0.119947088228611,0.786411583341735,0.150684324927577,0.659785216337525
"GPN3",0.234360232438705,0.850765417220173,0.175668528952302,0.770856818853275,0.180173122210787,0.76214077234056
"VPS29",0.121758574472956,0.850765417220173,0.0914064010496929,0.779117741632649,0.112372136150093,0.740850861189192
"TCTN1",0.0660653069562111,0.986243996198961,0.0455246948316664,0.963675564531743,0.0142943518399629,0.992015271357945
"HVCN1",-0.0787956282843391,0.969952634197529,-0.0131254103151508,0.983695951086117,-0.0439906032396927,0.966616392904718
"PPP1CC",0.11111321173623,0.880798283443905,0.072391884510531,0.847825763382918,0.119412847797229,0.749292653756677
"SH2B3",-0.144818300147462,0.91971507233412,-0.0645347879165698,0.865887045284762,-0.11450042792743,0.761421121087099
"ATXN2",-0.0799796090229693,0.935479761500471,-0.0607140325120618,0.823408681057155,-0.0439269295271798,0.871351716400722
"ALDH2",0.409649185471941,0.714985721008967,0.315389923010618,0.64689033572854,0.372186127806596,0.56387575959395
"MAPKAPK5-AS1",-0.0357773941094935,0.987168661761228,-0.00884853557076628,0.984011097633494,0.0313279898202567,0.962718171601466
"ERP29",0.220309173546601,0.804092412453842,0.157967617702468,0.707016966668684,0.217052555519679,0.635630814036157
"NAA25",-0.0226844165316771,0.987165551409643,0.0106861309631235,0.980768903450828,-0.0199334703755824,0.973942463195293
"HECTD4",-0.0127007953354572,0.987381297202584,0.00524497157858817,0.986357352470941,-0.006765648302365,0.989691439589505
"RPL6",0.139921906546611,0.964563941864995,0.0740270245121659,0.865887045284762,0.0728289199583474,0.851615103190831
"PTPN11",-0.00518389152455286,0.993039382491997,0.0170833510169714,0.96668416533004,-0.00599054056755693,0.992015271357945
"OAS1",0.148012400993824,0.927411047546878,0.117118730676041,0.86055599668641,0.141123729217096,0.850173416597071
"OAS3",-0.203683860835426,0.956660628690128,-0.155999018612005,0.912200558994985,-0.242777715854638,0.877652576199105
"OAS2",0.0869233410670533,0.978731255112132,0.0614117733815484,0.961663698018687,0.0584406930119876,0.969752805540984
"TPCN1",-0.414668212757893,0.684052758618523,-0.279896098316936,0.614396075881076,-0.487203535668321,0.307928681666602
"SLC8B1",0.266633794249237,0.695012064214002,0.218947141690633,0.567636892317067,0.20286471732571,0.540579463551134
"SDS",0.469945891453009,0.784235531304607,0.384951743143404,0.6118955526808,0.359571082519869,0.631383103629534
"SDSL",0.293792409203059,0.620497879203569,0.223495570440379,0.565951168967911,0.265638578370345,0.503188932768188
"MED13L",-0.0644752503410468,0.951610900208567,-0.0549805949615504,0.890152476377743,-0.0268809676160599,0.943978301924551
"FBXW8",-0.108447178778107,0.937120241257205,-0.0527114269086855,0.93914373777039,-0.0751613034467846,0.914685256526293
"TESC",0.112500693236932,0.969952634197529,0.136006281075456,0.878082680097442,0.185867996427761,0.836849022487865
"PEBP1",0.166994152047314,0.971355958945572,0.127801807909343,0.662968147963699,0.112233712185895,0.702430088102267
"TAOK3",-0.116426670053494,0.91971507233412,-0.0739695495804051,0.855200702977348,-0.104935804386102,0.812456792848887
"AC002070.1",-0.025480369753413,0.987676987381042,-0.0309144084950276,0.973528437650212,-0.0506177038323051,0.963163635851747
"CIT",-0.323755899214738,0.825709747415067,-0.194605742930027,0.781746921621551,-0.218274669104195,0.771886040729394
"RPLP0",0.330486858945288,0.886616212943478,0.183576634171508,0.616245684561578,0.248018286770608,0.376391918003978
"PXN",-0.0210527127061865,0.987676987381042,-0.0208682120950578,0.971840866946788,-0.0975975616912382,0.851207358141116
"COX6A1",0.0529086518501571,0.987917890906206,0.0656995733022771,0.839806827180451,0.0467901560463112,0.900216596874957
"TRIAP1",0.245592097969568,0.946978282166981,0.164005263867966,0.703986373319257,0.164930457221255,0.740850861189192
"SRSF9",0.233792291583828,0.902996184285982,0.101298394596542,0.826262654925685,0.0642832642924957,0.883528995898572
"DYNLL1",0.0181071782782767,0.994202951143564,0.0628654643958561,0.906895080582077,0.0192666480848472,0.979207899684523
"RNF10",0.0656874927879598,0.937120241257205,0.057933355083324,0.833312333476619,0.0411378380670718,0.900216596874957
"POP5",0.0197862033283776,0.989701309603352,0.0622456735676317,0.883907004635483,0.0948002698365062,0.83780945723087
"MLEC",0.226969917406861,0.628902509076854,0.173467032301759,0.576859503928985,0.189625405984054,0.56122308555548
"SPPL3",-0.121073689408291,0.850765417220173,-0.0811732549104877,0.781746921621551,-0.14325774149325,0.65642344853735
"OASL",-0.196845077337063,0.952093474531886,-0.120018293840139,0.927064243982203,-0.194675327164452,0.869793185908311
"P2RX7",-0.149133526030381,0.903608037062864,-0.124342857739164,0.796120504106463,-0.207744034725417,0.587867728656309
"P2RX4",-0.160162376506229,0.896632194312045,-0.120037990030569,0.799889910366128,-0.187799093208869,0.594301230245286
"ANAPC5",-0.00152891749959958,0.998674355631457,0.00797564812372936,0.984065321163277,0.0242598702393366,0.969972408388611
"KDM2B",0.0952495854876734,0.934816943280864,0.0939673614193138,0.790067916621749,0.0683489154446382,0.863062526960631
"ORAI1",0.374798324133098,0.713703084504335,0.198927771363242,0.638613914919712,0.279991184774166,0.518056166425906
"PSMD9",0.123915215496493,0.871146086444017,0.114640688362357,0.756994960881992,0.189043531355767,0.528750079429814
"MLXIP",0.0521144449667746,0.972032683928677,0.0398485415497602,0.94617045595008,0.0317981265752237,0.962055399534387
"CLIP1",0.0158601699006139,0.987676987381042,0.0200931006102598,0.955974194500863,0.0431938885867995,0.88696575298677
"RSRC2",-0.0980942769747515,0.916794742663761,-0.0691017460748264,0.863660684599785,-0.117045178112504,0.765073652778084
"HCAR2",-0.475457285976418,0.845995942306838,-0.494736145186892,0.539909812541728,-0.674723714650358,0.364381114006951
"HCAR3",-0.345682159000944,0.86918309088418,-0.33708098486959,0.619039507055099,-0.422554647269337,0.512503271974709
"DENR",-0.0747833036588409,0.927653195423269,-0.0535787519062199,0.8808939289938,-0.115263059907064,0.751308190341835
"VPS37B",0.119255370018048,0.937295590475388,0.160424132048584,0.635116598030598,0.162998920382787,0.666696927518615
"ARL6IP4",0.20666880353789,0.831586301123345,0.17341150890346,0.647778243729206,0.206793790059439,0.617670448466621
"MPHOSPH9",-0.221589847444769,0.743988537519481,-0.150907370944735,0.707016966668684,-0.195245667680587,0.65642344853735
"C12orf65",-0.0946038722003415,0.895362634494784,-0.0531822116203664,0.875077046802286,-0.0877904651986004,0.803855174011006
"CDK2AP1",0.174863058902335,0.92417531528931,0.103804578747044,0.895123255933228,0.242275085244582,0.613872543967166
"SBNO1",0.0721293706684379,0.911641919586937,0.06203749163375,0.790220565724651,0.0513478564284539,0.860203241922161
"KMT5A",0.245280327808551,0.86918309088418,0.249243769213095,0.708887443721872,0.270541760220974,0.699634598786394
"RILPL2",-0.0620405445948584,0.986243996198961,0.0814338467966532,0.84980603096362,0.0894934513319217,0.850173416597071
"TMED2",0.166864591419692,0.912859553495247,0.0595218209903714,0.878318742925975,0.0672672988493812,0.85536489445056
"CCDC92",0.089207779049189,0.946978282166981,0.0373848961065845,0.934556074635128,0.0289253978038617,0.957562802791205
"NCOR2",0.10097514868241,0.895362634494784,0.0818345542974028,0.761146693087719,0.0595483533056063,0.869215259235523
"SCARB1",-0.00497404476077104,0.994202951143564,-0.0185155311335573,0.972626641981822,-0.0899126071182267,0.846200357980108
"UBC",0.383915772736845,0.888570841393027,0.182778640599115,0.567636892317067,0.151537743100467,0.639972620212142
"BRI3BP",0.0111752166443239,0.989701309603352,-0.000195834172005,0.99967840875972,-0.0477110744244092,0.924455285682511
"TMEM132B",-0.139633471069083,0.986740807946813,-0.0177218356526613,0.994219653143578,-0.139955943081604,0.955892342072672
"SLC15A4",0.220210313822224,0.795440606734161,0.114806495732373,0.788876679002857,0.136128407861093,0.76314604473281
"STX2",-0.275307802075782,0.672839863206178,-0.154818527069925,0.675806956804428,-0.207977445542552,0.613872543967166
"RAN",0.28070205594951,0.937497297520597,0.199747877195455,0.593504960339697,0.233144833252166,0.503188932768188
"ADGRD1",-0.191636079224757,0.968529247878935,-0.187183542992531,0.897335209404733,-0.276546153387955,0.858808048670035
"SFSWAP",0.0339900605067269,0.967203858991469,0.0222434892403764,0.95050569742153,0.0244940862104582,0.948048716255807
"MMP17",0.38750881509511,0.847763278066247,0.262734086222053,0.787285299040374,0.435564334650409,0.659522181455106
"ANKLE2",0.177970040429811,0.674893276948019,0.135734041294503,0.602584390525497,0.144451203269078,0.602883156687511
"GOLGA3",-0.0603424775892166,0.943083225919622,-0.0372695937130864,0.911812929826524,-0.0666960631292915,0.844314412133083
"CHFR",0.00208347596031948,0.997328968740243,0.0147128678538022,0.973180525785074,0.00165159833532163,0.99774736540395
"ZNF10",-0.100851093693915,0.937295590475388,-0.0309273204037144,0.961663698018687,-0.0252057534059551,0.973281499629926
"MPHOSPH8",-0.0560788715244755,0.935479761500471,-0.0257350206567336,0.936853564395437,-0.0433641896580498,0.900216596874957
"PSPC1",0.0420984057145666,0.959248300621966,0.0280716805748756,0.93991829964624,0.0143198400008839,0.975167068916286
"ZMYM5",-0.0724858296495023,0.923602803613446,-0.0432194388553486,0.885041529327646,-0.0748410024027653,0.824265827988779
"ZMYM2",-0.0405768730415728,0.969952634197529,-0.0386550882916524,0.910792859497578,-0.0502989127048017,0.89675635447082
"GJB2",-0.217959448569213,0.959248300621966,-0.183276974131771,0.877421130655106,-0.279869160795125,0.772663272404715
"CRYL1",0.0539322492801712,0.975333653661194,0.0888817861133279,0.877318442258331,0.160578233545171,0.722640838723983
"IFT88",-0.0307685101496522,0.986243996198961,0.0232599092476837,0.963675564531743,-0.00978604525990818,0.989130638310446
"XPO4",-0.317266031319855,0.607226415643211,-0.22470169737604,0.567754820711177,-0.305535170479041,0.454646209978998
"LATS2",-0.00951699436337012,0.992572521146882,-0.0169395817559068,0.977399313998974,-0.031814105551829,0.969826662582386
"LATS2-AS1",0.33507632783636,0.864953106102307,0.368040155065008,0.631242211828419,0.450200196948311,0.570133452751211
"SAP18",-0.0236987066713887,0.991786406916107,-0.0216940961568699,0.962453021478042,-0.103516015042268,0.760378264086355
"MRPL57",0.0401985119946184,0.987676987381042,0.0637233525952434,0.809613917200381,0.0786063633235465,0.783999030224911
"ZDHHC20",-0.141713146874512,0.87360343324762,-0.138954792911277,0.690435247879622,-0.194050217553045,0.626483070625434
"MICU2",0.0230918348036864,0.987165551409643,0.0422044081244958,0.923054773439819,0.0533258617114192,0.888998683162165
"SACS",-0.194330728197737,0.782347688269215,-0.150080056013392,0.655885041836434,-0.197723560630514,0.598231449312978
"TNFRSF19",-0.263646694298866,0.961059654169002,-0.130835241368539,0.951921041926033,-0.300710497520369,0.851615103190831
"MIPEP",-0.0258481854541332,0.987232790302631,0.00300451124009883,0.996049574432636,-0.0279252131225301,0.973878594622367
"SPATA13",-0.0961363563784987,0.943083225919622,-0.0978734093889531,0.844929496863613,-0.166069430709866,0.748606595865817
"PARP4",-0.00755665100166147,0.990850390543415,-0.0346321825859418,0.925773221047207,-0.0133047294978449,0.976949166476538
"MTMR6",-0.0180320747834378,0.987381297202584,-0.016949901899865,0.968335359712799,-0.0268708129274016,0.957562802791205
"NUP58",-0.154112415947974,0.836203256481455,-0.0998177817227531,0.734476632941173,-0.165077849512374,0.59257341004653
"CDK8",-0.046189843321192,0.975727322813314,-0.042773988651818,0.948956915581419,-0.098414919926463,0.868416651730548
"USP12",-0.107534036314311,0.916339396900937,-0.0882321330766635,0.832809995674351,-0.168456980828962,0.684351540774242
"RPL21",0.024578298306868,0.990966923882266,-0.0386987269987769,0.94115918947566,-0.0371032299511859,0.942743430595247
"RASL11A",0.430195078154998,0.858464683804866,0.289130793956533,0.755206261592226,0.13062201901666,0.871237072166292
"GTF3A",0.282198537353721,0.727274673816588,0.204374018499253,0.611366863114911,0.310173408238459,0.396298682889274
"MTIF3",-0.0221762389586951,0.987232790302631,-0.0279666755770172,0.961663698018687,-0.00122015341729936,0.998801924059983
"POLR1D",0.0356042485236916,0.969952634197529,0.0268263003847564,0.951200760838363,0.0881756326869332,0.749855507789531
"FLT3",-0.473218697903252,0.831586301123345,-0.426679463732099,0.661357798105921,-0.239273682810361,0.807821027611497
"PAN3",-0.192623410224871,0.847763278066247,-0.154989901876225,0.737883625828882,-0.188195157347591,0.726321975723114
"FLT1",-0.110618385331414,0.964462552585652,-0.155149250290019,0.734476632941173,-0.273587798115267,0.533803753509296
"POMP",0.0790041023692132,0.968662340367089,0.0618516038575328,0.8843628398733,0.0297743949756802,0.960016261581241
"SLC46A3",-0.202374042023495,0.842460010275105,-0.143804295764661,0.728626054491622,-0.222163830324254,0.635630814036157
"SLC7A1",0.168929099886564,0.903608037062864,0.135129325365819,0.755206261592226,0.167921764170573,0.695326217239244
"UBL3",-0.0504276001318897,0.969952634197529,-0.0625525187380372,0.890152476377743,-0.0735417885332807,0.859452932536531
"KATNAL1",-0.122191613622039,0.937120241257205,-0.0860255357783627,0.891507633403955,-0.0220465852963852,0.979207899684523
"HMGB1",0.0372228277899746,0.986136653224698,0.00740193469938762,0.984011097633494,0.0305475603012239,0.948163156610396
"USPL1",-0.0670197397896463,0.967203858991469,-0.0887075911553768,0.855616970453911,-0.185215444201132,0.686341303870475
"ALOX5AP",0.247730576802512,0.794138154549402,0.180716520056762,0.682769929955018,0.241541862013714,0.563471964637304
"HSPH1",0.250366163616407,0.937295590475388,-0.0512583248085565,0.941264598661626,-0.0861112748567621,0.882382143239027
"FRY",-0.0907299554201565,0.975727322813314,-0.0521992192336122,0.957394958288183,0.00110865605099072,0.99948530430867
"BRCA2",-0.212422704562505,0.840467050491297,-0.139518283401273,0.779117741632649,-0.0984382505823927,0.851933085705198
"N4BP2L1",0.136592880242873,0.850765417220173,0.0775312291055187,0.832809995674351,0.0818474704734745,0.848852976435192
"N4BP2L2",-0.16406595262136,0.795440606734161,-0.126491856943176,0.682769929955018,-0.125347385881583,0.704930167667097
"PDS5B",-0.178606376638876,0.76063344310174,-0.142878707075886,0.647366020185808,-0.112492381252226,0.723116381892166
"STARD13",-0.340080124191521,0.663401121515774,-0.222933071424278,0.600950135999603,-0.274054822535624,0.528750079429814
"AL139383.1",0.304042759762047,0.951610900208567,0.308594512636089,0.865887045284762,0.209685819875623,0.912744775516187
"RFC3",-0.25616446529403,0.781913752028351,-0.16249045550307,0.724563954005688,-0.247426710023116,0.594301230245286
"NBEA",-0.177616768231401,0.700393778780536,-0.132931801341373,0.710204408452975,-0.12162385265251,0.772682023669577
"SPART",0.227131670186789,0.667130010426893,0.144737455811749,0.626375901485095,0.153710967558131,0.643946550076799
"ALG5",0.196917067509382,0.837836391925067,0.161333295701263,0.704145309434882,0.224722924555335,0.565565168186256
"EXOSC8",-0.070860520163753,0.926058247355641,-0.0220569031886971,0.961617869252362,-0.00119564699959436,0.998515926983875
"LINC00571",0.0417095917046856,0.987232790302631,0.0777760284733507,0.950352759818587,0.0239681601522657,0.986609483185373
"UFM1",-0.0626207547527334,0.959248300621966,-0.0498481458242168,0.923493171039234,-0.0523786561739681,0.92355701345697
"NHLRC3",-0.165460737969589,0.845995942306838,-0.140810772605406,0.726008162470312,-0.159438300116772,0.732207638013869
"LHFPL6",-0.0494594181986864,0.987676987381042,-0.0274328448835198,0.980183926135288,0.0062908527373067,0.997113640321465
"COG6",-0.172815576387886,0.847164208899954,-0.119864831697386,0.788519086990831,-0.141261911141861,0.771400103797342
"LINC00598",0.0761278087344807,0.987676987381042,0.0848387198756235,0.972626641981822,-0.00387758665153259,0.998801924059983
"FOXO1",0.0381983079437402,0.986243996198961,-0.0154046350135932,0.980183926135288,-0.119868874060716,0.82591843900154
"MRPS31",-0.00246751131682387,0.997223279837635,0.00567141935475995,0.990936461781775,0.0370574372844994,0.945137784813934
"ELF1",-0.0309427525785483,0.986243996198961,-0.0166075604627727,0.973180525785074,-0.0697088681511765,0.868416651730548
"WBP4",0.14390328773518,0.848228309522531,0.125460133858022,0.735512908698436,0.0829602774066053,0.842084167375573
"KBTBD7",-0.303634564630274,0.894152577325643,-0.276017181427427,0.728626054491622,-0.393988621517853,0.56122308555548
"RGCC",0.221085264796499,0.962718721338874,0.135453005092491,0.907157174193424,-0.0915217685333544,0.918553403979254
"VWA8",-0.0757389842369924,0.937295590475388,-0.0168018509612631,0.975491710400042,-0.00551374186093531,0.995031168540369
"DGKH",-0.195656948191835,0.885618959136343,-0.0992745178328801,0.879318949048446,-0.0538220051440052,0.945988667273006
"AKAP11",-0.142673971104069,0.83918015622167,-0.131515284062404,0.69275266410881,-0.147235850930594,0.627561529434102
"EPSTI1",0.114184933842938,0.969952634197529,0.132549756374837,0.878717706373839,0.0738968241568211,0.947043026290194
"DNAJC15",0.125713599572171,0.904494265063236,0.0789901887259445,0.87562922050611,0.136750363423888,0.729695123645453
"TSC22D1",0.211032087042873,0.865020001010599,0.15944805932437,0.779117741632649,0.228892195580963,0.628925208978826
"GTF2F2",-0.0178357309359484,0.987168661761228,0.0169142478572359,0.963675564531743,0.0619812025929382,0.830278497542291
"TPT1",0.175995587598071,0.937120241257205,0.0620822405288105,0.865887045284762,0.0779711467620658,0.819404388860613
"TPT1-AS1",-0.126944896981711,0.916794742663761,-0.0508389697309065,0.93057810366106,-0.0793549405140082,0.869793185908311
"ZC3H13",-0.00889418957897579,0.990850390543415,-0.0171917975447671,0.968736910528144,-0.0153814650601642,0.977649323251274
"CPB2-AS1",-0.103065968773875,0.969952634197529,-0.0240040782452938,0.980444404085137,-0.211275221713064,0.807005377837559
"LCP1",0.0370787059435623,0.986243996198961,-0.00464292299436292,0.994111893424054,0.0509113530228976,0.936898524461253
"RUBCNL",-0.160055736993357,0.916339396900937,-0.108490657922342,0.875077046802286,-0.212137180622737,0.669306105076811
"LRCH1",-0.0271001913078405,0.983985247595735,-0.0432957503039125,0.902680107788777,-0.0775918432352414,0.819380227727859
"ESD",0.174290458421546,0.937120241257205,0.0885727713940223,0.868346873746697,0.201318746790615,0.59257341004653
"SUCLA2",0.0863093455727687,0.923602803613446,0.0917565834828022,0.779117741632649,0.0880501786266892,0.819838452863045
"MED4",0.0647961323583217,0.933760103374907,0.042326832644743,0.89555290468384,0.0334436481510737,0.937464884225664
"ITM2B",0.130503534881485,0.926058247355641,0.0449034539032723,0.905085305148835,0.0153572865838184,0.973942463195293
"RB1",-0.113216984118878,0.923535871787432,-0.0557002068551691,0.913030777551584,-0.0836501272331518,0.87447845211502
"LPAR6",-0.644319247383112,0.562118039898797,-0.480896361358306,0.539909812541728,-0.572290054953407,0.18131672651448
"RCBTB2",-0.00665630684251024,0.992241705121031,-0.00835268884172833,0.982567521584643,0.000433058218167141,0.999739842870507
"FNDC3A",0.134948490225138,0.882264046366445,0.0931357700035742,0.820773097427908,0.189480603820402,0.599652035609735
"CAB39L",-0.0588720451782081,0.986243996198961,-0.102290976482708,0.866392107420694,-0.193576269517509,0.659522181455106
"SETDB2",0.0960239729473632,0.915615419264746,0.0731135097101504,0.86055599668641,0.0929612475577353,0.821311436180363
"PHF11",0.100571254851768,0.90551604090484,0.0828305782496955,0.811380046436529,0.136635574899036,0.685511798317414
"EBPL",0.021419394750394,0.987676987381042,0.0246817068759613,0.963749295458791,0.0571766099654985,0.903504617821389
"KPNA3",0.091462947699343,0.871146086444017,0.0696006545255725,0.785234292490962,0.0610780238089485,0.849373642506184
"DLEU2",0.022966761325524,0.987232790302631,0.0331152597166445,0.949083560951574,0.0419282910887466,0.932604915803144
"TRIM13",-0.0813813823984856,0.946978282166981,0.00055873830010337,0.999188751903088,0.0142137624475684,0.977649323251274
"DLEU1",-0.278046761707548,0.903608037062864,-0.220205221320022,0.813747570349955,-0.429303473562746,0.635630814036157
"DLEU7",0.122472287585867,0.969952634197529,0.132621635056404,0.907314027876186,0.0772563841451335,0.957562802791205
"RNASEH2B-AS1",-0.825924708887604,0.749912506438151,-0.594301991526477,0.692048554258871,-0.749886348971687,0.644500148464691
"RNASEH2B",-0.0653974419310733,0.937295590475388,-0.0617801321317003,0.865887045284762,-0.00975484216692973,0.980766459646602
"INTS6",-0.178225879812978,0.841509755006679,-0.14876137868992,0.704913506442777,-0.270103319198569,0.41778242206138
"INTS6-AS1",-0.40025075706722,0.700393778780536,-0.291152207359476,0.602584390525497,-0.409132160354728,0.485138356515192
"WDFY2",-0.0827392270997746,0.928897568430517,-0.0418863733114575,0.921322498525649,-0.0329614080804796,0.948048716255807
"VPS36",-0.121346481041887,0.805297296612406,-0.0942288711758495,0.708900705627479,-0.0920861493122212,0.747613075358224
"CKAP2",0.084092016265469,0.946978282166981,0.0716819562774543,0.875772472130238,0.0536468330567905,0.923947041451934
"SUGT1",0.106582617941361,0.903608037062864,0.0711287381088274,0.865887045284762,0.0650359905617194,0.896987088212181
"TDRD3",-0.233198161380647,0.725197208420541,-0.167236585531025,0.666589979201833,-0.152705889073861,0.71400954504254
"PCDH9",-0.615366892059231,0.8276928018909,-0.476332409436511,0.647778243729206,-0.640519913892579,0.455729469688749
"DACH1",-0.266605936987215,0.926058247355641,-0.323470858713876,0.756959699570331,-0.151593796663228,0.91093329104767
"DIS3",0.0088188936852148,0.989701309603352,-0.00454125547488331,0.990128606041003,-0.016367284533078,0.973942463195293
"PIBF1",-0.315847459460572,0.659564394798225,-0.213206099706345,0.619039507055099,-0.228960967783521,0.574734543184491
"KLF5",-0.286455244032258,0.871146086444017,-0.255999164075504,0.657935987245153,-0.394820126749852,0.503188932768188
"KLF12",-0.177321157469114,0.937295590475388,-0.200226454331391,0.825476703993591,-0.375446825543764,0.669693275959664
"TBC1D4",0.0488900768870556,0.986243996198961,0.0811221903609148,0.90776485861185,0.0165968274430034,0.987390510458518
"COMMD6",-0.0621844591450394,0.987232790302631,-0.0395324226615122,0.934657118454907,-0.0647802285698488,0.877069431682963
"UCHL3",0.00341856458238629,0.994202951143564,0.0232041324992932,0.961732451996458,0.035305199330696,0.936418953465064
"LMO7",-0.254966746048281,0.86918309088418,-0.189539578141698,0.779117741632649,-0.170307800283711,0.842891003361349
"KCTD12",-0.118723341326201,0.937120241257205,-0.186393717197688,0.59186078503092,-0.188333937930423,0.528262489741586
"ACOD1",-0.292185474262857,0.946978282166981,-0.214337504513695,0.89555290468384,-0.257452858578241,0.871173236239181
"CLN5",-0.0307360089375243,0.978916937415713,0.00504529445125154,0.990128606041003,0.00919943633716259,0.988199008429316
"FBXL3",-0.0598551882625228,0.95155244283198,-0.0881605027462069,0.758268005486744,-0.122676787519187,0.707392058164091
"MYCBP2-AS1",-0.19978620205985,0.911641919586937,-0.0398054556750335,0.973021251271484,-0.00288979576130306,0.998801924059983
"MYCBP2",0.0838572082927553,0.935853944284842,0.0616031325638116,0.879318949048446,0.0735349988409674,0.852402427152772
"EDNRB",0.128152019882299,0.975078487526034,0.0640351867937617,0.92326002119511,0.101983537485935,0.879642667300819
"RBM26",-0.0589139345840065,0.937120241257205,-0.0428731939145386,0.890152476377743,-0.0402918885222662,0.909152616051666
"SPRY2",-0.12405259475232,0.952093474531886,-0.0433169774391297,0.963675564531743,-0.288082453342292,0.56122308555548
"AL590807.1",-0.304235236555517,0.888570841393027,-0.186251039159419,0.875772472130238,-0.367206895749082,0.64254253499209
"SLITRK5",-0.76404145144573,0.850765417220173,-0.545196879647017,0.758268005486744,-0.679256688368698,0.651254843120267
"ABCC4",0.0425654764827497,0.986243996198961,0.0118576805313661,0.984063933916845,-0.10137505194991,0.85536489445056
"DNAJC3",0.0953353956792121,0.912249710023291,0.0791128866410103,0.833312333476619,0.108633560660085,0.763653082700191
"UGGT2",-0.134967000473708,0.831586301123345,-0.0630540824208193,0.872107878894087,-0.146460478349274,0.674363867120955
"MBNL2",-0.0704208592973897,0.959248300621966,-0.0726428974918659,0.881734569107956,-0.0873061837156305,0.876952946308714
"RAP2A",-0.0431461439064875,0.978916937415713,-0.0488170669425324,0.927168695182101,-0.0534395113603464,0.928083191496164
"IPO5",0.0674809832554825,0.937295590475388,0.0181472405397282,0.963632023564318,0.0458614275406349,0.896626277377627
"FARP1",0.016198759525989,0.989701309603352,0.0765984175086652,0.882224304734097,0.110664939999607,0.848852976435192
"STK24",0.0753247663518919,0.933760103374907,0.0500234546528797,0.898716529718228,0.047687303873336,0.91374446477642
"DOCK9",-0.504099087174491,0.893788125244219,-0.324918721689658,0.864337719886705,-0.487801344306306,0.778284814880455
"UBAC2",0.0988081321264029,0.937120241257205,0.121559996453416,0.780031844451084,0.0765244050468809,0.892914964963681
"GPR183",0.165847922482566,0.908458190058852,0.102407561350615,0.823141670358777,0.07238342464589,0.90131829140123
"TM9SF2",-0.0466007897117938,0.964462552585652,-0.0465496608647992,0.904703934927402,-0.114484752051172,0.740850861189192
"CLYBL",-0.129099146546167,0.923049362142027,-0.0617063037682609,0.923054773439819,-0.116157050396452,0.862601795381755
"PCCA",0.0820149244082865,0.937295590475388,0.0883451541468055,0.855616970453911,0.0665840153325041,0.909152616051666
"TPP2",-0.0936007356161038,0.878717842431722,-0.0913570276901315,0.714486780209112,-0.124576162777013,0.653717293188076
"ERCC5",-0.158033918735481,0.680899517809706,-0.11066745783763,0.647778243729206,-0.111079304351766,0.669306105076811
"EFNB2",0.190213079267425,0.946978282166981,0.0369115437693419,0.973354405434521,-0.082721072426098,0.934890182573882
"ARGLU1",-0.0165661922443011,0.987676987381042,0.0298650344494704,0.94861786142439,-0.0311674956575176,0.945307752665218
"TNFSF13B",0.280964782677549,0.794910857306378,0.198757114038878,0.717433010177714,0.237024116719026,0.706323775177875
"AL163541.1",-0.0655398350412696,0.989714838915354,-0.0921207685487476,0.968235073082858,-0.307033235828953,0.869689855054422
"IRS2",-0.187734251680339,0.842774473190308,-0.117251703129959,0.755206261592226,-0.140809197700994,0.732182402937651
"COL4A1",-0.132358272218562,0.985589193542083,-0.14428181194362,0.942235289270853,-0.313423081393528,0.837429769891498
"COL4A2",0.185747750703155,0.954749851012742,0.0722835850015017,0.953950398414795,-0.0724197129043032,0.946888849990106
"RAB20",0.400453330074644,0.804092412453842,0.39367027096451,0.539909812541728,0.404064556498139,0.341998100599396
"ING1",0.00464222225674303,0.994202951143564,0.0267972523785106,0.951921041926033,-0.0951642697710246,0.707392058164091
"LINC00346",-0.113509961739097,0.96969270877943,-0.143804933170737,0.833312333476619,-0.197789561092676,0.704930167667097
"ANKRD10",-0.0537902216477842,0.972158099136055,-0.0330602454945406,0.961663698018687,-0.127358336468397,0.816183228595031
"AL442128.2",-0.275471575064337,0.796589757259027,-0.189262010919049,0.707054072340348,-0.353162487941554,0.468140187860629
"ARHGEF7",0.0279510130112397,0.986243996198961,-0.0071975982759654,0.984118878898905,-0.0663949985954308,0.876270805184009
"TUBGCP3",-0.107600705728915,0.871146086444017,-0.0805027553429928,0.810628089374644,-0.116177289086001,0.753392468267112
"ATP11A",-0.0272890956263097,0.98469852697543,-0.0272340335365738,0.941264598661626,-0.0457753126701117,0.902799134413293
"MCF2L",0.0615542735948265,0.969952634197529,0.0372826120533252,0.95838531751928,-0.013488870167242,0.986310763813686
"PCID2",0.0831470551136397,0.932284171534597,0.0799720674929378,0.826603556802908,0.115236150007164,0.770336330194454
"CUL4A",-0.0441227004036986,0.959248300621966,-0.036051218716709,0.916199047574657,-0.062284205193612,0.861600338130576
"LAMP1",0.153625716547321,0.915615419264746,0.0143923803410579,0.975491710400042,-0.0376888917265163,0.943978301924551
"ADPRHL1",-0.499740069351412,0.743988537519481,-0.356687272320477,0.70238198276846,-0.443951302126403,0.65642344853735
"TMCO3",-0.153699122358756,0.871146086444017,-0.13471350801823,0.75031734596847,-0.229941878376834,0.613872543967166
"TMEM255B",0.0502655856082689,0.973305994881223,0.0398626122221349,0.95050569742153,0.110204100350333,0.84131903347566
"GAS6",0.0937270165353611,0.969952634197529,0.0762024149967005,0.931623911773862,0.0519573076968557,0.961745091546653
"RASA3",0.201965332675228,0.820711412257868,0.150685745270051,0.717433010177714,0.127659638232044,0.795852028600715
"UPF3A",-0.0342134692224735,0.978731255112132,-0.0230066263978704,0.96277084031199,-0.0507114706572049,0.916266419523569
"AL355075.4",-0.105315208877386,0.978916937415713,-0.0983097207820392,0.942670386341639,-0.168101076339859,0.877069431682963
"APEX1",0.0387523583487884,0.978731255112132,0.0392657973018503,0.942796061586225,0.038896798973069,0.943665754096722
"PNP",0.0402464369278233,0.987060796028084,0.0419574605962944,0.95050569742153,-0.0336426216087359,0.957562802791205
"RNASE4",0.206033782620426,0.956291459840523,0.0756015007432399,0.923054773439819,0.0259048932178857,0.978107886620121
"RNASE6",0.0389617605143393,0.985589193542083,-0.0132103372323786,0.980444404085137,-0.0504642353559717,0.933780001971793
"RNASE1",-0.250345729513982,0.937120241257205,-0.041498573776515,0.973528437650212,-0.0927237604483876,0.921388739958762
"RNASE2",0.441530729567313,0.838228110296931,0.369830173683926,0.539909812541728,0.473607938753619,0.364381114006951
"NDRG2",0.0653179960209829,0.987232790302631,-0.0298707842855367,0.972073571256674,-0.156795365585229,0.832180082059424
"ARHGEF40",0.134067371515097,0.871146086444017,0.135513935619677,0.700576833586673,0.188771028158234,0.477953424986133
"LINC00641",0.0441815043408211,0.986243996198961,0.0251180462575729,0.972708527066554,-0.00852951829322636,0.989364757612063
"HNRNPC",-0.035039422979784,0.978731255112132,-0.0341387579203413,0.938692122642555,-0.0603812374889501,0.876952946308714
"SUPT16H",0.0999530614924798,0.908458190058852,0.075652517446007,0.850640858042837,0.11843378361227,0.763653082700191
"CHD8",0.0491797406050051,0.958149966463211,0.0554427367985398,0.870765190363925,0.0835708001650199,0.805343626581997
"TOX4",0.045325047667822,0.959248300621966,0.0503362883711195,0.889451612114892,0.0376453798479067,0.933504502390837
"DAD1",0.0135792628016211,0.994202951143564,0.0430174414709091,0.896898631362009,0.0109977277211531,0.978643831543395
"OXA1L",0.202837822199992,0.76063344310174,0.138632470225848,0.707016966668684,0.23945601069434,0.455729469688749
"SLC7A7",0.319513913219946,0.713703084504335,0.234088904222874,0.648952690695537,0.34136602635576,0.516222050192045
"MRPL52",0.0334271766858659,0.987676987381042,0.0731837057610635,0.761732633664525,0.0889660878386852,0.760378264086355
"MMP14",0.107128711388437,0.943083225919622,0.0122138147060163,0.978772512626975,-0.0614937847301543,0.875703679005629
"LRP10",0.30799054223859,0.832959266950738,0.142893582507734,0.6118955526808,0.122672618053389,0.69288471063633
"RBM23",-0.105735240616447,0.896755086610367,-0.0546537103810732,0.879318949048446,-0.103394261338234,0.760378264086355
"HAUS4",0.0535913184804965,0.975727322813314,0.121949155661132,0.779117741632649,0.144272621812567,0.729695123645453
"PSMB5",0.393614839933068,0.850765417220173,0.271798682474832,0.539909812541728,0.344811334582013,0.341998100599396
"ACIN1",-0.0212694982714067,0.987168661761228,-0.0108338795721688,0.980003019582698,-0.0479352992202572,0.919289818241149
"SLC7A8",-0.522713931088359,0.700393778780536,-0.325690000632948,0.647778243729206,-0.383405509855475,0.542890266948191
"PABPN1",-0.230126188341864,0.728098359081719,-0.172445831764702,0.65750952685365,-0.26741175604749,0.500876779202254
"SLC22A17",-0.398438176189444,0.915615419264746,-0.296233541213636,0.799176790955061,-0.416878521473476,0.648433917630217
"CMTM5",-0.485878041174128,0.937120241257205,-0.214916034430913,0.879318949048446,-0.364115158924996,0.727883969205406
"DHRS4L2",0.161734234329316,0.882264046366445,0.148430818709372,0.752510818762613,0.218598388401028,0.65642344853735
"PSME1",0.215893573878232,0.939974313495137,0.198198457008781,0.638613914919712,0.228311257417251,0.617670448466621
"PSME2",0.479375379813941,0.802175895468196,0.348633071681108,0.539909812541728,0.361218604907199,0.516222050192045
"IRF9",0.147511634016348,0.888570841393027,0.157308135969579,0.682971009494621,0.16024693222724,0.702430088102267
"REC8",0.215564091522697,0.795440606734161,0.164707564557253,0.677762851194399,0.136300182048802,0.764244946288008
"TM9SF1",0.267136325849592,0.882264046366445,0.107272870046834,0.756597469657113,0.120943216028966,0.751636540376963
"CHMP4A",0.0351270086168285,0.959248300621966,0.0405475297768507,0.882550819749609,0.0463066383094208,0.889079989871534
"NEDD8",0.0921454775719808,0.969952634197529,0.112126713745552,0.728626054491622,0.133435414426591,0.729695123645453
"ADCY4",0.411104544304129,0.845995942306838,0.314728717784348,0.721471797566012,0.324483331396778,0.740850861189192
"CBLN3",-0.314679252760467,0.847164208899954,-0.196309126516356,0.788876679002857,-0.388459531198872,0.552534852329702
"SCFD1",-0.0488322784110711,0.956660628690128,-0.0260961869316525,0.950353656257907,0.0143199401641931,0.973942463195293
"STRN3",0.00579777093723005,0.992572521146882,0.0226203027447096,0.961663698018687,-0.0236963208968497,0.963163635851747
"HECTD1",0.120550617628455,0.799629207004386,0.0935065617801963,0.682769929955018,0.107783490389062,0.661101052133121
"HEATR5A",-0.224821098449963,0.620497879203569,-0.159499763605067,0.567636892317067,-0.197756823827555,0.486708653561664
"NUBPL",-0.111260223671865,0.905754345254302,-0.045790822179106,0.927320925434697,-0.0841057601081979,0.868416651730548
"ARHGAP5",-0.316365940677761,0.620497879203569,-0.254442566172059,0.539909812541728,-0.283980954131424,0.455729469688749
"AKAP6",-0.142288313831146,0.935582707073966,-0.0801143973733008,0.932961517129018,-0.0641990917015435,0.951917333690946
"NPAS3",-0.667571511158508,0.705285388385037,-0.549238989953296,0.61642728657258,-0.721911539184838,0.492865920176733
"EGLN3",0.0933161112219476,0.968529247878935,0.0809824286406319,0.905296396015766,-0.0659252727524642,0.925846525415444
"SPTSSA",-0.0295939034675063,0.990441389938235,-0.100431575045412,0.756994960881992,-0.137406078828365,0.685511798317414
"EAPP",0.0232024501846111,0.986243996198961,0.00857385947935404,0.981281389473242,0.00252678741799284,0.997113640321465
"SNX6",0.0401333516486178,0.985214763269641,0.0902401067795061,0.823141670358777,0.145892886919703,0.737870328721417
"CFL2",-0.0975972777464694,0.965863957544162,-0.131155770931756,0.756597469657113,-0.211508848312663,0.596801456598472
"BAZ1A",0.00952931356765694,0.991594528553645,0.0204832465686132,0.96668416533004,-0.0149869553343963,0.979207899684523
"SRP54",0.120489574270074,0.872645880549738,0.105074129225475,0.756153491520394,0.112606580316568,0.763641500860521
"FAM177A1",-0.0597809390830866,0.958007726819188,-0.0185761169218183,0.968736910528144,-0.00225163239620706,0.997682675786111
"PPP2R3C",-0.0801383719892074,0.923602803613446,-0.0580069608270565,0.864337719886705,-0.0660286129213174,0.860190911861655
"PRORP",0.111391781507577,0.920885507075657,0.12642136245368,0.756959699570331,0.207883396719946,0.627216971922475
"PSMA6",0.132595295204113,0.871146086444017,0.110659528754241,0.763807426580721,0.195543665228353,0.562754315836961
"NFKBIA",0.12454706168742,0.951617778171382,0.0257105761993082,0.968335359712799,-0.0114119200606557,0.988554595184688
"RALGAPA1",0.32250076429255,0.695012064214002,0.257952562701646,0.593504960339697,0.359498168283436,0.44995437078403
"MBIP",0.00380265324696993,0.994700390530767,-0.00642577311341004,0.988934870673404,0.00764529474440295,0.991661387607101
"MIPOL1",-0.482248943379213,0.831586301123345,-0.260538665930356,0.813747570349955,-0.488919503440372,0.57322725835086
"LINC00639",-0.312357003958346,0.877132886555714,-0.182980568912647,0.878905000893612,-0.381956451239497,0.669693275959664
"SEC23A",-0.0691030962607489,0.929615372333429,-0.0526487645236292,0.865887045284762,-0.0544425728910577,0.876270805184009
"PNN",-0.032427586074433,0.972747459822463,0.00196148444875723,0.995964398344206,-0.00968417223155717,0.983422154172852
"MIA2",-0.0296858261173766,0.982970545336331,-0.0357710595234748,0.933916104645832,-0.0302354047041265,0.95124259606861
"FBXO33",0.0698361416443261,0.92417531528931,0.0529726182136279,0.837201784480071,0.0341705371544461,0.919289818241149
"AL049828.1",-0.441599834572417,0.562118039898797,-0.32769364521246,0.55389612624062,-0.381103444991065,0.503188932768188
"LRFN5",-0.282483274134726,0.954749851012742,-0.142451507024948,0.950352759818587,-0.308689871477885,0.85616728220344
"KLHL28",-0.144323929351145,0.795440606734161,-0.0941236454706452,0.76807261540306,-0.111623369969204,0.76214077234056
"TOGARAM1",0.0041897573660886,0.994202951143564,0.0199236802308659,0.968099084668931,-0.0205889492590949,0.973942463195293
"FKBP3",0.0573382626963695,0.946978282166981,0.062033454950913,0.849257415721245,0.0820228847176902,0.76950121723314
"MIS18BP1",0.121194405837206,0.941362866167704,0.0499152884103965,0.951921041926033,-0.0379826979602137,0.948048716255807
"RPS29",0.0946812426459357,0.979937087517268,-0.0436962651699752,0.907314027876186,-0.109360869450754,0.760440344298506
"RPL36AL",0.0459757433741321,0.987676987381042,0.0340880908288125,0.941264598661626,0.0669282820428936,0.867217075275879
"KLHDC1",-0.192764312191503,0.816588549579573,-0.123657249483778,0.787285299040374,-0.173437071697246,0.738553820185858
"KLHDC2",0.0167251849704901,0.987676987381042,0.0542881448377771,0.908487932460696,0.0691608649699626,0.899181418189796
"NEMF",-0.0240755733609038,0.975727322813314,-0.00891624774008306,0.975940010120607,-0.00656333143810501,0.988199008429316
"AL627171.2",-0.530104764241735,0.831586301123345,-0.495253147587306,0.569932367616775,-0.595848160069172,0.307928681666602
"AL627171.1",-0.130877010703415,0.937120241257205,-0.08037056167782,0.895093686316181,-0.0300414817021306,0.962718171601466
"ARF6",0.161538635407107,0.906869631745234,0.04003818544827,0.935848509013914,0.0148445989587755,0.979697494751876
"LINC01588",-0.205950470701136,0.933760103374907,-0.137914339487908,0.893632374210033,-0.196547516120896,0.851564929770219
"SOS2",-0.143243957752393,0.816588549579573,-0.109492879108058,0.707016966668684,-0.133110983827927,0.682248943270219
"DMAC2L",0.153289986834509,0.831586301123345,0.127164993619701,0.695474235878513,0.150516896037993,0.575804121146368
"CDKL1",0.273354757193398,0.931295581004031,0.233230437153555,0.75395757213358,0.261834741300225,0.751636540376963
"MAP4K5",0.174011864148041,0.776423155165367,0.101927679628403,0.756801218738335,0.12963460066842,0.679131007082978
"ATL1",0.374480861769048,0.713703084504335,0.266440818703007,0.655516967718768,0.384029421672707,0.514053514355839
"SAV1",-0.119853211442036,0.946978282166981,-0.113024298788279,0.875901207578288,-0.163384898568018,0.757346948876477
"NIN",-0.104233403382669,0.85837510142014,-0.083652248021423,0.755206261592226,-0.0966440922351215,0.757986251845624
"PYGL",0.050655723878753,0.969952634197529,0.051830846417098,0.882550819749609,0.0905724176965523,0.794982096568494
"TMX1",0.0460407256099239,0.967203858991469,0.0105463724308316,0.980444404085137,0.00098857062019868,0.998801924059983
"FRMD6",-0.17849902273674,0.959248300621966,-0.171249093382102,0.856449746085977,-0.261850765474359,0.767105192939401
"GNG2",-0.244904622026076,0.663974594664865,-0.142320611641479,0.680554703992045,-0.256669563174246,0.45494131779146
"RTRAF",0.344185769659952,0.886428075551855,0.198443149419333,0.638613914919712,0.304385397743509,0.422317278574067
"NID2",-0.322174697646688,0.937295590475388,-0.288966309846979,0.865887045284762,-0.432057273568536,0.760378264086355
"GPR137C",-0.285008391771802,0.871146086444017,-0.15756711996094,0.870661925294145,-0.280378287866775,0.723532255437069
"ERO1A",0.121599329291016,0.936813462377296,0.00211558425701983,0.996049574432636,0.00953604487369932,0.988199008429316
"PSMC6",0.062619649581037,0.941362866167704,0.0275883755921252,0.950352759818587,0.0406365550363376,0.922709833813539
"AL139317.5",0.0718018066513636,0.983894524124084,0.11673748045834,0.903307056619906,0.0906239735199073,0.93637900575043
"FERMT2",-0.0230312697207541,0.991594528553645,-0.0446647120888414,0.967149837859175,-0.181740836616513,0.850173416597071
"DDHD1",-0.00729317923705386,0.993039382491997,-0.0461002121207655,0.916199047574657,-0.00924286286428579,0.988350014201583
"AL365295.1",-0.392545002129366,0.700393778780536,-0.237761224922648,0.756801218738335,-0.197830334313731,0.836967395899676
"CDKN3",0.164920997379671,0.935853944284842,0.146629697506391,0.844929496863613,0.0949969950948594,0.917407534210067
"CNIH1",0.190307628115542,0.921745497785775,0.0882979146546825,0.845169358064318,0.157927892655765,0.667988323016415
"GMFB",-0.00604061035264628,0.993039382491997,-0.0337682603748658,0.929111031656445,-0.0466232073214429,0.909013039308803
"SAMD4A",0.147007755420494,0.947260459019366,0.0277760609872713,0.97308093374412,-0.0157615027950559,0.98778746469922
"GCH1",-0.12327496235071,0.95867628166691,-0.118335586897711,0.875077046802286,-0.175426964038216,0.806345549179156
"SOCS4",-0.127726929410249,0.882264046366445,-0.101198271770165,0.78785297839852,-0.179220592166884,0.666696927518615
"MAPK1IP1L",0.0507552308703258,0.969952634197529,0.0507811896959703,0.897123059066415,0.0499571518777723,0.91093329104767
"LGALS3",0.0856485237447569,0.987232790302631,0.0331239820799408,0.956240560346755,-0.00636593407616769,0.994458394354299
"FBXO34",0.0769469886008699,0.96113609063212,0.0684152821450641,0.894470422736477,0.0601749364026185,0.892148554683578
"KTN1",-0.0458688872638146,0.968529247878935,-0.0465577589969618,0.901553497791501,-0.0585367346895041,0.884546907721629
"PELI2",-0.28730358142558,0.708906209861552,-0.240201357794132,0.6118955526808,-0.277535487677518,0.565565168186256
"TMEM260",-0.220150596391971,0.684052758618523,-0.163210231451379,0.638613914919712,-0.167831179890364,0.65642344853735
"EXOC5",0.0115679488803965,0.987676987381042,-0.0177185275147937,0.963675564531743,-0.00380691473595327,0.995031168540369
"ARMH4",0.267219177445207,0.908677802519192,0.224069869122912,0.833564017904064,0.0736768061502398,0.95848592426938
"ACTR10",0.134089390193206,0.896897490533929,0.110395372541105,0.813747570349955,0.162453112780777,0.719114764621006
"PSMA3",0.151887190196425,0.827181568283601,0.148176772004872,0.652754646020219,0.158420624831861,0.618310367784815
"PSMA3-AS1",-0.245897556991509,0.662844876689135,-0.159381938385319,0.6118955526808,-0.181466641705967,0.549787066708683
"ARID4A",0.0660717842709297,0.950497705925427,0.0364990933435723,0.938450495053442,0.0154551980524648,0.973878594622367
"KIAA0586",-0.229231429346536,0.700393778780536,-0.135369115749942,0.700576833586673,-0.151984018074543,0.708162756495889
"DACT1",0.0768612930406802,0.987165551409643,-0.0654409689060015,0.961732451996458,-0.179154279886873,0.882481661994655
"DAAM1",-0.268051512379942,0.833686082887391,-0.157690126078997,0.779117741632649,-0.163974143028246,0.75070515447857
"RTN1",-0.125697997339297,0.969952634197529,-0.0908204314267753,0.921322498525649,-0.269883514302936,0.677004758747164
"PCNX4",0.0611476482379972,0.952093474531886,0.0592008831712447,0.879318949048446,0.135003149544684,0.659522181455106
"DHRS7",0.123809312900612,0.891570953693957,0.0925886723073931,0.821232058374575,0.0822696697866237,0.85616728220344
"MNAT1",-0.182083030745823,0.813060454286367,-0.0874485383258462,0.823408681057155,-0.146130725834167,0.674188768108013
"TRMT5",-0.0847565667909543,0.972032683928677,-0.076300358855094,0.914523254321166,-0.122294356797991,0.848891669145479
"SLC38A6",-0.501330027403537,0.607226415643211,-0.326714384035726,0.562788400441728,-0.453373353252569,0.396298682889274
"PRKCH",0.252835051286228,0.684238272206636,0.174435781559831,0.64689033572854,0.1608497489237,0.631527765483242
"HIF1A",-0.0720165920064872,0.984220501986375,-0.0632550178972349,0.928219041017116,-0.150995617800773,0.80444437072758
"HIF1A-AS3",0.077294664490985,0.987060796028084,0.103129473432897,0.928729308407458,-0.0155202227613005,0.989193131684562
"SNAPC1",0.0395140510153264,0.987060796028084,0.0389780841049095,0.955974194500863,0.0353855359336724,0.961064183572357
"RHOJ",-0.36095504548662,0.923535871787432,-0.254722878906304,0.856449746085977,-0.385547775154741,0.748862195750871
"PPP2R5E",-0.0657493982713916,0.937295590475388,-0.0344843699599429,0.930063402377764,-0.0242626939986121,0.957032935111442
"SGPP1",-0.266064056166726,0.700393778780536,-0.202962371275616,0.607260215430647,-0.325362815093529,0.422317278574067
"SYNE2",-0.857999778213684,0.708906209861552,-0.605683402260937,0.662549644226789,-0.813877003888459,0.536896397872498
"ZBTB1",0.373044937739106,0.593292505883388,0.280379636425047,0.539909812541728,0.283558331650487,0.455729469688749
"HSPA2",-0.0373969272052456,0.987676987381042,-0.0548963578772447,0.935940267154224,-0.267373335714505,0.376391918003978
"CHURC1",0.00338172480689199,0.994222745134017,0.00590890762075834,0.987452783543134,0.0305462570500452,0.951869325101586
"FNTB",-0.0660447229688714,0.959248300621966,-0.0285529605002907,0.96277084031199,-0.065137134123538,0.916275122487523
"MAX",-0.114168137046117,0.845995942306838,-0.063009612673615,0.823141670358777,-0.0872382106173514,0.786833378936212
"FUT8",-0.128430327974655,0.850765417220173,-0.0661470350348535,0.879318949048446,-0.134682951408319,0.760378264086355
"AL359232.1",-0.076036706703593,0.959248300621966,-0.0375531173044709,0.962750500945689,-0.0547501256511085,0.945988667273006
"GPHN",-0.321112109132984,0.607226415643211,-0.218045325615818,0.648927184672061,-0.298895687159474,0.568404388710767
"MPP5",-0.168506478069528,0.745590386868765,-0.09211351944143,0.758268005486744,-0.148013675313544,0.652624959124987
"ATP6V1D",0.180120152686595,0.790872788088734,0.169061953836553,0.616245684561578,0.202174579669256,0.580566973158281
"EIF2S1",0.232984632168734,0.700393778780536,0.196755666166659,0.602584390525497,0.234430083167077,0.518056166425906
"ARG2",0.055802305286525,0.986243996198961,0.100751366674236,0.896898631362009,-0.048918884228945,0.951917333690946
"VTI1B",0.212351019534879,0.722654050853002,0.161458718142832,0.662968147963699,0.214366782661428,0.584982212025935
"RDH11",0.0240243864192534,0.986740807946813,-0.0116992322175582,0.975940010120607,-0.0282272448846557,0.953664291216341
"RAD51B",-0.053559677924437,0.943546322228372,-0.0183068534532714,0.96668416533004,-0.0601819872707341,0.897714810523325
"ZFP36L1",-0.502060519627945,0.663974594664865,-0.380343547865452,0.539909812541728,-0.476515319308234,0.452200436559542
"ACTN1",-0.0578280876651225,0.978222728889952,-0.0470781562120099,0.953101070980814,-0.126323131730956,0.847236525989429
"DCAF5",-0.0339206778285094,0.964462552585652,-0.0356337917893822,0.891507633403955,-0.0561689201068053,0.848000614637326
"ERH",0.103877822694275,0.974793128542308,0.034637535114551,0.93823275282007,0.00463238179752268,0.992577129869039
"SUSD6",-0.0780205388579543,0.951617778171382,-0.0419242139767899,0.941264598661626,-0.0673216805407155,0.899181418189796
"SRSF5",-0.0242041212350794,0.987168661761228,-0.0146338314978426,0.975491710400042,-0.0569186961459519,0.899181418189796
"COX16",-0.11235216801538,0.916339396900937,-0.0619751301060263,0.886110001251929,-0.0999206241634858,0.832324816738401
"SYNJ2BP",-0.148390394326932,0.843597380972485,-0.106239999201008,0.763121519273086,-0.133020064381088,0.715067366856662
"PCNX1",-0.0527504555044974,0.96326928658639,-0.0446821616029497,0.916199047574657,-0.079028075514428,0.860190911861655
"AC004817.3",-0.769996493628586,0.620497879203569,-0.371971029794069,0.565951168967911,-0.412834524388042,0.454646209978998
"SIPA1L1",-0.0963537052072121,0.951610900208567,-0.0546895133548506,0.901553497791501,-0.146718213418931,0.702012842855109
"RBM25",0.133433661142824,0.847164208899954,0.115288412445498,0.720627753630801,0.105684293872556,0.762981098408494
"PSEN1",0.0381895718639864,0.975211087132196,0.0327156490217296,0.92878860446399,0.0230694147983079,0.957562802791205
"PAPLN",-0.606946224941417,0.659564394798225,-0.410151616770963,0.635116598030598,-0.48333951341431,0.518056166425906
"NUMB",-0.137851921994182,0.858670945420424,-0.0957969016820056,0.761146693087719,-0.172008940644101,0.57608720313013
"AC005280.1",-0.662859497232472,0.713703084504335,-0.435633412959143,0.643487135185881,-0.629984197895319,0.241248040103115
"PNMA1",0.087160282388008,0.986243996198961,-0.0430753412575791,0.962715960888231,-0.194635615036288,0.768245000954006
"ELMSAN1",-0.142344040502053,0.888338548189388,-0.122933006560702,0.779535842465706,-0.191752139569285,0.685511798317414
"AC005480.1",-0.213635240761119,0.903608037062864,-0.118347196211539,0.907199956713105,-0.0791113039297271,0.946888849990106
"ALDH6A1",0.15266606972407,0.956189059517408,0.034055310476587,0.949083560951574,-0.0290541731124492,0.957562802791205
"LIN52",-0.465685877973895,0.615910607717767,-0.332810651523112,0.567636892317067,-0.458469811471595,0.416337165345633
"NPC2",0.276401568627091,0.897129444505265,0.172059975693309,0.647778243729206,0.199540017332527,0.562754315836961
"LTBP2",-0.0839537815480206,0.967203858991469,-0.00352913318757409,0.996049574432636,0.0144811083460324,0.98833262269817
"YLPM1",-0.0716794822993939,0.915615419264746,-0.0458362600704164,0.868420307355323,-0.0773569696210698,0.771055408827354
"PGF",-0.0439726058060489,0.987676987381042,-0.0873881607532338,0.927168695182101,-0.245357083637956,0.747613075358224
"MLH3",-0.268352544426,0.735468360345859,-0.195968252811777,0.655885041836434,-0.184959096925623,0.684351540774242
"ZC2HC1C",-0.269943426493037,0.850765417220173,-0.13354478874724,0.8654347943669,-0.106859818745224,0.907798853627752
"TMED10",0.198951988897022,0.745590386868765,0.115634395008487,0.728626054491622,0.186869141965039,0.555094888409749
"FOS",-0.145190815799278,0.937120241257205,-0.125433925475611,0.743182114935525,-0.226475937606471,0.502782781028872
"LINC01220",-0.393886966878837,0.635362086335881,-0.259204425222329,0.601304327096909,-0.417509835986919,0.360738283189872
"JDP2",0.0913860529489897,0.975727322813314,0.175003412934084,0.797014489352343,0.14269472209527,0.831114859524197
"FLVCR2",0.653817012439039,0.562118039898797,0.460572585271408,0.539909812541728,0.575357165795173,0.343224439327631
"TTLL5",-0.0446674251148582,0.969952634197529,-0.0253622439322748,0.963675564531743,-0.0640233126383963,0.914685256526293
"ERG28",0.0687453134709753,0.969952634197529,0.0220006609169589,0.973587280964195,0.0164559797759229,0.986310763813686
"IFT43",-0.00694056657120887,0.992042135019335,0.0318283295505219,0.935940267154224,-0.0301798794152073,0.942743430595247
"GPATCH2L",0.0322090841241572,0.986243996198961,-0.0096579548827693,0.982567521584643,0.00107761082552509,0.998801924059983
"VASH1",-0.0710294382360359,0.961059654169002,-0.0136076821554439,0.980000233091819,-0.0769790640173128,0.896450060674546
"IRF2BPL",0.154574564146638,0.956660628690128,-0.0010583609476631,0.998499665775541,-0.0173308425424912,0.975167068916286
"AHSA1",0.303154475193863,0.663974594664865,0.200802354330717,0.602584390525497,0.231589125456978,0.562754315836961
"SPTLC2",0.378349511716099,0.740877974418763,0.31477796628641,0.576859503928985,0.410823506221949,0.45494131779146
"SLIRP",-0.0972298323442544,0.919148819271251,-0.0487104193797082,0.912200558994985,-0.103349014678336,0.823982185326409
"SNW1",0.087537570642214,0.9117360607865,0.0847070898110242,0.790067916621749,0.0759876302834546,0.851615103190831
"NRXN3",-0.138527666793538,0.986243996198961,-0.0675946280787931,0.975491710400042,-0.1393046405622,0.942704346768459
"DIO2",-0.962079571138351,0.838228110296931,-0.815973739339392,0.703986373319257,-0.490271259508925,0.79074754214483
"CEP128",-0.119547976810703,0.891570953693957,-0.0984499793239647,0.845169358064318,-0.137188210515366,0.795852028600715
"TSHR",-0.249902020207359,0.937120241257205,-0.196295728411981,0.891507633403955,-0.352165322933681,0.758463674903055
"AC007262.2",-0.651637652811342,0.59030874370855,-0.509756210287062,0.539909812541728,-0.58974732064601,0.428606286713091
"GTF2A1",-0.303743588485066,0.65788962444428,-0.234597402691812,0.567754820711177,-0.345424694723671,0.376391918003978
"AL136040.1",-0.458460742617286,0.713703084504335,-0.352592676458204,0.539909812541728,-0.547801897446403,0.307928681666602
"STON2",-0.177207754439545,0.959145885464539,-0.0776401144585987,0.958734588994762,-0.162396042454875,0.856238594845349
"SEL1L",0.0591910079115029,0.945421051661546,0.0126005853485159,0.973528437650212,0.0448629682428771,0.901872547234938
"FLRT2",0.613857108293098,0.816891426562279,0.570651725800141,0.655885041836434,0.502805601620862,0.685511798317414
"LINC02328",-0.220700928028168,0.838228110296931,-0.103864277138901,0.865887045284762,-0.234238001303242,0.642212074713433
"GALC",0.16544860150502,0.8276928018909,0.130461412743731,0.701215480896238,0.1704518251331,0.627561529434102
"GPR65",-0.0453336628056659,0.978731255112132,-0.0718743541470283,0.891507633403955,-0.0207996088622092,0.977649323251274
"LINC01146",-0.183093755172823,0.836203256481455,-0.10219262854941,0.808661139101294,-0.0905591245883606,0.858349187127347
"KCNK10",0.796531026506036,0.562118039898797,0.579107549777288,0.539909812541728,0.768491015497973,0.257964807679234
"SPATA7",-0.0201740478225979,0.987676987381042,-0.0388376383619673,0.95050569742153,0.029543410014411,0.963197165494884
"PTPN21",-0.298225951454317,0.923602803613446,-0.288217991170832,0.813747570349955,-0.392636998495542,0.760440344298506
"ZC3H14",0.000336470500469667,0.999963380658618,0.0180921329613966,0.963632023564318,0.0291436790459746,0.945918621375424
"TTC8",-0.0169067013644503,0.990850390543415,0.007126355024144,0.994111893424054,-0.113589975420812,0.879642667300819
"FOXN3",0.00858959715216196,0.990850390543415,0.0353065267596926,0.927168695182101,0.00749156557484196,0.989193131684562
"EFCAB11",-0.201351873880566,0.838228110296931,-0.112277772079023,0.813747570349955,-0.234989971163376,0.617295806842706
"KCNK13",0.119404772242039,0.951610900208567,0.110910146204766,0.875901207578288,0.0618901884234308,0.942743430595247
"PSMC1",0.102542864790136,0.878233515505605,0.08935319097585,0.756959699570331,0.0771464904173754,0.840958304078689
"CALM1",0.150567645989427,0.94640054668399,0.0692712421761335,0.86055599668641,0.0497515568763366,0.916762859743837
"TTC7B",-0.0797386158224343,0.950972662765713,-0.00186737114265108,0.996707533811374,-0.0485753539983404,0.937464884225664
"RPS6KA5",-0.300978208269193,0.743988537519481,-0.209408249429632,0.696845041771802,-0.272110900048528,0.635630814036157
"DGLUCY",-0.0456245185425968,0.969952634197529,0.00988384331167916,0.981281389473242,-0.0252343252700535,0.967663675087524
"PPP4R3A",0.0637311228982209,0.936813462377296,0.0325180032953167,0.923658544855646,0.0328250679306727,0.934890182573882
"FBLN5",0.0497891838054219,0.987676987381042,0.0265884868149527,0.981281389473242,-0.0438279143303685,0.976901867362516
"TRIP11",0.0222868413403822,0.987165551409643,0.0218492483740281,0.963632023564318,0.0679150901644734,0.837429769891498
"ATXN3",-0.143669670433887,0.767397326336059,-0.108511063051527,0.675699955475318,-0.116715888424618,0.671725003276423
"NDUFB1",0.0107542629075252,0.993039382491997,-0.0103835990829771,0.980183926135288,-0.0808575073630886,0.849373642506184
"CPSF2",-0.101122991032568,0.916339396900937,-0.0893206128282369,0.809797830130171,-0.0887848841666463,0.834800523327559
"SLC24A4",-0.384324665365878,0.844246272414761,-0.23267492437731,0.79501289785789,-0.391316455833344,0.646736088217769
"RIN3",0.119391133169707,0.903608037062864,0.145076602748068,0.655885041836434,0.14877970070029,0.673601444674556
"LGMN",0.108285519864965,0.969952634197529,0.138648911517368,0.848374793858531,0.118714315756787,0.879642667300819
"ITPK1",0.155594418221673,0.842460010275105,0.116712815948903,0.763893552303813,0.0660380015371641,0.893718814106452
"TMEM251",0.0917005570313079,0.975727322813314,0.0180852910776613,0.977530165599063,-0.0655040352191698,0.922709833813539
"BTBD7",0.0249901340246564,0.986740807946813,0.0169463401566784,0.968776941464102,-0.0133027341724014,0.980766459646602
"UNC79",-0.156371888221946,0.946978282166981,-0.0948520229066,0.932961517129018,-0.300119418735033,0.685511798317414
"PRIMA1",-0.567904519243318,0.877132886555714,-0.422331448836541,0.756801218738335,-0.548784761529823,0.664373344625671
"DDX24",0.0899798759933645,0.934927627313204,0.0959604367734513,0.780930792777978,0.125934677659048,0.746806117012538
"IFI27",-0.176574346421278,0.978916937415713,-0.185826993207061,0.935848509013914,-0.2502230446756,0.916996650945138
"IFI27L2",-0.0827644418252182,0.987381297202584,0.002374177721524,0.995964398344206,-0.0137347452038365,0.980989191776043
"SERPINA1",0.133170775138015,0.91971507233412,0.144651327872707,0.743182114935525,0.202533692926323,0.659522181455106
"SERPINA5",0.0550183536362386,0.990850390543415,0.107927279456798,0.963675564531743,0.0856890130847998,0.973046066546357
"SERPINA3",0.249647226227816,0.973069605188034,0.183088704377799,0.930738487438733,0.114179157466913,0.966859747050095
"DICER1",0.0278695349330768,0.983894524124084,-0.00664436331524456,0.984011097633494,0.0558856946124514,0.853526164117401
"CLMN",-0.029389961517037,0.987676987381042,-0.0266904040650775,0.975491710400042,0.0669492926538154,0.934885915925458
"SYNE3",-0.494743886598108,0.620497879203569,-0.344825881609027,0.539909812541728,-0.371559769134263,0.455729469688749
"GLRX5",0.208396570172572,0.937120241257205,0.114179765485018,0.757215489546486,0.178054452319898,0.514053514355839
"ATG2B",-0.266638788061486,0.663974594664865,-0.218990019726343,0.567636892317067,-0.310555557183581,0.437992645675782
"PAPOLA",-0.0637020229986328,0.946978282166981,-0.0614851035640674,0.877318442258331,-0.0512471119575395,0.907798853627752
"VRK1",-0.0158351458130378,0.987676987381042,0.00585525346270743,0.989648351854567,0.0377352345750799,0.938273120553346
"BCL11B",0.582046732316357,0.872645880549738,0.421047671817479,0.813747570349955,0.409928115789195,0.849064773420446
"SETD3",0.168510337470512,0.805297296612406,0.117888170192412,0.73101121462528,0.116124662569194,0.760440344298506
"CCNK",-0.0527749453198823,0.959145885464539,-0.0329341065071923,0.940619548176605,-0.0742042571297314,0.862063018736608
"EML1",-0.199158496576757,0.899444662239254,-0.138760307081024,0.841577123092841,-0.265049140600886,0.677246287404597
"EVL",0.263792070197831,0.794910857306378,0.221156633663718,0.678110628123578,0.166956920109899,0.760440344298506
"YY1",0.143334022174076,0.830656135169563,0.0912561252354163,0.756153491520394,0.0959842826143193,0.77453107324188
"SLC25A29",0.0700619820350042,0.975333653661194,0.0495626589025682,0.957478664458587,-0.108408947754762,0.883528995898572
"WARS",0.142910642452902,0.937120241257205,0.0647996528908592,0.898716529718228,-0.0257600409005418,0.970471175880853
"MEG3",-0.150191629824657,0.974793128542308,-0.0869599528149381,0.961732451996458,-0.177992905142278,0.91093329104767
"MEG8",-0.177339122531214,0.963914153263676,-0.123376549012214,0.933850507025293,-0.221188754651253,0.82369527064263
"PPP2R5C",0.00372499369626288,0.994202951143564,-0.00330670643882057,0.990936461781775,-0.0168008290413884,0.96749032534522
"AL118558.3",-0.143651988986193,0.920800560535454,-0.0296993872254152,0.96277084031199,-0.121952521360269,0.80137967236651
"DYNC1H1",0.105082760113793,0.877674649062151,0.071776614553754,0.792632874975668,0.052474650016917,0.879642667300819
"HSP90AA1",0.0843691600612211,0.975727322813314,-0.101324655552241,0.779985172446709,-0.125087574042418,0.702430088102267
"WDR20",0.0723728790893893,0.930115009790026,0.06629950169552,0.85524082416815,0.0144122798212881,0.977649323251274
"TECPR2",-0.0306860583985842,0.987232790302631,0.0176669838521886,0.975544798159894,0.0433350999651732,0.951211092216974
"RCOR1",0.154986435939591,0.838228110296931,0.133500359646791,0.638613914919712,0.120446719020477,0.692560546729583
"TRAF3",0.0314772881590518,0.987381297202584,0.0569443360944563,0.933850507025293,0.00420485253756447,0.997113640321465
"CDC42BPB",0.0947623563679945,0.923602803613446,0.110632138347192,0.756959699570331,0.111607463526927,0.801475140049363
"TNFAIP2",-0.246843801469372,0.794138154549402,-0.135404743173236,0.757349943453904,-0.211171724075583,0.630501770337513
"EIF5",-0.00146986838582628,0.998674355631457,-0.0171017107532035,0.964887107613838,-0.0365230328163088,0.922709833813539
"MARK3",0.0989304590086063,0.888338548189388,0.0840985701211256,0.75733713491567,0.0835464553685502,0.780470121393822
"CKB",0.221083980425582,0.968529247878935,0.092704729379511,0.961663698018687,-0.218268547155541,0.868416651730548
"BAG5",0.0825678728037715,0.928897568430517,0.0393112665536957,0.927168695182101,0.048083719905633,0.919289818241149
"KLC1",0.0834291488711396,0.891164357084993,0.0750366018767593,0.761427749256156,0.0656483235614337,0.837429769891498
"COA8",0.0937809249009741,0.915615419264746,0.0702680336169931,0.806837021587176,0.0667089465628161,0.839392539582093
"ZFYVE21",0.388776663045529,0.842482482599777,0.204270931892568,0.602584390525497,0.297333829572861,0.454646209978998
"PPP1R13B",-0.113559142630005,0.959248300621966,-0.0790761418015241,0.927168695182101,-0.253162724659767,0.636827104482713
"ATP5MPL",0.107978494860814,0.975727322813314,0.0821371131152784,0.813747570349955,0.110404258102048,0.780815890200692
"INF2",0.34147085258676,0.896831419137296,0.156076220614666,0.732900498693472,0.141311537883005,0.752196195528005
"SIVA1",0.200124173429099,0.937120241257205,0.110525205601765,0.732900498693472,0.136264455414665,0.72114752113053
"AKT1",0.0652363774886566,0.969952634197529,0.0335575638442789,0.962866185703775,-0.0489926208077345,0.937464884225664
"PLD4",0.415922165390148,0.695012064214002,0.279501426215864,0.637200062866805,0.261170057577669,0.639972620212142
"AHNAK2",-0.0387438712115101,0.989020511532505,-0.00274286530063112,0.999188751903088,-0.148266456138446,0.91093329104767
"GPR132",0.0388469482155611,0.987232790302631,0.0455936283076384,0.961663698018687,0.0638827762146236,0.946418475389209
"JAG2",-0.148265650092399,0.964792346825516,-0.0740579812569587,0.961663698018687,-0.122503711499279,0.924094511655778
"NUDT14",0.207581610055917,0.915615419264746,0.200996801812134,0.600950135999603,0.181898089227723,0.635630814036157
"PACS2",0.0406427370703556,0.975727322813314,0.0416776258401782,0.931623911773862,-0.00725928286814347,0.992015271357945
"CRIP2",-0.243189102141598,0.969952634197529,-0.118400103923339,0.94617045595008,-0.250686035058063,0.832364307487799
"CRIP1",-0.176104597791182,0.969952634197529,-0.138461967220426,0.882550819749609,-0.174954465051237,0.83780945723087
"NIPA2",0.162859184848341,0.847763278066247,0.143179905112877,0.707016966668684,0.131215958112901,0.751323569983828
"CYFIP1",0.175571520287811,0.908677802519192,0.0916044621923738,0.886521787873812,-0.000961622640119547,0.999481822541554
"NDN",0.78666237774679,0.841271683568883,0.647810394532738,0.638613914919712,0.559937687720109,0.618987025319404
"SNRPN",0.371802140219729,0.86918309088418,0.251083492400772,0.539909812541728,0.281738235680154,0.45034075927553
"SNHG14",-0.00529298951283035,0.994202951143564,0.0321385565935836,0.96242869953788,0.0597504206493292,0.922096086495604
"UBE3A",0.0177239177118129,0.987060796028084,0.0188114309543888,0.961663698018687,0.0367367694105759,0.916996650945138
"ATP10A",-0.430695497561034,0.908458190058852,-0.232469547846685,0.870273941586954,-0.329884575328515,0.823058839120399
"HERC2",-0.184553068245514,0.760255945404762,-0.11634588061658,0.712661164701235,-0.210109486901352,0.470146306281723
"APBA2",0.123417008915616,0.986243996198961,0.0576886850555016,0.975940010120607,0.0350873010646516,0.98901636070263
"NSMCE3",0.330593828919806,0.850765417220173,0.151085678237013,0.829013748623538,0.159044580960509,0.83780945723087
"TJP1",-0.1804402815784,0.964462552585652,-0.142818029768455,0.908487932460696,-0.263503513529039,0.803429817692583
"MTMR10",-0.190622935338714,0.700393778780536,-0.161207600427919,0.576859503928985,-0.215182283220365,0.481910187478774
"KLF13",0.374811554611267,0.607226415643211,0.2784952485855,0.539909812541728,0.311075523014299,0.45635154083288
"OTUD7A",-0.348683936947719,0.834869989317809,-0.212331797943728,0.829870923265629,-0.315250546455184,0.747613075358224
"GREM1",0.248089175260775,0.932284171534597,0.273147475245082,0.735512908698436,0.304854331958639,0.75070515447857
"FMN1",0.147650914876096,0.923535871787432,0.117164555032496,0.856449746085977,0.188892817492606,0.760378264086355
"AVEN",0.340425495014808,0.787022388998985,0.312271579184686,0.616245684561578,0.497056486799297,0.427789007407824
"EMC7",0.194703248462539,0.937497297520597,0.1079786527199,0.750822022845789,0.119796262131017,0.679131007082978
"KATNBL1",0.0030325103404387,0.994700390530767,0.0179819369136972,0.968736910528144,0.0420885066581112,0.922709833813539
"EMC4",0.103490763284515,0.968529247878935,0.0572306282463596,0.894513115932639,0.0574141405503419,0.868416651730548
"SLC12A6",-0.201545310928528,0.795440606734161,-0.14763771596115,0.700576833586673,-0.250113597295214,0.419986023345155
"NOP10",-0.0766935958848808,0.987168661761228,-0.033507950182348,0.949757741465138,-0.0846567493811416,0.85616728220344
"DPH6",-0.0806642512760027,0.923602803613446,-0.0292918547939582,0.946215994506189,-0.0508891499629155,0.907798853627752
"DPH6-DT",-1.31218132987825,0.562118039898797,-1.0282723969911,0.539909812541728,-1.19289163441134,0.360738283189872
"C15orf41",-0.104752569875699,0.937120241257205,-0.0731911460681732,0.912322061541858,-0.0619183022579846,0.937464884225664
"LINC01852",-0.788066098419487,0.620497879203569,-0.564002399061324,0.562788400441728,-0.774701743652807,0.255695102597858
"SPRED1",-0.239711598951943,0.848228309522531,-0.136677467797068,0.820756688134211,-0.239361467994525,0.702430088102267
"THBS1",0.0591035106652243,0.987676987381042,-0.00937955741130553,0.994814943715488,0.118996771398637,0.938126337863265
"GPR176",0.156359917399198,0.959248300621966,0.0641207550080411,0.961975574390008,0.0110513661067197,0.995031168540369
"EIF2AK4",-0.10111936519462,0.872645880549738,-0.0575033099816383,0.867775140580767,-0.058643232152151,0.883528995898572
"SRP14",0.173944467914268,0.972032683928677,0.116797676169969,0.690435247879622,0.102238036983241,0.76214077234056
"BUB1B",-0.149977283759133,0.959248300621966,-0.174150085761414,0.881632809852023,-0.32419437809104,0.771400103797342
"INAFM2",0.0750356030718343,0.975727322813314,0.0381840814716706,0.963675564531743,-0.0506665410782182,0.955253064145895
"CCDC9B",-0.0620912767690627,0.987381297202584,-0.12530089234433,0.893648441421951,-0.198875735014486,0.83780945723087
"IVD",0.0987330635434573,0.920885507075657,0.0833812582341647,0.842762032919684,0.0100061989888729,0.987305970075237
"KNL1",-0.287133519222772,0.856344909004165,-0.198270620071718,0.797867139383552,-0.239334774901038,0.792835401805648
"RMDN3",0.115324288378492,0.900233158660965,0.0943832921348693,0.802208435454208,0.104445565405791,0.822727876050727
"GCHFR",0.224383062590578,0.969506256606454,0.223032192639816,0.865887045284762,0.303724417470551,0.815757090751098
"DLL4",-0.155113707718266,0.975727322813314,-0.0927283696875302,0.963675564531743,-0.604404087144976,0.597365886924465
"INO80",-0.104144493133452,0.865934979413673,-0.0543431282187821,0.848374793858531,-0.0967811700348886,0.737870328721417
"CHP1",-0.0444853811449373,0.972747459822463,-0.0152064126884405,0.973528437650212,0.00785541762814086,0.989193131684562
"OIP5-AS1",-0.270921553788008,0.623672057295787,-0.232533932204105,0.539909812541728,-0.274939214512342,0.430331057882329
"NUSAP1",0.0434126088569353,0.987165551409643,0.0376155235702663,0.963675564531743,-0.0012955192710584,0.999340717235879
"RTF1",-0.0154204155934619,0.987168661761228,0.00722628929081622,0.981281389473242,-0.0213686888330655,0.961530643332731
"TYRO3",0.661881495323147,0.831586301123345,0.414550263544752,0.70238198276846,0.735159256352001,0.503188932768188
"AC016134.1",-0.33466417604867,0.885213448640826,-0.18394993570163,0.86822983131918,-0.418377424025755,0.455988349676889
"MGA",-0.123244776841851,0.831586301123345,-0.0773576713670187,0.756959699570331,-0.0795542079030367,0.774544852909099
"EHD4",-0.0342774148289831,0.986243996198961,0.0225718659946657,0.963675564531743,0.0478473544183635,0.926547168644906
"TMEM87A",0.0232392550352165,0.981775591990989,0.0242505834476416,0.948036379629557,0.0269715741974718,0.943665754096722
"GANC",-0.133655256921366,0.845995942306838,-0.0923714405509704,0.791745395049377,-0.0959920205791833,0.822329630704024
"ZNF106",-0.00501913328832727,0.994202951143564,0.0173677546840046,0.972633302354072,-0.0153142484382369,0.979218528186553
"SNAP23",-0.0591793843070407,0.941481893371475,-0.0584153707618257,0.863660684599785,-0.125617373670334,0.677246287404597
"AC018362.1",-0.066246031542127,0.975727322813314,-0.0289189566478345,0.973587280964195,-0.0984510216080476,0.874739911913299
"STARD9",-0.34019802676012,0.760255945404762,-0.243855484368246,0.701215480896238,-0.344220477165846,0.582307005982188
"TTBK2",-0.363030444339382,0.607226415643211,-0.26895326880271,0.539909812541728,-0.327107123946766,0.364381114006951
"UBR1",-0.184792279014614,0.723590643677708,-0.132248598321527,0.647778243729206,-0.160796964814653,0.602734415631695
"TMEM62",-0.211002250916066,0.714848421069559,-0.134207645400063,0.725781874510064,-0.175871842783573,0.672027179989312
"CCNDBP1",0.176951878874592,0.847763278066247,0.115555296254889,0.805113131384244,0.201462269789476,0.669306105076811
"MAP1A",0.280957079081295,0.936813462377296,0.188963242299033,0.834449139647509,0.211708948173162,0.830448887793427
"PDIA3",0.275772246955784,0.659564394798225,0.213323714825854,0.576859503928985,0.254119821957199,0.518056166425906
"SERF2",0.0585784477284398,0.987676987381042,0.0396536964570826,0.907314027876186,0.0327947427133023,0.941209091017088
"MFAP1",0.142798873097569,0.85837510142014,0.125041704514715,0.747518732835544,0.138879441319014,0.759954651839089
"CASC4",-0.0775751736698403,0.92417531528931,-0.0360024234087847,0.921217419542669,-0.0465431869480733,0.89675635447082
"CTDSPL2",-0.152143508779954,0.795440606734161,-0.104621682960359,0.719991570245763,-0.152006946260588,0.65642344853735
"EIF3J",-0.0752136102620243,0.946978282166981,-0.0460989261336166,0.926322643997104,-0.0849304634409191,0.868416651730548
"SPG11",-0.139442089833582,0.831586301123345,-0.0973369658889929,0.726008162470312,-0.109701233745232,0.698678171744991
"B2M",0.373206524312643,0.831586301123345,0.215151874372557,0.619039507055099,0.279698234819316,0.52139907878696
"TRIM69",-0.0043721528210336,0.995059385715221,0.0120901373309742,0.982567521584643,-0.0519512639053088,0.934890182573882
"AC051619.7",-1.40411825532693,0.607226415643211,-1.1339370882049,0.539909812541728,-1.39150432754294,0.241248040103115
"AC051619.8",-0.56260890916113,0.825709747415067,-0.482634846548342,0.619039507055099,-0.610524950263992,0.406317645003979
"GATM",-0.138634311605835,0.968662340367089,-0.0978018617450878,0.819651123007178,-0.209036243736463,0.57608720313013
"C15orf48",-0.128480028942505,0.954971639490914,-0.0476374479113858,0.961663698018687,-0.107743649388231,0.901872547234938
"BLOC1S6",-0.0641638399219203,0.943083225919622,-0.0495385888576729,0.885041529327646,-0.0729024650875681,0.851933085705198
"SQOR",0.208816641224435,0.700731738458386,0.16828968854838,0.635990683333229,0.250435419507707,0.406317645003979
"SEMA6D",-0.454206735588012,0.886428075551855,-0.321364036970643,0.835278724571696,-0.59920984327721,0.646736088217769
"MYEF2",-0.291364690166425,0.83918015622167,-0.209779592205084,0.678110628123578,-0.41169060465734,0.364381114006951
"DUT",0.0306887183716029,0.987060796028084,0.00251123602846075,0.996049574432636,0.0162351803646059,0.976901867362516
"FBN1",-0.27597898641907,0.950497705925427,-0.260342373249915,0.871103372434564,-0.381241934912452,0.801475140049363
"SHC4",-0.45263784724209,0.876177004500081,-0.317820310496468,0.781746921621551,-0.421452470363045,0.685511798317414
"EID1",0.108040125168504,0.986136653224698,0.0566383606180481,0.860287205518009,0.0464875203075694,0.882199873635723
"SECISBP2L",-0.0809680790623668,0.937295590475388,-0.0974482641714714,0.761146693087719,-0.100959465512855,0.774544852909099
"COPS2",0.0433655490450142,0.974793128542308,0.0161387962087072,0.974061650661939,0.0491924504126015,0.919542522552017
"GALK2",-0.0337877968371405,0.987165551409643,0.00101559877986071,0.998851345568833,0.0406272314031267,0.952974449165695
"FAM227B",0.104446074694764,0.962718721338874,0.13102052945218,0.86822983131918,0.164638707681119,0.848852976435192
"FGF7",-0.487104684839096,0.850765417220173,-0.39475878646098,0.689280649415964,-0.593136601891441,0.533803753509296
"DTWD1",-0.0492494554731644,0.968529247878935,-0.0227806257374994,0.963632023564318,0.0107857215864043,0.986627547618221
"ATP8B4",-0.46877889572791,0.620497879203569,-0.330289718891247,0.572932137442038,-0.501803233747826,0.388428921167952
"GABPB1",0.126778825594029,0.939117507747489,0.118299216380327,0.848123562433291,0.118479500692577,0.781911316758781
"GABPB1-IT1",0.0775222731805845,0.958007726819188,0.0667535408112144,0.911104990632369,0.0488504786833639,0.899743492076847
"GABPB1-AS1",-0.0385417094945658,0.987676987381042,0.0545024809355886,0.959082908386949,-0.0260566689180859,0.96749032534522
"USP8",0.0201870009911379,0.987168661761228,0.0276798615037082,0.944564301575183,0.0322245535946543,0.934885915925458
"TRPM7",0.00745353948966415,0.990850390543415,0.00677247534907891,0.982567521584643,-0.000179656458418712,0.999739842870507
"SPPL2A",-0.00671929811790517,0.993039382491997,0.00361248701474613,0.994111893424054,0.00903040649443872,0.98901636070263
"TNFAIP8L3",0.135483552520089,0.977642744156684,0.283033973491812,0.78785297839852,0.180449797941975,0.876952946308714
"GLDN",0.465096216911772,0.841271683568883,0.31477345679161,0.781746921621551,0.492819973860277,0.668368989076955
"DMXL2",-0.170489577146309,0.861442531698028,-0.146430213024688,0.728626054491622,-0.145088651746818,0.704955888516877
"AC066613.1",0.065214740071584,0.987381297202584,-0.0666504050790655,0.967149837859175,-0.0867351368056304,0.962281970828449
"LYSMD2",0.232921250488015,0.83719837079417,0.161388816010201,0.756994960881992,0.24201860263306,0.660131517259233
"TMOD2",-0.257918486274245,0.667130010426893,-0.200629366223403,0.576859503928985,-0.228438155480248,0.56122308555548
"TMOD3",0.0281281927667681,0.987060796028084,0.0365330068658575,0.950352759818587,0.112440959113801,0.801990976304116
"MAPK6",0.0541521738507034,0.969952634197529,0.0616792555426232,0.891507633403955,-0.00692020013940157,0.990832232817332
"MYO5A",-0.130617468442148,0.871146086444017,-0.059977005830151,0.846012846277298,-0.039606560304185,0.916762859743837
"ARPP19",0.0664663374094826,0.937120241257205,0.0240872557720165,0.952379874545184,0.0303016531006209,0.943978301924551
"FAM214A",-0.334273442098599,0.628902509076854,-0.294460637203566,0.539909812541728,-0.373077111063839,0.407296648637997
"RSL24D1",0.0962241701287858,0.967203858991469,0.00116157264858187,0.998806998670749,0.036324459514524,0.946888849990106
"RAB27A",0.308154656357552,0.663401121515774,0.228767102610693,0.593504960339697,0.335027614963316,0.406317645003979
"CCPG1",0.0673805842780302,0.941514332279633,0.0523369831710228,0.894513115932639,0.107823668433247,0.745479749789988
"NEDD4",-0.284198428936882,0.831586301123345,-0.202765980119393,0.756153491520394,-0.17837655007366,0.823982185326409
"RFX7",-0.451532899935414,0.562118039898797,-0.341077409444868,0.539909812541728,-0.381162746450838,0.376391918003978
"ZNF280D",-0.261753380165377,0.633461558848371,-0.189845098788526,0.576859503928985,-0.158663928560853,0.647645222814032
"AC090517.5",-0.203704010454356,0.8276928018909,-0.118136812415966,0.796287809372979,-0.2155737745936,0.643079817908447
"TCF12",-0.0384989137893139,0.983870626680522,-0.00642141168520543,0.988924339734906,0.0406152977642513,0.936418953465064
"CGNL1",-0.272427448407007,0.936813462377296,-0.134571961146661,0.932320009271582,-0.28902341835941,0.82924665755452
"ALDH1A2",0.291327027243168,0.885213448640826,0.21791678779229,0.818037472136314,0.156410465036844,0.869793185908311
"AQP9",-0.175049239854524,0.962718721338874,-0.224483766303731,0.851615397408571,-0.238283588963222,0.847825706357294
"ADAM10",-0.104759796803453,0.878896297442202,-0.0956290338392911,0.728626054491622,-0.141489801998716,0.65642344853735
"MINDY2",-0.042203019762264,0.968190410187967,-0.0349495960486602,0.930063402377764,-0.0594990164354083,0.887917708803447
"RNF111",-0.0490552442470387,0.964462552585652,-0.0126111208488664,0.975491710400042,-0.0428488452548636,0.926575583390776
"SLTM",0.0921759794017025,0.912259746037492,0.0631269095255329,0.862687342845504,0.0564000763110191,0.887917708803447
"CCNB2",0.0287242025080673,0.987676987381042,0.0447031728896684,0.963350368188309,-0.0185318161108011,0.988350014201583
"MYO1E",0.391534528912289,0.743641475921582,0.238065874675228,0.715644723502998,0.374577361424813,0.565699562145283
"GTF2A2",0.00045396444877349,0.999963380658618,-0.00749126066359372,0.986357352470941,-0.0191598267429476,0.973878594622367
"BNIP2",0.158310183176389,0.76063344310174,0.0971571392181433,0.732900498693472,0.091722183640319,0.765551108794978
"ANXA2",0.21661861875855,0.946978282166981,0.138126918122226,0.790067916621749,0.185859965432452,0.746179584062355
"ICE2",-0.376070488151625,0.562118039898797,-0.266863410568811,0.539909812541728,-0.375715566661083,0.298058004677488
"RORA-AS1",-0.546141908747428,0.684238272206636,-0.397106147902603,0.649331678226707,-0.554885326881516,0.473493734259366
"RORA",-0.0166775234664226,0.993545111216598,0.0249023156100806,0.984011097633494,0.00143495102696389,0.999739842870507
"VPS13C",-0.114658970282834,0.871146086444017,-0.0985480778164664,0.745981363619619,-0.115084257789407,0.732182402937651
"TLN2",-0.233888217368718,0.850765417220173,-0.196640649050104,0.737883625828882,-0.345486265477537,0.510146919208901
"TPM1",-0.150402912628502,0.903608037062864,-0.0805853324643578,0.879318949048446,-0.07372056931664,0.898004089289119
"LACTB",0.260059282458239,0.674893276948019,0.196082370801709,0.6118955526808,0.231447129868057,0.56122308555548
"RPS27L",-0.167654439476002,0.952093474531886,-0.117731526742396,0.788519086990831,-0.21433126234483,0.65642344853735
"RAB8B",0.00263464973518682,0.998216842306075,-0.000742214130937095,0.999188751903088,-0.0492453677473576,0.938589336574095
"APH1B",0.128158589585204,0.841271683568883,0.126472198770516,0.69275266410881,0.175999093445124,0.56122308555548
"USP3",0.0251301516707707,0.978731255112132,0.0213644622371982,0.951125492006437,0.0246728122611093,0.948048716255807
"USP3-AS1",-0.339490771821703,0.748622333276257,-0.183762539859734,0.806409740187469,-0.164721994182663,0.851564929770219
"HERC1",-0.106946412612776,0.906869631745234,-0.0781802296302285,0.839806827180451,-0.0968499143834319,0.781911316758781
"DAPK2",0.189647390799129,0.949591008943738,0.135779392263064,0.921589415745913,0.143775524738771,0.921388739958762
"CIAO2A",0.110824261588276,0.9117360607865,0.0496700481613809,0.917992203710081,0.118869382004532,0.749292653756677
"SNX1",-0.045516546459526,0.967203858991469,-0.0567361642287722,0.877318442258331,-0.101022399762435,0.767105192939401
"PPIB",0.241712183716606,0.950198385479781,0.159730610727908,0.661485646561577,0.208207353186895,0.503188932768188
"CSNK1G1",0.104399000839117,0.903608037062864,0.107616470507142,0.728626054491622,0.143979249611599,0.659522181455106
"PCLAF",0.282300970351615,0.885213448640826,0.279685986371074,0.707016966668684,0.267051386159963,0.757346948876477
"ZNF609",-0.0179819416471121,0.987232790302631,0.0267590845822319,0.941264598661626,0.00966342069203541,0.981366287786754
"OAZ2",0.0359922547669497,0.978731255112132,0.062388056767564,0.882495157227373,0.0379049498180163,0.938779103692382
"PLEKHO2",-0.20303474031979,0.850765417220173,-0.128113187889759,0.75191920269781,-0.236165847630389,0.503188932768188
"ANKDD1A",-0.21955061554288,0.903608037062864,-0.113797911314921,0.89033472493253,-0.206517673660088,0.792241745339718
"SPG21",0.0356086531006736,0.975727322813314,0.0348682348511093,0.942269421387533,0.0682685487384233,0.862604321830585
"PDCD7",0.0327599174541941,0.969952634197529,0.0650646100758145,0.801135000030191,0.0389471495013095,0.90795735135144
"DPP8",-0.0302997688758189,0.969952634197529,-0.0121769625698233,0.969900650801383,-0.0385648892140405,0.909927751862353
"HACD3",0.152792428091531,0.866640031847029,0.122165750701308,0.756597469657113,0.141588732722337,0.674363867120955
"DENND4A",-0.102595253164572,0.920885507075657,-0.0878128995736417,0.802405079216957,-0.14203999341084,0.651784235801037
"RAB11A",0.0221131582591857,0.987168661761228,0.0625041459117986,0.847151391490846,0.0587252244188539,0.867359446447989
"MAP2K1",-0.0680107718871787,0.969952634197529,-0.0155806671552875,0.980444404085137,-0.0605111340584541,0.917699020620202
"RPL4",0.151162908393617,0.926058247355641,0.0775766626704824,0.845169358064318,0.0630959854947884,0.865565393394987
"SMAD6",-0.385786178363008,0.837836391925067,-0.292119130858585,0.713891016370281,-0.399052706531007,0.637954182711529
"SMAD3",-0.00416042305882913,0.996717133488803,-0.00722450555535786,0.98894577263189,-0.0655292744534773,0.908142271746693
"IQCH-AS1",-0.111383060674192,0.937295590475388,-0.128455639791157,0.796120504106463,-0.242450171993256,0.594301230245286
"MAP2K5",0.0326750488107435,0.986243996198961,0.0262946983397908,0.966260254238925,-0.0153045572045554,0.986310763813686
"PIAS1",0.0881533895838018,0.912259746037492,0.0733506368538931,0.820756688134211,0.122437733540932,0.680922650358031
"FEM1B",0.0616499029618611,0.962718721338874,-0.00342574699257028,0.994111893424054,0.021334393294615,0.973358142496759
"ITGA11",-0.101659908680622,0.975727322813314,-0.000519801597465984,0.99967840875972,0.132925854073579,0.914685256526293
"CORO2B",-0.80736182695321,0.805297296612406,-0.601033671791844,0.708900705627479,-0.784144166816035,0.56387575959395
"ANP32A",0.107636549204324,0.842460010275105,0.0776381349396935,0.757215489546486,0.0896807736121978,0.763401414502149
"GLCE",-0.0753144776507938,0.964462552585652,-0.0164468337029029,0.975940010120607,-0.0571159139891438,0.932145981622832
"RPLP1",0.0932738671844291,0.986243996198961,0.0360340807738199,0.934298675323455,0.0469129014506932,0.902799134413293
"TLE3",-0.325789260590798,0.877132886555714,-0.25529379997191,0.756597469657113,-0.282633860150727,0.719114764621006
"UACA",-0.0785990040275977,0.943083225919622,-0.0454497239337598,0.923054773439819,-0.000421560811876692,0.999739842870507
"MYO9A",-0.123558824856737,0.903622272290539,-0.0916190423610132,0.819651123007178,-0.0393409699699555,0.938779103692382
"PKM",0.346301805505032,0.615910607717767,0.266633836244616,0.539909812541728,0.238821306767909,0.503188932768188
"AC009690.2",0.2971849276037,0.882264046366445,0.433261602406017,0.712661164701235,0.356511113911466,0.77113369015076
"HEXA",0.370903025353312,0.659564394798225,0.255003741373325,0.610562468549926,0.30393679537194,0.56387575959395
"HEXA-AS1",0.0325867775631084,0.987381297202584,0.0163865888113565,0.981102889072188,-0.13320855061264,0.831013666506075
"ARIH1",-0.0478894633337965,0.969952634197529,-0.0483550173912964,0.894437808342616,-0.0758157914535781,0.829309687795442
"ADPGK",-0.02016629433602,0.987676987381042,-0.0228197536738509,0.968068160674758,-0.070830317112857,0.89150566264312
"NPTN",-0.00434878409862709,0.994202951143564,-0.0164414562599326,0.975544798159894,-0.133841660069853,0.756877884706686
"CD276",0.145019746722442,0.947261053507097,0.19923733255927,0.788693774988558,0.0848722645170044,0.925041708586946
"PML",0.158299806643221,0.900233158660965,0.145913133768469,0.75395757213358,0.168829163214098,0.75070515447857
"ISLR",-0.0357341925146293,0.993039382491997,-0.186025369508257,0.942866865475612,-0.389457828917072,0.849128730233475
"SEMA7A",0.0425577353786022,0.987955399080789,-0.0306152842293057,0.966096390487327,-0.137568602084091,0.819380227727859
"CSK",0.0778984549159567,0.946978282166981,0.0562495133822108,0.903307056619906,0.0420435583349016,0.945137784813934
"SCAMP2",0.178830264295313,0.790194960579831,0.147036729620626,0.682769929955018,0.186307066358846,0.625320779682003
"COX5A",0.245892982425384,0.85325053155458,0.158107310107533,0.65216449027339,0.21721904309955,0.502131449368214
"PPCDC",-0.35820623208377,0.69016169664673,-0.190768479792689,0.700576833586673,-0.181840336391541,0.751145224801179
"COMMD4",0.176815049039121,0.878233515505605,0.152973833181148,0.617698893049793,0.162862933875626,0.646736088217769
"PTPN9",-0.0921789127834802,0.92417531528931,-0.0490499380290223,0.907314027876186,-0.087037177774352,0.848852976435192
"SNUPN",-0.0586132595499913,0.968190410187967,-0.00599473818616522,0.990128606041003,-0.0998576995840381,0.837429769891498
"IMP3",0.298463768008618,0.847763278066247,0.181178906345721,0.659515997388856,0.0964256954037946,0.835739757867389
"CSPG4",-0.254889734559286,0.959248300621966,-0.212697151495638,0.901608804473214,-0.345114931623792,0.800169662236638
"UBE2Q2",0.210652348850018,0.743641475921582,0.152149242146242,0.680554703992045,0.194858486441675,0.53343481555173
"FBXO22",-0.0513978739171103,0.965026801109949,-0.0239039969922701,0.96277084031199,-0.0344886156826224,0.946888849990106
"ETFA",0.222821562315529,0.795440606734161,0.174446742488421,0.707016966668684,0.262876434935432,0.510146919208901
"SCAPER",-0.0903045876994173,0.888570841393027,-0.0404445620825079,0.891507633403955,-0.0360509916438704,0.91241011258695
"RCN2",0.0311775828672301,0.987676987381042,-0.0198075064107923,0.975491710400042,-0.0849429607496803,0.878047917806552
"TSPAN3",0.188073929938095,0.695012064214002,0.140360780404712,0.647778243729206,0.175028831152235,0.560733559475331
"PEAK1",-0.114178504833342,0.954157865532933,-0.0531486331591266,0.93367376665467,-0.131760129051345,0.792241745339718
"HMG20A",-0.203401225761228,0.831586301123345,-0.135211992427842,0.730245999349297,-0.215566362912163,0.537389610915761
"TBC1D2B",0.0289189383558006,0.984392197018604,0.0271873057587622,0.953950398414795,-0.0351380434557409,0.937111977561015
"DNAJA4",0.101569600969172,0.979937087517268,-0.144678618443541,0.788519086990831,-0.229199501718353,0.56122308555548
"WDR61",0.048700845292426,0.962414509086953,-0.0037272887199676,0.99159047822418,0.0203157477048456,0.962281970828449
"IREB2",-0.0110984778311183,0.987676987381042,-0.0130622950760798,0.969900650801383,-0.055155829410505,0.869793185908311
"PSMA4",0.173036601697138,0.923602803613446,0.113444933554591,0.756959699570331,0.163789059935949,0.665035925237882
"MORF4L1",0.0475599657062403,0.969952634197529,0.0291360972397781,0.953950398414795,0.013356215511759,0.980766459646602
"CTSH",0.229953926713183,0.743988537519481,0.16823917850595,0.649217809442069,0.228905431380354,0.544090303005886
"TMED3",0.26593451430216,0.682040795896705,0.226676717619215,0.567636892317067,0.251525836037285,0.526483868522985
"AC015871.7",0.171876549595267,0.923044406059656,0.0803446974066116,0.903959420211204,0.117678101081257,0.871237072166292
"BCL2A1",-0.0193841830230897,0.990850390543415,0.0407538224302044,0.963675564531743,0.00861862800849295,0.993877316575288
"ZFAND6",0.150898761456349,0.831586301123345,0.108629781274032,0.734476632941173,0.14761564065964,0.66079399228559
"FAH",0.160855595216032,0.926058247355641,0.125113562083105,0.875386073049582,0.376598736419059,0.537344379488034
"ARNT2",-0.0338714671185172,0.991594528553645,0.00254804169604547,0.998847327855682,-0.13928611906771,0.938126337863265
"MESD",0.0833889095093493,0.920885507075657,0.085180776282312,0.801633201293907,0.111956527666256,0.771400103797342
"TLNRD1",-0.047439320120624,0.969952634197529,-0.0449951136041737,0.916199047574657,-0.0762759113739023,0.869793185908311
"IL16",-0.130475233970092,0.935853944284842,-0.141747997680652,0.790067916621749,-0.215540368035742,0.674363867120955
"RPS17",-0.0870587849045524,0.987168661761228,-0.0779912224532826,0.848123562433291,-0.0756212372398296,0.869793185908311
"HOMER2",-0.211406534574953,0.877132886555714,-0.138391762639023,0.84980603096362,-0.162371192327337,0.816183228595031
"BTBD1",0.0757457586160901,0.96326928658639,0.0599315762762027,0.931653064791714,-0.0557840384760951,0.924094511655778
"TM6SF1",0.11154530693514,0.937120241257205,0.0492556188500758,0.941264598661626,-0.00391954147861486,0.997113640321465
"HDGFL3",-0.248195809876761,0.815664813456052,-0.147045039235232,0.798836118993548,-0.195549019157517,0.69321545449816
"NMB",-0.0987994270192006,0.969952634197529,-0.0850263987992231,0.86055599668641,-0.0982133996783984,0.825293721416026
"SEC11A",0.156497908904754,0.850765417220173,0.106332263543705,0.801772091881194,0.184891904465088,0.604738049252398
"ALPK3",0.562089602569989,0.700393778780536,0.370485144154327,0.539909812541728,0.352981233746855,0.545348360797921
"PDE8A",0.345495918960744,0.740956428327799,0.230408352283386,0.668204455775168,0.225950704925377,0.708162756495889
"AKAP13",0.175278865510845,0.847763278066247,0.132245060221445,0.712661164701235,0.122204712761134,0.733497820455416
"AC087286.2",-0.205620521120262,0.954749851012742,-0.115718061311606,0.950670754810894,-0.199949430759659,0.899181418189796
"NTRK3",-1.14838812687251,0.59030874370855,-0.753456576277659,0.539909812541728,-0.953419251987434,0.307928681666602
"MRPS11",0.0911297480804571,0.9117360607865,0.0744169861400592,0.825928810266268,0.105259822770755,0.773542721086432
"ISG20",0.29709210105695,0.897129444505265,0.229670326231015,0.807917837312275,0.277876238948263,0.774249437804601
"HAPLN3",1.16365406593354,0.620497879203569,0.932226386547143,0.539909812541728,1.15151070938007,0.406317645003979
"MFGE8",-0.0508837979776548,0.987676987381042,-0.0914635592955371,0.933850507025293,-0.150579286909514,0.870292140921992
"ABHD2",0.206443632938762,0.782347688269215,0.155151755962316,0.700576833586673,0.186380996836469,0.576643274398569
"FANCI",0.0204165838519324,0.987676987381042,0.0424163401672721,0.956240560346755,0.0283419859159024,0.976949166476538
"ANPEP",-0.0386321816399488,0.989020511532505,-0.085505599587399,0.949757741465138,-0.012841833108359,0.992190959133602
"AP3S2",-0.261541808231903,0.620497879203569,-0.171469226184098,0.567636892317067,-0.201064130766675,0.530132733423668
"ZNF710",-0.619192940432657,0.607226415643211,-0.427857788224216,0.539909812541728,-0.565823255408307,0.376391918003978
"IDH2",0.348031185509241,0.695012064214002,0.306411617558816,0.565951168967911,0.34696580979478,0.526199542303042
"SEMA4B",-0.0815453677997349,0.986243996198961,-0.0740936321237122,0.956978877099631,-0.140253569060988,0.883528995898572
"CIB1",0.342507767308165,0.920885507075657,0.241586090548265,0.539909812541728,0.240122421289199,0.492865920176733
"NGRN",0.266195022459364,0.78697738602823,0.151844920765556,0.64689033572854,0.171238357851539,0.631383103629534
"IQGAP1",-0.111314812714549,0.920885507075657,-0.0620997421904655,0.884392091917379,-0.0308661505771244,0.957032935111442
"CRTC3",0.0873070827365979,0.946978282166981,0.102477784947304,0.823141670358777,0.156101792201474,0.703913696755257
"FURIN",0.200757776489921,0.850765417220173,0.134573155377835,0.76807261540306,0.18550618315647,0.678245423085493
"PRC1",0.0823334490607069,0.972446518765152,0.0826055256622485,0.920105272451569,0.172984383420757,0.819404388860613
"SLCO3A1",-0.224811979517376,0.850765417220173,-0.139424093432588,0.813747570349955,-0.189980618193864,0.750059973571622
"AC106028.4",-0.723714021212176,0.680936246736474,-0.402025600813362,0.61642728657258,-0.675524087013606,0.351175410785092
"LINC01578",-0.0542175974570069,0.967203858991469,-0.060850051100245,0.885041529327646,-0.121427006409217,0.76600330151552
"CHD2",0.0513096437582242,0.959248300621966,0.00742653776194948,0.981281389473242,-0.0131088756085151,0.976901867362516
"RGMA",0.348130580196921,0.920885507075657,0.229562085000272,0.878905000893612,0.330708052108545,0.822669529808433
"LINC02207",-0.105325088137341,0.97511291681835,-0.0113936065063282,0.992767031795886,0.0535354166652917,0.973942463195293
"MCTP2",-0.671771928114083,0.790872788088734,-0.449542786301352,0.712661164701235,-0.459350721790885,0.723116381892166
"LINC01197",-0.440916698482938,0.871146086444017,-0.270173143642863,0.834832205291166,-0.4201808820454,0.666696927518615
"LINC00924",-0.159872762586475,0.969952634197529,-0.0811867400476144,0.96277084031199,-0.228039467092656,0.860190911861655
"NR2F2-AS1",-0.972825539975796,0.782347688269215,-0.648299679360044,0.721391437515627,-0.801432515460793,0.62915730044559
"NR2F2",-0.305465261640327,0.937925320066869,-0.261235890393307,0.839745310553286,-0.369744359390683,0.703913696755257
"AC087477.2",-0.576186730082337,0.893595192096776,-0.34322914488725,0.872607127143411,-0.483389398601674,0.76214077234056
"LINC00923",-1.01329981276267,0.607226415643211,-0.691621524416894,0.539909812541728,-0.81997826293955,0.423413080779875
"IGF1R",-0.413633510833156,0.631427909480806,-0.315513143178677,0.576859503928985,-0.371998007961499,0.539016471527724
"SYNM",0.257443279996825,0.923535871787432,0.124829619996653,0.867775140580767,0.0335322316621682,0.973942463195293
"LRRC28",0.0682453662436223,0.959334990752036,0.0680460704539735,0.895123255933228,0.0735433698123367,0.909633877358067
"MEF2A",-0.305606366877207,0.663974594664865,-0.229547364306223,0.539909812541728,-0.324334036209854,0.376391918003978
"AC090825.1",-0.503684849893548,0.59030874370855,-0.322373077591766,0.576859503928985,-0.43100868713235,0.477953424986133
"ADAMTS17",0.260317818968194,0.937295590475388,0.296038521443488,0.781746921621551,0.211612059364849,0.849615112681854
"ALDH1A3",0.173469079483108,0.975727322813314,0.0933070620254594,0.963632023564318,-0.187768940561992,0.917407534210067
"AC015712.2",-0.0859924761839923,0.986136653224698,-0.0901014213509886,0.95050569742153,-0.0598338284849766,0.973942463195293
"LRRK1",-0.0592923857329255,0.969595657500915,-0.0441405653893896,0.938450495053442,-0.0655689580263987,0.912541687465855
"CHSY1",-0.0719140314384882,0.96326928658639,-0.0476859369590709,0.933916104645832,-0.0456179513225783,0.936418953465064
"SELENOS",0.267490161441638,0.850765417220173,0.134639088661594,0.723988436794654,0.145810056070364,0.745479749789988
"SNRPA1",0.135336033540505,0.805297296612406,0.101983224170915,0.725617590291339,0.0998988405099147,0.753392468267112
"TARSL2",0.0234258067761161,0.987165551409643,0.0395209977057663,0.932320009271582,0.0177789762403399,0.973942463195293
"SNRNP25",0.453238817178399,0.713703084504335,0.30265987013185,0.539909812541728,0.354239484815944,0.371933782150218
"RHBDF1",-0.37630758387235,0.937295590475388,-0.310001365660057,0.842139493669345,-0.44757379821456,0.730765112253707
"MPG",0.319285539217703,0.748280272118022,0.213404286486902,0.605933254866572,0.296386015192608,0.455729469688749
"HBA2",4.12919928199001,0.646796439994281,3.32314486454146,0.565951168967911,3.39139392011744,0.470146306281723
"HBA1",2.46344671095252,0.700393778780536,2.05307979373042,0.577660339563635,2.07598802049106,0.512503271974709
"LUC7L",0.0336509569946666,0.984952104615951,0.0530527492781945,0.895143303769377,0.0119550431043848,0.984278674258499
"FAM234A",0.160248824477055,0.866886249963332,0.169138271963963,0.678110628123578,0.182628832709744,0.684351540774242
"RGS11",-0.354299735425065,0.946978282166981,-0.276204784105329,0.891014345921942,-0.393762621538627,0.792044889142667
"MRPL28",0.343842777123954,0.838228110296931,0.267430630973322,0.539909812541728,0.354519256533013,0.415448111029357
"NME4",-0.0731418787406776,0.975195695221014,-0.0341483171181897,0.966621762782751,-0.170948885586331,0.791252506176959
"RAB11FIP3",0.0108545680181675,0.991786406916107,0.0195859230364271,0.975940010120607,-0.10981961291841,0.853526164117401
"METTL26",0.070508463155814,0.987165551409643,0.0725481288724636,0.877421130655106,0.118229894910837,0.805343626581997
"STUB1",0.437756050420379,0.743988537519481,0.284454832277091,0.539909812541728,0.392066544320058,0.376391918003978
"JMJD8",0.458515910010179,0.620497879203569,0.296606378517897,0.567636892317067,0.310077613729461,0.562754315836961
"METRN",-0.0137063103272644,0.996717133488803,0.11758411509526,0.902878105014914,0.0846085452662701,0.945137784813934
"ANTKMT",0.211332403153778,0.845460943772112,0.180282935589219,0.710096358443432,0.314256434675696,0.510985104929675
"AC009041.2",-0.410750362265974,0.903608037062864,-0.364095841397598,0.790067916621749,-0.580978296892663,0.58165534048094
"SOX8",-0.299023361034264,0.945421051661546,-0.385840123957409,0.758268005486744,-0.663059612103534,0.498504670177581
"TPSB2",-1.07464495629952,0.795440606734161,-0.805461949254023,0.699037608564375,-0.937180813784459,0.687766930768358
"TPSAB1",-0.572636115435539,0.937295590475388,-0.379436556189128,0.9002218651918,-0.363858504301843,0.916996650945138
"UBE2I",0.207839598370536,0.713703084504335,0.179635432428659,0.602584390525497,0.230395950793067,0.486708653561664
"TSR3",0.179646181747138,0.951610900208567,0.140758641506784,0.707016966668684,0.199205909499547,0.598231449312978
"GNPTG",-0.0158730799081926,0.987676987381042,0.0159425235983436,0.971765814093087,-0.008450656019114,0.983289447705065
"TMEM204",-0.193133586618908,0.968529247878935,-0.246245477892096,0.858600740190134,-0.397282086099333,0.75070515447857
"NME3",0.0610697325535935,0.937120241257205,0.0721360821606097,0.813747570349955,0.102178248857743,0.749292653756677
"MRPS34",0.277835501283221,0.912259746037492,0.197980890529168,0.614396075881076,0.279609688369298,0.49710277555272
"SPSB3",0.216299067679348,0.794910857306378,0.189847074992649,0.655885041836434,0.217067893535799,0.656156410780707
"HAGH",0.241475726843854,0.674893276948019,0.202166369009141,0.567754820711177,0.223938745792311,0.560203546352872
"NDUFB10",0.190532873536025,0.969952634197529,0.19154192709401,0.602584390525497,0.257335528126686,0.486708653561664
"RPS2",0.321540081678114,0.903608037062864,0.19382186870089,0.625074027442924,0.273518483189337,0.439938710002463
"SNHG9",-0.534515355022085,0.7720934904036,-0.462786577124423,0.539909812541728,-0.662343145515215,0.307928681666602
"NPW",1.00102016680967,0.635362086335881,0.804451822256704,0.539909812541728,1.09810234309009,0.426574974407626
"SLC9A3R2",0.531036248975214,0.89581571367435,0.50069386569704,0.619039507055099,0.465612833548288,0.671725003276423
"PGP",0.115094006201302,0.841271683568883,0.109447768318206,0.707016966668684,0.109401442956184,0.749731312116893
"ECI1",0.108354539893683,0.886428075551855,0.0877466243888463,0.811003392445953,0.134922125385481,0.707392058164091
"RNPS1",0.148439358556413,0.779250616456875,0.116820722947433,0.703851799611006,0.134277568212167,0.663353740204739
"ATP6V0C",0.323123588657368,0.831586301123345,0.174754617826434,0.567754820711177,0.204039577762723,0.492865920176733
"PDPK1",0.134126711366431,0.858670945420424,0.109835161089516,0.755206261592226,0.0694293387861007,0.861600338130576
"SRRM2",-0.0201025293573208,0.987168661761228,0.011564689765498,0.975491710400042,-0.0111348540105002,0.980582155203971
"ELOB",0.0493536593105164,0.990140623419615,0.10444017198294,0.756801218738335,0.114818020974753,0.774544852909099
"ZG16B",0.0706814432347394,0.986740807946813,0.0178274047134218,0.98282194264539,0.0390810001620523,0.975206827988838
"FLYWCH2",0.025548740366779,0.987676987381042,0.00236575981145238,0.99684265152223,-0.020327344650854,0.977649323251274
"TNFRSF12A",0.291972343528614,0.923602803613446,0.20305658659533,0.755206261592226,0.149733472132302,0.845525160215197
"HCFC1R1",0.106677570121006,0.987165551409643,0.202429962304122,0.603905752157553,0.28992440837616,0.455988349676889
"IL32",0.411504938408523,0.937120241257205,0.330806255506357,0.833312333476619,0.267804237213825,0.88229929144352
"AC108134.2",-0.646463160377885,0.779982850130502,-0.570535446262902,0.616245684561578,-0.67094122650492,0.539384472285579
"NAA60",0.116032127218791,0.848228309522531,0.0821044033509715,0.763807426580721,0.0445664186439208,0.899181418189796
"CREBBP",-0.0558133675596072,0.943781903251314,-0.0447034935090235,0.865887045284762,-0.0811102796149302,0.753392468267112
"ADCY9",-0.464934107771914,0.786842285065526,-0.316780906377762,0.700576833586673,-0.459823277891213,0.552534852329702
"VASN",-0.382865159631448,0.841271683568883,-0.259890106256722,0.763893552303813,-0.566567359042057,0.376391918003978
"HMOX2",0.300770579670722,0.655064704728957,0.273466888979827,0.539909812541728,0.320271355868627,0.427789007407824
"GLYR1",0.0240837751409975,0.98469852697543,0.0208031754201118,0.950670754810894,0.0064497364789453,0.989103367818447
"UBN1",0.102479846083736,0.842774473190308,0.083694295418168,0.710096358443432,0.0651161008770196,0.822727876050727
"C16orf89",-0.72202535425157,0.743988537519481,-0.409751885771243,0.728626054491622,-0.516544603516637,0.655796142154467
"ABAT",-0.0369697820824535,0.979937087517268,0.0297194309948133,0.95449560049921,-0.00259971757088193,0.997113640321465
"PMM2",-0.0807696457240587,0.937295590475388,-0.0267670721376832,0.957810913092003,-0.0390098278371239,0.940686939663035
"CARHSP1",0.266472824426803,0.740956428327799,0.247537030289008,0.567754820711177,0.311769461917835,0.492865920176733
"USP7",0.0145170270749604,0.989701309603352,-0.0119011580574085,0.982201636578637,0.0391596037243677,0.942804418723706
"C16orf72",-0.0819162327914952,0.937120241257205,-0.069544093975271,0.867775140580767,-0.156925057198051,0.650528466704383
"ATF7IP2",-0.195613817117306,0.847763278066247,-0.137060378473081,0.781746921621551,-0.2280643944582,0.674363867120955
"EMP2",-0.238096823544743,0.946978282166981,-0.16710486901192,0.882796185416272,-0.183640244627159,0.877069431682963
"NUBP1",0.023025168925639,0.986243996198961,0.0217526841810034,0.961663698018687,0.0292025293850877,0.951715326242549
"CIITA",-0.375725784793097,0.743321115019168,-0.239759749254816,0.700576833586673,-0.294703902963101,0.661101052133121
"CLEC16A",-0.102925887384287,0.905252711346822,-0.0682224936748351,0.879318949048446,-0.102713813108922,0.816768052435461
"SOCS1",-0.257884668551811,0.838228110296931,-0.24339954374046,0.607231435819541,-0.446280326685808,0.257964807679234
"LITAF",0.0996130447608528,0.950581525806333,0.10302343939878,0.761146693087719,0.0657069496323447,0.876952946308714
"SNN",0.0441162333885413,0.975727322813314,0.00166042421227559,0.996322269070203,-0.0424767342797614,0.923947041451934
"AC007613.1",-0.323399841702271,0.695012064214002,-0.239010030564179,0.607260215430647,-0.345538833130703,0.471689977666094
"ZC3H7A",-0.0943109078946668,0.842460010275105,-0.073449945660199,0.724863513206542,-0.113767338976141,0.642848281418174
"RSL1D1",0.216255419141411,0.77589459822922,0.160133465513253,0.707016966668684,0.21862881161033,0.579099922219016
"GSPT1",0.241050469088732,0.713703084504335,0.168226845855045,0.647778243729206,0.193188665864842,0.621015790398656
"SNX29",-0.055565659105772,0.969847956577813,-0.0366509642713053,0.948036379629557,-0.130122734395601,0.752168574155076
"CPPED1",0.0763913183473302,0.937120241257205,0.103144117778764,0.727359314461205,0.131837201486986,0.685511798317414
"MRTFB",-0.0824017955140357,0.958007726819188,-0.0175759393701649,0.976759332932075,0.000608860583358921,0.999739842870507
"PARN",-0.318304447023582,0.562118039898797,-0.211087507201615,0.539909812541728,-0.293708454778877,0.364381114006951
"PDXDC1",-0.212799633648094,0.756024783939142,-0.134702564181861,0.707016966668684,-0.1899785763636,0.631383103629534
"NTAN1",0.278586888052158,0.667130010426893,0.173428762871068,0.638613914919712,0.280494316111546,0.43221285602634
"BMERB1",-0.187615374305842,0.969952634197529,-0.013275911403824,0.994111893424054,-0.471961251275295,0.597070570535723
"MARF1",-0.38398036753767,0.620497879203569,-0.305064904324197,0.539909812541728,-0.377917409555352,0.41778242206138
"NDE1",-0.193216070605491,0.76063344310174,-0.123348894043342,0.707016966668684,-0.213307798733582,0.477953424986133
"MYH11",-0.42670036360951,0.743641475921582,-0.300732401468562,0.678110628123578,-0.427617159683815,0.49710277555272
"ABCC1",-0.184326529388986,0.848228309522531,-0.0935265341552316,0.842139493669345,-0.188268758726133,0.669693275959664
"XYLT1",-0.174495480380262,0.877132886555714,-0.0976726985405619,0.870661925294145,-0.150009125931654,0.808183029031212
"RPS15A",0.127643844216617,0.969952634197529,0.0156968301276002,0.974061650661939,0.0449427568799362,0.930473949032983
"ARL6IP1",0.182701877948922,0.916339396900937,0.0544902661593426,0.907199956713105,0.017905679439415,0.977649323251274
"SMG1",-0.111228893315021,0.86918309088418,-0.0912579052162754,0.743182114935525,-0.152502386553872,0.565565168186256
"COQ7",-0.093107374493203,0.923602803613446,-0.0516413931756091,0.89555290468384,-0.0501387713028529,0.914685256526293
"ITPRIPL2",-0.046312982109218,0.97333750941677,-0.0774312346883598,0.84980603096362,-0.0598498772223227,0.896987088212181
"SYT17",-0.0539603074756395,0.983385812283737,-0.0117671391688676,0.985219543619167,0.0162916207511258,0.988199008429316
"GDE1",0.183041770498704,0.83719837079417,0.110970363529965,0.790067916621749,0.108775727366698,0.837429769891498
"VPS35L",0.00495987221243581,0.993039382491997,0.0326708942319984,0.932961517129018,0.0581989253075955,0.877144439349285
"KNOP1",-0.381455093075429,0.76063344310174,-0.225425357705646,0.727359314461205,-0.0876319155953141,0.912744775516187
"GPRC5B",-0.188834639435526,0.968859347900898,-0.144106993671779,0.93823275282007,-0.345533497546354,0.810255859833895
"ACSM3",-0.300355620179437,0.895362634494784,-0.195798488398475,0.865887045284762,-0.197526280959331,0.878050973168848
"THUMPD1",0.0410469078448413,0.967203858991469,0.0411365914525731,0.910792859497578,0.0393207960150878,0.928617999980495
"DCUN1D3",0.0145122632171613,0.993496682024704,-0.0708178115166223,0.902996013052202,-0.104049439355872,0.862868032693816
"METTL9",0.0938554466908702,0.943948314842885,0.0446718017357889,0.942022505700473,0.0957800202485456,0.849971664046083
"IGSF6",0.0130158484297353,0.990966923882266,0.0349313777206622,0.962252218950256,-0.0559061729298479,0.936453079945084
"OTOA",-0.0147460378457255,0.993039382491997,-0.0274007484889845,0.975940010120607,-0.191789888583456,0.822329630704024
"UQCRC2",0.202390911279817,0.756024783939142,0.151090407027581,0.703986373319257,0.197891196869362,0.58016139300506
"MOSMO",-0.0952153962819986,0.920885507075657,-0.0472118964889459,0.916139333333639,-0.076209015866161,0.858437193300832
"EEF2K",-0.0046085605325587,0.994202951143564,0.0602653924915265,0.890152476377743,0.079989089828244,0.868416651730548
"CDR2",0.0256378142208225,0.987179055001188,0.0487229387417987,0.938692122642555,0.00490911038673611,0.995773281816741
"HS3ST2",0.379386477452698,0.950093895107624,0.240920978538549,0.929818547307167,0.056900467933063,0.986446389626677
"USP31",0.0877179030413209,0.967203858991469,0.0932332751790861,0.893632374210033,0.13268918339524,0.866873330831893
"GGA2",0.123098211339748,0.882264046366445,0.0877872145260727,0.790067916621749,0.0206001660345596,0.970471175880853
"NDUFAB1",0.0760642280651539,0.987168661761228,0.088884301155913,0.755206261592226,0.107131121576032,0.676872191446192
"PLK1",0.360625493403657,0.838228110296931,0.344276430319455,0.700576833586673,0.329166249802464,0.730765112253707
"PRKCB",0.132756991039057,0.908458190058852,0.0880207375756343,0.868346873746697,0.220782974157163,0.56122308555548
"RBBP6",-0.016769042786944,0.987676987381042,-0.0103789535599148,0.981788646758028,-0.0835839219394336,0.839392539582093
"TNRC6A",-0.125993030739346,0.850765417220173,-0.0855613450118812,0.79501289785789,-0.122466244066129,0.65642344853735
"ARHGAP17",-0.0178571997328652,0.989588695230066,-0.0389344295841327,0.961663698018687,-0.0685030063587019,0.927834962329026
"HS3ST4",-0.0366562447964634,0.990850390543415,-0.0860268490807697,0.962866185703775,-0.151523762213783,0.924450102068873
"NSMCE1",0.127845243748402,0.878979008836662,0.123383168885309,0.731838330994888,0.155888536759857,0.685511798317414
"AC106739.1",-0.0102223254391725,0.994202951143564,0.0976010039311467,0.879318949048446,-0.0388301588629748,0.952219745772006
"IL4R",0.143403682571672,0.848903305816828,0.115160733809406,0.716776630926897,0.0758912997177385,0.825444340724025
"XPO6",-0.00394261852731174,0.994202951143564,0.00103598859778234,0.998806998670749,-0.0793229991531847,0.856003927532594
"NUPR1",0.323064781364306,0.877132886555714,0.155315820825569,0.871103372434564,0.189074465451824,0.849971664046083
"SULT1A1",-0.441827573310945,0.756532238273004,-0.276940810514877,0.703851799611006,-0.463578503279842,0.471689977666094
"TUFM",0.623212521366114,0.720908775261095,0.400349421230935,0.539909812541728,0.485704359740963,0.454646209978998
"NFATC2IP",-0.0307475186078097,0.974793128542308,-0.00636682688916478,0.980768903450828,-0.0229266618496779,0.943978301924551
"AC009093.2",-0.399201358983922,0.709746584312119,-0.240918091045353,0.669124437478335,-0.333692416913994,0.575213666262979
"SPN",-0.118985465570298,0.923535871787432,-0.1167345425652,0.792119220424349,-0.216275373094482,0.655796142154467
"QPRT",0.120534136606595,0.916339396900937,0.101345585036618,0.83384857690235,0.0177236428830578,0.979207899684523
"KIF22",0.0460338285923737,0.975195695221014,0.0255870460471142,0.96277084031199,0.0231043067589754,0.971582780865488
"MAZ",0.215653730724722,0.814739522559187,0.155008017040349,0.730093576208553,0.103362275278347,0.837429769891498
"MVP",0.488955778663462,0.562118039898797,0.363978164013971,0.539909812541728,0.424206278902754,0.376391918003978
"CDIPT",0.328604211597995,0.903608037062864,0.116718146457098,0.732900498693472,0.135664686537094,0.740850861189192
"SEZ6L2",0.440798085822067,0.937120241257205,0.234100955128368,0.895123255933228,0.109051668876609,0.951715326242549
"TMEM219",0.210852315734459,0.825752946937819,0.176497655209313,0.605933254866572,0.229697633116704,0.454646209978998
"HIRIP3",0.243236116528429,0.908458190058852,0.137607318962308,0.729604132003868,0.213193872332426,0.62915730044559
"PPP4C",0.0976197781690828,0.946978282166981,0.0745902061284579,0.905296396015766,0.0631145478647965,0.916762859743837
"YPEL3",0.0889971463277573,0.937120241257205,0.0798918644960873,0.867052386380472,0.0964329207802337,0.860190911861655
"MAPK3",0.317818620581974,0.700393778780536,0.190037599187775,0.607231435819541,0.169774674040862,0.661047764554629
"CORO1A",0.219960432466266,0.783204540778756,0.183491372427096,0.675806956804428,0.197095920119865,0.65642344853735
"CD2BP2",0.367824791605509,0.607226415643211,0.252079884719048,0.539909812541728,0.324801163901076,0.376391918003978
"SEPTIN1",0.248935009722796,0.882264046366445,0.257417398348921,0.707016966668684,0.218135331232691,0.763653082700191
"DCTPP1",0.272782720423045,0.916339396900937,0.18414258327122,0.567636892317067,0.230734980842256,0.461593118428979
"SEPHS2",0.394053628503926,0.677584570772595,0.23145109311583,0.59186078503092,0.244952480913377,0.575155536539861
"BCL7C",0.0694234529526723,0.954749851012742,0.0814246523852227,0.839422319377174,0.0823365896757153,0.835739757867389
"STX4",0.116857507908576,0.899444662239254,0.115667658383304,0.744813748669645,0.0412906962638575,0.932543727288546
"AC135050.3",-0.223590994134221,0.908458190058852,-0.0789077910712852,0.924600420229195,-0.13221195752424,0.864197227365133
"AC135050.1",-0.0429063816469693,0.987676987381042,0.0019659898392165,0.998847327855682,-0.0857208119555856,0.915669507806964
"VKORC1",0.116171107663692,0.98454523666472,0.093881772360345,0.732900498693472,0.13341487282655,0.647645222814032
"FUS",0.00589214798681023,0.993026821297497,0.0254149577582228,0.945054841795602,-0.00280794723582435,0.995773281816741
"PYCARD",0.198929246784872,0.946978282166981,0.161586234074058,0.707016966668684,0.24346748999001,0.584982212025935
"TRIM72",-0.212394109647065,0.932956753512882,-0.140659577092213,0.890616410042787,-0.288646751739528,0.704930167667097
"ITGAM",-0.322629062547286,0.672194521709824,-0.181503495087371,0.638613914919712,-0.293091863801511,0.430331057882329
"ITGAX",0.0939319590873416,0.946978282166981,0.0763742905103949,0.893945927996825,0.0311495046036298,0.96749032534522
"TGFB1I1",0.137575954875974,0.983894524124084,0.061200806472897,0.963675564531743,0.00504158856548697,0.99774736540395
"ZNF267",-0.00347291488499572,0.997129517930674,-0.0114617998906305,0.984011097633494,-0.0980249083745609,0.837505118760973
"SHCBP1",-0.0934533725124231,0.95867628166691,-0.0161866434480127,0.980092427465307,-0.145874430900393,0.800759848264319
"VPS35",0.00633620739407744,0.991299517531846,0.0301203141911908,0.93991829964624,0.056884349173058,0.883528995898572
"ORC6",-0.212477235951097,0.847763278066247,-0.101779118854868,0.823141670358777,-0.124647230033766,0.801143625969714
"GPT2",-0.237564998029751,0.876796771935752,-0.202435709968279,0.75395757213358,-0.303944705178455,0.599454823931939
"DNAJA2",0.255423210773156,0.663401121515774,0.191931658162083,0.607231435819541,0.243019719398419,0.461593118428979
"NETO2",0.142958265188315,0.935479761500471,0.120285159451781,0.780031844451084,0.149035370467939,0.704930167667097
"ITFG1",-0.110771584610621,0.886428075551855,-0.0650989598306939,0.865887045284762,-0.113792132666572,0.756429467510776
"PHKB",-0.0959052958768467,0.891937472178003,-0.0714817983575223,0.819651123007178,-0.036506877169185,0.923488310679102
"LONP2",-0.00398334406016126,0.993893831457074,0.00755257399055504,0.981580635040761,0.0393397226330618,0.909633877358067
"SIAH1",-0.0598656555520646,0.959248300621966,-0.0474050953581165,0.924986091689717,-0.0668148689843207,0.888344912302343
"N4BP1",-0.0246686752168567,0.979864736284809,-0.0196043820181738,0.962252218950256,0.0148851926786105,0.973942463195293
"TENT4B",0.0206041771630094,0.987381297202584,0.019369908917601,0.963632023564318,0.0146056286631502,0.978107886620121
"ADCY7",-0.289331629580214,0.631427909480806,-0.201592118043777,0.568850858613163,-0.280369290891223,0.42463556256099
"BRD7",-0.109608372773427,0.892539999642562,-0.0318522458660844,0.941264598661626,-0.0305610422539862,0.951715326242549
"CYLD",0.0843522244442072,0.937120241257205,0.0159609942463276,0.968736910528144,-4.76274097142789e-05,0.999793566357887
"AC087564.1",-0.311111268041012,0.926450652133842,-0.329684041436771,0.781746921621551,-0.433390257730414,0.732482954843668
"CHD9",0.00718352120083886,0.993039382491997,0.0323774409091475,0.951722449221458,0.0614762271313585,0.902643232023022
"RBL2",-0.26055492456931,0.615910607717767,-0.2033694190435,0.539909812541728,-0.259990762271414,0.376391918003978
"FTO",-0.00190725239995676,0.997328968740243,0.024552935854922,0.962949268625378,0.0599939765952785,0.91093329104767
"CRNDE",0.540911869789932,0.795440606734161,0.333428642699448,0.707054072340348,0.319670274033748,0.732182402937651
"MMP2",0.275655937960873,0.743988537519481,0.254545330903808,0.565951168967911,0.264365661951616,0.468140187860629
"MMP2-AS1",-0.461787240484244,0.847763278066247,-0.379134764773063,0.745981363619619,-0.337573111730512,0.802660657102513
"LPCAT2",0.100613286852928,0.937120241257205,0.09187524873785,0.838279411333032,0.0547122020825944,0.922709833813539
"CES1",-0.233296951528668,0.968190410187967,-0.216263117611172,0.890152476377743,-0.235903469450625,0.873908915379155
"AMFR",-0.22949749165727,0.837836391925067,-0.185147900488703,0.707016966668684,-0.33249485056536,0.486708653561664
"NUDT21",0.092570981916827,0.919327712677189,0.0383516508420303,0.924274119234894,0.0566949436094242,0.868416651730548
"OGFOD1",-0.0597572268450948,0.95867628166691,-0.01973221588807,0.965741834761312,-0.00378178895431045,0.995773281816741
"BBS2",-0.201707025495997,0.790872788088734,-0.105330701681372,0.776361663279111,-0.156363102403644,0.704930167667097
"MT3",-1.0235532809307,0.749768392717871,-0.656800758558803,0.638613914919712,-0.817643991526791,0.524220572075717
"MT2A",0.71768764236904,0.805297296612406,0.452424383280757,0.602584390525497,0.397222787765887,0.659522181455106
"MT1E",-0.287671829942205,0.954749851012742,-0.175032583717308,0.891507633403955,-0.311302345789782,0.760378264086355
"MT1M",-0.822170873863494,0.847164208899954,-0.546598779042206,0.73101121462528,-0.70528278459367,0.624022949709912
"MT1A",-0.828988024894713,0.830368961159877,-0.556153515217218,0.689380545295917,-0.79907787280652,0.503188932768188
"MT1F",0.459081589173674,0.915615419264746,0.408116656974474,0.661359409730596,0.458078855464996,0.626483070625434
"MT1G",0.784314670353873,0.663974594664865,0.476557678373578,0.565951168967911,0.390562633932129,0.503188932768188
"MT1X",0.241929353459324,0.950093895107624,0.135044216798898,0.781153062887919,0.103214903640268,0.866995319453104
"HERPUD1",0.441384237382838,0.657009644873276,0.352722094291996,0.539909812541728,0.444484318608518,0.341998100599396
"NLRC5",0.194202668847226,0.882264046366445,0.171278826942491,0.763807426580721,0.155276858343776,0.816327919768523
"CPNE2",0.136992806636224,0.915615419264746,0.128802780079688,0.788226729488709,0.167113850483144,0.732182402937651
"FAM192A",0.0345739106826975,0.969952634197529,0.0455055598957847,0.890152476377743,0.0786184885490291,0.819404388860613
"RSPRY1",0.0676544939754437,0.921019163155975,0.0540058191340124,0.849685045614288,0.0483191259495081,0.889079989871534
"ARL2BP",0.238937997652161,0.926058247355641,0.0928177853445683,0.866137207719677,0.130369157447254,0.792044889142667
"PLLP",-0.68936985860891,0.795440606734161,-0.556159223152267,0.542842339693613,-0.679530030695756,0.364381114006951
"CCL22",-0.172137094568972,0.946978282166981,-0.0703231387191864,0.928916526126079,-0.111514660699567,0.89150566264312
"CCL17",0.334809878465437,0.937295590475388,0.347640041936206,0.832809995674351,0.513133528095441,0.763653082700191
"ADGRG1",0.20623177312306,0.941220753373101,0.0904870673070163,0.947522425797012,-0.0121720563766384,0.995031168540369
"KIFC3",0.735732784912058,0.607226415643211,0.587111919601519,0.539909812541728,0.650343889425205,0.350266232452948
"MMP15",0.155167605808004,0.984220501986375,0.165198427172982,0.926495146692989,0.0819165486187058,0.963197165494884
"CFAP20",0.11198814099257,0.937120241257205,0.0485835606612595,0.907314027876186,0.000169275229297781,0.999773668548514
"CSNK2A2",0.263328614139683,0.871146086444017,0.188583305003887,0.819651123007178,0.264695731700843,0.75790568189453
"GINS3",-0.195483461373685,0.92537814011238,-0.116610059225915,0.893945927996825,-0.172707704926927,0.859663729653652
"CNOT1",-0.0628796893061281,0.942492479468341,-0.033022244885569,0.931406634300638,-0.0826571290196203,0.814173818717257
"CDH11",0.00865789430068555,0.998216842306075,-0.0179270153950918,0.994111893424054,-0.166414835256595,0.936418953465064
"TK2",-0.200832816285948,0.804492887444672,-0.128576404967252,0.756801218738335,-0.191148213759141,0.673601444674556
"CKLF",-0.299664733886666,0.698703882133011,-0.18744038649523,0.682971009494621,-0.33676161751159,0.454646209978998
"CMTM3",0.113845375998145,0.921745497785775,0.0545177321169575,0.910516271148991,-0.0338882283204261,0.93923942190184
"DYNC1LI2",0.000771383647460098,0.999252748948143,0.010427228066919,0.975239290450677,0.017161183297266,0.963537188703301
"NAE1",0.0899409628895723,0.920885507075657,0.0745831823955845,0.831585683331886,0.12134841211891,0.732182402937651
"RRAD",0.327169929368564,0.845460943772112,0.191472132076778,0.763121519273086,0.0494411206258316,0.932696683287331
"CIAO2B",0.00155574656599816,0.999963380658618,0.0421564818470761,0.9002218651918,0.0365129211463429,0.931855669972043
"CBFB",-0.00587962900317014,0.994202951143564,-0.00476344205313087,0.993523124732251,-0.0655691168562867,0.90796263499482
"NOL3",-0.198191578284977,0.919871110820701,-0.0679305275151108,0.941472255690344,-0.099341080145188,0.901872547234938
"TMEM208",0.236741697080048,0.903608037062864,0.177461163970848,0.5936384760076,0.255371928939827,0.430331057882329
"TPPP3",0.186027698660824,0.972747459822463,0.17654327230528,0.86055599668641,0.108368342529038,0.911696415617216
"ATP6V0D1",0.140480145459099,0.831586301123345,0.107910919915674,0.701215480896238,0.0781209022122214,0.823921377010882
"RIPOR1",0.0046349733417478,0.994202951143564,0.0270294064552289,0.961663698018687,0.0011711670705075,0.998801924059983
"CTCF",0.0242231669514944,0.986243996198961,0.0411782446223105,0.891507633403955,0.0392005319056168,0.916996650945138
"NUTF2",0.100689949732421,0.915615419264746,0.0850336291787438,0.84237046572042,0.0268075749983942,0.951715326242549
"PSMB10",0.271142597250463,0.848228309522531,0.268499570140035,0.539909812541728,0.306755807226236,0.441384111538575
"SLC12A4",0.218571374733513,0.924794349621145,0.0789386597228717,0.892762432719831,0.0431758727973268,0.956127514853306
"NFATC3",-0.157681922789553,0.8276928018909,-0.100485666036765,0.728626054491622,-0.139024900496489,0.635630814036157
"SLC7A6",-0.0644632521223095,0.964462552585652,-0.0615960164226691,0.899623541499922,-0.101952200019132,0.848456156311108
"CDH1",0.381268579846903,0.945421051661546,0.314694720190858,0.857030683201566,0.247145659857705,0.877069431682963
"TANGO6",-0.104242321571361,0.937295590475388,-0.0224657007754932,0.973587280964195,0.0501884206751241,0.948048716255807
"SNTB2",-0.0279845815794475,0.987676987381042,0.0790795103040801,0.867775140580767,0.0908168745056399,0.865099971242924
"VPS4A",0.187423630367945,0.655064704728957,0.160964355977526,0.565951168967911,0.165665221890178,0.555094888409749
"CYB5B",-0.0564906407631594,0.967203858991469,-0.0128868749305137,0.977530165599063,-0.10200572892684,0.822669529808433
"NFAT5",-0.145789193175071,0.903608037062864,-0.0907771207668119,0.837201784480071,-0.182541696256426,0.640779962187052
"NQO1",0.362941195825023,0.804492887444672,0.316694273943202,0.647778243729206,0.283050898710378,0.683703243550165
"WWP2",-0.0952319717139806,0.908677802519192,-0.037750634826061,0.925773221047207,-0.06034928248368,0.884817625156155
"EXOSC6",0.202977101188596,0.833686082887391,0.141300922296074,0.756994960881992,0.195720080310049,0.685511798317414
"IL34",0.254823921283845,0.952093474531886,0.193570592032091,0.897123059066415,0.127029607314681,0.937464884225664
"HYDIN",-1.07432629439238,0.615910607717767,-0.772521859310882,0.539909812541728,-0.882039261059838,0.434280004335249
"CALB2",-2.05624930586973,0.748129736295606,-1.72469590226602,0.660243239455962,-2.05820750483907,0.582570182340595
"AP1G1",-0.121898118540959,0.850765417220173,-0.0807140465298419,0.790067916621749,-0.113270570618388,0.741261845945827
"IST1",-0.102536189642232,0.923535871787432,-0.0862796971984028,0.833086038015381,-0.124263781521018,0.76743379641509
"HP",0.207950718336466,0.952093474531886,0.185050849680686,0.891507633403955,0.113909570614872,0.945651935947817
"LINC01572",-0.44339004898932,0.795440606734161,-0.320545185379461,0.753503800478187,-0.457930863909148,0.659522181455106
"ZFHX3",-0.206165385863389,0.795440606734161,-0.147004867999257,0.700576833586673,-0.215881454171645,0.490172531038757
"PSMD7",0.220910959086452,0.655064704728957,0.171479059085882,0.567754820711177,0.230401087509119,0.436342188662375
"GLG1",-0.0242210382423376,0.986243996198961,0.0121655222382499,0.973528437650212,0.0131353622938747,0.977649323251274
"MLKL",0.198731182583602,0.86918309088418,0.126213739473596,0.790096759568045,0.0984365803984409,0.868416651730548
"BCAR1",-0.0151330260148042,0.994202951143564,-0.0690759478529456,0.963675564531743,-0.211582783374682,0.849373642506184
"CFDP1",0.0661363873757193,0.962718721338874,0.0950288432646782,0.833312333476619,0.124462030486742,0.814173818717257
"TMEM170A",0.0758809317583702,0.937120241257205,0.0647299729114278,0.873067922094414,0.0819483654227697,0.845504483011055
"GABARAPL2",0.22759737917455,0.937295590475388,0.121186068808244,0.758268005486744,0.0894329572744175,0.837429769891498
"TERF2IP",0.242386401219895,0.615910607717767,0.178457609460462,0.539909812541728,0.19097018866002,0.502782781028872
"WWOX",-0.0641014457309339,0.94689974380571,-0.0124847929254952,0.975940010120607,-0.025026913861515,0.967663675087524
"MAF",-0.61154081613206,0.620497879203569,-0.438103587172398,0.539909812541728,-0.547791647780822,0.376391918003978
"CDYL2",0.16129235764151,0.923535871787432,0.0804546631768103,0.917508863341664,0.090866911789665,0.911696415617216
"CMC2",-0.0213415999684694,0.987232790302631,0.00721272173221345,0.986357352470941,-0.0638876894002092,0.892914964963681
"GCSH",0.0946635046668537,0.935582707073966,0.100208492869485,0.802405079216957,0.10188608475232,0.822669529808433
"CMIP",-0.18911158722791,0.833686082887391,-0.114398160875976,0.746290670940047,-0.199171537143482,0.597365886924465
"PLCG2",-1.06060571302077,0.743641475921582,-0.825058464833678,0.675806956804428,-1.03387279341034,0.341998100599396
"MPHOSPH6",-0.238359032095152,0.882264046366445,-0.202541329833169,0.763807426580721,-0.312555457840328,0.673601444674556
"CDH13",0.076903695372848,0.985214763269641,0.12721817696845,0.905085305148835,0.000892348511487317,0.999739842870507
"HSBP1",0.111804124778102,0.975333653661194,0.0804963040196977,0.819651123007178,0.125109945754859,0.733140110303463
"OSGIN1",0.335755290256317,0.876539754367235,0.249665028230429,0.647778243729206,0.172109651597418,0.762981098408494
"MBTPS1",-0.08073163044665,0.894152577325643,-0.0554523145146718,0.855616970453911,-0.124357110812195,0.674363867120955
"DNAAF1",-0.0618317275663361,0.987676987381042,-0.0447604403496101,0.981281389473242,-0.206983907878396,0.901872547234938
"COTL1",0.204260339127023,0.837836391925067,0.158720869558566,0.716412132322489,0.0988675255926964,0.831307362146468
"USP10",-0.0135471070624282,0.987676987381042,-0.00357276268569845,0.994111893424054,0.0113396542402955,0.98661291854552
"CRISPLD2",0.0730393702555244,0.976089777202807,0.00691241800087956,0.993523124732251,-0.0851058605655766,0.900216596874957
"GSE1",-0.420362917284411,0.607226415643211,-0.311077201328987,0.539909812541728,-0.422391997259693,0.307928681666602
"GINS2",0.213647129666147,0.927411047546878,0.157388130724295,0.865887045284762,0.147894497285072,0.889599943221656
"COX4I1",0.145822286410316,0.969952634197529,0.118511810677051,0.73101121462528,0.167364380788421,0.647645222814032
"IRF8",0.0871344782227788,0.957608581799535,0.0197619573183131,0.974061650661939,-0.0890461458187616,0.869793185908311
"MAP1LC3B",0.0342563870346427,0.986243996198961,-0.0180198957371136,0.97308093374412,-0.0661294359147447,0.881793185496496
"ZCCHC14",-0.224387800014291,0.743988537519481,-0.184119101753945,0.58453580524573,-0.222917547306267,0.530479427593156
"SLC7A5",0.0806752856630698,0.969952634197529,0.0781045901188734,0.911790652554603,0.00168228675728159,0.998801924059983
"BANP",-0.0587356250914228,0.958007726819188,-0.0255946874419204,0.951921041926033,-0.0426466195519179,0.904689628572369
"ZFPM1",0.165427151845106,0.967203858991469,0.0935874864572541,0.934298675323455,0.170374700186818,0.888344912302343
"ZC3H18",0.0457913267761908,0.95837130429419,0.0590876431074248,0.825928810266268,0.0567751904180693,0.858556683513597
"CYBA",0.271369350179452,0.76063344310174,0.223664602420844,0.567636892317067,0.253808446185643,0.510146919208901
"RNF166",0.0195238600625199,0.987381297202584,0.0458996299181355,0.924986091689717,0.021665065967301,0.973942463195293
"PIEZO1",-0.180964576991047,0.842460010275105,-0.153295387908752,0.719991570245763,-0.256475601139859,0.521835404394511
"CDT1",0.440680615287528,0.842774473190308,0.376188947202106,0.682769929955018,0.351142184674507,0.732182402937651
"APRT",0.173929746093997,0.967148547325423,0.16806003887602,0.668204455775168,0.207717626415568,0.625801672813662
"TRAPPC2L",0.0971156641876985,0.987168661761228,0.163900343752998,0.62873374102614,0.204796279493044,0.562754315836961
"ANKRD11",0.198303676655032,0.761001433147899,0.160617914302888,0.587511119075961,0.169802145782263,0.592602179634306
"SPG7",-0.0611832250353795,0.953336275938538,-0.0172815254656978,0.968736910528144,-0.0390398479902009,0.937196857773232
"RPL13",0.161803292460635,0.967203858991469,0.0852499785685911,0.813747570349955,0.141670718212111,0.635630814036157
"TCF25",0.161597123756253,0.795440606734161,0.143140536902227,0.627243779703224,0.16471841718633,0.599470388274769
"TUBB3",0.431574276489692,0.89857850100084,0.349188296571984,0.675806956804428,0.259902968930378,0.72114752113053
"RFLNB",-0.141427477070894,0.939287046093933,-0.115969513572796,0.870765190363925,-0.210098523446045,0.749855507789531
"VPS53",-0.0806167181525682,0.935479761500471,-0.0416245640323441,0.903162098034093,-0.0280354163338304,0.947445661086935
"GLOD4",0.123205811250416,0.882264046366445,0.0705586796324668,0.860805568863765,0.138549849567853,0.664639500351045
"NXN",-0.0704156721596938,0.986740807946813,0.00368934982149613,0.997066000786137,-0.114175240299924,0.916762859743837
"ABR",-0.0488406151537641,0.976089777202807,-0.0441658278734312,0.927727473747703,-0.111706477606781,0.787722563733403
"YWHAE",0.091202110587731,0.935479761500471,0.0893493054267727,0.82468157454847,0.0807542628528179,0.869793185908311
"CRK",0.0248768568310525,0.987168661761228,0.0540618682474441,0.860287205518009,0.0332744558995634,0.925846525415444
"MYO1C",0.248645827996273,0.713703084504335,0.156778249157629,0.673101483647985,0.173534116142345,0.65642344853735
"PITPNA",0.084363571309643,0.946978282166981,0.0838845574229035,0.763807426580721,0.0550282308143058,0.877069431682963
"SLC43A2",0.103612715259112,0.935853944284842,0.0802648593669879,0.790067916621749,0.0750366003107183,0.833362179119236
"SCARF1",-0.33758800489893,0.847164208899954,-0.149321513378106,0.842672795585042,-0.249527750243339,0.72114752113053
"PRPF8",-0.033049414526386,0.968529247878935,-0.0136786156010643,0.967149837859175,-0.0536211083048426,0.863071351383996
"TLCD2",0.541789512270262,0.787305031476758,0.375310539794771,0.717278133633584,0.375022001342389,0.702012842855109
"MIR22HG",-0.0437365800056276,0.986243996198961,0.0223075505761986,0.973021251271484,-0.0825078652786757,0.883528995898572
"SERPINF1",0.400214830498441,0.850765417220173,0.196437756677123,0.680554703992045,0.288737850918436,0.521835404394511
"AC090617.10",0.461445790541286,0.620497879203569,0.309921068068145,0.539909812541728,0.309494852380308,0.471689977666094
"HIC1",0.762567331101685,0.607226415643211,0.466812163216008,0.539909812541728,0.374792541755507,0.46952154478473
"SMG6",-0.0264392250888819,0.987165551409643,0.0181028906352119,0.969750878818735,-0.042301243967921,0.936418953465064
"PAFAH1B1",0.0915663572221389,0.915615419264746,0.0823213264856692,0.755206261592226,0.0826266683420197,0.783280038897654
"RAP1GAP2",-0.284589840742336,0.786842285065526,-0.180627073999901,0.736044434233638,-0.232285040505836,0.67957448653614
"OR3A2",-0.33034075576507,0.946978282166981,-0.307685311647926,0.868346873746697,-0.577550980155854,0.665035925237882
"ASPA",-0.0210966440630782,0.99418593753529,-0.0183931413023297,0.990743626069857,-0.111960086194694,0.945137784813934
"TAX1BP3",0.13875711600237,0.974793128542308,0.130078573140638,0.743182114935525,0.153530526259374,0.679131007082978
"EMC6",0.138963899082391,0.973470246864783,0.0675834644652775,0.790067916621749,0.0957095003466199,0.717327599224002
"ITGAE",0.0180251448936093,0.987676987381042,0.0364957357444311,0.939836319316327,-0.0164697028665265,0.977649323251274
"NCBP3",-0.0244963232017682,0.986243996198961,0.00464682967757088,0.987973601121545,0.00395181394280129,0.994463012954243
"ATP2A3",0.00538883248714704,0.998216842306075,-0.000504088976512071,0.99967840875972,-0.0951017676615832,0.938537216669135
"ZZEF1",0.00647641035757761,0.991594528553645,0.00193108959686925,0.995677986178004,-0.0265351260752503,0.945137784813934
"CYB5D2",-0.0561307493949447,0.958007726819188,-0.00798704226405693,0.981281389473242,-0.0546357550841336,0.858437193300832
"ANKFY1",-0.0788997317018835,0.926058247355641,-0.0362541021870317,0.916199047574657,-0.0206940123666405,0.962220442527391
"UBE2G1",0.0524519229526873,0.966712918349758,0.0457611939134248,0.905085305148835,0.0211380070763713,0.96749032534522
"ARRB2",0.0152699869145762,0.987676987381042,0.00726630504318108,0.981217349004059,-0.0531759289170629,0.860190911861655
"CXCL16",0.226886366618634,0.684558955714022,0.156777871388027,0.61642728657258,0.125384867403719,0.650256694581426
"VMO1",-0.121655711144084,0.953731662590093,-0.0235031211843696,0.975940010120607,-0.123893109279318,0.87447845211502
"PSMB6",0.12352458459495,0.984220501986375,0.12051736249292,0.707016966668684,0.119231906926757,0.750059973571622
"SLC25A11",0.233930034701571,0.833686082887391,0.141271494884436,0.700576833586673,0.196969283395217,0.597365886924465
"RNF167",0.159290389195417,0.795440606734161,0.0983640505082626,0.759444938281384,0.135949643124618,0.690501665017355
"PFN1",0.0373332582110051,0.987676987381042,0.0189121732616024,0.975491710400042,-0.0562126807807444,0.919289818241149
"SPAG7",0.174513788834705,0.713703084504335,0.147630303358762,0.619039507055099,0.205837958262669,0.498504670177581
"KIF1C",0.0874286317717068,0.937295590475388,0.0826352447671237,0.833312333476619,0.0579418485626438,0.909013039308803
"AC087500.1",-0.214031851549449,0.879813565937843,-0.0817092845321629,0.918615564064886,-0.204352817611388,0.774544852909099
"SCIMP",-0.132607768057633,0.903608037062864,-0.0565364661234119,0.911854306178846,-0.0701814805130185,0.901872547234938
"RABEP1",-0.0163491604247365,0.987676987381042,0.00751452629290662,0.986382498584192,0.00385414658993449,0.995952806686825
"RPAIN",0.0128952060451568,0.987676987381042,0.0201337739617784,0.961732451996458,0.0115168371824956,0.979207899684523
"C1QBP",0.346629477055715,0.908458190058852,0.244811800185289,0.567754820711177,0.297144932587309,0.41778242206138
"DERL2",0.274436706470154,0.713703084504335,0.177575756043036,0.65216449027339,0.2422218769023,0.526483868522985
"NLRP1",-0.523590081099089,0.620497879203569,-0.373624848292387,0.539909812541728,-0.557446389058315,0.257964807679234
"TXNDC17",0.0141362961679725,0.994202951143564,0.0650911414068746,0.833312333476619,0.088401103665133,0.794982096568494
"XAF1",-0.149499790182892,0.959248300621966,-0.0355604101608149,0.973528437650212,-0.0658130116702616,0.959699104482547
"ALOX12-AS1",-0.0253206298425648,0.987168661761228,0.00751882245515686,0.985377115340074,-0.0377242281247884,0.941641674764993
"RNASEK",0.161278884057011,0.926620571687561,0.122334910227236,0.689280649415964,0.144033804147885,0.661101052133121
"C17orf49",0.136369247130213,0.969952634197529,0.142658636435447,0.601304327096909,0.164984549006057,0.57608720313013
"CLEC10A",-0.940643660786034,0.620497879203569,-0.690936550945554,0.539909812541728,-0.582718864741295,0.485138356515192
"ACADVL",0.625243748725175,0.562118039898797,0.416845430998229,0.539909812541728,0.551401866934997,0.307928681666602
"GABARAP",0.176524933990131,0.961399538616457,0.121245327577181,0.726008162470312,0.1457432540279,0.646743640939101
"CTDNEP1",0.348558209768942,0.663401121515774,0.224054467157378,0.6118955526808,0.275307383027652,0.486708653561664
"EIF5A",0.219523085307613,0.937120241257205,0.16047559337316,0.567636892317067,0.126684053488386,0.66950787711072
"GPS2",0.0800899076753271,0.923535871787432,0.0984722073457162,0.73935390750126,0.113735878278941,0.753750518640655
"ACAP1",0.220073377663467,0.919649990596137,0.213428281930526,0.791438454835134,0.224885784066824,0.802271340040531
"KCTD11",-0.210138947832641,0.937295590475388,-0.236265319685081,0.680554703992045,-0.394547228547655,0.468130830851834
"PLSCR3",0.199016476125355,0.94801751582644,0.0651370357965214,0.892452868202711,0.0869103257408837,0.869793185908311
"TMEM256",-0.189479719816354,0.969952634197529,-0.0754490263284378,0.797014489352343,-0.0933933704188429,0.749855507789531
"ZBTB4",-0.0478714333499769,0.968529247878935,-0.0469106924174743,0.892452868202711,-0.0798313626645375,0.813821171969538
"POLR2A",-0.245205721916663,0.740877974418763,-0.148047229438164,0.6118955526808,-0.238565458311007,0.44942468992586
"TNFSF12",0.124438364028093,0.926620571687561,0.071291077603806,0.907314027876186,0.099240066036016,0.850173416597071
"TNFSF13",0.167044803536709,0.848903305816828,0.133707542737901,0.763121519273086,0.183019407478551,0.677246287404597
"EIF4A1",0.383833524512824,0.620497879203569,0.280378000266917,0.539909812541728,0.321622326814754,0.388428921167952
"CD68",0.357096420018439,0.620497879203569,0.256056476786653,0.539909812541728,0.223495977624268,0.552117594692665
"MPDU1",0.221453836384973,0.674893276948019,0.194991611538573,0.566135177186251,0.176650747592283,0.607360753037761
"SAT2",0.0594738481779509,0.935853944284842,0.0600026040613481,0.833312333476619,0.0287400482843291,0.940459124180791
"ATP1B2",-0.514367614278422,0.847763278066247,-0.34176882884387,0.696323727256883,-0.612510000278825,0.364381114006951
"KDM6B",-0.047696244407822,0.987168661761228,0.0336170498398182,0.955161791958022,0.0297885772206133,0.957562802791205
"TMEM88",-0.0867091700864014,0.978731255112132,0.0610019106703513,0.923054773439819,0.0673341528531112,0.919289818241149
"NAA38",0.0948154439935466,0.949803049470385,0.0798296488366769,0.833312333476619,0.117262560612733,0.777698600412831
"CYB5D1",0.123232118787099,0.939287046093933,0.0764312543095062,0.916199047574657,0.0615853428680497,0.907798853627752
"CHD3",-0.0898412269761184,0.937120241257205,-0.0415230550497956,0.937627157139003,-0.131852432283858,0.740850861189192
"TRAPPC1",0.184197911144835,0.964462552585652,0.197917449735828,0.575048084744953,0.239013784458178,0.521835404394511
"ALOX15B",0.603281073083742,0.814318573813684,0.4302734006856,0.743701247170852,0.667517685814476,0.65642344853735
"PER1",0.134709980017628,0.920800560535454,0.114166466428228,0.791860832994308,0.100014429896253,0.848852976435192
"VAMP2",0.0532407267780813,0.967203858991469,0.00364003300399069,0.994111893424054,0.00836215284676931,0.990420116511119
"TMEM107",-0.408264982855174,0.713703084504335,-0.328851129345102,0.539909812541728,-0.468390099875946,0.257964807679234
"LINC00324",-0.270178944676972,0.76063344310174,-0.205434145982599,0.643921980573827,-0.253360333616233,0.591317813247651
"RPL26",0.0803487818960384,0.987060796028084,0.00448198638949824,0.99159047822418,0.0465008819371795,0.91093329104767
"NDEL1",0.0366391956224239,0.98469852697543,0.0484567968792721,0.914523254321166,0.0522963090791231,0.91093329104767
"MYH10",-0.276639830608049,0.872645880549738,-0.163055319397304,0.865887045284762,-0.253792640832967,0.761421121087099
"PIK3R5",0.0554577453242496,0.962718721338874,0.0511386112506608,0.885041529327646,0.0400140323605458,0.922709833813539
"STX8",0.14412276183546,0.847164208899954,0.151154305869636,0.616245684561578,0.168371223515753,0.58016139300506
"GAS7",-0.371735465417114,0.663974594664865,-0.231885875188052,0.600950135999603,-0.27961871125919,0.526483868522985
"MAP2K4",0.00488589593111151,0.993893831457074,-0.00948077840438345,0.981281389473242,0.0148196299699028,0.979207899684523
"COX10-AS1",-0.310204039553352,0.765307243442212,-0.185985921056677,0.750822022845789,-0.233057288734447,0.732182402937651
"HS3ST3B1",1.05885044429218,0.615910607717767,0.752174802598227,0.539909812541728,0.985120562248264,0.406317645003979
"AC005224.2",1.35370005417238,0.633461558848371,1.06893723712564,0.565951168967911,1.42188144325932,0.437992645675782
"PMP22",-0.285717190434111,0.946978282166981,-0.200746944090002,0.871103372434564,-0.269203067304506,0.806345549179156
"CDRT4",-0.296131387095765,0.820584191719364,-0.206044947694039,0.78785297839852,-0.34523925601343,0.659522181455106
"TVP23C",-0.3187251195898,0.667130010426893,-0.223041781187862,0.647778243729206,-0.373979570111304,0.441384111538575
"ZSWIM7",0.109197179590966,0.912259746037492,0.120819845790833,0.753503800478187,0.100186215302135,0.780353552464128
"TTC19",0.126652342095085,0.87360343324762,0.136148676538318,0.700576833586673,0.223666699062664,0.485138356515192
"NCOR1",0.0766658993868645,0.909991992195616,0.0677749243500852,0.806409740187469,0.101086833223292,0.703913696755257
"PIGL",-0.133891738178928,0.897837826674197,-0.0601353855891037,0.899666313961456,-0.107085186776844,0.82924665755452
"UBB",0.0739435250743654,0.987232790302631,-0.0140530411131161,0.973528437650212,-0.0837453368559448,0.822669529808433
"TRPV2",0.263063555173105,0.700731738458386,0.224965645542946,0.539909812541728,0.286476135222418,0.396298682889274
"SNHG29",0.179574845758222,0.841271683568883,0.151504697037787,0.694286170885577,0.183511661257166,0.562754315836961
"LRRC75A",-0.0488859258179092,0.987676987381042,0.0400430984255063,0.980444404085137,0.235484364905275,0.877069431682963
"CCDC144A",0.263425784496491,0.834869989317809,0.141459141501955,0.755206261592226,0.0972686243919457,0.858808048670035
"MPRIP",0.24365687362792,0.836203256481455,0.168491306421015,0.763121519273086,0.190769729720354,0.760378264086355
"COPS3",0.226537706779936,0.851499968841155,0.157291322599618,0.801921352962009,0.0985470898345357,0.868416651730548
"RASD1",-0.257931423052486,0.937295590475388,-0.302420737659424,0.751821559959425,-0.722242622664337,0.255695102597858
"SREBF1",0.14540033405399,0.871146086444017,0.0909211393984761,0.823141670358777,0.0123933979616693,0.980989191776043
"TOM1L2",-0.177932431870688,0.871146086444017,-0.122395575211877,0.832809995674351,-0.178600660472343,0.760440344298506
"ALKBH5",0.0369669610609714,0.974793128542308,-0.00171899379991122,0.996049574432636,-0.0908343345773971,0.753392468267112
"FLII",0.190853965708808,0.695012064214002,0.127760714259052,0.649217809442069,0.14279866901552,0.639972620212142
"SHMT1",-0.0120247014768375,0.992572521146882,-0.0283766632949513,0.968736910528144,-0.0243963641732447,0.979207899684523
"LINC02076",0.0958999324982596,0.975727322813314,0.0676109795503908,0.956240560346755,-0.0428782242764189,0.975167068916286
"AC007952.4",-0.320586191162875,0.923602803613446,-0.309378009746634,0.658343768971671,-0.506565932294278,0.376391918003978
"EPN2",0.0134167083272127,0.990850390543415,0.058917930391269,0.910629392283386,0.0499690750451997,0.93637900575043
"SLC47A1",-0.79226818929128,0.795440606734161,-0.512885685637461,0.744188612174682,-0.551771880529486,0.761421121087099
"ALDH3A2",0.0442979754822585,0.971135027358867,0.0440079337877309,0.916199047574657,0.0695459525804537,0.87447845211502
"ULK2",-0.285269528675179,0.684238272206636,-0.180149402132558,0.680554703992045,-0.249598445099832,0.594301230245286
"AKAP10",-0.274891328425817,0.663974594664865,-0.231750362051122,0.539909812541728,-0.315135076309163,0.376391918003978
"SPECC1",0.0591887181528356,0.968370079144705,0.0849659914827818,0.842762032919684,0.129111225811623,0.732182402937651
"USP22",0.00618933751352943,0.992355715066952,0.00903321389083156,0.97886168663327,-0.0429866085140145,0.908239338742661
"DHRS7B",0.0657324345695035,0.968529247878935,0.0899886076362137,0.865887045284762,0.107837399402506,0.853829098635518
"MAP2K3",0.0312130723301474,0.987676987381042,0.0335997157228976,0.96242869953788,-0.0846867970357517,0.869793185908311
"MTRNR2L1",-0.973348254141268,0.902996184285982,-0.685798745582705,0.865887045284762,-0.798798191499981,0.81809303433867
"WSB1",-0.0458372085158167,0.977922694820062,0.0136898944226112,0.976488869212447,-0.0459510157530895,0.924455285682511
"KSR1",-0.157641603779822,0.877650755431816,-0.1256333832695,0.758083011260247,-0.207123558119435,0.63619336368885
"LGALS9",0.391327624787345,0.562118039898797,0.267011220052299,0.539909812541728,0.280659026618922,0.427789007407824
"NLK",-0.184650002875552,0.709746584312119,-0.10791151015843,0.749837654957149,-0.158970179328239,0.65642344853735
"IFT20",-0.00740509216796875,0.991594528553645,0.000513650880915033,0.999188751903088,-0.0566957536667019,0.89675635447082
"TNFAIP1",-0.0501119864518417,0.975727322813314,-0.0231502736010514,0.96668416533004,-0.100477695164425,0.851615103190831
"ALDOC",0.159405568053947,0.968529247878935,0.0973673882410215,0.894437808342616,0.0181801343659024,0.986310763813686
"SDF2",-0.0402842356170952,0.969952634197529,-0.0102294106306199,0.978556425574704,-0.0410418040025326,0.922096086495604
"SUPT6H",0.0822427055393801,0.878996340909264,0.0615052939362205,0.811798361323719,0.0492469106907664,0.879642667300819
"RAB34",0.536940484166204,0.743988537519481,0.35143268570883,0.539909812541728,0.45253737927039,0.257964807679234
"RPL23A",-0.204667956517038,0.958149966463211,-0.180324031576652,0.694043465447507,-0.235492625429392,0.562754315836961
"TRAF4",0.715246084258307,0.562118039898797,0.505076356679585,0.539909812541728,0.564514286803905,0.273227381123984
"FAM222B",-0.196773539492452,0.834869989317809,-0.116674045901036,0.756801218738335,-0.121133990558829,0.760378264086355
"NUFIP2",-0.0710273949255319,0.959082740221107,-0.0832908369063252,0.837201784480071,-0.149483812031089,0.703577277074581
"TAOK1",-0.0650894540834059,0.937120241257205,-0.0513717724858875,0.865887045284762,-0.0576862190538399,0.851615103190831
"TP53I13",0.271678749298666,0.620497879203569,0.178912013463749,0.576859503928985,0.188035950959348,0.503188932768188
"GIT1",0.285120565007768,0.858464683804866,0.121975640861941,0.707016966668684,0.141510805112174,0.698254779634592
"SSH2",-0.0311755610527516,0.987165551409643,-0.0397351420825251,0.944654221389336,-0.00563654307456092,0.994458394354299
"NSRP1",-0.0268234104308863,0.986243996198961,0.00987911280266167,0.980000233091819,-0.0292448727219907,0.951715326242549
"CPD",-0.0131158082805388,0.989701309603352,-0.045677957022278,0.928663465070912,0.0425450807107968,0.930941034807216
"GOSR1",0.0949526540929869,0.847164208899954,0.0838292524296558,0.716412132322489,0.0925380704641109,0.714931208112861
"CRLF3",-0.215890106091222,0.743988537519481,-0.144236642754822,0.67273820695454,-0.186327679931683,0.626483070625434
"ATAD5",-0.233527850261455,0.836203256481455,-0.120448723371015,0.823141670358777,-0.0925229389833891,0.877069431682963
"ADAP2",-0.0567633731478645,0.978916937415713,0.0254813848256146,0.971524995429752,0.0356452687844067,0.970471175880853
"NF1",-0.0880314056591661,0.889965930346834,-0.056272575368332,0.837201784480071,-0.0782196596342686,0.787249224218094
"EVI2B",0.0676018233247149,0.968529247878935,0.0221244440371135,0.973180525785074,0.171701654381119,0.692517210449041
"EVI2A",0.019622144828836,0.989527600653266,-0.047824864741434,0.951115715798797,-0.130441887529501,0.829309687795442
"COPRS",0.277836285806919,0.923535871787432,0.229668514048747,0.539909812541728,0.255692299037966,0.486708653561664
"UTP6",0.0385991390552923,0.974793128542308,0.0328733298113539,0.948956915581419,0.0641558314383662,0.876952946308714
"SUZ12",-0.0172609416439163,0.987168661761228,-0.0161501132145757,0.964449850757238,-0.0288101194607397,0.943978301924551
"RHOT1",-0.0873030557577433,0.897129444505265,-0.0486216619093182,0.865887045284762,-0.0513491914377549,0.869793185908311
"ZNF207",0.0344595470979163,0.975333653661194,0.0163338432058164,0.966413444282727,0.00131528187875918,0.998369720730305
"AC005899.8",-0.0292173664027794,0.989701309603352,0.0743226739829401,0.95050569742153,-0.0611893625919047,0.949500112581164
"PSMD11",0.15532777971236,0.850765417220173,0.123422758417784,0.75858279830278,0.133596999546222,0.760440344298506
"MYO1D",-0.637406870971963,0.674893276948019,-0.353495393057866,0.707016966668684,-0.663647209902128,0.45494131779146
"TMEM98",-0.403836594071533,0.928013870551709,-0.285456586494675,0.823408681057155,-0.463830210363679,0.663353740204739
"CCL2",-0.905040525202711,0.743988537519481,-0.427217316499353,0.728626054491622,-0.690302110742629,0.486708653561664
"CCL7",-1.61892908349608,0.620497879203569,-1.1666095629328,0.539909812541728,-1.40791413180944,0.307928681666602
"CCL8",-1.01172042282801,0.663974594664865,-0.556435409718548,0.59186078503092,-0.776923575785291,0.307928681666602
"RFFL",-0.151892582273399,0.845995942306838,-0.117844861041131,0.730093576208553,-0.119568211114042,0.740202712586262
"SLFN5",0.0458033970673787,0.987168661761228,0.0283911349516462,0.973528437650212,0.0966490557721361,0.900216596874957
"SLFN11",-0.458851257361025,0.59030874370855,-0.331121270202786,0.539909812541728,-0.409857810903006,0.376391918003978
"SLFN12",-0.114207672157732,0.946978282166981,-0.0567540934114388,0.941264598661626,0.0242698233818459,0.977649323251274
"SLFN13",-0.395688988303293,0.756024783939142,-0.221224738316448,0.727878132068755,-0.249078416396003,0.730970093842618
"SLFN12L",-0.354725394127884,0.926409763342151,-0.118495477000119,0.950670754810894,-0.117278240585191,0.953664291216341
"AP2B1",-0.144545163432476,0.92417531528931,-0.109222456346553,0.86822983131918,-0.180863127827138,0.763653082700191
"TAF15",0.0209631324940102,0.986243996198961,0.014313561669258,0.963675564531743,0.0352134581334476,0.902799134413293
"MMP28",0.0055213386031,0.998880166872192,0.0013147814362661,0.99967840875972,-0.114988669450575,0.945137784813934
"CCL14",0.438660475882662,0.937295590475388,0.429924953402965,0.799889910366128,0.261570204594125,0.900216596874957
"CCL18",-0.159860010172976,0.987165551409643,0.0263609531930979,0.987498147844983,-0.000252515238229892,0.999773668548514
"CCL3",-0.322966728727878,0.92417531528931,-0.139666329828247,0.865887045284762,-0.239399806280327,0.624022949709912
"CCL4",-0.412335698978579,0.895362634494784,-0.131496739728766,0.865887045284762,-0.236175482964927,0.65642344853735
"CCL3L1",-0.32984986421747,0.946978282166981,-0.0259356594954345,0.982567521584643,-0.0996936281205961,0.934890182573882
"CCL4L2",-0.288626567766545,0.958007726819188,0.0326765481878777,0.981580635040761,-0.0473462464887368,0.979708315365712
"GGNBP2",0.16027789548457,0.7720934904036,0.117215763694967,0.699037608564375,0.128259003915009,0.652272219761554
"AATF",0.372960688081266,0.59030874370855,0.313957296038821,0.539909812541728,0.386106363737925,0.341998100599396
"ACACA",-0.0297134878843073,0.977922694820062,-8.10013855181853e-05,0.99967840875972,-0.0251671466343951,0.96749032534522
"DUSP14",1.03487608052107,0.607226415643211,0.712073763269569,0.539909812541728,0.738960463528936,0.455729469688749
"SYNRG",0.0322733439311204,0.961059654169002,0.0238585369438669,0.933412073831265,-0.00932042000976743,0.979218528186553
"DDX52",0.0100248939400671,0.989020511532505,0.0196342123822479,0.961663698018687,-0.00527547393273148,0.992015271357945
"ARHGAP23",-0.336207795598096,0.926058247355641,-0.245610314599626,0.866392107420694,-0.380692287836134,0.75098218261211
"AC006449.6",-0.222091458882775,0.885618959136343,-0.116618840794821,0.832809995674351,-0.202873960540341,0.572414436006581
"MLLT6",-0.159418723229427,0.842482482599777,-0.127629904068679,0.707016966668684,-0.18365918041218,0.564761849880164
"CISD3",0.023458155740517,0.989924066985412,0.0417981285674178,0.936853564395437,0.116564133199136,0.787883273278014
"PCGF2",-0.345848319005325,0.879034398226686,-0.1825318220083,0.878905000893612,-0.350241347591878,0.703913696755257
"PSMB3",0.0950088027846356,0.986243996198961,0.127180598172672,0.695474235878513,0.136808242871853,0.657042831332274
"CWC25",0.00106426966452803,0.99882009933461,0.0167535754752969,0.964780908825714,-0.0232906116460478,0.957706459397509
"RPL23",0.0777602048648212,0.986243996198961,0.00617481769048289,0.990128606041003,0.0428719477275313,0.939131388391146
"LASP1",0.0165798354930289,0.987381297202584,0.00121659299632825,0.99666121008568,-0.0631714357615562,0.837429769891498
"PLXDC1",-0.130699460972203,0.968529247878935,-0.0121541463648908,0.990648625283204,-0.107786012452594,0.913198250106699
"RPL19",0.168795654589683,0.969506256606454,0.103665940982442,0.757215489546486,0.136929795397542,0.644213575853528
"FBXL20",-0.242502923724424,0.725197208420541,-0.180218199128808,0.637306220903368,-0.208162669101423,0.598231449312978
"CDK12",0.0059955508825759,0.990966923882266,0.0197244723545836,0.955974194500863,0.0158113595892692,0.970471175880853
"ERBB2",-0.383603470355728,0.919985914487433,-0.316737103896783,0.73101121462528,-0.43889235776683,0.595733322547859
"MIEN1",0.0442958583163582,0.986740807946813,0.0881871559947431,0.823408681057155,0.121595497242623,0.771112365450846
"IKZF3",0.255888121531964,0.941220753373101,0.21562014487953,0.88461007283924,0.197856323675709,0.899181418189796
"PSMD3",0.414815211730848,0.620497879203569,0.327114143705004,0.539909812541728,0.345021160373738,0.512503271974709
"CSF3",0.567710097042262,0.888570841393027,0.442847157286524,0.779438129722726,0.415986244707087,0.825293721416026
"THRA",-0.0218502409500418,0.987676987381042,-0.0736050571712524,0.884514195537012,-0.00563823862319798,0.995031168540369
"MSL1",-0.11683601312091,0.841271683568883,-0.0784264005684191,0.756801218738335,-0.106353744388767,0.702012842855109
"WIPF2",-0.0189222439008978,0.987168661761228,0.00405004692431303,0.98894577263189,-0.00466552377400162,0.990420116511119
"RARA",0.0377437715102265,0.987676987381042,0.0718653004819018,0.916199047574657,0.0730683214918801,0.91257003945194
"TOP2A",-0.16242713103472,0.949591008943738,-0.114831549339899,0.903162098034093,-0.236832917682591,0.7842871680125
"IGFBP4",0.138471318277812,0.978731255112132,0.082785832286255,0.955974194500863,-0.0241073704497631,0.985296964050249
"CCR7",-0.151374165165203,0.961399538616457,-0.0225263741299753,0.981281389473242,-0.099522520491721,0.91093329104767
"SMARCE1",0.0732963194748101,0.923602803613446,0.0377520088224843,0.921217419542669,0.0473990633107594,0.896785969713696
"KRT10",-0.171882983934062,0.969952634197529,-0.115679194858619,0.823141670358777,-0.209083922940948,0.65642344853735
"KRT17",1.83366080243104,0.607226415643211,1.36372183311913,0.539909812541728,2.26293303172178,0.18131672651448
"EIF1",0.191011091632103,0.925683773823925,0.0956141990818911,0.756959699570331,0.10790670496365,0.732182402937651
"JUP",-0.276448243757373,0.903608037062864,-0.14322741228857,0.866392107420694,-0.22372398985005,0.773876586421391
"FKBP10",0.180521416620683,0.975078487526034,0.00446693125518719,0.998177074607923,-0.172994928330354,0.918721121992796
"ACLY",-0.114905977666247,0.838228110296931,-0.0909645857423497,0.707054072340348,-0.151021721725991,0.55987109229781
"CNP",0.0342180170381225,0.989020511532505,0.0183009256993369,0.963675564531743,-0.0138319579466813,0.973942463195293
"DNAJC7",0.192600407610293,0.743641475921582,0.150927427804216,0.620133763403077,0.204434359677181,0.521259875208012
"RAB5C",0.362848110182287,0.615910607717767,0.276236731360228,0.539909812541728,0.313798308235224,0.454646209978998
"STAT5B",-0.179849832606648,0.798712890081597,-0.124129018574211,0.712661164701235,-0.168752870486461,0.659522181455106
"STAT3",-0.0334837564354139,0.986243996198961,0.00650516364958461,0.9861665900331,0.0131528418922093,0.979477149678992
"CAVIN1",0.611036761559663,0.834471203467361,0.455247398502877,0.602584390525497,0.405326722459208,0.629711683106201
"ATP6V0A1",0.0278641239987799,0.987676987381042,-0.00180170155053836,0.997985252104807,-0.0287956464929059,0.973878594622367
"NAGLU",0.349830424766187,0.755259212129962,0.289111919278594,0.638613914919712,0.338693693620965,0.62915730044559
"MLX",0.177053413696833,0.845995942306838,0.12094926799093,0.756597469657113,0.0955808601115789,0.812456792848887
"EZH1",-0.0887390435800167,0.937120241257205,-0.0805975103213342,0.85465642305296,-0.0657150334601051,0.888998683162165
"RAMP2",0.599143225079047,0.841007039128195,0.384692940415111,0.682971009494621,0.296282099603778,0.766555060430325
"VPS25",0.26259118176599,0.847164208899954,0.149118512516479,0.699037608564375,0.230701717085994,0.552534852329702
"COA3",0.0519287434743657,0.989020511532505,0.107543118881766,0.755206261592226,0.176618355012323,0.604738049252398
"BECN1",0.0955093606967689,0.878233515505605,0.0734598926723095,0.813747570349955,0.113173988958811,0.685511798317414
"AOC3",0.187711717788149,0.962713195285795,0.112028442186778,0.942796061586225,0.0287295091970952,0.988199008429316
"RPL27",-0.085939038143075,0.987168661761228,-0.0833629490686317,0.819651123007178,-0.101330586666045,0.792044889142667
"IFI35",0.355547705950826,0.76063344310174,0.316541493794342,0.565951168967911,0.371804029826564,0.510146919208901
"VAT1",0.146121859799999,0.972747459822463,0.0605017713102487,0.900323824869838,0.0739823214461764,0.896987088212181
"NBR1",-0.180266422682668,0.743641475921582,-0.129529520087404,0.635990683333229,-0.175127096859571,0.560203546352872
"ARL4D",-0.364214535853957,0.844246272414761,-0.30947542823934,0.655885041836434,-0.5791307000968,0.18131672651448
"DUSP3",-0.052839903975708,0.969952634197529,-0.089829485176131,0.766609082576973,-0.0811488614755076,0.791616222574605
"CFAP97D1",-0.200641703014653,0.946978282166981,-0.129592038511464,0.899546532433259,-0.221000645724597,0.836849022487865
"LSM12",0.00692330936168285,0.990850390543415,0.0227918450823072,0.956240560346755,0.00701361710889728,0.988554595184688
"G6PC3",0.263638906829753,0.915615419264746,0.119680284917861,0.700576833586673,0.146225514183414,0.66641716357641
"UBTF",-0.0958651147563908,0.937120241257205,-0.0483381750566339,0.926152173433777,-0.0030115760753376,0.997113640321465
"SLC25A39",0.342411970862895,0.664765887367925,0.252063533776034,0.6118955526808,0.287942626859222,0.579230887860376
"GRN",0.467335760139277,0.623672057295787,0.280406102118933,0.567636892317067,0.320360365701873,0.533803753509296
"GPATCH8",0.0485321604923405,0.95867628166691,0.0475204990906191,0.875077046802286,0.0346873958959062,0.924094511655778
"FZD2",-0.00968471296236894,0.994946589008493,-0.141028380523423,0.797556545994522,-0.247480301611302,0.666696927518615
"GJC1",0.0727578233863653,0.986243996198961,-0.0689595668254732,0.954379790402556,-0.178364696939052,0.811910017160917
"HIGD1B",0.105009775606272,0.987232790302631,0.1706601646549,0.947522425797012,-0.0401578326093876,0.983436495131716
"C1QL1",0.64813292229532,0.923602803613446,0.286061093918321,0.925773221047207,0.135362151850997,0.961968934650855
"NMT1",0.0341869808775,0.987676987381042,0.0476262683217482,0.962866185703775,0.0509886734995271,0.961530643332731
"HEXIM1",-0.598639795589554,0.562118039898797,-0.413003591073236,0.539909812541728,-0.590419591581049,0.241248040103115
"AC008105.3",-0.0310080831258567,0.987232790302631,0.0469029570817751,0.941264598661626,-0.0265338905182263,0.971026347894692
"FMNL1",0.0328224561316354,0.987232790302631,0.0398750595038093,0.942235289270853,0.00599068001651355,0.993877316575288
"MAP3K14",-0.252594620684522,0.740956428327799,-0.19214317433579,0.675699955475318,-0.258166920399569,0.537315886020615
"PLEKHM1",0.0201768613867776,0.987381297202584,0.0248391093056459,0.959082908386949,-0.0305149064881953,0.933496339884598
"KANSL1",-0.256172781053902,0.635516616998435,-0.13948963664965,0.649331678226707,-0.20689024550498,0.503188932768188
"AC005670.3",-0.0464093507558059,0.979937087517268,-0.00571493275221943,0.993523124732251,-0.0645845682538422,0.90795735135144
"CDC27",0.0917628706921554,0.9117360607865,0.0740777582960883,0.823141670358777,0.0695308984718356,0.858349187127347
"EFCAB13",-0.46831974576775,0.607226415643211,-0.294706874877883,0.567636892317067,-0.449980262987095,0.376391918003978
"NPEPPS",-0.0755495653511666,0.915615419264746,-0.0528034955821969,0.845169358064318,-0.0713590484776967,0.813821171969538
"KPNB1",-0.0185307933886899,0.987168661761228,-0.00701100844290122,0.981217349004059,-0.0336885630786259,0.922096086495604
"COPZ2",0.497517703859406,0.877132886555714,0.402947207959784,0.605933254866572,0.396360723415128,0.652272219761554
"NFE2L1",-0.20159241343223,0.841271683568883,-0.197532739834609,0.614396075881076,-0.274456311199386,0.471689977666094
"CBX1",0.0029110755736721,0.994861430298128,0.0160341251276744,0.968736910528144,0.000784439879490266,0.999155714450675
"HOXB2",-0.160551833940911,0.946978282166981,-0.107743919699712,0.913030777551584,0.00178298794352424,0.999155714450675
"CALCOCO2",0.0240383962945241,0.987676987381042,0.0307735435617938,0.96668416533004,0.121213394991616,0.85524217122191
"ATP5MC1",-0.00731801740584242,0.997945754052334,0.0598097970336349,0.877596807432083,0.0937032917399733,0.807329571131613
"UBE2Z",0.0498343412592168,0.963027324493838,0.0337352186583594,0.927320925434697,0.0336843265513021,0.931855669972043
"SNF8",0.212052908741793,0.678171418041482,0.171679987506488,0.603662557624495,0.206021858820416,0.556329705775825
"ABI3",0.365777602577562,0.607226415643211,0.264001104100767,0.539909812541728,0.287836995857414,0.503188932768188
"AC004797.1",-0.263479708958886,0.838228110296931,-0.15559952451326,0.827265188324808,-0.260613343701957,0.679131007082978
"ZNF652",-0.282699820337537,0.620497879203569,-0.211854300818087,0.539909812541728,-0.266918460764546,0.455729469688749
"PHB",0.353959601134897,0.891570953693957,0.255671236381072,0.539909812541728,0.342133966722058,0.372925951502991
"NGFR",0.00671580275572239,0.998216842306075,-0.0788619989254151,0.96277084031199,-0.221369215982935,0.863130128777931
"SPOP",0.0625747835143003,0.950859110694084,0.0589760556927936,0.879318949048446,0.0582351486935503,0.89675635447082
"FAM117A",-0.603655853193407,0.700393778780536,-0.450828028681908,0.635116598030598,-0.780488521951872,0.121423197396795
"ITGA3",-0.089275844404883,0.987168661761228,-0.0962365212897923,0.953950398414795,-0.205105033458328,0.83780945723087
"COL1A1",-0.344230528603093,0.937120241257205,-0.351892770115875,0.799176790955061,-0.639892051560367,0.562754315836961
"MRPL27",0.154615898578763,0.912259746037492,0.170017059414834,0.655885041836434,0.257713970433038,0.503188932768188
"LRRC59",0.431607825206296,0.562118039898797,0.286380770347373,0.539909812541728,0.307820226141877,0.364381114006951
"ANKRD40",-0.0365727259984211,0.975727322813314,-0.0395928167789382,0.921322498525649,-0.0769823714050005,0.849865711971539
"AC005921.2",0.280866487061063,0.831586301123345,0.245790088486931,0.65750952685365,0.222860836486877,0.56122308555548
"LUC7L3",-0.0276935150793924,0.984220501986375,-0.00915848681588342,0.981217349004059,-0.069547074498432,0.849373642506184
"TOB1",-0.0592877120128771,0.987232790302631,-0.19302523309532,0.600950135999603,-0.271442397525118,0.485138356515192
"SPAG9",0.11610694901145,0.911894372917354,0.0955866653923845,0.756801218738335,0.0505948963980449,0.899181418189796
"NME1",0.0493965807379484,0.989020511532505,0.138525949325482,0.728626054491622,0.0916950596209581,0.850173416597071
"NME2",0.171649921995549,0.969952634197529,0.161691106332366,0.658343768971671,0.275766018280371,0.396298682889274
"MBTD1",-0.213202608961982,0.695012064214002,-0.154207833215813,0.655516967718768,-0.244557729552973,0.477953424986133
"UTP18",0.25501415365121,0.631427909480806,0.167145799595893,0.6118955526808,0.234712253262642,0.461593118428979
"STXBP4",-0.302237156469262,0.756024783939142,-0.182006025335631,0.730568600718692,-0.195668318849769,0.747558216274968
"MMD",0.155467805340761,0.863683229367313,0.118363606354672,0.781153062887919,0.126006093143572,0.800759848264319
"PCTP",0.098939456204184,0.937120241257205,0.0914497716395102,0.86055599668641,0.119543554262281,0.79938538639431
"DGKE",-0.106648448338255,0.946978282166981,-0.124461923984552,0.774038913251,-0.159513148597942,0.737911625244294
"TRIM25",-0.260532454881706,0.838228110296931,-0.190098838716621,0.703986373319257,-0.298585769725031,0.526483868522985
"AC015912.3",-0.652405752138526,0.713703084504335,-0.528862192960926,0.539909812541728,-0.686531194786284,0.257964807679234
"SCPEP1",0.244419305696537,0.842460010275105,0.170413345136721,0.774820520963288,0.0961916154031058,0.883528995898572
"MSI2",-0.0477427407182099,0.968190410187967,-0.0187747154770621,0.962866185703775,-0.101743433964111,0.733140110303463
"MRPS23",0.150584630824131,0.943083225919622,0.068404474060321,0.852542483251065,0.0718139181998864,0.851564929770219
"VEZF1",-0.057144783657579,0.951118072710446,-0.0605449570638874,0.866137207719677,-0.110296637432985,0.764381022467333
"SRSF1",-0.145779897321355,0.795440606734161,-0.113537738518493,0.707054072340348,-0.168746252204392,0.58482270316746
"DYNLL2",-0.00560447767318483,0.994202951143564,-0.0689806921354482,0.833312333476619,-0.128671806029957,0.683530433169965
"AC004687.1",-0.282781354217926,0.805981408098156,-0.112425148321918,0.786411583341735,-0.190684799793043,0.659522181455106
"SUPT4H1",0.0816184030806705,0.966712918349758,0.0976293362438669,0.717433010177714,0.125769852385056,0.65642344853735
"SEPTIN4",0.00110102883347517,0.999861953973754,-0.118039873487914,0.950756828849506,-0.19371433118592,0.869793185908311
"TEX14",-0.418942895756762,0.866927105896921,-0.267280335076337,0.823141670358777,-0.408086238792964,0.63619336368885
"SKA2",-0.0602277393959672,0.964462552585652,0.00738467365135562,0.985970661384568,0.0592728062875168,0.903072714886762
"PRR11",-0.352036444588208,0.773839354078259,-0.261057971456037,0.675806956804428,-0.366746476615023,0.587867728656309
"YPEL2",0.0739384530007307,0.946978282166981,0.030954733796737,0.956240560346755,0.0288911734062324,0.967478190874016
"AC091271.1",-0.250768624563647,0.871146086444017,-0.17300626852331,0.716776630926897,-0.333630128455336,0.426574974407626
"CLTC",0.0857741389087091,0.916339396900937,0.0550405104935754,0.86822983131918,0.0632837443450577,0.860190911861655
"PTRH2",0.00568818337827104,0.994202951143564,0.0489566202233546,0.934556074635128,0.0208019338567494,0.977618352334228
"VMP1",-0.235304496729245,0.840467050491297,-0.172044926388866,0.726008162470312,-0.213404278530202,0.687017483856568
"USP32",-0.0842320949468505,0.926058247355641,-0.0486263179526729,0.889392512951085,-0.0993922879934421,0.76193005740603
"APPBP2",0.0394430656014126,0.967203858991469,0.0557066502934964,0.833312333476619,0.0384960200397464,0.908142271746693
"PPM1D",0.164450076830895,0.844246272414761,0.152589019248524,0.675806956804428,0.0708803191700628,0.840412082235387
"BCAS3",-0.0613588980676463,0.952093474531886,-0.0409529909388653,0.935848509013914,-0.0857855106329923,0.851615103190831
"TBX2",-0.272508582808969,0.951610900208567,-0.209037549341654,0.886521787873812,-0.351484667024059,0.740228469505966
"BRIP1",-0.0305381740820732,0.990850390543415,0.100720288285704,0.95050569742153,-0.120889871143784,0.93637900575043
"MED13",0.0124647759290136,0.989008139327741,-0.0037997262243339,0.993523124732251,-0.00771921508823786,0.988350014201583
"TLK2",-0.0428126646013123,0.964219314381286,-0.0236439565630795,0.948560750840966,-0.051955163264484,0.868416651730548
"MRC2",0.091741112398335,0.975195695221014,0.138614577336095,0.884392091917379,-0.0251494613852367,0.98334700686478
"MARCH10",-0.340072523931588,0.937295590475388,-0.190477424712618,0.921322498525649,-0.293361647713119,0.869880682851521
"TANC2",-0.178975860702943,0.781913752028351,-0.151051601181773,0.602584390525497,-0.176045120105681,0.58482270316746
"ACE",0.334295124969214,0.915615419264746,0.189465818342948,0.879318949048446,0.0867711311364449,0.95124259606861
"DCAF7",0.105391601293852,0.86918309088418,0.0842397021959581,0.73101121462528,0.112606457418774,0.688110473685969
"MAP3K3",0.0436606899147983,0.969952634197529,0.0469012971107721,0.901776346236601,0.0145448153576106,0.978107886620121
"STRADA",-0.116344125120045,0.903608037062864,-0.0785754092466169,0.856292466956988,-0.119879648098412,0.792241745339718
"LIMD2",0.204858485342449,0.802377880555444,0.201878207097059,0.6118955526808,0.187072324807445,0.65642344853735
"CCDC47",0.139220670695353,0.847164208899954,0.110537496488564,0.758083011260247,0.131555169392478,0.737870328721417
"DDX42",-0.0169668053758731,0.987168661761228,-0.0148673115928309,0.968068160674758,-0.0517501398271947,0.891339391742764
"PSMC5",0.413232474426013,0.903608037062864,0.310822583085676,0.539909812541728,0.402521703655184,0.364381114006951
"ICAM2",0.247974241236159,0.86918309088418,0.178209631430266,0.767345972198134,0.267115128051289,0.685511798317414
"ERN1",-0.0968042405420472,0.946978282166981,-0.0449891976544018,0.942022505700473,-0.137160953424747,0.702434739343271
"SNHG25",-0.517489344799912,0.8276928018909,-0.501164963485588,0.6118955526808,-0.670939169831165,0.477506066017933
"TEX2",-0.00869112038896561,0.993039382491997,-0.0194312327194514,0.975491710400042,0.0320399783351836,0.962220442527391
"PECAM1",-0.117971511485491,0.903608037062864,-0.0688386648039304,0.868420307355323,-0.126206984320862,0.757986251845624
"POLG2",-0.206933056598978,0.805297296612406,-0.123200156609277,0.755206261592226,-0.234328468704997,0.54879683697825
"DDX5",0.0583222286818115,0.969952634197529,0.072655571927751,0.863252251385844,0.0628441825780275,0.869793185908311
"CEP95",-0.0235590475783265,0.986243996198961,-0.0324560225799919,0.916139333333639,-0.0761351323740039,0.803600651698182
"SMURF2",-0.0796143711235914,0.937295590475388,-0.0446668991453482,0.907482906392215,-0.0859317557149554,0.835739757867389
"GNA13",0.0564144162989405,0.98469852697543,0.0646646290588044,0.891507633403955,0.0281351401547576,0.96749032534522
"RGS9",0.156118901033538,0.952093474531886,0.123921910064082,0.839356517814563,0.0166096065478061,0.986054802680803
"CEP112",0.157857275121866,0.951610900208567,0.176537777534283,0.868346873746697,0.102069591120686,0.936418953465064
"PRKCA",-0.174802935564585,0.897129444505265,-0.0661490562032457,0.905085305148835,-0.189174439354088,0.644500148464691
"HELZ",-0.136774639208006,0.840467050491297,-0.0989272792084394,0.732900498693472,-0.109454478708292,0.720891950563511
"PSMD12",0.170183330438403,0.805941809941729,0.150616412615719,0.682971009494621,0.1470861470091,0.709298290205447
"PITPNC1",0.0223439608648031,0.987676987381042,0.0905591933518902,0.865887045284762,0.0493339987658124,0.936418953465064
"BPTF",0.00133766284256114,0.998689477015887,0.00746626294697889,0.982962866478306,0.0253363846800984,0.950836908094267
"KPNA2",0.202996891004636,0.672839863206178,0.1572417219221,0.607260215430647,0.124020004178139,0.703913696755257
"AMZ2",0.130321788030634,0.863683229367313,0.0913950925777207,0.806409740187469,0.0334176689442616,0.946888849990106
"ARSG",0.0571025609217375,0.984514102465223,0.102385099102559,0.885041529327646,0.178606579881305,0.794594005599009
"SLC16A6",0.0860514490915618,0.975727322813314,0.105556334147507,0.907199956713105,0.218178453060335,0.800759848264319
"WIPI1",0.174780177404215,0.879034398226686,0.150956837963503,0.755206261592226,0.181168981276371,0.723116381892166
"PRKAR1A",-0.137944043617409,0.831586301123345,-0.117605563471977,0.700576833586673,-0.147384222321469,0.661047764554629
"FAM20A",0.348023649313638,0.879034398226686,0.36684679180418,0.655885041836434,0.466115455889386,0.454646209978998
"ABCA8",-0.872833482000503,0.795440606734161,-0.668382600194166,0.673101483647985,-0.797605557155843,0.518056166425906
"ABCA9",-1.00037896007318,0.699974023329324,-0.682636848898153,0.649805728036211,-0.893064252594388,0.52765050859271
"ABCA6",-0.257737744616735,0.921019163155975,-0.157417611636297,0.86055599668641,-0.186062429400843,0.814173818717257
"MAP2K6",-0.284288076708455,0.848228309522531,-0.158538486656598,0.832809995674351,-0.262221022669825,0.737870328721417
"KCNJ2",-0.322443172835345,0.848228309522531,-0.287759807051292,0.688083306131201,-0.317532839066349,0.673601444674556
"LINC00511",-0.430885087702154,0.882947576577184,-0.29679066756855,0.830443594221367,-0.438024428553174,0.699169202663262
"SLC39A11",0.0603452940487616,0.968529247878935,0.0880212119080723,0.870765190363925,0.122306862788829,0.829309687795442
"SSTR2",0.225641397764581,0.959248300621966,0.227435445064524,0.882796185416272,0.1873981481114,0.872664823926407
"CDC42EP4",-0.077763940487953,0.978916937415713,-0.0979428413886712,0.885041529327646,-0.217347388963797,0.642621820653838
"SDK2",-0.410525124925645,0.837836391925067,-0.244013436399447,0.808661139101294,-0.0457238442025724,0.973942463195293
"RPL38",-0.0571989530472647,0.987676987381042,-0.116074544974576,0.736044434233638,-0.163891553258588,0.676872191446192
"TTYH2",-0.203692011630292,0.847763278066247,-0.152854094344698,0.731838330994888,-0.255483296462783,0.503188932768188
"GPRC5C",-0.0337949990626948,0.987676987381042,0.030650687178241,0.975178059978425,0.0225443761047969,0.986412293759403
"CD300E",-0.509072726688518,0.831586301123345,-0.297847937381593,0.703851799611006,-0.347135885602202,0.660373570029727
"FDXR",0.578207517562147,0.795440606734161,0.391669719109687,0.59186078503092,0.314092781962097,0.676872191446192
"ATP5PD",-0.0424307348313914,0.989020511532505,-0.030336766068509,0.951921041926033,-0.0446785232115393,0.922709833813539
"NT5C",0.204225118071189,0.787022388998985,0.187068661519833,0.638613914919712,0.235819764855837,0.562754315836961
"JPT1",0.46242626519067,0.615910607717767,0.350756314484706,0.539909812541728,0.457612835146041,0.307928681666602
"SUMO2",0.206722944278975,0.905433863177203,0.117527752857571,0.781746921621551,0.187162955300581,0.60091142745034
"MRPS7",0.197738610042451,0.850765417220173,0.129609015357187,0.635447363508042,0.152876075887612,0.596366488810727
"MIF4GD",0.160983560532402,0.86918309088418,0.161570999341551,0.707016966668684,0.145778752245163,0.732182402937651
"SLC25A19",0.236625176750813,0.838228110296931,0.132044724274372,0.755206261592226,0.128045174246377,0.745479749789988
"GRB2",0.128001682895904,0.897129444505265,0.102152747784284,0.712661164701235,0.0793182314784921,0.819404388860613
"CASKIN2",-0.648666981853428,0.831586301123345,-0.504041084711809,0.6118955526808,-0.628500287078684,0.498504670177581
"SMIM5",-0.221739222185719,0.968529247878935,-0.091531161639888,0.942866865475612,-0.209571188627914,0.801712757799524
"SAP30BP",0.11744494253655,0.826124421131966,0.107219702717302,0.661359409730596,0.109079814777045,0.702430088102267
"ITGB4",-0.255443727047366,0.952676354135022,-0.242075779032459,0.879318949048446,-0.327367653189547,0.781235478015081
"H3F3B",0.1336848876939,0.946978282166981,0.023734418555139,0.955161791958022,-0.0189113075900799,0.96749032534522
"WBP2",0.0562645451029722,0.954663243024224,0.0373409725903535,0.92326002119511,-0.00913265207182423,0.98661291854552
"TRIM47",0.17027186959394,0.954749851012742,0.050872600825811,0.961732451996458,0.0930844024527752,0.922381644150774
"MRPL38",0.393393008122707,0.620497879203569,0.270555961874078,0.539909812541728,0.33575029567444,0.427789007407824
"EXOC7",0.148344435916677,0.871146086444017,0.138290400733003,0.732900498693472,0.142923160676974,0.767105192939401
"FOXJ1",-1.42509415951397,0.620497879203569,-1.00730313540561,0.539909812541728,-1.52830588145405,0.15568258322301
"RNF157",0.261283298180554,0.912259746037492,0.264700048432951,0.781441122744418,0.178647195364978,0.868137401116203
"UBALD2",0.244616464402047,0.86918309088418,0.0603910386565033,0.870255685350644,0.0116595650155136,0.978712542600809
"PRPSAP1",0.0856208327172168,0.923602803613446,0.0880090439698171,0.772858844400066,0.090548056149149,0.792149335517592
"SPHK1",0.536182042005156,0.59030874370855,0.446282610644664,0.539909812541728,0.440069738846459,0.406317645003979
"RHBDF2",-0.0295627985362409,0.986243996198961,0.00726546244096045,0.983543863208774,-0.0216463610754625,0.969162032696058
"CYGB",0.0613539230557613,0.987676987381042,0.0725396928040773,0.963675564531743,-0.109993432572867,0.938779103692382
"SNHG16",0.302181327855635,0.909991992195616,0.185766454157242,0.565951168967911,0.23828435101652,0.430331057882329
"ST6GALNAC2",-0.11479678951614,0.97720507421405,-0.112684194086652,0.95050569742153,-0.165735133232371,0.911696415617216
"MXRA7",0.284558338230301,0.937120241257205,0.0769835634799057,0.903162098034093,-0.0665143550832324,0.908142271746693
"JMJD6",0.286912518045289,0.663974594664865,0.229806500565291,0.539909812541728,0.189598340027664,0.532214966036822
"SRSF2",0.135376823113777,0.875519982021551,0.115593585577288,0.756959699570331,0.0928244901916753,0.828769610127563
"MFSD11",-0.0553010009812529,0.956660628690128,-0.0150829013748461,0.96668416533004,-0.0742378113590946,0.822329630704024
"SEC14L1",0.16278734104103,0.891570953693957,0.10350525622187,0.806409740187469,0.147180693413212,0.731331442054184
"SEPTIN9",-0.0407092500114264,0.987165551409643,0.0305606686592271,0.963675564531743,0.00276578608100248,0.997535500882844
"TNRC6C",-0.212121381594425,0.795440606734161,-0.149929229637131,0.700576833586673,-0.208748105134277,0.510146919208901
"TMC6",0.346904423847475,0.740956428327799,0.27847665695346,0.565951168967911,0.254113041583369,0.611154937429524
"SYNGR2",0.254517673079296,0.663974594664865,0.141986427863251,0.644248176640864,0.201377988059898,0.521835404394511
"TK1",0.250351670708603,0.919985914487433,0.273731676239623,0.716332216182705,0.413126899299152,0.584434108302638
"BIRC5",0.0203602021932086,0.990850390543415,0.0623406905124186,0.951722449221458,0.0174944578172119,0.988350014201583
"SOCS3",0.213214921461733,0.954663243024224,-0.0374847100344405,0.964129047926838,-0.112772045368898,0.892828727881701
"DNAH17",0.289640399589765,0.923602803613446,0.264826037799072,0.825928810266268,0.199251082443294,0.894421401909875
"CYTH1",-0.0977153741336939,0.934816943280864,-0.0899558350838155,0.791199639106284,-0.144161393378093,0.704561194074243
"USP36",-0.00539610481855772,0.994202951143564,0.0175228532410336,0.975491710400042,0.0127606202134256,0.986310763813686
"TIMP2",0.184021016126721,0.716755156913227,0.103566029594897,0.692050352841508,0.100455406987193,0.740850861189192
"LGALS3BP",0.452470624119249,0.847164208899954,0.264491440765338,0.602584390525497,0.293561924326005,0.592456238694904
"C1QTNF1",-0.00339103452429742,0.999861953973754,-0.00031069307291862,0.999845748742964,-0.104430887969701,0.946888849990106
"CBX4",-0.155058942026332,0.904494265063236,-0.133019054467446,0.781746921621551,-0.276687143550427,0.498504670177581
"TBC1D16",0.196784242049111,0.923049362142027,0.162069405000132,0.855616970453911,0.235162833922538,0.794142255410456
"GAA",0.349918130794966,0.682833215369481,0.263010777813171,0.6118955526808,0.357071432859777,0.502162328288884
"EIF4A3",0.118220885884617,0.937295590475388,0.0840616546524717,0.877318442258331,-0.00212024652470362,0.99774736540395
"RNF213",0.119661959243773,0.935479761500471,0.104015221517988,0.825928810266268,0.0804527120067895,0.889079989871534
"RNF213-AS1",-0.04000122982094,0.987676987381042,0.0366279436744997,0.974423941231195,0.0116158396593494,0.993620127155076
"RPTOR",-0.0086585026718881,0.990850390543415,0.0252823220098055,0.963675564531743,-0.0181111572856768,0.979207899684523
"BAIAP2",-0.0909351511692199,0.950198385479781,-0.108774794985067,0.809409034753912,-0.23135222283371,0.49710277555272
"AATK",-0.0390272221992358,0.989020511532505,-0.0512507151639086,0.963675564531743,-0.0742739405994905,0.951211092216974
"NDUFAF8",-0.203975173765745,0.937120241257205,0.0119398238187159,0.975491710400042,-0.0345466396960492,0.934885915925458
"SLC38A10",0.13668403227555,0.887958938369797,0.12076748754362,0.781746921621551,0.0988952120623131,0.85616728220344
"ACTG1",0.298935585486828,0.919649990596137,0.181450035015081,0.706727969676431,0.222884981806418,0.636875059575704
"NPLOC4",0.0035999479337888,0.994202951143564,0.0321913384031977,0.928229270213868,0.0160333216966533,0.973942463195293
"MRPL12",0.371120353409439,0.86918309088418,0.298071905250762,0.565951168967911,0.426812484828545,0.396298682889274
"MCRIP1",0.346126303240467,0.78327712176599,0.189294305354846,0.567636892317067,0.242382568544814,0.455729469688749
"P4HB",0.32604339127465,0.659564394798225,0.228994296670592,0.6118955526808,0.228561322981597,0.65642344853735
"ARHGDIA",0.399140048003885,0.620497879203569,0.219885848987714,0.539909812541728,0.251708168527146,0.427789007407824
"ALYREF",0.127615024150134,0.974835902782104,0.0806115410613025,0.942866865475612,-0.0722866378713165,0.938589336574095
"ANAPC11",0.107493675575102,0.986243996198961,0.144048468497673,0.692050352841508,0.193878577339425,0.615227472188562
"MAFG",0.0699968882864557,0.965502168118536,0.0591084363316953,0.921322498525649,0.021908081089976,0.977649323251274
"CENPX",0.0544912053059674,0.975727322813314,0.143716955818068,0.700576833586673,0.173196956977623,0.648535243513563
"DCXR",0.0448952015982941,0.987232790302631,-0.0307642435083466,0.965675142898041,-0.0783223896366535,0.90664230403665
"FASN",-0.0436818352912987,0.987676987381042,-0.0839395991693461,0.905296396015766,-0.222767497459556,0.674363867120955
"CCDC57",0.115177375661632,0.913328857242346,0.129378896179365,0.728626054491622,0.160636736183428,0.704955888516877
"SLC16A3",0.310049708916473,0.795440606734161,0.228132922094775,0.6118955526808,0.230178639497239,0.566984349229723
"CSNK1D",0.199576019109461,0.743988537519481,0.144409873661063,0.619039507055099,0.108860254470702,0.744370967266433
"LINC01970",0.122119172476395,0.934816943280864,0.147079944042396,0.756597469657113,0.0826912902410722,0.876952946308714
"CD7",0.148447488769525,0.945421051661546,0.0767892368262051,0.852542483251065,0.0707093773697559,0.868416651730548
"NARF",0.227183216852249,0.782347688269215,0.127185599147616,0.722454510837134,0.0488407448863157,0.893280087890469
"FOXK2",-0.046097052644772,0.975195695221014,-0.00998484125677612,0.981281389473242,-0.00389663560718595,0.995773281816741
"WDR45B",0.0726641084864443,0.945421051661546,0.0619368015208698,0.878905000893612,0.0284664627721715,0.960016261581241
"RAB40B",0.219119122402706,0.816588549579573,0.179163652895266,0.669498510047402,0.166905127076622,0.731560697333205
"TBCD",0.158596048513757,0.882264046366445,0.154230215387615,0.735856182479457,0.204115730122418,0.69557035223712
"METRNL",0.169673035605735,0.937295590475388,0.195661336433499,0.785342677068441,0.307181538260664,0.526027543877305
"AP005530.1",0.229882198207146,0.969952634197529,0.139964857485925,0.951722449221458,0.159671355564226,0.942743430595247
"USP14",0.100641466185442,0.885213448640826,0.0852032074414243,0.802405079216957,0.132432622814393,0.685511798317414
"THOC1",-0.187237290440095,0.745590386868765,-0.132058016980371,0.675699955475318,-0.185806798579458,0.56122308555548
"COLEC12",-0.563239612409639,0.871146086444017,-0.12632000820514,0.894437808342616,-0.321721951261869,0.565699562145283
"TYMS",0.27801553786393,0.923535871787432,0.313979262141306,0.736250818799569,0.175712895248076,0.871237072166292
"ENOSF1",-0.203723343814658,0.920885507075657,-0.0340450224908379,0.965741834761312,-0.012187246700763,0.990420116511119
"YES1",0.205938915484414,0.923602803613446,0.199893807808826,0.805882240027355,0.180261968516535,0.825293721416026
"NDC80",0.526125371250353,0.76063344310174,0.367813931155471,0.707054072340348,0.4449943969393,0.684351540774242
"SMCHD1",-0.104007860983993,0.937295590475388,-0.0952769458161412,0.807230688869868,-0.123670281047998,0.792241745339718
"EMILIN2",0.169450705279746,0.905754345254302,0.136650398015377,0.790067916621749,0.214261907009972,0.641927215755213
"LPIN2",-0.0371580257729703,0.98469852697543,-0.044247653075724,0.930738487438733,-0.0653964067801077,0.897600292188603
"AP000919.2",0.0130557722561574,0.993893831457074,0.0379530024073322,0.974423941231195,0.00692921604043741,0.997113640321465
"MYL12A",0.117122459138875,0.968529247878935,0.0413841566352309,0.929818547307167,0.0542204261062081,0.89150566264312
"MYL12B",0.106948811265206,0.969952634197529,0.0529190212335055,0.890152476377743,0.0807605597616159,0.809491998462469
"TGIF1",0.125971181387357,0.920885507075657,0.0793787510965326,0.882550819749609,0.0803051082490925,0.889079989871534
"DLGAP1-AS2",-0.385898268897732,0.700393778780536,-0.269266679872199,0.635116598030598,-0.359646260073082,0.393559748452957
"EPB41L3",-0.0560428194072643,0.968190410187967,-0.00949975099519129,0.982567521584643,-0.0388832585390272,0.945137784813934
"L3MBTL4",-0.0474843535025308,0.965026801109949,-0.0236060317603647,0.962866185703775,-0.0361904559732249,0.93637900575043
"PTPRM",0.200557095329701,0.878852625556414,0.214440141261622,0.717050397237814,0.25336771023775,0.676872191446192
"RAB12",-0.335759402951479,0.86918309088418,-0.33131633075627,0.722429399014234,-0.0906642560083173,0.938176083415698
"NDUFV2",0.168276643697216,0.795440606734161,0.119689692804782,0.713063672772372,0.185159869970419,0.486708653561664
"ANKRD12",-0.0922482726389403,0.92417531528931,-0.0811858155271998,0.803248789697863,-0.105070972774952,0.756258027422061
"TWSG1",-0.0523034452015736,0.971135027358867,-0.039507480397708,0.949083560951574,-0.0695361401303436,0.902643232023022
"RALBP1",-0.0679575217684091,0.920885507075657,-0.0621516828345045,0.825928810266268,-0.063623105160179,0.848852976435192
"PPP4R1",0.025874243045038,0.986243996198961,0.0213677709245939,0.96277084031199,0.0376061635837631,0.923486197985207
"RAB31",0.0475662521772269,0.978916937415713,0.0768504286370284,0.863353446513897,0.113661039670457,0.79074754214483
"VAPA",0.202379781217796,0.795440606734161,0.154395550985434,0.703851799611006,0.177468608197387,0.629619559029358
"APCDD1",-0.142202138297578,0.972032683928677,-0.175160744315547,0.891507633403955,-0.244100826726499,0.807005377837559
"NAPG",0.0586044011431496,0.945421051661546,0.0496723138723317,0.890152476377743,0.0884053237023305,0.791616222574605
"PIEZO2",-1.05181706957878,0.700731738458386,-0.748770707024577,0.65750952685365,-1.00507340241183,0.455729469688749
"CHMP1B",0.0101609378352838,0.991594528553645,-0.00487013254873563,0.994111893424054,-0.0161784413860579,0.983436495131716
"IMPA2",0.405751083299155,0.75651538860226,0.234278433864621,0.724563954005688,0.48653312403231,0.393559748452957
"TUBB6",0.511562819111515,0.6712330458952,0.393358018660941,0.567754820711177,0.341555458761006,0.549695983821101
"AFG3L2",-0.0357610866876488,0.962718721338874,-0.0080418657196997,0.978003414629088,-0.0401108136884704,0.901872547234938
"SPIRE1",0.147570182051219,0.87360343324762,0.111035234393604,0.779117741632649,0.0911675851063404,0.860190911861655
"PSMG2",0.120188898146273,0.908458190058852,0.0882735100475774,0.857673701759124,0.184574510653132,0.635630814036157
"PTPN2",0.131926751340779,0.832719567576112,0.125391068827386,0.673101483647985,0.155725652667626,0.586755620124811
"CEP192",-0.231704707331959,0.620497879203569,-0.189233698810085,0.576859503928985,-0.212660230954265,0.561514913681191
"LDLRAD4",0.0510177781820347,0.966007233597787,0.0420390850693691,0.884392091917379,0.0287711870272136,0.939775526151459
"AP005131.1",-0.252374197328433,0.831586301123345,-0.148965892709387,0.79400496342994,-0.216552245039786,0.740228469505966
"FAM210A",0.61363882053038,0.562118039898797,0.431997013656437,0.539909812541728,0.489003266524618,0.341998100599396
"RNMT",0.104454552599355,0.915615419264746,0.0402793906696151,0.923054773439819,0.0263618498737815,0.959474258974623
"ANKRD30B",-0.636437239780886,0.847763278066247,-0.45606708883685,0.757215489546486,-0.591523608281829,0.669693275959664
"ROCK1",0.0752150991174063,0.951610900208567,0.0645050269747314,0.895074161486531,0.0694021711442511,0.884546907721629
"ESCO1",-0.0585653109234163,0.952093474531886,-0.0472991067347498,0.903162098034093,-0.0249025791101992,0.962220442527391
"SNRPD1",0.0832050114157175,0.939225408900637,0.0953336139814151,0.790067916621749,0.130384441893559,0.724134172399389
"ABHD3",-0.099214983840197,0.937120241257205,-0.0706928550411799,0.875772472130238,-0.104317330966355,0.823409505546055
"MIB1",-0.264931605715673,0.620497879203569,-0.197855820086382,0.565951168967911,-0.198931964437742,0.560203546352872
"RBBP8",0.00100905705508103,0.999861953973754,0.044038924215384,0.940619548176605,0.0574570688886841,0.927370405574905
"CABLES1",-0.207201645253071,0.903608037062864,-0.12506981313553,0.832809995674351,-0.206023378731748,0.723116381892166
"TMEM241",-0.297092677992462,0.845995942306838,-0.16729281891031,0.842688332450734,-0.219988691390139,0.806345549179156
"RIOK3",0.0871953166800168,0.935479761500471,0.0446580886575905,0.924274119234894,0.0374306296105677,0.947445661086935
"NPC1",-0.0437958870771199,0.969952634197529,-0.0315969266584082,0.951200760838363,-0.0758642613679823,0.835496228774023
"ANKRD29",-0.19171808715429,0.953336275938538,-0.140881357006645,0.894437808342616,-0.306485564629999,0.758310502801211
"LAMA3",-0.415630611797113,0.939974313495137,-0.263823157159873,0.919868947664481,-0.415466224704358,0.844314412133083
"TTC39C",0.163546501034682,0.928409849169319,0.238485409392144,0.682769929955018,0.184549974744419,0.729309537435849
"OSBPL1A",-0.130626646560776,0.836203256481455,-0.0692147162856031,0.813747570349955,-0.0672897733846535,0.848852976435192
"SS18",0.0357482456933506,0.968529247878935,0.0234931917435152,0.951722449221458,-0.000306403191150133,0.999739842870507
"TAF4B",-0.582702068150567,0.607226415643211,-0.390051810673644,0.539909812541728,-0.584786088975242,0.307928681666602
"KCTD1",-0.128875184493896,0.962718721338874,-0.107393399550529,0.905296396015766,-0.180216621399526,0.819807906170788
"CDH2",0.342209612703804,0.939287046093933,0.239339419586807,0.890152476377743,0.160256401583237,0.904689628572369
"DSC2",0.0255453603700127,0.987676987381042,-0.0260927291365593,0.968099084668931,0.146662163458962,0.702430088102267
"TRAPPC8",-0.16878925712803,0.743861219497759,-0.139857921105381,0.64984446340371,-0.186954963542244,0.565699562145283
"RNF125",-0.170384759633957,0.871146086444017,-0.103811889663843,0.814155391864553,-0.18457516098587,0.699169202663262
"RNF138",-0.183754020136433,0.8276928018909,-0.13880370334402,0.703986373319257,-0.225104575872745,0.555094888409749
"GAREM1",0.206738441617524,0.855640281140168,0.175864347532877,0.758930649986212,0.15594283606466,0.806345549179156
"DTNA",-0.113367454804321,0.879034398226686,-0.0786347690640431,0.813376354404761,-0.0910839995709048,0.824670829245906
"MAPRE2",-0.073406317203638,0.937295590475388,-0.074319766398875,0.833312333476619,-0.162123990817249,0.63214036138728
"ZNF24",0.126790048747324,0.837836391925067,0.0760497110208185,0.805882240027355,0.0797958166780982,0.812456792848887
"GALNT1",0.0536759041120856,0.956660628690128,0.0322450423416892,0.93991829964624,0.0824389070360541,0.812456792848887
"RPRD1A",-0.331497338400814,0.615910607717767,-0.245009355293856,0.539909812541728,-0.354449909951643,0.324961180468978
"SLC39A6",0.195070633676685,0.946978282166981,0.0136967144520575,0.973587280964195,0.0470783818113688,0.910409261365074
"ELP2",0.134766875702858,0.882264046366445,0.0689682920330816,0.879318949048446,0.134349683480807,0.757110439724718
"FHOD3",0.0750720360724216,0.987676987381042,0.146901034736655,0.951921041926033,-0.0293984419814302,0.99029662861262
"KIAA1328",-0.0946795344314964,0.903608037062864,-0.0390789590519691,0.934298675323455,-0.025172907223402,0.96749032534522
"PIK3C3",-0.149259463305548,0.743988537519481,-0.139460517385388,0.576859503928985,-0.157697388298687,0.580119673975908
"SETBP1",-0.54997033983298,0.6712330458952,-0.404767294353556,0.6118955526808,-0.511789523172935,0.521835404394511
"EPG5",-0.293721834559563,0.655064704728957,-0.252919356563171,0.539909812541728,-0.302502985123311,0.427789007407824
"PSTPIP2",0.060235700536772,0.985589193542083,0.0617063730099347,0.953950398414795,0.102114439438024,0.91969808375336
"ATP5F1A",0.274916982830894,0.850765417220173,0.152025718255989,0.647778243729206,0.188960880809904,0.562754315836961
"C18orf25",0.0171820028710223,0.987381297202584,0.0279927102348531,0.95449560049921,0.00814814477293943,0.989193131684562
"PIAS2",-0.192255077407284,0.659564394798225,-0.147174204308409,0.574706331067518,-0.189447229259373,0.486708653561664
"IER3IP1",0.0673723163511767,0.942492479468341,0.049607016536128,0.9002218651918,0.0980503722519298,0.763401414502149
"SMAD2",-0.0862477334221305,0.85325053155458,-0.0807563347789318,0.706962877518877,-0.095767488415314,0.678612840376044
"CTIF",-0.013921676045815,0.989701309603352,-0.0142188545165014,0.981281389473242,0.0143832950411404,0.98833262269817
"SMAD7",0.296479055181017,0.735879749823458,0.200112492389841,0.65750952685365,0.15508492513374,0.749292653756677
"DYM",0.0422865093733817,0.963914153263676,0.0438646889421735,0.890152476377743,0.0614408519043915,0.859452932536531
"C18orf32",0.15399096861645,0.959248300621966,0.0692000959543501,0.857474868048215,0.101206433865348,0.760841518933028
"RPL17",0.0348031863600343,0.989588695230066,-0.0291155730453613,0.951722449221458,-0.00631678925080884,0.990420116511119
"ACAA2",0.504874235198829,0.607226415643211,0.323697400786076,0.546717350039978,0.530548449851546,0.257964807679234
"ME2",-0.0328745539729778,0.975727322813314,-0.0257190865492712,0.953950398414795,-0.0306096555781704,0.945137784813934
"SMAD4",-0.0754323725623729,0.916339396900937,-0.0798785955013597,0.779117741632649,-0.0629628064729111,0.851207358141116
"MBD2",0.0447825571739855,0.985214763269641,0.0441458682421078,0.956240560346755,0.13253150088045,0.835739757867389
"TCF4",-0.200530726576971,0.8276928018909,-0.189440705117673,0.602584390525497,-0.250925636783641,0.510146919208901
"TXNL1",0.334742885700889,0.59030874370855,0.242833464036351,0.539909812541728,0.313403434406511,0.364381114006951
"WDR7",-0.0694168079811217,0.935853944284842,-0.0424937806397625,0.922869462896843,-0.0360847854970209,0.945679794111185
"NARS",0.0175023793510469,0.987232790302631,0.0159823079630192,0.967149837859175,-0.00366481946838108,0.995285572895992
"AC027097.2",-0.0748650529160479,0.967203858991469,0.0118883962841006,0.985970661384568,0.0596917380655213,0.946888849990106
"ATP8B1",-0.166580450891098,0.941362866167704,0.00273328117275384,0.998806998670749,0.0498944063579265,0.973942463195293
"NEDD4L",-0.0229833332813015,0.987165551409643,-0.0181166353103692,0.963675564531743,-0.0965117792825846,0.749855507789531
"MALT1",0.131420039394602,0.923535871787432,0.099069288878991,0.839310369942232,0.069358077213802,0.90131829140123
"ZNF532",-0.389811902509953,0.607226415643211,-0.242077390872911,0.565951168967911,-0.306820613833002,0.475402890563908
"SEC11C",0.133302419896253,0.968529247878935,0.106502223734497,0.728626054491622,0.151344784786852,0.549695983821101
"LMAN1",0.11869690282731,0.903608037062864,0.0555790754823785,0.89555290468384,0.119272701182321,0.741356866789519
"PMAIP1",-0.330869191414539,0.909991992195616,-0.249294161670939,0.756801218738335,-0.362724064405106,0.648991108605065
"RNF152",-0.10945094645381,0.975727322813314,-0.0254048325748537,0.982567521584643,-0.129241609436126,0.914685256526293
"PIGN",-0.259949683827065,0.607226415643211,-0.181938510442726,0.571185324951607,-0.207886454232219,0.562754315836961
"RELCH",-0.0861294012864405,0.903608037062864,-0.0574453736320491,0.879318949048446,-0.0844302872634014,0.843485540238215
"TNFRSF11A",0.132442258949988,0.935582707073966,0.112953302794615,0.867179825611848,0.183345548321086,0.760841518933028
"ZCCHC2",0.121940502169773,0.915615419264746,0.0942647596102549,0.781746921621551,0.145573164687601,0.681162225832968
"PHLPP1",0.0683307498224991,0.964792346825516,0.0632134663653955,0.923054773439819,0.0668306748017092,0.923120372345046
"BCL2",-0.0373893734790727,0.97333750941677,0.00590903932808393,0.986357352470941,-0.0494699472608467,0.896785969713696
"KDSR",-0.00737912630264581,0.990850390543415,-0.0265887976083143,0.953950398414795,-0.0521968620127913,0.895594813705148
"VPS4B",0.0233041435819498,0.986243996198961,0.00256105986278761,0.995021200829037,0.00413879026860136,0.99504417436632
"SERPINB2",-1.30781279574498,0.59030874370855,-0.959180056590236,0.539909812541728,-1.12195216479221,0.270258691921588
"SERPINB8",0.123395506100921,0.885519904766577,0.0998487096330086,0.802405079216957,0.113776251255517,0.772743180751109
"CDH19",-0.951088582560314,0.756024783939142,-0.705549600843107,0.666718772248074,-0.840086280219057,0.580119673975908
"DSEL",-0.191213771460242,0.925683773823925,-0.159583038124057,0.736044434233638,-0.196855994843588,0.719923483730873
"TMX3",-0.0747652781623253,0.937120241257205,-0.0457346097335312,0.916294702011649,-0.0555538697535227,0.909633877358067
"CCDC102B",-0.305298807645929,0.755259212129962,-0.194022603050241,0.73101121462528,-0.343418626962676,0.53343481555173
"DOK6",-0.561854804673218,0.804492887444672,-0.316648568998557,0.779117741632649,-0.47465808793996,0.62915730044559
"CD226",-0.365698551175521,0.755259212129962,-0.299018753439119,0.638420965462008,-0.501069831284483,0.42463556256099
"RTTN",-0.389578880186772,0.901398431094785,-0.347308390384093,0.790067916621749,-0.457927124479543,0.749855507789531
"SOCS6",0.0395512510922519,0.987676987381042,0.0101065066025024,0.991602015153698,-0.0647827745622413,0.955892342072672
"CYB5A",0.0614650986059734,0.98469852697543,0.0328251159991547,0.951921041926033,0.0442341854074201,0.921388739958762
"CNDP2",0.282688412412006,0.700393778780536,0.182696328555121,0.678110628123578,0.249134112790011,0.560203546352872
"ZNF407",-0.0873401719565695,0.904494265063236,-0.0665093810090456,0.865887045284762,-0.0790277499548685,0.849373642506184
"TSHZ1",-0.169696685694804,0.871146086444017,-0.166564171118037,0.700576833586673,-0.181668503307727,0.685511798317414
"ZNF516",-0.198968539561989,0.847164208899954,-0.161744371473086,0.730093576208553,-0.250905205964483,0.59257341004653
"ZNF236",-0.0631435432619602,0.937120241257205,-0.0279819916666573,0.942866865475612,-0.030552891808231,0.943665754096722
"MBP",-0.128604337849931,0.888570841393027,-0.11410016967822,0.735856182479457,-0.177817996821903,0.627216971922475
"ATP9B",-0.00128259652654691,0.998674355631457,0.00650978085607224,0.985219543619167,0.0508301625841851,0.89150566264312
"NFATC1",0.313820556361554,0.674893276948019,0.248150237471395,0.539909812541728,0.180494498033101,0.57608720313013
"SLC66A2",0.300585503605521,0.705508013829458,0.277311914809281,0.539909812541728,0.363757628440668,0.364381114006951
"TXNL4A",0.141445319189817,0.819061028387512,0.116257915387402,0.718982006498716,0.158900603648693,0.601558141741616
"SHC2",0.318859236216711,0.964563941864995,0.0598773018625986,0.981281389473242,-0.0763516232818292,0.979218528186553
"TPGS1",0.503140351579229,0.804738005641345,0.343327300167225,0.539909812541728,0.439093095022477,0.271754239405015
"GZMM",0.760780879370494,0.743988537519481,0.593696015105196,0.647778243729206,0.680881341424194,0.614840692136411
"BSG",0.490683968035739,0.840467050491297,0.2750346101828,0.539909812541728,0.305541362920635,0.384189497946493
"FSTL3",-0.0399269261682629,0.989924066985412,-0.109295288330931,0.923054773439819,-0.145031065710876,0.892914964963681
"PTBP1",0.0936101050563266,0.877674649062151,0.0468332022632435,0.871086161606325,-0.00420025265628536,0.992577129869039
"ARID3A",0.102605797477611,0.951610900208567,0.0849390206001825,0.865887045284762,0.0386667681075429,0.943715624195426
"TMEM259",0.18601376644294,0.790872788088734,0.169255620978732,0.622559656896082,0.139594741943359,0.719114764621006
"CNN2",-0.0461652433483796,0.987060796028084,-0.0263059599268922,0.975491710400042,0.0322485263315863,0.975435628699735
"ARHGAP45",0.0270902882434083,0.986243996198961,0.0250492334779297,0.956978877099631,-0.0177818181187888,0.973942463195293
"POLR2E",0.148379212021493,0.78698087141043,0.115614745580492,0.712661164701235,0.106558471199861,0.749855507789531
"GPX4",0.23004637218795,0.937120241257205,0.208283424480732,0.539909812541728,0.225899624798046,0.485138356515192
"SBNO2",-0.000774793667427915,0.999963380658618,0.0259070906128401,0.968971048105522,-0.0234585555033042,0.976949166476538
"ATP5F1D",0.236810831769351,0.943781903251314,0.176575617054749,0.683371735931916,0.27794025868063,0.492865920176733
"MIDN",-0.096718190012522,0.937925320066869,-0.0589546869920879,0.893400182917418,-0.100284447055888,0.835540631784637
"CIRBP",0.151145477603644,0.885618959136343,0.11942540856294,0.805882240027355,0.116154809495411,0.834129496117615
"FAM174C",0.228831431263123,0.937295590475388,0.157392516463539,0.675806956804428,0.231784034853702,0.521835404394511
"PWWP3A",-0.126399652238611,0.935479761500471,-0.0929669140958028,0.878288983570715,-0.101928494390287,0.871351716400722
"NDUFS7",0.211366248280727,0.95196329621018,0.172509868770552,0.655885041836434,0.223951685045058,0.586755620124811
"GAMT",0.168484648042113,0.964219314381286,0.137835956713057,0.756801218738335,0.125027144659956,0.828673795569888
"DAZAP1",0.163082953642077,0.795440606734161,0.121691326498876,0.713923131494012,0.0761245644628079,0.829309687795442
"RPS15",0.140259981333839,0.975727322813314,0.0850410951556212,0.833080724203981,0.121178062267051,0.763401414502149
"UQCR11",0.0680960737423153,0.987381297202584,0.0889864894286507,0.763807426580721,0.0794695832708693,0.83780945723087
"ABHD17A",0.283635151670751,0.663401121515774,0.18080791621549,0.577939110670902,0.198137739300774,0.567886440791429
"CSNK1G2",0.213228647932891,0.743988537519481,0.167265634527698,0.64689033572854,0.143851748409561,0.716323327546628
"MKNK2",-0.126145813610593,0.920885507075657,-0.151459831386426,0.707016966668684,-0.235107201426657,0.528262489741586
"AP3D1",0.0481005907526565,0.964440387481779,0.0523677505763495,0.868420307355323,0.0102142614329036,0.980766459646602
"PLEKHJ1",0.22869440396513,0.743988537519481,0.199967896639425,0.6118955526808,0.285178270843854,0.492865920176733
"OAZ1",0.230202988586021,0.882264046366445,0.123714063822117,0.658343768971671,0.117721323180329,0.65642344853735
"LSM7",0.0369990568532813,0.986243996198961,0.098176544414582,0.758268005486744,0.0998907131405921,0.800169662236638
"TIMM13",0.268926238922258,0.937295590475388,0.197682617702401,0.635447363508042,0.28095758520174,0.510146919208901
"GADD45B",0.0693221559089418,0.978916937415713,0.0837543047151409,0.823141670358777,-0.00678970495197319,0.989103367818447
"GNG7",0.0263974266475275,0.987676987381042,-0.0397027340037647,0.961732451996458,-0.186894735910297,0.722252774202751
"TLE2",0.00575437045513106,0.998674355631457,0.0695064946218387,0.973854119491552,-0.109387563485037,0.963163635851747
"TLE5",0.321055728465698,0.633461558848371,0.21184854158877,0.58453580524573,0.236049524910513,0.57608720313013
"GNA11",0.0288751693247434,0.990850390543415,-0.0728617808698336,0.888839590300951,-0.0945686526846442,0.869793185908311
"GNA15",0.242394478839905,0.838228110296931,0.211565171517363,0.647778243729206,0.23443971362464,0.552534852329702
"NFIC",0.092174545356622,0.943083225919622,0.0976932659075877,0.78387086398771,0.0756701877795947,0.868416651730548
"MFSD12",0.459657847731153,0.562118039898797,0.360066377546171,0.539909812541728,0.380283228961822,0.371933782150218
"HMG20B",0.313924056584325,0.620497879203569,0.230211020924781,0.565951168967911,0.232096488497296,0.549237887780251
"PIP5K1C",0.152056936439047,0.836203256481455,0.138974181406559,0.643921980573827,0.123982880232895,0.725100421060311
"MRPL54",0.0807378102049324,0.987381297202584,0.15453852179091,0.680554703992045,0.229499618273975,0.518056166425906
"MATK",0.701800540809801,0.795440606734161,0.470837993400907,0.700576833586673,0.450199905069339,0.661311727667947
"DAPK3",0.31014758434089,0.691888384010051,0.289670820474334,0.539909812541728,0.276827278745677,0.520510151444547
"EEF2",0.243078165543825,0.903608037062864,0.0835456328220138,0.760448321718043,0.0707020404693072,0.829309687795442
"ZBTB7A",0.131545148112585,0.897129444505265,0.0967725325233027,0.819651123007178,0.0260672894367523,0.966616392904718
"MAP2K2",0.63770106536894,0.654027551099472,0.415950156107242,0.539909812541728,0.53946366267743,0.376391918003978
"EBI3",-0.110526649030125,0.941481893371475,-0.0253169503785319,0.972626641981822,-0.0314687076846132,0.969162032696058
"TMIGD2",0.012726292417608,0.994700390530767,0.178563996972829,0.876852691254119,0.128348389168335,0.916996650945138
"SH3GL1",0.0115953497926149,0.991594528553645,0.0698509828878883,0.879318949048446,0.0133130351545823,0.979708315365712
"LRG1",0.0545037107469055,0.994202951143564,0.0416257649679744,0.961663698018687,0.0297891883850995,0.973942463195293
"SEMA6B",0.497074348228861,0.680936246736474,0.322177618158319,0.635116598030598,0.339601051459749,0.610364968373009
"TNFAIP8L1",-0.00861720219657052,0.99405514132352,0.0331254426657428,0.961732451996458,0.0190602029168257,0.979207899684523
"MYDGF",0.269606012786074,0.794910857306378,0.152132776044758,0.655516967718768,0.163648430544465,0.643946550076799
"PLIN3",0.306868323118163,0.633461558848371,0.249442385349705,0.539909812541728,0.232915470109357,0.552534852329702
"KDM4B",0.127893738411838,0.923602803613446,0.0691548250931093,0.892452868202711,0.0512409878033936,0.934890182573882
"PTPRS",-0.26197970790902,0.937120241257205,-0.232212835784214,0.871103372434564,-0.421427090988461,0.666564449597694
"SAFB2",0.127987071500397,0.805297296612406,0.097051217988993,0.692050352841508,0.0793077753629815,0.771047052446169
"SAFB",0.125723262009217,0.850765417220173,0.101968013085166,0.726008162470312,0.0719067404063224,0.83780945723087
"RPL36",0.228042417514286,0.960180047202686,0.116729723775812,0.719906222635612,0.134085697065763,0.722561767101605
"MICOS13",0.0573710568138039,0.987676987381042,0.127062984676346,0.774038913251,0.219684694790139,0.62915730044559
"NDUFA11",0.129470643185093,0.975727322813314,0.151837547588041,0.69275266410881,0.201867784840646,0.62915730044559
"CAPS",-0.038226190254515,0.987168661761228,0.00819111893976247,0.990471492962637,-0.0194848332773376,0.981991761271164
"RFX2",-0.0313197034576527,0.987676987381042,-0.0382330187381898,0.963632023564318,-0.135038080593122,0.837429769891498
"CLPP",0.266678696019849,0.848903305816828,0.166518442798771,0.607231435819541,0.205366824108842,0.549695983821101
"ALKBH7",0.154630281218134,0.975727322813314,0.198208371165054,0.600950135999603,0.248800816351198,0.492865920176733
"GTF2F1",0.0863384959492559,0.937120241257205,0.0928128215032209,0.826603556802908,0.125206179005436,0.792645670335483
"KHSRP",-0.130369542379473,0.832719567576112,-0.0917241529657655,0.726740732682649,-0.16559662605389,0.540579463551134
"TNFSF9",-0.114619660485812,0.972032683928677,0.0236312068807021,0.976831570536172,-0.236788427687217,0.640243459081374
"TNFSF14",-0.16473271487316,0.935853944284842,-0.220076908270481,0.675806956804428,-0.350149252268856,0.420322421599594
"C3",0.323296585128727,0.713703084504335,0.226689815158214,0.6118955526808,0.230375407697217,0.526483868522985
"GPR108",0.163432465864976,0.801804506613222,0.137906853380965,0.692169833709813,0.135120381534091,0.742507520511197
"VAV1",0.072906561960046,0.962718721338874,0.113433256711846,0.756801218738335,0.0943445992940035,0.837429769891498
"INSR",0.0257002838439195,0.989020511532505,0.0151862141275903,0.986357352470941,0.130694447456226,0.900089393092193
"ZNF358",0.293892516375788,0.805297296612406,0.183774226774403,0.743182114935525,0.286130306727121,0.635630814036157
"MCOLN1",0.265355327727445,0.680936246736474,0.240470488927054,0.539909812541728,0.281364183352367,0.455729469688749
"PET100",-0.0100642827167241,0.994202951143564,-0.0190527448791892,0.963632023564318,-0.0893027736621882,0.805343626581997
"STXBP2",0.519693170361134,0.562118039898797,0.386832011372538,0.539909812541728,0.455621772879958,0.307928681666602
"RETN",0.353024784914309,0.923602803613446,0.311448492320578,0.756597469657113,0.707280819624802,0.44995437078403
"MCEMP1",-0.0871117033753442,0.986243996198961,-0.056961068034259,0.966592197459454,-0.0131779407611552,0.995031168540369
"TRAPPC5",0.164968970797723,0.97512750695552,0.172827765807435,0.701215480896238,0.26576434494124,0.562754315836961
"ELAVL1",0.0982100821599878,0.885618959136343,0.0548813835696304,0.868346873746697,0.0322146892991536,0.934890182573882
"CERS4",0.158034103644552,0.908504361694798,0.142208249200441,0.790067916621749,0.124793372900252,0.848852976435192
"CD320",-0.00160793923079601,0.999963380658618,0.051205833456222,0.953950398414795,0.036820512948294,0.973942463195293
"NDUFA7",-0.0485692815604043,0.987676987381042,0.0555017995082776,0.865887045284762,0.0790159658279533,0.774749737550219
"RPS28",0.146031388074778,0.967203858991469,0.0384523325744441,0.909806300684739,0.0270893166921194,0.951869325101586
"RAB11B",0.140496938086587,0.831586301123345,0.101777704860709,0.756801218738335,0.0581009451903373,0.883528995898572
"MARCH2",0.40243059485743,0.695012064214002,0.327346165995355,0.565951168967911,0.504825061509239,0.259680302569623
"HNRNPM",-0.0308556170458881,0.986243996198961,-0.0361848611144116,0.941264598661626,-0.11495758935853,0.792241745339718
"MYO1F",0.0705979794591778,0.972806716437594,0.0814762688100173,0.892452868202711,0.0841181809609658,0.896785969713696
"ZNF562",-0.169759473424019,0.795440606734161,-0.0984328465934525,0.757215489546486,-0.0650897250465006,0.848852976435192
"ZNF846",0.0193327788501058,0.987381297202584,0.0427029133300979,0.927320925434697,0.0284098364448703,0.951665174142316
"UBL5",-0.0153259825386619,0.994537595490738,0.0214936192239725,0.958734588994762,-0.00525972578899951,0.992577129869039
"PIN1",0.248872560962812,0.845995942306838,0.172262226096647,0.607260215430647,0.194949153328578,0.581917041243556
"COL5A3",-0.260708009714543,0.961399538616457,-0.224256189500866,0.893945927996825,-0.326450694614488,0.82591843900154
"SHFL",0.137362369310792,0.871146086444017,0.150887647242469,0.602584390525497,0.117157000450359,0.716323327546628
"EIF3G",0.388994210535098,0.870169251409955,0.240924934538994,0.567636892317067,0.324883929875042,0.437992645675782
"DNMT1",-0.107878822211175,0.845460943772112,-0.0477900564980497,0.872107878894087,-0.0571146111871513,0.868416651730548
"MRPL4",0.282575136209583,0.620497879203569,0.22463565373444,0.539909812541728,0.26856783231505,0.428606286713091
"ICAM1",0.0356688765518372,0.987381297202584,0.0465865939355081,0.950352759818587,0.0286360597595648,0.973466071794376
"ICAM4",0.24162999570533,0.903608037062864,0.176506095828037,0.841936426369159,0.157735431398092,0.851589658080292
"ICAM3",0.131597089832859,0.969952634197529,0.0327755163337021,0.96834634534808,0.00899989741576044,0.992577129869039
"CDC37",0.21297649437911,0.631427909480806,0.187108354025595,0.539909812541728,0.176075868203936,0.52139907878696
"PDE4A",0.0823130384974433,0.969952634197529,0.0944624043053078,0.867775140580767,0.0856625288086669,0.889599368412519
"CDKN2D",0.232339577809092,0.917132712636844,0.0816506468030711,0.823141670358777,0.0561950089352504,0.897120364639856
"SLC44A2",0.186732700511484,0.898622648526422,0.0802023550595753,0.903162098034093,0.112990232772164,0.869793185908311
"ILF3-DT",-0.20243757299101,0.848903305816828,-0.0903499179395354,0.856449746085977,-0.164780744507241,0.749855507789531
"ILF3",0.106040985577434,0.871146086444017,0.0985810211798254,0.73101121462528,0.0750274006956002,0.83780945723087
"DNM2",0.0781157241012607,0.95867628166691,0.0918505871742314,0.787285299040374,0.045787887526056,0.914685256526293
"TMED1",0.361370734606486,0.740877974418763,0.211415282484539,0.602584390525497,0.265423974637978,0.533803753509296
"SMARCA4",0.0857776838107747,0.937295590475388,0.0964638405205022,0.761146693087719,0.111051786844809,0.770281814366206
"LDLR",-0.919603837781781,0.633461558848371,-0.559276752360114,0.602584390525497,-0.685830997941494,0.427789007407824
"KANK2",-0.221290971893489,0.916794742663761,-0.211028145850543,0.782241739160638,-0.302898387801807,0.676558239680475
"DOCK6",-0.225616042358667,0.947711925014024,-0.020473429865904,0.98706524090344,-0.114067971413423,0.926493644917102
"TMEM205",0.135859896971564,0.969847956577813,0.0835647137270955,0.791438454835134,0.107848658490004,0.76193005740603
"PRKCSH",0.213425417932181,0.684238272206636,0.141302444989569,0.655516967718768,0.163187668196783,0.639972620212142
"CNN1",-0.255585669342164,0.937295590475388,-0.143107083493828,0.926495146692989,-0.406322561522812,0.65642344853735
"ACP5",0.435019689783745,0.847763278066247,0.339359991768662,0.756959699570331,0.371037075061005,0.774544852909099
"ZNF439",-0.597852423849432,0.633461558848371,-0.471770390268938,0.565951168967911,-0.569855414789668,0.468140187860629
"ZNF69",-0.269741147408483,0.756057892358215,-0.181619554099247,0.712661164701235,-0.220222845852408,0.692452768582309
"ZNF433-AS1",-0.175987869793971,0.867907730086952,-0.146962434319352,0.728626054491622,-0.233553351215575,0.607360753037761
"ZNF844",-0.437107398438848,0.620497879203569,-0.360492537023054,0.539909812541728,-0.524584345272598,0.18131672651448
"ZNF44",-0.0825731810511401,0.937295590475388,-0.044191117507981,0.927320925434697,-0.0753301758437974,0.861600338130576
"ZNF791",-0.211937546180477,0.834869989317809,-0.128775727701931,0.757349943453904,-0.144391542513082,0.754590891845521
"MAN2B1",0.372048580289132,0.674893276948019,0.297295298552831,0.568850858613163,0.295720669122195,0.602734415631695
"WDR83OS",0.0661665245934988,0.987676987381042,0.0941288726639656,0.757215489546486,0.117795605797178,0.723116381892166
"TRIR",0.208512257011236,0.713703084504335,0.155296460366713,0.577660339563635,0.176329463345904,0.533803753509296
"GET3",0.429529760104908,0.842482482599777,0.296952193368919,0.539909812541728,0.36432223315269,0.394973665022593
"JUNB",0.315634982818302,0.826124421131966,0.150240814321427,0.756801218738335,0.0776665902545869,0.883528995898572
"PRDX2",0.234199270012318,0.966712918349758,0.257997795170307,0.622559656896082,0.260597329281591,0.639972620212142
"DNASE2",0.375383169458036,0.831586301123345,0.203926129121384,0.735856182479457,0.216706508406999,0.757110439724718
"CALR",0.460922235434971,0.698956660897203,0.257402713438293,0.539909812541728,0.292035023249956,0.455729469688749
"RAD23A",0.135549943704895,0.877674649062151,0.0744293795950392,0.865887045284762,0.0775653650231007,0.824265827988779
"GADD45GIP1",0.202171267497011,0.968529247878935,0.201730212530005,0.600950135999603,0.302508253599685,0.409023911632036
"NFIX",-0.0483578112900429,0.986243996198961,-0.0509404882925591,0.948956915581419,-0.1085014315501,0.877564175602306
"LYL1",0.309746663039046,0.695012064214002,0.193202376427867,0.675806956804428,0.195573021369493,0.693211946754825
"TRMT1",0.0128501440342243,0.987676987381042,0.026860473890312,0.949083560951574,-0.0604790809018738,0.845504483011055
"STX10",0.173461889776616,0.845995942306838,0.169576901534431,0.691058146260291,0.189751918701159,0.673601444674556
"IER2",0.036885897137065,0.987232790302631,0.112416144820701,0.758083011260247,0.0450638523512399,0.914685256526293
"CACNA1A",0.757860631177418,0.688935346222494,0.407638484461701,0.702335110477034,0.556858509622363,0.617670448466621
"C19orf53",0.0992523007231794,0.987168661761228,0.167456825123349,0.658072401879663,0.236756583658895,0.545490598834349
"AC020916.1",-0.45160896980021,0.765446296541722,-0.242706199777458,0.602584390525497,-0.346595656850286,0.454646209978998
"CC2D1A",0.171502313783937,0.9117360607865,0.162348237203761,0.762650694220699,0.17088224389575,0.791616222574605
"RFX1",-0.200194647236387,0.847763278066247,-0.117454395275156,0.813376354404761,-0.170875309394149,0.684351540774242
"IL27RA",0.234408714553321,0.874838929100483,0.222900415691622,0.712661164701235,0.301687622319328,0.568136661799545
"SAMD1",-0.115476581720246,0.937120241257205,-0.133089870356585,0.76807261540306,-0.185712093300063,0.65642344853735
"ADGRE5",0.349043627596705,0.740877974418763,0.300417248434786,0.539909812541728,0.311019700712101,0.503188932768188
"DDX39A",0.193565453918497,0.663974594664865,0.144581401864159,0.616245684561578,0.124016879606722,0.699169202663262
"PKN1",0.376847562081747,0.646796439994281,0.29947054170589,0.565951168967911,0.327237534796397,0.526483868522985
"GIPC1",0.44210743685156,0.631427909480806,0.374435826906278,0.539909812541728,0.520406396206541,0.376391918003978
"DNAJB1",0.0393863429480617,0.989588695230066,-0.240198830251783,0.539909812541728,-0.276338753514972,0.41778242206138
"TECR",0.217182392014231,0.805297296612406,0.135902272820818,0.755804595002153,0.224267028611005,0.617670448466621
"NDUFB7",0.124191796024779,0.986243996198961,0.162437961513826,0.659515997388856,0.234760230905754,0.534535673464558
"ADGRE2",0.0253750287736468,0.987676987381042,0.100424717858374,0.811003392445953,0.084838665898209,0.869793185908311
"SYDE1",0.455922247801876,0.923535871787432,0.29625817691409,0.865887045284762,0.216531010342165,0.908239338742661
"NOTCH3",-0.39752714664909,0.906869631745234,-0.351241449352313,0.80009025515769,-0.542048121356516,0.666927108553461
"BRD4",0.131363817916669,0.790872788088734,0.0974640152761296,0.682769929955018,0.113199929646486,0.669693275959664
"AKAP8L",0.27195611532073,0.620497879203569,0.235564267788108,0.539909812541728,0.251396439302382,0.425561931772801
"TPM4",0.077561400150022,0.964462552585652,0.12801494613678,0.756801218738335,0.079470756637127,0.862303805244231
"RAB8A",0.234952142112691,0.682833215369481,0.15767943041471,0.64689033572854,0.207687562567303,0.512503271974709
"FAM32A",-0.012507044072313,0.989701309603352,-0.0300598480427955,0.951921041926033,-0.0940523477394809,0.835496228774023
"KLF2",0.194214626975887,0.892568095315512,0.12847491126879,0.791199639106284,0.123515326382293,0.829258805841472
"SMIM7",0.0868011714441709,0.89581571367435,0.0681479276311552,0.823141670358777,0.0696786036027587,0.848852976435192
"HAUS8",0.0414309850712591,0.986467595760975,0.0451508018209824,0.950670754810894,-0.0209996390118442,0.977290579703121
"MYO9B",0.178536874013288,0.866927105896921,0.130019333306589,0.728626054491622,0.0861559795855446,0.83780945723087
"USE1",0.104838382633472,0.903005866231043,0.0986768445724344,0.774038913251,0.144147542111917,0.702012842855109
"BABAM1",0.152288758512218,0.842460010275105,0.133565931187564,0.728469032239999,0.164429482892264,0.659522181455106
"MRPL34",0.116286357026444,0.95867628166691,0.0732446555559924,0.816121150261862,0.118341672409984,0.703913696755257
"DDA1",0.145401693446661,0.756024783939142,0.131115891086287,0.614396075881076,0.125701740042233,0.669048446657744
"PLVAP",0.779331168699654,0.66824518927896,0.664613908052539,0.539909812541728,0.674672032823451,0.473493734259366
"BST2",0.298981614266539,0.850765417220173,0.144027571086883,0.743910569746862,0.152902358359737,0.767618092084002
"BISPR",-0.200822838848171,0.831586301123345,-0.127503751591219,0.755709749503512,-0.150601807586609,0.756877884706686
"MVB12A",0.229920164724764,0.745590386868765,0.190889582997921,0.617698893049793,0.24836959159107,0.549695983821101
"SLC27A1",0.0409512643414876,0.986243996198961,0.0488774395242716,0.938692122642555,0.0252016133911904,0.976881546651984
"PGLS",0.289847759589827,0.78698087141043,0.23017578885107,0.58453580524573,0.32085595165413,0.427789007407824
"COLGALT1",0.0621066528434424,0.959248300621966,0.0688877777195966,0.822676900138609,0.0822775714745285,0.760440344298506
"RPL18A",0.222974234719832,0.947711925014024,0.135590808597635,0.721471797566012,0.181876249427967,0.642212074713433
"CCDC124",0.218474275111497,0.878233515505605,0.154130524322864,0.682971009494621,0.188484941773521,0.629619559029358
"ARRDC2",0.171201879477193,0.833686082887391,0.102964964296623,0.756801218738335,0.0814856016190815,0.811910017160917
"IFI30",0.211107770026471,0.850765417220173,0.150615504385553,0.700576833586673,0.163305916588758,0.693211946754825
"PDE4C",-0.395146745271841,0.848188874354179,-0.293434039145959,0.774038913251,-0.369570163216476,0.669306105076811
"JUND",0.217944255840183,0.941362866167704,-0.0346891447864611,0.958093966183399,-0.129846205450229,0.771112365450846
"LSM4",0.107798294411741,0.869369381527411,0.0996379154647683,0.755804595002153,0.111144716489123,0.676537225062258
"GDF15",-0.462614126495737,0.923602803613446,-0.570801547529746,0.680479946908782,-0.861111726290895,0.441384111538575
"LRRC25",0.0401720958167989,0.978731255112132,0.0265764938258129,0.962866185703775,0.0487874001334321,0.934890182573882
"SSBP4",0.200436897827368,0.7720934904036,0.153655628342295,0.682769929955018,0.14616789719026,0.704930167667097
"ISYNA1",0.221397719031468,0.90892413263569,0.0900827407794058,0.879318949048446,-0.00174440540593492,0.998801924059983
"FKBP8",0.550531704148397,0.620497879203569,0.363215680303297,0.539909812541728,0.388715485603218,0.492865920176733
"KXD1",0.213075324817594,0.700393778780536,0.148530628571535,0.647778243729206,0.156830059953068,0.602734415631695
"UBA52",0.148591566092468,0.974793128542308,0.0862568385136049,0.813747570349955,0.145680561317548,0.676872191446192
"CRLF1",0.656159604240847,0.713703084504335,0.460056082503741,0.682971009494621,0.479413569268388,0.690076188603555
"REX1BD",0.0866229851157787,0.915615419264746,0.0797008442783894,0.823141670358777,0.118770339871644,0.703913696755257
"TMEM59L",0.366538831929716,0.947261053507097,0.192494037520257,0.923493171039234,0.075603391371485,0.976881546651984
"CRTC1",0.184288839628295,0.847763278066247,0.178003898866328,0.635776070989967,0.18490095254049,0.650981729507735
"COMP",-0.0722541704166193,0.987381297202584,-0.0491046772376716,0.977534965334459,-0.113210944892097,0.957562802791205
"CERS1",0.419193860143601,0.923602803613446,0.409932881734797,0.648927184672061,0.345103307188887,0.669670035570073
"COPE",0.254613791738646,0.840169911726094,0.200028207519159,0.565951168967911,0.230890294849504,0.503188932768188
"HOMER3",0.199280190465699,0.840467050491297,0.136297045670777,0.763807426580721,0.108659647261926,0.853526164117401
"SUGP2",-0.137619182497414,0.871101737531254,-0.108817982147497,0.763807426580721,-0.117702473879419,0.760440344298506
"RFXANK",0.255504994051315,0.856850457349527,0.170425229507347,0.634999151632093,0.194875329805357,0.623631194185174
"GATAD2A",0.0516336386088447,0.967203858991469,0.0749547207693334,0.824951711941929,0.031899458533972,0.943470285236283
"NDUFA13",0.169829307755286,0.975333653661194,0.180941352081539,0.63709012848594,0.24079246638821,0.552534852329702
"ZNF430",0.112432439248142,0.843597380972485,0.0978815062392437,0.719906222635612,0.102157702669291,0.756877884706686
"ZNF714",-0.032060490473072,0.987165551409643,-0.0295493897764741,0.963232361317011,-0.0510302422705592,0.939131388391146
"ZNF431",-0.177029819570614,0.805297296612406,-0.114962657115034,0.753503800478187,-0.108175788936588,0.792044889142667
"ZNF708",-0.113930197916474,0.903608037062864,-0.0658649322820289,0.879318949048446,-0.0737476219171269,0.878188796116402
"ZNF91",-0.306625565544715,0.620497879203569,-0.211285475890272,0.567636892317067,-0.214935904686415,0.566783561673411
"ZNF254",-0.23785583028001,0.713703084504335,-0.167205999597838,0.700576833586673,-0.208331112972493,0.665035925237882
"LINC00662",-0.119280686914274,0.915615419264746,-0.0313057675685697,0.951723470599962,-0.0194413204638103,0.976901867362516
"AC006504.5",-0.303187089198458,0.805297296612406,-0.143964471549544,0.81101437963288,-0.13444697674294,0.839420094500349
"UQCRFS1",0.319789267177406,0.7720934904036,0.218133335663839,0.565951168967911,0.30817797099707,0.364381114006951
"URI1",0.0695625561913779,0.945421051661546,0.064650056442835,0.8843628398733,0.102900521389107,0.81003473222947
"ZNF536",-0.592106851368812,0.852514263136765,-0.425565653913876,0.781746921621551,-0.548085781300397,0.646736088217769
"TSHZ3",-0.0735281078762532,0.987232790302631,0.159163722620213,0.891801764226981,0.325715621174607,0.690501665017355
"DPY19L3",-0.335659328482109,0.8276928018909,-0.237335214954402,0.728626054491622,-0.265908863900853,0.6824871277944
"PDCD5",-0.0107963353753404,0.994202951143564,-0.0294393682941207,0.953950398414795,-0.0498985944093018,0.917407534210067
"CEP89",-0.0865976114376353,0.935479761500471,-0.0363098494032077,0.932320009271582,-0.0751623945727467,0.862868032693816
"CEBPA",0.301185366458447,0.850765417220173,0.112727955026621,0.882796185416272,0.0815613190675565,0.934885915925458
"CEBPG",0.220237390202146,0.759826927228271,0.110625217326629,0.756801218738335,0.133017152860757,0.736166381245796
"PEPD",0.341712404513663,0.663974594664865,0.266686610979722,0.600950135999603,0.303263276037339,0.552490409188731
"LSM14A",0.0080862488384255,0.989701309603352,0.0070406342649173,0.982201636578637,-0.0318734196852298,0.925247817489949
"KIAA0355",-0.331475881324428,0.646796439994281,-0.246341438473891,0.565951168967911,-0.346416678142575,0.376391918003978
"GPI",0.195180626233729,0.700393778780536,0.127088438498136,0.600950135999603,0.142075689307554,0.574734543184491
"UBA2",0.201204551294787,0.794910857306378,0.11759358148036,0.728626054491622,0.122012599032491,0.730126078664102
"ZNF302",-0.377987527026467,0.631427909480806,-0.236242830442441,0.611366863114911,-0.361308675997904,0.441384111538575
"GRAMD1A",0.078247827120423,0.957608581799535,0.0544873143129355,0.923108484360897,0.00694803410860329,0.992577129869039
"SCN1B",0.213466154150976,0.866738707719038,0.21295630795119,0.707016966668684,0.184989330929249,0.730765112253707
"FXYD3",-0.473302432714395,0.926058247355641,-0.222039123514687,0.86055599668641,-0.311933496956034,0.792241745339718
"LGI4",-0.604106708419065,0.870169251409955,-0.474375890213902,0.750304065506332,-0.594594800863007,0.627561529434102
"FXYD1",-0.912119566441331,0.836203256481455,-0.565896138509096,0.660243239455962,-0.729905269318014,0.477953424986133
"FXYD5",0.130701472972219,0.9117360607865,0.0998380615257553,0.81200779318274,0.0500257781757304,0.915669507806964
"LSR",-0.134813251274209,0.937295590475388,-0.011103837108139,0.985970661384568,-0.109590382448274,0.872664823926407
"USF2",0.219724846613626,0.781913752028351,0.117164789765774,0.75805881070638,0.103275421135255,0.82496522675613
"HAMP",0.0973378170166581,0.968529247878935,0.0452033647207928,0.95958332927154,-0.0289321291788616,0.967663675087524
"CD22",-0.307663572078495,0.903608037062864,-0.256362689863027,0.796219959991913,-0.41048921361741,0.492865920176733
"FFAR3",0.154307085272921,0.964563941864995,0.160052210307041,0.867775140580767,0.0853580125689371,0.915466250872337
"FFAR2",-0.541683321144623,0.876796771935752,-0.139667194401322,0.901553497791501,-0.252299291231823,0.702012842855109
"TMEM147",0.163050159291705,0.967203858991469,0.145430254305417,0.712661164701235,0.25732417132269,0.49710277555272
"RBM42",0.298642731448376,0.923602803613446,0.17070914172225,0.603324674080483,0.16453165846935,0.62915730044559
"COX6B1",0.122772897014858,0.986243996198961,0.128906632348602,0.707054072340348,0.156708162585258,0.676558239680475
"IGFLR1",0.378817175587225,0.663974594664865,0.295632602396119,0.539909812541728,0.222575743064825,0.631383103629534
"PSENEN",-0.0422088267949796,0.989701309603352,0.0384400794400257,0.94617045595008,-0.0230201636182534,0.970471175880853
"NPHS1",-0.0414366940833649,0.987917890906206,-0.00638037314211838,0.996049574432636,-0.114604794026769,0.873512118010028
"NFKBID",-0.0687823371905507,0.987168661761228,0.119992808215006,0.809409034753912,0.0475241269638669,0.937464884225664
"HCST",0.0729827553473482,0.986243996198961,0.028289388634248,0.963632023564318,-0.04327757219979,0.945137784813934
"TYROBP",0.1050198534821,0.945421051661546,0.10604523913075,0.763807426580721,0.127757550278039,0.740850861189192
"CLIP3",-0.0693715969608307,0.987676987381042,-0.0873565152581808,0.96277084031199,-0.183063399086796,0.909927751862353
"POLR2I",0.0482287954602823,0.989020511532505,0.127316899292688,0.776361663279111,0.210497162765016,0.659522181455106
"TBCB",0.14216429365908,0.903608037062864,0.108168205578374,0.736044434233638,0.136245805608812,0.679131007082978
"CAPNS1",0.352975507997763,0.842460010275105,0.238919654222885,0.539909812541728,0.270792120998587,0.454646209978998
"COX7A1",-0.0193219247483588,0.994202951143564,0.0824636237291826,0.954054671197777,0.0110167387872663,0.995252373580312
"ZNF565",0.165817447003829,0.91971507233412,0.186893435456813,0.802961358307063,0.211798207306157,0.810255859833895
"SIPA1L3",-0.36140951894732,0.663974594664865,-0.231516198235943,0.638613914919712,-0.326663816390459,0.521835404394511
"SPINT2",0.137769255542554,0.951610900208567,0.0628309526046492,0.937627157139003,-0.0193163583685255,0.980766459646602
"PPP1R14A",0.452045299494327,0.937295590475388,0.448096843673844,0.675806956804428,0.503658375470602,0.635630814036157
"YIF1B",0.31604495078133,0.659564394798225,0.258678727681169,0.539909812541728,0.218628814963123,0.592456238694904
"C19orf33",0.29382301991809,0.943352933999487,0.288562034538706,0.763121519273086,0.414737315981817,0.703913696755257
"KCNK6",-0.118257621607818,0.923602803613446,-0.0753521287211125,0.865887045284762,-0.146585830193938,0.669693275959664
"PSMD8",0.398595592996875,0.77589459822922,0.268585734114001,0.539909812541728,0.339460913664208,0.364381114006951
"RYR1",-0.118627311205576,0.946978282166981,-0.0513729301886829,0.938692122642555,-0.111900654289993,0.850173416597071
"EIF3K",0.192646261974816,0.921745497785775,0.147782018564599,0.692050352841508,0.200353110909839,0.587157613326748
"ACTN4",0.113178808949828,0.847763278066247,0.0682177807145135,0.813747570349955,0.0643308033443708,0.83780945723087
"ECH1",0.456135581185775,0.663974594664865,0.265114915256321,0.539909812541728,0.372326201826472,0.257964807679234
"HNRNPL",-0.100460533655331,0.903608037062864,-0.0820188784768337,0.756801218738335,-0.140424834154903,0.629619559029358
"SIRT2",0.20604730178791,0.695012064214002,0.180316105279817,0.565951168967911,0.175161493208356,0.594301230245286
"MRPS12",0.235933203151027,0.946978282166981,0.21700265596722,0.567636892317067,0.309587591491587,0.407296648637997
"GMFG",0.0643046615732511,0.945421051661546,0.0619779502124885,0.862943060912263,0.0662391636871092,0.857884865597646
"SAMD4B",-0.00267505024761991,0.995590366535473,-0.0024929689156176,0.995677986178004,0.00557988729497582,0.992143007283185
"MED29",-0.197122827810837,0.695012064214002,-0.110306202746241,0.707054072340348,-0.135271687661343,0.690501665017355
"ZFP36",-0.255830349864639,0.910584415744043,-0.16329230247168,0.85542852292657,-0.346303595149181,0.602734415631695
"PLEKHG2",-0.0397957129974927,0.987232790302631,-0.0143112682659503,0.982567521584643,-0.055920718312124,0.94476348368151
"RPS16",0.0389424674536264,0.989701309603352,-0.0229891445037221,0.96277084031199,-0.0170853780290817,0.976556015105284
"SUPT5H",0.00904799049252189,0.989701309603352,0.012929373280848,0.973180525785074,-0.0505613299811777,0.894435623026394
"FBL",0.176465182789791,0.920170999728793,0.079022780581708,0.781746921621551,0.0958839988024867,0.749855507789531
"FCGBP",0.176010560098022,0.945421051661546,0.13035802574998,0.902996013052202,-0.0641383865239023,0.957562802791205
"PSMC4",0.274725369685295,0.663974594664865,0.219840333456247,0.565951168967911,0.219246794480149,0.54879683697825
"PLD3",0.222723594064734,0.838228110296931,0.19260910879993,0.683371735931916,0.200790584735091,0.699169202663262
"PRX",-0.570450092140384,0.841271683568883,-0.418182099285551,0.640296170376593,-0.58847002317268,0.429282266758225
"SERTAD1",0.346636085940219,0.836203256481455,0.128717285963465,0.70238198276846,0.0967005225324492,0.797972493400449
"SERTAD3",0.211082463481745,0.86918309088418,0.119712211216517,0.852542483251065,0.00587532635538649,0.995299445219911
"BLVRB",-0.000908229667527477,0.999861953973754,0.0493605881634435,0.932961517129018,0.143614227089019,0.763653082700191
"LTBP4",0.207475911465544,0.941362866167704,0.0681284103674751,0.903162098034093,0.0332508307955654,0.957562802791205
"ITPKC",0.10297296032441,0.964943161227893,0.109432799605291,0.894114216309383,0.0396938131941554,0.973942463195293
"MIA",-0.257214915850649,0.974793128542308,-0.0507794764620126,0.975940010120607,-0.170243139302798,0.914685256526293
"RAB4B",0.0964573718381611,0.882264046366445,0.118129407072883,0.655885041836434,0.121828619190073,0.640779962187052
"EGLN2",0.447879460070189,0.585154410769659,0.298178884808737,0.539909812541728,0.304546921344841,0.454646209978998
"AXL",0.220492835714199,0.756024783939142,0.184010395247741,0.6118955526808,0.247012086410992,0.514053514355839
"HNRNPUL1",-0.00819194982460499,0.990850390543415,-0.0248799227342612,0.956240560346755,-0.0411162804596782,0.932145981622832
"TGFB1",0.274837978065372,0.743641475921582,0.247628303454345,0.542842339693613,0.161439750913578,0.59783714471806
"PCAT19",0.189417361220679,0.969952634197529,0.0842737420860872,0.963153591921448,-0.00405466993180141,0.998801924059983
"LINC01480",0.173513175087511,0.926058247355641,0.129293397519441,0.867775140580767,0.0535188485177103,0.952057233868039
"AC243960.1",0.110430205841879,0.952676354135022,0.140688255484758,0.807917837312275,0.0417450107901928,0.957562802791205
"CEACAM21",0.162145598217614,0.923602803613446,0.139115548197058,0.823141670358777,0.0879928178692384,0.908629739477026
"RPS19",0.221290873848494,0.937120241257205,0.0975680371090353,0.763807426580721,0.0826306371207414,0.840412082235387
"CD79A",0.688995386100736,0.713703084504335,0.410960683570257,0.641159139411334,0.390420815630538,0.685511798317414
"ARHGEF1",-0.124813033514555,0.912259746037492,-0.0669431501737297,0.892762432719831,-0.1933619000044,0.62915730044559
"RABAC1",0.186410201692935,0.972497965291955,0.182677779677675,0.678110628123578,0.258115902335744,0.574520003080644
"POU2F2",-0.00720071854691904,0.994202951143564,0.0213719250387688,0.974328042978903,0.0838100493379387,0.886076632126453
"GSK3A",0.118404721237096,0.85325053155458,0.0847488017802317,0.779543222827901,0.0760705886870116,0.837429769891498
"ERF",-0.187238143592344,0.832141824288918,-0.143151705009586,0.712661164701235,-0.268402114690241,0.396298682889274
"LYPD3",0.206988580367989,0.950497705925427,0.0823942190205036,0.949786442032526,0.328391170526919,0.676558239680475
"ETHE1",0.162851003089188,0.871856176863231,0.176088519942129,0.675806956804428,0.290731257398312,0.455729469688749
"ZNF428",0.169906594086795,0.937295590475388,0.109828696819797,0.745981363619619,0.067709174474505,0.877069431682963
"CADM4",-0.213834008932464,0.959248300621966,-0.134388115337058,0.892452868202711,-0.285770929251631,0.729695123645453
"PLAUR",-0.149938954172845,0.958007726819188,0.000500163674107456,0.99967840875972,-0.0589705474165574,0.919542522552017
"ZNF235",-0.255178427288907,0.743988537519481,-0.166658619161045,0.760448321718043,-0.187930197094522,0.771112365450846
"BCL3",-0.0844933042010524,0.975727322813314,0.0062676404299209,0.994111893424054,-0.0192307906512497,0.983289447705065
"BCAM",0.263525862014179,0.950581525806333,0.199302099487531,0.870255685350644,0.134278269228422,0.912541687465855
"NECTIN2",0.0396470425275196,0.987168661761228,0.103241947549673,0.805882240027355,0.0945032288135601,0.795852028600715
"TOMM40",0.308018255243425,0.633461558848371,0.276391150220645,0.539909812541728,0.352436648205782,0.364381114006951
"APOC2",0.298732002848266,0.882264046366445,0.243072404674416,0.761146693087719,0.189696775452678,0.822329630704024
"CLPTM1",0.229415523164891,0.636223977563133,0.184259174752216,0.565951168967911,0.160481486498813,0.62823084251102
"RELB",0.186246406609909,0.895362634494784,0.181747766298276,0.726008162470312,0.145594401350962,0.801990976304116
"TRAPPC6A",0.110037489923943,0.915621644383541,0.100772797722318,0.787285299040374,0.104209165921166,0.820183153775641
"ERCC1",0.084748293738772,0.904494265063236,0.0889041076937723,0.756801218738335,0.0574624027301735,0.869793185908311
"FOSB",-0.246958636402471,0.923535871787432,-0.104604082299998,0.728626054491622,-0.154892036548372,0.646736088217769
"VASP",0.100446933577032,0.941362866167704,0.106954468105482,0.808661139101294,0.0976376878900439,0.85536489445056
"SNRPD2",-0.136937888115885,0.976089777202807,-0.0584604290446855,0.891507633403955,-0.0603141160120019,0.898004089289119
"CALM3",0.253088354764079,0.937120241257205,0.19855880046833,0.567754820711177,0.253414252031379,0.491474958630952
"SLC1A5",-0.070449873110314,0.964462552585652,-0.0553790943779391,0.92874578425791,-0.166361985395459,0.732482954843668
"AP2S1",0.233525044350721,0.887855759977428,0.235318842134473,0.605933254866572,0.345235795582787,0.454646209978998
"ARHGAP35",-0.0406414312018764,0.978731255112132,-0.00731591811228336,0.985970661384568,-0.0159626762427003,0.977649323251274
"TMEM160",0.315381139598319,0.91971507233412,0.264702797347682,0.579770337889946,0.392705674875984,0.423413080779875
"SAE1",0.0800919410463417,0.946978282166981,0.104353246493105,0.734476632941173,0.113218256085776,0.749855507789531
"INAFM1",0.467081030988785,0.743988537519481,0.250684975119128,0.602254985810371,0.332013320262047,0.461593118428979
"C5AR1",-0.22419983767452,0.937295590475388,-0.0241049333659599,0.969900650801383,-0.0567397522338672,0.934987236994112
"C5AR2",-0.379301468808833,0.836203256481455,-0.171741373238365,0.781746921621551,-0.156417715987979,0.829309687795442
"NAPA",0.27039892662156,0.635362086335881,0.205677638880546,0.539909812541728,0.200678486098576,0.45302615241231
"EHD2",0.0179516620811582,0.994202951143564,-0.0461570621881157,0.977998434343643,-0.173495752054258,0.902643232023022
"NOP53",0.491647705507737,0.700393778780536,0.283534690903582,0.539909812541728,0.357376297690511,0.423413080779875
"SELENOW",0.165630735254997,0.962936202786478,0.148082288939032,0.661427713505298,0.193109435686895,0.613226027482647
"PLA2G4C",-0.398239493653988,0.937120241257205,-0.0468850279293103,0.981281389473242,-0.177035344478296,0.927022983960785
"LIG1",-0.103208886956532,0.937120241257205,-0.0250097542367595,0.963675564531743,-0.071299605016274,0.902799134413293
"CARD8",-0.191706578807161,0.6893016247819,-0.130756072258306,0.6118955526808,-0.152235070655707,0.58482270316746
"EMP3",0.0104906737902646,0.995590366535473,0.0081823921853697,0.989095131135032,0.0129849667466369,0.98901636070263
"KDELR1",0.292423714337914,0.847763278066247,0.133093456444735,0.755206261592226,0.244078463264248,0.481910187478774
"CYTH2",0.251561079112609,0.651576536421024,0.194818271340719,0.572932137442038,0.188235867144703,0.574734543184491
"RPL18",0.167507085999596,0.969952634197529,0.118635524016918,0.729604132003868,0.159704469332607,0.639658367838553
"RASIP1",0.369794922251835,0.882264046366445,0.266847406065614,0.805882240027355,0.215161196992872,0.85616728220344
"PLEKHA4",-0.0520050911946959,0.987676987381042,-0.0953271258497419,0.934298675323455,-0.176750329913467,0.868137401116203
"PPP1R15A",0.306310459517317,0.882264046366445,0.0430937755178032,0.95050569742153,-0.0150062621329582,0.983289447705065
"NUCB1",0.437037669676906,0.607226415643211,0.286769006380445,0.539909812541728,0.341610155583555,0.457332627975681
"BAX",0.205713910709785,0.743988537519481,0.168376542017593,0.617698893049793,0.11896080148887,0.760440344298506
"FTL",0.172800149651799,0.947261053507097,0.10712252937807,0.703851799611006,0.129651905425021,0.671725003276423
"SNRNP70",0.164395963392735,0.782347688269215,0.140945938218998,0.619039507055099,0.127417279573824,0.689031183849673
"CD37",0.276977116709938,0.714848421069559,0.231672523686208,0.607231435819541,0.281222948818075,0.498390546722916
"PIH1D1",0.337130764660441,0.629371590198601,0.236828184580153,0.59186078503092,0.270307576622279,0.560733559475331
"RPL13A",0.136226803254658,0.972158099136055,0.0574422650744546,0.879318949048446,0.0874521840572167,0.822669529808433
"RPS11",0.165442364189985,0.964462552585652,0.0644595728013853,0.875077046802286,0.120140991601606,0.757986251845624
"FCGRT",0.447869864559845,0.633461558848371,0.352577038684303,0.539909812541728,0.508048475161376,0.364381114006951
"RCN3",0.0360647542762688,0.987168661761228,0.0631331857702788,0.908487932460696,0.00349090377714697,0.997113640321465
"NOSIP",0.224003767671993,0.740956428327799,0.168377629319282,0.675699955475318,0.177925036651961,0.69288471063633
"RRAS",0.250222330923901,0.943083225919622,0.180763977619567,0.731923399003207,0.32371645516352,0.526483868522985
"PRMT1",0.335413448530215,0.615910607717767,0.238038846992564,0.539909812541728,0.249038518052699,0.426574974407626
"PTOV1",-0.0947107397836636,0.915615419264746,-0.0374602444172839,0.921731641914933,-0.113910402155289,0.732182402937651
"IL4I1",0.46388744426515,0.727274673816588,0.396224282963592,0.569932367616775,0.364844891841394,0.518056166425906
"NUP62",0.141334342138089,0.851810246317133,0.130435915405644,0.707016966668684,0.06668989790851,0.83780945723087
"ATF5",0.424542809038821,0.628902509076854,0.340829170885998,0.539909812541728,0.309504095363075,0.471689977666094
"AC010624.5",-1.20976809595862,0.59030874370855,-0.938484882600627,0.539909812541728,-1.04995199474955,0.271754239405015
"NR1H2",0.37608224259131,0.615910607717767,0.318397634214222,0.539909812541728,0.356680637033916,0.376391918003978
"SPIB",0.261080457967113,0.934816943280864,0.199468204476139,0.86055599668641,0.497604084325693,0.582307005982188
"EMC10",0.170999159291107,0.903608037062864,0.0860267218366549,0.777536336922682,0.0802099534138553,0.837505118760973
"JOSD2",0.189620330659644,0.969952634197529,0.200145290580891,0.682971009494621,0.325118596378337,0.513309445834137
"CLEC11A",0.242799042406432,0.943546322228372,0.181435090039323,0.662136658397413,0.188470368301856,0.659522181455106
"ETFB",0.382528426940849,0.836203256481455,0.307625903195024,0.539909812541728,0.439005669018014,0.307928681666602
"SIGLEC10",0.245803843299031,0.866886249963332,0.161511578525275,0.809907528930234,0.325828507216775,0.605645096507123
"SIGLEC8",0.184588895467047,0.916339396900937,0.0985628104533286,0.901608804473214,0.200039559418514,0.759298553491052
"HAS1",0.450267143269393,0.850765417220173,0.408173558786373,0.655516967718768,0.508684339692695,0.521835404394511
"FPR1",0.187224760296078,0.931343182023009,0.208568460995959,0.728626054491622,0.221557886484103,0.728503281016701
"ZNF577",-0.124471701689011,0.937120241257205,-0.027072346568582,0.96421701039658,-0.0066834294949535,0.992015271357945
"PPP2R1A",0.15901824202512,0.745590386868765,0.0873368115777588,0.732900498693472,0.07436478531596,0.823356960569079
"ZNF83",0.0741911751532731,0.956660628690128,0.0570599255151283,0.91209646619735,0.11399858931532,0.81003473222947
"ZNF347",-0.128701422310054,0.927483711599786,-0.115563078995635,0.825928810266268,-0.112807814991983,0.848852976435192
"ZNF331",0.174213216917652,0.937120241257205,0.215149747697871,0.707016966668684,0.325430135699293,0.562754315836961
"MYADM",-0.287444580357063,0.794910857306378,-0.262820382961154,0.601304327096909,-0.413107158137019,0.376391918003978
"NDUFA3",0.126577438520637,0.975727322813314,0.118499548004727,0.700576833586673,0.128727176207012,0.715282904877509
"TFPT",0.218208572000678,0.700393778780536,0.184449936640966,0.601304327096909,0.179414394879879,0.64254253499209
"PRPF31",0.334833588454678,0.620497879203569,0.249077395583001,0.539909812541728,0.294894224945803,0.455729469688749
"MBOAT7",0.223471264678622,0.7789891026956,0.120636927334883,0.681071901012335,0.0636415450490286,0.850173416597071
"RPS9",0.272640049139407,0.891570953693957,0.184369817074878,0.576859503928985,0.219434069870801,0.521835404394511
"LILRB3",-0.079924887401259,0.975727322813314,-0.105013294894981,0.894437808342616,-0.0408847464504881,0.969162032696058
"LILRB5",-0.873290688303666,0.743988537519481,-0.367235358648191,0.703986373319257,-0.514869251783888,0.555094888409749
"LILRB2",-0.327290148482617,0.850765417220173,-0.138442764290747,0.865887045284762,-0.250674352908763,0.743592762023648
"LILRA4",-0.0181744679490277,0.994202951143564,-0.0536581336838566,0.975544798159894,-0.215287131621626,0.901872547234938
"LAIR1",0.174390250713502,0.772628913845821,0.137822264898468,0.67273820695454,0.152074464724803,0.675312666289578
"TTYH1",-0.107270741671472,0.987168661761228,-0.106929504665657,0.950352759818587,-0.215458690951799,0.849865711971539
"LENG8",-0.172366442012629,0.90551604090484,-0.0908749909749658,0.886521787873812,-0.161250500822491,0.792044889142667
"CDC42EP5",0.256058126785686,0.959248300621966,0.137616466010962,0.944654221389336,0.00860125480703893,0.997113640321465
"LILRA2",0.25394810058315,0.695012064214002,0.220624401447361,0.576859503928985,0.243565839160269,0.518056166425906
"LILRB1",0.244885471537307,0.743641475921582,0.199022182592808,0.635447363508042,0.135501080050282,0.772743180751109
"IL11",0.417888113289109,0.86918309088418,0.26543057175505,0.804603095693538,0.1528912607502,0.901872547234938
"RPL28",0.169472088643802,0.959248300621966,0.0916972543944198,0.82069835192102,0.134109386580417,0.740850861189192
"UBE2S",0.142355552995441,0.949636195931546,0.0269648736075337,0.963128956648986,-0.0939358175634332,0.82591843900154
"ISOC2",0.412865945537175,0.891937472178003,0.355070129725922,0.539909812541728,0.408417690767425,0.307928681666602
"ZNF580",0.151783649876738,0.871146086444017,0.163170586437464,0.67273820695454,0.133713959500489,0.760378264086355
"EPN1",0.304317896105323,0.620497879203569,0.23071345336171,0.567636892317067,0.205711121706159,0.627393320038457
"ZSCAN5A",-0.0521148279206261,0.975333653661194,0.0211264536198634,0.973180525785074,-0.0560590973227596,0.933317716699392
"ZNF667-AS1",-0.758222046961933,0.703140119270108,-0.602632081265247,0.539909812541728,-0.759673793108456,0.376391918003978
"AC006115.2",-0.626561771957069,0.663974594664865,-0.348283314786014,0.680554703992045,-0.330294647270507,0.69288471063633
"PEG3",-0.759370190530086,0.713703084504335,-0.582963800756757,0.577660339563635,-0.739615988620228,0.492865920176733
"AC005261.1",-0.195867847017169,0.814318573813684,-0.157023274506539,0.682769929955018,-0.178663824828994,0.617670448466621
"ZNF544",-0.224611959150834,0.832959266950738,-0.140186781798574,0.781746921621551,-0.238775143536769,0.666927108553461
"ERVK3-1",0.0346654584464775,0.973305994881223,0.035459898949248,0.93057810366106,0.0215436194978802,0.969752805540984
"AC010642.2",-0.101608214525741,0.952093474531886,0.0206646116938422,0.96668416533004,-0.0549135585331931,0.916996650945138
"A1BG",-0.104738381709711,0.969952634197529,-0.0143200763585704,0.975940010120607,-0.046279150509146,0.93637900575043
"RPS5",0.159972705920665,0.973470246864783,0.134020470593059,0.696661115355601,0.149460486332948,0.676872191446192
"TRIM28",0.251951642301987,0.855006692763517,0.0693965160331317,0.865887045284762,-0.000411542397420818,0.999739842870507
"CHMP2A",0.167414905327351,0.961059654169002,0.130918012620453,0.672942291851981,0.177436091432866,0.566904991345849
"UBE2M",0.541401982358804,0.795440606734161,0.345555015034029,0.55514082650781,0.407653664978881,0.462429374103924
"MZF1-AS1",-0.544400247625899,0.620497879203569,-0.346781038631127,0.567636892317067,-0.519560967802462,0.270258691921588
"RBCK1",0.247339644067808,0.687521106869027,0.203743173182695,0.604168224089401,0.221013484772008,0.598231449312978
"CSNK2A1",0.0550455053537084,0.937295590475388,0.0569355688454382,0.835278724571696,0.0523267123997993,0.875703679005629
"PSMF1",0.243156573182055,0.66824518927896,0.185802234417036,0.600950135999603,0.214057550081119,0.52344642197819
"FKBP1A",0.30669107288766,0.816802374023944,0.180830353702953,0.707054072340348,0.201158023199279,0.708241863749103
"NSFL1C",0.151399753700361,0.749912506438151,0.105630375633671,0.707016966668684,0.116438291690615,0.69854971451525
"SIRPA",0.221484148989264,0.787305031476758,0.166685321399694,0.6118955526808,0.155992510196293,0.669306105076811
"AL121899.4",-0.115623469787956,0.979937087517268,-0.0905136366478135,0.956240560346755,-0.366787784594849,0.748042802054944
"SNRPB",0.20792877081141,0.891570953693957,0.124606142577535,0.675699955475318,0.108954252457632,0.746806117012538
"NOP56",0.126648426448358,0.897129444505265,0.102981986163612,0.813747570349955,0.0976362296205882,0.85536489445056
"IDH3B",0.219344447900012,0.717383688669922,0.210834384908916,0.542842339693613,0.26239840963835,0.459587336422672
"CPXM1",0.179892482258077,0.974793128542308,0.142591874005737,0.936853564395437,-0.0470657673953262,0.980766459646602
"PTPRA",-0.0575542131706925,0.962718721338874,-0.0108014840861356,0.979965919248719,-0.0246382265169972,0.963197165494884
"MRPS26",0.192737914008155,0.819309104725403,0.17181268820193,0.681071901012335,0.26478344328369,0.52368984237078
"DDRGK1",0.213331093500544,0.743988537519481,0.162867367162491,0.675806956804428,0.265938302301377,0.470436252097205
"ITPA",0.192466549469101,0.720908775261095,0.190987141621444,0.539909812541728,0.212566741950623,0.468140187860629
"C20orf194",-0.283549584083804,0.629592024065918,-0.192383972835913,0.539909812541728,-0.19048791329823,0.494198277849011
"ATRN",-0.306408784667548,0.615910607717767,-0.22296162616409,0.539909812541728,-0.274183896721293,0.443658298786382
"C20orf27",0.212535890462161,0.850765417220173,0.175861484337035,0.710096358443432,0.169786752870525,0.706323775177875
"CENPB",0.236781763971156,0.937120241257205,0.0962432744457851,0.891507633403955,0.209050536441198,0.756258346899185
"CDC25B",-0.268631053563917,0.86918309088418,-0.23845572974662,0.728626054491622,-0.443776398380623,0.430331057882329
"PANK2",0.165221932367043,0.724801913381678,0.109929664447213,0.673675641247167,0.0979656029807788,0.739860751650108
"RNF24",0.0819992008378283,0.963831589451365,0.0662470190184089,0.895123255933228,0.0479739966596384,0.934885915925458
"PRNP",0.066162050212936,0.98469852697543,-0.0390086341181728,0.923054773439819,-0.0979949536880383,0.778880488152119
"RASSF2",-0.179351440377089,0.840467050491297,-0.114978760098082,0.735856182479457,-0.174978003956814,0.594301230245286
"SLC23A2",-0.163414677236807,0.868718202741141,-0.0972980871889992,0.851033365325995,-0.229156905046969,0.580119673975908
"TMEM230",0.216597393313233,0.842460010275105,0.161716330913049,0.761146693087719,0.24678123327892,0.646743640939101
"PCNA",-0.0620028987444284,0.987232790302631,-0.0535415262156362,0.911790652554603,-0.103119626187125,0.836967395899676
"GPCPD1",-0.116623146874979,0.909991992195616,-0.087445319271742,0.845608808750541,-0.0673483284416423,0.880563161924565
"SHLD1",0.0916623761514932,0.968190410187967,0.121124877537053,0.868420307355323,0.14275946995963,0.85198302569722
"BMP2",-0.197596528681566,0.961059654169002,-0.151666389994745,0.917992203710081,-0.346286439100319,0.771400103797342
"TMX4",-0.045754734774841,0.978916937415713,-0.126018167354164,0.701215480896238,-0.0958116906317217,0.740850861189192
"PLCB1",-0.316136316839535,0.898622648526422,-0.330305572675822,0.667603484307654,-0.255143560170419,0.709763319203563
"SLX4IP",-0.291755728488831,0.628902509076854,-0.175130803383879,0.675699955475318,-0.168657037386034,0.714931208112861
"JAG1",0.0465252178310335,0.987165551409643,0.00835387141627252,0.989648351854567,0.0594757961488611,0.93637900575043
"AL050403.2",0.128598860182088,0.972446518765152,0.106314814953716,0.929818547307167,0.0335616997988696,0.976949166476538
"BTBD3",0.0964207432295325,0.961059654169002,0.06047197085218,0.932320009271582,0.0368732679879996,0.970254379760983
"SPTLC3",0.0237412117569538,0.987676987381042,0.0415656633713335,0.951921041926033,-0.01425187931363,0.98661291854552
"TASP1",-0.0430716565021411,0.984220501986375,0.0178484587728464,0.977399313998974,-0.05414285207287,0.942743430595247
"ESF1",-0.0647795737295855,0.94773109868261,-0.0406379665536444,0.93057810366106,-0.0370736769075516,0.938126337863265
"MACROD2",-0.393511343252553,0.628902509076854,-0.264057516667371,0.64689033572854,-0.444137287716257,0.422806078163613
"FLRT3",-0.406791671721005,0.937120241257205,-0.316930609333152,0.865887045284762,-0.470746462338924,0.759954651839089
"AL079338.1",0.106269895559582,0.986243996198961,0.126587542306348,0.947522425797012,-0.0706904573300124,0.96749032534522
"KIF16B",-0.0503603622565689,0.977335854090386,0.016960663077023,0.977530165599063,0.0173862860171089,0.983289447705065
"SNRPB2",0.0530464319454782,0.985589193542083,0.0097593180373537,0.982201636578637,0.00412876134011658,0.995773281816741
"DSTN",0.269266259238132,0.903608037062864,0.120274931152008,0.755206261592226,0.107483446999786,0.831307362146468
"RRBP1",0.0928847644894033,0.903608037062864,0.0718658109241254,0.790067916621749,0.0727380356393022,0.837429769891498
"SNX5",0.228916362108804,0.704988306651163,0.158301462586126,0.678110628123578,0.173801479247272,0.642212074713433
"SMIM26",-0.0277817588596556,0.991594528553645,-0.0294447088811855,0.938450495053442,-0.031444432908646,0.937464884225664
"DTD1",-0.0249529909495578,0.987232790302631,0.0364664869796026,0.948956915581419,0.0142488534891519,0.974154363418664
"RIN2",-0.123204174386927,0.924933012954424,-0.0674201316526824,0.882550819749609,-0.0675601275579148,0.891063387010356
"NAA20",0.262278160749122,0.754965862816268,0.187132583384338,0.696845041771802,0.220184220453166,0.584982212025935
"RALGAPA2",-0.145514909759417,0.870169251409955,-0.12781364472788,0.734811729657953,-0.158516219841713,0.666927108553461
"XRN2",0.214185950411538,0.743988537519481,0.15319536328123,0.688083306131201,0.22453698329429,0.55987109229781
"THBD",-0.139663866772148,0.956237183524329,-0.0480635590305331,0.961663698018687,-0.0782581185616337,0.919542522552017
"CD93",-0.40549113397061,0.725197208420541,-0.241992450778478,0.708900705627479,-0.407608344403752,0.540579463551134
"NXT1",0.247032561814591,0.89857850100084,0.135245217327696,0.763807426580721,0.14984803628434,0.75070515447857
"GZF1",0.0901204983351027,0.926058247355641,0.073898403601442,0.848150887080806,0.118496529432245,0.757943212685876
"CST3",0.0431669685096679,0.987676987381042,0.0395344347017157,0.957921990704309,0.021985352831439,0.979207899684523
"SYNDIG1",0.209754398022398,0.969952634197529,0.0892760438291616,0.969900650801383,-0.345422264937855,0.858556683513597
"CST7",0.180142699282273,0.947261053507097,0.126359926741463,0.905085305148835,0.129918222501035,0.90131829140123
"APMAP",0.248710542161139,0.76063344310174,0.153126080803965,0.735561940917887,0.0908521507999855,0.866355437110566
"PYGB",0.101959529061544,0.92417531528931,0.101152208249037,0.788519086990831,0.0888599818683484,0.848456156311108
"ABHD12",0.446075306502133,0.615910607717767,0.329011637695514,0.539909812541728,0.403776610572965,0.441384111538575
"ZNF337-AS1",-0.154325386236791,0.92417531528931,-0.0467945913101218,0.961663698018687,-0.0299540455070467,0.976949166476538
"REM1",0.924818659956512,0.782347688269215,0.625668123031137,0.700576833586673,0.536350914063426,0.728503281016701
"HM13",0.216421388336276,0.743988537519481,0.177920453226821,0.635116598030598,0.210216364653346,0.597365886924465
"ID1",0.0714783876024054,0.986243996198961,0.00399671960876086,0.996049574432636,-0.246741488274087,0.526483868522985
"BCL2L1",0.107075723194339,0.945421051661546,0.0635172837596953,0.917992203710081,0.00993513756739296,0.990420116511119
"TPX2",0.554780292026456,0.772628913845821,0.435769749427125,0.675699955475318,0.387619922060922,0.737870328721417
"DUSP15",0.379950941603195,0.896992344699167,0.248497573148919,0.755206261592226,0.195966865527036,0.837505118760973
"HCK",-0.182525331715886,0.850765417220173,-0.0704760709644057,0.852542483251065,-0.138565325310461,0.697977915708529
"ASXL1",-0.0174380842230124,0.987676987381042,0.0099497312190147,0.981281389473242,-0.0979524208461299,0.760378264086355
"COMMD7",0.250325350017844,0.722993526913415,0.209918018201646,0.626375901485095,0.305811368918013,0.455988349676889
"MAPRE1",0.148299674478864,0.842482482599777,0.100199609788244,0.790067916621749,0.117474965885456,0.760440344298506
"SNTA1",0.174146427021962,0.937120241257205,0.107376166398163,0.901608804473214,0.0379276873350234,0.973942463195293
"CBFA2T2",-0.110429905663542,0.903608037062864,-0.0600809860770347,0.889298702156086,-0.0813780673747362,0.855433907472701
"CHMP4B",0.156497955475877,0.838228110296931,0.0946066144516143,0.792119220424349,0.0757940248476125,0.869793185908311
"RALY",0.272539240801108,0.680936246736474,0.223154504390583,0.565951168967911,0.250446925569779,0.502782781028872
"EIF2S2",-0.00591529912978447,0.993039382491997,-0.00178463723329344,0.996322269070203,-0.00336820151853959,0.99624725508803
"ITCH",-0.0601344836633784,0.95046399267037,-0.0267221399961671,0.94500635226351,-0.00922405541635804,0.985159190594133
"DYNLRB1",-0.0358245651522842,0.990850390543415,0.0368240236736834,0.933850507025293,0.0569333111819853,0.902643232023022
"MAP1LC3A",0.448970890698902,0.831586301123345,0.268846890439749,0.539909812541728,0.199619172764575,0.552534852329702
"NCOA6",-0.11295856406457,0.878979008836662,-0.0696014583699888,0.831585683331886,-0.0747232798774958,0.837429769891498
"TRPC4AP",-0.0612041506286694,0.951610900208567,-0.043643756208947,0.905085305148835,-0.102921871914866,0.760378264086355
"PROCR",0.127097106530851,0.961399538616457,0.178716739856056,0.848374793858531,-0.0147999500412334,0.989193131684562
"MMP24OS",0.106483722714494,0.915615419264746,0.10352905465816,0.784794565990796,0.110509874465933,0.792645670335483
"EIF6",0.25822093030468,0.891570953693957,0.212484331835913,0.542757682203866,0.249089740729253,0.466127919356178
"ERGIC3",0.20816649297611,0.740956428327799,0.147472926219598,0.647778243729206,0.170346872583691,0.626483070625434
"CPNE1",0.112010062211262,0.837836391925067,0.0902558977580185,0.755206261592226,0.125436570798553,0.65642344853735
"ROMO1",0.0923778466558529,0.973470246864783,0.0220862702939403,0.961663698018687,-0.0180069083161108,0.974726401518058
"RBM39",0.0534400040731797,0.962718721338874,0.0357868828109148,0.925773221047207,0.0267245364427853,0.95663234198753
"PHF20",0.0387182890548793,0.975727322813314,0.0490167361362364,0.885041529327646,0.0497776041352605,0.889423410030059
"SCAND1",0.245696061397228,0.959082740221107,0.233228351796944,0.562788400441728,0.285165204889945,0.476187759455917
"NORAD",-0.0109954858499982,0.994202951143564,-0.121448364692668,0.703986373319257,-0.176972920559677,0.617670448466621
"EPB41L1",-0.454638100764683,0.850765417220173,-0.197374694086031,0.863252251385844,-0.194134905465994,0.865099971242924
"DLGAP4",0.0966797178229233,0.912259746037492,0.10874534057618,0.695474235878513,0.080485340090076,0.811153978754323
"MYL9",-0.0797209870466367,0.987676987381042,-0.0104145363745513,0.993683590243915,-0.111022718386593,0.92355701345697
"RAB5IF",0.18729263158838,0.819309104725403,0.130598342123707,0.648927184672061,0.148092140912982,0.643079817908447
"SOGA1",-0.437449558257394,0.628902509076854,-0.307472304677325,0.539909812541728,-0.392554501781111,0.42463556256099
"SAMHD1",-0.0462423052920884,0.969952634197529,-0.00129526432144903,0.99684265152223,-0.0675212974167635,0.869793185908311
"MROH8",-0.361777258712929,0.848228309522531,-0.230970981420762,0.791199639106284,-0.367367538220905,0.56723339413381
"RPN2",0.274590268809048,0.674893276948019,0.181713814865086,0.653640676849795,0.213901385993987,0.609007098864714
"CTNNBL1",0.142768630870758,0.782347688269215,0.112384843534321,0.69275266410881,0.130601105997386,0.685511798317414
"TGM2",0.830739866225064,0.781913752028351,0.493445012534989,0.694043465447507,0.488727160882499,0.635630814036157
"KIAA1755",-0.487852555963334,0.908458190058852,-0.309935041345486,0.876852691254119,-0.549826450257636,0.759954651839089
"RALGAPB",-0.133166947916404,0.831586301123345,-0.108046641261036,0.707054072340348,-0.126189707051174,0.685511798317414
"PPP1R16B",-0.158364174308884,0.959248300621966,-0.14094538834161,0.903162098034093,-0.241106647928724,0.845525160215197
"TOP1",0.154188321167395,0.9117360607865,0.0745432165279202,0.894513115932639,0.0560883485866551,0.928480571560772
"PLCG1-AS1",-0.126288593963679,0.937295590475388,-0.102701519884513,0.885041529327646,-0.0974450434257981,0.902799134413293
"ZHX3",-0.249403502521094,0.832510365260709,-0.151855326108356,0.774815099639128,-0.242256925915886,0.639972620212142
"CHD6",-0.146534551029404,0.743988537519481,-0.111956148067882,0.675806956804428,-0.115192993878692,0.671725003276423
"SRSF6",-0.0406076558113988,0.972158099136055,-0.0157590491483824,0.973180525785074,-0.0405185416265805,0.934890182573882
"OSER1",0.268531282664639,0.607226415643211,0.170116372758731,0.539909812541728,0.119600324429335,0.63639373962669
"SERINC3",-0.040875335419396,0.969952634197529,-0.0662893329050273,0.848123562433291,-0.0403527046194854,0.911768868128592
"PKIG",0.104068788826664,0.956660628690128,0.0858654718539728,0.892452868202711,0.0185128916369183,0.984278674258499
"CCN5",0.526471970703237,0.92417531528931,0.360157503295582,0.882550819749609,0.169594417854205,0.936469849860029
"YWHAB",0.140735490499197,0.848903305816828,0.0849818066622508,0.777187695896448,0.0806796102400496,0.806345549179156
"STK4",-0.0250676968596664,0.987165551409643,-0.0128846425901209,0.975940010120607,-0.0460949293595901,0.922709833813539
"SLPI",1.42702019212447,0.774648589983128,1.15186501450239,0.602584390525497,1.58323137597066,0.494508229263021
"SDC4",-0.015199225692828,0.993039382491997,-0.0904219356390284,0.895510191275807,-0.147357098118855,0.790544208457948
"DBNDD2",0.249445582206434,0.888338548189388,0.11464793234504,0.763807426580721,0.190865408152537,0.584564143631663
"PIGT",0.331304443389643,0.620497879203569,0.21984186919755,0.565951168967911,0.246916085155361,0.518056166425906
"WFDC2",-0.605126960579541,0.935853944284842,-0.327961450140537,0.902996013052202,-0.544884102696754,0.836967395899676
"UBE2C",-0.0234441715457968,0.993039382491997,-0.0345073871942931,0.976831570536172,-0.232708785748063,0.823921377010882
"CTSA",0.345824255459677,0.743988537519481,0.341899753042798,0.539909812541728,0.351394984989899,0.526784747035557
"PLTP",0.550728504925197,0.813060454286367,0.572287654248736,0.567636892317067,0.691176887448745,0.45635154083288
"MMP9",0.46855277890294,0.843597380972485,0.3774090329702,0.682971009494621,0.329660022796986,0.673601444674556
"CD40",-0.19542640089673,0.915615419264746,-0.10399570663084,0.897123059066415,-0.281583330345233,0.526483868522985
"EYA2",-0.18187518346918,0.903608037062864,-0.086003141322017,0.901553497791501,-0.144347099094054,0.83780945723087
"ZMYND8",-0.161389896916952,0.786842285065526,-0.108009893246534,0.735856182479457,-0.138527040379268,0.702430088102267
"NCOA3",-0.208465424747812,0.7720934904036,-0.128319733641309,0.72444137108056,-0.152923290304072,0.659522181455106
"SULF2",0.0582580610917474,0.986243996198961,0.0675065403553291,0.938692122642555,0.108906747498876,0.896987088212181
"AL139351.3",0.101959221839806,0.987232790302631,0.108494136546506,0.968397268455856,0.175696355305088,0.957562802791205
"PREX1",-0.274938599908933,0.663974594664865,-0.222485616229346,0.539909812541728,-0.311979483524457,0.376391918003978
"ARFGEF2",-0.152159169048004,0.790872788088734,-0.11127697378919,0.704938019635202,-0.163243343996965,0.629053776679583
"STAU1",0.0986717787630754,0.916339396900937,0.0821680136745297,0.811798361323719,0.120367387443564,0.735061433032242
"DDX27",-0.119278904262477,0.878233515505605,-0.0490893699473928,0.882796185416272,-0.0795378740418199,0.837429769891498
"ZNFX1",0.0705753609990732,0.954749851012742,0.0812820037217177,0.820924010106663,0.057823838212218,0.88696575298677
"ZFAS1",-0.0627421423511369,0.963914153263676,-0.0486284649687809,0.882796185416272,-0.0795742255165758,0.823982185326409
"KCNB1",-0.0607717620763578,0.986136653224698,-0.105707097314847,0.880026148253728,-0.152504973808456,0.829309687795442
"B4GALT5",0.176909556756415,0.881679459483581,0.147622663297999,0.756959699570331,0.168247605724569,0.732182402937651
"RNF114",0.0633618057533483,0.926058247355641,0.0432242643995991,0.878563630398547,0.0283935602687828,0.937464884225664
"SNAI1",-0.0173437559232872,0.991862919979329,-0.0494569834139114,0.963201480165501,-0.31017050951459,0.565565168186256
"UBE2V1",0.0744853545892615,0.919985914487433,0.0576980592941599,0.866392107420694,0.0772762166630091,0.812369350763987
"CEBPB",0.189122575977641,0.902996184285982,0.0981105882267965,0.865887045284762,0.0509442327020117,0.933814995438874
"SMIM25",-0.0321219921354134,0.987381297202584,0.0139009268992117,0.982567521584643,0.00128321280738698,0.999155714450675
"PTPN1",0.1146284794424,0.937497297520597,0.0953868246999238,0.865887045284762,0.121717318640466,0.835496228774023
"RIPOR3",0.398617572063275,0.847164208899954,0.330475493757475,0.732900498693472,0.303484987481631,0.784766772795577
"ADNP",-0.036374703406234,0.969952634197529,-0.0202964402168842,0.961663698018687,-0.0251524804766805,0.951917333690946
"DPM1",0.0446354487653845,0.975727322813314,0.0201036283777487,0.973180525785074,-0.0175108174337337,0.977847392637056
"NFATC2",0.00299946995425836,0.99696237435303,0.0100560158083671,0.98229405437955,0.0186325040189193,0.973942463195293
"ZNF217",-0.315846306430243,0.59030874370855,-0.236716828067582,0.539909812541728,-0.302076090506333,0.376391918003978
"BCAS1",-0.396638809187369,0.946978282166981,-0.369261196435898,0.848374793858531,-0.354683200790428,0.848852976435192
"PFDN4",-0.124204266051076,0.96493784208835,-0.165870477878481,0.652754646020219,-0.211414353523965,0.54879683697825
"DOK5",0.787199899776462,0.657009644873276,0.539861723789378,0.565951168967911,0.554270002155177,0.552534852329702
"FAM210B",0.0184747295303981,0.993039382491997,-0.0730938801313895,0.848123562433291,-0.108836531823014,0.795852028600715
"AURKA",-0.124911330968787,0.937120241257205,-0.0429828923800547,0.950756828849506,-0.158635551860304,0.731331442054184
"CASS4",-0.0228445549914728,0.987381297202584,0.0341774825980831,0.944564301575183,0.0281382615878852,0.957032935111442
"RTF2",0.342237055831025,0.59030874370855,0.272631991998917,0.539909812541728,0.329573435248671,0.364381114006951
"BMP7",0.155558165942347,0.978731255112132,0.0747538243890094,0.968068160674758,-0.0175058077879272,0.992577129869039
"RBM38",0.17787105401329,0.882264046366445,0.0978179230060854,0.855616970453911,-0.0297740721843671,0.958255700716617
"PMEPA1",0.206579346941091,0.833686082887391,0.188860428966368,0.69275266410881,0.151242615587713,0.748776027859865
"RAB22A",0.0812657725343399,0.935479761500471,0.0519687196284808,0.901553497791501,0.0324113556188408,0.943978301924551
"VAPB",0.0782923262768634,0.912259746037492,0.0631265771209261,0.835332246194855,0.0316174699040865,0.939432715277062
"STX16",-0.133703238796637,0.795440606734161,-0.0969609916060342,0.728626054491622,-0.105201293834706,0.749855507789531
"GNAS",0.182946903744379,0.915615419264746,0.113815219056066,0.878340184429724,0.0962472163560185,0.893561731541525
"CTSZ",0.230037265143559,0.760525650507902,0.17392842675678,0.655885041836434,0.137050093750043,0.757943212685876
"ATP5F1E",0.0813014870462484,0.987232790302631,0.0138229715841374,0.973180525785074,-0.0132610718742608,0.979218528186553
"MIR646HG",-0.36205983123036,0.805297296612406,-0.244429103748759,0.734520619412154,-0.334204732404646,0.661101052133121
"PSMA7",0.127336249221172,0.969952634197529,0.0689257396280642,0.879490861657076,0.100085432633994,0.83780945723087
"ADRM1",0.426725413261638,0.848228309522531,0.267135874291984,0.539909812541728,0.295985774758981,0.364381114006951
"LAMA5",-0.0351610290959808,0.990850390543415,-0.0686565766176535,0.963675564531743,-0.183042194270249,0.879642667300819
"RPS21",0.120129583512246,0.968529247878935,-0.0230838411124789,0.954651428355245,-0.0643854727841506,0.861747926494099
"BX640514.2",-0.139368983321552,0.92537814011238,-0.031055819548402,0.959017712897183,-0.168776880342395,0.671725003276423
"SLCO4A1",0.225376640360113,0.937120241257205,0.177922995934955,0.86055599668641,0.254046916904106,0.765073652778084
"OGFR",0.46242840831031,0.562118039898797,0.354444614467296,0.539909812541728,0.373082546530138,0.298058004677488
"COL9A3",-0.0776718974601919,0.987168661761228,-0.0340327508860331,0.981281389473242,-0.0909236838074785,0.951715326242549
"DIDO1",0.12230372032954,0.86918309088418,0.102372368326976,0.767766280933079,0.0493061226876837,0.909927751862353
"BIRC7",-1.15259952595863,0.743988537519481,-0.811853321732648,0.623206644050332,-1.04955964269299,0.486708653561664
"PPDPF",0.0475590296961065,0.989701309603352,0.0967633871359687,0.877318442258331,0.0865376330848061,0.869793185908311
"HELZ2",0.00377485639270574,0.999016812205258,0.0277894979348754,0.981304582301155,-0.0399804121771886,0.97969137254021
"TNFRSF6B",-0.386559580289748,0.831586301123345,-0.230367029401034,0.808219091239737,-0.381247302283215,0.685511798317414
"LIME1",0.621877593741029,0.756024783939142,0.467373444007996,0.680554703992045,0.498955171743771,0.688110473685969
"SLC2A4RG",0.307145272972973,0.820584191719364,0.126639462368144,0.791199639106284,0.156950908048702,0.732182402937651
"ZBTB46",-0.164769670713081,0.912259746037492,-0.10153972576563,0.865887045284762,-0.143549137030356,0.801475140049363
"TPD52L2",0.149348761433799,0.871146086444017,0.130328043609378,0.684172001531806,0.12749999848732,0.723116381892166
"DNAJC5",0.0570505258000839,0.969847956577813,0.0620221146281425,0.875386073049582,0.0385083377087908,0.934890182573882
"PRPF6",-0.0441998181998017,0.964462552585652,-0.0181404315776875,0.964848597870791,-0.00774247733124509,0.989193131684562
"TCEA2",0.252182878082046,0.813674485940211,0.137966213832906,0.652754646020219,0.173599133020171,0.571340388798173
"RGS19",0.16791037423501,0.850765417220173,0.14825670982104,0.743182114935525,0.171983800974931,0.716328459345966
"CU638689.4",0.372666229678939,0.937120241257205,0.203809253641781,0.918981390624196,0.0946597353844534,0.972048915989614
"SAMSN1",0.0961725255436219,0.959248300621966,0.0783463081172803,0.906642343276336,0.203879386763117,0.704930167667097
"LINC02246",-0.226508836076049,0.831586301123345,-0.170715049843299,0.756597469657113,-0.27564376833811,0.644562507706647
"NRIP1",-0.136840371219945,0.889313061924578,-0.122187222930364,0.756153491520394,-0.152890250317414,0.702430088102267
"USP25",-0.21183598642424,0.633461558848371,-0.178944179860739,0.539909812541728,-0.213456688739643,0.470146306281723
"MIR99AHG",-0.402092284775994,0.620497879203569,-0.286782788637095,0.567636892317067,-0.375706776862152,0.454646209978998
"CXADR",-0.0431726671723953,0.987168661761228,0.0231209949523532,0.977530165599063,-0.0303022527911981,0.979207899684523
"BTG3",0.261194080506737,0.743988537519481,0.198806371415871,0.622600617414928,0.159606753598167,0.729695123645453
"NCAM2",0.100044090324354,0.987168661761228,0.0996060663304379,0.962866185703775,0.0454192578947555,0.980766459646602
"LINC01684",-0.276452298890081,0.709746584312119,-0.184214714081708,0.666718772248074,-0.243888313332121,0.585914762248185
"MIR155HG",0.662940737475883,0.672839863206178,0.424360129387461,0.655516967718768,0.448000655104112,0.576643274398569
"JAM2",0.0680665779407561,0.975333653661194,0.0255209482340923,0.973180525785074,0.0157594989853686,0.986609483185373
"ATP5PF",0.0114470279072219,0.994700390530767,0.0230631394060247,0.95654101642918,0.0292309248661775,0.945137784813934
"APP",-0.0792545536965961,0.946978282166981,-0.0898502092141196,0.823141670358777,-0.125935110668877,0.726321975723114
"CYYR1",-0.816365516963561,0.760255945404762,-0.631555705735263,0.678110628123578,-0.171825520131465,0.911696415617216
"ADAMTS1",-0.995099419633045,0.743988537519481,-0.83259643556019,0.602584390525497,-1.10231738340395,0.457693902149344
"ADAMTS5",-0.434350014569918,0.86918309088418,-0.361045973247006,0.756801218738335,-0.560130097295508,0.639972620212142
"LTN1",-0.0595255002401272,0.952093474531886,-0.0500383747871729,0.901553497791501,-0.00708454018823057,0.989193131684562
"USP16",0.0256342624775946,0.983870626680522,0.0132357123506647,0.973528437650212,0.0102364449845508,0.981991761271164
"CCT8",0.245608584819602,0.743988537519481,0.155314739116079,0.703986373319257,0.237805290528492,0.562754315836961
"MAP3K7CL",-0.234409760401758,0.882264046366445,-0.168397434799073,0.845099479611443,-0.389164085798035,0.585094209714597
"BACH1",-0.126861864142306,0.802175895468196,-0.0737734495224865,0.765736298613192,-0.110386534472092,0.693548204131988
"TIAM1",-0.0459607337178857,0.986243996198961,-0.0391760749453707,0.953950398414795,-0.0704615519166042,0.916959452510363
"SOD1",0.0771195874123819,0.987381297202584,0.0573483015595335,0.877318442258331,0.0618770337392015,0.883681506018053
"SCAF4",0.0743831853295921,0.937120241257205,0.0386862608278189,0.927320925434697,-0.0189709302673729,0.973358142496759
"EVA1C",-0.0975832238598977,0.964462552585652,0.0134924178809885,0.9861665900331,0.122204600718669,0.871351716400722
"CFAP298",0.0386176913027853,0.969952634197529,0.0424743770956515,0.910792859497578,0.0381346895839329,0.931855669972043
"SYNJ1",0.0795564630859571,0.937120241257205,0.0885326743125325,0.772626311773818,0.082779301187139,0.825293721416026
"PAXBP1",-0.0526342387839218,0.953447678913904,-0.0323938825132762,0.940653504198601,-0.0868359846931138,0.819404388860613
"C21orf62-AS1",-0.504103380050107,0.654027551099472,-0.347043768045731,0.614396075881076,-0.400681528349372,0.594301230245286
"IFNAR2",0.230609737840242,0.838795131507219,0.17531458404786,0.675806956804428,0.327111907313748,0.364381114006951
"IL10RB",0.12741364697939,0.899198417091756,0.104727744019875,0.757215489546486,0.188196984515173,0.565699562145283
"IFNAR1",0.00984212968343635,0.989701309603352,-0.0236436946976988,0.958093966183399,0.00819386940853355,0.988490724001969
"IFNGR2",0.0230296935459447,0.987232790302631,0.0561747637509986,0.879318949048446,0.09901781495296,0.762981098408494
"TMEM50B",-0.0130359716849353,0.987676987381042,-0.0171207023660731,0.972626641981822,0.0138252032484486,0.979207899684523
"SON",-0.180199452572876,0.795440606734161,-0.13680146494899,0.675699955475318,-0.204403390600505,0.549300666919441
"CRYZL1",0.0739564783880231,0.937120241257205,0.0706184603160767,0.855616970453911,0.086405867183077,0.837429769891498
"ITSN1",0.0223653310217843,0.987676987381042,0.0593033682910813,0.909398540827384,0.0645611074475236,0.91093329104767
"ATP5PO",0.0711175022836873,0.987232790302631,0.0935022971373524,0.784794565990796,0.151058456656474,0.617295806842706
"MRPS6",0.111718317335325,0.903608037062864,0.0703611412519614,0.866137207719677,0.0195637302452212,0.974809843684223
"SLC5A3",0.0129448604956414,0.989020511532505,-0.0547445125064801,0.868346873746697,-0.0818921458412744,0.821128295635357
"KCNE1",-0.0252878456646216,0.990850390543415,-0.0396776366599566,0.973354405434521,0.117535116855156,0.890302852589695
"RCAN1",0.624993623615382,0.8276928018909,0.582417899191808,0.669498510047402,0.612013610720012,0.366678867165602
"RUNX1",-0.216602449983585,0.831586301123345,-0.111325331902074,0.728626054491622,-0.19063819056145,0.580119673975908
"AP000331.1",-0.543101100849419,0.684238272206636,-0.24312205182968,0.755206261592226,-0.357622517734188,0.664372601648794
"CBR1",0.0273457749746433,0.990966923882266,0.0556002335019503,0.885316206297822,0.125406316578845,0.636875059575704
"CBR3",-0.244647952822459,0.903608037062864,-0.136816705846884,0.887873926895584,-0.303963259996476,0.713359690330898
"DOP1B",-0.0531553679529318,0.937295590475388,-0.0241140569855007,0.950352759818587,-0.040897442839207,0.911696415617216
"AP000692.2",-0.345833241093819,0.759856173342195,-0.219792970220859,0.708900705627479,-0.414496282800065,0.376391918003978
"MORC3",-0.0140173843431395,0.987676987381042,-0.0138624549816471,0.973528437650212,0.014788707661051,0.977649323251274
"HLCS",-0.246528916628069,0.6712330458952,-0.170730072739496,0.703986373319257,-0.168377194341569,0.745479749789988
"PIGP",-0.0319858707606998,0.98469852697543,0.00025131430345091,0.99967840875972,0.0163142808911101,0.970471175880853
"TTC3",-0.032808978651633,0.972747459822463,-0.0324494696873925,0.922733993271,-0.0242688189937682,0.946888849990106
"DYRK1A",-0.144418136758906,0.837836391925067,-0.134042838443061,0.638613914919712,-0.185169669034593,0.538950023623525
"ETS2",0.153236838212666,0.916339396900937,0.0448136742747993,0.943307253347676,-0.0577117084512235,0.888830497747816
"BRWD1",-0.0691776403884095,0.937120241257205,-0.0755574021855909,0.781153062887919,-0.0910198987681443,0.759954651839089
"HMGN1",0.154233166393642,0.831586301123345,0.105460581436411,0.756597469657113,0.116179840077084,0.747297085945347
"GET1",0.276926318223942,0.876177004500081,0.134581660162499,0.771931159611123,0.101704308754852,0.853526164117401
"DSCAM",-0.0449811291957479,0.989924066985412,-0.0773958389131792,0.973180525785074,-0.0919395066886578,0.973878594622367
"BACE2",0.0891937129437494,0.986136653224698,0.0589844534243244,0.964449850757238,0.0160315285968394,0.992015271357945
"MX2",-0.375857705786917,0.881679459483581,-0.254144944815195,0.806409740187469,-0.338743711607457,0.763653082700191
"MX1",0.349124032002995,0.878233515505605,0.252915781414114,0.761732633664525,0.20107181410211,0.850173416597071
"C2CD2",-0.0996430313416581,0.946978282166981,-0.0744477981478111,0.90770053474603,-0.0970020061895309,0.879642667300819
"ZBTB21",0.0140221100814857,0.990683814145874,-0.0309206749303318,0.956240560346755,-0.0492986072136037,0.934890182573882
"PDE9A",-0.37718935606916,0.848228309522531,-0.304629707938605,0.736309104774219,-0.505282051333748,0.503188932768188
"NDUFV3",0.10649701402995,0.886352372814188,0.116319906623178,0.70970275777751,0.170236344542091,0.605702441093301
"RRP1B",0.274666237353386,0.663974594664865,0.22821617981418,0.567636892317067,0.292819522614396,0.44942468992586
"PDXK",0.27256166163893,0.709746584312119,0.25189020111955,0.539909812541728,0.324526319645231,0.364381114006951
"CSTB",0.159711025848359,0.969847956577813,0.0923858186282354,0.84980603096362,0.0422284520222863,0.946888849990106
"AGPAT3",0.11647181220714,0.866927105896921,0.122708484755045,0.614396075881076,0.101599424383967,0.724478130804211
"TRAPPC10",0.147658799772538,0.787022388998985,0.122964924494402,0.662136658397413,0.105862675336235,0.749151660320807
"LINC01678",1.10934604114477e-06,0.999963380658618,0.0717788991035017,0.875901207578288,0.0635697417578337,0.883721292573178
"ICOSLG",0.0774806294772208,0.969952634197529,0.0175154132511406,0.975940010120607,-0.0217416221721637,0.977290579703121
"PFKL",0.431406858002955,0.607226415643211,0.297476433169159,0.539909812541728,0.316700128253575,0.510146919208901
"CFAP410",0.29123753981548,0.695012064214002,0.24372775753831,0.576859503928985,0.276918755138672,0.553359514148576
"TRPM2",-0.0487814047452002,0.967203858991469,-0.00131266981296028,0.996435856793831,-0.0580307505826183,0.849064773420446
"UBE2G2",0.00928910135145112,0.989011329987504,0.00762639559422848,0.980768903450828,-0.00576495097345075,0.99029662861262
"SUMO3",0.327377184590575,0.781913752028351,0.193525020113502,0.565951168967911,0.240306083536126,0.455988349676889
"PTTG1IP",0.169294180372223,0.838228110296931,0.127945016554021,0.755206261592226,0.114309366855276,0.81809303433867
"ITGB2",0.461740208015983,0.59030874370855,0.329092414692284,0.539909812541728,0.32657363916004,0.470146306281723
"ADARB1",0.118000142118156,0.958007726819188,0.190953779200097,0.757215489546486,0.12420127590353,0.866514829403268
"COL18A1",-0.0776890673649242,0.986330893234285,-0.131111394323833,0.894437808342616,-0.356395994586856,0.673601444674556
"PCBP3",-0.157351216075544,0.958149966463211,0.0148765366764474,0.989648351854567,-0.171565789319082,0.868137401116203
"COL6A1",-0.291978674477321,0.951610900208567,-0.307802784223061,0.839356517814563,-0.474252854483094,0.723116381892166
"COL6A2",0.0492690288768058,0.990850390543415,-0.0573382499175094,0.980092427465307,-0.214017666378965,0.919542522552017
"PCNT",0.0695979084770561,0.951610900208567,0.0645671013250168,0.886521787873812,0.100102844654352,0.831291397157077
"DIP2A",-0.0630473939824307,0.959248300621966,-0.0341968478573842,0.942866865475612,-0.0682491500145551,0.869793185908311
"S100B",-0.194975651583626,0.975727322813314,-0.058423275295218,0.951722449221458,-0.149713733496943,0.844776065828827
"PRMT2",-0.154773542537359,0.895958271178391,-0.0886492984148577,0.871103372434564,-0.131018617284364,0.816362245413327
"DUXAP8",-0.552234105202324,0.908458190058852,-0.360633470052964,0.833444983838952,-0.503624024365045,0.751308190341835
"IL17RA",-0.0587129992665019,0.964462552585652,-0.0124596933241411,0.975940010120607,-0.0546238236154797,0.900721702927227
"ADA2",-0.0306434704081327,0.981504708445615,-0.00347518199777415,0.994111893424054,-0.00490358076004811,0.995031168540369
"CECR2",-0.493971266704439,0.878979008836662,-0.451545628590255,0.743182114935525,-0.640022834496108,0.652272219761554
"ATP6V1E1",0.0816881709580864,0.921745497785775,0.0627750998382846,0.865887045284762,0.0958119019334841,0.803540685620759
"BCL2L13",-0.169631212686583,0.767397326336059,-0.0912925955607063,0.755206261592226,-0.141656558911246,0.664639500351045
"BID",0.0367094241406657,0.981591124418352,0.0596140089825145,0.876915417348679,0.0459662820785574,0.919542522552017
"MICAL3",-0.0771960010613504,0.965026801109949,-0.0310191572394033,0.965689252706415,-0.107718839569513,0.862217195442249
"USP18",0.484221691671885,0.848903305816828,0.389389028645987,0.73101121462528,0.394869938254121,0.76214077234056
"MRPL40",0.0347470088056617,0.990850390543415,0.139523242522607,0.708026077707065,0.20484574685995,0.613872543967166
"UFD1",0.209170382071172,0.620497879203569,0.158718397457475,0.567754820711177,0.15855178782835,0.510146919208901
"CLDN5",1.48901572721294,0.713703084504335,0.853911057952695,0.700576833586673,0.752585423919296,0.702430088102267
"GP1BB",-0.0965861568234685,0.987168661761228,-0.0862415009164548,0.965675142898041,-0.194340682233376,0.897429337485029
"TXNRD2",0.32539815248766,0.780454653620982,0.28316339243298,0.641159139411334,0.268523915639965,0.69321545449816
"COMT",0.0599282343778419,0.969952634197529,0.0422938615216483,0.951200760838363,-0.0325653528118229,0.957416828868268
"RANBP1",0.135495359656398,0.957608581799535,0.112949730714991,0.781746921621551,0.148899078368043,0.690501665017355
"DGCR6L",0.201110666358574,0.946978282166981,0.160099902613316,0.734230082099744,0.261245216054389,0.58565309013664
"MED15",-0.0409299373849607,0.968190410187967,-0.000183500883171006,0.99967840875972,-0.0332407241506667,0.929357742989584
"PI4KA",-0.0958715752231374,0.92417531528931,-0.052901091669922,0.891507633403955,-0.0993770444013553,0.792149335517592
"UBE2L3",0.187627234000371,0.674893276948019,0.15061830476746,0.607231435819541,0.183654756889206,0.512732031326607
"SDF2L1",0.486079334974687,0.722654050853002,0.380919818667276,0.539909812541728,0.544925005233204,0.268918420505112
"MAPK1",-0.0294889427545303,0.975727322813314,-0.029479997856762,0.925417554206947,-0.0512548763628607,0.868416651730548
"PPM1F",-0.164322071622235,0.895362634494784,-0.119546725793309,0.820756688134211,-0.171365276005661,0.761421121087099
"BCR",0.076317867508408,0.974793128542308,0.149811548980569,0.819651123007178,0.152395790901761,0.837505118760973
"CHCHD10",0.138395045928503,0.951461192415154,0.138849966425758,0.704956467974747,0.156731253432108,0.680922650358031
"SMARCB1",0.285129886077844,0.755110857814769,0.250842872777687,0.6118955526808,0.196171299620589,0.703913696755257
"DERL3",-0.12177529939361,0.958149966463211,-0.0740910927340075,0.931098195759938,-0.211963167378436,0.76743379641509
"MIF",0.402941396775478,0.928409849169319,0.348202644405314,0.539909812541728,0.402293899650568,0.371933782150218
"DDT",-0.0233179165867402,0.993039382491997,0.0245670164569957,0.963632023564318,0.111557032224968,0.794982096568494
"CABIN1",0.144122897939471,0.901833447887478,0.128681814281774,0.790067916621749,0.165193212313708,0.76193005740603
"GGT5",0.533068746789827,0.913354702114686,0.253115439516083,0.891507633403955,0.1254035590501,0.948261042835371
"SPECC1L",0.00888235683479027,0.990850390543415,0.0387667720733601,0.930260159537447,0.052162967047216,0.91093329104767
"SNRPD3",-0.132511837545812,0.959145885464539,-0.122381115539499,0.718520217666353,-0.109612791796334,0.753750518640655
"GRK3",-0.165679652926986,0.831586301123345,-0.133234627606727,0.707054072340348,-0.150873322181521,0.690216279468999
"TPST2",-0.238419927042982,0.845995942306838,-0.117000797243125,0.819651123007178,-0.150423728312147,0.794982096568494
"PITPNB",0.0263051008746875,0.986243996198961,0.0320072709514297,0.94617045595008,0.00035589080403019,0.999739842870507
"TTC28-AS1",-0.309724938805084,0.71444637324098,-0.224900854685111,0.647522929906919,-0.29251169099041,0.56122308555548
"TTC28",-0.285850476901483,0.695012064214002,-0.174810055585276,0.730245999349297,-0.254715515119007,0.617295806842706
"XBP1",0.133552045953224,0.946978282166981,0.178702434068936,0.707016966668684,0.210354682448327,0.661101052133121
"Z93930.2",-0.257576464841014,0.831586301123345,-0.132475570094374,0.775788428487388,-0.210378447198053,0.562754315836961
"ZNRF3",0.274957040284362,0.864739485269223,0.245008626865994,0.745981363619619,0.242905402709613,0.772663272404715
"EWSR1",0.0392914045046932,0.969122027266702,0.0145224541038983,0.971937840063681,-0.0270048695200659,0.945137784813934
"GAS2L1",-0.0139913168282325,0.990140623419615,-0.0224284586697674,0.968736910528144,-0.0825432940380389,0.880563161924565
"AP1B1",0.0660167764956409,0.949591008943738,0.0607027450919056,0.866137207719677,0.0310930279548166,0.943575532563431
"NEFH",-0.0951570409750317,0.979514484933612,-0.161758163912919,0.875772472130238,-0.331505032981071,0.747613075358224
"NF2",-0.0873358014819203,0.923602803613446,-0.0396578804654891,0.923054773439819,-0.0937504678840912,0.822727876050727
"UQCR10",0.179916645571433,0.975195695221014,0.149863094566053,0.658343768971671,0.19946992597653,0.594301230245286
"MTMR3",-0.155136395349105,0.831586301123345,-0.123633541412146,0.723988436794654,-0.163513956962104,0.650225321258971
"LIF",-0.147680765266356,0.969952634197529,-0.177815671843154,0.879318949048446,-0.360236007893797,0.579024094498485
"OSM",0.0938948700823242,0.983894524124084,0.181661106672705,0.707016966668684,0.154226516074011,0.762694170689092
"GAL3ST1",-0.246040735825931,0.961303592323787,-0.15198152563503,0.923054773439819,-0.274987312658381,0.852402427152772
"TCN2",0.308157621371922,0.847763278066247,0.223069397518303,0.779117741632649,0.392108701319919,0.62915730044559
"OSBP2",-0.489245180188784,0.844246272414761,-0.277257358231758,0.848123562433291,-0.39521784535694,0.723116381892166
"TUG1",-0.236874655184572,0.71444637324098,-0.185715715269596,0.602584390525497,-0.245752226709466,0.461593118428979
"SMTN",-0.0450869213235408,0.988098841947966,-0.107492480597861,0.903162098034093,-0.204076037328743,0.793445620891167
"SELENOM",-0.179538349149003,0.975727322813314,-0.0094572908272724,0.982567521584643,-0.0649616763778531,0.902643232023022
"PIK3IP1",0.263729203349973,0.842460010275105,0.117344676741559,0.860287205518009,0.147563257302991,0.831360919836853
"PRR14L",-0.128128329358629,0.871146086444017,-0.0695483089951623,0.842672795585042,-0.0814644654731756,0.830475265950106
"YWHAH",0.00689689025929172,0.994202951143564,-0.00571995913542952,0.994111893424054,-0.00786465824080191,0.995031168540369
"RTCB",0.352942664728793,0.628902509076854,0.266162795749547,0.567754820711177,0.324884717536888,0.502162328288884
"FBXO7",0.202608196022033,0.700393778780536,0.118076729990991,0.707016966668684,0.124545935358814,0.702430088102267
"TIMP3",-0.551786688413395,0.871146086444017,-0.442420362951743,0.73101121462528,-0.567577571728539,0.646743640939101
"LARGE1",0.0753019719530694,0.986740807946813,0.139258457918611,0.916199047574657,0.0564097632801225,0.973105703420348
"HMGXB4",0.0788719576740542,0.906869631745234,0.0600207185903766,0.848123562433291,0.115216317357274,0.67262133082449
"MCM5",0.273695395756758,0.695012064214002,0.210617953817686,0.6118955526808,0.18803908851725,0.679131007082978
"APOL6",0.100907526841938,0.945421051661546,0.0427137686140631,0.95050569742153,0.0422092256583125,0.955892342072672
"RBFOX2",-0.161106770592168,0.946978282166981,-0.0826130713886202,0.95050569742153,-0.286198529202246,0.771047052446169
"APOL1",0.0774918161275697,0.969952634197529,0.0562497419706016,0.939836319316327,0.00698135376363141,0.994458394354299
"MYH9",0.0953709069178851,0.891164357084993,0.0542345515897251,0.864685040098482,0.0520035825170988,0.885985150021141
"TXN2",0.204428243463015,0.781913752028351,0.16367393514889,0.607426835575097,0.204096378406163,0.537389610915761
"EIF3D",0.219066382676136,0.802175895468196,0.172686396637748,0.711331071049251,0.265340014528123,0.538950023623525
"NCF4",0.0605651716406333,0.97333750941677,0.108032888960966,0.824951711941929,0.10531482160105,0.846522754089938
"TST",0.140178895242493,0.971451837798876,0.0665435924645869,0.868174781132898,0.079533140030607,0.866325158331465
"MPST",0.42652294406141,0.713703084504335,0.25699048399475,0.565951168967911,0.324957740816291,0.454646209978998
"RAC2",0.0452652010977051,0.975727322813314,0.0689655928258441,0.882796185416272,-0.0166853893415584,0.977376091810998
"CDC42EP1",0.267791623644509,0.945421051661546,0.179867629999362,0.892452868202711,0.0866784474146073,0.957562802791205
"LGALS2",-0.409141697845057,0.903608037062864,-0.261102244477144,0.864337719886705,-0.397754336627505,0.800620242004125
"GGA1",0.032544890931934,0.986243996198961,0.0382007200317944,0.942866865475612,0.0198714283477336,0.976949166476538
"LGALS1",0.028097421835881,0.994202951143564,0.110696174821537,0.823408681057155,0.105605788610048,0.868137401116203
"TRIOBP",0.12071758699727,0.882264046366445,0.0983128184026534,0.788693774988558,0.0875401028271387,0.843605314111334
"H1F0",-0.186084615151816,0.845995942306838,-0.143564491408286,0.73101121462528,-0.281796603111467,0.470146306281723
"EIF3L",0.138156350078995,0.842482482599777,0.101748840465929,0.763807426580721,0.0920484873789499,0.806607829258762
"POLR2F",0.0467877407288474,0.969952634197529,0.0344339614996565,0.932170250157574,0.0220051083917553,0.967721224174756
"SOX10",-0.427563482086848,0.923760136581755,-0.360148783445589,0.802405079216957,-0.49761339507344,0.661311727667947
"MAFF",0.28543865603271,0.86918309088418,0.195096010338794,0.603662557624495,0.123432112440454,0.732182402937651
"TMEM184B",-0.0422953489806143,0.981591124418352,-0.0332842992913022,0.958111666427061,-0.120057367306183,0.819404388860613
"CSNK1E",0.0385413934028315,0.969952634197529,0.0342947623584015,0.923054773439819,0.00846347466245147,0.986609483185373
"KDELR3",0.171099006648297,0.961303592323787,0.187436506451006,0.888509687831256,0.277471797471285,0.849865711971539
"DDX17",-0.00585081216481884,0.993039382491997,-0.00183614857882416,0.996049574432636,0.00221876651035189,0.997113640321465
"TOMM22",0.157116906396437,0.967203858991469,0.157311334764558,0.680554703992045,0.216418705329839,0.455729469688749
"JOSD1",0.0129651549827888,0.990850390543415,0.0518327564866274,0.908487932460696,0.0375696903927743,0.945137784813934
"SUN2",0.0679164982825484,0.951610900208567,0.034103884114804,0.948677179787356,-0.0415084621800455,0.933496339884598
"CBX6",0.0160522525856792,0.989020511532505,-0.00215502005054956,0.996322269070203,-0.0488472416344879,0.932604915803144
"APOBEC3A",-0.286669207580153,0.923602803613446,-0.234564937988189,0.842762032919684,-0.256676662085768,0.835540631784637
"APOBEC3C",0.11837347566487,0.937120241257205,0.0420768885073674,0.925773221047207,0.0608674783384089,0.902419045647928
"APOBEC3G",0.164853486259466,0.885213448640826,0.149081332518531,0.756994960881992,0.164345181786858,0.732482954843668
"PDGFB",-0.473662773796945,0.687572309746874,-0.33326954285339,0.602584390525497,-0.438451611319084,0.459784938542081
"RPL3",0.410156625756564,0.878979008836662,0.258803135102383,0.565951168967911,0.35229822432881,0.376391918003978
"SYNGR1",0.386617235422353,0.790872788088734,0.314576698113927,0.539909812541728,0.32534349945818,0.376391918003978
"ATF4",-0.0474049542960091,0.969952634197529,-0.0526990373679315,0.892762432719831,-0.119859004117196,0.756813122295849
"RPS19BP1",0.148928491007766,0.969952634197529,0.177959843812325,0.565951168967911,0.206688435081652,0.514053514355839
"GRAP2",0.376364796312601,0.937120241257205,0.257060641702437,0.897123059066415,0.215549244295859,0.919542522552017
"FAM83F",0.223104343477705,0.972446518765152,0.171341407455738,0.941264598661626,0.0521744896271517,0.981938514455922
"TNRC6B",-0.258119118936836,0.633461558848371,-0.193747388642283,0.539909812541728,-0.246895359652731,0.437992645675782
"MRTFA",0.103228193500961,0.895362634494784,0.0965465809317875,0.746995097085364,0.0812757541476499,0.811438752279164
"ST13",0.205780892761639,0.838228110296931,0.0898719638386517,0.809613917200381,0.110690940736659,0.8015908668539
"RBX1",0.0619086889475688,0.968529247878935,0.058262231032128,0.867775140580767,0.0825008530543086,0.829693864168436
"EP300",-0.0927491785064846,0.903608037062864,-0.0660854976252508,0.820756688134211,-0.125405323620417,0.676558239680475
"CHADL",0.242741053347093,0.952093474531886,0.17448871398062,0.760680584402353,0.24571968368455,0.702012842855109
"RANGAP1",0.15663640780016,0.847164208899954,0.0945148218827196,0.789033965113073,0.0901331036749414,0.837429769891498
"TOB2",-0.0140834163060791,0.989020511532505,0.0100913858627438,0.979604676020827,-0.0553069296747828,0.893012492381287
"ACO2",0.226716440848872,0.700393778780536,0.189850908809369,0.576665106359631,0.180880502014373,0.599116449593747
"PMM1",0.240515265992359,0.880798283443905,0.172048166932067,0.695949015837307,0.176453882907443,0.732182402937651
"XRCC6",0.178511909927027,0.674893276948019,0.143238402467913,0.576859503928985,0.163185245334653,0.53343481555173
"SNU13",0.0903290799503372,0.937120241257205,0.122013759275382,0.703986373319257,0.153802350951118,0.661047764554629
"SREBF2",-0.46169356624668,0.655064704728957,-0.33092891364913,0.567636892317067,-0.458902679167717,0.373822622740088
"CENPM",-0.163175654946469,0.949856883601131,-0.0531259602770551,0.963675564531743,-0.186426139826569,0.864197227365133
"SEPTIN3",-0.822739917337446,0.659564394798225,-0.59302436175295,0.593504960339697,-0.720243697260321,0.532375425977128
"WBP2NL",-0.596945404977007,0.620497879203569,-0.416563810198302,0.567754820711177,-0.509367629780207,0.455729469688749
"NAGA",0.146645405066569,0.831586301123345,0.087918154591459,0.774038913251,0.0702019551382317,0.846522754089938
"SMDT1",-0.0223922399591303,0.993039382491997,0.0178703389578359,0.975491710400042,-0.0346537156674409,0.945137784813934
"NDUFA6",0.0860871453133908,0.975727322813314,0.0656336636213455,0.864337719886705,0.0325513215893941,0.940021000624202
"Z93241.1",-0.455267767363307,0.812297558078514,-0.3797801291381,0.567636892317067,-0.637475896181505,0.241248040103115
"CYB5R3",0.213142505986329,0.695012064214002,0.141422960804644,0.640296170376593,0.139809022038852,0.618310367784815
"ARFGAP3",0.187882075256796,0.838634498242165,0.130046896776708,0.73101121462528,0.153075861485364,0.695326217239244
"PACSIN2",0.184763782693362,0.743641475921582,0.161607485967984,0.576859503928985,0.150349682806615,0.617670448466621
"TSPO",0.124112074328855,0.975727322813314,0.156471503519752,0.707016966668684,0.165386329231526,0.707904720421566
"PARVB",0.222600837920755,0.848228309522531,0.213891181451865,0.577660339563635,0.285722382480708,0.427789007407824
"PARVG",0.100760930494249,0.871101737531254,0.0789720799786162,0.755206261592226,0.0598310493774419,0.863234515762321
"AL031595.2",0.20807779592041,0.904398347047516,0.196503831625658,0.756801218738335,0.258426635178482,0.63801791564725
"PRR5",0.0630567377142471,0.987165551409643,0.0826455608207195,0.935848509013914,0.0159468846759493,0.990323971235893
"NUP50",0.0482242440375095,0.965429829577843,0.0481010849798823,0.903162098034093,0.0538886248079778,0.899181418189796
"KIAA0930",0.201259297415165,0.767397326336059,0.130041406337833,0.726740732682649,0.109082092352884,0.812456792848887
"FAM118A",0.0671326835510643,0.987168661761228,0.105615794949164,0.942268455146897,0.508079023513198,0.526483868522985
"FBLN1",-0.299517169941111,0.968529247878935,-0.34021122549393,0.891507633403955,-0.547808831395309,0.780815890200692
"ATXN10",0.193199498518165,0.795440606734161,0.166095337237003,0.661230810191131,0.208217203262899,0.56203033984372
"MIRLET7BHG",0.142234565608903,0.937120241257205,0.131432671727403,0.865887045284762,0.104565935925005,0.890212025354256
"PPARA",0.108464419026335,0.933760103374907,0.0856391462341551,0.877318442258331,0.0547781559163283,0.934885915925458
"GTSE1",0.455363603243072,0.76063344310174,0.388678593738374,0.655516967718768,0.364016557179404,0.689815711048353
"AL118516.1",-0.136714747479577,0.923535871787432,-0.103566509297352,0.84980603096362,-0.223028473590952,0.659522181455106
"TBC1D22A",0.0957674426745978,0.923602803613446,0.079068619328505,0.845169358064318,0.0429809920273432,0.93637900575043
"TAFA5",-0.839779677981142,0.790872788088734,-0.673061989281365,0.643921980573827,-0.861962988425127,0.492865920176733
"C22orf34",0.0149015519108592,0.990850390543415,-0.0109124073391469,0.987852510451791,-0.0950538501785628,0.895052708335
"CRELD2",0.238965362293304,0.684238272206636,0.19010770488585,0.565951168967911,0.194447577562194,0.56122308555548
"PIM3",0.286955328406816,0.831586301123345,0.216798646869795,0.712661164701235,0.150649640591643,0.82591843900154
"TRABD",0.382767657996895,0.654027551099472,0.300070057670419,0.567754820711177,0.312696570467586,0.575155536539861
"PLXNB2",0.0970383388678235,0.92417531528931,0.0588210713771155,0.893945927996825,0.00770888745654988,0.989193131684562
"PPP6R2",-0.261940112959856,0.665272381593737,-0.160926649086802,0.602584390525497,-0.241609120833642,0.441384111538575
"LMF2",0.269004682374514,0.684238272206636,0.199773657948172,0.6118955526808,0.210761159348594,0.639972620212142
"SCO2",0.136860938728748,0.943948314842885,0.178052100306539,0.695474235878513,0.207786009572748,0.651885931938153
"TYMP",0.571416591300887,0.620497879203569,0.467354698328081,0.539909812541728,0.636241826976236,0.298058004677488
"ODF3B",0.371887835787942,0.78188709116895,0.323277658163896,0.588872946205183,0.387072540687541,0.540045864690696
"LINC00685",-0.477484517073548,0.729204634678015,-0.304373263104021,0.68999417015063,-0.459007548731325,0.438375726505263
"PPP2R3B",0.143330398459127,0.937120241257205,0.12117512051027,0.867775140580767,0.160876979592407,0.822329630704024
"CSF2RA",0.08382929674795,0.941362866167704,0.108832509222221,0.707054072340348,0.0448432199201451,0.896987088212181
"IL3RA",-0.0240523889663183,0.987676987381042,0.0408045435360868,0.956240560346755,0.00978608899567493,0.992015271357945
"SLC25A6",0.429891333890093,0.795440606734161,0.277174727397479,0.539909812541728,0.365367262052959,0.319385856598407
"P2RY8",-0.409618572568281,0.831586301123345,-0.282311561988209,0.712661164701235,-0.330433166324041,0.646736088217769
"AKAP17A",0.192990162019071,0.700731738458386,0.151573705196744,0.635116598030598,0.0973238522107793,0.762674922516359
"DHRSX",-0.0339239641069664,0.987168661761228,0.0134153134599342,0.976842043129573,0.0118151288684843,0.98661291854552
"CD99",-0.251417926681142,0.9117360607865,-0.278208084612608,0.700576833586673,-0.44152377668993,0.534389644897746
"PRKX",-0.232436890810115,0.845995942306838,-0.115088082466875,0.823141670358777,-0.167357786244548,0.774544852909099
"AC110995.1",-0.647760864371562,0.620497879203569,-0.411782737973525,0.567636892317067,-0.506223631205365,0.406317645003979
"NLGN4X",0.26413474771113,0.952676354135022,0.246076621087012,0.888509687831256,0.19161610088628,0.917407534210067
"PUDP",0.196468645778517,0.878852625556414,0.238950424469976,0.658343768971671,0.368255757173111,0.492865920176733
"STS",0.0240618289002351,0.987676987381042,0.0779070685606227,0.886521787873812,0.0588635775855749,0.934685156080326
"AC079142.1",-0.0599484328235059,0.981869618753393,0.00598665952745754,0.996049574432636,-0.0130025372259706,0.995031168540369
"ANOS1",0.102192887017492,0.947261053507097,0.0637460622421376,0.925773221047207,0.0233799186739861,0.977649323251274
"TBL1X",-0.255174312850038,0.831586301123345,-0.21840493799134,0.667603484307654,-0.260409385924326,0.655796142154467
"WWC3",0.129065858168093,0.877674649062151,0.0972700780218477,0.787063637663308,0.120347014620047,0.772624969369292
"MID1",-0.166256789686468,0.962718721338874,-0.10985322226259,0.94617045595008,-0.227533696184941,0.842891003361349
"ARHGAP6",0.0463932621410336,0.986243996198961,0.0543339395838874,0.921732706236365,0.0565107628589722,0.915782159236744
"MSL3",-0.125209865096436,0.840467050491297,-0.0897062714883465,0.755206261592226,-0.133953430018168,0.678612840376044
"TLR7",-0.0421241904239706,0.987168661761228,-0.102764270682812,0.868346873746697,-0.137033259831416,0.761421121087099
"TMSB4X",0.0699818808580534,0.986243996198961,0.0184424463064264,0.963675564531743,0.0167345351738052,0.97090081093503
"RAB9A",0.0930052525467401,0.937423166258067,0.102129138264329,0.823141670358777,0.0929983560746302,0.85536489445056
"OFD1",0.0445382660382002,0.956660628690128,0.0241625804642792,0.950352759818587,-0.0265450992124272,0.941924218767205
"GPM6B",-0.235082299136173,0.937120241257205,-0.197153450535364,0.826262654925685,-0.295326592407041,0.692443850386734
"MOSPD2",-0.16236998234053,0.881801905423234,-0.154029350161301,0.73101121462528,-0.168582875848074,0.67262133082449
"CA5B",-0.287604999543256,0.628902509076854,-0.203438487184247,0.602584390525497,-0.17604079830111,0.66079399228559
"ZRSR2",-0.0428920688779065,0.956291459840523,-0.0110654588783865,0.973528437650212,-0.0793223742178351,0.787204883677694
"AP1S2",-0.130628172649506,0.895362634494784,-0.0800706918825382,0.865887045284762,-0.0871600422288158,0.871237072166292
"SYAP1",-0.148345207450523,0.952093474531886,0.0224554505719499,0.972626641981822,-0.0190123130315414,0.979207899684523
"TXLNG",0.144731859297887,0.838228110296931,0.134372563086433,0.641358100100867,0.153714342819405,0.626483070625434
"RBBP7",0.0896010697814084,0.886428075551855,0.0612807235199785,0.855291866374984,0.0268406140749102,0.944377111185559
"REPS2",-0.0589908655074141,0.975195695221014,-0.0667584826285724,0.923054773439819,0.060030904361095,0.932696683287331
"NHS",-0.437490249863828,0.709746584312119,-0.256312393055034,0.712661164701235,-0.238146461976649,0.76214077234056
"SCML1",0.0340869520963554,0.98469852697543,0.0182453377026874,0.972633302354072,-0.0707051142495097,0.877069431682963
"CDKL5",-0.230328464460218,0.77589459822922,-0.148302111870405,0.717433010177714,-0.165897732087083,0.702430088102267
"PDHA1",0.209088331137463,0.743988537519481,0.191446697993443,0.576859503928985,0.257096942029992,0.41778242206138
"SH3KBP1",0.0217485726716036,0.987232790302631,0.03356322163543,0.938163005316088,-0.0250144574887033,0.957562802791205
"EIF1AX",0.2072132551267,0.795440606734161,0.144122992858887,0.726740732682649,0.225252909398924,0.56122308555548
"RPS6KA3",-0.171838273542037,0.700393778780536,-0.133884354104779,0.593504960339697,-0.169951729003269,0.502782781028872
"SMS",0.155038375928481,0.850765417220173,0.113247024045717,0.773067952016737,0.128698121997896,0.763401414502149
"PRDX4",0.423936179993765,0.849878078933592,0.272308444708126,0.539909812541728,0.311187407986796,0.364381114006951
"ACOT9",0.200391549350677,0.795440606734161,0.150166083046595,0.647778243729206,0.17162450403126,0.639829867609977
"SAT1",0.0316980742120185,0.987232790302631,0.0513145541700221,0.895058017410379,0.0496762015922126,0.911696415617216
"KLHL15",-0.258852678387048,0.790872788088734,-0.170278640212341,0.700576833586673,-0.317278117525199,0.376391918003978
"EIF2S3",-0.0820617438570936,0.937120241257205,-0.0366319253804522,0.942866865475612,0.0179411801042549,0.973942463195293
"ZFX",0.184155555395363,0.841271683568883,0.194594196353397,0.6118955526808,0.244733704467219,0.510146919208901
"PDK3",0.181267644727993,0.842460010275105,0.100230265680421,0.793266081317201,0.0632258080894904,0.900216596874957
"POLA1",-0.148389941093238,0.872645880549738,-0.0907148229299851,0.865887045284762,-0.125987971327694,0.818889663034528
"CXorf21",0.117303758234295,0.969952634197529,0.174786562442318,0.81870490454287,0.0892693231220319,0.91093329104767
"GK",-0.0305263303120081,0.987232790302631,0.000219073564483332,0.99967840875972,-0.0447325220755636,0.928534784060247
"GK-AS1",0.205874595148829,0.920800560535454,0.198391307114415,0.791438454835134,0.265181080519183,0.741356866789519
"DMD",-0.249475135311934,0.795440606734161,-0.167362278948098,0.700576833586673,-0.182492312641858,0.707392058164091
"TMEM47",0.189251215923606,0.975727322813314,0.0500624885285758,0.975940010120607,-0.0641271939332324,0.974684551184762
"PRRG1",-0.470877630554908,0.782347688269215,-0.27909188160753,0.760448321718043,-0.333296381278788,0.736753471179569
"CYBB",0.0160432183382486,0.989701309603352,0.018753281269048,0.973528437650212,-0.0262865112247709,0.972994753675532
"DYNLT3",-0.0382166576105214,0.987165551409643,-0.0806975101966092,0.862841294296417,-0.0650423525652033,0.881526458735748
"SRPX",-0.599428435817727,0.850765417220173,-0.502592193070264,0.728626054491622,-0.657311709991291,0.633281215414405
"RPGR",-0.128947220159047,0.842460010275105,-0.104299092404283,0.707016966668684,-0.120483901713707,0.705286173072981
"TSPAN7",0.145656099747643,0.969952634197529,0.107096613898878,0.950352759818587,0.0175537364132804,0.992577129869039
"MID1IP1",0.213732071427557,0.943083225919622,0.0187378442697713,0.975491710400042,-0.0359096037719993,0.957032935111442
"ATP6AP2",0.209236897605148,0.840467050491297,0.122680069343974,0.799916251916867,0.0994175741147069,0.839420094500349
"MED14",-0.114706814484802,0.836203256481455,-0.0819505086562984,0.763121519273086,-0.103744267273412,0.75070515447857
"USP9X",0.0328581866059194,0.984952104615951,0.0105843964369043,0.978745080224563,0.0447507331656496,0.909633877358067
"DDX3X",0.104583028084322,0.941719067980704,0.101728656359204,0.809613917200381,0.0681979932452351,0.871346407366659
"CASK",-0.0121936141214779,0.990850390543415,0.0250030619620444,0.973180525785074,0.118886210579597,0.868416651730548
"GPR34",0.0927020621900755,0.969952634197529,0.0484567183412079,0.962866185703775,0.12566866849358,0.869793185908311
"GPR82",0.316571649407162,0.866886249963332,0.234408170337473,0.787639160721717,0.373748432583064,0.562754315836961
"MAOA",0.217440779919227,0.915615419264746,0.162606694007236,0.839806827180451,0.156573351402869,0.848852976435192
"KDM6A",-0.0253930711050621,0.987232790302631,0.0117331404967734,0.980768903450828,0.0372226829934225,0.94260229955405
"MIR222HG",-0.151525658819174,0.903608037062864,-0.109234909091757,0.813747570349955,-0.196884124922808,0.638342318048335
"CHST7",-0.0676701997805217,0.986243996198961,-0.0335978220298028,0.975940010120607,-0.110335736338006,0.92510333939096
"SLC9A7",-0.0661007185178108,0.937120241257205,-0.0394601555420404,0.907995835423185,-0.0462390235945106,0.909013039308803
"RP2",-0.0374583315264453,0.978916937415713,-0.0209336706178936,0.967060239034651,-0.0498800239898286,0.922975067149587
"NDUFB11",0.130869603297084,0.986243996198961,0.183057991811838,0.602584390525497,0.211506700751662,0.560203546352872
"UBA1",0.050079378191866,0.957608581799535,0.033075078243865,0.910792859497578,0.00166942494232867,0.997315950306238
"USP11",0.271683031313059,0.620497879203569,0.221796457036698,0.539909812541728,0.236544313633732,0.468140187860629
"TIMP1",-0.0219704308405494,0.99418593753529,-0.00473519777222889,0.995677986178004,-0.0526732536920646,0.945137784813934
"CFP",-0.03713270393628,0.987955399080789,-0.0335794298412735,0.975940010120607,-0.0956077628217593,0.940686939663035
"UXT",0.00628780194742567,0.997223279837635,0.0203868783154744,0.963632023564318,0.0335010442755428,0.936267582711561
"ZNF81",-0.349632040188361,0.631427909480806,-0.243937602954185,0.672798608978568,-0.27591548154251,0.661047764554629
"SLC38A5",0.349083138199729,0.903608037062864,0.206711780228734,0.865887045284762,0.226832410045458,0.850173416597071
"RBM3",0.108102179998343,0.926058247355641,0.0994878481674252,0.837201784480071,0.113747073633012,0.759954651839089
"WDR13",0.378796933545826,0.620497879203569,0.259586375103487,0.566135177186251,0.328429728076656,0.477953424986133
"WAS",0.0463288778371181,0.962718721338874,0.0632663274134225,0.848123562433291,0.0385138110126654,0.922709833813539
"PCSK1N",-0.749650789294793,0.855006692763517,-0.446089446007989,0.73101121462528,-0.555484863329238,0.676872191446192
"PQBP1",0.0672152881329204,0.932517504073116,0.0866957518644522,0.763121519273086,0.107272002663712,0.745479749789988
"TIMM17B",0.128081481926168,0.969952634197529,0.0598529690130861,0.833312333476619,0.0708336476671834,0.815752332865269
"PRAF2",0.309505224088758,0.862316025596893,0.184620211430214,0.704940213633755,0.284055159769,0.57608720313013
"WDR45",0.141619058181967,0.858670945420424,0.119898889414278,0.750972159388056,0.198208543408689,0.596366488810727
"PLP2",-0.0568641900717377,0.987676987381042,-0.0509102548942224,0.955974194500863,-0.153680453863369,0.76600330151552
"CLCN5",-0.467638590881364,0.620497879203569,-0.297169428958347,0.553304576035132,-0.401324761811003,0.425600504166575
"SHROOM4",-0.78494626706149,0.78216388715191,-0.583296607150677,0.709602197727107,-0.816740221642331,0.534389644897746
"MAGED1",-0.0433283351908861,0.975333653661194,0.00981292982238961,0.982567521584643,-0.0275184421210449,0.970471175880853
"GPR173",-0.869020507723548,0.756024783939142,-0.625425385526669,0.707016966668684,-0.7946079115297,0.485160378591964
"TSPYL2",-0.0696219830396291,0.975727322813314,-0.138324010625778,0.78200548951756,-0.275400195719642,0.56122308555548
"KANTR",-0.264180061187698,0.843597380972485,-0.185184737373344,0.787285299040374,-0.210868001701096,0.767654689061113
"IQSEC2",0.228363833010291,0.722654050853002,0.180931018788774,0.633815202176719,0.209922660587562,0.610364968373009
"SMC1A",0.0908971655800938,0.9117360607865,0.110523036769877,0.726008162470312,0.171922605722277,0.518056166425906
"HSD17B10",0.213533568347663,0.958149966463211,0.217795406389058,0.539909812541728,0.241085887703914,0.454646209978998
"HUWE1",0.0580826371752335,0.915615419264746,0.0344991570557702,0.892452868202711,0.0439160920792279,0.875894520613834
"WNK3",-0.14591971651822,0.964219314381286,-0.0704216252020363,0.961663698018687,-0.113886609069017,0.93660172578249
"TSR2",0.214301813538553,0.748129736295606,0.148866280347512,0.607426835575097,0.155135158068707,0.594301230245286
"MAGED2",0.356027343768224,0.923602803613446,0.26795681980774,0.619039507055099,0.27050286732807,0.646736088217769
"MAGEH1",-0.015453712691287,0.994202951143564,-0.015685782851162,0.978226756643844,-0.0801629151837705,0.88696575298677
"RRAGB",0.0345195189654215,0.975727322813314,0.0407709719172255,0.926495146692989,0.0225786988733198,0.970880275567133
"AL050309.1",-0.505025579792851,0.633461558848371,-0.284107627352316,0.65750952685365,-0.36882292206857,0.593079039716702
"NBDY",-0.009756117158765,0.988098841947966,0.0264977052490612,0.946118977935743,0.0275213080127723,0.937464884225664
"LINC01278",-0.238269531957329,0.743988537519481,-0.159979182580279,0.73101121462528,-0.248857326498284,0.643079817908447
"ARHGEF9",-0.243619828058844,0.773839354078259,-0.169606302310563,0.682769929955018,-0.277843453758317,0.514967444917451
"ZC4H2",-0.0457638314309795,0.986243996198961,0.0217654912770778,0.978003414629088,0.0191684538860667,0.987390510458518
"MSN",0.0729248472483308,0.946978282166981,0.0546768266820215,0.882796185416272,0.0639563813657959,0.851615103190831
"AL034397.3",-0.624945764350887,0.59030874370855,-0.449539122912175,0.539909812541728,-0.520651433869119,0.455729469688749
"VSIG4",0.389932153438603,0.745590386868765,0.326170129230977,0.565951168967911,0.519758237144885,0.307928681666602
"OPHN1",-0.501362060817601,0.615910607717767,-0.314200067856337,0.59186078503092,-0.460879760657473,0.454646209978998
"YIPF6",0.0398052329374025,0.964462552585652,0.0398442487025109,0.906065847573787,0.0423185724945245,0.911696415617216
"EFNB1",-0.0910594102511565,0.986243996198961,-0.184548028539399,0.718987214997375,-0.287800955990587,0.565699562145283
"EDA",-0.416932731053967,0.743641475921582,-0.168084834598397,0.763807426580721,-0.163529244206616,0.802059000518938
"IGBP1",0.216350435591466,0.795440606734161,0.189549635238143,0.655516967718768,0.331039985932204,0.376391918003978
"PDZD11",0.116757349708165,0.956660628690128,0.189956306074216,0.614396075881076,0.291246886854723,0.376391918003978
"IL2RG",0.00904069508449077,0.993039382491997,0.0118607582219087,0.983695951086117,0.049312646578573,0.952219368330894
"NONO",0.0605253304042627,0.937295590475388,0.0442314738909392,0.89427945958319,0.062582187453507,0.85524217122191
"TAF1",-0.124755955396199,0.847164208899954,-0.0789920551136962,0.78200548951756,-0.0715506753337408,0.837505118760973
"OGT",-0.163006479907823,0.834869989317809,-0.125606372858052,0.728626054491622,-0.189844045936411,0.597365886924465
"GCNA",-0.085093512881749,0.954663243024224,-0.0405722109240265,0.950443368715465,-0.128449432138613,0.800759848264319
"CXCR3",0.354750609980817,0.923535871787432,0.231715048076781,0.865887045284762,0.189751996016607,0.88003463546364
"NHSL2",-0.231301258349307,0.920170999728793,-0.180080804100676,0.845608808750541,-0.320462901589993,0.643946550076799
"PIN4",-0.0418731274918442,0.968190410187967,0.0094267683504777,0.978633589800716,0.0256336580937087,0.953288966996308
"RPS4X",0.384869946390066,0.891570953693957,0.28052538345012,0.607426835575097,0.416955015485088,0.361679412238685
"HDAC8",-0.0937263130197176,0.915615419264746,-0.0560399256725642,0.882796185416272,-0.0546488333125239,0.907183109486887
"CHIC1",-0.195026525914852,0.831586301123345,-0.12775547813585,0.787285299040374,-0.176013684598706,0.75070515447857
"TSIX",-0.345002918539128,0.972747459822463,0.0922411945786447,0.972633302354072,0.373168660465224,0.896785969713696
"XIST",-0.0807839451028623,0.992572521146882,0.325956647578756,0.949757741465138,0.697550606575147,0.890809297417327
"FTX",-0.190107328195839,0.848903305816828,-0.125179221669499,0.784794565990796,-0.0796513851694413,0.874739911913299
"JPX",-0.163597054477193,0.891570953693957,-0.0491492741433391,0.934736410546852,-0.00289275320311,0.997422506481971
"RLIM",-0.0909602382790028,0.915615419264746,-0.09048625026047,0.763807426580721,-0.139631295308934,0.6824871277944
"ABCB7",0.0895133230747899,0.919985914487433,0.061408716965877,0.879318949048446,0.0979164480627941,0.802651708789616
"UPRT",0.0137366031313917,0.989020511532505,0.0275354088772709,0.961663698018687,0.0182592089849018,0.977649323251274
"PBDC1",0.327143782337583,0.903608037062864,0.184855182023796,0.640296170376593,0.192446180758415,0.649967003798859
"ATRX",-0.078945749244112,0.932910342509783,-0.0563992153967313,0.879318949048446,-0.0687584902014508,0.834800523327559
"MAGT1",0.0433214105520479,0.975727322813314,0.0420162391537307,0.923108484360897,0.0419505542779534,0.928617999980495
"COX7B",0.0450006514950065,0.988098841947966,0.0314242680915157,0.949757741465138,0.0371602691712925,0.943715624195426
"PGK1",0.335430579884129,0.663401121515774,0.221195692355956,0.539909812541728,0.232857424585925,0.473493734259366
"ITM2A",0.599766644274496,0.871146086444017,0.369277873778031,0.768239292111389,0.345263481542735,0.801143625969714
"BRWD3",-0.0874411644501366,0.912259746037492,-0.0726341350687637,0.826603556802908,-0.104457585809521,0.76214077234056
"SH3BGRL",0.0360627670078419,0.975727322813314,0.0306485156839259,0.94617045595008,0.0581659746908284,0.883327474024775
"HDX",-0.172682833144172,0.847164208899954,-0.0872769944750354,0.833086038015381,-0.125694479059031,0.792241745339718
"CHM",-0.067624230672992,0.946978282166981,-0.0300930837696835,0.954105940970052,0.00520993202833365,0.993877316575288
"DIAPH2",-0.0322686357349454,0.986243996198961,-0.037735087659484,0.932320009271582,-0.0660368611892733,0.868416651730548
"TSPAN6",-0.0382615386058802,0.990850390543415,-0.0630011896263727,0.968099084668931,-0.17045629659077,0.888288515330587
"SRPX2",0.546697133039612,0.845540732817005,0.42186865048743,0.732900498693472,0.361707327507931,0.760440344298506
"SYTL4",-0.620391423007699,0.871706895567762,-0.421790348425034,0.813747570349955,-0.537660021802539,0.675312666289578
"DRP2",-1.25479662425857,0.840467050491297,-0.954868247308504,0.730245999349297,-1.21862987798958,0.625801672813662
"BTK",0.0139102651586046,0.987232790302631,0.0183133435249387,0.961732451996458,0.00063611128892339,0.999155714450675
"RPL36A",0.0169469304106236,0.991594528553645,-0.0591179737722282,0.877318442258331,-0.100334081179607,0.799974621581792
"GLA",0.402450975571092,0.620497879203569,0.29103278001506,0.539909812541728,0.25795445966598,0.532375425977128
"HNRNPH2",0.0459349809773111,0.969952634197529,0.0104275409294274,0.981281389473242,-0.00990635570720251,0.984972267782658
"ARMCX4",-0.396257900718742,0.628215124463658,-0.258694857637498,0.624797919468845,-0.337589261195746,0.536280538719723
"ARMCX1",0.21260273586835,0.909991992195616,0.063997038238902,0.852542483251065,0.0435001103654241,0.921633177647038
"ARMCX6",0.18325578074977,0.78216388715191,0.142408867225257,0.655885041836434,0.152127413891296,0.646736088217769
"ARMCX3",0.104191992773972,0.858670945420424,0.0663027200201049,0.798386759541427,0.0546602061168869,0.868416651730548
"ARMCX2",-0.127000889623316,0.882264046366445,-0.119226881575226,0.728626054491622,-0.203182304263133,0.510146919208901
"ZMAT1",-0.395585598716778,0.59030874370855,-0.289711662642419,0.539909812541728,-0.367102425413324,0.340066857859774
"BEX5",0.0353119724462,0.989701309603352,-0.0103572458872286,0.989648351854567,-0.0220055246271825,0.984095076130832
"ARMCX5-GPRASP2",-0.0448287911445609,0.987060796028084,-0.00721735451997475,0.994111893424054,-0.00158711954203446,0.999155714450675
"BEX1",0.157863485344504,0.972747459822463,0.147742828832173,0.897313193969235,0.0874447935094689,0.942399859775435
"BEX4",0.178797926402489,0.876796771935752,0.152128087501325,0.743182114935525,0.195600437299248,0.661101052133121
"TCEAL8",-0.0443987569944266,0.987676987381042,-0.0553237010541563,0.879318949048446,-0.0771424045487545,0.850173416597071
"TCEAL7",-0.278623395071558,0.945421051661546,-0.202146758766964,0.855616970453911,-0.341090192807672,0.699567128104153
"TCEAL9",-0.113064793390652,0.978916937415713,-0.111990093532131,0.808661139101294,-0.197366066012211,0.646743640939101
"BEX3",-0.243018789687025,0.966712918349758,-0.111452988469391,0.877318442258331,-0.131626711683826,0.859043683670205
"TCEAL4",0.145323588782109,0.964462552585652,0.0235867630310076,0.96277084031199,0.0253962768225139,0.967663675087524
"TCEAL3",0.172293565251741,0.836203256481455,0.135027909285925,0.728626054491622,0.123148593860471,0.794142255410456
"TCEAL1",0.0308836081266581,0.987676987381042,-0.0596938679236811,0.884514195537012,-0.123633874367024,0.751145224801179
"MORF4L2",0.151702055258639,0.897129444505265,0.0694948134047513,0.89555290468384,0.057368447914165,0.932604915803144
"PLP1",-1.19618402741167,0.663974594664865,-0.865893489941213,0.539909812541728,-1.06231608825266,0.364381114006951
"MORC4",-0.137836769717134,0.903608037062864,-0.0438644284834086,0.932320009271582,-0.0449576456585917,0.940021000624202
"RBM41",-0.153999285797155,0.841271683568883,-0.100816939863121,0.787285299040374,-0.107922173536872,0.794982096568494
"TSC22D3",0.164133929014388,0.916794742663761,0.0513734794576641,0.947522425797012,0.0401633321437334,0.963163635851747
"ACSL4",0.0939369315571865,0.916794742663761,0.0364088529891765,0.921322498525649,0.0457825399926684,0.899181418189796
"TMEM164",-0.387374310716288,0.615910607717767,-0.269107024868825,0.565951168967911,-0.408215714820379,0.364381114006951
"AMMECR1",-0.118168276479175,0.923760136581755,-0.0527484002938676,0.938163005316088,-0.0603491653664122,0.93637900575043
"CHRDL1",-0.393819216427216,0.923602803613446,-0.282572644196373,0.811774839500549,-0.418218871382604,0.685511798317414
"ALG13",-0.0504715777996456,0.964462552585652,-0.0102161153188951,0.980444404085137,-0.0333860707910515,0.943978301924551
"XACT",0.00249565428696511,0.999861953973754,-0.114160625841532,0.937627157139003,-0.0563315664574673,0.976901867362516
"PLS3",-0.119349723766049,0.975727322813314,-0.118170326748498,0.915782319260146,-0.194329738305537,0.852402427152772
"DANT2",-0.749630156724069,0.662844876689135,-0.593815563967314,0.6118955526808,-0.688052590158029,0.583665300727162
"WDR44",-0.00732408321923548,0.991150979108258,-0.00439161919306857,0.99159047822418,-0.0284393683824883,0.957032935111442
"DOCK11",-0.0469349930051679,0.969952634197529,-0.049017842888424,0.899684446584915,-0.0102705400147274,0.985208022180155
"IL13RA1",0.0349384290663728,0.972747459822463,0.0134399271427941,0.972626641981822,0.0210100962462462,0.961745091546653
"ZCCHC12",0.0651375078630265,0.987165551409643,0.0216608661569894,0.982377125137908,-0.265639450088465,0.65642344853735
"LONRF3",0.233333001155665,0.912899189083439,0.098953365550249,0.852605899415817,0.0227961849251536,0.976949166476538
"PGRMC1",0.150162104843339,0.969952634197529,0.101879662036845,0.829042790251159,0.114083520278872,0.834800523327559
"SLC25A43",-0.132213369298151,0.943948314842885,-0.0490861671243517,0.958734588994762,0.00660146691497246,0.995773281816741
"SLC25A5",0.219072452522475,0.916339396900937,0.15359013266475,0.707054072340348,0.17577953852104,0.624783605922923
"UBE2A",0.0869501574095438,0.9117360607865,0.0506100445655009,0.885041529327646,0.0100984017628468,0.984146310641431
"SEPTIN6",0.117145305535206,0.912259746037492,0.119815888481798,0.701636166420676,0.123985849035036,0.713479631874497
"RPL39",0.101197761165696,0.983894524124084,-0.0091183635770293,0.982571067916725,-0.0165651001895719,0.979207899684523
"UPF3B",0.0223441376449925,0.986243996198961,0.0129006012405073,0.973528437650212,-0.0236557420784916,0.957032935111442
"NDUFA1",-0.0382834912370347,0.989020511532505,-0.0604545544667265,0.855616970453911,-0.106602838467147,0.761421121087099
"NKAP",0.0616330593276627,0.946978282166981,0.066953414132721,0.832809995674351,0.111248298528069,0.717327599224002
"LAMP2",0.107087380778513,0.958007726819188,-0.0142689603159857,0.972626641981822,-0.00198812311225463,0.997315950306238
"CUL4B",-0.283459037205562,0.620497879203569,-0.228499075191319,0.539909812541728,-0.282729932253314,0.416337165345633
"MCTS1",0.01238941927574,0.987676987381042,0.0269108395286315,0.95050569742153,0.0541762877881511,0.89675635447082
"THOC2",-0.0193635293554841,0.987165551409643,-0.0228728095025174,0.955974194500863,-0.0133890344768193,0.975167068916286
"XIAP",-0.142401086276249,0.790872788088734,-0.100519532702435,0.707016966668684,-0.11343165570315,0.685511798317414
"STAG2",-0.102192118683098,0.891570953693957,-0.0823079430724279,0.791199639106284,-0.127760011901185,0.711211146796972
"SMARCA1",0.15135276668395,0.937120241257205,0.122086574516999,0.865887045284762,0.109152401014178,0.883528995898572
"ZDHHC9",0.0292588773216798,0.987232790302631,0.0154680314366634,0.979555468753244,0.0688175703008411,0.916996650945138
"ENOX2",0.169710272723151,0.903608037062864,0.158516028651249,0.768239292111389,0.280642064536594,0.594301230245286
"RAP2C-AS1",-0.279165824249059,0.684052758618523,-0.156213242435077,0.716374797652566,-0.193297848477959,0.703913696755257
"MBNL3",-0.23888691217175,0.695012064214002,-0.159018247144922,0.680554703992045,-0.161525937815304,0.702430088102267
"GPC4",-0.354629301419377,0.863683229367313,-0.353169804262784,0.682769929955018,-0.533816047823707,0.459587336422672
"GPC3",-1.03311528354788,0.794910857306378,-0.850748805055681,0.65411836897844,-1.16714589695758,0.455729469688749
"PHF6",-0.084395807398481,0.928938171849069,-0.069528349390426,0.865887045284762,-0.0891842341062293,0.848852976435192
"HPRT1",0.199286383490708,0.831586301123345,0.135696287172554,0.756801218738335,0.16962316202559,0.661101052133121
"MIR503HG",-0.517952714027895,0.700731738458386,-0.363425325190117,0.635116598030598,-0.474101989949217,0.462429374103924
"SMIM10",-0.111419022417284,0.978731255112132,-0.0704925996320188,0.951115715798797,-0.117182885189929,0.911255695814631
"RTL8C",-0.0425064037503086,0.987676987381042,-0.0181338409875481,0.96764890379138,-0.044200308663587,0.923674775370953
"RTL8A",0.0303495652130859,0.989701309603352,-0.00898283122310224,0.982567521584643,0.0122878063924244,0.981938514455922
"ZNF75D",-0.12894088953285,0.903608037062864,-0.0845925228935454,0.879318949048446,-0.118889756964443,0.848456156311108
"INTS6L",-0.460803285081282,0.615910607717767,-0.354082362178664,0.539909812541728,-0.51328993009786,0.257964807679234
"FHL1",-0.138972196332533,0.959248300621966,-0.142495254187382,0.877318442258331,-0.0636136274794711,0.950172839490009
"MAP7D3",0.271788107517539,0.674893276948019,0.192753700789958,0.6118955526808,0.187343143947489,0.627561529434102
"HTATSF1",0.214035690580489,0.743988537519481,0.149766329261737,0.655885041836434,0.197279252523903,0.477953424986133
"ARHGEF6",-0.0880755435550205,0.912703941939996,-0.0591293747304914,0.87166764142083,-0.0886211181722261,0.740228469505966
"RBMX",-0.262597950805975,0.743641475921582,-0.19844445982889,0.649331678226707,-0.282650852429218,0.536280538719723
"ATP11C",0.0186412078466542,0.986740807946813,0.0162904724778427,0.963675564531743,0.00727419950146476,0.989103367818447
"LINC00632",-0.60186619272248,0.830709984864686,-0.296989582982898,0.809409034753912,-0.316651436686827,0.702012842855109
"SLITRK2",0.431490751999323,0.937295590475388,0.370540259047945,0.865887045284762,0.341859696360097,0.860203241922161
"IDS",-0.0476305355755113,0.969952634197529,-0.0347725077116263,0.950352759818587,-0.0835610160476707,0.861600338130576
"LINC00894",-0.432280882902838,0.743988537519481,-0.30766582114823,0.707016966668684,-0.374049696156708,0.631383103629534
"MAMLD1",-0.25528642243522,0.937295590475388,-0.160657989108513,0.913030777551584,-0.376451403092968,0.74739760581527
"MTM1",-0.0549272346932322,0.958794079059217,-0.0485019961351399,0.918909460284579,-0.0515016827557191,0.919542522552017
"HMGB3",0.155833987786692,0.975195695221014,0.18606500489623,0.736250818799569,0.248318124683912,0.666696927518615
"VMA21",0.151961245157606,0.934816943280864,0.0615017052803855,0.831585683331886,0.0914082708093279,0.747613075358224
"CETN2",-0.0360708414153496,0.990850390543415,0.056270815987831,0.868346873746697,0.0364821336553875,0.934890182573882
"BGN",-0.0842853814973304,0.987676987381042,-0.193424266559126,0.933850507025293,-0.487422479173089,0.747613075358224
"SLC6A8",0.311898355326086,0.876796771935752,0.106273598973902,0.834495203738699,-0.00462451207489589,0.995386539319373
"BCAP31",0.516601042122195,0.695012064214002,0.299071608623777,0.539909812541728,0.3550028838049,0.396298682889274
"IDH3G",0.411738442358012,0.620497879203569,0.318932901609222,0.539909812541728,0.404914014760546,0.364381114006951
"SSR4",0.150951909958985,0.977922694820062,0.187136928687279,0.6118955526808,0.246149584364633,0.514046956721147
"L1CAM",-0.217903066990758,0.969952634197529,-0.187382785771846,0.921322498525649,-0.278181649366208,0.850332808217821
"ARHGAP4",0.280590041780724,0.743988537519481,0.246280012631967,0.603324674080483,0.216390960552012,0.674363867120955
"NAA10",0.36800162639136,0.620497879203569,0.275515809875565,0.539909812541728,0.318800725571213,0.454646209978998
"RENBP",0.214019208177145,0.847763278066247,0.157014151031617,0.756801218738335,0.185476258499598,0.748961801454769
"IRAK1",0.481537527454868,0.562118039898797,0.337995690726779,0.539909812541728,0.355278260461811,0.406317645003979
"MECP2",0.0793786856398496,0.937295590475388,0.0694551105039416,0.855616970453911,0.06378835751293,0.872214293828511
"FLNA",0.196228548108124,0.946978282166981,0.0646585408302297,0.916199047574657,0.0215380938132177,0.976949166476538
"EMD",0.215683231798333,0.787022388998985,0.174898526479756,0.600950135999603,0.216639826267193,0.455729469688749
"RPL10",0.193548070229764,0.941362866167704,0.124677247455196,0.716776630926897,0.174131550232637,0.583209173018713
"ATP6AP1",0.294937089160147,0.674893276948019,0.14341837501477,0.647778243729206,0.172024029325888,0.617796374397281
"GDI1",0.0397307075250411,0.959248300621966,0.0369623198623206,0.890152476377743,0.0347772051121809,0.914685256526293
"FAM50A",0.296286082976652,0.620497879203569,0.207463671302539,0.565951168967911,0.285007873961956,0.426574974407626
"LAGE3",0.130211067402187,0.976089777202807,0.131137082341174,0.655885041836434,0.16275068474395,0.56203033984372
"G6PD",0.316920867838828,0.633461558848371,0.213282640355059,0.602584390525497,0.259207512709575,0.536280538719723
"GAB3",-0.123818474954453,0.902996184285982,-0.0739943679776479,0.865887045284762,-0.0871830273029824,0.846231544541977
"DKC1",0.207940116563561,0.633461558848371,0.147081467751183,0.602584390525497,0.156932493105282,0.597365886924465
"MPP1",0.40120418283163,0.620497879203569,0.313319317419623,0.539909812541728,0.357349410260163,0.42463556256099
"F8",0.0263765466091899,0.987676987381042,0.0582762996581793,0.932320009271582,0.0423752354721462,0.955504385831616
"FUNDC2",0.26880021604663,0.882264046366445,0.17357990471425,0.597290517013264,0.168984019939549,0.631383103629534
"CMC4",0.0322157670035742,0.987676987381042,0.0313362344210075,0.95050569742153,0.0509494985049352,0.893561731541525
"MTCP1",0.0333469937911591,0.987232790302631,0.0916452989127025,0.933916104645832,-0.0366085468689194,0.977649323251274
"BRCC3",0.0826008705196469,0.903608037062864,0.0661461747284678,0.82631015560339,0.066084246095267,0.848852976435192
"VBP1",0.141639564550708,0.903608037062864,0.0887685026877338,0.826262654925685,0.112552335122901,0.759954651839089
"CLIC2",0.041374839383769,0.986243996198961,-0.0272366929714486,0.963632023564318,-0.0253548560434934,0.973266373092514
"TMLHE-AS1",-0.31297115892283,0.903608037062864,-0.250007487315629,0.850199748065741,-0.327693557210921,0.760440344298506
"TMLHE",0.0371023221119787,0.975333653661194,0.0550584646686229,0.905085305148835,0.061986756318429,0.902643232023022
"RPS4Y1",-1.98716241037909,0.908458190058852,-2.05717806104987,0.820756688134211,-2.44699666272947,0.779378616307891
"ZFY",-1.60784041146994,0.915615419264746,-1.74096563856075,0.813747570349955,-2.0200376138166,0.761421121087099
"LINC00278",-1.7264893956432,0.903608037062864,-1.9550786443869,0.781746921621551,-2.24882901717797,0.733254766467616
"PRKY",-2.14553172899049,0.831586301123345,-2.11076756548883,0.692050352841508,-2.3870506994148,0.596801456598472
"USP9Y",-1.94165509181222,0.871146086444017,-2.04263970363842,0.757215489546486,-2.34048909074729,0.702430088102267
"DDX3Y",-1.90070437789676,0.903608037062864,-2.17998750400064,0.777605663903616,-2.55756700208309,0.737870328721417
"UTY",-1.98219552131387,0.847164208899954,-2.11482039987475,0.728626054491622,-2.39651985701404,0.661311727667947
"NLGN4Y",-1.96675108314092,0.833686082887391,-1.97565965818936,0.675802258135152,-2.18037557034402,0.562754315836961
"AC011751.1",-0.995575698187142,0.925458422228106,-1.14295389786309,0.75395757213358,-1.33332918784871,0.646736088217769
"TTTY14",-1.88304883155585,0.85325053155458,-2.0146770156251,0.73101121462528,-2.28071315492306,0.671725003276423
"MT-ND1",0.239672692301423,0.923535871787432,0.115766303979927,0.871103372434564,0.0839996912989163,0.91093329104767
"MT-ND2",-0.0320767244005633,0.987676987381042,-0.0896262819833629,0.881765771274524,-0.137170989876202,0.821311436180363
"MT-CO1",0.208044726593618,0.917132712636844,0.160088037797305,0.755206261592226,0.0960233319929408,0.876419445342454
"MT-CO2",0.26517576998427,0.906869631745234,0.112411986726726,0.813747570349955,0.091365904058427,0.869793185908311
"MT-ATP8",-0.414610492230855,0.843597380972485,-0.368168470562545,0.682769929955018,-0.500572942324652,0.533803753509296
"MT-ATP6",0.208443085410697,0.933760103374907,0.0793321106309207,0.909187720435598,0.0962053891742205,0.892914964963681
"MT-CO3",0.296416571861379,0.86918309088418,0.152412719850225,0.72093102205063,0.157239519872296,0.740850861189192
"MT-ND3",-0.0710887969829365,0.986243996198961,-0.148797069060271,0.813747570349955,-0.206767533979272,0.728503281016701
"MT-ND4L",-0.0630246716644116,0.987165551409643,-0.115143603254855,0.871103372434564,-0.22095657075286,0.69321545449816
"MT-ND4",0.228140802388532,0.920885507075657,0.0921973657537034,0.882224304734097,0.0655330083563997,0.927834962329026
"MT-ND5",0.0572539433777661,0.984220501986375,0.0235034904854641,0.973180525785074,-0.0106860720406001,0.990420116511119
"MT-ND6",0.175713915534377,0.935853944284842,0.138843947926853,0.877318442258331,0.155276573838271,0.869793185908311
"MT-CYB",0.344475955934383,0.871146086444017,0.171216745367634,0.728626054491622,0.15549150884201,0.792241745339718
"AL592183.1",-0.0472352727704433,0.989588695230066,-0.0387609167873906,0.981281389473242,-0.347396313838743,0.802059000518938
